Copyright 1986-2022 Xilinx, Inc. All Rights Reserved.
-----------------------------------------------------------------------------------------------------
| Tool Version : Vivado v.2022.2 (win64) Build 3671981 Fri Oct 14 05:00:03 MDT 2022
| Date         : Fri May 15 22:40:28 2026
| Host         : LAPTOP-54I1J1D9 running 64-bit major release  (build 9200)
| Command      : report_timing_summary -max_paths 10 -file synth/results_r8_n256/01_synth_timing.rpt
| Design       : ntt_top
| Device       : 7k160t-fbg484
| Speed File   : -2  PRODUCTION 1.12 2017-02-17
-----------------------------------------------------------------------------------------------------

Timing Summary Report

------------------------------------------------------------------------------------------------
| Timer Settings
| --------------
------------------------------------------------------------------------------------------------

  Enable Multi Corner Analysis               :  Yes
  Enable Pessimism Removal                   :  Yes
  Pessimism Removal Resolution               :  Nearest Common Node
  Enable Input Delay Default Clock           :  No
  Enable Preset / Clear Arcs                 :  No
  Disable Flight Delays                      :  No
  Ignore I/O Paths                           :  No
  Timing Early Launch at Borrowing Latches   :  No
  Borrow Time for Max Delay Exceptions       :  Yes
  Merge Timing Exceptions                    :  Yes

  Corner  Analyze    Analyze    
  Name    Max Paths  Min Paths  
  ------  ---------  ---------  
  Slow    Yes        Yes        
  Fast    Yes        Yes        


------------------------------------------------------------------------------------------------
| Report Methodology
| ------------------
------------------------------------------------------------------------------------------------

No report available as report_methodology has not been run prior. Run report_methodology on the current design for the summary of methodology violations.



check_timing report

Table of Contents
-----------------
1. checking no_clock (0)
2. checking constant_clock (0)
3. checking pulse_width_clock (0)
4. checking unconstrained_internal_endpoints (0)
5. checking no_input_delay (36)
6. checking no_output_delay (18)
7. checking multiple_clock (0)
8. checking generated_clocks (0)
9. checking loops (0)
10. checking partial_input_delay (0)
11. checking partial_output_delay (0)
12. checking latch_loops (0)

1. checking no_clock (0)
------------------------
 There are 0 register/latch pins with no clock.


2. checking constant_clock (0)
------------------------------
 There are 0 register/latch pins with constant_clock.


3. checking pulse_width_clock (0)
---------------------------------
 There are 0 register/latch pins which need pulse_width check


4. checking unconstrained_internal_endpoints (0)
------------------------------------------------
 There are 0 pins that are not constrained for maximum delay.

 There are 0 pins that are not constrained for maximum delay due to constant clock.


5. checking no_input_delay (36)
-------------------------------
 There are 36 input ports with no input delay specified. (HIGH)

 There are 0 input ports with no input delay but user has a false path constraint.


6. checking no_output_delay (18)
--------------------------------
 There are 18 ports with no output delay specified. (HIGH)

 There are 0 ports with no output delay but user has a false path constraint

 There are 0 ports with no output delay but with a timing clock defined on it or propagating through it


7. checking multiple_clock (0)
------------------------------
 There are 0 register/latch pins with multiple clocks.


8. checking generated_clocks (0)
--------------------------------
 There are 0 generated clocks that are not connected to a clock source.


9. checking loops (0)
---------------------
 There are 0 combinational loops in the design.


10. checking partial_input_delay (0)
------------------------------------
 There are 0 input ports with partial input delay specified.


11. checking partial_output_delay (0)
-------------------------------------
 There are 0 ports with partial output delay specified.


12. checking latch_loops (0)
----------------------------
 There are 0 combinational latch loops in the design through latch input



------------------------------------------------------------------------------------------------
| Design Timing Summary
| ---------------------
------------------------------------------------------------------------------------------------

    WNS(ns)      TNS(ns)  TNS Failing Endpoints  TNS Total Endpoints      WHS(ns)      THS(ns)  THS Failing Endpoints  THS Total Endpoints     WPWS(ns)     TPWS(ns)  TPWS Failing Endpoints  TPWS Total Endpoints  
    -------      -------  ---------------------  -------------------      -------      -------  ---------------------  -------------------     --------     --------  ----------------------  --------------------  
    -16.743    -5743.725                    994                 4101       -0.013       -0.027                      2                 4101        0.228        0.000                       0                  1605  


Timing constraints are not met.


------------------------------------------------------------------------------------------------
| Clock Summary
| -------------
------------------------------------------------------------------------------------------------

Clock  Waveform(ns)         Period(ns)      Frequency(MHz)
-----  ------------         ----------      --------------
clk    {0.000 1.500}        3.000           333.333         


------------------------------------------------------------------------------------------------
| Intra Clock Table
| -----------------
------------------------------------------------------------------------------------------------

Clock             WNS(ns)      TNS(ns)  TNS Failing Endpoints  TNS Total Endpoints      WHS(ns)      THS(ns)  THS Failing Endpoints  THS Total Endpoints     WPWS(ns)     TPWS(ns)  TPWS Failing Endpoints  TPWS Total Endpoints  
-----             -------      -------  ---------------------  -------------------      -------      -------  ---------------------  -------------------     --------     --------  ----------------------  --------------------  
clk               -16.743    -5743.725                    994                 4101       -0.013       -0.027                      2                 4101        0.228        0.000                       0                  1605  


------------------------------------------------------------------------------------------------
| Inter Clock Table
| -----------------
------------------------------------------------------------------------------------------------

From Clock    To Clock          WNS(ns)      TNS(ns)  TNS Failing Endpoints  TNS Total Endpoints      WHS(ns)      THS(ns)  THS Failing Endpoints  THS Total Endpoints  
----------    --------          -------      -------  ---------------------  -------------------      -------      -------  ---------------------  -------------------  


------------------------------------------------------------------------------------------------
| Other Path Groups Table
| -----------------------
------------------------------------------------------------------------------------------------

Path Group    From Clock    To Clock          WNS(ns)      TNS(ns)  TNS Failing Endpoints  TNS Total Endpoints      WHS(ns)      THS(ns)  THS Failing Endpoints  THS Total Endpoints  
----------    ----------    --------          -------      -------  ---------------------  -------------------      -------      -------  ---------------------  -------------------  


------------------------------------------------------------------------------------------------
| Timing Details
| --------------
------------------------------------------------------------------------------------------------


---------------------------------------------------------------------------------------------------
From Clock:  clk
  To Clock:  clk

Setup :          994  Failing Endpoints,  Worst Slack      -16.743ns,  Total Violation    -5743.725ns
Hold  :            2  Failing Endpoints,  Worst Slack       -0.013ns,  Total Violation       -0.027ns
PW    :            0  Failing Endpoints,  Worst Slack        0.228ns,  Total Violation        0.000ns
---------------------------------------------------------------------------------------------------


Max Delay Paths
--------------------------------------------------------------------------------------
Slack (VIOLATED) :        -16.743ns  (required time - arrival time)
  Source:                 u_ctrl/orig_addrs_reg[3]/C
                            (rising edge-triggered cell FDCE clocked by clk  {rise@0.000ns fall@1.500ns period=3.000ns})
  Destination:            gen_modmul_shared[7].u_mm/product_r_reg/A[0]
                            (rising edge-triggered cell DSP48E1 clocked by clk  {rise@0.000ns fall@1.500ns period=3.000ns})
  Path Group:             clk
  Path Type:              Setup (Max at Slow Process Corner)
  Requirement:            3.000ns  (clk rise@3.000ns - clk rise@0.000ns)
  Data Path Delay:        19.302ns  (logic 4.751ns (24.614%)  route 14.551ns (75.385%))
  Logic Levels:           48  (CARRY4=16 LUT2=3 LUT3=5 LUT4=2 LUT5=2 LUT6=19 RAMD32=1)
  Clock Path Skew:        -0.145ns (DCD - SCD + CPR)
    Destination Clock Delay (DCD):    1.613ns = ( 4.613 - 3.000 ) 
    Source Clock Delay      (SCD):    1.866ns
    Clock Pessimism Removal (CPR):    0.108ns
  Clock Uncertainty:      0.035ns  ((TSJ^2 + TIJ^2)^1/2 + DJ) / 2 + PE
    Total System Jitter     (TSJ):    0.071ns
    Total Input Jitter      (TIJ):    0.000ns
    Discrete Jitter          (DJ):    0.000ns
    Phase Error              (PE):    0.000ns

    Location             Delay type                Incr(ns)  Path(ns)    Netlist Resource(s)
  -------------------------------------------------------------------    -------------------
                         (clock clk rise edge)        0.000     0.000 r  
                                                      0.000     0.000 r  clk (IN)
                         net (fo=0)                   0.000     0.000    clk
                         IBUF (Prop_ibuf_I_O)         0.723     0.723 r  clk_IBUF_inst/O
                         net (fo=1, unplaced)         0.466     1.189    clk_IBUF
                         BUFG (Prop_bufg_I_O)         0.093     1.282 r  clk_IBUF_BUFG_inst/O
                         net (fo=1604, unplaced)      0.584     1.866    clk_IBUF_BUFG
                         FDCE                                         r  u_ctrl/orig_addrs_reg[3]/C
  -------------------------------------------------------------------    -------------------
                         FDCE (Prop_fdce_C_Q)         0.233     2.099 r  u_ctrl/orig_addrs_reg[3]/Q
                         net (fo=14, unplaced)        0.467     2.566    u_ctrl/orig_addrs_reg_n_0_[3]
                         LUT3 (Prop_lut3_I0_O)        0.123     2.689 r  iselect_d1[2]_i_2/O
                         net (fo=8, unplaced)         0.308     2.997    iselect_d1[2]_i_2_n_0
                         LUT6 (Prop_lut6_I0_O)        0.043     3.040 r  ntt_waddr_d1[39]_i_4/O
                         net (fo=40, unplaced)        0.347     3.387    ntt_waddr_d1[39]_i_4_n_0
                         LUT6 (Prop_lut6_I4_O)        0.043     3.430 r  ntt_waddr_d1[31]_i_2/O
                         net (fo=4, unplaced)         0.294     3.724    ntt_waddr_d1[31]_i_2_n_0
                         LUT6 (Prop_lut6_I2_O)        0.043     3.767 r  gen_banks[5].mem_reg_0_31_0_5_i_11/O
                         net (fo=36, unplaced)        0.816     4.583    u_membanks/gen_banks[5].mem_reg_0_31_0_5/ADDRB1
                         RAMD32 (Prop_ramd32_RADR1_O)
                                                      0.043     4.626 f  u_membanks/gen_banks[5].mem_reg_0_31_0_5/RAMB_D1/O
                         net (fo=5, unplaced)         0.770     5.396    bank_dout[173]
                         LUT6 (Prop_lut6_I1_O)        0.043     5.439 f  operands_out_d1[241]_i_2/O
                         net (fo=4, unplaced)         0.431     5.870    operands_out_d1[241]_i_2_n_0
                         LUT3 (Prop_lut3_I0_O)        0.051     5.921 f  operands_out_d1[241]_i_1/O
                         net (fo=5, unplaced)         0.435     6.356    op_lower_119[3]
                         LUT4 (Prop_lut4_I1_O)        0.051     6.407 f  raw_sum_carry_i_29__8/O
                         net (fo=1, unplaced)         0.407     6.814    raw_sum_carry_i_29__8_n_0
                         LUT5 (Prop_lut5_I2_O)        0.043     6.857 f  raw_sum_carry_i_23__18/O
                         net (fo=24, unplaced)        0.806     7.663    raw_sum_carry_i_23__18_n_0
                         LUT5 (Prop_lut5_I3_O)        0.047     7.710 f  raw_sum_carry_i_27__14/O
                         net (fo=18, unplaced)        0.464     8.174    raw_sum_carry_i_27__14_n_0
                         LUT6 (Prop_lut6_I5_O)        0.043     8.217 r  raw_sum_carry_i_12__50/O
                         net (fo=98, unplaced)        0.369     8.586    raw_sum_carry_i_12__50_n_0
                         LUT3 (Prop_lut3_I2_O)        0.043     8.629 r  raw_sum_carry_i_7__24/O
                         net (fo=1, unplaced)         0.000     8.629    raw_sum_carry_i_7__24_n_0
                         CARRY4 (Prop_carry4_S[1]_CO[3])
                                                      0.256     8.885 r  gen_r2intt_r8.u_r2intt8/gen_full_s0[3].u_bf/u_sub/add_inst/raw_sum_carry/CO[3]
                         net (fo=1, unplaced)         0.007     8.892    gen_r2intt_r8.u_r2intt8/gen_full_s0[3].u_bf/u_sub/add_inst/raw_sum_carry_n_0
                         CARRY4 (Prop_carry4_CI_O[1])
                                                      0.173     9.065 r  gen_r2intt_r8.u_r2intt8/gen_full_s0[3].u_bf/u_sub/add_inst/raw_sum_carry__0/O[1]
                         net (fo=1, unplaced)         0.386     9.451    gen_r2intt_r8.u_r2intt8/gen_full_s0[3].u_bf/u_sub/add_inst/raw_sum_carry__0_n_6
                         CARRY4 (Prop_carry4_S[1]_CO[3])
                                                      0.381     9.832 r  raw_sum_carry_i_23__6/CO[3]
                         net (fo=1, unplaced)         0.000     9.832    raw_sum_carry_i_23__6_n_0
                         CARRY4 (Prop_carry4_CI_O[3])
                                                      0.157     9.989 r  raw_sum_carry_i_22__5/O[3]
                         net (fo=2, unplaced)         0.505    10.494    gen_r2intt_r8.u_r2intt8/gen_full_s0[3].u_bf/reduced[11]
                         LUT6 (Prop_lut6_I5_O)        0.120    10.614 r  raw_sum_carry_i_37__0/O
                         net (fo=2, unplaced)         0.281    10.895    raw_sum_carry_i_37__0_n_0
                         LUT6 (Prop_lut6_I2_O)        0.043    10.938 r  raw_sum_carry_i_29__7/O
                         net (fo=1, unplaced)         0.742    11.680    raw_sum_carry_i_29__7_n_0
                         LUT6 (Prop_lut6_I1_O)        0.043    11.723 r  raw_sum_carry_i_20__7/O
                         net (fo=1, unplaced)         0.407    12.130    raw_sum_carry_i_20__7_n_0
                         LUT6 (Prop_lut6_I4_O)        0.043    12.173 r  raw_sum_carry_i_7__31/O
                         net (fo=1, unplaced)         0.270    12.443    raw_sum_carry_i_7__31_n_0
                         LUT6 (Prop_lut6_I0_O)        0.043    12.486 r  raw_sum_carry_i_5__33/O
                         net (fo=42, unplaced)        0.348    12.834    raw_sum_carry_i_5__33_n_0
                         LUT2 (Prop_lut2_I0_O)        0.043    12.877 r  raw_sum_carry__1_i_5__26/O
                         net (fo=4, unplaced)         0.294    13.171    gen_r2intt_r8.u_r2intt8/gen_full_s1_b[1].gen_full_s1_g[1].u_bf/in2[11]
                         LUT3 (Prop_lut3_I2_O)        0.043    13.214 r  raw_sum_carry__1_i_1__35/O
                         net (fo=1, unplaced)         0.000    13.214    raw_sum_carry__1_i_1__35_n_0
                         CARRY4 (Prop_carry4_S[3]_CO[3])
                                                      0.180    13.394 r  gen_r2intt_r8.u_r2intt8/gen_full_s1_b[1].gen_full_s1_g[1].u_bf/u_sub/add_inst/raw_sum_carry__1/CO[3]
                         net (fo=1, unplaced)         0.000    13.394    gen_r2intt_r8.u_r2intt8/gen_full_s1_b[1].gen_full_s1_g[1].u_bf/u_sub/add_inst/raw_sum_carry__1_n_0
                         CARRY4 (Prop_carry4_CI_CO[3])
                                                      0.054    13.448 r  gen_r2intt_r8.u_r2intt8/gen_full_s1_b[1].gen_full_s1_g[1].u_bf/u_sub/add_inst/raw_sum_carry__2/CO[3]
                         net (fo=1, unplaced)         0.000    13.448    gen_r2intt_r8.u_r2intt8/gen_full_s1_b[1].gen_full_s1_g[1].u_bf/u_sub/add_inst/raw_sum_carry__2_n_0
                         CARRY4 (Prop_carry4_CI_O[0])
                                                      0.114    13.562 r  gen_r2intt_r8.u_r2intt8/gen_full_s1_b[1].gen_full_s1_g[1].u_bf/u_sub/add_inst/raw_sum_carry__3/O[0]
                         net (fo=1, unplaced)         0.191    13.753    gen_r2intt_r8.u_r2intt8/gen_full_s1_b[1].gen_full_s1_g[1].u_bf/u_sub/add_inst/raw_sum_carry__3_n_7
                         LUT2 (Prop_lut2_I1_O)        0.123    13.876 r  raw_sum_carry__0_i_18__0/O
                         net (fo=1, unplaced)         0.000    13.876    raw_sum_carry__0_i_18__0_n_0
                         CARRY4 (Prop_carry4_S[0]_CO[3])
                                                      0.246    14.122 r  raw_sum_carry__0_i_16__2/CO[3]
                         net (fo=1, unplaced)         0.007    14.129    raw_sum_carry__0_i_16__2_n_0
                         CARRY4 (Prop_carry4_CI_O[3])
                                                      0.157    14.286 f  raw_sum_carry__1_i_16__4/O[3]
                         net (fo=2, unplaced)         0.505    14.791    raw_sum_carry__1_i_16__4_n_4
                         LUT6 (Prop_lut6_I5_O)        0.120    14.911 f  raw_sum_carry__2_i_14__14/O
                         net (fo=9, unplaced)         0.283    15.194    gen_r2intt_r8.u_r2intt8/s1_full[7][14]
                         LUT4 (Prop_lut4_I2_O)        0.051    15.245 r  raw_sum_carry_i_24__11/O
                         net (fo=11, unplaced)        0.788    16.033    raw_sum_carry_i_24__11_n_0
                         LUT6 (Prop_lut6_I1_O)        0.043    16.076 f  raw_sum_carry_i_13__35/O
                         net (fo=1, unplaced)         0.742    16.818    raw_sum_carry_i_13__35_n_0
                         LUT6 (Prop_lut6_I0_O)        0.043    16.861 r  raw_sum_carry_i_6__39/O
                         net (fo=36, unplaced)        0.344    17.205    raw_sum_carry_i_6__39_n_0
                         LUT3 (Prop_lut3_I1_O)        0.043    17.248 r  raw_sum_carry_i_4__57/O
                         net (fo=1, unplaced)         0.000    17.248    raw_sum_carry_i_4__57_n_0
                         CARRY4 (Prop_carry4_S[0]_CO[3])
                                                      0.246    17.494 r  gen_r2intt_r8.u_r2intt8/gen_full_s2[3].u_bf/u_sub/add_inst/raw_sum_carry/CO[3]
                         net (fo=1, unplaced)         0.007    17.501    gen_r2intt_r8.u_r2intt8/gen_full_s2[3].u_bf/u_sub/add_inst/raw_sum_carry_n_0
                         CARRY4 (Prop_carry4_CI_CO[3])
                                                      0.054    17.555 r  gen_r2intt_r8.u_r2intt8/gen_full_s2[3].u_bf/u_sub/add_inst/raw_sum_carry__0/CO[3]
                         net (fo=1, unplaced)         0.000    17.555    gen_r2intt_r8.u_r2intt8/gen_full_s2[3].u_bf/u_sub/add_inst/raw_sum_carry__0_n_0
                         CARRY4 (Prop_carry4_CI_CO[3])
                                                      0.054    17.609 r  gen_r2intt_r8.u_r2intt8/gen_full_s2[3].u_bf/u_sub/add_inst/raw_sum_carry__1/CO[3]
                         net (fo=1, unplaced)         0.000    17.609    gen_r2intt_r8.u_r2intt8/gen_full_s2[3].u_bf/u_sub/add_inst/raw_sum_carry__1_n_0
                         CARRY4 (Prop_carry4_CI_CO[3])
                                                      0.054    17.663 r  gen_r2intt_r8.u_r2intt8/gen_full_s2[3].u_bf/u_sub/add_inst/raw_sum_carry__2/CO[3]
                         net (fo=1, unplaced)         0.000    17.663    gen_r2intt_r8.u_r2intt8/gen_full_s2[3].u_bf/u_sub/add_inst/raw_sum_carry__2_n_0
                         CARRY4 (Prop_carry4_CI_O[0])
                                                      0.114    17.777 r  gen_r2intt_r8.u_r2intt8/gen_full_s2[3].u_bf/u_sub/add_inst/raw_sum_carry__3/O[0]
                         net (fo=1, unplaced)         0.191    17.968    gen_r2intt_r8.u_r2intt8/gen_full_s2[3].u_bf/u_sub/add_inst/raw_sum_carry__3_n_7
                         LUT2 (Prop_lut2_I1_O)        0.123    18.091 r  out0_carry_i_35__2/O
                         net (fo=1, unplaced)         0.000    18.091    out0_carry_i_35__2_n_0
                         CARRY4 (Prop_carry4_S[0]_CO[3])
                                                      0.246    18.337 r  out0_carry_i_19__6/CO[3]
                         net (fo=1, unplaced)         0.007    18.344    out0_carry_i_19__6_n_0
                         CARRY4 (Prop_carry4_CI_O[3])
                                                      0.157    18.501 r  out0_carry_i_23__0/O[3]
                         net (fo=2, unplaced)         0.505    19.006    out0_carry_i_23__0_n_4
                         LUT6 (Prop_lut6_I5_O)        0.120    19.126 r  out0_carry__2_i_29__2/O
                         net (fo=1, unplaced)         0.270    19.396    out0_carry__2_i_29__2_n_0
                         LUT6 (Prop_lut6_I2_O)        0.043    19.439 r  out0_carry__2_i_23__5/O
                         net (fo=1, unplaced)         0.242    19.681    out0_carry__2_i_23__5_n_0
                         LUT6 (Prop_lut6_I5_O)        0.043    19.724 r  out0_carry__2_i_12__4/O
                         net (fo=2, unplaced)         0.253    19.977    out0_carry__2_i_12__4_n_0
                         LUT6 (Prop_lut6_I4_O)        0.043    20.020 r  gen_r2intt_r8.u_r2intt8/product_r_reg_i_57__1/O
                         net (fo=1, unplaced)         0.270    20.290    intt_d1_out[134]
                         LUT6 (Prop_lut6_I3_O)        0.043    20.333 r  product_r_reg_i_37__3/O
                         net (fo=17, unplaced)        0.326    20.659    product_r_reg_i_37__3_n_0
                         LUT6 (Prop_lut6_I4_O)        0.043    20.702 r  product_r_reg_i_34__6/O
                         net (fo=1, unplaced)         0.466    21.168    mm_in_a[119]
                         DSP48E1                                      r  gen_modmul_shared[7].u_mm/product_r_reg/A[0]
  -------------------------------------------------------------------    -------------------

                         (clock clk rise edge)        3.000     3.000 r  
                                                      0.000     3.000 r  clk (IN)
                         net (fo=0)                   0.000     3.000    clk
                         IBUF (Prop_ibuf_I_O)         0.649     3.649 r  clk_IBUF_inst/O
                         net (fo=1, unplaced)         0.442     4.091    clk_IBUF
                         BUFG (Prop_bufg_I_O)         0.083     4.174 r  clk_IBUF_BUFG_inst/O
                         net (fo=1604, unplaced)      0.439     4.613    clk_IBUF_BUFG
                         DSP48E1                                      r  gen_modmul_shared[7].u_mm/product_r_reg/CLK
                         clock pessimism              0.108     4.721    
                         clock uncertainty           -0.035     4.686    
                         DSP48E1 (Setup_dsp48e1_CLK_A[0])
                                                     -0.261     4.425    gen_modmul_shared[7].u_mm/product_r_reg
  -------------------------------------------------------------------
                         required time                          4.425    
                         arrival time                         -21.168    
  -------------------------------------------------------------------
                         slack                                -16.743    

Slack (VIOLATED) :        -16.743ns  (required time - arrival time)
  Source:                 u_ctrl/orig_addrs_reg[3]/C
                            (rising edge-triggered cell FDCE clocked by clk  {rise@0.000ns fall@1.500ns period=3.000ns})
  Destination:            gen_modmul_shared[7].u_mm/product_r_reg/A[10]
                            (rising edge-triggered cell DSP48E1 clocked by clk  {rise@0.000ns fall@1.500ns period=3.000ns})
  Path Group:             clk
  Path Type:              Setup (Max at Slow Process Corner)
  Requirement:            3.000ns  (clk rise@3.000ns - clk rise@0.000ns)
  Data Path Delay:        19.302ns  (logic 4.751ns (24.614%)  route 14.551ns (75.385%))
  Logic Levels:           48  (CARRY4=16 LUT2=3 LUT3=5 LUT4=2 LUT5=2 LUT6=19 RAMD32=1)
  Clock Path Skew:        -0.145ns (DCD - SCD + CPR)
    Destination Clock Delay (DCD):    1.613ns = ( 4.613 - 3.000 ) 
    Source Clock Delay      (SCD):    1.866ns
    Clock Pessimism Removal (CPR):    0.108ns
  Clock Uncertainty:      0.035ns  ((TSJ^2 + TIJ^2)^1/2 + DJ) / 2 + PE
    Total System Jitter     (TSJ):    0.071ns
    Total Input Jitter      (TIJ):    0.000ns
    Discrete Jitter          (DJ):    0.000ns
    Phase Error              (PE):    0.000ns

    Location             Delay type                Incr(ns)  Path(ns)    Netlist Resource(s)
  -------------------------------------------------------------------    -------------------
                         (clock clk rise edge)        0.000     0.000 r  
                                                      0.000     0.000 r  clk (IN)
                         net (fo=0)                   0.000     0.000    clk
                         IBUF (Prop_ibuf_I_O)         0.723     0.723 r  clk_IBUF_inst/O
                         net (fo=1, unplaced)         0.466     1.189    clk_IBUF
                         BUFG (Prop_bufg_I_O)         0.093     1.282 r  clk_IBUF_BUFG_inst/O
                         net (fo=1604, unplaced)      0.584     1.866    clk_IBUF_BUFG
                         FDCE                                         r  u_ctrl/orig_addrs_reg[3]/C
  -------------------------------------------------------------------    -------------------
                         FDCE (Prop_fdce_C_Q)         0.233     2.099 r  u_ctrl/orig_addrs_reg[3]/Q
                         net (fo=14, unplaced)        0.467     2.566    u_ctrl/orig_addrs_reg_n_0_[3]
                         LUT3 (Prop_lut3_I0_O)        0.123     2.689 r  iselect_d1[2]_i_2/O
                         net (fo=8, unplaced)         0.308     2.997    iselect_d1[2]_i_2_n_0
                         LUT6 (Prop_lut6_I0_O)        0.043     3.040 r  ntt_waddr_d1[39]_i_4/O
                         net (fo=40, unplaced)        0.347     3.387    ntt_waddr_d1[39]_i_4_n_0
                         LUT6 (Prop_lut6_I4_O)        0.043     3.430 r  ntt_waddr_d1[31]_i_2/O
                         net (fo=4, unplaced)         0.294     3.724    ntt_waddr_d1[31]_i_2_n_0
                         LUT6 (Prop_lut6_I2_O)        0.043     3.767 r  gen_banks[5].mem_reg_0_31_0_5_i_11/O
                         net (fo=36, unplaced)        0.816     4.583    u_membanks/gen_banks[5].mem_reg_0_31_0_5/ADDRB1
                         RAMD32 (Prop_ramd32_RADR1_O)
                                                      0.043     4.626 f  u_membanks/gen_banks[5].mem_reg_0_31_0_5/RAMB_D1/O
                         net (fo=5, unplaced)         0.770     5.396    bank_dout[173]
                         LUT6 (Prop_lut6_I1_O)        0.043     5.439 f  operands_out_d1[241]_i_2/O
                         net (fo=4, unplaced)         0.431     5.870    operands_out_d1[241]_i_2_n_0
                         LUT3 (Prop_lut3_I0_O)        0.051     5.921 f  operands_out_d1[241]_i_1/O
                         net (fo=5, unplaced)         0.435     6.356    op_lower_119[3]
                         LUT4 (Prop_lut4_I1_O)        0.051     6.407 f  raw_sum_carry_i_29__8/O
                         net (fo=1, unplaced)         0.407     6.814    raw_sum_carry_i_29__8_n_0
                         LUT5 (Prop_lut5_I2_O)        0.043     6.857 f  raw_sum_carry_i_23__18/O
                         net (fo=24, unplaced)        0.806     7.663    raw_sum_carry_i_23__18_n_0
                         LUT5 (Prop_lut5_I3_O)        0.047     7.710 f  raw_sum_carry_i_27__14/O
                         net (fo=18, unplaced)        0.464     8.174    raw_sum_carry_i_27__14_n_0
                         LUT6 (Prop_lut6_I5_O)        0.043     8.217 r  raw_sum_carry_i_12__50/O
                         net (fo=98, unplaced)        0.369     8.586    raw_sum_carry_i_12__50_n_0
                         LUT3 (Prop_lut3_I2_O)        0.043     8.629 r  raw_sum_carry_i_7__24/O
                         net (fo=1, unplaced)         0.000     8.629    raw_sum_carry_i_7__24_n_0
                         CARRY4 (Prop_carry4_S[1]_CO[3])
                                                      0.256     8.885 r  gen_r2intt_r8.u_r2intt8/gen_full_s0[3].u_bf/u_sub/add_inst/raw_sum_carry/CO[3]
                         net (fo=1, unplaced)         0.007     8.892    gen_r2intt_r8.u_r2intt8/gen_full_s0[3].u_bf/u_sub/add_inst/raw_sum_carry_n_0
                         CARRY4 (Prop_carry4_CI_O[1])
                                                      0.173     9.065 r  gen_r2intt_r8.u_r2intt8/gen_full_s0[3].u_bf/u_sub/add_inst/raw_sum_carry__0/O[1]
                         net (fo=1, unplaced)         0.386     9.451    gen_r2intt_r8.u_r2intt8/gen_full_s0[3].u_bf/u_sub/add_inst/raw_sum_carry__0_n_6
                         CARRY4 (Prop_carry4_S[1]_CO[3])
                                                      0.381     9.832 r  raw_sum_carry_i_23__6/CO[3]
                         net (fo=1, unplaced)         0.000     9.832    raw_sum_carry_i_23__6_n_0
                         CARRY4 (Prop_carry4_CI_O[3])
                                                      0.157     9.989 r  raw_sum_carry_i_22__5/O[3]
                         net (fo=2, unplaced)         0.505    10.494    gen_r2intt_r8.u_r2intt8/gen_full_s0[3].u_bf/reduced[11]
                         LUT6 (Prop_lut6_I5_O)        0.120    10.614 r  raw_sum_carry_i_37__0/O
                         net (fo=2, unplaced)         0.281    10.895    raw_sum_carry_i_37__0_n_0
                         LUT6 (Prop_lut6_I2_O)        0.043    10.938 r  raw_sum_carry_i_29__7/O
                         net (fo=1, unplaced)         0.742    11.680    raw_sum_carry_i_29__7_n_0
                         LUT6 (Prop_lut6_I1_O)        0.043    11.723 r  raw_sum_carry_i_20__7/O
                         net (fo=1, unplaced)         0.407    12.130    raw_sum_carry_i_20__7_n_0
                         LUT6 (Prop_lut6_I4_O)        0.043    12.173 r  raw_sum_carry_i_7__31/O
                         net (fo=1, unplaced)         0.270    12.443    raw_sum_carry_i_7__31_n_0
                         LUT6 (Prop_lut6_I0_O)        0.043    12.486 r  raw_sum_carry_i_5__33/O
                         net (fo=42, unplaced)        0.348    12.834    raw_sum_carry_i_5__33_n_0
                         LUT2 (Prop_lut2_I0_O)        0.043    12.877 r  raw_sum_carry__1_i_5__26/O
                         net (fo=4, unplaced)         0.294    13.171    gen_r2intt_r8.u_r2intt8/gen_full_s1_b[1].gen_full_s1_g[1].u_bf/in2[11]
                         LUT3 (Prop_lut3_I2_O)        0.043    13.214 r  raw_sum_carry__1_i_1__35/O
                         net (fo=1, unplaced)         0.000    13.214    raw_sum_carry__1_i_1__35_n_0
                         CARRY4 (Prop_carry4_S[3]_CO[3])
                                                      0.180    13.394 r  gen_r2intt_r8.u_r2intt8/gen_full_s1_b[1].gen_full_s1_g[1].u_bf/u_sub/add_inst/raw_sum_carry__1/CO[3]
                         net (fo=1, unplaced)         0.000    13.394    gen_r2intt_r8.u_r2intt8/gen_full_s1_b[1].gen_full_s1_g[1].u_bf/u_sub/add_inst/raw_sum_carry__1_n_0
                         CARRY4 (Prop_carry4_CI_CO[3])
                                                      0.054    13.448 r  gen_r2intt_r8.u_r2intt8/gen_full_s1_b[1].gen_full_s1_g[1].u_bf/u_sub/add_inst/raw_sum_carry__2/CO[3]
                         net (fo=1, unplaced)         0.000    13.448    gen_r2intt_r8.u_r2intt8/gen_full_s1_b[1].gen_full_s1_g[1].u_bf/u_sub/add_inst/raw_sum_carry__2_n_0
                         CARRY4 (Prop_carry4_CI_O[0])
                                                      0.114    13.562 r  gen_r2intt_r8.u_r2intt8/gen_full_s1_b[1].gen_full_s1_g[1].u_bf/u_sub/add_inst/raw_sum_carry__3/O[0]
                         net (fo=1, unplaced)         0.191    13.753    gen_r2intt_r8.u_r2intt8/gen_full_s1_b[1].gen_full_s1_g[1].u_bf/u_sub/add_inst/raw_sum_carry__3_n_7
                         LUT2 (Prop_lut2_I1_O)        0.123    13.876 r  raw_sum_carry__0_i_18__0/O
                         net (fo=1, unplaced)         0.000    13.876    raw_sum_carry__0_i_18__0_n_0
                         CARRY4 (Prop_carry4_S[0]_CO[3])
                                                      0.246    14.122 r  raw_sum_carry__0_i_16__2/CO[3]
                         net (fo=1, unplaced)         0.007    14.129    raw_sum_carry__0_i_16__2_n_0
                         CARRY4 (Prop_carry4_CI_O[3])
                                                      0.157    14.286 f  raw_sum_carry__1_i_16__4/O[3]
                         net (fo=2, unplaced)         0.505    14.791    raw_sum_carry__1_i_16__4_n_4
                         LUT6 (Prop_lut6_I5_O)        0.120    14.911 f  raw_sum_carry__2_i_14__14/O
                         net (fo=9, unplaced)         0.283    15.194    gen_r2intt_r8.u_r2intt8/s1_full[7][14]
                         LUT4 (Prop_lut4_I2_O)        0.051    15.245 r  raw_sum_carry_i_24__11/O
                         net (fo=11, unplaced)        0.788    16.033    raw_sum_carry_i_24__11_n_0
                         LUT6 (Prop_lut6_I1_O)        0.043    16.076 f  raw_sum_carry_i_13__35/O
                         net (fo=1, unplaced)         0.742    16.818    raw_sum_carry_i_13__35_n_0
                         LUT6 (Prop_lut6_I0_O)        0.043    16.861 r  raw_sum_carry_i_6__39/O
                         net (fo=36, unplaced)        0.344    17.205    raw_sum_carry_i_6__39_n_0
                         LUT3 (Prop_lut3_I1_O)        0.043    17.248 r  raw_sum_carry_i_4__57/O
                         net (fo=1, unplaced)         0.000    17.248    raw_sum_carry_i_4__57_n_0
                         CARRY4 (Prop_carry4_S[0]_CO[3])
                                                      0.246    17.494 r  gen_r2intt_r8.u_r2intt8/gen_full_s2[3].u_bf/u_sub/add_inst/raw_sum_carry/CO[3]
                         net (fo=1, unplaced)         0.007    17.501    gen_r2intt_r8.u_r2intt8/gen_full_s2[3].u_bf/u_sub/add_inst/raw_sum_carry_n_0
                         CARRY4 (Prop_carry4_CI_CO[3])
                                                      0.054    17.555 r  gen_r2intt_r8.u_r2intt8/gen_full_s2[3].u_bf/u_sub/add_inst/raw_sum_carry__0/CO[3]
                         net (fo=1, unplaced)         0.000    17.555    gen_r2intt_r8.u_r2intt8/gen_full_s2[3].u_bf/u_sub/add_inst/raw_sum_carry__0_n_0
                         CARRY4 (Prop_carry4_CI_CO[3])
                                                      0.054    17.609 r  gen_r2intt_r8.u_r2intt8/gen_full_s2[3].u_bf/u_sub/add_inst/raw_sum_carry__1/CO[3]
                         net (fo=1, unplaced)         0.000    17.609    gen_r2intt_r8.u_r2intt8/gen_full_s2[3].u_bf/u_sub/add_inst/raw_sum_carry__1_n_0
                         CARRY4 (Prop_carry4_CI_CO[3])
                                                      0.054    17.663 r  gen_r2intt_r8.u_r2intt8/gen_full_s2[3].u_bf/u_sub/add_inst/raw_sum_carry__2/CO[3]
                         net (fo=1, unplaced)         0.000    17.663    gen_r2intt_r8.u_r2intt8/gen_full_s2[3].u_bf/u_sub/add_inst/raw_sum_carry__2_n_0
                         CARRY4 (Prop_carry4_CI_O[0])
                                                      0.114    17.777 r  gen_r2intt_r8.u_r2intt8/gen_full_s2[3].u_bf/u_sub/add_inst/raw_sum_carry__3/O[0]
                         net (fo=1, unplaced)         0.191    17.968    gen_r2intt_r8.u_r2intt8/gen_full_s2[3].u_bf/u_sub/add_inst/raw_sum_carry__3_n_7
                         LUT2 (Prop_lut2_I1_O)        0.123    18.091 r  out0_carry_i_35__2/O
                         net (fo=1, unplaced)         0.000    18.091    out0_carry_i_35__2_n_0
                         CARRY4 (Prop_carry4_S[0]_CO[3])
                                                      0.246    18.337 r  out0_carry_i_19__6/CO[3]
                         net (fo=1, unplaced)         0.007    18.344    out0_carry_i_19__6_n_0
                         CARRY4 (Prop_carry4_CI_O[3])
                                                      0.157    18.501 r  out0_carry_i_23__0/O[3]
                         net (fo=2, unplaced)         0.505    19.006    out0_carry_i_23__0_n_4
                         LUT6 (Prop_lut6_I5_O)        0.120    19.126 r  out0_carry__2_i_29__2/O
                         net (fo=1, unplaced)         0.270    19.396    out0_carry__2_i_29__2_n_0
                         LUT6 (Prop_lut6_I2_O)        0.043    19.439 r  out0_carry__2_i_23__5/O
                         net (fo=1, unplaced)         0.242    19.681    out0_carry__2_i_23__5_n_0
                         LUT6 (Prop_lut6_I5_O)        0.043    19.724 r  out0_carry__2_i_12__4/O
                         net (fo=2, unplaced)         0.253    19.977    out0_carry__2_i_12__4_n_0
                         LUT6 (Prop_lut6_I4_O)        0.043    20.020 r  gen_r2intt_r8.u_r2intt8/product_r_reg_i_57__1/O
                         net (fo=1, unplaced)         0.270    20.290    intt_d1_out[134]
                         LUT6 (Prop_lut6_I3_O)        0.043    20.333 r  product_r_reg_i_37__3/O
                         net (fo=17, unplaced)        0.326    20.659    product_r_reg_i_37__3_n_0
                         LUT6 (Prop_lut6_I5_O)        0.043    20.702 r  product_r_reg_i_24__6/O
                         net (fo=1, unplaced)         0.466    21.168    mm_in_a[129]
                         DSP48E1                                      r  gen_modmul_shared[7].u_mm/product_r_reg/A[10]
  -------------------------------------------------------------------    -------------------

                         (clock clk rise edge)        3.000     3.000 r  
                                                      0.000     3.000 r  clk (IN)
                         net (fo=0)                   0.000     3.000    clk
                         IBUF (Prop_ibuf_I_O)         0.649     3.649 r  clk_IBUF_inst/O
                         net (fo=1, unplaced)         0.442     4.091    clk_IBUF
                         BUFG (Prop_bufg_I_O)         0.083     4.174 r  clk_IBUF_BUFG_inst/O
                         net (fo=1604, unplaced)      0.439     4.613    clk_IBUF_BUFG
                         DSP48E1                                      r  gen_modmul_shared[7].u_mm/product_r_reg/CLK
                         clock pessimism              0.108     4.721    
                         clock uncertainty           -0.035     4.686    
                         DSP48E1 (Setup_dsp48e1_CLK_A[10])
                                                     -0.261     4.425    gen_modmul_shared[7].u_mm/product_r_reg
  -------------------------------------------------------------------
                         required time                          4.425    
                         arrival time                         -21.168    
  -------------------------------------------------------------------
                         slack                                -16.743    

Slack (VIOLATED) :        -16.743ns  (required time - arrival time)
  Source:                 u_ctrl/orig_addrs_reg[3]/C
                            (rising edge-triggered cell FDCE clocked by clk  {rise@0.000ns fall@1.500ns period=3.000ns})
  Destination:            gen_modmul_shared[7].u_mm/product_r_reg/A[11]
                            (rising edge-triggered cell DSP48E1 clocked by clk  {rise@0.000ns fall@1.500ns period=3.000ns})
  Path Group:             clk
  Path Type:              Setup (Max at Slow Process Corner)
  Requirement:            3.000ns  (clk rise@3.000ns - clk rise@0.000ns)
  Data Path Delay:        19.302ns  (logic 4.751ns (24.614%)  route 14.551ns (75.385%))
  Logic Levels:           48  (CARRY4=16 LUT2=3 LUT3=5 LUT4=2 LUT5=2 LUT6=19 RAMD32=1)
  Clock Path Skew:        -0.145ns (DCD - SCD + CPR)
    Destination Clock Delay (DCD):    1.613ns = ( 4.613 - 3.000 ) 
    Source Clock Delay      (SCD):    1.866ns
    Clock Pessimism Removal (CPR):    0.108ns
  Clock Uncertainty:      0.035ns  ((TSJ^2 + TIJ^2)^1/2 + DJ) / 2 + PE
    Total System Jitter     (TSJ):    0.071ns
    Total Input Jitter      (TIJ):    0.000ns
    Discrete Jitter          (DJ):    0.000ns
    Phase Error              (PE):    0.000ns

    Location             Delay type                Incr(ns)  Path(ns)    Netlist Resource(s)
  -------------------------------------------------------------------    -------------------
                         (clock clk rise edge)        0.000     0.000 r  
                                                      0.000     0.000 r  clk (IN)
                         net (fo=0)                   0.000     0.000    clk
                         IBUF (Prop_ibuf_I_O)         0.723     0.723 r  clk_IBUF_inst/O
                         net (fo=1, unplaced)         0.466     1.189    clk_IBUF
                         BUFG (Prop_bufg_I_O)         0.093     1.282 r  clk_IBUF_BUFG_inst/O
                         net (fo=1604, unplaced)      0.584     1.866    clk_IBUF_BUFG
                         FDCE                                         r  u_ctrl/orig_addrs_reg[3]/C
  -------------------------------------------------------------------    -------------------
                         FDCE (Prop_fdce_C_Q)         0.233     2.099 r  u_ctrl/orig_addrs_reg[3]/Q
                         net (fo=14, unplaced)        0.467     2.566    u_ctrl/orig_addrs_reg_n_0_[3]
                         LUT3 (Prop_lut3_I0_O)        0.123     2.689 r  iselect_d1[2]_i_2/O
                         net (fo=8, unplaced)         0.308     2.997    iselect_d1[2]_i_2_n_0
                         LUT6 (Prop_lut6_I0_O)        0.043     3.040 r  ntt_waddr_d1[39]_i_4/O
                         net (fo=40, unplaced)        0.347     3.387    ntt_waddr_d1[39]_i_4_n_0
                         LUT6 (Prop_lut6_I4_O)        0.043     3.430 r  ntt_waddr_d1[31]_i_2/O
                         net (fo=4, unplaced)         0.294     3.724    ntt_waddr_d1[31]_i_2_n_0
                         LUT6 (Prop_lut6_I2_O)        0.043     3.767 r  gen_banks[5].mem_reg_0_31_0_5_i_11/O
                         net (fo=36, unplaced)        0.816     4.583    u_membanks/gen_banks[5].mem_reg_0_31_0_5/ADDRB1
                         RAMD32 (Prop_ramd32_RADR1_O)
                                                      0.043     4.626 f  u_membanks/gen_banks[5].mem_reg_0_31_0_5/RAMB_D1/O
                         net (fo=5, unplaced)         0.770     5.396    bank_dout[173]
                         LUT6 (Prop_lut6_I1_O)        0.043     5.439 f  operands_out_d1[241]_i_2/O
                         net (fo=4, unplaced)         0.431     5.870    operands_out_d1[241]_i_2_n_0
                         LUT3 (Prop_lut3_I0_O)        0.051     5.921 f  operands_out_d1[241]_i_1/O
                         net (fo=5, unplaced)         0.435     6.356    op_lower_119[3]
                         LUT4 (Prop_lut4_I1_O)        0.051     6.407 f  raw_sum_carry_i_29__8/O
                         net (fo=1, unplaced)         0.407     6.814    raw_sum_carry_i_29__8_n_0
                         LUT5 (Prop_lut5_I2_O)        0.043     6.857 f  raw_sum_carry_i_23__18/O
                         net (fo=24, unplaced)        0.806     7.663    raw_sum_carry_i_23__18_n_0
                         LUT5 (Prop_lut5_I3_O)        0.047     7.710 f  raw_sum_carry_i_27__14/O
                         net (fo=18, unplaced)        0.464     8.174    raw_sum_carry_i_27__14_n_0
                         LUT6 (Prop_lut6_I5_O)        0.043     8.217 r  raw_sum_carry_i_12__50/O
                         net (fo=98, unplaced)        0.369     8.586    raw_sum_carry_i_12__50_n_0
                         LUT3 (Prop_lut3_I2_O)        0.043     8.629 r  raw_sum_carry_i_7__24/O
                         net (fo=1, unplaced)         0.000     8.629    raw_sum_carry_i_7__24_n_0
                         CARRY4 (Prop_carry4_S[1]_CO[3])
                                                      0.256     8.885 r  gen_r2intt_r8.u_r2intt8/gen_full_s0[3].u_bf/u_sub/add_inst/raw_sum_carry/CO[3]
                         net (fo=1, unplaced)         0.007     8.892    gen_r2intt_r8.u_r2intt8/gen_full_s0[3].u_bf/u_sub/add_inst/raw_sum_carry_n_0
                         CARRY4 (Prop_carry4_CI_O[1])
                                                      0.173     9.065 r  gen_r2intt_r8.u_r2intt8/gen_full_s0[3].u_bf/u_sub/add_inst/raw_sum_carry__0/O[1]
                         net (fo=1, unplaced)         0.386     9.451    gen_r2intt_r8.u_r2intt8/gen_full_s0[3].u_bf/u_sub/add_inst/raw_sum_carry__0_n_6
                         CARRY4 (Prop_carry4_S[1]_CO[3])
                                                      0.381     9.832 r  raw_sum_carry_i_23__6/CO[3]
                         net (fo=1, unplaced)         0.000     9.832    raw_sum_carry_i_23__6_n_0
                         CARRY4 (Prop_carry4_CI_O[3])
                                                      0.157     9.989 r  raw_sum_carry_i_22__5/O[3]
                         net (fo=2, unplaced)         0.505    10.494    gen_r2intt_r8.u_r2intt8/gen_full_s0[3].u_bf/reduced[11]
                         LUT6 (Prop_lut6_I5_O)        0.120    10.614 r  raw_sum_carry_i_37__0/O
                         net (fo=2, unplaced)         0.281    10.895    raw_sum_carry_i_37__0_n_0
                         LUT6 (Prop_lut6_I2_O)        0.043    10.938 r  raw_sum_carry_i_29__7/O
                         net (fo=1, unplaced)         0.742    11.680    raw_sum_carry_i_29__7_n_0
                         LUT6 (Prop_lut6_I1_O)        0.043    11.723 r  raw_sum_carry_i_20__7/O
                         net (fo=1, unplaced)         0.407    12.130    raw_sum_carry_i_20__7_n_0
                         LUT6 (Prop_lut6_I4_O)        0.043    12.173 r  raw_sum_carry_i_7__31/O
                         net (fo=1, unplaced)         0.270    12.443    raw_sum_carry_i_7__31_n_0
                         LUT6 (Prop_lut6_I0_O)        0.043    12.486 r  raw_sum_carry_i_5__33/O
                         net (fo=42, unplaced)        0.348    12.834    raw_sum_carry_i_5__33_n_0
                         LUT2 (Prop_lut2_I0_O)        0.043    12.877 r  raw_sum_carry__1_i_5__26/O
                         net (fo=4, unplaced)         0.294    13.171    gen_r2intt_r8.u_r2intt8/gen_full_s1_b[1].gen_full_s1_g[1].u_bf/in2[11]
                         LUT3 (Prop_lut3_I2_O)        0.043    13.214 r  raw_sum_carry__1_i_1__35/O
                         net (fo=1, unplaced)         0.000    13.214    raw_sum_carry__1_i_1__35_n_0
                         CARRY4 (Prop_carry4_S[3]_CO[3])
                                                      0.180    13.394 r  gen_r2intt_r8.u_r2intt8/gen_full_s1_b[1].gen_full_s1_g[1].u_bf/u_sub/add_inst/raw_sum_carry__1/CO[3]
                         net (fo=1, unplaced)         0.000    13.394    gen_r2intt_r8.u_r2intt8/gen_full_s1_b[1].gen_full_s1_g[1].u_bf/u_sub/add_inst/raw_sum_carry__1_n_0
                         CARRY4 (Prop_carry4_CI_CO[3])
                                                      0.054    13.448 r  gen_r2intt_r8.u_r2intt8/gen_full_s1_b[1].gen_full_s1_g[1].u_bf/u_sub/add_inst/raw_sum_carry__2/CO[3]
                         net (fo=1, unplaced)         0.000    13.448    gen_r2intt_r8.u_r2intt8/gen_full_s1_b[1].gen_full_s1_g[1].u_bf/u_sub/add_inst/raw_sum_carry__2_n_0
                         CARRY4 (Prop_carry4_CI_O[0])
                                                      0.114    13.562 r  gen_r2intt_r8.u_r2intt8/gen_full_s1_b[1].gen_full_s1_g[1].u_bf/u_sub/add_inst/raw_sum_carry__3/O[0]
                         net (fo=1, unplaced)         0.191    13.753    gen_r2intt_r8.u_r2intt8/gen_full_s1_b[1].gen_full_s1_g[1].u_bf/u_sub/add_inst/raw_sum_carry__3_n_7
                         LUT2 (Prop_lut2_I1_O)        0.123    13.876 r  raw_sum_carry__0_i_18__0/O
                         net (fo=1, unplaced)         0.000    13.876    raw_sum_carry__0_i_18__0_n_0
                         CARRY4 (Prop_carry4_S[0]_CO[3])
                                                      0.246    14.122 r  raw_sum_carry__0_i_16__2/CO[3]
                         net (fo=1, unplaced)         0.007    14.129    raw_sum_carry__0_i_16__2_n_0
                         CARRY4 (Prop_carry4_CI_O[3])
                                                      0.157    14.286 f  raw_sum_carry__1_i_16__4/O[3]
                         net (fo=2, unplaced)         0.505    14.791    raw_sum_carry__1_i_16__4_n_4
                         LUT6 (Prop_lut6_I5_O)        0.120    14.911 f  raw_sum_carry__2_i_14__14/O
                         net (fo=9, unplaced)         0.283    15.194    gen_r2intt_r8.u_r2intt8/s1_full[7][14]
                         LUT4 (Prop_lut4_I2_O)        0.051    15.245 r  raw_sum_carry_i_24__11/O
                         net (fo=11, unplaced)        0.788    16.033    raw_sum_carry_i_24__11_n_0
                         LUT6 (Prop_lut6_I1_O)        0.043    16.076 f  raw_sum_carry_i_13__35/O
                         net (fo=1, unplaced)         0.742    16.818    raw_sum_carry_i_13__35_n_0
                         LUT6 (Prop_lut6_I0_O)        0.043    16.861 r  raw_sum_carry_i_6__39/O
                         net (fo=36, unplaced)        0.344    17.205    raw_sum_carry_i_6__39_n_0
                         LUT3 (Prop_lut3_I1_O)        0.043    17.248 r  raw_sum_carry_i_4__57/O
                         net (fo=1, unplaced)         0.000    17.248    raw_sum_carry_i_4__57_n_0
                         CARRY4 (Prop_carry4_S[0]_CO[3])
                                                      0.246    17.494 r  gen_r2intt_r8.u_r2intt8/gen_full_s2[3].u_bf/u_sub/add_inst/raw_sum_carry/CO[3]
                         net (fo=1, unplaced)         0.007    17.501    gen_r2intt_r8.u_r2intt8/gen_full_s2[3].u_bf/u_sub/add_inst/raw_sum_carry_n_0
                         CARRY4 (Prop_carry4_CI_CO[3])
                                                      0.054    17.555 r  gen_r2intt_r8.u_r2intt8/gen_full_s2[3].u_bf/u_sub/add_inst/raw_sum_carry__0/CO[3]
                         net (fo=1, unplaced)         0.000    17.555    gen_r2intt_r8.u_r2intt8/gen_full_s2[3].u_bf/u_sub/add_inst/raw_sum_carry__0_n_0
                         CARRY4 (Prop_carry4_CI_CO[3])
                                                      0.054    17.609 r  gen_r2intt_r8.u_r2intt8/gen_full_s2[3].u_bf/u_sub/add_inst/raw_sum_carry__1/CO[3]
                         net (fo=1, unplaced)         0.000    17.609    gen_r2intt_r8.u_r2intt8/gen_full_s2[3].u_bf/u_sub/add_inst/raw_sum_carry__1_n_0
                         CARRY4 (Prop_carry4_CI_CO[3])
                                                      0.054    17.663 r  gen_r2intt_r8.u_r2intt8/gen_full_s2[3].u_bf/u_sub/add_inst/raw_sum_carry__2/CO[3]
                         net (fo=1, unplaced)         0.000    17.663    gen_r2intt_r8.u_r2intt8/gen_full_s2[3].u_bf/u_sub/add_inst/raw_sum_carry__2_n_0
                         CARRY4 (Prop_carry4_CI_O[0])
                                                      0.114    17.777 r  gen_r2intt_r8.u_r2intt8/gen_full_s2[3].u_bf/u_sub/add_inst/raw_sum_carry__3/O[0]
                         net (fo=1, unplaced)         0.191    17.968    gen_r2intt_r8.u_r2intt8/gen_full_s2[3].u_bf/u_sub/add_inst/raw_sum_carry__3_n_7
                         LUT2 (Prop_lut2_I1_O)        0.123    18.091 r  out0_carry_i_35__2/O
                         net (fo=1, unplaced)         0.000    18.091    out0_carry_i_35__2_n_0
                         CARRY4 (Prop_carry4_S[0]_CO[3])
                                                      0.246    18.337 r  out0_carry_i_19__6/CO[3]
                         net (fo=1, unplaced)         0.007    18.344    out0_carry_i_19__6_n_0
                         CARRY4 (Prop_carry4_CI_O[3])
                                                      0.157    18.501 r  out0_carry_i_23__0/O[3]
                         net (fo=2, unplaced)         0.505    19.006    out0_carry_i_23__0_n_4
                         LUT6 (Prop_lut6_I5_O)        0.120    19.126 r  out0_carry__2_i_29__2/O
                         net (fo=1, unplaced)         0.270    19.396    out0_carry__2_i_29__2_n_0
                         LUT6 (Prop_lut6_I2_O)        0.043    19.439 r  out0_carry__2_i_23__5/O
                         net (fo=1, unplaced)         0.242    19.681    out0_carry__2_i_23__5_n_0
                         LUT6 (Prop_lut6_I5_O)        0.043    19.724 r  out0_carry__2_i_12__4/O
                         net (fo=2, unplaced)         0.253    19.977    out0_carry__2_i_12__4_n_0
                         LUT6 (Prop_lut6_I4_O)        0.043    20.020 r  gen_r2intt_r8.u_r2intt8/product_r_reg_i_57__1/O
                         net (fo=1, unplaced)         0.270    20.290    intt_d1_out[134]
                         LUT6 (Prop_lut6_I3_O)        0.043    20.333 r  product_r_reg_i_37__3/O
                         net (fo=17, unplaced)        0.326    20.659    product_r_reg_i_37__3_n_0
                         LUT6 (Prop_lut6_I5_O)        0.043    20.702 r  product_r_reg_i_23__6/O
                         net (fo=1, unplaced)         0.466    21.168    mm_in_a[130]
                         DSP48E1                                      r  gen_modmul_shared[7].u_mm/product_r_reg/A[11]
  -------------------------------------------------------------------    -------------------

                         (clock clk rise edge)        3.000     3.000 r  
                                                      0.000     3.000 r  clk (IN)
                         net (fo=0)                   0.000     3.000    clk
                         IBUF (Prop_ibuf_I_O)         0.649     3.649 r  clk_IBUF_inst/O
                         net (fo=1, unplaced)         0.442     4.091    clk_IBUF
                         BUFG (Prop_bufg_I_O)         0.083     4.174 r  clk_IBUF_BUFG_inst/O
                         net (fo=1604, unplaced)      0.439     4.613    clk_IBUF_BUFG
                         DSP48E1                                      r  gen_modmul_shared[7].u_mm/product_r_reg/CLK
                         clock pessimism              0.108     4.721    
                         clock uncertainty           -0.035     4.686    
                         DSP48E1 (Setup_dsp48e1_CLK_A[11])
                                                     -0.261     4.425    gen_modmul_shared[7].u_mm/product_r_reg
  -------------------------------------------------------------------
                         required time                          4.425    
                         arrival time                         -21.168    
  -------------------------------------------------------------------
                         slack                                -16.743    

Slack (VIOLATED) :        -16.743ns  (required time - arrival time)
  Source:                 u_ctrl/orig_addrs_reg[3]/C
                            (rising edge-triggered cell FDCE clocked by clk  {rise@0.000ns fall@1.500ns period=3.000ns})
  Destination:            gen_modmul_shared[7].u_mm/product_r_reg/A[12]
                            (rising edge-triggered cell DSP48E1 clocked by clk  {rise@0.000ns fall@1.500ns period=3.000ns})
  Path Group:             clk
  Path Type:              Setup (Max at Slow Process Corner)
  Requirement:            3.000ns  (clk rise@3.000ns - clk rise@0.000ns)
  Data Path Delay:        19.302ns  (logic 4.751ns (24.614%)  route 14.551ns (75.385%))
  Logic Levels:           48  (CARRY4=16 LUT2=3 LUT3=5 LUT4=2 LUT5=2 LUT6=19 RAMD32=1)
  Clock Path Skew:        -0.145ns (DCD - SCD + CPR)
    Destination Clock Delay (DCD):    1.613ns = ( 4.613 - 3.000 ) 
    Source Clock Delay      (SCD):    1.866ns
    Clock Pessimism Removal (CPR):    0.108ns
  Clock Uncertainty:      0.035ns  ((TSJ^2 + TIJ^2)^1/2 + DJ) / 2 + PE
    Total System Jitter     (TSJ):    0.071ns
    Total Input Jitter      (TIJ):    0.000ns
    Discrete Jitter          (DJ):    0.000ns
    Phase Error              (PE):    0.000ns

    Location             Delay type                Incr(ns)  Path(ns)    Netlist Resource(s)
  -------------------------------------------------------------------    -------------------
                         (clock clk rise edge)        0.000     0.000 r  
                                                      0.000     0.000 r  clk (IN)
                         net (fo=0)                   0.000     0.000    clk
                         IBUF (Prop_ibuf_I_O)         0.723     0.723 r  clk_IBUF_inst/O
                         net (fo=1, unplaced)         0.466     1.189    clk_IBUF
                         BUFG (Prop_bufg_I_O)         0.093     1.282 r  clk_IBUF_BUFG_inst/O
                         net (fo=1604, unplaced)      0.584     1.866    clk_IBUF_BUFG
                         FDCE                                         r  u_ctrl/orig_addrs_reg[3]/C
  -------------------------------------------------------------------    -------------------
                         FDCE (Prop_fdce_C_Q)         0.233     2.099 r  u_ctrl/orig_addrs_reg[3]/Q
                         net (fo=14, unplaced)        0.467     2.566    u_ctrl/orig_addrs_reg_n_0_[3]
                         LUT3 (Prop_lut3_I0_O)        0.123     2.689 r  iselect_d1[2]_i_2/O
                         net (fo=8, unplaced)         0.308     2.997    iselect_d1[2]_i_2_n_0
                         LUT6 (Prop_lut6_I0_O)        0.043     3.040 r  ntt_waddr_d1[39]_i_4/O
                         net (fo=40, unplaced)        0.347     3.387    ntt_waddr_d1[39]_i_4_n_0
                         LUT6 (Prop_lut6_I4_O)        0.043     3.430 r  ntt_waddr_d1[31]_i_2/O
                         net (fo=4, unplaced)         0.294     3.724    ntt_waddr_d1[31]_i_2_n_0
                         LUT6 (Prop_lut6_I2_O)        0.043     3.767 r  gen_banks[5].mem_reg_0_31_0_5_i_11/O
                         net (fo=36, unplaced)        0.816     4.583    u_membanks/gen_banks[5].mem_reg_0_31_0_5/ADDRB1
                         RAMD32 (Prop_ramd32_RADR1_O)
                                                      0.043     4.626 f  u_membanks/gen_banks[5].mem_reg_0_31_0_5/RAMB_D1/O
                         net (fo=5, unplaced)         0.770     5.396    bank_dout[173]
                         LUT6 (Prop_lut6_I1_O)        0.043     5.439 f  operands_out_d1[241]_i_2/O
                         net (fo=4, unplaced)         0.431     5.870    operands_out_d1[241]_i_2_n_0
                         LUT3 (Prop_lut3_I0_O)        0.051     5.921 f  operands_out_d1[241]_i_1/O
                         net (fo=5, unplaced)         0.435     6.356    op_lower_119[3]
                         LUT4 (Prop_lut4_I1_O)        0.051     6.407 f  raw_sum_carry_i_29__8/O
                         net (fo=1, unplaced)         0.407     6.814    raw_sum_carry_i_29__8_n_0
                         LUT5 (Prop_lut5_I2_O)        0.043     6.857 f  raw_sum_carry_i_23__18/O
                         net (fo=24, unplaced)        0.806     7.663    raw_sum_carry_i_23__18_n_0
                         LUT5 (Prop_lut5_I3_O)        0.047     7.710 f  raw_sum_carry_i_27__14/O
                         net (fo=18, unplaced)        0.464     8.174    raw_sum_carry_i_27__14_n_0
                         LUT6 (Prop_lut6_I5_O)        0.043     8.217 r  raw_sum_carry_i_12__50/O
                         net (fo=98, unplaced)        0.369     8.586    raw_sum_carry_i_12__50_n_0
                         LUT3 (Prop_lut3_I2_O)        0.043     8.629 r  raw_sum_carry_i_7__24/O
                         net (fo=1, unplaced)         0.000     8.629    raw_sum_carry_i_7__24_n_0
                         CARRY4 (Prop_carry4_S[1]_CO[3])
                                                      0.256     8.885 r  gen_r2intt_r8.u_r2intt8/gen_full_s0[3].u_bf/u_sub/add_inst/raw_sum_carry/CO[3]
                         net (fo=1, unplaced)         0.007     8.892    gen_r2intt_r8.u_r2intt8/gen_full_s0[3].u_bf/u_sub/add_inst/raw_sum_carry_n_0
                         CARRY4 (Prop_carry4_CI_O[1])
                                                      0.173     9.065 r  gen_r2intt_r8.u_r2intt8/gen_full_s0[3].u_bf/u_sub/add_inst/raw_sum_carry__0/O[1]
                         net (fo=1, unplaced)         0.386     9.451    gen_r2intt_r8.u_r2intt8/gen_full_s0[3].u_bf/u_sub/add_inst/raw_sum_carry__0_n_6
                         CARRY4 (Prop_carry4_S[1]_CO[3])
                                                      0.381     9.832 r  raw_sum_carry_i_23__6/CO[3]
                         net (fo=1, unplaced)         0.000     9.832    raw_sum_carry_i_23__6_n_0
                         CARRY4 (Prop_carry4_CI_O[3])
                                                      0.157     9.989 r  raw_sum_carry_i_22__5/O[3]
                         net (fo=2, unplaced)         0.505    10.494    gen_r2intt_r8.u_r2intt8/gen_full_s0[3].u_bf/reduced[11]
                         LUT6 (Prop_lut6_I5_O)        0.120    10.614 r  raw_sum_carry_i_37__0/O
                         net (fo=2, unplaced)         0.281    10.895    raw_sum_carry_i_37__0_n_0
                         LUT6 (Prop_lut6_I2_O)        0.043    10.938 r  raw_sum_carry_i_29__7/O
                         net (fo=1, unplaced)         0.742    11.680    raw_sum_carry_i_29__7_n_0
                         LUT6 (Prop_lut6_I1_O)        0.043    11.723 r  raw_sum_carry_i_20__7/O
                         net (fo=1, unplaced)         0.407    12.130    raw_sum_carry_i_20__7_n_0
                         LUT6 (Prop_lut6_I4_O)        0.043    12.173 r  raw_sum_carry_i_7__31/O
                         net (fo=1, unplaced)         0.270    12.443    raw_sum_carry_i_7__31_n_0
                         LUT6 (Prop_lut6_I0_O)        0.043    12.486 r  raw_sum_carry_i_5__33/O
                         net (fo=42, unplaced)        0.348    12.834    raw_sum_carry_i_5__33_n_0
                         LUT2 (Prop_lut2_I0_O)        0.043    12.877 r  raw_sum_carry__1_i_5__26/O
                         net (fo=4, unplaced)         0.294    13.171    gen_r2intt_r8.u_r2intt8/gen_full_s1_b[1].gen_full_s1_g[1].u_bf/in2[11]
                         LUT3 (Prop_lut3_I2_O)        0.043    13.214 r  raw_sum_carry__1_i_1__35/O
                         net (fo=1, unplaced)         0.000    13.214    raw_sum_carry__1_i_1__35_n_0
                         CARRY4 (Prop_carry4_S[3]_CO[3])
                                                      0.180    13.394 r  gen_r2intt_r8.u_r2intt8/gen_full_s1_b[1].gen_full_s1_g[1].u_bf/u_sub/add_inst/raw_sum_carry__1/CO[3]
                         net (fo=1, unplaced)         0.000    13.394    gen_r2intt_r8.u_r2intt8/gen_full_s1_b[1].gen_full_s1_g[1].u_bf/u_sub/add_inst/raw_sum_carry__1_n_0
                         CARRY4 (Prop_carry4_CI_CO[3])
                                                      0.054    13.448 r  gen_r2intt_r8.u_r2intt8/gen_full_s1_b[1].gen_full_s1_g[1].u_bf/u_sub/add_inst/raw_sum_carry__2/CO[3]
                         net (fo=1, unplaced)         0.000    13.448    gen_r2intt_r8.u_r2intt8/gen_full_s1_b[1].gen_full_s1_g[1].u_bf/u_sub/add_inst/raw_sum_carry__2_n_0
                         CARRY4 (Prop_carry4_CI_O[0])
                                                      0.114    13.562 r  gen_r2intt_r8.u_r2intt8/gen_full_s1_b[1].gen_full_s1_g[1].u_bf/u_sub/add_inst/raw_sum_carry__3/O[0]
                         net (fo=1, unplaced)         0.191    13.753    gen_r2intt_r8.u_r2intt8/gen_full_s1_b[1].gen_full_s1_g[1].u_bf/u_sub/add_inst/raw_sum_carry__3_n_7
                         LUT2 (Prop_lut2_I1_O)        0.123    13.876 r  raw_sum_carry__0_i_18__0/O
                         net (fo=1, unplaced)         0.000    13.876    raw_sum_carry__0_i_18__0_n_0
                         CARRY4 (Prop_carry4_S[0]_CO[3])
                                                      0.246    14.122 r  raw_sum_carry__0_i_16__2/CO[3]
                         net (fo=1, unplaced)         0.007    14.129    raw_sum_carry__0_i_16__2_n_0
                         CARRY4 (Prop_carry4_CI_O[3])
                                                      0.157    14.286 f  raw_sum_carry__1_i_16__4/O[3]
                         net (fo=2, unplaced)         0.505    14.791    raw_sum_carry__1_i_16__4_n_4
                         LUT6 (Prop_lut6_I5_O)        0.120    14.911 f  raw_sum_carry__2_i_14__14/O
                         net (fo=9, unplaced)         0.283    15.194    gen_r2intt_r8.u_r2intt8/s1_full[7][14]
                         LUT4 (Prop_lut4_I2_O)        0.051    15.245 r  raw_sum_carry_i_24__11/O
                         net (fo=11, unplaced)        0.788    16.033    raw_sum_carry_i_24__11_n_0
                         LUT6 (Prop_lut6_I1_O)        0.043    16.076 f  raw_sum_carry_i_13__35/O
                         net (fo=1, unplaced)         0.742    16.818    raw_sum_carry_i_13__35_n_0
                         LUT6 (Prop_lut6_I0_O)        0.043    16.861 r  raw_sum_carry_i_6__39/O
                         net (fo=36, unplaced)        0.344    17.205    raw_sum_carry_i_6__39_n_0
                         LUT3 (Prop_lut3_I1_O)        0.043    17.248 r  raw_sum_carry_i_4__57/O
                         net (fo=1, unplaced)         0.000    17.248    raw_sum_carry_i_4__57_n_0
                         CARRY4 (Prop_carry4_S[0]_CO[3])
                                                      0.246    17.494 r  gen_r2intt_r8.u_r2intt8/gen_full_s2[3].u_bf/u_sub/add_inst/raw_sum_carry/CO[3]
                         net (fo=1, unplaced)         0.007    17.501    gen_r2intt_r8.u_r2intt8/gen_full_s2[3].u_bf/u_sub/add_inst/raw_sum_carry_n_0
                         CARRY4 (Prop_carry4_CI_CO[3])
                                                      0.054    17.555 r  gen_r2intt_r8.u_r2intt8/gen_full_s2[3].u_bf/u_sub/add_inst/raw_sum_carry__0/CO[3]
                         net (fo=1, unplaced)         0.000    17.555    gen_r2intt_r8.u_r2intt8/gen_full_s2[3].u_bf/u_sub/add_inst/raw_sum_carry__0_n_0
                         CARRY4 (Prop_carry4_CI_CO[3])
                                                      0.054    17.609 r  gen_r2intt_r8.u_r2intt8/gen_full_s2[3].u_bf/u_sub/add_inst/raw_sum_carry__1/CO[3]
                         net (fo=1, unplaced)         0.000    17.609    gen_r2intt_r8.u_r2intt8/gen_full_s2[3].u_bf/u_sub/add_inst/raw_sum_carry__1_n_0
                         CARRY4 (Prop_carry4_CI_CO[3])
                                                      0.054    17.663 r  gen_r2intt_r8.u_r2intt8/gen_full_s2[3].u_bf/u_sub/add_inst/raw_sum_carry__2/CO[3]
                         net (fo=1, unplaced)         0.000    17.663    gen_r2intt_r8.u_r2intt8/gen_full_s2[3].u_bf/u_sub/add_inst/raw_sum_carry__2_n_0
                         CARRY4 (Prop_carry4_CI_O[0])
                                                      0.114    17.777 r  gen_r2intt_r8.u_r2intt8/gen_full_s2[3].u_bf/u_sub/add_inst/raw_sum_carry__3/O[0]
                         net (fo=1, unplaced)         0.191    17.968    gen_r2intt_r8.u_r2intt8/gen_full_s2[3].u_bf/u_sub/add_inst/raw_sum_carry__3_n_7
                         LUT2 (Prop_lut2_I1_O)        0.123    18.091 r  out0_carry_i_35__2/O
                         net (fo=1, unplaced)         0.000    18.091    out0_carry_i_35__2_n_0
                         CARRY4 (Prop_carry4_S[0]_CO[3])
                                                      0.246    18.337 r  out0_carry_i_19__6/CO[3]
                         net (fo=1, unplaced)         0.007    18.344    out0_carry_i_19__6_n_0
                         CARRY4 (Prop_carry4_CI_O[3])
                                                      0.157    18.501 r  out0_carry_i_23__0/O[3]
                         net (fo=2, unplaced)         0.505    19.006    out0_carry_i_23__0_n_4
                         LUT6 (Prop_lut6_I5_O)        0.120    19.126 r  out0_carry__2_i_29__2/O
                         net (fo=1, unplaced)         0.270    19.396    out0_carry__2_i_29__2_n_0
                         LUT6 (Prop_lut6_I2_O)        0.043    19.439 r  out0_carry__2_i_23__5/O
                         net (fo=1, unplaced)         0.242    19.681    out0_carry__2_i_23__5_n_0
                         LUT6 (Prop_lut6_I5_O)        0.043    19.724 r  out0_carry__2_i_12__4/O
                         net (fo=2, unplaced)         0.253    19.977    out0_carry__2_i_12__4_n_0
                         LUT6 (Prop_lut6_I4_O)        0.043    20.020 r  gen_r2intt_r8.u_r2intt8/product_r_reg_i_57__1/O
                         net (fo=1, unplaced)         0.270    20.290    intt_d1_out[134]
                         LUT6 (Prop_lut6_I3_O)        0.043    20.333 r  product_r_reg_i_37__3/O
                         net (fo=17, unplaced)        0.326    20.659    product_r_reg_i_37__3_n_0
                         LUT6 (Prop_lut6_I5_O)        0.043    20.702 r  product_r_reg_i_22__6/O
                         net (fo=1, unplaced)         0.466    21.168    mm_in_a[131]
                         DSP48E1                                      r  gen_modmul_shared[7].u_mm/product_r_reg/A[12]
  -------------------------------------------------------------------    -------------------

                         (clock clk rise edge)        3.000     3.000 r  
                                                      0.000     3.000 r  clk (IN)
                         net (fo=0)                   0.000     3.000    clk
                         IBUF (Prop_ibuf_I_O)         0.649     3.649 r  clk_IBUF_inst/O
                         net (fo=1, unplaced)         0.442     4.091    clk_IBUF
                         BUFG (Prop_bufg_I_O)         0.083     4.174 r  clk_IBUF_BUFG_inst/O
                         net (fo=1604, unplaced)      0.439     4.613    clk_IBUF_BUFG
                         DSP48E1                                      r  gen_modmul_shared[7].u_mm/product_r_reg/CLK
                         clock pessimism              0.108     4.721    
                         clock uncertainty           -0.035     4.686    
                         DSP48E1 (Setup_dsp48e1_CLK_A[12])
                                                     -0.261     4.425    gen_modmul_shared[7].u_mm/product_r_reg
  -------------------------------------------------------------------
                         required time                          4.425    
                         arrival time                         -21.168    
  -------------------------------------------------------------------
                         slack                                -16.743    

Slack (VIOLATED) :        -16.743ns  (required time - arrival time)
  Source:                 u_ctrl/orig_addrs_reg[3]/C
                            (rising edge-triggered cell FDCE clocked by clk  {rise@0.000ns fall@1.500ns period=3.000ns})
  Destination:            gen_modmul_shared[7].u_mm/product_r_reg/A[13]
                            (rising edge-triggered cell DSP48E1 clocked by clk  {rise@0.000ns fall@1.500ns period=3.000ns})
  Path Group:             clk
  Path Type:              Setup (Max at Slow Process Corner)
  Requirement:            3.000ns  (clk rise@3.000ns - clk rise@0.000ns)
  Data Path Delay:        19.302ns  (logic 4.751ns (24.614%)  route 14.551ns (75.385%))
  Logic Levels:           48  (CARRY4=16 LUT2=3 LUT3=5 LUT4=2 LUT5=2 LUT6=19 RAMD32=1)
  Clock Path Skew:        -0.145ns (DCD - SCD + CPR)
    Destination Clock Delay (DCD):    1.613ns = ( 4.613 - 3.000 ) 
    Source Clock Delay      (SCD):    1.866ns
    Clock Pessimism Removal (CPR):    0.108ns
  Clock Uncertainty:      0.035ns  ((TSJ^2 + TIJ^2)^1/2 + DJ) / 2 + PE
    Total System Jitter     (TSJ):    0.071ns
    Total Input Jitter      (TIJ):    0.000ns
    Discrete Jitter          (DJ):    0.000ns
    Phase Error              (PE):    0.000ns

    Location             Delay type                Incr(ns)  Path(ns)    Netlist Resource(s)
  -------------------------------------------------------------------    -------------------
                         (clock clk rise edge)        0.000     0.000 r  
                                                      0.000     0.000 r  clk (IN)
                         net (fo=0)                   0.000     0.000    clk
                         IBUF (Prop_ibuf_I_O)         0.723     0.723 r  clk_IBUF_inst/O
                         net (fo=1, unplaced)         0.466     1.189    clk_IBUF
                         BUFG (Prop_bufg_I_O)         0.093     1.282 r  clk_IBUF_BUFG_inst/O
                         net (fo=1604, unplaced)      0.584     1.866    clk_IBUF_BUFG
                         FDCE                                         r  u_ctrl/orig_addrs_reg[3]/C
  -------------------------------------------------------------------    -------------------
                         FDCE (Prop_fdce_C_Q)         0.233     2.099 r  u_ctrl/orig_addrs_reg[3]/Q
                         net (fo=14, unplaced)        0.467     2.566    u_ctrl/orig_addrs_reg_n_0_[3]
                         LUT3 (Prop_lut3_I0_O)        0.123     2.689 r  iselect_d1[2]_i_2/O
                         net (fo=8, unplaced)         0.308     2.997    iselect_d1[2]_i_2_n_0
                         LUT6 (Prop_lut6_I0_O)        0.043     3.040 r  ntt_waddr_d1[39]_i_4/O
                         net (fo=40, unplaced)        0.347     3.387    ntt_waddr_d1[39]_i_4_n_0
                         LUT6 (Prop_lut6_I4_O)        0.043     3.430 r  ntt_waddr_d1[31]_i_2/O
                         net (fo=4, unplaced)         0.294     3.724    ntt_waddr_d1[31]_i_2_n_0
                         LUT6 (Prop_lut6_I2_O)        0.043     3.767 r  gen_banks[5].mem_reg_0_31_0_5_i_11/O
                         net (fo=36, unplaced)        0.816     4.583    u_membanks/gen_banks[5].mem_reg_0_31_0_5/ADDRB1
                         RAMD32 (Prop_ramd32_RADR1_O)
                                                      0.043     4.626 f  u_membanks/gen_banks[5].mem_reg_0_31_0_5/RAMB_D1/O
                         net (fo=5, unplaced)         0.770     5.396    bank_dout[173]
                         LUT6 (Prop_lut6_I1_O)        0.043     5.439 f  operands_out_d1[241]_i_2/O
                         net (fo=4, unplaced)         0.431     5.870    operands_out_d1[241]_i_2_n_0
                         LUT3 (Prop_lut3_I0_O)        0.051     5.921 f  operands_out_d1[241]_i_1/O
                         net (fo=5, unplaced)         0.435     6.356    op_lower_119[3]
                         LUT4 (Prop_lut4_I1_O)        0.051     6.407 f  raw_sum_carry_i_29__8/O
                         net (fo=1, unplaced)         0.407     6.814    raw_sum_carry_i_29__8_n_0
                         LUT5 (Prop_lut5_I2_O)        0.043     6.857 f  raw_sum_carry_i_23__18/O
                         net (fo=24, unplaced)        0.806     7.663    raw_sum_carry_i_23__18_n_0
                         LUT5 (Prop_lut5_I3_O)        0.047     7.710 f  raw_sum_carry_i_27__14/O
                         net (fo=18, unplaced)        0.464     8.174    raw_sum_carry_i_27__14_n_0
                         LUT6 (Prop_lut6_I5_O)        0.043     8.217 r  raw_sum_carry_i_12__50/O
                         net (fo=98, unplaced)        0.369     8.586    raw_sum_carry_i_12__50_n_0
                         LUT3 (Prop_lut3_I2_O)        0.043     8.629 r  raw_sum_carry_i_7__24/O
                         net (fo=1, unplaced)         0.000     8.629    raw_sum_carry_i_7__24_n_0
                         CARRY4 (Prop_carry4_S[1]_CO[3])
                                                      0.256     8.885 r  gen_r2intt_r8.u_r2intt8/gen_full_s0[3].u_bf/u_sub/add_inst/raw_sum_carry/CO[3]
                         net (fo=1, unplaced)         0.007     8.892    gen_r2intt_r8.u_r2intt8/gen_full_s0[3].u_bf/u_sub/add_inst/raw_sum_carry_n_0
                         CARRY4 (Prop_carry4_CI_O[1])
                                                      0.173     9.065 r  gen_r2intt_r8.u_r2intt8/gen_full_s0[3].u_bf/u_sub/add_inst/raw_sum_carry__0/O[1]
                         net (fo=1, unplaced)         0.386     9.451    gen_r2intt_r8.u_r2intt8/gen_full_s0[3].u_bf/u_sub/add_inst/raw_sum_carry__0_n_6
                         CARRY4 (Prop_carry4_S[1]_CO[3])
                                                      0.381     9.832 r  raw_sum_carry_i_23__6/CO[3]
                         net (fo=1, unplaced)         0.000     9.832    raw_sum_carry_i_23__6_n_0
                         CARRY4 (Prop_carry4_CI_O[3])
                                                      0.157     9.989 r  raw_sum_carry_i_22__5/O[3]
                         net (fo=2, unplaced)         0.505    10.494    gen_r2intt_r8.u_r2intt8/gen_full_s0[3].u_bf/reduced[11]
                         LUT6 (Prop_lut6_I5_O)        0.120    10.614 r  raw_sum_carry_i_37__0/O
                         net (fo=2, unplaced)         0.281    10.895    raw_sum_carry_i_37__0_n_0
                         LUT6 (Prop_lut6_I2_O)        0.043    10.938 r  raw_sum_carry_i_29__7/O
                         net (fo=1, unplaced)         0.742    11.680    raw_sum_carry_i_29__7_n_0
                         LUT6 (Prop_lut6_I1_O)        0.043    11.723 r  raw_sum_carry_i_20__7/O
                         net (fo=1, unplaced)         0.407    12.130    raw_sum_carry_i_20__7_n_0
                         LUT6 (Prop_lut6_I4_O)        0.043    12.173 r  raw_sum_carry_i_7__31/O
                         net (fo=1, unplaced)         0.270    12.443    raw_sum_carry_i_7__31_n_0
                         LUT6 (Prop_lut6_I0_O)        0.043    12.486 r  raw_sum_carry_i_5__33/O
                         net (fo=42, unplaced)        0.348    12.834    raw_sum_carry_i_5__33_n_0
                         LUT2 (Prop_lut2_I0_O)        0.043    12.877 r  raw_sum_carry__1_i_5__26/O
                         net (fo=4, unplaced)         0.294    13.171    gen_r2intt_r8.u_r2intt8/gen_full_s1_b[1].gen_full_s1_g[1].u_bf/in2[11]
                         LUT3 (Prop_lut3_I2_O)        0.043    13.214 r  raw_sum_carry__1_i_1__35/O
                         net (fo=1, unplaced)         0.000    13.214    raw_sum_carry__1_i_1__35_n_0
                         CARRY4 (Prop_carry4_S[3]_CO[3])
                                                      0.180    13.394 r  gen_r2intt_r8.u_r2intt8/gen_full_s1_b[1].gen_full_s1_g[1].u_bf/u_sub/add_inst/raw_sum_carry__1/CO[3]
                         net (fo=1, unplaced)         0.000    13.394    gen_r2intt_r8.u_r2intt8/gen_full_s1_b[1].gen_full_s1_g[1].u_bf/u_sub/add_inst/raw_sum_carry__1_n_0
                         CARRY4 (Prop_carry4_CI_CO[3])
                                                      0.054    13.448 r  gen_r2intt_r8.u_r2intt8/gen_full_s1_b[1].gen_full_s1_g[1].u_bf/u_sub/add_inst/raw_sum_carry__2/CO[3]
                         net (fo=1, unplaced)         0.000    13.448    gen_r2intt_r8.u_r2intt8/gen_full_s1_b[1].gen_full_s1_g[1].u_bf/u_sub/add_inst/raw_sum_carry__2_n_0
                         CARRY4 (Prop_carry4_CI_O[0])
                                                      0.114    13.562 r  gen_r2intt_r8.u_r2intt8/gen_full_s1_b[1].gen_full_s1_g[1].u_bf/u_sub/add_inst/raw_sum_carry__3/O[0]
                         net (fo=1, unplaced)         0.191    13.753    gen_r2intt_r8.u_r2intt8/gen_full_s1_b[1].gen_full_s1_g[1].u_bf/u_sub/add_inst/raw_sum_carry__3_n_7
                         LUT2 (Prop_lut2_I1_O)        0.123    13.876 r  raw_sum_carry__0_i_18__0/O
                         net (fo=1, unplaced)         0.000    13.876    raw_sum_carry__0_i_18__0_n_0
                         CARRY4 (Prop_carry4_S[0]_CO[3])
                                                      0.246    14.122 r  raw_sum_carry__0_i_16__2/CO[3]
                         net (fo=1, unplaced)         0.007    14.129    raw_sum_carry__0_i_16__2_n_0
                         CARRY4 (Prop_carry4_CI_O[3])
                                                      0.157    14.286 f  raw_sum_carry__1_i_16__4/O[3]
                         net (fo=2, unplaced)         0.505    14.791    raw_sum_carry__1_i_16__4_n_4
                         LUT6 (Prop_lut6_I5_O)        0.120    14.911 f  raw_sum_carry__2_i_14__14/O
                         net (fo=9, unplaced)         0.283    15.194    gen_r2intt_r8.u_r2intt8/s1_full[7][14]
                         LUT4 (Prop_lut4_I2_O)        0.051    15.245 r  raw_sum_carry_i_24__11/O
                         net (fo=11, unplaced)        0.788    16.033    raw_sum_carry_i_24__11_n_0
                         LUT6 (Prop_lut6_I1_O)        0.043    16.076 f  raw_sum_carry_i_13__35/O
                         net (fo=1, unplaced)         0.742    16.818    raw_sum_carry_i_13__35_n_0
                         LUT6 (Prop_lut6_I0_O)        0.043    16.861 r  raw_sum_carry_i_6__39/O
                         net (fo=36, unplaced)        0.344    17.205    raw_sum_carry_i_6__39_n_0
                         LUT3 (Prop_lut3_I1_O)        0.043    17.248 r  raw_sum_carry_i_4__57/O
                         net (fo=1, unplaced)         0.000    17.248    raw_sum_carry_i_4__57_n_0
                         CARRY4 (Prop_carry4_S[0]_CO[3])
                                                      0.246    17.494 r  gen_r2intt_r8.u_r2intt8/gen_full_s2[3].u_bf/u_sub/add_inst/raw_sum_carry/CO[3]
                         net (fo=1, unplaced)         0.007    17.501    gen_r2intt_r8.u_r2intt8/gen_full_s2[3].u_bf/u_sub/add_inst/raw_sum_carry_n_0
                         CARRY4 (Prop_carry4_CI_CO[3])
                                                      0.054    17.555 r  gen_r2intt_r8.u_r2intt8/gen_full_s2[3].u_bf/u_sub/add_inst/raw_sum_carry__0/CO[3]
                         net (fo=1, unplaced)         0.000    17.555    gen_r2intt_r8.u_r2intt8/gen_full_s2[3].u_bf/u_sub/add_inst/raw_sum_carry__0_n_0
                         CARRY4 (Prop_carry4_CI_CO[3])
                                                      0.054    17.609 r  gen_r2intt_r8.u_r2intt8/gen_full_s2[3].u_bf/u_sub/add_inst/raw_sum_carry__1/CO[3]
                         net (fo=1, unplaced)         0.000    17.609    gen_r2intt_r8.u_r2intt8/gen_full_s2[3].u_bf/u_sub/add_inst/raw_sum_carry__1_n_0
                         CARRY4 (Prop_carry4_CI_CO[3])
                                                      0.054    17.663 r  gen_r2intt_r8.u_r2intt8/gen_full_s2[3].u_bf/u_sub/add_inst/raw_sum_carry__2/CO[3]
                         net (fo=1, unplaced)         0.000    17.663    gen_r2intt_r8.u_r2intt8/gen_full_s2[3].u_bf/u_sub/add_inst/raw_sum_carry__2_n_0
                         CARRY4 (Prop_carry4_CI_O[0])
                                                      0.114    17.777 r  gen_r2intt_r8.u_r2intt8/gen_full_s2[3].u_bf/u_sub/add_inst/raw_sum_carry__3/O[0]
                         net (fo=1, unplaced)         0.191    17.968    gen_r2intt_r8.u_r2intt8/gen_full_s2[3].u_bf/u_sub/add_inst/raw_sum_carry__3_n_7
                         LUT2 (Prop_lut2_I1_O)        0.123    18.091 r  out0_carry_i_35__2/O
                         net (fo=1, unplaced)         0.000    18.091    out0_carry_i_35__2_n_0
                         CARRY4 (Prop_carry4_S[0]_CO[3])
                                                      0.246    18.337 r  out0_carry_i_19__6/CO[3]
                         net (fo=1, unplaced)         0.007    18.344    out0_carry_i_19__6_n_0
                         CARRY4 (Prop_carry4_CI_O[3])
                                                      0.157    18.501 r  out0_carry_i_23__0/O[3]
                         net (fo=2, unplaced)         0.505    19.006    out0_carry_i_23__0_n_4
                         LUT6 (Prop_lut6_I5_O)        0.120    19.126 r  out0_carry__2_i_29__2/O
                         net (fo=1, unplaced)         0.270    19.396    out0_carry__2_i_29__2_n_0
                         LUT6 (Prop_lut6_I2_O)        0.043    19.439 r  out0_carry__2_i_23__5/O
                         net (fo=1, unplaced)         0.242    19.681    out0_carry__2_i_23__5_n_0
                         LUT6 (Prop_lut6_I5_O)        0.043    19.724 r  out0_carry__2_i_12__4/O
                         net (fo=2, unplaced)         0.253    19.977    out0_carry__2_i_12__4_n_0
                         LUT6 (Prop_lut6_I4_O)        0.043    20.020 r  gen_r2intt_r8.u_r2intt8/product_r_reg_i_57__1/O
                         net (fo=1, unplaced)         0.270    20.290    intt_d1_out[134]
                         LUT6 (Prop_lut6_I3_O)        0.043    20.333 r  product_r_reg_i_37__3/O
                         net (fo=17, unplaced)        0.326    20.659    product_r_reg_i_37__3_n_0
                         LUT6 (Prop_lut6_I5_O)        0.043    20.702 r  product_r_reg_i_21__6/O
                         net (fo=1, unplaced)         0.466    21.168    mm_in_a[132]
                         DSP48E1                                      r  gen_modmul_shared[7].u_mm/product_r_reg/A[13]
  -------------------------------------------------------------------    -------------------

                         (clock clk rise edge)        3.000     3.000 r  
                                                      0.000     3.000 r  clk (IN)
                         net (fo=0)                   0.000     3.000    clk
                         IBUF (Prop_ibuf_I_O)         0.649     3.649 r  clk_IBUF_inst/O
                         net (fo=1, unplaced)         0.442     4.091    clk_IBUF
                         BUFG (Prop_bufg_I_O)         0.083     4.174 r  clk_IBUF_BUFG_inst/O
                         net (fo=1604, unplaced)      0.439     4.613    clk_IBUF_BUFG
                         DSP48E1                                      r  gen_modmul_shared[7].u_mm/product_r_reg/CLK
                         clock pessimism              0.108     4.721    
                         clock uncertainty           -0.035     4.686    
                         DSP48E1 (Setup_dsp48e1_CLK_A[13])
                                                     -0.261     4.425    gen_modmul_shared[7].u_mm/product_r_reg
  -------------------------------------------------------------------
                         required time                          4.425    
                         arrival time                         -21.168    
  -------------------------------------------------------------------
                         slack                                -16.743    

Slack (VIOLATED) :        -16.743ns  (required time - arrival time)
  Source:                 u_ctrl/orig_addrs_reg[3]/C
                            (rising edge-triggered cell FDCE clocked by clk  {rise@0.000ns fall@1.500ns period=3.000ns})
  Destination:            gen_modmul_shared[7].u_mm/product_r_reg/A[14]
                            (rising edge-triggered cell DSP48E1 clocked by clk  {rise@0.000ns fall@1.500ns period=3.000ns})
  Path Group:             clk
  Path Type:              Setup (Max at Slow Process Corner)
  Requirement:            3.000ns  (clk rise@3.000ns - clk rise@0.000ns)
  Data Path Delay:        19.302ns  (logic 4.751ns (24.614%)  route 14.551ns (75.385%))
  Logic Levels:           48  (CARRY4=16 LUT2=3 LUT3=5 LUT4=2 LUT5=2 LUT6=19 RAMD32=1)
  Clock Path Skew:        -0.145ns (DCD - SCD + CPR)
    Destination Clock Delay (DCD):    1.613ns = ( 4.613 - 3.000 ) 
    Source Clock Delay      (SCD):    1.866ns
    Clock Pessimism Removal (CPR):    0.108ns
  Clock Uncertainty:      0.035ns  ((TSJ^2 + TIJ^2)^1/2 + DJ) / 2 + PE
    Total System Jitter     (TSJ):    0.071ns
    Total Input Jitter      (TIJ):    0.000ns
    Discrete Jitter          (DJ):    0.000ns
    Phase Error              (PE):    0.000ns

    Location             Delay type                Incr(ns)  Path(ns)    Netlist Resource(s)
  -------------------------------------------------------------------    -------------------
                         (clock clk rise edge)        0.000     0.000 r  
                                                      0.000     0.000 r  clk (IN)
                         net (fo=0)                   0.000     0.000    clk
                         IBUF (Prop_ibuf_I_O)         0.723     0.723 r  clk_IBUF_inst/O
                         net (fo=1, unplaced)         0.466     1.189    clk_IBUF
                         BUFG (Prop_bufg_I_O)         0.093     1.282 r  clk_IBUF_BUFG_inst/O
                         net (fo=1604, unplaced)      0.584     1.866    clk_IBUF_BUFG
                         FDCE                                         r  u_ctrl/orig_addrs_reg[3]/C
  -------------------------------------------------------------------    -------------------
                         FDCE (Prop_fdce_C_Q)         0.233     2.099 r  u_ctrl/orig_addrs_reg[3]/Q
                         net (fo=14, unplaced)        0.467     2.566    u_ctrl/orig_addrs_reg_n_0_[3]
                         LUT3 (Prop_lut3_I0_O)        0.123     2.689 r  iselect_d1[2]_i_2/O
                         net (fo=8, unplaced)         0.308     2.997    iselect_d1[2]_i_2_n_0
                         LUT6 (Prop_lut6_I0_O)        0.043     3.040 r  ntt_waddr_d1[39]_i_4/O
                         net (fo=40, unplaced)        0.347     3.387    ntt_waddr_d1[39]_i_4_n_0
                         LUT6 (Prop_lut6_I4_O)        0.043     3.430 r  ntt_waddr_d1[31]_i_2/O
                         net (fo=4, unplaced)         0.294     3.724    ntt_waddr_d1[31]_i_2_n_0
                         LUT6 (Prop_lut6_I2_O)        0.043     3.767 r  gen_banks[5].mem_reg_0_31_0_5_i_11/O
                         net (fo=36, unplaced)        0.816     4.583    u_membanks/gen_banks[5].mem_reg_0_31_0_5/ADDRB1
                         RAMD32 (Prop_ramd32_RADR1_O)
                                                      0.043     4.626 f  u_membanks/gen_banks[5].mem_reg_0_31_0_5/RAMB_D1/O
                         net (fo=5, unplaced)         0.770     5.396    bank_dout[173]
                         LUT6 (Prop_lut6_I1_O)        0.043     5.439 f  operands_out_d1[241]_i_2/O
                         net (fo=4, unplaced)         0.431     5.870    operands_out_d1[241]_i_2_n_0
                         LUT3 (Prop_lut3_I0_O)        0.051     5.921 f  operands_out_d1[241]_i_1/O
                         net (fo=5, unplaced)         0.435     6.356    op_lower_119[3]
                         LUT4 (Prop_lut4_I1_O)        0.051     6.407 f  raw_sum_carry_i_29__8/O
                         net (fo=1, unplaced)         0.407     6.814    raw_sum_carry_i_29__8_n_0
                         LUT5 (Prop_lut5_I2_O)        0.043     6.857 f  raw_sum_carry_i_23__18/O
                         net (fo=24, unplaced)        0.806     7.663    raw_sum_carry_i_23__18_n_0
                         LUT5 (Prop_lut5_I3_O)        0.047     7.710 f  raw_sum_carry_i_27__14/O
                         net (fo=18, unplaced)        0.464     8.174    raw_sum_carry_i_27__14_n_0
                         LUT6 (Prop_lut6_I5_O)        0.043     8.217 r  raw_sum_carry_i_12__50/O
                         net (fo=98, unplaced)        0.369     8.586    raw_sum_carry_i_12__50_n_0
                         LUT3 (Prop_lut3_I2_O)        0.043     8.629 r  raw_sum_carry_i_7__24/O
                         net (fo=1, unplaced)         0.000     8.629    raw_sum_carry_i_7__24_n_0
                         CARRY4 (Prop_carry4_S[1]_CO[3])
                                                      0.256     8.885 r  gen_r2intt_r8.u_r2intt8/gen_full_s0[3].u_bf/u_sub/add_inst/raw_sum_carry/CO[3]
                         net (fo=1, unplaced)         0.007     8.892    gen_r2intt_r8.u_r2intt8/gen_full_s0[3].u_bf/u_sub/add_inst/raw_sum_carry_n_0
                         CARRY4 (Prop_carry4_CI_O[1])
                                                      0.173     9.065 r  gen_r2intt_r8.u_r2intt8/gen_full_s0[3].u_bf/u_sub/add_inst/raw_sum_carry__0/O[1]
                         net (fo=1, unplaced)         0.386     9.451    gen_r2intt_r8.u_r2intt8/gen_full_s0[3].u_bf/u_sub/add_inst/raw_sum_carry__0_n_6
                         CARRY4 (Prop_carry4_S[1]_CO[3])
                                                      0.381     9.832 r  raw_sum_carry_i_23__6/CO[3]
                         net (fo=1, unplaced)         0.000     9.832    raw_sum_carry_i_23__6_n_0
                         CARRY4 (Prop_carry4_CI_O[3])
                                                      0.157     9.989 r  raw_sum_carry_i_22__5/O[3]
                         net (fo=2, unplaced)         0.505    10.494    gen_r2intt_r8.u_r2intt8/gen_full_s0[3].u_bf/reduced[11]
                         LUT6 (Prop_lut6_I5_O)        0.120    10.614 r  raw_sum_carry_i_37__0/O
                         net (fo=2, unplaced)         0.281    10.895    raw_sum_carry_i_37__0_n_0
                         LUT6 (Prop_lut6_I2_O)        0.043    10.938 r  raw_sum_carry_i_29__7/O
                         net (fo=1, unplaced)         0.742    11.680    raw_sum_carry_i_29__7_n_0
                         LUT6 (Prop_lut6_I1_O)        0.043    11.723 r  raw_sum_carry_i_20__7/O
                         net (fo=1, unplaced)         0.407    12.130    raw_sum_carry_i_20__7_n_0
                         LUT6 (Prop_lut6_I4_O)        0.043    12.173 r  raw_sum_carry_i_7__31/O
                         net (fo=1, unplaced)         0.270    12.443    raw_sum_carry_i_7__31_n_0
                         LUT6 (Prop_lut6_I0_O)        0.043    12.486 r  raw_sum_carry_i_5__33/O
                         net (fo=42, unplaced)        0.348    12.834    raw_sum_carry_i_5__33_n_0
                         LUT2 (Prop_lut2_I0_O)        0.043    12.877 r  raw_sum_carry__1_i_5__26/O
                         net (fo=4, unplaced)         0.294    13.171    gen_r2intt_r8.u_r2intt8/gen_full_s1_b[1].gen_full_s1_g[1].u_bf/in2[11]
                         LUT3 (Prop_lut3_I2_O)        0.043    13.214 r  raw_sum_carry__1_i_1__35/O
                         net (fo=1, unplaced)         0.000    13.214    raw_sum_carry__1_i_1__35_n_0
                         CARRY4 (Prop_carry4_S[3]_CO[3])
                                                      0.180    13.394 r  gen_r2intt_r8.u_r2intt8/gen_full_s1_b[1].gen_full_s1_g[1].u_bf/u_sub/add_inst/raw_sum_carry__1/CO[3]
                         net (fo=1, unplaced)         0.000    13.394    gen_r2intt_r8.u_r2intt8/gen_full_s1_b[1].gen_full_s1_g[1].u_bf/u_sub/add_inst/raw_sum_carry__1_n_0
                         CARRY4 (Prop_carry4_CI_CO[3])
                                                      0.054    13.448 r  gen_r2intt_r8.u_r2intt8/gen_full_s1_b[1].gen_full_s1_g[1].u_bf/u_sub/add_inst/raw_sum_carry__2/CO[3]
                         net (fo=1, unplaced)         0.000    13.448    gen_r2intt_r8.u_r2intt8/gen_full_s1_b[1].gen_full_s1_g[1].u_bf/u_sub/add_inst/raw_sum_carry__2_n_0
                         CARRY4 (Prop_carry4_CI_O[0])
                                                      0.114    13.562 r  gen_r2intt_r8.u_r2intt8/gen_full_s1_b[1].gen_full_s1_g[1].u_bf/u_sub/add_inst/raw_sum_carry__3/O[0]
                         net (fo=1, unplaced)         0.191    13.753    gen_r2intt_r8.u_r2intt8/gen_full_s1_b[1].gen_full_s1_g[1].u_bf/u_sub/add_inst/raw_sum_carry__3_n_7
                         LUT2 (Prop_lut2_I1_O)        0.123    13.876 r  raw_sum_carry__0_i_18__0/O
                         net (fo=1, unplaced)         0.000    13.876    raw_sum_carry__0_i_18__0_n_0
                         CARRY4 (Prop_carry4_S[0]_CO[3])
                                                      0.246    14.122 r  raw_sum_carry__0_i_16__2/CO[3]
                         net (fo=1, unplaced)         0.007    14.129    raw_sum_carry__0_i_16__2_n_0
                         CARRY4 (Prop_carry4_CI_O[3])
                                                      0.157    14.286 f  raw_sum_carry__1_i_16__4/O[3]
                         net (fo=2, unplaced)         0.505    14.791    raw_sum_carry__1_i_16__4_n_4
                         LUT6 (Prop_lut6_I5_O)        0.120    14.911 f  raw_sum_carry__2_i_14__14/O
                         net (fo=9, unplaced)         0.283    15.194    gen_r2intt_r8.u_r2intt8/s1_full[7][14]
                         LUT4 (Prop_lut4_I2_O)        0.051    15.245 r  raw_sum_carry_i_24__11/O
                         net (fo=11, unplaced)        0.788    16.033    raw_sum_carry_i_24__11_n_0
                         LUT6 (Prop_lut6_I1_O)        0.043    16.076 f  raw_sum_carry_i_13__35/O
                         net (fo=1, unplaced)         0.742    16.818    raw_sum_carry_i_13__35_n_0
                         LUT6 (Prop_lut6_I0_O)        0.043    16.861 r  raw_sum_carry_i_6__39/O
                         net (fo=36, unplaced)        0.344    17.205    raw_sum_carry_i_6__39_n_0
                         LUT3 (Prop_lut3_I1_O)        0.043    17.248 r  raw_sum_carry_i_4__57/O
                         net (fo=1, unplaced)         0.000    17.248    raw_sum_carry_i_4__57_n_0
                         CARRY4 (Prop_carry4_S[0]_CO[3])
                                                      0.246    17.494 r  gen_r2intt_r8.u_r2intt8/gen_full_s2[3].u_bf/u_sub/add_inst/raw_sum_carry/CO[3]
                         net (fo=1, unplaced)         0.007    17.501    gen_r2intt_r8.u_r2intt8/gen_full_s2[3].u_bf/u_sub/add_inst/raw_sum_carry_n_0
                         CARRY4 (Prop_carry4_CI_CO[3])
                                                      0.054    17.555 r  gen_r2intt_r8.u_r2intt8/gen_full_s2[3].u_bf/u_sub/add_inst/raw_sum_carry__0/CO[3]
                         net (fo=1, unplaced)         0.000    17.555    gen_r2intt_r8.u_r2intt8/gen_full_s2[3].u_bf/u_sub/add_inst/raw_sum_carry__0_n_0
                         CARRY4 (Prop_carry4_CI_CO[3])
                                                      0.054    17.609 r  gen_r2intt_r8.u_r2intt8/gen_full_s2[3].u_bf/u_sub/add_inst/raw_sum_carry__1/CO[3]
                         net (fo=1, unplaced)         0.000    17.609    gen_r2intt_r8.u_r2intt8/gen_full_s2[3].u_bf/u_sub/add_inst/raw_sum_carry__1_n_0
                         CARRY4 (Prop_carry4_CI_CO[3])
                                                      0.054    17.663 r  gen_r2intt_r8.u_r2intt8/gen_full_s2[3].u_bf/u_sub/add_inst/raw_sum_carry__2/CO[3]
                         net (fo=1, unplaced)         0.000    17.663    gen_r2intt_r8.u_r2intt8/gen_full_s2[3].u_bf/u_sub/add_inst/raw_sum_carry__2_n_0
                         CARRY4 (Prop_carry4_CI_O[0])
                                                      0.114    17.777 r  gen_r2intt_r8.u_r2intt8/gen_full_s2[3].u_bf/u_sub/add_inst/raw_sum_carry__3/O[0]
                         net (fo=1, unplaced)         0.191    17.968    gen_r2intt_r8.u_r2intt8/gen_full_s2[3].u_bf/u_sub/add_inst/raw_sum_carry__3_n_7
                         LUT2 (Prop_lut2_I1_O)        0.123    18.091 r  out0_carry_i_35__2/O
                         net (fo=1, unplaced)         0.000    18.091    out0_carry_i_35__2_n_0
                         CARRY4 (Prop_carry4_S[0]_CO[3])
                                                      0.246    18.337 r  out0_carry_i_19__6/CO[3]
                         net (fo=1, unplaced)         0.007    18.344    out0_carry_i_19__6_n_0
                         CARRY4 (Prop_carry4_CI_O[3])
                                                      0.157    18.501 r  out0_carry_i_23__0/O[3]
                         net (fo=2, unplaced)         0.505    19.006    out0_carry_i_23__0_n_4
                         LUT6 (Prop_lut6_I5_O)        0.120    19.126 r  out0_carry__2_i_29__2/O
                         net (fo=1, unplaced)         0.270    19.396    out0_carry__2_i_29__2_n_0
                         LUT6 (Prop_lut6_I2_O)        0.043    19.439 r  out0_carry__2_i_23__5/O
                         net (fo=1, unplaced)         0.242    19.681    out0_carry__2_i_23__5_n_0
                         LUT6 (Prop_lut6_I5_O)        0.043    19.724 r  out0_carry__2_i_12__4/O
                         net (fo=2, unplaced)         0.253    19.977    out0_carry__2_i_12__4_n_0
                         LUT6 (Prop_lut6_I4_O)        0.043    20.020 r  gen_r2intt_r8.u_r2intt8/product_r_reg_i_57__1/O
                         net (fo=1, unplaced)         0.270    20.290    intt_d1_out[134]
                         LUT6 (Prop_lut6_I3_O)        0.043    20.333 r  product_r_reg_i_37__3/O
                         net (fo=17, unplaced)        0.326    20.659    product_r_reg_i_37__3_n_0
                         LUT6 (Prop_lut6_I5_O)        0.043    20.702 r  product_r_reg_i_20__6/O
                         net (fo=1, unplaced)         0.466    21.168    mm_in_a[133]
                         DSP48E1                                      r  gen_modmul_shared[7].u_mm/product_r_reg/A[14]
  -------------------------------------------------------------------    -------------------

                         (clock clk rise edge)        3.000     3.000 r  
                                                      0.000     3.000 r  clk (IN)
                         net (fo=0)                   0.000     3.000    clk
                         IBUF (Prop_ibuf_I_O)         0.649     3.649 r  clk_IBUF_inst/O
                         net (fo=1, unplaced)         0.442     4.091    clk_IBUF
                         BUFG (Prop_bufg_I_O)         0.083     4.174 r  clk_IBUF_BUFG_inst/O
                         net (fo=1604, unplaced)      0.439     4.613    clk_IBUF_BUFG
                         DSP48E1                                      r  gen_modmul_shared[7].u_mm/product_r_reg/CLK
                         clock pessimism              0.108     4.721    
                         clock uncertainty           -0.035     4.686    
                         DSP48E1 (Setup_dsp48e1_CLK_A[14])
                                                     -0.261     4.425    gen_modmul_shared[7].u_mm/product_r_reg
  -------------------------------------------------------------------
                         required time                          4.425    
                         arrival time                         -21.168    
  -------------------------------------------------------------------
                         slack                                -16.743    

Slack (VIOLATED) :        -16.743ns  (required time - arrival time)
  Source:                 u_ctrl/orig_addrs_reg[3]/C
                            (rising edge-triggered cell FDCE clocked by clk  {rise@0.000ns fall@1.500ns period=3.000ns})
  Destination:            gen_modmul_shared[7].u_mm/product_r_reg/A[15]
                            (rising edge-triggered cell DSP48E1 clocked by clk  {rise@0.000ns fall@1.500ns period=3.000ns})
  Path Group:             clk
  Path Type:              Setup (Max at Slow Process Corner)
  Requirement:            3.000ns  (clk rise@3.000ns - clk rise@0.000ns)
  Data Path Delay:        19.302ns  (logic 4.751ns (24.614%)  route 14.551ns (75.385%))
  Logic Levels:           48  (CARRY4=16 LUT2=3 LUT3=5 LUT4=2 LUT5=2 LUT6=19 RAMD32=1)
  Clock Path Skew:        -0.145ns (DCD - SCD + CPR)
    Destination Clock Delay (DCD):    1.613ns = ( 4.613 - 3.000 ) 
    Source Clock Delay      (SCD):    1.866ns
    Clock Pessimism Removal (CPR):    0.108ns
  Clock Uncertainty:      0.035ns  ((TSJ^2 + TIJ^2)^1/2 + DJ) / 2 + PE
    Total System Jitter     (TSJ):    0.071ns
    Total Input Jitter      (TIJ):    0.000ns
    Discrete Jitter          (DJ):    0.000ns
    Phase Error              (PE):    0.000ns

    Location             Delay type                Incr(ns)  Path(ns)    Netlist Resource(s)
  -------------------------------------------------------------------    -------------------
                         (clock clk rise edge)        0.000     0.000 r  
                                                      0.000     0.000 r  clk (IN)
                         net (fo=0)                   0.000     0.000    clk
                         IBUF (Prop_ibuf_I_O)         0.723     0.723 r  clk_IBUF_inst/O
                         net (fo=1, unplaced)         0.466     1.189    clk_IBUF
                         BUFG (Prop_bufg_I_O)         0.093     1.282 r  clk_IBUF_BUFG_inst/O
                         net (fo=1604, unplaced)      0.584     1.866    clk_IBUF_BUFG
                         FDCE                                         r  u_ctrl/orig_addrs_reg[3]/C
  -------------------------------------------------------------------    -------------------
                         FDCE (Prop_fdce_C_Q)         0.233     2.099 r  u_ctrl/orig_addrs_reg[3]/Q
                         net (fo=14, unplaced)        0.467     2.566    u_ctrl/orig_addrs_reg_n_0_[3]
                         LUT3 (Prop_lut3_I0_O)        0.123     2.689 r  iselect_d1[2]_i_2/O
                         net (fo=8, unplaced)         0.308     2.997    iselect_d1[2]_i_2_n_0
                         LUT6 (Prop_lut6_I0_O)        0.043     3.040 r  ntt_waddr_d1[39]_i_4/O
                         net (fo=40, unplaced)        0.347     3.387    ntt_waddr_d1[39]_i_4_n_0
                         LUT6 (Prop_lut6_I4_O)        0.043     3.430 r  ntt_waddr_d1[31]_i_2/O
                         net (fo=4, unplaced)         0.294     3.724    ntt_waddr_d1[31]_i_2_n_0
                         LUT6 (Prop_lut6_I2_O)        0.043     3.767 r  gen_banks[5].mem_reg_0_31_0_5_i_11/O
                         net (fo=36, unplaced)        0.816     4.583    u_membanks/gen_banks[5].mem_reg_0_31_0_5/ADDRB1
                         RAMD32 (Prop_ramd32_RADR1_O)
                                                      0.043     4.626 f  u_membanks/gen_banks[5].mem_reg_0_31_0_5/RAMB_D1/O
                         net (fo=5, unplaced)         0.770     5.396    bank_dout[173]
                         LUT6 (Prop_lut6_I1_O)        0.043     5.439 f  operands_out_d1[241]_i_2/O
                         net (fo=4, unplaced)         0.431     5.870    operands_out_d1[241]_i_2_n_0
                         LUT3 (Prop_lut3_I0_O)        0.051     5.921 f  operands_out_d1[241]_i_1/O
                         net (fo=5, unplaced)         0.435     6.356    op_lower_119[3]
                         LUT4 (Prop_lut4_I1_O)        0.051     6.407 f  raw_sum_carry_i_29__8/O
                         net (fo=1, unplaced)         0.407     6.814    raw_sum_carry_i_29__8_n_0
                         LUT5 (Prop_lut5_I2_O)        0.043     6.857 f  raw_sum_carry_i_23__18/O
                         net (fo=24, unplaced)        0.806     7.663    raw_sum_carry_i_23__18_n_0
                         LUT5 (Prop_lut5_I3_O)        0.047     7.710 f  raw_sum_carry_i_27__14/O
                         net (fo=18, unplaced)        0.464     8.174    raw_sum_carry_i_27__14_n_0
                         LUT6 (Prop_lut6_I5_O)        0.043     8.217 r  raw_sum_carry_i_12__50/O
                         net (fo=98, unplaced)        0.369     8.586    raw_sum_carry_i_12__50_n_0
                         LUT3 (Prop_lut3_I2_O)        0.043     8.629 r  raw_sum_carry_i_7__24/O
                         net (fo=1, unplaced)         0.000     8.629    raw_sum_carry_i_7__24_n_0
                         CARRY4 (Prop_carry4_S[1]_CO[3])
                                                      0.256     8.885 r  gen_r2intt_r8.u_r2intt8/gen_full_s0[3].u_bf/u_sub/add_inst/raw_sum_carry/CO[3]
                         net (fo=1, unplaced)         0.007     8.892    gen_r2intt_r8.u_r2intt8/gen_full_s0[3].u_bf/u_sub/add_inst/raw_sum_carry_n_0
                         CARRY4 (Prop_carry4_CI_O[1])
                                                      0.173     9.065 r  gen_r2intt_r8.u_r2intt8/gen_full_s0[3].u_bf/u_sub/add_inst/raw_sum_carry__0/O[1]
                         net (fo=1, unplaced)         0.386     9.451    gen_r2intt_r8.u_r2intt8/gen_full_s0[3].u_bf/u_sub/add_inst/raw_sum_carry__0_n_6
                         CARRY4 (Prop_carry4_S[1]_CO[3])
                                                      0.381     9.832 r  raw_sum_carry_i_23__6/CO[3]
                         net (fo=1, unplaced)         0.000     9.832    raw_sum_carry_i_23__6_n_0
                         CARRY4 (Prop_carry4_CI_O[3])
                                                      0.157     9.989 r  raw_sum_carry_i_22__5/O[3]
                         net (fo=2, unplaced)         0.505    10.494    gen_r2intt_r8.u_r2intt8/gen_full_s0[3].u_bf/reduced[11]
                         LUT6 (Prop_lut6_I5_O)        0.120    10.614 r  raw_sum_carry_i_37__0/O
                         net (fo=2, unplaced)         0.281    10.895    raw_sum_carry_i_37__0_n_0
                         LUT6 (Prop_lut6_I2_O)        0.043    10.938 r  raw_sum_carry_i_29__7/O
                         net (fo=1, unplaced)         0.742    11.680    raw_sum_carry_i_29__7_n_0
                         LUT6 (Prop_lut6_I1_O)        0.043    11.723 r  raw_sum_carry_i_20__7/O
                         net (fo=1, unplaced)         0.407    12.130    raw_sum_carry_i_20__7_n_0
                         LUT6 (Prop_lut6_I4_O)        0.043    12.173 r  raw_sum_carry_i_7__31/O
                         net (fo=1, unplaced)         0.270    12.443    raw_sum_carry_i_7__31_n_0
                         LUT6 (Prop_lut6_I0_O)        0.043    12.486 r  raw_sum_carry_i_5__33/O
                         net (fo=42, unplaced)        0.348    12.834    raw_sum_carry_i_5__33_n_0
                         LUT2 (Prop_lut2_I0_O)        0.043    12.877 r  raw_sum_carry__1_i_5__26/O
                         net (fo=4, unplaced)         0.294    13.171    gen_r2intt_r8.u_r2intt8/gen_full_s1_b[1].gen_full_s1_g[1].u_bf/in2[11]
                         LUT3 (Prop_lut3_I2_O)        0.043    13.214 r  raw_sum_carry__1_i_1__35/O
                         net (fo=1, unplaced)         0.000    13.214    raw_sum_carry__1_i_1__35_n_0
                         CARRY4 (Prop_carry4_S[3]_CO[3])
                                                      0.180    13.394 r  gen_r2intt_r8.u_r2intt8/gen_full_s1_b[1].gen_full_s1_g[1].u_bf/u_sub/add_inst/raw_sum_carry__1/CO[3]
                         net (fo=1, unplaced)         0.000    13.394    gen_r2intt_r8.u_r2intt8/gen_full_s1_b[1].gen_full_s1_g[1].u_bf/u_sub/add_inst/raw_sum_carry__1_n_0
                         CARRY4 (Prop_carry4_CI_CO[3])
                                                      0.054    13.448 r  gen_r2intt_r8.u_r2intt8/gen_full_s1_b[1].gen_full_s1_g[1].u_bf/u_sub/add_inst/raw_sum_carry__2/CO[3]
                         net (fo=1, unplaced)         0.000    13.448    gen_r2intt_r8.u_r2intt8/gen_full_s1_b[1].gen_full_s1_g[1].u_bf/u_sub/add_inst/raw_sum_carry__2_n_0
                         CARRY4 (Prop_carry4_CI_O[0])
                                                      0.114    13.562 r  gen_r2intt_r8.u_r2intt8/gen_full_s1_b[1].gen_full_s1_g[1].u_bf/u_sub/add_inst/raw_sum_carry__3/O[0]
                         net (fo=1, unplaced)         0.191    13.753    gen_r2intt_r8.u_r2intt8/gen_full_s1_b[1].gen_full_s1_g[1].u_bf/u_sub/add_inst/raw_sum_carry__3_n_7
                         LUT2 (Prop_lut2_I1_O)        0.123    13.876 r  raw_sum_carry__0_i_18__0/O
                         net (fo=1, unplaced)         0.000    13.876    raw_sum_carry__0_i_18__0_n_0
                         CARRY4 (Prop_carry4_S[0]_CO[3])
                                                      0.246    14.122 r  raw_sum_carry__0_i_16__2/CO[3]
                         net (fo=1, unplaced)         0.007    14.129    raw_sum_carry__0_i_16__2_n_0
                         CARRY4 (Prop_carry4_CI_O[3])
                                                      0.157    14.286 f  raw_sum_carry__1_i_16__4/O[3]
                         net (fo=2, unplaced)         0.505    14.791    raw_sum_carry__1_i_16__4_n_4
                         LUT6 (Prop_lut6_I5_O)        0.120    14.911 f  raw_sum_carry__2_i_14__14/O
                         net (fo=9, unplaced)         0.283    15.194    gen_r2intt_r8.u_r2intt8/s1_full[7][14]
                         LUT4 (Prop_lut4_I2_O)        0.051    15.245 r  raw_sum_carry_i_24__11/O
                         net (fo=11, unplaced)        0.788    16.033    raw_sum_carry_i_24__11_n_0
                         LUT6 (Prop_lut6_I1_O)        0.043    16.076 f  raw_sum_carry_i_13__35/O
                         net (fo=1, unplaced)         0.742    16.818    raw_sum_carry_i_13__35_n_0
                         LUT6 (Prop_lut6_I0_O)        0.043    16.861 r  raw_sum_carry_i_6__39/O
                         net (fo=36, unplaced)        0.344    17.205    raw_sum_carry_i_6__39_n_0
                         LUT3 (Prop_lut3_I1_O)        0.043    17.248 r  raw_sum_carry_i_4__57/O
                         net (fo=1, unplaced)         0.000    17.248    raw_sum_carry_i_4__57_n_0
                         CARRY4 (Prop_carry4_S[0]_CO[3])
                                                      0.246    17.494 r  gen_r2intt_r8.u_r2intt8/gen_full_s2[3].u_bf/u_sub/add_inst/raw_sum_carry/CO[3]
                         net (fo=1, unplaced)         0.007    17.501    gen_r2intt_r8.u_r2intt8/gen_full_s2[3].u_bf/u_sub/add_inst/raw_sum_carry_n_0
                         CARRY4 (Prop_carry4_CI_CO[3])
                                                      0.054    17.555 r  gen_r2intt_r8.u_r2intt8/gen_full_s2[3].u_bf/u_sub/add_inst/raw_sum_carry__0/CO[3]
                         net (fo=1, unplaced)         0.000    17.555    gen_r2intt_r8.u_r2intt8/gen_full_s2[3].u_bf/u_sub/add_inst/raw_sum_carry__0_n_0
                         CARRY4 (Prop_carry4_CI_CO[3])
                                                      0.054    17.609 r  gen_r2intt_r8.u_r2intt8/gen_full_s2[3].u_bf/u_sub/add_inst/raw_sum_carry__1/CO[3]
                         net (fo=1, unplaced)         0.000    17.609    gen_r2intt_r8.u_r2intt8/gen_full_s2[3].u_bf/u_sub/add_inst/raw_sum_carry__1_n_0
                         CARRY4 (Prop_carry4_CI_CO[3])
                                                      0.054    17.663 r  gen_r2intt_r8.u_r2intt8/gen_full_s2[3].u_bf/u_sub/add_inst/raw_sum_carry__2/CO[3]
                         net (fo=1, unplaced)         0.000    17.663    gen_r2intt_r8.u_r2intt8/gen_full_s2[3].u_bf/u_sub/add_inst/raw_sum_carry__2_n_0
                         CARRY4 (Prop_carry4_CI_O[0])
                                                      0.114    17.777 r  gen_r2intt_r8.u_r2intt8/gen_full_s2[3].u_bf/u_sub/add_inst/raw_sum_carry__3/O[0]
                         net (fo=1, unplaced)         0.191    17.968    gen_r2intt_r8.u_r2intt8/gen_full_s2[3].u_bf/u_sub/add_inst/raw_sum_carry__3_n_7
                         LUT2 (Prop_lut2_I1_O)        0.123    18.091 r  out0_carry_i_35__2/O
                         net (fo=1, unplaced)         0.000    18.091    out0_carry_i_35__2_n_0
                         CARRY4 (Prop_carry4_S[0]_CO[3])
                                                      0.246    18.337 r  out0_carry_i_19__6/CO[3]
                         net (fo=1, unplaced)         0.007    18.344    out0_carry_i_19__6_n_0
                         CARRY4 (Prop_carry4_CI_O[3])
                                                      0.157    18.501 r  out0_carry_i_23__0/O[3]
                         net (fo=2, unplaced)         0.505    19.006    out0_carry_i_23__0_n_4
                         LUT6 (Prop_lut6_I5_O)        0.120    19.126 r  out0_carry__2_i_29__2/O
                         net (fo=1, unplaced)         0.270    19.396    out0_carry__2_i_29__2_n_0
                         LUT6 (Prop_lut6_I2_O)        0.043    19.439 r  out0_carry__2_i_23__5/O
                         net (fo=1, unplaced)         0.242    19.681    out0_carry__2_i_23__5_n_0
                         LUT6 (Prop_lut6_I5_O)        0.043    19.724 r  out0_carry__2_i_12__4/O
                         net (fo=2, unplaced)         0.253    19.977    out0_carry__2_i_12__4_n_0
                         LUT6 (Prop_lut6_I4_O)        0.043    20.020 r  gen_r2intt_r8.u_r2intt8/product_r_reg_i_57__1/O
                         net (fo=1, unplaced)         0.270    20.290    intt_d1_out[134]
                         LUT6 (Prop_lut6_I3_O)        0.043    20.333 r  product_r_reg_i_37__3/O
                         net (fo=17, unplaced)        0.326    20.659    product_r_reg_i_37__3_n_0
                         LUT6 (Prop_lut6_I5_O)        0.043    20.702 r  product_r_reg_i_19__6/O
                         net (fo=1, unplaced)         0.466    21.168    mm_in_a[134]
                         DSP48E1                                      r  gen_modmul_shared[7].u_mm/product_r_reg/A[15]
  -------------------------------------------------------------------    -------------------

                         (clock clk rise edge)        3.000     3.000 r  
                                                      0.000     3.000 r  clk (IN)
                         net (fo=0)                   0.000     3.000    clk
                         IBUF (Prop_ibuf_I_O)         0.649     3.649 r  clk_IBUF_inst/O
                         net (fo=1, unplaced)         0.442     4.091    clk_IBUF
                         BUFG (Prop_bufg_I_O)         0.083     4.174 r  clk_IBUF_BUFG_inst/O
                         net (fo=1604, unplaced)      0.439     4.613    clk_IBUF_BUFG
                         DSP48E1                                      r  gen_modmul_shared[7].u_mm/product_r_reg/CLK
                         clock pessimism              0.108     4.721    
                         clock uncertainty           -0.035     4.686    
                         DSP48E1 (Setup_dsp48e1_CLK_A[15])
                                                     -0.261     4.425    gen_modmul_shared[7].u_mm/product_r_reg
  -------------------------------------------------------------------
                         required time                          4.425    
                         arrival time                         -21.168    
  -------------------------------------------------------------------
                         slack                                -16.743    

Slack (VIOLATED) :        -16.743ns  (required time - arrival time)
  Source:                 u_ctrl/orig_addrs_reg[3]/C
                            (rising edge-triggered cell FDCE clocked by clk  {rise@0.000ns fall@1.500ns period=3.000ns})
  Destination:            gen_modmul_shared[7].u_mm/product_r_reg/A[16]
                            (rising edge-triggered cell DSP48E1 clocked by clk  {rise@0.000ns fall@1.500ns period=3.000ns})
  Path Group:             clk
  Path Type:              Setup (Max at Slow Process Corner)
  Requirement:            3.000ns  (clk rise@3.000ns - clk rise@0.000ns)
  Data Path Delay:        19.302ns  (logic 4.751ns (24.614%)  route 14.551ns (75.385%))
  Logic Levels:           48  (CARRY4=16 LUT2=3 LUT3=5 LUT4=2 LUT5=2 LUT6=19 RAMD32=1)
  Clock Path Skew:        -0.145ns (DCD - SCD + CPR)
    Destination Clock Delay (DCD):    1.613ns = ( 4.613 - 3.000 ) 
    Source Clock Delay      (SCD):    1.866ns
    Clock Pessimism Removal (CPR):    0.108ns
  Clock Uncertainty:      0.035ns  ((TSJ^2 + TIJ^2)^1/2 + DJ) / 2 + PE
    Total System Jitter     (TSJ):    0.071ns
    Total Input Jitter      (TIJ):    0.000ns
    Discrete Jitter          (DJ):    0.000ns
    Phase Error              (PE):    0.000ns

    Location             Delay type                Incr(ns)  Path(ns)    Netlist Resource(s)
  -------------------------------------------------------------------    -------------------
                         (clock clk rise edge)        0.000     0.000 r  
                                                      0.000     0.000 r  clk (IN)
                         net (fo=0)                   0.000     0.000    clk
                         IBUF (Prop_ibuf_I_O)         0.723     0.723 r  clk_IBUF_inst/O
                         net (fo=1, unplaced)         0.466     1.189    clk_IBUF
                         BUFG (Prop_bufg_I_O)         0.093     1.282 r  clk_IBUF_BUFG_inst/O
                         net (fo=1604, unplaced)      0.584     1.866    clk_IBUF_BUFG
                         FDCE                                         r  u_ctrl/orig_addrs_reg[3]/C
  -------------------------------------------------------------------    -------------------
                         FDCE (Prop_fdce_C_Q)         0.233     2.099 r  u_ctrl/orig_addrs_reg[3]/Q
                         net (fo=14, unplaced)        0.467     2.566    u_ctrl/orig_addrs_reg_n_0_[3]
                         LUT3 (Prop_lut3_I0_O)        0.123     2.689 r  iselect_d1[2]_i_2/O
                         net (fo=8, unplaced)         0.308     2.997    iselect_d1[2]_i_2_n_0
                         LUT6 (Prop_lut6_I0_O)        0.043     3.040 r  ntt_waddr_d1[39]_i_4/O
                         net (fo=40, unplaced)        0.347     3.387    ntt_waddr_d1[39]_i_4_n_0
                         LUT6 (Prop_lut6_I4_O)        0.043     3.430 r  ntt_waddr_d1[31]_i_2/O
                         net (fo=4, unplaced)         0.294     3.724    ntt_waddr_d1[31]_i_2_n_0
                         LUT6 (Prop_lut6_I2_O)        0.043     3.767 r  gen_banks[5].mem_reg_0_31_0_5_i_11/O
                         net (fo=36, unplaced)        0.816     4.583    u_membanks/gen_banks[5].mem_reg_0_31_0_5/ADDRB1
                         RAMD32 (Prop_ramd32_RADR1_O)
                                                      0.043     4.626 f  u_membanks/gen_banks[5].mem_reg_0_31_0_5/RAMB_D1/O
                         net (fo=5, unplaced)         0.770     5.396    bank_dout[173]
                         LUT6 (Prop_lut6_I1_O)        0.043     5.439 f  operands_out_d1[241]_i_2/O
                         net (fo=4, unplaced)         0.431     5.870    operands_out_d1[241]_i_2_n_0
                         LUT3 (Prop_lut3_I0_O)        0.051     5.921 f  operands_out_d1[241]_i_1/O
                         net (fo=5, unplaced)         0.435     6.356    op_lower_119[3]
                         LUT4 (Prop_lut4_I1_O)        0.051     6.407 f  raw_sum_carry_i_29__8/O
                         net (fo=1, unplaced)         0.407     6.814    raw_sum_carry_i_29__8_n_0
                         LUT5 (Prop_lut5_I2_O)        0.043     6.857 f  raw_sum_carry_i_23__18/O
                         net (fo=24, unplaced)        0.806     7.663    raw_sum_carry_i_23__18_n_0
                         LUT5 (Prop_lut5_I3_O)        0.047     7.710 f  raw_sum_carry_i_27__14/O
                         net (fo=18, unplaced)        0.464     8.174    raw_sum_carry_i_27__14_n_0
                         LUT6 (Prop_lut6_I5_O)        0.043     8.217 r  raw_sum_carry_i_12__50/O
                         net (fo=98, unplaced)        0.369     8.586    raw_sum_carry_i_12__50_n_0
                         LUT3 (Prop_lut3_I2_O)        0.043     8.629 r  raw_sum_carry_i_7__24/O
                         net (fo=1, unplaced)         0.000     8.629    raw_sum_carry_i_7__24_n_0
                         CARRY4 (Prop_carry4_S[1]_CO[3])
                                                      0.256     8.885 r  gen_r2intt_r8.u_r2intt8/gen_full_s0[3].u_bf/u_sub/add_inst/raw_sum_carry/CO[3]
                         net (fo=1, unplaced)         0.007     8.892    gen_r2intt_r8.u_r2intt8/gen_full_s0[3].u_bf/u_sub/add_inst/raw_sum_carry_n_0
                         CARRY4 (Prop_carry4_CI_O[1])
                                                      0.173     9.065 r  gen_r2intt_r8.u_r2intt8/gen_full_s0[3].u_bf/u_sub/add_inst/raw_sum_carry__0/O[1]
                         net (fo=1, unplaced)         0.386     9.451    gen_r2intt_r8.u_r2intt8/gen_full_s0[3].u_bf/u_sub/add_inst/raw_sum_carry__0_n_6
                         CARRY4 (Prop_carry4_S[1]_CO[3])
                                                      0.381     9.832 r  raw_sum_carry_i_23__6/CO[3]
                         net (fo=1, unplaced)         0.000     9.832    raw_sum_carry_i_23__6_n_0
                         CARRY4 (Prop_carry4_CI_O[3])
                                                      0.157     9.989 r  raw_sum_carry_i_22__5/O[3]
                         net (fo=2, unplaced)         0.505    10.494    gen_r2intt_r8.u_r2intt8/gen_full_s0[3].u_bf/reduced[11]
                         LUT6 (Prop_lut6_I5_O)        0.120    10.614 r  raw_sum_carry_i_37__0/O
                         net (fo=2, unplaced)         0.281    10.895    raw_sum_carry_i_37__0_n_0
                         LUT6 (Prop_lut6_I2_O)        0.043    10.938 r  raw_sum_carry_i_29__7/O
                         net (fo=1, unplaced)         0.742    11.680    raw_sum_carry_i_29__7_n_0
                         LUT6 (Prop_lut6_I1_O)        0.043    11.723 r  raw_sum_carry_i_20__7/O
                         net (fo=1, unplaced)         0.407    12.130    raw_sum_carry_i_20__7_n_0
                         LUT6 (Prop_lut6_I4_O)        0.043    12.173 r  raw_sum_carry_i_7__31/O
                         net (fo=1, unplaced)         0.270    12.443    raw_sum_carry_i_7__31_n_0
                         LUT6 (Prop_lut6_I0_O)        0.043    12.486 r  raw_sum_carry_i_5__33/O
                         net (fo=42, unplaced)        0.348    12.834    raw_sum_carry_i_5__33_n_0
                         LUT2 (Prop_lut2_I0_O)        0.043    12.877 r  raw_sum_carry__1_i_5__26/O
                         net (fo=4, unplaced)         0.294    13.171    gen_r2intt_r8.u_r2intt8/gen_full_s1_b[1].gen_full_s1_g[1].u_bf/in2[11]
                         LUT3 (Prop_lut3_I2_O)        0.043    13.214 r  raw_sum_carry__1_i_1__35/O
                         net (fo=1, unplaced)         0.000    13.214    raw_sum_carry__1_i_1__35_n_0
                         CARRY4 (Prop_carry4_S[3]_CO[3])
                                                      0.180    13.394 r  gen_r2intt_r8.u_r2intt8/gen_full_s1_b[1].gen_full_s1_g[1].u_bf/u_sub/add_inst/raw_sum_carry__1/CO[3]
                         net (fo=1, unplaced)         0.000    13.394    gen_r2intt_r8.u_r2intt8/gen_full_s1_b[1].gen_full_s1_g[1].u_bf/u_sub/add_inst/raw_sum_carry__1_n_0
                         CARRY4 (Prop_carry4_CI_CO[3])
                                                      0.054    13.448 r  gen_r2intt_r8.u_r2intt8/gen_full_s1_b[1].gen_full_s1_g[1].u_bf/u_sub/add_inst/raw_sum_carry__2/CO[3]
                         net (fo=1, unplaced)         0.000    13.448    gen_r2intt_r8.u_r2intt8/gen_full_s1_b[1].gen_full_s1_g[1].u_bf/u_sub/add_inst/raw_sum_carry__2_n_0
                         CARRY4 (Prop_carry4_CI_O[0])
                                                      0.114    13.562 r  gen_r2intt_r8.u_r2intt8/gen_full_s1_b[1].gen_full_s1_g[1].u_bf/u_sub/add_inst/raw_sum_carry__3/O[0]
                         net (fo=1, unplaced)         0.191    13.753    gen_r2intt_r8.u_r2intt8/gen_full_s1_b[1].gen_full_s1_g[1].u_bf/u_sub/add_inst/raw_sum_carry__3_n_7
                         LUT2 (Prop_lut2_I1_O)        0.123    13.876 r  raw_sum_carry__0_i_18__0/O
                         net (fo=1, unplaced)         0.000    13.876    raw_sum_carry__0_i_18__0_n_0
                         CARRY4 (Prop_carry4_S[0]_CO[3])
                                                      0.246    14.122 r  raw_sum_carry__0_i_16__2/CO[3]
                         net (fo=1, unplaced)         0.007    14.129    raw_sum_carry__0_i_16__2_n_0
                         CARRY4 (Prop_carry4_CI_O[3])
                                                      0.157    14.286 f  raw_sum_carry__1_i_16__4/O[3]
                         net (fo=2, unplaced)         0.505    14.791    raw_sum_carry__1_i_16__4_n_4
                         LUT6 (Prop_lut6_I5_O)        0.120    14.911 f  raw_sum_carry__2_i_14__14/O
                         net (fo=9, unplaced)         0.283    15.194    gen_r2intt_r8.u_r2intt8/s1_full[7][14]
                         LUT4 (Prop_lut4_I2_O)        0.051    15.245 r  raw_sum_carry_i_24__11/O
                         net (fo=11, unplaced)        0.788    16.033    raw_sum_carry_i_24__11_n_0
                         LUT6 (Prop_lut6_I1_O)        0.043    16.076 f  raw_sum_carry_i_13__35/O
                         net (fo=1, unplaced)         0.742    16.818    raw_sum_carry_i_13__35_n_0
                         LUT6 (Prop_lut6_I0_O)        0.043    16.861 r  raw_sum_carry_i_6__39/O
                         net (fo=36, unplaced)        0.344    17.205    raw_sum_carry_i_6__39_n_0
                         LUT3 (Prop_lut3_I1_O)        0.043    17.248 r  raw_sum_carry_i_4__57/O
                         net (fo=1, unplaced)         0.000    17.248    raw_sum_carry_i_4__57_n_0
                         CARRY4 (Prop_carry4_S[0]_CO[3])
                                                      0.246    17.494 r  gen_r2intt_r8.u_r2intt8/gen_full_s2[3].u_bf/u_sub/add_inst/raw_sum_carry/CO[3]
                         net (fo=1, unplaced)         0.007    17.501    gen_r2intt_r8.u_r2intt8/gen_full_s2[3].u_bf/u_sub/add_inst/raw_sum_carry_n_0
                         CARRY4 (Prop_carry4_CI_CO[3])
                                                      0.054    17.555 r  gen_r2intt_r8.u_r2intt8/gen_full_s2[3].u_bf/u_sub/add_inst/raw_sum_carry__0/CO[3]
                         net (fo=1, unplaced)         0.000    17.555    gen_r2intt_r8.u_r2intt8/gen_full_s2[3].u_bf/u_sub/add_inst/raw_sum_carry__0_n_0
                         CARRY4 (Prop_carry4_CI_CO[3])
                                                      0.054    17.609 r  gen_r2intt_r8.u_r2intt8/gen_full_s2[3].u_bf/u_sub/add_inst/raw_sum_carry__1/CO[3]
                         net (fo=1, unplaced)         0.000    17.609    gen_r2intt_r8.u_r2intt8/gen_full_s2[3].u_bf/u_sub/add_inst/raw_sum_carry__1_n_0
                         CARRY4 (Prop_carry4_CI_CO[3])
                                                      0.054    17.663 r  gen_r2intt_r8.u_r2intt8/gen_full_s2[3].u_bf/u_sub/add_inst/raw_sum_carry__2/CO[3]
                         net (fo=1, unplaced)         0.000    17.663    gen_r2intt_r8.u_r2intt8/gen_full_s2[3].u_bf/u_sub/add_inst/raw_sum_carry__2_n_0
                         CARRY4 (Prop_carry4_CI_O[0])
                                                      0.114    17.777 r  gen_r2intt_r8.u_r2intt8/gen_full_s2[3].u_bf/u_sub/add_inst/raw_sum_carry__3/O[0]
                         net (fo=1, unplaced)         0.191    17.968    gen_r2intt_r8.u_r2intt8/gen_full_s2[3].u_bf/u_sub/add_inst/raw_sum_carry__3_n_7
                         LUT2 (Prop_lut2_I1_O)        0.123    18.091 r  out0_carry_i_35__2/O
                         net (fo=1, unplaced)         0.000    18.091    out0_carry_i_35__2_n_0
                         CARRY4 (Prop_carry4_S[0]_CO[3])
                                                      0.246    18.337 r  out0_carry_i_19__6/CO[3]
                         net (fo=1, unplaced)         0.007    18.344    out0_carry_i_19__6_n_0
                         CARRY4 (Prop_carry4_CI_O[3])
                                                      0.157    18.501 r  out0_carry_i_23__0/O[3]
                         net (fo=2, unplaced)         0.505    19.006    out0_carry_i_23__0_n_4
                         LUT6 (Prop_lut6_I5_O)        0.120    19.126 r  out0_carry__2_i_29__2/O
                         net (fo=1, unplaced)         0.270    19.396    out0_carry__2_i_29__2_n_0
                         LUT6 (Prop_lut6_I2_O)        0.043    19.439 r  out0_carry__2_i_23__5/O
                         net (fo=1, unplaced)         0.242    19.681    out0_carry__2_i_23__5_n_0
                         LUT6 (Prop_lut6_I5_O)        0.043    19.724 r  out0_carry__2_i_12__4/O
                         net (fo=2, unplaced)         0.253    19.977    out0_carry__2_i_12__4_n_0
                         LUT6 (Prop_lut6_I4_O)        0.043    20.020 r  gen_r2intt_r8.u_r2intt8/product_r_reg_i_57__1/O
                         net (fo=1, unplaced)         0.270    20.290    intt_d1_out[134]
                         LUT6 (Prop_lut6_I3_O)        0.043    20.333 r  product_r_reg_i_37__3/O
                         net (fo=17, unplaced)        0.326    20.659    product_r_reg_i_37__3_n_0
                         LUT6 (Prop_lut6_I5_O)        0.043    20.702 r  product_r_reg_i_18__6/O
                         net (fo=1, unplaced)         0.466    21.168    mm_in_a[135]
                         DSP48E1                                      r  gen_modmul_shared[7].u_mm/product_r_reg/A[16]
  -------------------------------------------------------------------    -------------------

                         (clock clk rise edge)        3.000     3.000 r  
                                                      0.000     3.000 r  clk (IN)
                         net (fo=0)                   0.000     3.000    clk
                         IBUF (Prop_ibuf_I_O)         0.649     3.649 r  clk_IBUF_inst/O
                         net (fo=1, unplaced)         0.442     4.091    clk_IBUF
                         BUFG (Prop_bufg_I_O)         0.083     4.174 r  clk_IBUF_BUFG_inst/O
                         net (fo=1604, unplaced)      0.439     4.613    clk_IBUF_BUFG
                         DSP48E1                                      r  gen_modmul_shared[7].u_mm/product_r_reg/CLK
                         clock pessimism              0.108     4.721    
                         clock uncertainty           -0.035     4.686    
                         DSP48E1 (Setup_dsp48e1_CLK_A[16])
                                                     -0.261     4.425    gen_modmul_shared[7].u_mm/product_r_reg
  -------------------------------------------------------------------
                         required time                          4.425    
                         arrival time                         -21.168    
  -------------------------------------------------------------------
                         slack                                -16.743    

Slack (VIOLATED) :        -16.743ns  (required time - arrival time)
  Source:                 u_ctrl/orig_addrs_reg[3]/C
                            (rising edge-triggered cell FDCE clocked by clk  {rise@0.000ns fall@1.500ns period=3.000ns})
  Destination:            gen_modmul_shared[7].u_mm/product_r_reg/A[1]
                            (rising edge-triggered cell DSP48E1 clocked by clk  {rise@0.000ns fall@1.500ns period=3.000ns})
  Path Group:             clk
  Path Type:              Setup (Max at Slow Process Corner)
  Requirement:            3.000ns  (clk rise@3.000ns - clk rise@0.000ns)
  Data Path Delay:        19.302ns  (logic 4.751ns (24.614%)  route 14.551ns (75.385%))
  Logic Levels:           48  (CARRY4=16 LUT2=3 LUT3=5 LUT4=2 LUT5=2 LUT6=19 RAMD32=1)
  Clock Path Skew:        -0.145ns (DCD - SCD + CPR)
    Destination Clock Delay (DCD):    1.613ns = ( 4.613 - 3.000 ) 
    Source Clock Delay      (SCD):    1.866ns
    Clock Pessimism Removal (CPR):    0.108ns
  Clock Uncertainty:      0.035ns  ((TSJ^2 + TIJ^2)^1/2 + DJ) / 2 + PE
    Total System Jitter     (TSJ):    0.071ns
    Total Input Jitter      (TIJ):    0.000ns
    Discrete Jitter          (DJ):    0.000ns
    Phase Error              (PE):    0.000ns

    Location             Delay type                Incr(ns)  Path(ns)    Netlist Resource(s)
  -------------------------------------------------------------------    -------------------
                         (clock clk rise edge)        0.000     0.000 r  
                                                      0.000     0.000 r  clk (IN)
                         net (fo=0)                   0.000     0.000    clk
                         IBUF (Prop_ibuf_I_O)         0.723     0.723 r  clk_IBUF_inst/O
                         net (fo=1, unplaced)         0.466     1.189    clk_IBUF
                         BUFG (Prop_bufg_I_O)         0.093     1.282 r  clk_IBUF_BUFG_inst/O
                         net (fo=1604, unplaced)      0.584     1.866    clk_IBUF_BUFG
                         FDCE                                         r  u_ctrl/orig_addrs_reg[3]/C
  -------------------------------------------------------------------    -------------------
                         FDCE (Prop_fdce_C_Q)         0.233     2.099 r  u_ctrl/orig_addrs_reg[3]/Q
                         net (fo=14, unplaced)        0.467     2.566    u_ctrl/orig_addrs_reg_n_0_[3]
                         LUT3 (Prop_lut3_I0_O)        0.123     2.689 r  iselect_d1[2]_i_2/O
                         net (fo=8, unplaced)         0.308     2.997    iselect_d1[2]_i_2_n_0
                         LUT6 (Prop_lut6_I0_O)        0.043     3.040 r  ntt_waddr_d1[39]_i_4/O
                         net (fo=40, unplaced)        0.347     3.387    ntt_waddr_d1[39]_i_4_n_0
                         LUT6 (Prop_lut6_I4_O)        0.043     3.430 r  ntt_waddr_d1[31]_i_2/O
                         net (fo=4, unplaced)         0.294     3.724    ntt_waddr_d1[31]_i_2_n_0
                         LUT6 (Prop_lut6_I2_O)        0.043     3.767 r  gen_banks[5].mem_reg_0_31_0_5_i_11/O
                         net (fo=36, unplaced)        0.816     4.583    u_membanks/gen_banks[5].mem_reg_0_31_0_5/ADDRB1
                         RAMD32 (Prop_ramd32_RADR1_O)
                                                      0.043     4.626 f  u_membanks/gen_banks[5].mem_reg_0_31_0_5/RAMB_D1/O
                         net (fo=5, unplaced)         0.770     5.396    bank_dout[173]
                         LUT6 (Prop_lut6_I1_O)        0.043     5.439 f  operands_out_d1[241]_i_2/O
                         net (fo=4, unplaced)         0.431     5.870    operands_out_d1[241]_i_2_n_0
                         LUT3 (Prop_lut3_I0_O)        0.051     5.921 f  operands_out_d1[241]_i_1/O
                         net (fo=5, unplaced)         0.435     6.356    op_lower_119[3]
                         LUT4 (Prop_lut4_I1_O)        0.051     6.407 f  raw_sum_carry_i_29__8/O
                         net (fo=1, unplaced)         0.407     6.814    raw_sum_carry_i_29__8_n_0
                         LUT5 (Prop_lut5_I2_O)        0.043     6.857 f  raw_sum_carry_i_23__18/O
                         net (fo=24, unplaced)        0.806     7.663    raw_sum_carry_i_23__18_n_0
                         LUT5 (Prop_lut5_I3_O)        0.047     7.710 f  raw_sum_carry_i_27__14/O
                         net (fo=18, unplaced)        0.464     8.174    raw_sum_carry_i_27__14_n_0
                         LUT6 (Prop_lut6_I5_O)        0.043     8.217 r  raw_sum_carry_i_12__50/O
                         net (fo=98, unplaced)        0.369     8.586    raw_sum_carry_i_12__50_n_0
                         LUT3 (Prop_lut3_I2_O)        0.043     8.629 r  raw_sum_carry_i_7__24/O
                         net (fo=1, unplaced)         0.000     8.629    raw_sum_carry_i_7__24_n_0
                         CARRY4 (Prop_carry4_S[1]_CO[3])
                                                      0.256     8.885 r  gen_r2intt_r8.u_r2intt8/gen_full_s0[3].u_bf/u_sub/add_inst/raw_sum_carry/CO[3]
                         net (fo=1, unplaced)         0.007     8.892    gen_r2intt_r8.u_r2intt8/gen_full_s0[3].u_bf/u_sub/add_inst/raw_sum_carry_n_0
                         CARRY4 (Prop_carry4_CI_O[1])
                                                      0.173     9.065 r  gen_r2intt_r8.u_r2intt8/gen_full_s0[3].u_bf/u_sub/add_inst/raw_sum_carry__0/O[1]
                         net (fo=1, unplaced)         0.386     9.451    gen_r2intt_r8.u_r2intt8/gen_full_s0[3].u_bf/u_sub/add_inst/raw_sum_carry__0_n_6
                         CARRY4 (Prop_carry4_S[1]_CO[3])
                                                      0.381     9.832 r  raw_sum_carry_i_23__6/CO[3]
                         net (fo=1, unplaced)         0.000     9.832    raw_sum_carry_i_23__6_n_0
                         CARRY4 (Prop_carry4_CI_O[3])
                                                      0.157     9.989 r  raw_sum_carry_i_22__5/O[3]
                         net (fo=2, unplaced)         0.505    10.494    gen_r2intt_r8.u_r2intt8/gen_full_s0[3].u_bf/reduced[11]
                         LUT6 (Prop_lut6_I5_O)        0.120    10.614 r  raw_sum_carry_i_37__0/O
                         net (fo=2, unplaced)         0.281    10.895    raw_sum_carry_i_37__0_n_0
                         LUT6 (Prop_lut6_I2_O)        0.043    10.938 r  raw_sum_carry_i_29__7/O
                         net (fo=1, unplaced)         0.742    11.680    raw_sum_carry_i_29__7_n_0
                         LUT6 (Prop_lut6_I1_O)        0.043    11.723 r  raw_sum_carry_i_20__7/O
                         net (fo=1, unplaced)         0.407    12.130    raw_sum_carry_i_20__7_n_0
                         LUT6 (Prop_lut6_I4_O)        0.043    12.173 r  raw_sum_carry_i_7__31/O
                         net (fo=1, unplaced)         0.270    12.443    raw_sum_carry_i_7__31_n_0
                         LUT6 (Prop_lut6_I0_O)        0.043    12.486 r  raw_sum_carry_i_5__33/O
                         net (fo=42, unplaced)        0.348    12.834    raw_sum_carry_i_5__33_n_0
                         LUT2 (Prop_lut2_I0_O)        0.043    12.877 r  raw_sum_carry__1_i_5__26/O
                         net (fo=4, unplaced)         0.294    13.171    gen_r2intt_r8.u_r2intt8/gen_full_s1_b[1].gen_full_s1_g[1].u_bf/in2[11]
                         LUT3 (Prop_lut3_I2_O)        0.043    13.214 r  raw_sum_carry__1_i_1__35/O
                         net (fo=1, unplaced)         0.000    13.214    raw_sum_carry__1_i_1__35_n_0
                         CARRY4 (Prop_carry4_S[3]_CO[3])
                                                      0.180    13.394 r  gen_r2intt_r8.u_r2intt8/gen_full_s1_b[1].gen_full_s1_g[1].u_bf/u_sub/add_inst/raw_sum_carry__1/CO[3]
                         net (fo=1, unplaced)         0.000    13.394    gen_r2intt_r8.u_r2intt8/gen_full_s1_b[1].gen_full_s1_g[1].u_bf/u_sub/add_inst/raw_sum_carry__1_n_0
                         CARRY4 (Prop_carry4_CI_CO[3])
                                                      0.054    13.448 r  gen_r2intt_r8.u_r2intt8/gen_full_s1_b[1].gen_full_s1_g[1].u_bf/u_sub/add_inst/raw_sum_carry__2/CO[3]
                         net (fo=1, unplaced)         0.000    13.448    gen_r2intt_r8.u_r2intt8/gen_full_s1_b[1].gen_full_s1_g[1].u_bf/u_sub/add_inst/raw_sum_carry__2_n_0
                         CARRY4 (Prop_carry4_CI_O[0])
                                                      0.114    13.562 r  gen_r2intt_r8.u_r2intt8/gen_full_s1_b[1].gen_full_s1_g[1].u_bf/u_sub/add_inst/raw_sum_carry__3/O[0]
                         net (fo=1, unplaced)         0.191    13.753    gen_r2intt_r8.u_r2intt8/gen_full_s1_b[1].gen_full_s1_g[1].u_bf/u_sub/add_inst/raw_sum_carry__3_n_7
                         LUT2 (Prop_lut2_I1_O)        0.123    13.876 r  raw_sum_carry__0_i_18__0/O
                         net (fo=1, unplaced)         0.000    13.876    raw_sum_carry__0_i_18__0_n_0
                         CARRY4 (Prop_carry4_S[0]_CO[3])
                                                      0.246    14.122 r  raw_sum_carry__0_i_16__2/CO[3]
                         net (fo=1, unplaced)         0.007    14.129    raw_sum_carry__0_i_16__2_n_0
                         CARRY4 (Prop_carry4_CI_O[3])
                                                      0.157    14.286 f  raw_sum_carry__1_i_16__4/O[3]
                         net (fo=2, unplaced)         0.505    14.791    raw_sum_carry__1_i_16__4_n_4
                         LUT6 (Prop_lut6_I5_O)        0.120    14.911 f  raw_sum_carry__2_i_14__14/O
                         net (fo=9, unplaced)         0.283    15.194    gen_r2intt_r8.u_r2intt8/s1_full[7][14]
                         LUT4 (Prop_lut4_I2_O)        0.051    15.245 r  raw_sum_carry_i_24__11/O
                         net (fo=11, unplaced)        0.788    16.033    raw_sum_carry_i_24__11_n_0
                         LUT6 (Prop_lut6_I1_O)        0.043    16.076 f  raw_sum_carry_i_13__35/O
                         net (fo=1, unplaced)         0.742    16.818    raw_sum_carry_i_13__35_n_0
                         LUT6 (Prop_lut6_I0_O)        0.043    16.861 r  raw_sum_carry_i_6__39/O
                         net (fo=36, unplaced)        0.344    17.205    raw_sum_carry_i_6__39_n_0
                         LUT3 (Prop_lut3_I1_O)        0.043    17.248 r  raw_sum_carry_i_4__57/O
                         net (fo=1, unplaced)         0.000    17.248    raw_sum_carry_i_4__57_n_0
                         CARRY4 (Prop_carry4_S[0]_CO[3])
                                                      0.246    17.494 r  gen_r2intt_r8.u_r2intt8/gen_full_s2[3].u_bf/u_sub/add_inst/raw_sum_carry/CO[3]
                         net (fo=1, unplaced)         0.007    17.501    gen_r2intt_r8.u_r2intt8/gen_full_s2[3].u_bf/u_sub/add_inst/raw_sum_carry_n_0
                         CARRY4 (Prop_carry4_CI_CO[3])
                                                      0.054    17.555 r  gen_r2intt_r8.u_r2intt8/gen_full_s2[3].u_bf/u_sub/add_inst/raw_sum_carry__0/CO[3]
                         net (fo=1, unplaced)         0.000    17.555    gen_r2intt_r8.u_r2intt8/gen_full_s2[3].u_bf/u_sub/add_inst/raw_sum_carry__0_n_0
                         CARRY4 (Prop_carry4_CI_CO[3])
                                                      0.054    17.609 r  gen_r2intt_r8.u_r2intt8/gen_full_s2[3].u_bf/u_sub/add_inst/raw_sum_carry__1/CO[3]
                         net (fo=1, unplaced)         0.000    17.609    gen_r2intt_r8.u_r2intt8/gen_full_s2[3].u_bf/u_sub/add_inst/raw_sum_carry__1_n_0
                         CARRY4 (Prop_carry4_CI_CO[3])
                                                      0.054    17.663 r  gen_r2intt_r8.u_r2intt8/gen_full_s2[3].u_bf/u_sub/add_inst/raw_sum_carry__2/CO[3]
                         net (fo=1, unplaced)         0.000    17.663    gen_r2intt_r8.u_r2intt8/gen_full_s2[3].u_bf/u_sub/add_inst/raw_sum_carry__2_n_0
                         CARRY4 (Prop_carry4_CI_O[0])
                                                      0.114    17.777 r  gen_r2intt_r8.u_r2intt8/gen_full_s2[3].u_bf/u_sub/add_inst/raw_sum_carry__3/O[0]
                         net (fo=1, unplaced)         0.191    17.968    gen_r2intt_r8.u_r2intt8/gen_full_s2[3].u_bf/u_sub/add_inst/raw_sum_carry__3_n_7
                         LUT2 (Prop_lut2_I1_O)        0.123    18.091 r  out0_carry_i_35__2/O
                         net (fo=1, unplaced)         0.000    18.091    out0_carry_i_35__2_n_0
                         CARRY4 (Prop_carry4_S[0]_CO[3])
                                                      0.246    18.337 r  out0_carry_i_19__6/CO[3]
                         net (fo=1, unplaced)         0.007    18.344    out0_carry_i_19__6_n_0
                         CARRY4 (Prop_carry4_CI_O[3])
                                                      0.157    18.501 r  out0_carry_i_23__0/O[3]
                         net (fo=2, unplaced)         0.505    19.006    out0_carry_i_23__0_n_4
                         LUT6 (Prop_lut6_I5_O)        0.120    19.126 r  out0_carry__2_i_29__2/O
                         net (fo=1, unplaced)         0.270    19.396    out0_carry__2_i_29__2_n_0
                         LUT6 (Prop_lut6_I2_O)        0.043    19.439 r  out0_carry__2_i_23__5/O
                         net (fo=1, unplaced)         0.242    19.681    out0_carry__2_i_23__5_n_0
                         LUT6 (Prop_lut6_I5_O)        0.043    19.724 r  out0_carry__2_i_12__4/O
                         net (fo=2, unplaced)         0.253    19.977    out0_carry__2_i_12__4_n_0
                         LUT6 (Prop_lut6_I4_O)        0.043    20.020 r  gen_r2intt_r8.u_r2intt8/product_r_reg_i_57__1/O
                         net (fo=1, unplaced)         0.270    20.290    intt_d1_out[134]
                         LUT6 (Prop_lut6_I3_O)        0.043    20.333 r  product_r_reg_i_37__3/O
                         net (fo=17, unplaced)        0.326    20.659    product_r_reg_i_37__3_n_0
                         LUT6 (Prop_lut6_I5_O)        0.043    20.702 r  product_r_reg_i_33__6/O
                         net (fo=1, unplaced)         0.466    21.168    mm_in_a[120]
                         DSP48E1                                      r  gen_modmul_shared[7].u_mm/product_r_reg/A[1]
  -------------------------------------------------------------------    -------------------

                         (clock clk rise edge)        3.000     3.000 r  
                                                      0.000     3.000 r  clk (IN)
                         net (fo=0)                   0.000     3.000    clk
                         IBUF (Prop_ibuf_I_O)         0.649     3.649 r  clk_IBUF_inst/O
                         net (fo=1, unplaced)         0.442     4.091    clk_IBUF
                         BUFG (Prop_bufg_I_O)         0.083     4.174 r  clk_IBUF_BUFG_inst/O
                         net (fo=1604, unplaced)      0.439     4.613    clk_IBUF_BUFG
                         DSP48E1                                      r  gen_modmul_shared[7].u_mm/product_r_reg/CLK
                         clock pessimism              0.108     4.721    
                         clock uncertainty           -0.035     4.686    
                         DSP48E1 (Setup_dsp48e1_CLK_A[1])
                                                     -0.261     4.425    gen_modmul_shared[7].u_mm/product_r_reg
  -------------------------------------------------------------------
                         required time                          4.425    
                         arrival time                         -21.168    
  -------------------------------------------------------------------
                         slack                                -16.743    

Slack (VIOLATED) :        -16.743ns  (required time - arrival time)
  Source:                 u_ctrl/orig_addrs_reg[3]/C
                            (rising edge-triggered cell FDCE clocked by clk  {rise@0.000ns fall@1.500ns period=3.000ns})
  Destination:            gen_modmul_shared[7].u_mm/product_r_reg/A[2]
                            (rising edge-triggered cell DSP48E1 clocked by clk  {rise@0.000ns fall@1.500ns period=3.000ns})
  Path Group:             clk
  Path Type:              Setup (Max at Slow Process Corner)
  Requirement:            3.000ns  (clk rise@3.000ns - clk rise@0.000ns)
  Data Path Delay:        19.302ns  (logic 4.751ns (24.614%)  route 14.551ns (75.385%))
  Logic Levels:           48  (CARRY4=16 LUT2=3 LUT3=5 LUT4=2 LUT5=2 LUT6=19 RAMD32=1)
  Clock Path Skew:        -0.145ns (DCD - SCD + CPR)
    Destination Clock Delay (DCD):    1.613ns = ( 4.613 - 3.000 ) 
    Source Clock Delay      (SCD):    1.866ns
    Clock Pessimism Removal (CPR):    0.108ns
  Clock Uncertainty:      0.035ns  ((TSJ^2 + TIJ^2)^1/2 + DJ) / 2 + PE
    Total System Jitter     (TSJ):    0.071ns
    Total Input Jitter      (TIJ):    0.000ns
    Discrete Jitter          (DJ):    0.000ns
    Phase Error              (PE):    0.000ns

    Location             Delay type                Incr(ns)  Path(ns)    Netlist Resource(s)
  -------------------------------------------------------------------    -------------------
                         (clock clk rise edge)        0.000     0.000 r  
                                                      0.000     0.000 r  clk (IN)
                         net (fo=0)                   0.000     0.000    clk
                         IBUF (Prop_ibuf_I_O)         0.723     0.723 r  clk_IBUF_inst/O
                         net (fo=1, unplaced)         0.466     1.189    clk_IBUF
                         BUFG (Prop_bufg_I_O)         0.093     1.282 r  clk_IBUF_BUFG_inst/O
                         net (fo=1604, unplaced)      0.584     1.866    clk_IBUF_BUFG
                         FDCE                                         r  u_ctrl/orig_addrs_reg[3]/C
  -------------------------------------------------------------------    -------------------
                         FDCE (Prop_fdce_C_Q)         0.233     2.099 r  u_ctrl/orig_addrs_reg[3]/Q
                         net (fo=14, unplaced)        0.467     2.566    u_ctrl/orig_addrs_reg_n_0_[3]
                         LUT3 (Prop_lut3_I0_O)        0.123     2.689 r  iselect_d1[2]_i_2/O
                         net (fo=8, unplaced)         0.308     2.997    iselect_d1[2]_i_2_n_0
                         LUT6 (Prop_lut6_I0_O)        0.043     3.040 r  ntt_waddr_d1[39]_i_4/O
                         net (fo=40, unplaced)        0.347     3.387    ntt_waddr_d1[39]_i_4_n_0
                         LUT6 (Prop_lut6_I4_O)        0.043     3.430 r  ntt_waddr_d1[31]_i_2/O
                         net (fo=4, unplaced)         0.294     3.724    ntt_waddr_d1[31]_i_2_n_0
                         LUT6 (Prop_lut6_I2_O)        0.043     3.767 r  gen_banks[5].mem_reg_0_31_0_5_i_11/O
                         net (fo=36, unplaced)        0.816     4.583    u_membanks/gen_banks[5].mem_reg_0_31_0_5/ADDRB1
                         RAMD32 (Prop_ramd32_RADR1_O)
                                                      0.043     4.626 f  u_membanks/gen_banks[5].mem_reg_0_31_0_5/RAMB_D1/O
                         net (fo=5, unplaced)         0.770     5.396    bank_dout[173]
                         LUT6 (Prop_lut6_I1_O)        0.043     5.439 f  operands_out_d1[241]_i_2/O
                         net (fo=4, unplaced)         0.431     5.870    operands_out_d1[241]_i_2_n_0
                         LUT3 (Prop_lut3_I0_O)        0.051     5.921 f  operands_out_d1[241]_i_1/O
                         net (fo=5, unplaced)         0.435     6.356    op_lower_119[3]
                         LUT4 (Prop_lut4_I1_O)        0.051     6.407 f  raw_sum_carry_i_29__8/O
                         net (fo=1, unplaced)         0.407     6.814    raw_sum_carry_i_29__8_n_0
                         LUT5 (Prop_lut5_I2_O)        0.043     6.857 f  raw_sum_carry_i_23__18/O
                         net (fo=24, unplaced)        0.806     7.663    raw_sum_carry_i_23__18_n_0
                         LUT5 (Prop_lut5_I3_O)        0.047     7.710 f  raw_sum_carry_i_27__14/O
                         net (fo=18, unplaced)        0.464     8.174    raw_sum_carry_i_27__14_n_0
                         LUT6 (Prop_lut6_I5_O)        0.043     8.217 r  raw_sum_carry_i_12__50/O
                         net (fo=98, unplaced)        0.369     8.586    raw_sum_carry_i_12__50_n_0
                         LUT3 (Prop_lut3_I2_O)        0.043     8.629 r  raw_sum_carry_i_7__24/O
                         net (fo=1, unplaced)         0.000     8.629    raw_sum_carry_i_7__24_n_0
                         CARRY4 (Prop_carry4_S[1]_CO[3])
                                                      0.256     8.885 r  gen_r2intt_r8.u_r2intt8/gen_full_s0[3].u_bf/u_sub/add_inst/raw_sum_carry/CO[3]
                         net (fo=1, unplaced)         0.007     8.892    gen_r2intt_r8.u_r2intt8/gen_full_s0[3].u_bf/u_sub/add_inst/raw_sum_carry_n_0
                         CARRY4 (Prop_carry4_CI_O[1])
                                                      0.173     9.065 r  gen_r2intt_r8.u_r2intt8/gen_full_s0[3].u_bf/u_sub/add_inst/raw_sum_carry__0/O[1]
                         net (fo=1, unplaced)         0.386     9.451    gen_r2intt_r8.u_r2intt8/gen_full_s0[3].u_bf/u_sub/add_inst/raw_sum_carry__0_n_6
                         CARRY4 (Prop_carry4_S[1]_CO[3])
                                                      0.381     9.832 r  raw_sum_carry_i_23__6/CO[3]
                         net (fo=1, unplaced)         0.000     9.832    raw_sum_carry_i_23__6_n_0
                         CARRY4 (Prop_carry4_CI_O[3])
                                                      0.157     9.989 r  raw_sum_carry_i_22__5/O[3]
                         net (fo=2, unplaced)         0.505    10.494    gen_r2intt_r8.u_r2intt8/gen_full_s0[3].u_bf/reduced[11]
                         LUT6 (Prop_lut6_I5_O)        0.120    10.614 r  raw_sum_carry_i_37__0/O
                         net (fo=2, unplaced)         0.281    10.895    raw_sum_carry_i_37__0_n_0
                         LUT6 (Prop_lut6_I2_O)        0.043    10.938 r  raw_sum_carry_i_29__7/O
                         net (fo=1, unplaced)         0.742    11.680    raw_sum_carry_i_29__7_n_0
                         LUT6 (Prop_lut6_I1_O)        0.043    11.723 r  raw_sum_carry_i_20__7/O
                         net (fo=1, unplaced)         0.407    12.130    raw_sum_carry_i_20__7_n_0
                         LUT6 (Prop_lut6_I4_O)        0.043    12.173 r  raw_sum_carry_i_7__31/O
                         net (fo=1, unplaced)         0.270    12.443    raw_sum_carry_i_7__31_n_0
                         LUT6 (Prop_lut6_I0_O)        0.043    12.486 r  raw_sum_carry_i_5__33/O
                         net (fo=42, unplaced)        0.348    12.834    raw_sum_carry_i_5__33_n_0
                         LUT2 (Prop_lut2_I0_O)        0.043    12.877 r  raw_sum_carry__1_i_5__26/O
                         net (fo=4, unplaced)         0.294    13.171    gen_r2intt_r8.u_r2intt8/gen_full_s1_b[1].gen_full_s1_g[1].u_bf/in2[11]
                         LUT3 (Prop_lut3_I2_O)        0.043    13.214 r  raw_sum_carry__1_i_1__35/O
                         net (fo=1, unplaced)         0.000    13.214    raw_sum_carry__1_i_1__35_n_0
                         CARRY4 (Prop_carry4_S[3]_CO[3])
                                                      0.180    13.394 r  gen_r2intt_r8.u_r2intt8/gen_full_s1_b[1].gen_full_s1_g[1].u_bf/u_sub/add_inst/raw_sum_carry__1/CO[3]
                         net (fo=1, unplaced)         0.000    13.394    gen_r2intt_r8.u_r2intt8/gen_full_s1_b[1].gen_full_s1_g[1].u_bf/u_sub/add_inst/raw_sum_carry__1_n_0
                         CARRY4 (Prop_carry4_CI_CO[3])
                                                      0.054    13.448 r  gen_r2intt_r8.u_r2intt8/gen_full_s1_b[1].gen_full_s1_g[1].u_bf/u_sub/add_inst/raw_sum_carry__2/CO[3]
                         net (fo=1, unplaced)         0.000    13.448    gen_r2intt_r8.u_r2intt8/gen_full_s1_b[1].gen_full_s1_g[1].u_bf/u_sub/add_inst/raw_sum_carry__2_n_0
                         CARRY4 (Prop_carry4_CI_O[0])
                                                      0.114    13.562 r  gen_r2intt_r8.u_r2intt8/gen_full_s1_b[1].gen_full_s1_g[1].u_bf/u_sub/add_inst/raw_sum_carry__3/O[0]
                         net (fo=1, unplaced)         0.191    13.753    gen_r2intt_r8.u_r2intt8/gen_full_s1_b[1].gen_full_s1_g[1].u_bf/u_sub/add_inst/raw_sum_carry__3_n_7
                         LUT2 (Prop_lut2_I1_O)        0.123    13.876 r  raw_sum_carry__0_i_18__0/O
                         net (fo=1, unplaced)         0.000    13.876    raw_sum_carry__0_i_18__0_n_0
                         CARRY4 (Prop_carry4_S[0]_CO[3])
                                                      0.246    14.122 r  raw_sum_carry__0_i_16__2/CO[3]
                         net (fo=1, unplaced)         0.007    14.129    raw_sum_carry__0_i_16__2_n_0
                         CARRY4 (Prop_carry4_CI_O[3])
                                                      0.157    14.286 f  raw_sum_carry__1_i_16__4/O[3]
                         net (fo=2, unplaced)         0.505    14.791    raw_sum_carry__1_i_16__4_n_4
                         LUT6 (Prop_lut6_I5_O)        0.120    14.911 f  raw_sum_carry__2_i_14__14/O
                         net (fo=9, unplaced)         0.283    15.194    gen_r2intt_r8.u_r2intt8/s1_full[7][14]
                         LUT4 (Prop_lut4_I2_O)        0.051    15.245 r  raw_sum_carry_i_24__11/O
                         net (fo=11, unplaced)        0.788    16.033    raw_sum_carry_i_24__11_n_0
                         LUT6 (Prop_lut6_I1_O)        0.043    16.076 f  raw_sum_carry_i_13__35/O
                         net (fo=1, unplaced)         0.742    16.818    raw_sum_carry_i_13__35_n_0
                         LUT6 (Prop_lut6_I0_O)        0.043    16.861 r  raw_sum_carry_i_6__39/O
                         net (fo=36, unplaced)        0.344    17.205    raw_sum_carry_i_6__39_n_0
                         LUT3 (Prop_lut3_I1_O)        0.043    17.248 r  raw_sum_carry_i_4__57/O
                         net (fo=1, unplaced)         0.000    17.248    raw_sum_carry_i_4__57_n_0
                         CARRY4 (Prop_carry4_S[0]_CO[3])
                                                      0.246    17.494 r  gen_r2intt_r8.u_r2intt8/gen_full_s2[3].u_bf/u_sub/add_inst/raw_sum_carry/CO[3]
                         net (fo=1, unplaced)         0.007    17.501    gen_r2intt_r8.u_r2intt8/gen_full_s2[3].u_bf/u_sub/add_inst/raw_sum_carry_n_0
                         CARRY4 (Prop_carry4_CI_CO[3])
                                                      0.054    17.555 r  gen_r2intt_r8.u_r2intt8/gen_full_s2[3].u_bf/u_sub/add_inst/raw_sum_carry__0/CO[3]
                         net (fo=1, unplaced)         0.000    17.555    gen_r2intt_r8.u_r2intt8/gen_full_s2[3].u_bf/u_sub/add_inst/raw_sum_carry__0_n_0
                         CARRY4 (Prop_carry4_CI_CO[3])
                                                      0.054    17.609 r  gen_r2intt_r8.u_r2intt8/gen_full_s2[3].u_bf/u_sub/add_inst/raw_sum_carry__1/CO[3]
                         net (fo=1, unplaced)         0.000    17.609    gen_r2intt_r8.u_r2intt8/gen_full_s2[3].u_bf/u_sub/add_inst/raw_sum_carry__1_n_0
                         CARRY4 (Prop_carry4_CI_CO[3])
                                                      0.054    17.663 r  gen_r2intt_r8.u_r2intt8/gen_full_s2[3].u_bf/u_sub/add_inst/raw_sum_carry__2/CO[3]
                         net (fo=1, unplaced)         0.000    17.663    gen_r2intt_r8.u_r2intt8/gen_full_s2[3].u_bf/u_sub/add_inst/raw_sum_carry__2_n_0
                         CARRY4 (Prop_carry4_CI_O[0])
                                                      0.114    17.777 r  gen_r2intt_r8.u_r2intt8/gen_full_s2[3].u_bf/u_sub/add_inst/raw_sum_carry__3/O[0]
                         net (fo=1, unplaced)         0.191    17.968    gen_r2intt_r8.u_r2intt8/gen_full_s2[3].u_bf/u_sub/add_inst/raw_sum_carry__3_n_7
                         LUT2 (Prop_lut2_I1_O)        0.123    18.091 r  out0_carry_i_35__2/O
                         net (fo=1, unplaced)         0.000    18.091    out0_carry_i_35__2_n_0
                         CARRY4 (Prop_carry4_S[0]_CO[3])
                                                      0.246    18.337 r  out0_carry_i_19__6/CO[3]
                         net (fo=1, unplaced)         0.007    18.344    out0_carry_i_19__6_n_0
                         CARRY4 (Prop_carry4_CI_O[3])
                                                      0.157    18.501 r  out0_carry_i_23__0/O[3]
                         net (fo=2, unplaced)         0.505    19.006    out0_carry_i_23__0_n_4
                         LUT6 (Prop_lut6_I5_O)        0.120    19.126 r  out0_carry__2_i_29__2/O
                         net (fo=1, unplaced)         0.270    19.396    out0_carry__2_i_29__2_n_0
                         LUT6 (Prop_lut6_I2_O)        0.043    19.439 r  out0_carry__2_i_23__5/O
                         net (fo=1, unplaced)         0.242    19.681    out0_carry__2_i_23__5_n_0
                         LUT6 (Prop_lut6_I5_O)        0.043    19.724 r  out0_carry__2_i_12__4/O
                         net (fo=2, unplaced)         0.253    19.977    out0_carry__2_i_12__4_n_0
                         LUT6 (Prop_lut6_I4_O)        0.043    20.020 r  gen_r2intt_r8.u_r2intt8/product_r_reg_i_57__1/O
                         net (fo=1, unplaced)         0.270    20.290    intt_d1_out[134]
                         LUT6 (Prop_lut6_I3_O)        0.043    20.333 r  product_r_reg_i_37__3/O
                         net (fo=17, unplaced)        0.326    20.659    product_r_reg_i_37__3_n_0
                         LUT6 (Prop_lut6_I5_O)        0.043    20.702 r  product_r_reg_i_32__6/O
                         net (fo=1, unplaced)         0.466    21.168    mm_in_a[121]
                         DSP48E1                                      r  gen_modmul_shared[7].u_mm/product_r_reg/A[2]
  -------------------------------------------------------------------    -------------------

                         (clock clk rise edge)        3.000     3.000 r  
                                                      0.000     3.000 r  clk (IN)
                         net (fo=0)                   0.000     3.000    clk
                         IBUF (Prop_ibuf_I_O)         0.649     3.649 r  clk_IBUF_inst/O
                         net (fo=1, unplaced)         0.442     4.091    clk_IBUF
                         BUFG (Prop_bufg_I_O)         0.083     4.174 r  clk_IBUF_BUFG_inst/O
                         net (fo=1604, unplaced)      0.439     4.613    clk_IBUF_BUFG
                         DSP48E1                                      r  gen_modmul_shared[7].u_mm/product_r_reg/CLK
                         clock pessimism              0.108     4.721    
                         clock uncertainty           -0.035     4.686    
                         DSP48E1 (Setup_dsp48e1_CLK_A[2])
                                                     -0.261     4.425    gen_modmul_shared[7].u_mm/product_r_reg
  -------------------------------------------------------------------
                         required time                          4.425    
                         arrival time                         -21.168    
  -------------------------------------------------------------------
                         slack                                -16.743    





Min Delay Paths
--------------------------------------------------------------------------------------
Slack (VIOLATED) :        -0.013ns  (arrival time - required time)
  Source:                 u_ctrl/wr_sel_reg[0]/C
                            (rising edge-triggered cell FDCE clocked by clk  {rise@0.000ns fall@1.500ns period=3.000ns})
  Destination:            wr_sel_d2_reg[0]_srl2_bank_we_d2_reg_c/D
                            (rising edge-triggered cell SRL16E clocked by clk  {rise@0.000ns fall@1.500ns period=3.000ns})
  Path Group:             clk
  Path Type:              Hold (Min at Fast Process Corner)
  Requirement:            0.000ns  (clk rise@0.000ns - clk rise@0.000ns)
  Data Path Delay:        0.198ns  (logic 0.104ns (52.598%)  route 0.094ns (47.402%))
  Logic Levels:           0  
  Clock Path Skew:        0.145ns (DCD - SCD - CPR)
    Destination Clock Delay (DCD):    0.846ns
    Source Clock Delay      (SCD):    0.437ns
    Clock Pessimism Removal (CPR):    0.264ns

    Location             Delay type                Incr(ns)  Path(ns)    Netlist Resource(s)
  -------------------------------------------------------------------    -------------------
                         (clock clk rise edge)        0.000     0.000 r  
                                                      0.000     0.000 r  clk (IN)
                         net (fo=0)                   0.000     0.000    clk
                         IBUF (Prop_ibuf_I_O)         0.066     0.066 r  clk_IBUF_inst/O
                         net (fo=1, unplaced)         0.231     0.297    clk_IBUF
                         BUFG (Prop_bufg_I_O)         0.026     0.323 r  clk_IBUF_BUFG_inst/O
                         net (fo=1604, unplaced)      0.114     0.437    clk_IBUF_BUFG
                         FDCE                                         r  u_ctrl/wr_sel_reg[0]/C
  -------------------------------------------------------------------    -------------------
                         FDCE (Prop_fdce_C_Q)         0.104     0.541 r  u_ctrl/wr_sel_reg[0]/Q
                         net (fo=1, unplaced)         0.094     0.634    wr_sel[0]
                         SRL16E                                       r  wr_sel_d2_reg[0]_srl2_bank_we_d2_reg_c/D
  -------------------------------------------------------------------    -------------------

                         (clock clk rise edge)        0.000     0.000 r  
                                                      0.000     0.000 r  clk (IN)
                         net (fo=0)                   0.000     0.000    clk
                         IBUF (Prop_ibuf_I_O)         0.313     0.313 r  clk_IBUF_inst/O
                         net (fo=1, unplaced)         0.243     0.557    clk_IBUF
                         BUFG (Prop_bufg_I_O)         0.030     0.587 r  clk_IBUF_BUFG_inst/O
                         net (fo=1604, unplaced)      0.259     0.846    clk_IBUF_BUFG
                         SRL16E                                       r  wr_sel_d2_reg[0]_srl2_bank_we_d2_reg_c/CLK
                         clock pessimism             -0.264     0.582    
                         SRL16E (Hold_srl16e_CLK_D)
                                                      0.066     0.648    wr_sel_d2_reg[0]_srl2_bank_we_d2_reg_c
  -------------------------------------------------------------------
                         required time                         -0.648    
                         arrival time                           0.634    
  -------------------------------------------------------------------
                         slack                                 -0.013    

Slack (VIOLATED) :        -0.013ns  (arrival time - required time)
  Source:                 u_ctrl/wr_sel_reg[1]/C
                            (rising edge-triggered cell FDCE clocked by clk  {rise@0.000ns fall@1.500ns period=3.000ns})
  Destination:            wr_sel_d2_reg[1]_srl2_bank_we_d2_reg_c/D
                            (rising edge-triggered cell SRL16E clocked by clk  {rise@0.000ns fall@1.500ns period=3.000ns})
  Path Group:             clk
  Path Type:              Hold (Min at Fast Process Corner)
  Requirement:            0.000ns  (clk rise@0.000ns - clk rise@0.000ns)
  Data Path Delay:        0.198ns  (logic 0.104ns (52.598%)  route 0.094ns (47.402%))
  Logic Levels:           0  
  Clock Path Skew:        0.145ns (DCD - SCD - CPR)
    Destination Clock Delay (DCD):    0.846ns
    Source Clock Delay      (SCD):    0.437ns
    Clock Pessimism Removal (CPR):    0.264ns

    Location             Delay type                Incr(ns)  Path(ns)    Netlist Resource(s)
  -------------------------------------------------------------------    -------------------
                         (clock clk rise edge)        0.000     0.000 r  
                                                      0.000     0.000 r  clk (IN)
                         net (fo=0)                   0.000     0.000    clk
                         IBUF (Prop_ibuf_I_O)         0.066     0.066 r  clk_IBUF_inst/O
                         net (fo=1, unplaced)         0.231     0.297    clk_IBUF
                         BUFG (Prop_bufg_I_O)         0.026     0.323 r  clk_IBUF_BUFG_inst/O
                         net (fo=1604, unplaced)      0.114     0.437    clk_IBUF_BUFG
                         FDCE                                         r  u_ctrl/wr_sel_reg[1]/C
  -------------------------------------------------------------------    -------------------
                         FDCE (Prop_fdce_C_Q)         0.104     0.541 r  u_ctrl/wr_sel_reg[1]/Q
                         net (fo=1, unplaced)         0.094     0.634    wr_sel[1]
                         SRL16E                                       r  wr_sel_d2_reg[1]_srl2_bank_we_d2_reg_c/D
  -------------------------------------------------------------------    -------------------

                         (clock clk rise edge)        0.000     0.000 r  
                                                      0.000     0.000 r  clk (IN)
                         net (fo=0)                   0.000     0.000    clk
                         IBUF (Prop_ibuf_I_O)         0.313     0.313 r  clk_IBUF_inst/O
                         net (fo=1, unplaced)         0.243     0.557    clk_IBUF
                         BUFG (Prop_bufg_I_O)         0.030     0.587 r  clk_IBUF_BUFG_inst/O
                         net (fo=1604, unplaced)      0.259     0.846    clk_IBUF_BUFG
                         SRL16E                                       r  wr_sel_d2_reg[1]_srl2_bank_we_d2_reg_c/CLK
                         clock pessimism             -0.264     0.582    
                         SRL16E (Hold_srl16e_CLK_D)
                                                      0.066     0.648    wr_sel_d2_reg[1]_srl2_bank_we_d2_reg_c
  -------------------------------------------------------------------
                         required time                         -0.648    
                         arrival time                           0.634    
  -------------------------------------------------------------------
                         slack                                 -0.013    

Slack (MET) :             0.058ns  (arrival time - required time)
  Source:                 bank_we_d3_reg_c/C
                            (rising edge-triggered cell FDCE clocked by clk  {rise@0.000ns fall@1.500ns period=3.000ns})
  Destination:            bank_we_d4_reg[5]/D
                            (rising edge-triggered cell FDCE clocked by clk  {rise@0.000ns fall@1.500ns period=3.000ns})
  Path Group:             clk
  Path Type:              Hold (Min at Fast Process Corner)
  Requirement:            0.000ns  (clk rise@0.000ns - clk rise@0.000ns)
  Data Path Delay:        0.272ns  (logic 0.168ns (61.846%)  route 0.104ns (38.154%))
  Logic Levels:           1  (LUT2=1)
  Clock Path Skew:        0.145ns (DCD - SCD - CPR)
    Destination Clock Delay (DCD):    0.846ns
    Source Clock Delay      (SCD):    0.437ns
    Clock Pessimism Removal (CPR):    0.264ns

    Location             Delay type                Incr(ns)  Path(ns)    Netlist Resource(s)
  -------------------------------------------------------------------    -------------------
                         (clock clk rise edge)        0.000     0.000 r  
                                                      0.000     0.000 r  clk (IN)
                         net (fo=0)                   0.000     0.000    clk
                         IBUF (Prop_ibuf_I_O)         0.066     0.066 r  clk_IBUF_inst/O
                         net (fo=1, unplaced)         0.231     0.297    clk_IBUF
                         BUFG (Prop_bufg_I_O)         0.026     0.323 r  clk_IBUF_BUFG_inst/O
                         net (fo=1604, unplaced)      0.114     0.437    clk_IBUF_BUFG
                         FDCE                                         r  bank_we_d3_reg_c/C
  -------------------------------------------------------------------    -------------------
                         FDCE (Prop_fdce_C_Q)         0.104     0.541 r  bank_we_d3_reg_c/Q
                         net (fo=3, unplaced)         0.104     0.644    bank_we_d3_reg_c_n_0
                         LUT2 (Prop_lut2_I1_O)        0.064     0.708 r  bank_we_d3_reg_gate/O
                         net (fo=1, unplaced)         0.000     0.708    bank_we_d3_reg_gate_n_0
                         FDCE                                         r  bank_we_d4_reg[5]/D
  -------------------------------------------------------------------    -------------------

                         (clock clk rise edge)        0.000     0.000 r  
                                                      0.000     0.000 r  clk (IN)
                         net (fo=0)                   0.000     0.000    clk
                         IBUF (Prop_ibuf_I_O)         0.313     0.313 r  clk_IBUF_inst/O
                         net (fo=1, unplaced)         0.243     0.557    clk_IBUF
                         BUFG (Prop_bufg_I_O)         0.030     0.587 r  clk_IBUF_BUFG_inst/O
                         net (fo=1604, unplaced)      0.259     0.846    clk_IBUF_BUFG
                         FDCE                                         r  bank_we_d4_reg[5]/C
                         clock pessimism             -0.264     0.582    
                         FDCE (Hold_fdce_C_D)         0.069     0.651    bank_we_d4_reg[5]
  -------------------------------------------------------------------
                         required time                         -0.651    
                         arrival time                           0.708    
  -------------------------------------------------------------------
                         slack                                  0.058    

Slack (MET) :             0.058ns  (arrival time - required time)
  Source:                 bank_we_d3_reg_c/C
                            (rising edge-triggered cell FDCE clocked by clk  {rise@0.000ns fall@1.500ns period=3.000ns})
  Destination:            wr_sel_d4_reg[0]/D
                            (rising edge-triggered cell FDCE clocked by clk  {rise@0.000ns fall@1.500ns period=3.000ns})
  Path Group:             clk
  Path Type:              Hold (Min at Fast Process Corner)
  Requirement:            0.000ns  (clk rise@0.000ns - clk rise@0.000ns)
  Data Path Delay:        0.272ns  (logic 0.168ns (61.846%)  route 0.104ns (38.154%))
  Logic Levels:           1  (LUT2=1)
  Clock Path Skew:        0.145ns (DCD - SCD - CPR)
    Destination Clock Delay (DCD):    0.846ns
    Source Clock Delay      (SCD):    0.437ns
    Clock Pessimism Removal (CPR):    0.264ns

    Location             Delay type                Incr(ns)  Path(ns)    Netlist Resource(s)
  -------------------------------------------------------------------    -------------------
                         (clock clk rise edge)        0.000     0.000 r  
                                                      0.000     0.000 r  clk (IN)
                         net (fo=0)                   0.000     0.000    clk
                         IBUF (Prop_ibuf_I_O)         0.066     0.066 r  clk_IBUF_inst/O
                         net (fo=1, unplaced)         0.231     0.297    clk_IBUF
                         BUFG (Prop_bufg_I_O)         0.026     0.323 r  clk_IBUF_BUFG_inst/O
                         net (fo=1604, unplaced)      0.114     0.437    clk_IBUF_BUFG
                         FDCE                                         r  bank_we_d3_reg_c/C
  -------------------------------------------------------------------    -------------------
                         FDCE (Prop_fdce_C_Q)         0.104     0.541 r  bank_we_d3_reg_c/Q
                         net (fo=3, unplaced)         0.104     0.644    bank_we_d3_reg_c_n_0
                         LUT2 (Prop_lut2_I1_O)        0.064     0.708 r  wr_sel_d3_reg_gate__0/O
                         net (fo=1, unplaced)         0.000     0.708    wr_sel_d3_reg_gate__0_n_0
                         FDCE                                         r  wr_sel_d4_reg[0]/D
  -------------------------------------------------------------------    -------------------

                         (clock clk rise edge)        0.000     0.000 r  
                                                      0.000     0.000 r  clk (IN)
                         net (fo=0)                   0.000     0.000    clk
                         IBUF (Prop_ibuf_I_O)         0.313     0.313 r  clk_IBUF_inst/O
                         net (fo=1, unplaced)         0.243     0.557    clk_IBUF
                         BUFG (Prop_bufg_I_O)         0.030     0.587 r  clk_IBUF_BUFG_inst/O
                         net (fo=1604, unplaced)      0.259     0.846    clk_IBUF_BUFG
                         FDCE                                         r  wr_sel_d4_reg[0]/C
                         clock pessimism             -0.264     0.582    
                         FDCE (Hold_fdce_C_D)         0.069     0.651    wr_sel_d4_reg[0]
  -------------------------------------------------------------------
                         required time                         -0.651    
                         arrival time                           0.708    
  -------------------------------------------------------------------
                         slack                                  0.058    

Slack (MET) :             0.060ns  (arrival time - required time)
  Source:                 bank_we_d3_reg_c/C
                            (rising edge-triggered cell FDCE clocked by clk  {rise@0.000ns fall@1.500ns period=3.000ns})
  Destination:            wr_sel_d4_reg[1]/D
                            (rising edge-triggered cell FDCE clocked by clk  {rise@0.000ns fall@1.500ns period=3.000ns})
  Path Group:             clk
  Path Type:              Hold (Min at Fast Process Corner)
  Requirement:            0.000ns  (clk rise@0.000ns - clk rise@0.000ns)
  Data Path Delay:        0.274ns  (logic 0.170ns (62.124%)  route 0.104ns (37.876%))
  Logic Levels:           1  (LUT2=1)
  Clock Path Skew:        0.145ns (DCD - SCD - CPR)
    Destination Clock Delay (DCD):    0.846ns
    Source Clock Delay      (SCD):    0.437ns
    Clock Pessimism Removal (CPR):    0.264ns

    Location             Delay type                Incr(ns)  Path(ns)    Netlist Resource(s)
  -------------------------------------------------------------------    -------------------
                         (clock clk rise edge)        0.000     0.000 r  
                                                      0.000     0.000 r  clk (IN)
                         net (fo=0)                   0.000     0.000    clk
                         IBUF (Prop_ibuf_I_O)         0.066     0.066 r  clk_IBUF_inst/O
                         net (fo=1, unplaced)         0.231     0.297    clk_IBUF
                         BUFG (Prop_bufg_I_O)         0.026     0.323 r  clk_IBUF_BUFG_inst/O
                         net (fo=1604, unplaced)      0.114     0.437    clk_IBUF_BUFG
                         FDCE                                         r  bank_we_d3_reg_c/C
  -------------------------------------------------------------------    -------------------
                         FDCE (Prop_fdce_C_Q)         0.104     0.541 r  bank_we_d3_reg_c/Q
                         net (fo=3, unplaced)         0.104     0.644    bank_we_d3_reg_c_n_0
                         LUT2 (Prop_lut2_I1_O)        0.066     0.710 r  wr_sel_d3_reg_gate/O
                         net (fo=1, unplaced)         0.000     0.710    wr_sel_d3_reg_gate_n_0
                         FDCE                                         r  wr_sel_d4_reg[1]/D
  -------------------------------------------------------------------    -------------------

                         (clock clk rise edge)        0.000     0.000 r  
                                                      0.000     0.000 r  clk (IN)
                         net (fo=0)                   0.000     0.000    clk
                         IBUF (Prop_ibuf_I_O)         0.313     0.313 r  clk_IBUF_inst/O
                         net (fo=1, unplaced)         0.243     0.557    clk_IBUF
                         BUFG (Prop_bufg_I_O)         0.030     0.587 r  clk_IBUF_BUFG_inst/O
                         net (fo=1604, unplaced)      0.259     0.846    clk_IBUF_BUFG
                         FDCE                                         r  wr_sel_d4_reg[1]/C
                         clock pessimism             -0.264     0.582    
                         FDCE (Hold_fdce_C_D)         0.069     0.651    wr_sel_d4_reg[1]
  -------------------------------------------------------------------
                         required time                         -0.651    
                         arrival time                           0.710    
  -------------------------------------------------------------------
                         slack                                  0.060    

Slack (MET) :             0.063ns  (arrival time - required time)
  Source:                 u_ctrl/b_limit_reg[5]/C
                            (rising edge-triggered cell FDCE clocked by clk  {rise@0.000ns fall@1.500ns period=3.000ns})
  Destination:            u_ctrl/b_limit_reg[2]/D
                            (rising edge-triggered cell FDCE clocked by clk  {rise@0.000ns fall@1.500ns period=3.000ns})
  Path Group:             clk
  Path Type:              Hold (Min at Fast Process Corner)
  Requirement:            0.000ns  (clk rise@0.000ns - clk rise@0.000ns)
  Data Path Delay:        0.277ns  (logic 0.168ns (60.737%)  route 0.109ns (39.263%))
  Logic Levels:           1  (LUT5=1)
  Clock Path Skew:        0.145ns (DCD - SCD - CPR)
    Destination Clock Delay (DCD):    0.846ns
    Source Clock Delay      (SCD):    0.437ns
    Clock Pessimism Removal (CPR):    0.264ns

    Location             Delay type                Incr(ns)  Path(ns)    Netlist Resource(s)
  -------------------------------------------------------------------    -------------------
                         (clock clk rise edge)        0.000     0.000 r  
                                                      0.000     0.000 r  clk (IN)
                         net (fo=0)                   0.000     0.000    clk
                         IBUF (Prop_ibuf_I_O)         0.066     0.066 r  clk_IBUF_inst/O
                         net (fo=1, unplaced)         0.231     0.297    clk_IBUF
                         BUFG (Prop_bufg_I_O)         0.026     0.323 r  clk_IBUF_BUFG_inst/O
                         net (fo=1604, unplaced)      0.114     0.437    clk_IBUF_BUFG
                         FDCE                                         r  u_ctrl/b_limit_reg[5]/C
  -------------------------------------------------------------------    -------------------
                         FDCE (Prop_fdce_C_Q)         0.104     0.541 r  u_ctrl/b_limit_reg[5]/Q
                         net (fo=5, unplaced)         0.109     0.649    u_ctrl/b_limit[5]
                         LUT5 (Prop_lut5_I4_O)        0.064     0.713 r  b_limit[2]_i_1/O
                         net (fo=1, unplaced)         0.000     0.713    u_ctrl/b_limit0_in[2]
                         FDCE                                         r  u_ctrl/b_limit_reg[2]/D
  -------------------------------------------------------------------    -------------------

                         (clock clk rise edge)        0.000     0.000 r  
                                                      0.000     0.000 r  clk (IN)
                         net (fo=0)                   0.000     0.000    clk
                         IBUF (Prop_ibuf_I_O)         0.313     0.313 r  clk_IBUF_inst/O
                         net (fo=1, unplaced)         0.243     0.557    clk_IBUF
                         BUFG (Prop_bufg_I_O)         0.030     0.587 r  clk_IBUF_BUFG_inst/O
                         net (fo=1604, unplaced)      0.259     0.846    clk_IBUF_BUFG
                         FDCE                                         r  u_ctrl/b_limit_reg[2]/C
                         clock pessimism             -0.264     0.582    
                         FDCE (Hold_fdce_C_D)         0.069     0.651    u_ctrl/b_limit_reg[2]
  -------------------------------------------------------------------
                         required time                         -0.651    
                         arrival time                           0.713    
  -------------------------------------------------------------------
                         slack                                  0.063    

Slack (MET) :             0.063ns  (arrival time - required time)
  Source:                 u_ctrl/load_cnt_reg[2]/C
                            (rising edge-triggered cell FDCE clocked by clk  {rise@0.000ns fall@1.500ns period=3.000ns})
  Destination:            u_ctrl/load_cnt_reg[2]/D
                            (rising edge-triggered cell FDCE clocked by clk  {rise@0.000ns fall@1.500ns period=3.000ns})
  Path Group:             clk
  Path Type:              Hold (Min at Fast Process Corner)
  Requirement:            0.000ns  (clk rise@0.000ns - clk rise@0.000ns)
  Data Path Delay:        0.277ns  (logic 0.168ns (60.737%)  route 0.109ns (39.263%))
  Logic Levels:           1  (LUT6=1)
  Clock Path Skew:        0.145ns (DCD - SCD - CPR)
    Destination Clock Delay (DCD):    0.846ns
    Source Clock Delay      (SCD):    0.437ns
    Clock Pessimism Removal (CPR):    0.264ns

    Location             Delay type                Incr(ns)  Path(ns)    Netlist Resource(s)
  -------------------------------------------------------------------    -------------------
                         (clock clk rise edge)        0.000     0.000 r  
                                                      0.000     0.000 r  clk (IN)
                         net (fo=0)                   0.000     0.000    clk
                         IBUF (Prop_ibuf_I_O)         0.066     0.066 r  clk_IBUF_inst/O
                         net (fo=1, unplaced)         0.231     0.297    clk_IBUF
                         BUFG (Prop_bufg_I_O)         0.026     0.323 r  clk_IBUF_BUFG_inst/O
                         net (fo=1604, unplaced)      0.114     0.437    clk_IBUF_BUFG
                         FDCE                                         r  u_ctrl/load_cnt_reg[2]/C
  -------------------------------------------------------------------    -------------------
                         FDCE (Prop_fdce_C_Q)         0.104     0.541 r  u_ctrl/load_cnt_reg[2]/Q
                         net (fo=5, unplaced)         0.109     0.649    u_ctrl/load_cnt_reg_n_0_[2]
                         LUT6 (Prop_lut6_I5_O)        0.064     0.713 r  load_cnt[2]_i_1/O
                         net (fo=1, unplaced)         0.000     0.713    u_ctrl/load_cnt0_in[2]
                         FDCE                                         r  u_ctrl/load_cnt_reg[2]/D
  -------------------------------------------------------------------    -------------------

                         (clock clk rise edge)        0.000     0.000 r  
                                                      0.000     0.000 r  clk (IN)
                         net (fo=0)                   0.000     0.000    clk
                         IBUF (Prop_ibuf_I_O)         0.313     0.313 r  clk_IBUF_inst/O
                         net (fo=1, unplaced)         0.243     0.557    clk_IBUF
                         BUFG (Prop_bufg_I_O)         0.030     0.587 r  clk_IBUF_BUFG_inst/O
                         net (fo=1604, unplaced)      0.259     0.846    clk_IBUF_BUFG
                         FDCE                                         r  u_ctrl/load_cnt_reg[2]/C
                         clock pessimism             -0.264     0.582    
                         FDCE (Hold_fdce_C_D)         0.069     0.651    u_ctrl/load_cnt_reg[2]
  -------------------------------------------------------------------
                         required time                         -0.651    
                         arrival time                           0.713    
  -------------------------------------------------------------------
                         slack                                  0.063    

Slack (MET) :             0.063ns  (arrival time - required time)
  Source:                 u_ctrl/stage_cnt_reg[2]/C
                            (rising edge-triggered cell FDCE clocked by clk  {rise@0.000ns fall@1.500ns period=3.000ns})
  Destination:            u_ctrl/stage_cnt_reg[2]/D
                            (rising edge-triggered cell FDCE clocked by clk  {rise@0.000ns fall@1.500ns period=3.000ns})
  Path Group:             clk
  Path Type:              Hold (Min at Fast Process Corner)
  Requirement:            0.000ns  (clk rise@0.000ns - clk rise@0.000ns)
  Data Path Delay:        0.277ns  (logic 0.170ns (61.456%)  route 0.107ns (38.544%))
  Logic Levels:           1  (LUT5=1)
  Clock Path Skew:        0.145ns (DCD - SCD - CPR)
    Destination Clock Delay (DCD):    0.846ns
    Source Clock Delay      (SCD):    0.437ns
    Clock Pessimism Removal (CPR):    0.264ns

    Location             Delay type                Incr(ns)  Path(ns)    Netlist Resource(s)
  -------------------------------------------------------------------    -------------------
                         (clock clk rise edge)        0.000     0.000 r  
                                                      0.000     0.000 r  clk (IN)
                         net (fo=0)                   0.000     0.000    clk
                         IBUF (Prop_ibuf_I_O)         0.066     0.066 r  clk_IBUF_inst/O
                         net (fo=1, unplaced)         0.231     0.297    clk_IBUF
                         BUFG (Prop_bufg_I_O)         0.026     0.323 r  clk_IBUF_BUFG_inst/O
                         net (fo=1604, unplaced)      0.114     0.437    clk_IBUF_BUFG
                         FDCE                                         r  u_ctrl/stage_cnt_reg[2]/C
  -------------------------------------------------------------------    -------------------
                         FDCE (Prop_fdce_C_Q)         0.104     0.541 r  u_ctrl/stage_cnt_reg[2]/Q
                         net (fo=4, unplaced)         0.107     0.647    u_ctrl/stage_cnt_reg_n_0_[2]
                         LUT5 (Prop_lut5_I4_O)        0.066     0.713 r  stage_cnt[2]_i_2/O
                         net (fo=1, unplaced)         0.000     0.713    stage_cnt[2]_i_2_n_0
                         FDCE                                         r  u_ctrl/stage_cnt_reg[2]/D
  -------------------------------------------------------------------    -------------------

                         (clock clk rise edge)        0.000     0.000 r  
                                                      0.000     0.000 r  clk (IN)
                         net (fo=0)                   0.000     0.000    clk
                         IBUF (Prop_ibuf_I_O)         0.313     0.313 r  clk_IBUF_inst/O
                         net (fo=1, unplaced)         0.243     0.557    clk_IBUF
                         BUFG (Prop_bufg_I_O)         0.030     0.587 r  clk_IBUF_BUFG_inst/O
                         net (fo=1604, unplaced)      0.259     0.846    clk_IBUF_BUFG
                         FDCE                                         r  u_ctrl/stage_cnt_reg[2]/C
                         clock pessimism             -0.264     0.582    
                         FDCE (Hold_fdce_C_D)         0.069     0.651    u_ctrl/stage_cnt_reg[2]
  -------------------------------------------------------------------
                         required time                         -0.651    
                         arrival time                           0.713    
  -------------------------------------------------------------------
                         slack                                  0.063    

Slack (MET) :             0.065ns  (arrival time - required time)
  Source:                 u_ctrl/b_limit_reg[3]/C
                            (rising edge-triggered cell FDCE clocked by clk  {rise@0.000ns fall@1.500ns period=3.000ns})
  Destination:            u_ctrl/b_limit_reg[0]/D
                            (rising edge-triggered cell FDCE clocked by clk  {rise@0.000ns fall@1.500ns period=3.000ns})
  Path Group:             clk
  Path Type:              Hold (Min at Fast Process Corner)
  Requirement:            0.000ns  (clk rise@0.000ns - clk rise@0.000ns)
  Data Path Delay:        0.279ns  (logic 0.168ns (60.304%)  route 0.111ns (39.696%))
  Logic Levels:           1  (LUT5=1)
  Clock Path Skew:        0.145ns (DCD - SCD - CPR)
    Destination Clock Delay (DCD):    0.846ns
    Source Clock Delay      (SCD):    0.437ns
    Clock Pessimism Removal (CPR):    0.264ns

    Location             Delay type                Incr(ns)  Path(ns)    Netlist Resource(s)
  -------------------------------------------------------------------    -------------------
                         (clock clk rise edge)        0.000     0.000 r  
                                                      0.000     0.000 r  clk (IN)
                         net (fo=0)                   0.000     0.000    clk
                         IBUF (Prop_ibuf_I_O)         0.066     0.066 r  clk_IBUF_inst/O
                         net (fo=1, unplaced)         0.231     0.297    clk_IBUF
                         BUFG (Prop_bufg_I_O)         0.026     0.323 r  clk_IBUF_BUFG_inst/O
                         net (fo=1604, unplaced)      0.114     0.437    clk_IBUF_BUFG
                         FDCE                                         r  u_ctrl/b_limit_reg[3]/C
  -------------------------------------------------------------------    -------------------
                         FDCE (Prop_fdce_C_Q)         0.104     0.541 r  u_ctrl/b_limit_reg[3]/Q
                         net (fo=6, unplaced)         0.111     0.651    u_ctrl/b_limit[3]
                         LUT5 (Prop_lut5_I4_O)        0.064     0.715 r  b_limit[0]_i_1/O
                         net (fo=1, unplaced)         0.000     0.715    u_ctrl/b_limit0_in[0]
                         FDCE                                         r  u_ctrl/b_limit_reg[0]/D
  -------------------------------------------------------------------    -------------------

                         (clock clk rise edge)        0.000     0.000 r  
                                                      0.000     0.000 r  clk (IN)
                         net (fo=0)                   0.000     0.000    clk
                         IBUF (Prop_ibuf_I_O)         0.313     0.313 r  clk_IBUF_inst/O
                         net (fo=1, unplaced)         0.243     0.557    clk_IBUF
                         BUFG (Prop_bufg_I_O)         0.030     0.587 r  clk_IBUF_BUFG_inst/O
                         net (fo=1604, unplaced)      0.259     0.846    clk_IBUF_BUFG
                         FDCE                                         r  u_ctrl/b_limit_reg[0]/C
                         clock pessimism             -0.264     0.582    
                         FDCE (Hold_fdce_C_D)         0.069     0.651    u_ctrl/b_limit_reg[0]
  -------------------------------------------------------------------
                         required time                         -0.651    
                         arrival time                           0.715    
  -------------------------------------------------------------------
                         slack                                  0.065    

Slack (MET) :             0.066ns  (arrival time - required time)
  Source:                 bank_we_d1_reg_c/C
                            (rising edge-triggered cell FDCE clocked by clk  {rise@0.000ns fall@1.500ns period=3.000ns})
  Destination:            bank_we_d2_reg_c/D
                            (rising edge-triggered cell FDCE clocked by clk  {rise@0.000ns fall@1.500ns period=3.000ns})
  Path Group:             clk
  Path Type:              Hold (Min at Fast Process Corner)
  Requirement:            0.000ns  (clk rise@0.000ns - clk rise@0.000ns)
  Data Path Delay:        0.198ns  (logic 0.104ns (52.598%)  route 0.094ns (47.402%))
  Logic Levels:           0  
  Clock Path Skew:        0.145ns (DCD - SCD - CPR)
    Destination Clock Delay (DCD):    0.846ns
    Source Clock Delay      (SCD):    0.437ns
    Clock Pessimism Removal (CPR):    0.264ns

    Location             Delay type                Incr(ns)  Path(ns)    Netlist Resource(s)
  -------------------------------------------------------------------    -------------------
                         (clock clk rise edge)        0.000     0.000 r  
                                                      0.000     0.000 r  clk (IN)
                         net (fo=0)                   0.000     0.000    clk
                         IBUF (Prop_ibuf_I_O)         0.066     0.066 r  clk_IBUF_inst/O
                         net (fo=1, unplaced)         0.231     0.297    clk_IBUF
                         BUFG (Prop_bufg_I_O)         0.026     0.323 r  clk_IBUF_BUFG_inst/O
                         net (fo=1604, unplaced)      0.114     0.437    clk_IBUF_BUFG
                         FDCE                                         r  bank_we_d1_reg_c/C
  -------------------------------------------------------------------    -------------------
                         FDCE (Prop_fdce_C_Q)         0.104     0.541 r  bank_we_d1_reg_c/Q
                         net (fo=1, unplaced)         0.094     0.634    bank_we_d1_reg_c_n_0
                         FDCE                                         r  bank_we_d2_reg_c/D
  -------------------------------------------------------------------    -------------------

                         (clock clk rise edge)        0.000     0.000 r  
                                                      0.000     0.000 r  clk (IN)
                         net (fo=0)                   0.000     0.000    clk
                         IBUF (Prop_ibuf_I_O)         0.313     0.313 r  clk_IBUF_inst/O
                         net (fo=1, unplaced)         0.243     0.557    clk_IBUF
                         BUFG (Prop_bufg_I_O)         0.030     0.587 r  clk_IBUF_BUFG_inst/O
                         net (fo=1604, unplaced)      0.259     0.846    clk_IBUF_BUFG
                         FDCE                                         r  bank_we_d2_reg_c/C
                         clock pessimism             -0.264     0.582    
                         FDCE (Hold_fdce_C_D)        -0.013     0.569    bank_we_d2_reg_c
  -------------------------------------------------------------------
                         required time                         -0.569    
                         arrival time                           0.634    
  -------------------------------------------------------------------
                         slack                                  0.066    





Pulse Width Checks
--------------------------------------------------------------------------------------
Clock Name:         clk
Waveform(ns):       { 0.000 1.500 }
Period(ns):         3.000
Sources:            { clk }

Check Type        Corner  Lib Pin      Reference Pin  Required(ns)  Actual(ns)  Slack(ns)  Location  Pin
Min Period        n/a     DSP48E1/CLK  n/a            2.772         3.000       0.228                gen_modmul_shared[0].u_mm/product_r_reg/CLK
Min Period        n/a     DSP48E1/CLK  n/a            2.772         3.000       0.228                gen_modmul_shared[1].u_mm/product_r_reg/CLK
Min Period        n/a     DSP48E1/CLK  n/a            2.772         3.000       0.228                gen_modmul_shared[2].u_mm/product_r_reg/CLK
Min Period        n/a     DSP48E1/CLK  n/a            2.772         3.000       0.228                gen_modmul_shared[3].u_mm/product_r_reg/CLK
Min Period        n/a     DSP48E1/CLK  n/a            2.772         3.000       0.228                gen_modmul_shared[4].u_mm/product_r_reg/CLK
Min Period        n/a     DSP48E1/CLK  n/a            2.772         3.000       0.228                gen_modmul_shared[5].u_mm/product_r_reg/CLK
Min Period        n/a     DSP48E1/CLK  n/a            2.772         3.000       0.228                gen_modmul_shared[6].u_mm/product_r_reg/CLK
Min Period        n/a     DSP48E1/CLK  n/a            2.772         3.000       0.228                gen_modmul_shared[7].u_mm/product_r_reg/CLK
Min Period        n/a     BUFG/I       n/a            1.408         3.000       1.592                clk_IBUF_BUFG_inst/I
Min Period        n/a     FDRE/C       n/a            0.750         3.000       2.250                bank_we_d3_reg[5]_bank_we_d3_reg_c/C
Low Pulse Width   Slow    RAMD32/CLK   n/a            0.768         1.500       0.732                u_membanks/gen_banks[0].mem_reg_0_31_0_5/RAMA/CLK
Low Pulse Width   Fast    RAMD32/CLK   n/a            0.768         1.500       0.732                u_membanks/gen_banks[0].mem_reg_0_31_0_5/RAMA/CLK
Low Pulse Width   Slow    RAMD32/CLK   n/a            0.768         1.500       0.732                u_membanks/gen_banks[0].mem_reg_0_31_0_5/RAMA_D1/CLK
Low Pulse Width   Fast    RAMD32/CLK   n/a            0.768         1.500       0.732                u_membanks/gen_banks[0].mem_reg_0_31_0_5/RAMA_D1/CLK
Low Pulse Width   Slow    RAMD32/CLK   n/a            0.768         1.500       0.732                u_membanks/gen_banks[0].mem_reg_0_31_0_5/RAMB/CLK
Low Pulse Width   Fast    RAMD32/CLK   n/a            0.768         1.500       0.732                u_membanks/gen_banks[0].mem_reg_0_31_0_5/RAMB/CLK
Low Pulse Width   Slow    RAMD32/CLK   n/a            0.768         1.500       0.732                u_membanks/gen_banks[0].mem_reg_0_31_0_5/RAMB_D1/CLK
Low Pulse Width   Fast    RAMD32/CLK   n/a            0.768         1.500       0.732                u_membanks/gen_banks[0].mem_reg_0_31_0_5/RAMB_D1/CLK
Low Pulse Width   Slow    RAMD32/CLK   n/a            0.768         1.500       0.732                u_membanks/gen_banks[0].mem_reg_0_31_0_5/RAMC/CLK
Low Pulse Width   Fast    RAMD32/CLK   n/a            0.768         1.500       0.732                u_membanks/gen_banks[0].mem_reg_0_31_0_5/RAMC/CLK
High Pulse Width  Slow    RAMD32/CLK   n/a            0.768         1.500       0.732                u_membanks/gen_banks[0].mem_reg_0_31_0_5/RAMA/CLK
High Pulse Width  Fast    RAMD32/CLK   n/a            0.768         1.500       0.732                u_membanks/gen_banks[0].mem_reg_0_31_0_5/RAMA/CLK
High Pulse Width  Slow    RAMD32/CLK   n/a            0.768         1.500       0.732                u_membanks/gen_banks[0].mem_reg_0_31_0_5/RAMA_D1/CLK
High Pulse Width  Fast    RAMD32/CLK   n/a            0.768         1.500       0.732                u_membanks/gen_banks[0].mem_reg_0_31_0_5/RAMA_D1/CLK
High Pulse Width  Slow    RAMD32/CLK   n/a            0.768         1.500       0.732                u_membanks/gen_banks[0].mem_reg_0_31_0_5/RAMB/CLK
High Pulse Width  Fast    RAMD32/CLK   n/a            0.768         1.500       0.732                u_membanks/gen_banks[0].mem_reg_0_31_0_5/RAMB/CLK
High Pulse Width  Slow    RAMD32/CLK   n/a            0.768         1.500       0.732                u_membanks/gen_banks[0].mem_reg_0_31_0_5/RAMB_D1/CLK
High Pulse Width  Fast    RAMD32/CLK   n/a            0.768         1.500       0.732                u_membanks/gen_banks[0].mem_reg_0_31_0_5/RAMB_D1/CLK
High Pulse Width  Slow    RAMD32/CLK   n/a            0.768         1.500       0.732                u_membanks/gen_banks[0].mem_reg_0_31_0_5/RAMC/CLK
High Pulse Width  Fast    RAMD32/CLK   n/a            0.768         1.500       0.732                u_membanks/gen_banks[0].mem_reg_0_31_0_5/RAMC/CLK



