Copyright 1986-2022 Xilinx, Inc. All Rights Reserved.
----------------------------------------------------------------------------------------------------------------------------------------------------------------------------------------------------------
| Tool Version : Vivado v.2022.2 (win64) Build 3671981 Fri Oct 14 05:00:03 MDT 2022
| Date         : Sun May 10 11:39:12 2026
| Host         : LAPTOP-54I1J1D9 running 64-bit major release  (build 9200)
| Command      : report_timing_summary -max_paths 10 -file {D:/Projects/Current projects/RE sem 6 (Mixed-Radix_NTT_Multiplication)/NTT Multiplication Algorithm/synth/results_r8_n256/02_impl_timing.rpt}
| Design       : ntt_top
| Device       : 7k160t-fbg484
| Speed File   : -2  PRODUCTION 1.12 2017-02-17
----------------------------------------------------------------------------------------------------------------------------------------------------------------------------------------------------------

Timing Summary Report

------------------------------------------------------------------------------------------------
| Timer Settings
| --------------
------------------------------------------------------------------------------------------------

  Enable Multi Corner Analysis               :  Yes
  Enable Pessimism Removal                   :  Yes
  Pessimism Removal Resolution               :  Nearest Common Node
  Enable Input Delay Default Clock           :  No
  Enable Preset / Clear Arcs                 :  No
  Disable Flight Delays                      :  No
  Ignore I/O Paths                           :  No
  Timing Early Launch at Borrowing Latches   :  No
  Borrow Time for Max Delay Exceptions       :  Yes
  Merge Timing Exceptions                    :  Yes

  Corner  Analyze    Analyze    
  Name    Max Paths  Min Paths  
  ------  ---------  ---------  
  Slow    Yes        Yes        
  Fast    Yes        Yes        


------------------------------------------------------------------------------------------------
| Report Methodology
| ------------------
------------------------------------------------------------------------------------------------

No report available as report_methodology has not been run prior. Run report_methodology on the current design for the summary of methodology violations.



check_timing report

Table of Contents
-----------------
1. checking no_clock (0)
2. checking constant_clock (0)
3. checking pulse_width_clock (0)
4. checking unconstrained_internal_endpoints (0)
5. checking no_input_delay (36)
6. checking no_output_delay (18)
7. checking multiple_clock (0)
8. checking generated_clocks (0)
9. checking loops (0)
10. checking partial_input_delay (0)
11. checking partial_output_delay (0)
12. checking latch_loops (0)

1. checking no_clock (0)
------------------------
 There are 0 register/latch pins with no clock.


2. checking constant_clock (0)
------------------------------
 There are 0 register/latch pins with constant_clock.


3. checking pulse_width_clock (0)
---------------------------------
 There are 0 register/latch pins which need pulse_width check


4. checking unconstrained_internal_endpoints (0)
------------------------------------------------
 There are 0 pins that are not constrained for maximum delay.

 There are 0 pins that are not constrained for maximum delay due to constant clock.


5. checking no_input_delay (36)
-------------------------------
 There are 36 input ports with no input delay specified. (HIGH)

 There are 0 input ports with no input delay but user has a false path constraint.


6. checking no_output_delay (18)
--------------------------------
 There are 18 ports with no output delay specified. (HIGH)

 There are 0 ports with no output delay but user has a false path constraint

 There are 0 ports with no output delay but with a timing clock defined on it or propagating through it


7. checking multiple_clock (0)
------------------------------
 There are 0 register/latch pins with multiple clocks.


8. checking generated_clocks (0)
--------------------------------
 There are 0 generated clocks that are not connected to a clock source.


9. checking loops (0)
---------------------
 There are 0 combinational loops in the design.


10. checking partial_input_delay (0)
------------------------------------
 There are 0 input ports with partial input delay specified.


11. checking partial_output_delay (0)
-------------------------------------
 There are 0 ports with partial output delay specified.


12. checking latch_loops (0)
----------------------------
 There are 0 combinational latch loops in the design through latch input



------------------------------------------------------------------------------------------------
| Design Timing Summary
| ---------------------
------------------------------------------------------------------------------------------------

    WNS(ns)      TNS(ns)  TNS Failing Endpoints  TNS Total Endpoints      WHS(ns)      THS(ns)  THS Failing Endpoints  THS Total Endpoints     WPWS(ns)     TPWS(ns)  TPWS Failing Endpoints  TPWS Total Endpoints  
    -------      -------  ---------------------  -------------------      -------      -------  ---------------------  -------------------     --------     --------  ----------------------  --------------------  
    -25.574   -12408.052                   2679                 2702        0.156        0.000                      0                 2702        0.732        0.000                       0                   458  


Timing constraints are not met.


------------------------------------------------------------------------------------------------
| Clock Summary
| -------------
------------------------------------------------------------------------------------------------

Clock  Waveform(ns)         Period(ns)      Frequency(MHz)
-----  ------------         ----------      --------------
clk    {0.000 1.500}        3.000           333.333         


------------------------------------------------------------------------------------------------
| Intra Clock Table
| -----------------
------------------------------------------------------------------------------------------------

Clock             WNS(ns)      TNS(ns)  TNS Failing Endpoints  TNS Total Endpoints      WHS(ns)      THS(ns)  THS Failing Endpoints  THS Total Endpoints     WPWS(ns)     TPWS(ns)  TPWS Failing Endpoints  TPWS Total Endpoints  
-----             -------      -------  ---------------------  -------------------      -------      -------  ---------------------  -------------------     --------     --------  ----------------------  --------------------  
clk               -25.574   -12408.052                   2679                 2702        0.156        0.000                      0                 2702        0.732        0.000                       0                   458  


------------------------------------------------------------------------------------------------
| Inter Clock Table
| -----------------
------------------------------------------------------------------------------------------------

From Clock    To Clock          WNS(ns)      TNS(ns)  TNS Failing Endpoints  TNS Total Endpoints      WHS(ns)      THS(ns)  THS Failing Endpoints  THS Total Endpoints  
----------    --------          -------      -------  ---------------------  -------------------      -------      -------  ---------------------  -------------------  


------------------------------------------------------------------------------------------------
| Other Path Groups Table
| -----------------------
------------------------------------------------------------------------------------------------

Path Group    From Clock    To Clock          WNS(ns)      TNS(ns)  TNS Failing Endpoints  TNS Total Endpoints      WHS(ns)      THS(ns)  THS Failing Endpoints  THS Total Endpoints  
----------    ----------    --------          -------      -------  ---------------------  -------------------      -------      -------  ---------------------  -------------------  


------------------------------------------------------------------------------------------------
| Timing Details
| --------------
------------------------------------------------------------------------------------------------


---------------------------------------------------------------------------------------------------
From Clock:  clk
  To Clock:  clk

Setup :         2679  Failing Endpoints,  Worst Slack      -25.574ns,  Total Violation   -12408.052ns
Hold  :            0  Failing Endpoints,  Worst Slack        0.156ns,  Total Violation        0.000ns
PW    :            0  Failing Endpoints,  Worst Slack        0.732ns,  Total Violation        0.000ns
---------------------------------------------------------------------------------------------------


Max Delay Paths
--------------------------------------------------------------------------------------
Slack (VIOLATED) :        -25.574ns  (required time - arrival time)
  Source:                 u_ctrl/delta_idx_reg[2]_replica/C
                            (rising edge-triggered cell FDCE clocked by clk  {rise@0.000ns fall@1.500ns period=3.000ns})
  Destination:            u_membanks/gen_banks[0].mem_reg_0_31_12_17/RAMC_D1/I
                            (rising edge-triggered cell RAMD32 clocked by clk  {rise@0.000ns fall@1.500ns period=3.000ns})
  Path Group:             clk
  Path Type:              Setup (Max at Slow Process Corner)
  Requirement:            3.000ns  (clk rise@3.000ns - clk rise@0.000ns)
  Data Path Delay:        28.342ns  (logic 9.467ns (33.402%)  route 18.875ns (66.598%))
  Logic Levels:           70  (CARRY4=32 DSP48E1=1 LUT2=5 LUT3=4 LUT4=5 LUT5=4 LUT6=18 RAMD32=1)
  Clock Path Skew:        -0.049ns (DCD - SCD + CPR)
    Destination Clock Delay (DCD):    4.035ns = ( 7.035 - 3.000 ) 
    Source Clock Delay      (SCD):    4.375ns
    Clock Pessimism Removal (CPR):    0.291ns
  Clock Uncertainty:      0.035ns  ((TSJ^2 + TIJ^2)^1/2 + DJ) / 2 + PE
    Total System Jitter     (TSJ):    0.071ns
    Total Input Jitter      (TIJ):    0.000ns
    Discrete Jitter          (DJ):    0.000ns
    Phase Error              (PE):    0.000ns

    Location             Delay type                Incr(ns)  Path(ns)    Netlist Resource(s)
  -------------------------------------------------------------------    -------------------
                         (clock clk rise edge)        0.000     0.000 r  
    V20                                               0.000     0.000 r  clk (IN)
                         net (fo=0)                   0.000     0.000    clk
    V20                  IBUF (Prop_ibuf_I_O)         0.751     0.751 r  clk_IBUF_inst/O
                         net (fo=1, routed)           1.950     2.701    clk_IBUF
    BUFGCTRL_X0Y0        BUFG (Prop_bufg_I_O)         0.093     2.794 r  clk_IBUF_BUFG_inst/O
                         net (fo=457, routed)         1.581     4.375    u_ctrl/clk_IBUF_BUFG
    SLICE_X29Y45         FDCE                                         r  u_ctrl/delta_idx_reg[2]_replica/C
  -------------------------------------------------------------------    -------------------
    SLICE_X29Y45         FDCE (Prop_fdce_C_Q)         0.223     4.598 r  u_ctrl/delta_idx_reg[2]_replica/Q
                         net (fo=3, routed)           0.238     4.836    u_ctrl/B_1[5]_repN
    SLICE_X29Y45         LUT2 (Prop_lut2_I0_O)        0.043     4.879 r  u_ctrl/product_i_155/O
                         net (fo=1, routed)           0.000     4.879    u_ctrl/product_i_155_n_0
    SLICE_X29Y45         CARRY4 (Prop_carry4_S[2]_O[2])
                                                      0.117     4.996 r  u_ctrl/product_i_146/O[2]
                         net (fo=1, routed)           0.353     5.348    u_membanks/product_i_148[0]
    SLICE_X28Y47         CARRY4 (Prop_carry4_S[0]_O[0])
                                                      0.246     5.594 r  u_membanks/product_i_145/O[0]
                         net (fo=2, routed)           0.339     5.933    u_ctrl/O[0]
    SLICE_X27Y45         LUT2 (Prop_lut2_I0_O)        0.124     6.057 r  u_ctrl/product_i_148/O
                         net (fo=1, routed)           0.000     6.057    u_ctrl/product_i_148_n_0
    SLICE_X27Y45         CARRY4 (Prop_carry4_S[2]_O[2])
                                                      0.117     6.174 r  u_ctrl/product_i_142/O[2]
                         net (fo=17, routed)          0.523     6.697    u_ctrl/g_cnt_reg[6]_0[2]
    SLICE_X29Y43         CARRY4 (Prop_carry4_S[1]_O[2])
                                                      0.404     7.101 r  u_ctrl/gen_banks[7].mem_reg_0_31_0_5_i_173/O[2]
                         net (fo=2, routed)           0.465     7.566    u_ctrl/orig_addrs02_out[6]
    SLICE_X26Y46         LUT6 (Prop_lut6_I5_O)        0.122     7.688 r  u_ctrl/gen_banks[4].mem_reg_0_31_0_5_i_31/O
                         net (fo=2, routed)           0.455     8.143    u_ctrl/gen_banks[4].mem_reg_0_31_0_5_i_31_n_0
    SLICE_X25Y40         LUT3 (Prop_lut3_I0_O)        0.043     8.186 r  u_ctrl/gen_banks[4].mem_reg_0_31_0_5_i_26/O
                         net (fo=4, routed)           0.371     8.557    u_ctrl/gen_banks[4].mem_reg_0_31_0_5_i_26_n_0
    SLICE_X26Y39         LUT6 (Prop_lut6_I0_O)        0.043     8.600 r  u_ctrl/gen_banks[4].mem_reg_0_31_0_5_i_9/O
                         net (fo=36, routed)          0.692     9.292    u_membanks/gen_banks[4].mem_reg_0_31_12_17/ADDRA3
    SLICE_X42Y39         RAMD32 (Prop_ramd32_RADR3_O)
                                                      0.043     9.335 f  u_membanks/gen_banks[4].mem_reg_0_31_12_17/RAMA_D1/O
                         net (fo=3, routed)           0.636     9.971    u_membanks/bank_dout[149]
    SLICE_X32Y48         LUT3 (Prop_lut3_I2_O)        0.043    10.014 f  u_membanks/product_i_82__0/O
                         net (fo=4, routed)           0.444    10.458    u_ctrl/product_13
    SLICE_X32Y45         LUT6 (Prop_lut6_I0_O)        0.043    10.501 f  u_ctrl/product_i_21__4/O
                         net (fo=6, routed)           0.663    11.164    u_membanks/gen_bfly_pack[5].cur_l[2]
    SLICE_X36Y37         LUT4 (Prop_lut4_I3_O)        0.043    11.207 f  u_membanks/raw_sum_carry_i_12__43/O
                         net (fo=1, routed)           0.371    11.578    u_membanks/raw_sum_carry_i_12__43_n_0
    SLICE_X46Y37         LUT6 (Prop_lut6_I4_O)        0.043    11.621 f  u_membanks/raw_sum_carry_i_9__51_rewire/O
                         net (fo=54, routed)          0.326    11.946    gen_intt_n2d1[5].u_intt_n2d1/raw_sum_carry__2_0
    SLICE_X46Y37         LUT4 (Prop_lut4_I3_O)        0.043    11.989 r  gen_intt_n2d1[5].u_intt_n2d1/raw_sum_carry_i_23__18/O
                         net (fo=1, routed)           0.556    12.545    gen_intt_n2d1[5].u_intt_n2d1/raw_sum_carry_i_23__18_n_0
    SLICE_X42Y38         LUT6 (Prop_lut6_I0_O)        0.043    12.588 r  gen_intt_n2d1[5].u_intt_n2d1/raw_sum_carry_i_11__43/O
                         net (fo=98, routed)          0.587    13.175    gen_intt_n2d1[5].u_intt_n2d1/raw_sum_carry_i_26__9_0
    SLICE_X43Y40         LUT3 (Prop_lut3_I1_O)        0.043    13.218 r  gen_intt_n2d1[5].u_intt_n2d1/raw_sum_carry__0_i_5__20/O
                         net (fo=1, routed)           0.000    13.218    gen_r2intt_r8.u_r2intt8/gen_full_s0[2].u_bf/u_sub/add_inst/raw_sum_carry__0_i_9__16_1[3]
    SLICE_X43Y40         CARRY4 (Prop_carry4_S[3]_CO[3])
                                                      0.193    13.411 r  gen_r2intt_r8.u_r2intt8/gen_full_s0[2].u_bf/u_sub/add_inst/raw_sum_carry__0/CO[3]
                         net (fo=1, routed)           0.000    13.411    gen_r2intt_r8.u_r2intt8/gen_full_s0[2].u_bf/u_sub/add_inst/raw_sum_carry__0_n_0
    SLICE_X43Y41         CARRY4 (Prop_carry4_CI_CO[3])
                                                      0.053    13.464 r  gen_r2intt_r8.u_r2intt8/gen_full_s0[2].u_bf/u_sub/add_inst/raw_sum_carry__1/CO[3]
                         net (fo=1, routed)           0.000    13.464    gen_r2intt_r8.u_r2intt8/gen_full_s0[2].u_bf/u_sub/add_inst/raw_sum_carry__1_n_0
    SLICE_X43Y42         CARRY4 (Prop_carry4_CI_CO[3])
                                                      0.053    13.517 r  gen_r2intt_r8.u_r2intt8/gen_full_s0[2].u_bf/u_sub/add_inst/raw_sum_carry__2/CO[3]
                         net (fo=1, routed)           0.000    13.517    gen_r2intt_r8.u_r2intt8/gen_full_s0[2].u_bf/u_sub/add_inst/raw_sum_carry__2_n_0
    SLICE_X43Y43         CARRY4 (Prop_carry4_CI_O[0])
                                                      0.111    13.628 r  gen_r2intt_r8.u_r2intt8/gen_full_s0[2].u_bf/u_sub/add_inst/raw_sum_carry__3/O[0]
                         net (fo=1, routed)           0.281    13.908    gen_r2intt_r8.u_r2intt8/gen_full_s0[2].u_bf/u_sub/add_inst/raw_sum_carry__3_n_7
    SLICE_X42Y40         LUT2 (Prop_lut2_I1_O)        0.124    14.032 r  gen_r2intt_r8.u_r2intt8/gen_full_s0[2].u_bf/u_sub/add_inst/raw_sum_carry_i_16__31/O
                         net (fo=1, routed)           0.000    14.032    gen_r2intt_r8.u_r2intt8/gen_full_s0[2].u_bf/u_sub/add_inst/raw_sum_carry_i_16__31_n_0
    SLICE_X42Y40         CARRY4 (Prop_carry4_S[0]_CO[3])
                                                      0.246    14.278 r  gen_r2intt_r8.u_r2intt8/gen_full_s0[2].u_bf/u_sub/add_inst/raw_sum_carry_i_9__22/CO[3]
                         net (fo=1, routed)           0.000    14.278    gen_r2intt_r8.u_r2intt8/gen_full_s0[2].u_bf/u_sub/add_inst/raw_sum_carry_i_9__22_n_0
    SLICE_X42Y41         CARRY4 (Prop_carry4_CI_CO[3])
                                                      0.054    14.332 r  gen_r2intt_r8.u_r2intt8/gen_full_s0[2].u_bf/u_sub/add_inst/raw_sum_carry__0_i_9__16/CO[3]
                         net (fo=1, routed)           0.000    14.332    gen_r2intt_r8.u_r2intt8/gen_full_s0[2].u_bf/u_sub/add_inst/raw_sum_carry__0_i_9__16_n_0
    SLICE_X42Y42         CARRY4 (Prop_carry4_CI_CO[3])
                                                      0.054    14.386 r  gen_r2intt_r8.u_r2intt8/gen_full_s0[2].u_bf/u_sub/add_inst/raw_sum_carry__1_i_9__13/CO[3]
                         net (fo=1, routed)           0.000    14.386    gen_r2intt_r8.u_r2intt8/gen_full_s0[2].u_bf/u_sub/add_inst/raw_sum_carry__1_i_9__13_n_0
    SLICE_X42Y43         CARRY4 (Prop_carry4_CI_O[3])
                                                      0.151    14.537 r  gen_r2intt_r8.u_r2intt8/gen_full_s0[2].u_bf/u_sub/add_inst/raw_sum_carry_i_11__16/O[3]
                         net (fo=1, routed)           0.420    14.958    gen_intt_n2d1[5].u_intt_n2d1/reduced[15]
    SLICE_X47Y44         LUT5 (Prop_lut5_I0_O)        0.120    15.078 r  gen_intt_n2d1[5].u_intt_n2d1/raw_sum_carry_i_2__22/O
                         net (fo=9, routed)           0.511    15.589    gen_intt_n2d1[5].u_intt_n2d1/s0_full[5]_1[2]
    SLICE_X48Y45         LUT4 (Prop_lut4_I3_O)        0.043    15.632 f  gen_intt_n2d1[5].u_intt_n2d1/raw_sum_carry_i_21__10/O
                         net (fo=1, routed)           0.236    15.867    gen_intt_n2d1[5].u_intt_n2d1/raw_sum_carry_i_21__10_n_0
    SLICE_X48Y44         LUT5 (Prop_lut5_I4_O)        0.043    15.910 f  gen_intt_n2d1[5].u_intt_n2d1/raw_sum_carry_i_10__20/O
                         net (fo=37, routed)          0.401    16.311    gen_intt_n2d1[5].u_intt_n2d1/s0_full[5]_1[16]
    SLICE_X45Y45         LUT6 (Prop_lut6_I5_O)        0.043    16.354 r  gen_intt_n2d1[5].u_intt_n2d1/raw_sum_carry__0_i_4__22/O
                         net (fo=6, routed)           0.611    16.966    gen_r2intt_r8.u_r2intt8/gen_full_s1_b[1].gen_full_s1_g[1].u_bf/u_add/s0_full[5]_22[4]
    SLICE_X35Y45         CARRY4 (Prop_carry4_DI[0]_CO[3])
                                                      0.269    17.235 r  gen_r2intt_r8.u_r2intt8/gen_full_s1_b[1].gen_full_s1_g[1].u_bf/u_add/raw_sum_carry__0/CO[3]
                         net (fo=1, routed)           0.000    17.235    gen_r2intt_r8.u_r2intt8/gen_full_s1_b[1].gen_full_s1_g[1].u_bf/u_add/raw_sum_carry__0_n_0
    SLICE_X35Y46         CARRY4 (Prop_carry4_CI_CO[3])
                                                      0.053    17.288 r  gen_r2intt_r8.u_r2intt8/gen_full_s1_b[1].gen_full_s1_g[1].u_bf/u_add/raw_sum_carry__1/CO[3]
                         net (fo=1, routed)           0.000    17.288    gen_r2intt_r8.u_r2intt8/gen_full_s1_b[1].gen_full_s1_g[1].u_bf/u_add/raw_sum_carry__1_n_0
    SLICE_X35Y47         CARRY4 (Prop_carry4_CI_CO[3])
                                                      0.053    17.341 r  gen_r2intt_r8.u_r2intt8/gen_full_s1_b[1].gen_full_s1_g[1].u_bf/u_add/raw_sum_carry__2/CO[3]
                         net (fo=1, routed)           0.000    17.341    gen_r2intt_r8.u_r2intt8/gen_full_s1_b[1].gen_full_s1_g[1].u_bf/u_add/raw_sum_carry__2_n_0
    SLICE_X35Y48         CARRY4 (Prop_carry4_CI_O[0])
                                                      0.111    17.452 r  gen_r2intt_r8.u_r2intt8/gen_full_s1_b[1].gen_full_s1_g[1].u_bf/u_add/raw_sum_carry__3/O[0]
                         net (fo=1, routed)           0.381    17.833    gen_r2intt_r8.u_r2intt8/gen_full_s1_b[1].gen_full_s1_g[1].u_bf/u_add/raw_sum_carry__3_n_7
    SLICE_X36Y44         LUT2 (Prop_lut2_I1_O)        0.124    17.957 r  gen_r2intt_r8.u_r2intt8/gen_full_s1_b[1].gen_full_s1_g[1].u_bf/u_add/raw_sum_carry_i_34__5/O
                         net (fo=1, routed)           0.000    17.957    gen_r2intt_r8.u_r2intt8/gen_full_s1_b[1].gen_full_s1_g[1].u_bf/u_add/raw_sum_carry_i_34__5_n_0
    SLICE_X36Y44         CARRY4 (Prop_carry4_S[0]_CO[3])
                                                      0.259    18.216 r  gen_r2intt_r8.u_r2intt8/gen_full_s1_b[1].gen_full_s1_g[1].u_bf/u_add/raw_sum_carry_i_28__7/CO[3]
                         net (fo=1, routed)           0.000    18.216    gen_r2intt_r8.u_r2intt8/gen_full_s1_b[1].gen_full_s1_g[1].u_bf/u_add/raw_sum_carry_i_28__7_n_0
    SLICE_X36Y45         CARRY4 (Prop_carry4_CI_CO[3])
                                                      0.053    18.269 r  gen_r2intt_r8.u_r2intt8/gen_full_s1_b[1].gen_full_s1_g[1].u_bf/u_add/raw_sum_carry_i_25__13/CO[3]
                         net (fo=1, routed)           0.000    18.269    gen_r2intt_r8.u_r2intt8/gen_full_s1_b[1].gen_full_s1_g[1].u_bf/u_add/raw_sum_carry_i_25__13_n_0
    SLICE_X36Y46         CARRY4 (Prop_carry4_CI_CO[3])
                                                      0.053    18.322 r  gen_r2intt_r8.u_r2intt8/gen_full_s1_b[1].gen_full_s1_g[1].u_bf/u_add/raw_sum_carry__0_i_14__17/CO[3]
                         net (fo=1, routed)           0.000    18.322    gen_r2intt_r8.u_r2intt8/gen_full_s1_b[1].gen_full_s1_g[1].u_bf/u_add/raw_sum_carry__0_i_14__17_n_0
    SLICE_X36Y47         CARRY4 (Prop_carry4_CI_CO[3])
                                                      0.053    18.375 r  gen_r2intt_r8.u_r2intt8/gen_full_s1_b[1].gen_full_s1_g[1].u_bf/u_add/raw_sum_carry__1_i_14__15/CO[3]
                         net (fo=1, routed)           0.000    18.375    gen_r2intt_r8.u_r2intt8/gen_full_s1_b[1].gen_full_s1_g[1].u_bf/u_add/raw_sum_carry__1_i_14__15_n_0
    SLICE_X36Y48         CARRY4 (Prop_carry4_CI_CO[0])
                                                      0.139    18.514 f  gen_r2intt_r8.u_r2intt8/gen_full_s1_b[1].gen_full_s1_g[1].u_bf/u_add/raw_sum_carry__2_i_33__1/CO[0]
                         net (fo=1, routed)           0.572    19.086    gen_intt_n2d1[5].u_intt_n2d1/reduced_16[16]
    SLICE_X44Y48         LUT6 (Prop_lut6_I5_O)        0.131    19.217 f  gen_intt_n2d1[5].u_intt_n2d1/raw_sum_carry__2_i_30__1_rewire/O
                         net (fo=1, routed)           0.451    19.668    gen_intt_n2d1[5].u_intt_n2d1/raw_sum_carry__2_i_30__1_n_0
    SLICE_X44Y45         LUT5 (Prop_lut5_I4_O)        0.043    19.711 f  gen_intt_n2d1[5].u_intt_n2d1/raw_sum_carry__2_i_23__0/O
                         net (fo=5, routed)           0.469    20.179    gen_intt_n2d1[5].u_intt_n2d1/raw_sum_carry__2_i_23__0_n_0
    SLICE_X52Y46         LUT5 (Prop_lut5_I0_O)        0.043    20.222 f  gen_intt_n2d1[5].u_intt_n2d1/raw_sum_carry__3_i_2__11/O
                         net (fo=4, routed)           0.453    20.676    gen_intt_n2d1[5].u_intt_n2d1/gen_r2intt_r8.u_r2intt8/s1_full[5][16]
    SLICE_X52Y46         LUT6 (Prop_lut6_I0_O)        0.043    20.719 r  gen_intt_n2d1[5].u_intt_n2d1/raw_sum_carry_i_5__29/O
                         net (fo=37, routed)          0.305    21.024    gen_intt_n2d1[5].u_intt_n2d1/raw_sum_carry_i_8__36_0
    SLICE_X53Y45         LUT3 (Prop_lut3_I0_O)        0.043    21.067 r  gen_intt_n2d1[5].u_intt_n2d1/raw_sum_carry_i_3__60/O
                         net (fo=1, routed)           0.000    21.067    gen_r2intt_r8.u_r2intt8/gen_full_s2[1].u_bf/u_sub/add_inst/out0_carry_i_19__2_0[1]
    SLICE_X53Y45         CARRY4 (Prop_carry4_S[1]_CO[3])
                                                      0.267    21.334 r  gen_r2intt_r8.u_r2intt8/gen_full_s2[1].u_bf/u_sub/add_inst/raw_sum_carry/CO[3]
                         net (fo=1, routed)           0.000    21.334    gen_r2intt_r8.u_r2intt8/gen_full_s2[1].u_bf/u_sub/add_inst/raw_sum_carry_n_0
    SLICE_X53Y46         CARRY4 (Prop_carry4_CI_CO[3])
                                                      0.053    21.387 r  gen_r2intt_r8.u_r2intt8/gen_full_s2[1].u_bf/u_sub/add_inst/raw_sum_carry__0/CO[3]
                         net (fo=1, routed)           0.000    21.387    gen_r2intt_r8.u_r2intt8/gen_full_s2[1].u_bf/u_sub/add_inst/raw_sum_carry__0_n_0
    SLICE_X53Y47         CARRY4 (Prop_carry4_CI_CO[3])
                                                      0.053    21.440 r  gen_r2intt_r8.u_r2intt8/gen_full_s2[1].u_bf/u_sub/add_inst/raw_sum_carry__1/CO[3]
                         net (fo=1, routed)           0.000    21.440    gen_r2intt_r8.u_r2intt8/gen_full_s2[1].u_bf/u_sub/add_inst/raw_sum_carry__1_n_0
    SLICE_X53Y48         CARRY4 (Prop_carry4_CI_CO[3])
                                                      0.053    21.493 r  gen_r2intt_r8.u_r2intt8/gen_full_s2[1].u_bf/u_sub/add_inst/raw_sum_carry__2/CO[3]
                         net (fo=1, routed)           0.000    21.493    gen_r2intt_r8.u_r2intt8/gen_full_s2[1].u_bf/u_sub/add_inst/raw_sum_carry__2_n_0
    SLICE_X53Y49         CARRY4 (Prop_carry4_CI_O[0])
                                                      0.111    21.604 r  gen_r2intt_r8.u_r2intt8/gen_full_s2[1].u_bf/u_sub/add_inst/raw_sum_carry__3/O[0]
                         net (fo=1, routed)           0.312    21.916    gen_r2intt_r8.u_r2intt8/gen_full_s2[1].u_bf/u_sub/add_inst/raw_sum_carry__3_n_7
    SLICE_X54Y45         LUT2 (Prop_lut2_I1_O)        0.124    22.040 r  gen_r2intt_r8.u_r2intt8/gen_full_s2[1].u_bf/u_sub/add_inst/out0_carry_i_27__6/O
                         net (fo=1, routed)           0.000    22.040    gen_r2intt_r8.u_r2intt8/gen_full_s2[1].u_bf/u_sub/add_inst/out0_carry_i_27__6_n_0
    SLICE_X54Y45         CARRY4 (Prop_carry4_S[0]_CO[3])
                                                      0.246    22.286 r  gen_r2intt_r8.u_r2intt8/gen_full_s2[1].u_bf/u_sub/add_inst/out0_carry_i_19__2/CO[3]
                         net (fo=1, routed)           0.000    22.286    gen_r2intt_r8.u_r2intt8/gen_full_s2[1].u_bf/u_sub/add_inst/out0_carry_i_19__2_n_0
    SLICE_X54Y46         CARRY4 (Prop_carry4_CI_CO[3])
                                                      0.054    22.340 r  gen_r2intt_r8.u_r2intt8/gen_full_s2[1].u_bf/u_sub/add_inst/out0_carry_i_21__8/CO[3]
                         net (fo=1, routed)           0.000    22.340    gen_r2intt_r8.u_r2intt8/gen_full_s2[1].u_bf/u_sub/add_inst/out0_carry_i_21__8_n_0
    SLICE_X54Y47         CARRY4 (Prop_carry4_CI_CO[3])
                                                      0.054    22.394 r  gen_r2intt_r8.u_r2intt8/gen_full_s2[1].u_bf/u_sub/add_inst/out0_carry__0_i_14__10/CO[3]
                         net (fo=1, routed)           0.000    22.394    gen_r2intt_r8.u_r2intt8/gen_full_s2[1].u_bf/u_sub/add_inst/out0_carry__0_i_14__10_n_0
    SLICE_X54Y48         CARRY4 (Prop_carry4_CI_O[1])
                                                      0.165    22.559 r  gen_r2intt_r8.u_r2intt8/gen_full_s2[1].u_bf/u_sub/add_inst/out0_carry__1_i_14__10/O[1]
                         net (fo=2, routed)           0.377    22.936    gen_intt_n2d1[5].u_intt_n2d1/out0_carry__2_i_3__1[1]
    SLICE_X58Y46         LUT6 (Prop_lut6_I5_O)        0.125    23.061 r  gen_intt_n2d1[5].u_intt_n2d1/product_i_41__6/O
                         net (fo=1, routed)           0.326    23.387    gen_intt_n2d1[5].u_intt_n2d1/product_i_41__6_n_0
    SLICE_X58Y45         LUT6 (Prop_lut6_I0_O)        0.043    23.430 r  gen_intt_n2d1[5].u_intt_n2d1/product_i_35__6/O
                         net (fo=1, routed)           0.322    23.752    gen_intt_n2d1[5].u_intt_n2d1/product_i_35__6_n_0
    SLICE_X56Y44         LUT6 (Prop_lut6_I4_O)        0.043    23.795 r  gen_intt_n2d1[5].u_intt_n2d1/product_i_26__9/O
                         net (fo=1, routed)           0.197    23.992    gen_intt_n2d1[5].u_intt_n2d1/product_i_26__9_n_0
    SLICE_X56Y42         LUT6 (Prop_lut6_I1_O)        0.043    24.035 r  gen_intt_n2d1[5].u_intt_n2d1/product_i_19__9/O
                         net (fo=17, routed)          0.483    24.518    gen_intt_n2d1[5].u_intt_n2d1/product_i_19__9_n_0
    SLICE_X54Y42         LUT6 (Prop_lut6_I2_O)        0.043    24.561 r  gen_intt_n2d1[5].u_intt_n2d1/product_i_1__9/O
                         net (fo=1, routed)           0.595    25.156    gen_modmul_intt[5].u_mm_intt/product_7[16]
    DSP48_X2Y16          DSP48E1 (Prop_dsp48e1_A[16]_P[18])
                                                      2.737    27.893 r  gen_modmul_intt[5].u_mm_intt/product/P[18]
                         net (fo=3, routed)           0.894    28.787    gen_modmul_intt[5].u_mm_intt/product_n_87
    SLICE_X44Y34         LUT4 (Prop_lut4_I0_O)        0.043    28.830 r  gen_modmul_intt[5].u_mm_intt/t_carry_i_3__1/O
                         net (fo=1, routed)           0.000    28.830    gen_modmul_intt[5].u_mm_intt/t_carry_i_3__1_n_0
    SLICE_X44Y34         CARRY4 (Prop_carry4_S[3]_CO[3])
                                                      0.180    29.010 r  gen_modmul_intt[5].u_mm_intt/t_carry/CO[3]
                         net (fo=1, routed)           0.000    29.010    gen_modmul_intt[5].u_mm_intt/t_carry_n_0
    SLICE_X44Y35         CARRY4 (Prop_carry4_CI_O[0])
                                                      0.108    29.118 r  gen_modmul_intt[5].u_mm_intt/t_carry__0/O[0]
                         net (fo=4, routed)           0.529    29.647    gen_modmul_intt[5].u_mm_intt/product_1[0]
    SLICE_X46Y32         LUT4 (Prop_lut4_I2_O)        0.123    29.770 r  gen_modmul_intt[5].u_mm_intt/gen_banks[7].mem_reg_0_31_0_5_i_398/O
                         net (fo=1, routed)           0.447    30.217    gen_modmul_intt[5].u_mm_intt/gen_banks[7].mem_reg_0_31_0_5_i_398_n_0
    SLICE_X44Y33         LUT6 (Prop_lut6_I2_O)        0.043    30.260 r  gen_modmul_intt[5].u_mm_intt/gen_banks[7].mem_reg_0_31_0_5_i_213/O
                         net (fo=17, routed)          0.251    30.512    u_ctrl/gen_banks[7].mem_reg_0_31_12_17_i_54_0
    SLICE_X44Y32         LUT6 (Prop_lut6_I3_O)        0.043    30.555 r  u_ctrl/gen_banks[7].mem_reg_0_31_0_5_i_132/O
                         net (fo=2, routed)           0.678    31.233    u_ctrl/gen_banks[7].mem_reg_0_31_0_5_i_132_n_0
    SLICE_X33Y33         LUT6 (Prop_lut6_I5_O)        0.043    31.276 r  u_ctrl/gen_banks[7].mem_reg_0_31_12_17_i_54/O
                         net (fo=4, routed)           0.486    31.762    u_ctrl/bfly_data_pre[187]
    SLICE_X30Y33         LUT6 (Prop_lut6_I1_O)        0.043    31.805 r  u_ctrl/gen_banks[1].mem_reg_0_31_12_17_i_11/O
                         net (fo=2, routed)           0.374    32.180    u_ctrl/gen_banks[1].mem_reg_0_31_12_17_i_11_n_0
    SLICE_X33Y38         LUT6 (Prop_lut6_I5_O)        0.043    32.223 r  u_ctrl/gen_banks[0].mem_reg_0_31_12_17_i_5/O
                         net (fo=1, routed)           0.494    32.717    u_membanks/gen_banks[0].mem_reg_0_31_12_17/DIC1
    SLICE_X38Y40         RAMD32                                       r  u_membanks/gen_banks[0].mem_reg_0_31_12_17/RAMC_D1/I
  -------------------------------------------------------------------    -------------------

                         (clock clk rise edge)        3.000     3.000 r  
    V20                                               0.000     3.000 r  clk (IN)
                         net (fo=0)                   0.000     3.000    clk
    V20                  IBUF (Prop_ibuf_I_O)         0.676     3.676 r  clk_IBUF_inst/O
                         net (fo=1, routed)           1.834     5.510    clk_IBUF
    BUFGCTRL_X0Y0        BUFG (Prop_bufg_I_O)         0.083     5.593 r  clk_IBUF_BUFG_inst/O
                         net (fo=457, routed)         1.442     7.035    u_membanks/gen_banks[0].mem_reg_0_31_12_17/WCLK
    SLICE_X38Y40         RAMD32                                       r  u_membanks/gen_banks[0].mem_reg_0_31_12_17/RAMC_D1/CLK
                         clock pessimism              0.291     7.326    
                         clock uncertainty           -0.035     7.290    
    SLICE_X38Y40         RAMD32 (Setup_ramd32_CLK_I)
                                                     -0.147     7.143    u_membanks/gen_banks[0].mem_reg_0_31_12_17/RAMC_D1
  -------------------------------------------------------------------
                         required time                          7.143    
                         arrival time                         -32.717    
  -------------------------------------------------------------------
                         slack                                -25.574    

Slack (VIOLATED) :        -25.549ns  (required time - arrival time)
  Source:                 u_ctrl/delta_idx_reg[2]_replica/C
                            (rising edge-triggered cell FDCE clocked by clk  {rise@0.000ns fall@1.500ns period=3.000ns})
  Destination:            u_membanks/gen_banks[2].mem_reg_0_31_12_17/RAMC/I
                            (rising edge-triggered cell RAMD32 clocked by clk  {rise@0.000ns fall@1.500ns period=3.000ns})
  Path Group:             clk
  Path Type:              Setup (Max at Slow Process Corner)
  Requirement:            3.000ns  (clk rise@3.000ns - clk rise@0.000ns)
  Data Path Delay:        28.396ns  (logic 9.933ns (34.980%)  route 18.463ns (65.020%))
  Logic Levels:           71  (CARRY4=35 DSP48E1=1 LUT2=5 LUT3=4 LUT4=4 LUT5=4 LUT6=17 RAMD32=1)
  Clock Path Skew:        -0.006ns (DCD - SCD + CPR)
    Destination Clock Delay (DCD):    4.078ns = ( 7.078 - 3.000 ) 
    Source Clock Delay      (SCD):    4.375ns
    Clock Pessimism Removal (CPR):    0.291ns
  Clock Uncertainty:      0.035ns  ((TSJ^2 + TIJ^2)^1/2 + DJ) / 2 + PE
    Total System Jitter     (TSJ):    0.071ns
    Total Input Jitter      (TIJ):    0.000ns
    Discrete Jitter          (DJ):    0.000ns
    Phase Error              (PE):    0.000ns

    Location             Delay type                Incr(ns)  Path(ns)    Netlist Resource(s)
  -------------------------------------------------------------------    -------------------
                         (clock clk rise edge)        0.000     0.000 r  
    V20                                               0.000     0.000 r  clk (IN)
                         net (fo=0)                   0.000     0.000    clk
    V20                  IBUF (Prop_ibuf_I_O)         0.751     0.751 r  clk_IBUF_inst/O
                         net (fo=1, routed)           1.950     2.701    clk_IBUF
    BUFGCTRL_X0Y0        BUFG (Prop_bufg_I_O)         0.093     2.794 r  clk_IBUF_BUFG_inst/O
                         net (fo=457, routed)         1.581     4.375    u_ctrl/clk_IBUF_BUFG
    SLICE_X29Y45         FDCE                                         r  u_ctrl/delta_idx_reg[2]_replica/C
  -------------------------------------------------------------------    -------------------
    SLICE_X29Y45         FDCE (Prop_fdce_C_Q)         0.223     4.598 r  u_ctrl/delta_idx_reg[2]_replica/Q
                         net (fo=3, routed)           0.238     4.836    u_ctrl/B_1[5]_repN
    SLICE_X29Y45         LUT2 (Prop_lut2_I0_O)        0.043     4.879 r  u_ctrl/product_i_155/O
                         net (fo=1, routed)           0.000     4.879    u_ctrl/product_i_155_n_0
    SLICE_X29Y45         CARRY4 (Prop_carry4_S[2]_O[2])
                                                      0.117     4.996 r  u_ctrl/product_i_146/O[2]
                         net (fo=1, routed)           0.353     5.348    u_membanks/product_i_148[0]
    SLICE_X28Y47         CARRY4 (Prop_carry4_S[0]_O[0])
                                                      0.246     5.594 r  u_membanks/product_i_145/O[0]
                         net (fo=2, routed)           0.339     5.933    u_ctrl/O[0]
    SLICE_X27Y45         LUT2 (Prop_lut2_I0_O)        0.124     6.057 r  u_ctrl/product_i_148/O
                         net (fo=1, routed)           0.000     6.057    u_ctrl/product_i_148_n_0
    SLICE_X27Y45         CARRY4 (Prop_carry4_S[2]_O[2])
                                                      0.117     6.174 r  u_ctrl/product_i_142/O[2]
                         net (fo=17, routed)          0.523     6.697    u_ctrl/g_cnt_reg[6]_0[2]
    SLICE_X29Y43         CARRY4 (Prop_carry4_S[1]_O[2])
                                                      0.404     7.101 r  u_ctrl/gen_banks[7].mem_reg_0_31_0_5_i_173/O[2]
                         net (fo=2, routed)           0.465     7.566    u_ctrl/orig_addrs02_out[6]
    SLICE_X26Y46         LUT6 (Prop_lut6_I5_O)        0.122     7.688 r  u_ctrl/gen_banks[4].mem_reg_0_31_0_5_i_31/O
                         net (fo=2, routed)           0.455     8.143    u_ctrl/gen_banks[4].mem_reg_0_31_0_5_i_31_n_0
    SLICE_X25Y40         LUT3 (Prop_lut3_I0_O)        0.043     8.186 r  u_ctrl/gen_banks[4].mem_reg_0_31_0_5_i_26/O
                         net (fo=4, routed)           0.371     8.557    u_ctrl/gen_banks[4].mem_reg_0_31_0_5_i_26_n_0
    SLICE_X26Y39         LUT6 (Prop_lut6_I0_O)        0.043     8.600 r  u_ctrl/gen_banks[4].mem_reg_0_31_0_5_i_9/O
                         net (fo=36, routed)          0.692     9.292    u_membanks/gen_banks[4].mem_reg_0_31_12_17/ADDRA3
    SLICE_X42Y39         RAMD32 (Prop_ramd32_RADR3_O)
                                                      0.043     9.335 f  u_membanks/gen_banks[4].mem_reg_0_31_12_17/RAMA_D1/O
                         net (fo=3, routed)           0.636     9.971    u_membanks/bank_dout[149]
    SLICE_X32Y48         LUT3 (Prop_lut3_I2_O)        0.043    10.014 f  u_membanks/product_i_82__0/O
                         net (fo=4, routed)           0.444    10.458    u_ctrl/product_13
    SLICE_X32Y45         LUT6 (Prop_lut6_I0_O)        0.043    10.501 f  u_ctrl/product_i_21__4/O
                         net (fo=6, routed)           0.663    11.164    u_membanks/gen_bfly_pack[5].cur_l[2]
    SLICE_X36Y37         LUT4 (Prop_lut4_I3_O)        0.043    11.207 f  u_membanks/raw_sum_carry_i_12__43/O
                         net (fo=1, routed)           0.371    11.578    u_membanks/raw_sum_carry_i_12__43_n_0
    SLICE_X46Y37         LUT6 (Prop_lut6_I4_O)        0.043    11.621 f  u_membanks/raw_sum_carry_i_9__51_rewire/O
                         net (fo=54, routed)          0.326    11.946    gen_intt_n2d1[5].u_intt_n2d1/raw_sum_carry__2_0
    SLICE_X46Y37         LUT4 (Prop_lut4_I3_O)        0.043    11.989 r  gen_intt_n2d1[5].u_intt_n2d1/raw_sum_carry_i_23__18/O
                         net (fo=1, routed)           0.556    12.545    gen_intt_n2d1[5].u_intt_n2d1/raw_sum_carry_i_23__18_n_0
    SLICE_X42Y38         LUT6 (Prop_lut6_I0_O)        0.043    12.588 r  gen_intt_n2d1[5].u_intt_n2d1/raw_sum_carry_i_11__43/O
                         net (fo=98, routed)          0.587    13.175    gen_intt_n2d1[5].u_intt_n2d1/raw_sum_carry_i_26__9_0
    SLICE_X43Y40         LUT3 (Prop_lut3_I1_O)        0.043    13.218 r  gen_intt_n2d1[5].u_intt_n2d1/raw_sum_carry__0_i_5__20/O
                         net (fo=1, routed)           0.000    13.218    gen_r2intt_r8.u_r2intt8/gen_full_s0[2].u_bf/u_sub/add_inst/raw_sum_carry__0_i_9__16_1[3]
    SLICE_X43Y40         CARRY4 (Prop_carry4_S[3]_CO[3])
                                                      0.193    13.411 r  gen_r2intt_r8.u_r2intt8/gen_full_s0[2].u_bf/u_sub/add_inst/raw_sum_carry__0/CO[3]
                         net (fo=1, routed)           0.000    13.411    gen_r2intt_r8.u_r2intt8/gen_full_s0[2].u_bf/u_sub/add_inst/raw_sum_carry__0_n_0
    SLICE_X43Y41         CARRY4 (Prop_carry4_CI_CO[3])
                                                      0.053    13.464 r  gen_r2intt_r8.u_r2intt8/gen_full_s0[2].u_bf/u_sub/add_inst/raw_sum_carry__1/CO[3]
                         net (fo=1, routed)           0.000    13.464    gen_r2intt_r8.u_r2intt8/gen_full_s0[2].u_bf/u_sub/add_inst/raw_sum_carry__1_n_0
    SLICE_X43Y42         CARRY4 (Prop_carry4_CI_CO[3])
                                                      0.053    13.517 r  gen_r2intt_r8.u_r2intt8/gen_full_s0[2].u_bf/u_sub/add_inst/raw_sum_carry__2/CO[3]
                         net (fo=1, routed)           0.000    13.517    gen_r2intt_r8.u_r2intt8/gen_full_s0[2].u_bf/u_sub/add_inst/raw_sum_carry__2_n_0
    SLICE_X43Y43         CARRY4 (Prop_carry4_CI_O[0])
                                                      0.111    13.628 r  gen_r2intt_r8.u_r2intt8/gen_full_s0[2].u_bf/u_sub/add_inst/raw_sum_carry__3/O[0]
                         net (fo=1, routed)           0.281    13.908    gen_r2intt_r8.u_r2intt8/gen_full_s0[2].u_bf/u_sub/add_inst/raw_sum_carry__3_n_7
    SLICE_X42Y40         LUT2 (Prop_lut2_I1_O)        0.124    14.032 r  gen_r2intt_r8.u_r2intt8/gen_full_s0[2].u_bf/u_sub/add_inst/raw_sum_carry_i_16__31/O
                         net (fo=1, routed)           0.000    14.032    gen_r2intt_r8.u_r2intt8/gen_full_s0[2].u_bf/u_sub/add_inst/raw_sum_carry_i_16__31_n_0
    SLICE_X42Y40         CARRY4 (Prop_carry4_S[0]_CO[3])
                                                      0.246    14.278 r  gen_r2intt_r8.u_r2intt8/gen_full_s0[2].u_bf/u_sub/add_inst/raw_sum_carry_i_9__22/CO[3]
                         net (fo=1, routed)           0.000    14.278    gen_r2intt_r8.u_r2intt8/gen_full_s0[2].u_bf/u_sub/add_inst/raw_sum_carry_i_9__22_n_0
    SLICE_X42Y41         CARRY4 (Prop_carry4_CI_CO[3])
                                                      0.054    14.332 r  gen_r2intt_r8.u_r2intt8/gen_full_s0[2].u_bf/u_sub/add_inst/raw_sum_carry__0_i_9__16/CO[3]
                         net (fo=1, routed)           0.000    14.332    gen_r2intt_r8.u_r2intt8/gen_full_s0[2].u_bf/u_sub/add_inst/raw_sum_carry__0_i_9__16_n_0
    SLICE_X42Y42         CARRY4 (Prop_carry4_CI_CO[3])
                                                      0.054    14.386 r  gen_r2intt_r8.u_r2intt8/gen_full_s0[2].u_bf/u_sub/add_inst/raw_sum_carry__1_i_9__13/CO[3]
                         net (fo=1, routed)           0.000    14.386    gen_r2intt_r8.u_r2intt8/gen_full_s0[2].u_bf/u_sub/add_inst/raw_sum_carry__1_i_9__13_n_0
    SLICE_X42Y43         CARRY4 (Prop_carry4_CI_O[3])
                                                      0.151    14.537 r  gen_r2intt_r8.u_r2intt8/gen_full_s0[2].u_bf/u_sub/add_inst/raw_sum_carry_i_11__16/O[3]
                         net (fo=1, routed)           0.420    14.958    gen_intt_n2d1[5].u_intt_n2d1/reduced[15]
    SLICE_X47Y44         LUT5 (Prop_lut5_I0_O)        0.120    15.078 r  gen_intt_n2d1[5].u_intt_n2d1/raw_sum_carry_i_2__22/O
                         net (fo=9, routed)           0.511    15.589    gen_intt_n2d1[5].u_intt_n2d1/s0_full[5]_1[2]
    SLICE_X48Y45         LUT4 (Prop_lut4_I3_O)        0.043    15.632 f  gen_intt_n2d1[5].u_intt_n2d1/raw_sum_carry_i_21__10/O
                         net (fo=1, routed)           0.236    15.867    gen_intt_n2d1[5].u_intt_n2d1/raw_sum_carry_i_21__10_n_0
    SLICE_X48Y44         LUT5 (Prop_lut5_I4_O)        0.043    15.910 f  gen_intt_n2d1[5].u_intt_n2d1/raw_sum_carry_i_10__20/O
                         net (fo=37, routed)          0.401    16.311    gen_intt_n2d1[5].u_intt_n2d1/s0_full[5]_1[16]
    SLICE_X45Y45         LUT6 (Prop_lut6_I5_O)        0.043    16.354 r  gen_intt_n2d1[5].u_intt_n2d1/raw_sum_carry__0_i_4__22/O
                         net (fo=6, routed)           0.611    16.966    gen_r2intt_r8.u_r2intt8/gen_full_s1_b[1].gen_full_s1_g[1].u_bf/u_add/s0_full[5]_22[4]
    SLICE_X35Y45         CARRY4 (Prop_carry4_DI[0]_CO[3])
                                                      0.269    17.235 r  gen_r2intt_r8.u_r2intt8/gen_full_s1_b[1].gen_full_s1_g[1].u_bf/u_add/raw_sum_carry__0/CO[3]
                         net (fo=1, routed)           0.000    17.235    gen_r2intt_r8.u_r2intt8/gen_full_s1_b[1].gen_full_s1_g[1].u_bf/u_add/raw_sum_carry__0_n_0
    SLICE_X35Y46         CARRY4 (Prop_carry4_CI_CO[3])
                                                      0.053    17.288 r  gen_r2intt_r8.u_r2intt8/gen_full_s1_b[1].gen_full_s1_g[1].u_bf/u_add/raw_sum_carry__1/CO[3]
                         net (fo=1, routed)           0.000    17.288    gen_r2intt_r8.u_r2intt8/gen_full_s1_b[1].gen_full_s1_g[1].u_bf/u_add/raw_sum_carry__1_n_0
    SLICE_X35Y47         CARRY4 (Prop_carry4_CI_CO[3])
                                                      0.053    17.341 r  gen_r2intt_r8.u_r2intt8/gen_full_s1_b[1].gen_full_s1_g[1].u_bf/u_add/raw_sum_carry__2/CO[3]
                         net (fo=1, routed)           0.000    17.341    gen_r2intt_r8.u_r2intt8/gen_full_s1_b[1].gen_full_s1_g[1].u_bf/u_add/raw_sum_carry__2_n_0
    SLICE_X35Y48         CARRY4 (Prop_carry4_CI_O[0])
                                                      0.111    17.452 r  gen_r2intt_r8.u_r2intt8/gen_full_s1_b[1].gen_full_s1_g[1].u_bf/u_add/raw_sum_carry__3/O[0]
                         net (fo=1, routed)           0.381    17.833    gen_r2intt_r8.u_r2intt8/gen_full_s1_b[1].gen_full_s1_g[1].u_bf/u_add/raw_sum_carry__3_n_7
    SLICE_X36Y44         LUT2 (Prop_lut2_I1_O)        0.124    17.957 r  gen_r2intt_r8.u_r2intt8/gen_full_s1_b[1].gen_full_s1_g[1].u_bf/u_add/raw_sum_carry_i_34__5/O
                         net (fo=1, routed)           0.000    17.957    gen_r2intt_r8.u_r2intt8/gen_full_s1_b[1].gen_full_s1_g[1].u_bf/u_add/raw_sum_carry_i_34__5_n_0
    SLICE_X36Y44         CARRY4 (Prop_carry4_S[0]_CO[3])
                                                      0.259    18.216 r  gen_r2intt_r8.u_r2intt8/gen_full_s1_b[1].gen_full_s1_g[1].u_bf/u_add/raw_sum_carry_i_28__7/CO[3]
                         net (fo=1, routed)           0.000    18.216    gen_r2intt_r8.u_r2intt8/gen_full_s1_b[1].gen_full_s1_g[1].u_bf/u_add/raw_sum_carry_i_28__7_n_0
    SLICE_X36Y45         CARRY4 (Prop_carry4_CI_CO[3])
                                                      0.053    18.269 r  gen_r2intt_r8.u_r2intt8/gen_full_s1_b[1].gen_full_s1_g[1].u_bf/u_add/raw_sum_carry_i_25__13/CO[3]
                         net (fo=1, routed)           0.000    18.269    gen_r2intt_r8.u_r2intt8/gen_full_s1_b[1].gen_full_s1_g[1].u_bf/u_add/raw_sum_carry_i_25__13_n_0
    SLICE_X36Y46         CARRY4 (Prop_carry4_CI_CO[3])
                                                      0.053    18.322 r  gen_r2intt_r8.u_r2intt8/gen_full_s1_b[1].gen_full_s1_g[1].u_bf/u_add/raw_sum_carry__0_i_14__17/CO[3]
                         net (fo=1, routed)           0.000    18.322    gen_r2intt_r8.u_r2intt8/gen_full_s1_b[1].gen_full_s1_g[1].u_bf/u_add/raw_sum_carry__0_i_14__17_n_0
    SLICE_X36Y47         CARRY4 (Prop_carry4_CI_CO[3])
                                                      0.053    18.375 r  gen_r2intt_r8.u_r2intt8/gen_full_s1_b[1].gen_full_s1_g[1].u_bf/u_add/raw_sum_carry__1_i_14__15/CO[3]
                         net (fo=1, routed)           0.000    18.375    gen_r2intt_r8.u_r2intt8/gen_full_s1_b[1].gen_full_s1_g[1].u_bf/u_add/raw_sum_carry__1_i_14__15_n_0
    SLICE_X36Y48         CARRY4 (Prop_carry4_CI_CO[0])
                                                      0.139    18.514 f  gen_r2intt_r8.u_r2intt8/gen_full_s1_b[1].gen_full_s1_g[1].u_bf/u_add/raw_sum_carry__2_i_33__1/CO[0]
                         net (fo=1, routed)           0.572    19.086    gen_intt_n2d1[5].u_intt_n2d1/reduced_16[16]
    SLICE_X44Y48         LUT6 (Prop_lut6_I5_O)        0.131    19.217 f  gen_intt_n2d1[5].u_intt_n2d1/raw_sum_carry__2_i_30__1_rewire/O
                         net (fo=1, routed)           0.451    19.668    gen_intt_n2d1[5].u_intt_n2d1/raw_sum_carry__2_i_30__1_n_0
    SLICE_X44Y45         LUT5 (Prop_lut5_I4_O)        0.043    19.711 f  gen_intt_n2d1[5].u_intt_n2d1/raw_sum_carry__2_i_23__0/O
                         net (fo=5, routed)           0.469    20.179    gen_intt_n2d1[5].u_intt_n2d1/raw_sum_carry__2_i_23__0_n_0
    SLICE_X52Y46         LUT5 (Prop_lut5_I0_O)        0.043    20.222 f  gen_intt_n2d1[5].u_intt_n2d1/raw_sum_carry__3_i_2__11/O
                         net (fo=4, routed)           0.453    20.676    gen_intt_n2d1[5].u_intt_n2d1/gen_r2intt_r8.u_r2intt8/s1_full[5][16]
    SLICE_X52Y46         LUT6 (Prop_lut6_I0_O)        0.043    20.719 r  gen_intt_n2d1[5].u_intt_n2d1/raw_sum_carry_i_5__29/O
                         net (fo=37, routed)          0.305    21.024    gen_intt_n2d1[5].u_intt_n2d1/raw_sum_carry_i_8__36_0
    SLICE_X53Y45         LUT3 (Prop_lut3_I0_O)        0.043    21.067 r  gen_intt_n2d1[5].u_intt_n2d1/raw_sum_carry_i_3__60/O
                         net (fo=1, routed)           0.000    21.067    gen_r2intt_r8.u_r2intt8/gen_full_s2[1].u_bf/u_sub/add_inst/out0_carry_i_19__2_0[1]
    SLICE_X53Y45         CARRY4 (Prop_carry4_S[1]_CO[3])
                                                      0.267    21.334 r  gen_r2intt_r8.u_r2intt8/gen_full_s2[1].u_bf/u_sub/add_inst/raw_sum_carry/CO[3]
                         net (fo=1, routed)           0.000    21.334    gen_r2intt_r8.u_r2intt8/gen_full_s2[1].u_bf/u_sub/add_inst/raw_sum_carry_n_0
    SLICE_X53Y46         CARRY4 (Prop_carry4_CI_CO[3])
                                                      0.053    21.387 r  gen_r2intt_r8.u_r2intt8/gen_full_s2[1].u_bf/u_sub/add_inst/raw_sum_carry__0/CO[3]
                         net (fo=1, routed)           0.000    21.387    gen_r2intt_r8.u_r2intt8/gen_full_s2[1].u_bf/u_sub/add_inst/raw_sum_carry__0_n_0
    SLICE_X53Y47         CARRY4 (Prop_carry4_CI_CO[3])
                                                      0.053    21.440 r  gen_r2intt_r8.u_r2intt8/gen_full_s2[1].u_bf/u_sub/add_inst/raw_sum_carry__1/CO[3]
                         net (fo=1, routed)           0.000    21.440    gen_r2intt_r8.u_r2intt8/gen_full_s2[1].u_bf/u_sub/add_inst/raw_sum_carry__1_n_0
    SLICE_X53Y48         CARRY4 (Prop_carry4_CI_CO[3])
                                                      0.053    21.493 r  gen_r2intt_r8.u_r2intt8/gen_full_s2[1].u_bf/u_sub/add_inst/raw_sum_carry__2/CO[3]
                         net (fo=1, routed)           0.000    21.493    gen_r2intt_r8.u_r2intt8/gen_full_s2[1].u_bf/u_sub/add_inst/raw_sum_carry__2_n_0
    SLICE_X53Y49         CARRY4 (Prop_carry4_CI_O[0])
                                                      0.111    21.604 r  gen_r2intt_r8.u_r2intt8/gen_full_s2[1].u_bf/u_sub/add_inst/raw_sum_carry__3/O[0]
                         net (fo=1, routed)           0.312    21.916    gen_r2intt_r8.u_r2intt8/gen_full_s2[1].u_bf/u_sub/add_inst/raw_sum_carry__3_n_7
    SLICE_X54Y45         LUT2 (Prop_lut2_I1_O)        0.124    22.040 r  gen_r2intt_r8.u_r2intt8/gen_full_s2[1].u_bf/u_sub/add_inst/out0_carry_i_27__6/O
                         net (fo=1, routed)           0.000    22.040    gen_r2intt_r8.u_r2intt8/gen_full_s2[1].u_bf/u_sub/add_inst/out0_carry_i_27__6_n_0
    SLICE_X54Y45         CARRY4 (Prop_carry4_S[0]_CO[3])
                                                      0.246    22.286 r  gen_r2intt_r8.u_r2intt8/gen_full_s2[1].u_bf/u_sub/add_inst/out0_carry_i_19__2/CO[3]
                         net (fo=1, routed)           0.000    22.286    gen_r2intt_r8.u_r2intt8/gen_full_s2[1].u_bf/u_sub/add_inst/out0_carry_i_19__2_n_0
    SLICE_X54Y46         CARRY4 (Prop_carry4_CI_CO[3])
                                                      0.054    22.340 r  gen_r2intt_r8.u_r2intt8/gen_full_s2[1].u_bf/u_sub/add_inst/out0_carry_i_21__8/CO[3]
                         net (fo=1, routed)           0.000    22.340    gen_r2intt_r8.u_r2intt8/gen_full_s2[1].u_bf/u_sub/add_inst/out0_carry_i_21__8_n_0
    SLICE_X54Y47         CARRY4 (Prop_carry4_CI_CO[3])
                                                      0.054    22.394 r  gen_r2intt_r8.u_r2intt8/gen_full_s2[1].u_bf/u_sub/add_inst/out0_carry__0_i_14__10/CO[3]
                         net (fo=1, routed)           0.000    22.394    gen_r2intt_r8.u_r2intt8/gen_full_s2[1].u_bf/u_sub/add_inst/out0_carry__0_i_14__10_n_0
    SLICE_X54Y48         CARRY4 (Prop_carry4_CI_O[1])
                                                      0.165    22.559 r  gen_r2intt_r8.u_r2intt8/gen_full_s2[1].u_bf/u_sub/add_inst/out0_carry__1_i_14__10/O[1]
                         net (fo=2, routed)           0.377    22.936    gen_intt_n2d1[5].u_intt_n2d1/out0_carry__2_i_3__1[1]
    SLICE_X58Y46         LUT6 (Prop_lut6_I5_O)        0.125    23.061 r  gen_intt_n2d1[5].u_intt_n2d1/product_i_41__6/O
                         net (fo=1, routed)           0.326    23.387    gen_intt_n2d1[5].u_intt_n2d1/product_i_41__6_n_0
    SLICE_X58Y45         LUT6 (Prop_lut6_I0_O)        0.043    23.430 r  gen_intt_n2d1[5].u_intt_n2d1/product_i_35__6/O
                         net (fo=1, routed)           0.322    23.752    gen_intt_n2d1[5].u_intt_n2d1/product_i_35__6_n_0
    SLICE_X56Y44         LUT6 (Prop_lut6_I4_O)        0.043    23.795 r  gen_intt_n2d1[5].u_intt_n2d1/product_i_26__9/O
                         net (fo=1, routed)           0.197    23.992    gen_intt_n2d1[5].u_intt_n2d1/product_i_26__9_n_0
    SLICE_X56Y42         LUT6 (Prop_lut6_I1_O)        0.043    24.035 r  gen_intt_n2d1[5].u_intt_n2d1/product_i_19__9/O
                         net (fo=17, routed)          0.483    24.518    gen_intt_n2d1[5].u_intt_n2d1/product_i_19__9_n_0
    SLICE_X54Y42         LUT6 (Prop_lut6_I2_O)        0.043    24.561 r  gen_intt_n2d1[5].u_intt_n2d1/product_i_1__9/O
                         net (fo=1, routed)           0.595    25.156    gen_modmul_intt[5].u_mm_intt/product_7[16]
    DSP48_X2Y16          DSP48E1 (Prop_dsp48e1_A[16]_P[18])
                                                      2.737    27.893 r  gen_modmul_intt[5].u_mm_intt/product/P[18]
                         net (fo=3, routed)           0.894    28.787    gen_modmul_intt[5].u_mm_intt/product_n_87
    SLICE_X44Y34         LUT4 (Prop_lut4_I0_O)        0.043    28.830 r  gen_modmul_intt[5].u_mm_intt/t_carry_i_3__1/O
                         net (fo=1, routed)           0.000    28.830    gen_modmul_intt[5].u_mm_intt/t_carry_i_3__1_n_0
    SLICE_X44Y34         CARRY4 (Prop_carry4_S[3]_CO[3])
                                                      0.180    29.010 r  gen_modmul_intt[5].u_mm_intt/t_carry/CO[3]
                         net (fo=1, routed)           0.000    29.010    gen_modmul_intt[5].u_mm_intt/t_carry_n_0
    SLICE_X44Y35         CARRY4 (Prop_carry4_CI_CO[3])
                                                      0.054    29.064 r  gen_modmul_intt[5].u_mm_intt/t_carry__0/CO[3]
                         net (fo=1, routed)           0.000    29.064    gen_modmul_intt[5].u_mm_intt/t_carry__0_n_0
    SLICE_X44Y36         CARRY4 (Prop_carry4_CI_CO[3])
                                                      0.054    29.118 r  gen_modmul_intt[5].u_mm_intt/t_carry__1/CO[3]
                         net (fo=1, routed)           0.000    29.118    gen_modmul_intt[5].u_mm_intt/t_carry__1_n_0
    SLICE_X44Y37         CARRY4 (Prop_carry4_CI_O[1])
                                                      0.165    29.283 r  gen_modmul_intt[5].u_mm_intt/t_carry__2/O[1]
                         net (fo=4, routed)           0.482    29.765    gen_modmul_intt[5].u_mm_intt/O[1]
    SLICE_X45Y35         CARRY4 (Prop_carry4_DI[0]_O[3])
                                                      0.390    30.155 r  gen_modmul_intt[5].u_mm_intt/reduced0_carry__2/O[3]
                         net (fo=1, routed)           0.589    30.744    u_ctrl/gen_banks[7].mem_reg_0_31_30_33_i_32_0[3]
    SLICE_X41Y32         LUT6 (Prop_lut6_I2_O)        0.120    30.864 r  u_ctrl/gen_banks[7].mem_reg_0_31_12_17_i_102/O
                         net (fo=2, routed)           0.385    31.250    u_ctrl/gen_banks[7].mem_reg_0_31_12_17_i_102_n_0
    SLICE_X37Y31         LUT6 (Prop_lut6_I5_O)        0.043    31.293 r  u_ctrl/gen_banks[7].mem_reg_0_31_12_17_i_62/O
                         net (fo=4, routed)           0.646    31.939    u_ctrl/bfly_data_pre[186]
    SLICE_X30Y34         LUT6 (Prop_lut6_I3_O)        0.043    31.982 r  u_ctrl/gen_banks[3].mem_reg_0_31_12_17_i_12/O
                         net (fo=2, routed)           0.424    32.405    u_ctrl/gen_banks[3].mem_reg_0_31_12_17_i_12_n_0
    SLICE_X24Y35         LUT6 (Prop_lut6_I5_O)        0.043    32.448 r  u_ctrl/gen_banks[2].mem_reg_0_31_12_17_i_6/O
                         net (fo=1, routed)           0.322    32.771    u_membanks/gen_banks[2].mem_reg_0_31_12_17/DIC0
    SLICE_X22Y35         RAMD32                                       r  u_membanks/gen_banks[2].mem_reg_0_31_12_17/RAMC/I
  -------------------------------------------------------------------    -------------------

                         (clock clk rise edge)        3.000     3.000 r  
    V20                                               0.000     3.000 r  clk (IN)
                         net (fo=0)                   0.000     3.000    clk
    V20                  IBUF (Prop_ibuf_I_O)         0.676     3.676 r  clk_IBUF_inst/O
                         net (fo=1, routed)           1.834     5.510    clk_IBUF
    BUFGCTRL_X0Y0        BUFG (Prop_bufg_I_O)         0.083     5.593 r  clk_IBUF_BUFG_inst/O
                         net (fo=457, routed)         1.485     7.078    u_membanks/gen_banks[2].mem_reg_0_31_12_17/WCLK
    SLICE_X22Y35         RAMD32                                       r  u_membanks/gen_banks[2].mem_reg_0_31_12_17/RAMC/CLK
                         clock pessimism              0.291     7.369    
                         clock uncertainty           -0.035     7.333    
    SLICE_X22Y35         RAMD32 (Setup_ramd32_CLK_I)
                                                     -0.112     7.221    u_membanks/gen_banks[2].mem_reg_0_31_12_17/RAMC
  -------------------------------------------------------------------
                         required time                          7.221    
                         arrival time                         -32.771    
  -------------------------------------------------------------------
                         slack                                -25.549    

Slack (VIOLATED) :        -25.541ns  (required time - arrival time)
  Source:                 u_ctrl/delta_idx_reg[2]_replica/C
                            (rising edge-triggered cell FDCE clocked by clk  {rise@0.000ns fall@1.500ns period=3.000ns})
  Destination:            u_membanks/gen_banks[7].mem_reg_0_31_0_5/RAMA_D1/I
                            (rising edge-triggered cell RAMD32 clocked by clk  {rise@0.000ns fall@1.500ns period=3.000ns})
  Path Group:             clk
  Path Type:              Setup (Max at Slow Process Corner)
  Requirement:            3.000ns  (clk rise@3.000ns - clk rise@0.000ns)
  Data Path Delay:        28.314ns  (logic 9.229ns (32.595%)  route 19.085ns (67.405%))
  Logic Levels:           71  (CARRY4=29 DSP48E1=1 LUT2=7 LUT3=4 LUT4=5 LUT5=2 LUT6=22 RAMD32=1)
  Clock Path Skew:        -0.051ns (DCD - SCD + CPR)
    Destination Clock Delay (DCD):    4.033ns = ( 7.033 - 3.000 ) 
    Source Clock Delay      (SCD):    4.375ns
    Clock Pessimism Removal (CPR):    0.291ns
  Clock Uncertainty:      0.035ns  ((TSJ^2 + TIJ^2)^1/2 + DJ) / 2 + PE
    Total System Jitter     (TSJ):    0.071ns
    Total Input Jitter      (TIJ):    0.000ns
    Discrete Jitter          (DJ):    0.000ns
    Phase Error              (PE):    0.000ns

    Location             Delay type                Incr(ns)  Path(ns)    Netlist Resource(s)
  -------------------------------------------------------------------    -------------------
                         (clock clk rise edge)        0.000     0.000 r  
    V20                                               0.000     0.000 r  clk (IN)
                         net (fo=0)                   0.000     0.000    clk
    V20                  IBUF (Prop_ibuf_I_O)         0.751     0.751 r  clk_IBUF_inst/O
                         net (fo=1, routed)           1.950     2.701    clk_IBUF
    BUFGCTRL_X0Y0        BUFG (Prop_bufg_I_O)         0.093     2.794 r  clk_IBUF_BUFG_inst/O
                         net (fo=457, routed)         1.581     4.375    u_ctrl/clk_IBUF_BUFG
    SLICE_X29Y45         FDCE                                         r  u_ctrl/delta_idx_reg[2]_replica/C
  -------------------------------------------------------------------    -------------------
    SLICE_X29Y45         FDCE (Prop_fdce_C_Q)         0.223     4.598 r  u_ctrl/delta_idx_reg[2]_replica/Q
                         net (fo=3, routed)           0.324     4.922    u_ctrl/B_1[5]_repN
    SLICE_X29Y45         LUT2 (Prop_lut2_I0_O)        0.043     4.965 r  u_ctrl/product_i_154/O
                         net (fo=1, routed)           0.000     4.965    u_ctrl/product_i_154_n_0
    SLICE_X29Y45         CARRY4 (Prop_carry4_S[3]_O[3])
                                                      0.116     5.081 r  u_ctrl/product_i_146/O[3]
                         net (fo=2, routed)           0.391     5.472    u_membanks/product_i_148[1]
    SLICE_X28Y47         CARRY4 (Prop_carry4_S[1]_O[1])
                                                      0.229     5.701 r  u_membanks/product_i_145/O[1]
                         net (fo=2, routed)           0.333     6.034    u_ctrl/O[1]
    SLICE_X27Y45         LUT2 (Prop_lut2_I0_O)        0.123     6.157 r  u_ctrl/product_i_147/O
                         net (fo=1, routed)           0.000     6.157    u_ctrl/product_i_147_n_0
    SLICE_X27Y45         CARRY4 (Prop_carry4_S[3]_O[3])
                                                      0.116     6.273 r  u_ctrl/product_i_142/O[3]
                         net (fo=20, routed)          0.324     6.597    u_ctrl/g_cnt_reg[6]_0[3]
    SLICE_X25Y46         LUT6 (Prop_lut6_I2_O)        0.120     6.717 r  u_ctrl/product_i_137/O
                         net (fo=5, routed)           0.278     6.995    u_ctrl/product_i_137_n_0
    SLICE_X24Y46         LUT6 (Prop_lut6_I0_O)        0.043     7.038 r  u_ctrl/gen_banks[3].mem_reg_0_31_30_33_i_9/O
                         net (fo=42, routed)          0.528     7.565    u_ctrl/iselect[2]
    SLICE_X26Y45         LUT6 (Prop_lut6_I2_O)        0.043     7.608 r  u_ctrl/gen_banks[7].mem_reg_0_31_0_5_i_107/O
                         net (fo=2, routed)           0.243     7.851    u_ctrl/gen_banks[7].mem_reg_0_31_0_5_i_107_n_0
    SLICE_X26Y45         LUT3 (Prop_lut3_I0_O)        0.043     7.894 r  u_ctrl/gen_banks[7].mem_reg_0_31_0_5_i_40/O
                         net (fo=4, routed)           0.536     8.430    u_ctrl/gen_banks[7].mem_reg_0_31_0_5_i_40_n_0
    SLICE_X29Y32         LUT6 (Prop_lut6_I0_O)        0.043     8.473 r  u_ctrl/gen_banks[0].mem_reg_0_31_0_5_i_11/O
                         net (fo=36, routed)          0.908     9.381    u_membanks/gen_banks[0].mem_reg_0_31_12_17/ADDRB1
    SLICE_X38Y40         RAMD32 (Prop_ramd32_RADR1_O)
                                                      0.051     9.432 r  u_membanks/gen_banks[0].mem_reg_0_31_12_17/RAMB/O
                         net (fo=3, routed)           0.537     9.969    u_membanks/bank_dout[14]
    SLICE_X32Y43         LUT3 (Prop_lut3_I0_O)        0.138    10.107 r  u_membanks/product_i_76/O
                         net (fo=4, routed)           0.557    10.663    u_membanks/product_i_76_n_0
    SLICE_X31Y45         LUT6 (Prop_lut6_I5_O)        0.043    10.706 r  u_membanks/product_i_20__6/O
                         net (fo=6, routed)           0.432    11.139    u_membanks/is_Rhat_stage_reg_rep__1_22[11]
    SLICE_X32Y43         LUT3 (Prop_lut3_I0_O)        0.043    11.182 r  u_membanks/raw_sum_carry_i_37__4_rewire/O
                         net (fo=1, routed)           0.334    11.516    u_membanks/raw_sum_carry_i_37__4_n_0
    SLICE_X36Y43         LUT6 (Prop_lut6_I4_O)        0.043    11.559 r  u_membanks/raw_sum_carry_i_28__8_rewire/O
                         net (fo=28, routed)          0.687    12.247    gen_intt_n2d1[7].u_intt_n2d1/raw_sum_carry__0_i_7__36
    SLICE_X43Y44         LUT5 (Prop_lut5_I3_O)        0.043    12.290 r  gen_intt_n2d1[7].u_intt_n2d1/raw_sum_carry_i_32__3/O
                         net (fo=1, routed)           0.234    12.523    gen_intt_n2d1[7].u_intt_n2d1/raw_sum_carry_i_32__3_n_0
    SLICE_X41Y44         LUT6 (Prop_lut6_I3_O)        0.043    12.566 r  gen_intt_n2d1[7].u_intt_n2d1/raw_sum_carry_i_15__12/O
                         net (fo=30, routed)          0.538    13.104    gen_intt_n2d1[7].u_intt_n2d1/raw_sum_carry_i_34__4_0
    SLICE_X34Y43         LUT3 (Prop_lut3_I2_O)        0.043    13.147 r  gen_intt_n2d1[7].u_intt_n2d1/raw_sum_carry__0_i_7__20/O
                         net (fo=1, routed)           0.000    13.147    gen_r2intt_r8.u_r2intt8/gen_full_s0[3].u_bf/u_sub/add_inst/raw_sum_carry_i_23__7_1[1]
    SLICE_X34Y43         CARRY4 (Prop_carry4_S[1]_CO[3])
                                                      0.267    13.414 r  gen_r2intt_r8.u_r2intt8/gen_full_s0[3].u_bf/u_sub/add_inst/raw_sum_carry__0/CO[3]
                         net (fo=1, routed)           0.000    13.414    gen_r2intt_r8.u_r2intt8/gen_full_s0[3].u_bf/u_sub/add_inst/raw_sum_carry__0_n_0
    SLICE_X34Y44         CARRY4 (Prop_carry4_CI_CO[3])
                                                      0.053    13.467 r  gen_r2intt_r8.u_r2intt8/gen_full_s0[3].u_bf/u_sub/add_inst/raw_sum_carry__1/CO[3]
                         net (fo=1, routed)           0.000    13.467    gen_r2intt_r8.u_r2intt8/gen_full_s0[3].u_bf/u_sub/add_inst/raw_sum_carry__1_n_0
    SLICE_X34Y45         CARRY4 (Prop_carry4_CI_CO[3])
                                                      0.053    13.520 r  gen_r2intt_r8.u_r2intt8/gen_full_s0[3].u_bf/u_sub/add_inst/raw_sum_carry__2/CO[3]
                         net (fo=1, routed)           0.000    13.520    gen_r2intt_r8.u_r2intt8/gen_full_s0[3].u_bf/u_sub/add_inst/raw_sum_carry__2_n_0
    SLICE_X34Y46         CARRY4 (Prop_carry4_CI_O[0])
                                                      0.111    13.631 r  gen_r2intt_r8.u_r2intt8/gen_full_s0[3].u_bf/u_sub/add_inst/raw_sum_carry__3/O[0]
                         net (fo=1, routed)           0.282    13.914    gen_r2intt_r8.u_r2intt8/gen_full_s0[3].u_bf/u_sub/add_inst/raw_sum_carry__3_n_7
    SLICE_X33Y43         LUT2 (Prop_lut2_I1_O)        0.124    14.038 r  gen_r2intt_r8.u_r2intt8/gen_full_s0[3].u_bf/u_sub/add_inst/raw_sum_carry_i_39__3/O
                         net (fo=1, routed)           0.000    14.038    gen_r2intt_r8.u_r2intt8/gen_full_s0[3].u_bf/u_sub/add_inst/raw_sum_carry_i_39__3_n_0
    SLICE_X33Y43         CARRY4 (Prop_carry4_S[0]_CO[3])
                                                      0.259    14.297 r  gen_r2intt_r8.u_r2intt8/gen_full_s0[3].u_bf/u_sub/add_inst/raw_sum_carry_i_38__3/CO[3]
                         net (fo=1, routed)           0.000    14.297    gen_r2intt_r8.u_r2intt8/gen_full_s0[3].u_bf/u_sub/add_inst/raw_sum_carry_i_38__3_n_0
    SLICE_X33Y44         CARRY4 (Prop_carry4_CI_CO[3])
                                                      0.053    14.350 r  gen_r2intt_r8.u_r2intt8/gen_full_s0[3].u_bf/u_sub/add_inst/raw_sum_carry_i_23__7/CO[3]
                         net (fo=1, routed)           0.000    14.350    gen_r2intt_r8.u_r2intt8/gen_full_s0[3].u_bf/u_sub/add_inst/raw_sum_carry_i_23__7_n_0
    SLICE_X33Y45         CARRY4 (Prop_carry4_CI_O[2])
                                                      0.111    14.461 r  gen_r2intt_r8.u_r2intt8/gen_full_s0[3].u_bf/u_sub/add_inst/raw_sum_carry_i_22__11/O[2]
                         net (fo=2, routed)           0.454    14.915    gen_intt_n2d1[7].u_intt_n2d1/reduced[10]
    SLICE_X39Y48         LUT6 (Prop_lut6_I5_O)        0.122    15.037 r  gen_intt_n2d1[7].u_intt_n2d1/raw_sum_carry__0_i_12__12/O
                         net (fo=8, routed)           0.446    15.483    gen_intt_n2d1[7].u_intt_n2d1/raw_sum_carry__1_i_17__2_0[4]
    SLICE_X37Y48         LUT4 (Prop_lut4_I3_O)        0.043    15.526 r  gen_intt_n2d1[7].u_intt_n2d1/raw_sum_carry__1_i_16__3/O
                         net (fo=10, routed)          0.558    16.084    gen_intt_n2d1[7].u_intt_n2d1/raw_sum_carry__1_i_16__3_n_0
    SLICE_X35Y49         LUT6 (Prop_lut6_I2_O)        0.043    16.127 f  gen_intt_n2d1[7].u_intt_n2d1/raw_sum_carry_i_20__14/O
                         net (fo=2, routed)           0.235    16.362    gen_intt_n2d1[7].u_intt_n2d1/raw_sum_carry_i_20__14_n_0
    SLICE_X33Y48         LUT5 (Prop_lut5_I3_O)        0.043    16.405 f  gen_intt_n2d1[7].u_intt_n2d1/raw_sum_carry_i_12__25_rewire/O
                         net (fo=7, routed)           0.334    16.739    gen_intt_n2d1[7].u_intt_n2d1/raw_sum_carry_i_21__15_0
    SLICE_X33Y48         LUT4 (Prop_lut4_I2_O)        0.043    16.782 r  gen_intt_n2d1[7].u_intt_n2d1/raw_sum_carry_i_6__26_rewire_rewire/O
                         net (fo=2, routed)           0.198    16.980    gen_intt_n2d1[5].u_intt_n2d1/in2_15[0]
    SLICE_X34Y47         LUT2 (Prop_lut2_I1_O)        0.043    17.023 r  gen_intt_n2d1[5].u_intt_n2d1/raw_sum_carry_i_4__21/O
                         net (fo=1, routed)           0.000    17.023    gen_r2intt_r8.u_r2intt8/gen_full_s1_b[1].gen_full_s1_g[1].u_bf/u_sub/add_inst/raw_sum_carry__0_i_17__1_0[0]
    SLICE_X34Y47         CARRY4 (Prop_carry4_S[0]_CO[3])
                                                      0.259    17.282 r  gen_r2intt_r8.u_r2intt8/gen_full_s1_b[1].gen_full_s1_g[1].u_bf/u_sub/add_inst/raw_sum_carry/CO[3]
                         net (fo=1, routed)           0.000    17.282    gen_r2intt_r8.u_r2intt8/gen_full_s1_b[1].gen_full_s1_g[1].u_bf/u_sub/add_inst/raw_sum_carry_n_0
    SLICE_X34Y48         CARRY4 (Prop_carry4_CI_CO[3])
                                                      0.053    17.335 r  gen_r2intt_r8.u_r2intt8/gen_full_s1_b[1].gen_full_s1_g[1].u_bf/u_sub/add_inst/raw_sum_carry__0/CO[3]
                         net (fo=1, routed)           0.000    17.335    gen_r2intt_r8.u_r2intt8/gen_full_s1_b[1].gen_full_s1_g[1].u_bf/u_sub/add_inst/raw_sum_carry__0_n_0
    SLICE_X34Y49         CARRY4 (Prop_carry4_CI_CO[3])
                                                      0.053    17.388 r  gen_r2intt_r8.u_r2intt8/gen_full_s1_b[1].gen_full_s1_g[1].u_bf/u_sub/add_inst/raw_sum_carry__1/CO[3]
                         net (fo=1, routed)           0.001    17.389    gen_r2intt_r8.u_r2intt8/gen_full_s1_b[1].gen_full_s1_g[1].u_bf/u_sub/add_inst/raw_sum_carry__1_n_0
    SLICE_X34Y50         CARRY4 (Prop_carry4_CI_CO[3])
                                                      0.053    17.442 r  gen_r2intt_r8.u_r2intt8/gen_full_s1_b[1].gen_full_s1_g[1].u_bf/u_sub/add_inst/raw_sum_carry__2/CO[3]
                         net (fo=1, routed)           0.000    17.442    gen_r2intt_r8.u_r2intt8/gen_full_s1_b[1].gen_full_s1_g[1].u_bf/u_sub/add_inst/raw_sum_carry__2_n_0
    SLICE_X34Y51         CARRY4 (Prop_carry4_CI_O[0])
                                                      0.111    17.553 r  gen_r2intt_r8.u_r2intt8/gen_full_s1_b[1].gen_full_s1_g[1].u_bf/u_sub/add_inst/raw_sum_carry__3/O[0]
                         net (fo=1, routed)           0.368    17.921    gen_r2intt_r8.u_r2intt8/gen_full_s1_b[1].gen_full_s1_g[1].u_bf/u_sub/add_inst/raw_sum_carry__3_n_7
    SLICE_X31Y48         LUT2 (Prop_lut2_I1_O)        0.124    18.045 r  gen_r2intt_r8.u_r2intt8/gen_full_s1_b[1].gen_full_s1_g[1].u_bf/u_sub/add_inst/raw_sum_carry__0_i_18__1/O
                         net (fo=1, routed)           0.000    18.045    gen_r2intt_r8.u_r2intt8/gen_full_s1_b[1].gen_full_s1_g[1].u_bf/u_sub/add_inst/raw_sum_carry__0_i_18__1_n_0
    SLICE_X31Y48         CARRY4 (Prop_carry4_S[0]_O[3])
                                                      0.296    18.341 r  gen_r2intt_r8.u_r2intt8/gen_full_s1_b[1].gen_full_s1_g[1].u_bf/u_sub/add_inst/raw_sum_carry__0_i_17__1/O[3]
                         net (fo=1, routed)           0.559    18.900    gen_intt_n2d1[5].u_intt_n2d1/raw_sum_carry__1_i_6__32[3]
    SLICE_X39Y50         LUT6 (Prop_lut6_I1_O)        0.120    19.020 r  gen_intt_n2d1[5].u_intt_n2d1/raw_sum_carry__1_i_12__10/O
                         net (fo=8, routed)           0.529    19.549    gen_intt_n2d1[5].u_intt_n2d1/raw_sum_carry_i_28__11_0[4]
    SLICE_X39Y53         LUT6 (Prop_lut6_I1_O)        0.043    19.592 f  gen_intt_n2d1[5].u_intt_n2d1/raw_sum_carry_i_25__11/O
                         net (fo=16, routed)          0.583    20.174    gen_intt_n2d1[5].u_intt_n2d1/raw_sum_carry_i_25__11_n_0
    SLICE_X42Y53         LUT6 (Prop_lut6_I2_O)        0.043    20.217 r  gen_intt_n2d1[5].u_intt_n2d1/raw_sum_carry_i_10__32/O
                         net (fo=1, routed)           0.324    20.542    gen_intt_n2d1[5].u_intt_n2d1/raw_sum_carry_i_10__32_n_0
    SLICE_X41Y53         LUT6 (Prop_lut6_I3_O)        0.043    20.585 r  gen_intt_n2d1[5].u_intt_n2d1/raw_sum_carry_i_5__33/O
                         net (fo=32, routed)          0.454    21.038    gen_intt_n2d1[5].u_intt_n2d1/raw_sum_carry_i_12__28_0
    SLICE_X44Y51         LUT4 (Prop_lut4_I0_O)        0.043    21.081 r  gen_intt_n2d1[5].u_intt_n2d1/raw_sum_carry__0_i_4__60/O
                         net (fo=1, routed)           0.000    21.081    gen_r2intt_r8.u_r2intt8/gen_full_s2[3].u_bf/u_sub/add_inst/out0_carry_i_23__8_0[0]
    SLICE_X44Y51         CARRY4 (Prop_carry4_S[0]_CO[3])
                                                      0.246    21.327 r  gen_r2intt_r8.u_r2intt8/gen_full_s2[3].u_bf/u_sub/add_inst/raw_sum_carry__0/CO[3]
                         net (fo=1, routed)           0.000    21.327    gen_r2intt_r8.u_r2intt8/gen_full_s2[3].u_bf/u_sub/add_inst/raw_sum_carry__0_n_0
    SLICE_X44Y52         CARRY4 (Prop_carry4_CI_CO[3])
                                                      0.054    21.381 r  gen_r2intt_r8.u_r2intt8/gen_full_s2[3].u_bf/u_sub/add_inst/raw_sum_carry__1/CO[3]
                         net (fo=1, routed)           0.000    21.381    gen_r2intt_r8.u_r2intt8/gen_full_s2[3].u_bf/u_sub/add_inst/raw_sum_carry__1_n_0
    SLICE_X44Y53         CARRY4 (Prop_carry4_CI_CO[3])
                                                      0.054    21.435 r  gen_r2intt_r8.u_r2intt8/gen_full_s2[3].u_bf/u_sub/add_inst/raw_sum_carry__2/CO[3]
                         net (fo=1, routed)           0.000    21.435    gen_r2intt_r8.u_r2intt8/gen_full_s2[3].u_bf/u_sub/add_inst/raw_sum_carry__2_n_0
    SLICE_X44Y54         CARRY4 (Prop_carry4_CI_O[0])
                                                      0.108    21.543 r  gen_r2intt_r8.u_r2intt8/gen_full_s2[3].u_bf/u_sub/add_inst/raw_sum_carry__3/O[0]
                         net (fo=1, routed)           0.384    21.927    gen_r2intt_r8.u_r2intt8/gen_full_s2[3].u_bf/u_sub/add_inst/raw_sum_carry__3_n_7
    SLICE_X43Y50         LUT2 (Prop_lut2_I1_O)        0.123    22.050 r  gen_r2intt_r8.u_r2intt8/gen_full_s2[3].u_bf/u_sub/add_inst/out0_carry_i_33__5/O
                         net (fo=1, routed)           0.000    22.050    gen_r2intt_r8.u_r2intt8/gen_full_s2[3].u_bf/u_sub/add_inst/out0_carry_i_33__5_n_0
    SLICE_X43Y50         CARRY4 (Prop_carry4_S[0]_CO[3])
                                                      0.259    22.309 r  gen_r2intt_r8.u_r2intt8/gen_full_s2[3].u_bf/u_sub/add_inst/out0_carry_i_20__8/CO[3]
                         net (fo=1, routed)           0.000    22.309    gen_r2intt_r8.u_r2intt8/gen_full_s2[3].u_bf/u_sub/add_inst/out0_carry_i_20__8_n_0
    SLICE_X43Y51         CARRY4 (Prop_carry4_CI_CO[3])
                                                      0.053    22.362 r  gen_r2intt_r8.u_r2intt8/gen_full_s2[3].u_bf/u_sub/add_inst/out0_carry_i_23__8/CO[3]
                         net (fo=1, routed)           0.000    22.362    gen_r2intt_r8.u_r2intt8/gen_full_s2[3].u_bf/u_sub/add_inst/out0_carry_i_23__8_n_0
    SLICE_X43Y52         CARRY4 (Prop_carry4_CI_CO[3])
                                                      0.053    22.415 r  gen_r2intt_r8.u_r2intt8/gen_full_s2[3].u_bf/u_sub/add_inst/out0_carry__0_i_14__14/CO[3]
                         net (fo=1, routed)           0.000    22.415    gen_r2intt_r8.u_r2intt8/gen_full_s2[3].u_bf/u_sub/add_inst/out0_carry__0_i_14__14_n_0
    SLICE_X43Y53         CARRY4 (Prop_carry4_CI_CO[3])
                                                      0.053    22.468 r  gen_r2intt_r8.u_r2intt8/gen_full_s2[3].u_bf/u_sub/add_inst/out0_carry__1_i_14__14/CO[3]
                         net (fo=1, routed)           0.000    22.468    gen_r2intt_r8.u_r2intt8/gen_full_s2[3].u_bf/u_sub/add_inst/out0_carry__1_i_14__14_n_0
    SLICE_X43Y54         CARRY4 (Prop_carry4_CI_CO[0])
                                                      0.139    22.607 f  gen_r2intt_r8.u_r2intt8/gen_full_s2[3].u_bf/u_sub/add_inst/out0_carry__2_i_22__4/CO[0]
                         net (fo=1, routed)           0.401    23.008    gen_intt_n2d1[3].u_intt_n2d1/out0_carry__2_i_16__4[0]
    SLICE_X32Y52         LUT4 (Prop_lut4_I2_O)        0.131    23.139 r  gen_intt_n2d1[3].u_intt_n2d1/out0_carry__2_i_20__1/O
                         net (fo=1, routed)           0.406    23.546    gen_intt_n2d1[5].u_intt_n2d1/out0_carry__2_i_6__19_0
    SLICE_X29Y52         LUT6 (Prop_lut6_I5_O)        0.043    23.589 f  gen_intt_n2d1[5].u_intt_n2d1/out0_carry__2_i_16__4/O
                         net (fo=1, routed)           0.273    23.862    gen_intt_n2d1[5].u_intt_n2d1/out0_carry__2_i_16__4_n_0
    SLICE_X24Y52         LUT6 (Prop_lut6_I0_O)        0.043    23.905 f  gen_intt_n2d1[5].u_intt_n2d1/out0_carry__2_i_6__19/O
                         net (fo=4, routed)           0.486    24.390    gen_intt_n2d1[5].u_intt_n2d1/s2_full[7]_7[14]
    SLICE_X22Y51         LUT6 (Prop_lut6_I0_O)        0.043    24.433 r  gen_intt_n2d1[5].u_intt_n2d1/product_i_19__7/O
                         net (fo=17, routed)          0.600    25.034    gen_intt_n2d1[5].u_intt_n2d1/product_i_19__7_n_0
    SLICE_X20Y48         LUT6 (Prop_lut6_I2_O)        0.043    25.077 r  gen_intt_n2d1[5].u_intt_n2d1/product_i_16__7/O
                         net (fo=1, routed)           0.320    25.396    gen_modmul_intt[7].u_mm_intt/product_4[1]
    DSP48_X1Y18          DSP48E1 (Prop_dsp48e1_A[1]_P[18])
                                                      2.737    28.133 f  gen_modmul_intt[7].u_mm_intt/product/P[18]
                         net (fo=3, routed)           0.541    28.674    gen_modmul_intt[7].u_mm_intt/product_n_87
    SLICE_X23Y42         LUT2 (Prop_lut2_I1_O)        0.043    28.717 r  gen_modmul_intt[7].u_mm_intt/t_carry_i_1/O
                         net (fo=1, routed)           0.210    28.927    gen_modmul_intt[7].u_mm_intt/t_carry_i_1_n_0
    SLICE_X20Y43         CARRY4 (Prop_carry4_DI[3]_CO[3])
                                                      0.193    29.120 r  gen_modmul_intt[7].u_mm_intt/t_carry/CO[3]
                         net (fo=1, routed)           0.000    29.120    gen_modmul_intt[7].u_mm_intt/t_carry_n_0
    SLICE_X20Y44         CARRY4 (Prop_carry4_CI_CO[3])
                                                      0.054    29.174 r  gen_modmul_intt[7].u_mm_intt/t_carry__0/CO[3]
                         net (fo=1, routed)           0.000    29.174    gen_modmul_intt[7].u_mm_intt/t_carry__0_n_0
    SLICE_X20Y45         CARRY4 (Prop_carry4_CI_CO[3])
                                                      0.054    29.228 r  gen_modmul_intt[7].u_mm_intt/t_carry__1/CO[3]
                         net (fo=1, routed)           0.000    29.228    gen_modmul_intt[7].u_mm_intt/t_carry__1_n_0
    SLICE_X20Y46         CARRY4 (Prop_carry4_CI_O[1])
                                                      0.165    29.393 r  gen_modmul_intt[7].u_mm_intt/t_carry__2/O[1]
                         net (fo=4, routed)           0.355    29.748    gen_modmul_intt[7].u_mm_intt/O[1]
    SLICE_X19Y46         LUT4 (Prop_lut4_I1_O)        0.125    29.873 r  gen_modmul_intt[7].u_mm_intt/gen_banks[7].mem_reg_0_31_0_5_i_471/O
                         net (fo=1, routed)           0.331    30.205    gen_modmul_intt[7].u_mm_intt/gen_banks[7].mem_reg_0_31_0_5_i_471_n_0
    SLICE_X21Y46         LUT6 (Prop_lut6_I3_O)        0.043    30.248 r  gen_modmul_intt[7].u_mm_intt/gen_banks[7].mem_reg_0_31_0_5_i_241/O
                         net (fo=17, routed)          0.569    30.817    u_ctrl/reduced1
    SLICE_X23Y36         LUT6 (Prop_lut6_I4_O)        0.043    30.860 r  u_ctrl/gen_banks[7].mem_reg_0_31_0_5_i_128/O
                         net (fo=2, routed)           0.373    31.233    u_ctrl/gen_banks[7].mem_reg_0_31_0_5_i_128_n_0
    SLICE_X27Y36         LUT6 (Prop_lut6_I5_O)        0.043    31.276 r  u_ctrl/gen_banks[7].mem_reg_0_31_0_5_i_51/O
                         net (fo=4, routed)           0.424    31.700    u_ctrl/bfly_data_pre[239]
    SLICE_X31Y35         LUT6 (Prop_lut6_I5_O)        0.043    31.743 r  u_ctrl/gen_banks[7].mem_reg_0_31_0_5_i_22/O
                         net (fo=2, routed)           0.368    32.111    u_ctrl/gen_banks[7].mem_reg_0_31_0_5_i_22_n_0
    SLICE_X36Y34         LUT6 (Prop_lut6_I5_O)        0.043    32.154 r  u_ctrl/gen_banks[7].mem_reg_0_31_0_5_i_2/O
                         net (fo=1, routed)           0.535    32.689    u_membanks/gen_banks[7].mem_reg_0_31_0_5/DIA1
    SLICE_X40Y36         RAMD32                                       r  u_membanks/gen_banks[7].mem_reg_0_31_0_5/RAMA_D1/I
  -------------------------------------------------------------------    -------------------

                         (clock clk rise edge)        3.000     3.000 r  
    V20                                               0.000     3.000 r  clk (IN)
                         net (fo=0)                   0.000     3.000    clk
    V20                  IBUF (Prop_ibuf_I_O)         0.676     3.676 r  clk_IBUF_inst/O
                         net (fo=1, routed)           1.834     5.510    clk_IBUF
    BUFGCTRL_X0Y0        BUFG (Prop_bufg_I_O)         0.083     5.593 r  clk_IBUF_BUFG_inst/O
                         net (fo=457, routed)         1.440     7.033    u_membanks/gen_banks[7].mem_reg_0_31_0_5/WCLK
    SLICE_X40Y36         RAMD32                                       r  u_membanks/gen_banks[7].mem_reg_0_31_0_5/RAMA_D1/CLK
                         clock pessimism              0.291     7.324    
                         clock uncertainty           -0.035     7.288    
    SLICE_X40Y36         RAMD32 (Setup_ramd32_CLK_I)
                                                     -0.140     7.148    u_membanks/gen_banks[7].mem_reg_0_31_0_5/RAMA_D1
  -------------------------------------------------------------------
                         required time                          7.148    
                         arrival time                         -32.689    
  -------------------------------------------------------------------
                         slack                                -25.541    

Slack (VIOLATED) :        -25.534ns  (required time - arrival time)
  Source:                 u_ctrl/delta_idx_reg[2]_replica/C
                            (rising edge-triggered cell FDCE clocked by clk  {rise@0.000ns fall@1.500ns period=3.000ns})
  Destination:            u_membanks/gen_banks[3].mem_reg_0_31_12_17/RAMC/I
                            (rising edge-triggered cell RAMD32 clocked by clk  {rise@0.000ns fall@1.500ns period=3.000ns})
  Path Group:             clk
  Path Type:              Setup (Max at Slow Process Corner)
  Requirement:            3.000ns  (clk rise@3.000ns - clk rise@0.000ns)
  Data Path Delay:        28.379ns  (logic 9.933ns (35.001%)  route 18.446ns (64.999%))
  Logic Levels:           71  (CARRY4=35 DSP48E1=1 LUT2=5 LUT3=4 LUT4=4 LUT5=4 LUT6=17 RAMD32=1)
  Clock Path Skew:        -0.007ns (DCD - SCD + CPR)
    Destination Clock Delay (DCD):    4.077ns = ( 7.077 - 3.000 ) 
    Source Clock Delay      (SCD):    4.375ns
    Clock Pessimism Removal (CPR):    0.291ns
  Clock Uncertainty:      0.035ns  ((TSJ^2 + TIJ^2)^1/2 + DJ) / 2 + PE
    Total System Jitter     (TSJ):    0.071ns
    Total Input Jitter      (TIJ):    0.000ns
    Discrete Jitter          (DJ):    0.000ns
    Phase Error              (PE):    0.000ns

    Location             Delay type                Incr(ns)  Path(ns)    Netlist Resource(s)
  -------------------------------------------------------------------    -------------------
                         (clock clk rise edge)        0.000     0.000 r  
    V20                                               0.000     0.000 r  clk (IN)
                         net (fo=0)                   0.000     0.000    clk
    V20                  IBUF (Prop_ibuf_I_O)         0.751     0.751 r  clk_IBUF_inst/O
                         net (fo=1, routed)           1.950     2.701    clk_IBUF
    BUFGCTRL_X0Y0        BUFG (Prop_bufg_I_O)         0.093     2.794 r  clk_IBUF_BUFG_inst/O
                         net (fo=457, routed)         1.581     4.375    u_ctrl/clk_IBUF_BUFG
    SLICE_X29Y45         FDCE                                         r  u_ctrl/delta_idx_reg[2]_replica/C
  -------------------------------------------------------------------    -------------------
    SLICE_X29Y45         FDCE (Prop_fdce_C_Q)         0.223     4.598 r  u_ctrl/delta_idx_reg[2]_replica/Q
                         net (fo=3, routed)           0.238     4.836    u_ctrl/B_1[5]_repN
    SLICE_X29Y45         LUT2 (Prop_lut2_I0_O)        0.043     4.879 r  u_ctrl/product_i_155/O
                         net (fo=1, routed)           0.000     4.879    u_ctrl/product_i_155_n_0
    SLICE_X29Y45         CARRY4 (Prop_carry4_S[2]_O[2])
                                                      0.117     4.996 r  u_ctrl/product_i_146/O[2]
                         net (fo=1, routed)           0.353     5.348    u_membanks/product_i_148[0]
    SLICE_X28Y47         CARRY4 (Prop_carry4_S[0]_O[0])
                                                      0.246     5.594 r  u_membanks/product_i_145/O[0]
                         net (fo=2, routed)           0.339     5.933    u_ctrl/O[0]
    SLICE_X27Y45         LUT2 (Prop_lut2_I0_O)        0.124     6.057 r  u_ctrl/product_i_148/O
                         net (fo=1, routed)           0.000     6.057    u_ctrl/product_i_148_n_0
    SLICE_X27Y45         CARRY4 (Prop_carry4_S[2]_O[2])
                                                      0.117     6.174 r  u_ctrl/product_i_142/O[2]
                         net (fo=17, routed)          0.523     6.697    u_ctrl/g_cnt_reg[6]_0[2]
    SLICE_X29Y43         CARRY4 (Prop_carry4_S[1]_O[2])
                                                      0.404     7.101 r  u_ctrl/gen_banks[7].mem_reg_0_31_0_5_i_173/O[2]
                         net (fo=2, routed)           0.465     7.566    u_ctrl/orig_addrs02_out[6]
    SLICE_X26Y46         LUT6 (Prop_lut6_I5_O)        0.122     7.688 r  u_ctrl/gen_banks[4].mem_reg_0_31_0_5_i_31/O
                         net (fo=2, routed)           0.455     8.143    u_ctrl/gen_banks[4].mem_reg_0_31_0_5_i_31_n_0
    SLICE_X25Y40         LUT3 (Prop_lut3_I0_O)        0.043     8.186 r  u_ctrl/gen_banks[4].mem_reg_0_31_0_5_i_26/O
                         net (fo=4, routed)           0.371     8.557    u_ctrl/gen_banks[4].mem_reg_0_31_0_5_i_26_n_0
    SLICE_X26Y39         LUT6 (Prop_lut6_I0_O)        0.043     8.600 r  u_ctrl/gen_banks[4].mem_reg_0_31_0_5_i_9/O
                         net (fo=36, routed)          0.692     9.292    u_membanks/gen_banks[4].mem_reg_0_31_12_17/ADDRA3
    SLICE_X42Y39         RAMD32 (Prop_ramd32_RADR3_O)
                                                      0.043     9.335 f  u_membanks/gen_banks[4].mem_reg_0_31_12_17/RAMA_D1/O
                         net (fo=3, routed)           0.636     9.971    u_membanks/bank_dout[149]
    SLICE_X32Y48         LUT3 (Prop_lut3_I2_O)        0.043    10.014 f  u_membanks/product_i_82__0/O
                         net (fo=4, routed)           0.444    10.458    u_ctrl/product_13
    SLICE_X32Y45         LUT6 (Prop_lut6_I0_O)        0.043    10.501 f  u_ctrl/product_i_21__4/O
                         net (fo=6, routed)           0.663    11.164    u_membanks/gen_bfly_pack[5].cur_l[2]
    SLICE_X36Y37         LUT4 (Prop_lut4_I3_O)        0.043    11.207 f  u_membanks/raw_sum_carry_i_12__43/O
                         net (fo=1, routed)           0.371    11.578    u_membanks/raw_sum_carry_i_12__43_n_0
    SLICE_X46Y37         LUT6 (Prop_lut6_I4_O)        0.043    11.621 f  u_membanks/raw_sum_carry_i_9__51_rewire/O
                         net (fo=54, routed)          0.326    11.946    gen_intt_n2d1[5].u_intt_n2d1/raw_sum_carry__2_0
    SLICE_X46Y37         LUT4 (Prop_lut4_I3_O)        0.043    11.989 r  gen_intt_n2d1[5].u_intt_n2d1/raw_sum_carry_i_23__18/O
                         net (fo=1, routed)           0.556    12.545    gen_intt_n2d1[5].u_intt_n2d1/raw_sum_carry_i_23__18_n_0
    SLICE_X42Y38         LUT6 (Prop_lut6_I0_O)        0.043    12.588 r  gen_intt_n2d1[5].u_intt_n2d1/raw_sum_carry_i_11__43/O
                         net (fo=98, routed)          0.587    13.175    gen_intt_n2d1[5].u_intt_n2d1/raw_sum_carry_i_26__9_0
    SLICE_X43Y40         LUT3 (Prop_lut3_I1_O)        0.043    13.218 r  gen_intt_n2d1[5].u_intt_n2d1/raw_sum_carry__0_i_5__20/O
                         net (fo=1, routed)           0.000    13.218    gen_r2intt_r8.u_r2intt8/gen_full_s0[2].u_bf/u_sub/add_inst/raw_sum_carry__0_i_9__16_1[3]
    SLICE_X43Y40         CARRY4 (Prop_carry4_S[3]_CO[3])
                                                      0.193    13.411 r  gen_r2intt_r8.u_r2intt8/gen_full_s0[2].u_bf/u_sub/add_inst/raw_sum_carry__0/CO[3]
                         net (fo=1, routed)           0.000    13.411    gen_r2intt_r8.u_r2intt8/gen_full_s0[2].u_bf/u_sub/add_inst/raw_sum_carry__0_n_0
    SLICE_X43Y41         CARRY4 (Prop_carry4_CI_CO[3])
                                                      0.053    13.464 r  gen_r2intt_r8.u_r2intt8/gen_full_s0[2].u_bf/u_sub/add_inst/raw_sum_carry__1/CO[3]
                         net (fo=1, routed)           0.000    13.464    gen_r2intt_r8.u_r2intt8/gen_full_s0[2].u_bf/u_sub/add_inst/raw_sum_carry__1_n_0
    SLICE_X43Y42         CARRY4 (Prop_carry4_CI_CO[3])
                                                      0.053    13.517 r  gen_r2intt_r8.u_r2intt8/gen_full_s0[2].u_bf/u_sub/add_inst/raw_sum_carry__2/CO[3]
                         net (fo=1, routed)           0.000    13.517    gen_r2intt_r8.u_r2intt8/gen_full_s0[2].u_bf/u_sub/add_inst/raw_sum_carry__2_n_0
    SLICE_X43Y43         CARRY4 (Prop_carry4_CI_O[0])
                                                      0.111    13.628 r  gen_r2intt_r8.u_r2intt8/gen_full_s0[2].u_bf/u_sub/add_inst/raw_sum_carry__3/O[0]
                         net (fo=1, routed)           0.281    13.908    gen_r2intt_r8.u_r2intt8/gen_full_s0[2].u_bf/u_sub/add_inst/raw_sum_carry__3_n_7
    SLICE_X42Y40         LUT2 (Prop_lut2_I1_O)        0.124    14.032 r  gen_r2intt_r8.u_r2intt8/gen_full_s0[2].u_bf/u_sub/add_inst/raw_sum_carry_i_16__31/O
                         net (fo=1, routed)           0.000    14.032    gen_r2intt_r8.u_r2intt8/gen_full_s0[2].u_bf/u_sub/add_inst/raw_sum_carry_i_16__31_n_0
    SLICE_X42Y40         CARRY4 (Prop_carry4_S[0]_CO[3])
                                                      0.246    14.278 r  gen_r2intt_r8.u_r2intt8/gen_full_s0[2].u_bf/u_sub/add_inst/raw_sum_carry_i_9__22/CO[3]
                         net (fo=1, routed)           0.000    14.278    gen_r2intt_r8.u_r2intt8/gen_full_s0[2].u_bf/u_sub/add_inst/raw_sum_carry_i_9__22_n_0
    SLICE_X42Y41         CARRY4 (Prop_carry4_CI_CO[3])
                                                      0.054    14.332 r  gen_r2intt_r8.u_r2intt8/gen_full_s0[2].u_bf/u_sub/add_inst/raw_sum_carry__0_i_9__16/CO[3]
                         net (fo=1, routed)           0.000    14.332    gen_r2intt_r8.u_r2intt8/gen_full_s0[2].u_bf/u_sub/add_inst/raw_sum_carry__0_i_9__16_n_0
    SLICE_X42Y42         CARRY4 (Prop_carry4_CI_CO[3])
                                                      0.054    14.386 r  gen_r2intt_r8.u_r2intt8/gen_full_s0[2].u_bf/u_sub/add_inst/raw_sum_carry__1_i_9__13/CO[3]
                         net (fo=1, routed)           0.000    14.386    gen_r2intt_r8.u_r2intt8/gen_full_s0[2].u_bf/u_sub/add_inst/raw_sum_carry__1_i_9__13_n_0
    SLICE_X42Y43         CARRY4 (Prop_carry4_CI_O[3])
                                                      0.151    14.537 r  gen_r2intt_r8.u_r2intt8/gen_full_s0[2].u_bf/u_sub/add_inst/raw_sum_carry_i_11__16/O[3]
                         net (fo=1, routed)           0.420    14.958    gen_intt_n2d1[5].u_intt_n2d1/reduced[15]
    SLICE_X47Y44         LUT5 (Prop_lut5_I0_O)        0.120    15.078 r  gen_intt_n2d1[5].u_intt_n2d1/raw_sum_carry_i_2__22/O
                         net (fo=9, routed)           0.511    15.589    gen_intt_n2d1[5].u_intt_n2d1/s0_full[5]_1[2]
    SLICE_X48Y45         LUT4 (Prop_lut4_I3_O)        0.043    15.632 f  gen_intt_n2d1[5].u_intt_n2d1/raw_sum_carry_i_21__10/O
                         net (fo=1, routed)           0.236    15.867    gen_intt_n2d1[5].u_intt_n2d1/raw_sum_carry_i_21__10_n_0
    SLICE_X48Y44         LUT5 (Prop_lut5_I4_O)        0.043    15.910 f  gen_intt_n2d1[5].u_intt_n2d1/raw_sum_carry_i_10__20/O
                         net (fo=37, routed)          0.401    16.311    gen_intt_n2d1[5].u_intt_n2d1/s0_full[5]_1[16]
    SLICE_X45Y45         LUT6 (Prop_lut6_I5_O)        0.043    16.354 r  gen_intt_n2d1[5].u_intt_n2d1/raw_sum_carry__0_i_4__22/O
                         net (fo=6, routed)           0.611    16.966    gen_r2intt_r8.u_r2intt8/gen_full_s1_b[1].gen_full_s1_g[1].u_bf/u_add/s0_full[5]_22[4]
    SLICE_X35Y45         CARRY4 (Prop_carry4_DI[0]_CO[3])
                                                      0.269    17.235 r  gen_r2intt_r8.u_r2intt8/gen_full_s1_b[1].gen_full_s1_g[1].u_bf/u_add/raw_sum_carry__0/CO[3]
                         net (fo=1, routed)           0.000    17.235    gen_r2intt_r8.u_r2intt8/gen_full_s1_b[1].gen_full_s1_g[1].u_bf/u_add/raw_sum_carry__0_n_0
    SLICE_X35Y46         CARRY4 (Prop_carry4_CI_CO[3])
                                                      0.053    17.288 r  gen_r2intt_r8.u_r2intt8/gen_full_s1_b[1].gen_full_s1_g[1].u_bf/u_add/raw_sum_carry__1/CO[3]
                         net (fo=1, routed)           0.000    17.288    gen_r2intt_r8.u_r2intt8/gen_full_s1_b[1].gen_full_s1_g[1].u_bf/u_add/raw_sum_carry__1_n_0
    SLICE_X35Y47         CARRY4 (Prop_carry4_CI_CO[3])
                                                      0.053    17.341 r  gen_r2intt_r8.u_r2intt8/gen_full_s1_b[1].gen_full_s1_g[1].u_bf/u_add/raw_sum_carry__2/CO[3]
                         net (fo=1, routed)           0.000    17.341    gen_r2intt_r8.u_r2intt8/gen_full_s1_b[1].gen_full_s1_g[1].u_bf/u_add/raw_sum_carry__2_n_0
    SLICE_X35Y48         CARRY4 (Prop_carry4_CI_O[0])
                                                      0.111    17.452 r  gen_r2intt_r8.u_r2intt8/gen_full_s1_b[1].gen_full_s1_g[1].u_bf/u_add/raw_sum_carry__3/O[0]
                         net (fo=1, routed)           0.381    17.833    gen_r2intt_r8.u_r2intt8/gen_full_s1_b[1].gen_full_s1_g[1].u_bf/u_add/raw_sum_carry__3_n_7
    SLICE_X36Y44         LUT2 (Prop_lut2_I1_O)        0.124    17.957 r  gen_r2intt_r8.u_r2intt8/gen_full_s1_b[1].gen_full_s1_g[1].u_bf/u_add/raw_sum_carry_i_34__5/O
                         net (fo=1, routed)           0.000    17.957    gen_r2intt_r8.u_r2intt8/gen_full_s1_b[1].gen_full_s1_g[1].u_bf/u_add/raw_sum_carry_i_34__5_n_0
    SLICE_X36Y44         CARRY4 (Prop_carry4_S[0]_CO[3])
                                                      0.259    18.216 r  gen_r2intt_r8.u_r2intt8/gen_full_s1_b[1].gen_full_s1_g[1].u_bf/u_add/raw_sum_carry_i_28__7/CO[3]
                         net (fo=1, routed)           0.000    18.216    gen_r2intt_r8.u_r2intt8/gen_full_s1_b[1].gen_full_s1_g[1].u_bf/u_add/raw_sum_carry_i_28__7_n_0
    SLICE_X36Y45         CARRY4 (Prop_carry4_CI_CO[3])
                                                      0.053    18.269 r  gen_r2intt_r8.u_r2intt8/gen_full_s1_b[1].gen_full_s1_g[1].u_bf/u_add/raw_sum_carry_i_25__13/CO[3]
                         net (fo=1, routed)           0.000    18.269    gen_r2intt_r8.u_r2intt8/gen_full_s1_b[1].gen_full_s1_g[1].u_bf/u_add/raw_sum_carry_i_25__13_n_0
    SLICE_X36Y46         CARRY4 (Prop_carry4_CI_CO[3])
                                                      0.053    18.322 r  gen_r2intt_r8.u_r2intt8/gen_full_s1_b[1].gen_full_s1_g[1].u_bf/u_add/raw_sum_carry__0_i_14__17/CO[3]
                         net (fo=1, routed)           0.000    18.322    gen_r2intt_r8.u_r2intt8/gen_full_s1_b[1].gen_full_s1_g[1].u_bf/u_add/raw_sum_carry__0_i_14__17_n_0
    SLICE_X36Y47         CARRY4 (Prop_carry4_CI_CO[3])
                                                      0.053    18.375 r  gen_r2intt_r8.u_r2intt8/gen_full_s1_b[1].gen_full_s1_g[1].u_bf/u_add/raw_sum_carry__1_i_14__15/CO[3]
                         net (fo=1, routed)           0.000    18.375    gen_r2intt_r8.u_r2intt8/gen_full_s1_b[1].gen_full_s1_g[1].u_bf/u_add/raw_sum_carry__1_i_14__15_n_0
    SLICE_X36Y48         CARRY4 (Prop_carry4_CI_CO[0])
                                                      0.139    18.514 f  gen_r2intt_r8.u_r2intt8/gen_full_s1_b[1].gen_full_s1_g[1].u_bf/u_add/raw_sum_carry__2_i_33__1/CO[0]
                         net (fo=1, routed)           0.572    19.086    gen_intt_n2d1[5].u_intt_n2d1/reduced_16[16]
    SLICE_X44Y48         LUT6 (Prop_lut6_I5_O)        0.131    19.217 f  gen_intt_n2d1[5].u_intt_n2d1/raw_sum_carry__2_i_30__1_rewire/O
                         net (fo=1, routed)           0.451    19.668    gen_intt_n2d1[5].u_intt_n2d1/raw_sum_carry__2_i_30__1_n_0
    SLICE_X44Y45         LUT5 (Prop_lut5_I4_O)        0.043    19.711 f  gen_intt_n2d1[5].u_intt_n2d1/raw_sum_carry__2_i_23__0/O
                         net (fo=5, routed)           0.469    20.179    gen_intt_n2d1[5].u_intt_n2d1/raw_sum_carry__2_i_23__0_n_0
    SLICE_X52Y46         LUT5 (Prop_lut5_I0_O)        0.043    20.222 f  gen_intt_n2d1[5].u_intt_n2d1/raw_sum_carry__3_i_2__11/O
                         net (fo=4, routed)           0.453    20.676    gen_intt_n2d1[5].u_intt_n2d1/gen_r2intt_r8.u_r2intt8/s1_full[5][16]
    SLICE_X52Y46         LUT6 (Prop_lut6_I0_O)        0.043    20.719 r  gen_intt_n2d1[5].u_intt_n2d1/raw_sum_carry_i_5__29/O
                         net (fo=37, routed)          0.305    21.024    gen_intt_n2d1[5].u_intt_n2d1/raw_sum_carry_i_8__36_0
    SLICE_X53Y45         LUT3 (Prop_lut3_I0_O)        0.043    21.067 r  gen_intt_n2d1[5].u_intt_n2d1/raw_sum_carry_i_3__60/O
                         net (fo=1, routed)           0.000    21.067    gen_r2intt_r8.u_r2intt8/gen_full_s2[1].u_bf/u_sub/add_inst/out0_carry_i_19__2_0[1]
    SLICE_X53Y45         CARRY4 (Prop_carry4_S[1]_CO[3])
                                                      0.267    21.334 r  gen_r2intt_r8.u_r2intt8/gen_full_s2[1].u_bf/u_sub/add_inst/raw_sum_carry/CO[3]
                         net (fo=1, routed)           0.000    21.334    gen_r2intt_r8.u_r2intt8/gen_full_s2[1].u_bf/u_sub/add_inst/raw_sum_carry_n_0
    SLICE_X53Y46         CARRY4 (Prop_carry4_CI_CO[3])
                                                      0.053    21.387 r  gen_r2intt_r8.u_r2intt8/gen_full_s2[1].u_bf/u_sub/add_inst/raw_sum_carry__0/CO[3]
                         net (fo=1, routed)           0.000    21.387    gen_r2intt_r8.u_r2intt8/gen_full_s2[1].u_bf/u_sub/add_inst/raw_sum_carry__0_n_0
    SLICE_X53Y47         CARRY4 (Prop_carry4_CI_CO[3])
                                                      0.053    21.440 r  gen_r2intt_r8.u_r2intt8/gen_full_s2[1].u_bf/u_sub/add_inst/raw_sum_carry__1/CO[3]
                         net (fo=1, routed)           0.000    21.440    gen_r2intt_r8.u_r2intt8/gen_full_s2[1].u_bf/u_sub/add_inst/raw_sum_carry__1_n_0
    SLICE_X53Y48         CARRY4 (Prop_carry4_CI_CO[3])
                                                      0.053    21.493 r  gen_r2intt_r8.u_r2intt8/gen_full_s2[1].u_bf/u_sub/add_inst/raw_sum_carry__2/CO[3]
                         net (fo=1, routed)           0.000    21.493    gen_r2intt_r8.u_r2intt8/gen_full_s2[1].u_bf/u_sub/add_inst/raw_sum_carry__2_n_0
    SLICE_X53Y49         CARRY4 (Prop_carry4_CI_O[0])
                                                      0.111    21.604 r  gen_r2intt_r8.u_r2intt8/gen_full_s2[1].u_bf/u_sub/add_inst/raw_sum_carry__3/O[0]
                         net (fo=1, routed)           0.312    21.916    gen_r2intt_r8.u_r2intt8/gen_full_s2[1].u_bf/u_sub/add_inst/raw_sum_carry__3_n_7
    SLICE_X54Y45         LUT2 (Prop_lut2_I1_O)        0.124    22.040 r  gen_r2intt_r8.u_r2intt8/gen_full_s2[1].u_bf/u_sub/add_inst/out0_carry_i_27__6/O
                         net (fo=1, routed)           0.000    22.040    gen_r2intt_r8.u_r2intt8/gen_full_s2[1].u_bf/u_sub/add_inst/out0_carry_i_27__6_n_0
    SLICE_X54Y45         CARRY4 (Prop_carry4_S[0]_CO[3])
                                                      0.246    22.286 r  gen_r2intt_r8.u_r2intt8/gen_full_s2[1].u_bf/u_sub/add_inst/out0_carry_i_19__2/CO[3]
                         net (fo=1, routed)           0.000    22.286    gen_r2intt_r8.u_r2intt8/gen_full_s2[1].u_bf/u_sub/add_inst/out0_carry_i_19__2_n_0
    SLICE_X54Y46         CARRY4 (Prop_carry4_CI_CO[3])
                                                      0.054    22.340 r  gen_r2intt_r8.u_r2intt8/gen_full_s2[1].u_bf/u_sub/add_inst/out0_carry_i_21__8/CO[3]
                         net (fo=1, routed)           0.000    22.340    gen_r2intt_r8.u_r2intt8/gen_full_s2[1].u_bf/u_sub/add_inst/out0_carry_i_21__8_n_0
    SLICE_X54Y47         CARRY4 (Prop_carry4_CI_CO[3])
                                                      0.054    22.394 r  gen_r2intt_r8.u_r2intt8/gen_full_s2[1].u_bf/u_sub/add_inst/out0_carry__0_i_14__10/CO[3]
                         net (fo=1, routed)           0.000    22.394    gen_r2intt_r8.u_r2intt8/gen_full_s2[1].u_bf/u_sub/add_inst/out0_carry__0_i_14__10_n_0
    SLICE_X54Y48         CARRY4 (Prop_carry4_CI_O[1])
                                                      0.165    22.559 r  gen_r2intt_r8.u_r2intt8/gen_full_s2[1].u_bf/u_sub/add_inst/out0_carry__1_i_14__10/O[1]
                         net (fo=2, routed)           0.377    22.936    gen_intt_n2d1[5].u_intt_n2d1/out0_carry__2_i_3__1[1]
    SLICE_X58Y46         LUT6 (Prop_lut6_I5_O)        0.125    23.061 r  gen_intt_n2d1[5].u_intt_n2d1/product_i_41__6/O
                         net (fo=1, routed)           0.326    23.387    gen_intt_n2d1[5].u_intt_n2d1/product_i_41__6_n_0
    SLICE_X58Y45         LUT6 (Prop_lut6_I0_O)        0.043    23.430 r  gen_intt_n2d1[5].u_intt_n2d1/product_i_35__6/O
                         net (fo=1, routed)           0.322    23.752    gen_intt_n2d1[5].u_intt_n2d1/product_i_35__6_n_0
    SLICE_X56Y44         LUT6 (Prop_lut6_I4_O)        0.043    23.795 r  gen_intt_n2d1[5].u_intt_n2d1/product_i_26__9/O
                         net (fo=1, routed)           0.197    23.992    gen_intt_n2d1[5].u_intt_n2d1/product_i_26__9_n_0
    SLICE_X56Y42         LUT6 (Prop_lut6_I1_O)        0.043    24.035 r  gen_intt_n2d1[5].u_intt_n2d1/product_i_19__9/O
                         net (fo=17, routed)          0.483    24.518    gen_intt_n2d1[5].u_intt_n2d1/product_i_19__9_n_0
    SLICE_X54Y42         LUT6 (Prop_lut6_I2_O)        0.043    24.561 r  gen_intt_n2d1[5].u_intt_n2d1/product_i_1__9/O
                         net (fo=1, routed)           0.595    25.156    gen_modmul_intt[5].u_mm_intt/product_7[16]
    DSP48_X2Y16          DSP48E1 (Prop_dsp48e1_A[16]_P[18])
                                                      2.737    27.893 r  gen_modmul_intt[5].u_mm_intt/product/P[18]
                         net (fo=3, routed)           0.894    28.787    gen_modmul_intt[5].u_mm_intt/product_n_87
    SLICE_X44Y34         LUT4 (Prop_lut4_I0_O)        0.043    28.830 r  gen_modmul_intt[5].u_mm_intt/t_carry_i_3__1/O
                         net (fo=1, routed)           0.000    28.830    gen_modmul_intt[5].u_mm_intt/t_carry_i_3__1_n_0
    SLICE_X44Y34         CARRY4 (Prop_carry4_S[3]_CO[3])
                                                      0.180    29.010 r  gen_modmul_intt[5].u_mm_intt/t_carry/CO[3]
                         net (fo=1, routed)           0.000    29.010    gen_modmul_intt[5].u_mm_intt/t_carry_n_0
    SLICE_X44Y35         CARRY4 (Prop_carry4_CI_CO[3])
                                                      0.054    29.064 r  gen_modmul_intt[5].u_mm_intt/t_carry__0/CO[3]
                         net (fo=1, routed)           0.000    29.064    gen_modmul_intt[5].u_mm_intt/t_carry__0_n_0
    SLICE_X44Y36         CARRY4 (Prop_carry4_CI_CO[3])
                                                      0.054    29.118 r  gen_modmul_intt[5].u_mm_intt/t_carry__1/CO[3]
                         net (fo=1, routed)           0.000    29.118    gen_modmul_intt[5].u_mm_intt/t_carry__1_n_0
    SLICE_X44Y37         CARRY4 (Prop_carry4_CI_O[1])
                                                      0.165    29.283 r  gen_modmul_intt[5].u_mm_intt/t_carry__2/O[1]
                         net (fo=4, routed)           0.482    29.765    gen_modmul_intt[5].u_mm_intt/O[1]
    SLICE_X45Y35         CARRY4 (Prop_carry4_DI[0]_O[3])
                                                      0.390    30.155 r  gen_modmul_intt[5].u_mm_intt/reduced0_carry__2/O[3]
                         net (fo=1, routed)           0.589    30.744    u_ctrl/gen_banks[7].mem_reg_0_31_30_33_i_32_0[3]
    SLICE_X41Y32         LUT6 (Prop_lut6_I2_O)        0.120    30.864 r  u_ctrl/gen_banks[7].mem_reg_0_31_12_17_i_102/O
                         net (fo=2, routed)           0.385    31.250    u_ctrl/gen_banks[7].mem_reg_0_31_12_17_i_102_n_0
    SLICE_X37Y31         LUT6 (Prop_lut6_I5_O)        0.043    31.293 r  u_ctrl/gen_banks[7].mem_reg_0_31_12_17_i_62/O
                         net (fo=4, routed)           0.646    31.939    u_ctrl/bfly_data_pre[186]
    SLICE_X30Y34         LUT6 (Prop_lut6_I3_O)        0.043    31.982 r  u_ctrl/gen_banks[3].mem_reg_0_31_12_17_i_12/O
                         net (fo=2, routed)           0.444    32.426    u_ctrl/gen_banks[3].mem_reg_0_31_12_17_i_12_n_0
    SLICE_X23Y36         LUT6 (Prop_lut6_I3_O)        0.043    32.469 r  u_ctrl/gen_banks[3].mem_reg_0_31_12_17_i_6/O
                         net (fo=1, routed)           0.285    32.754    u_membanks/gen_banks[3].mem_reg_0_31_12_17/DIC0
    SLICE_X22Y34         RAMD32                                       r  u_membanks/gen_banks[3].mem_reg_0_31_12_17/RAMC/I
  -------------------------------------------------------------------    -------------------

                         (clock clk rise edge)        3.000     3.000 r  
    V20                                               0.000     3.000 r  clk (IN)
                         net (fo=0)                   0.000     3.000    clk
    V20                  IBUF (Prop_ibuf_I_O)         0.676     3.676 r  clk_IBUF_inst/O
                         net (fo=1, routed)           1.834     5.510    clk_IBUF
    BUFGCTRL_X0Y0        BUFG (Prop_bufg_I_O)         0.083     5.593 r  clk_IBUF_BUFG_inst/O
                         net (fo=457, routed)         1.484     7.077    u_membanks/gen_banks[3].mem_reg_0_31_12_17/WCLK
    SLICE_X22Y34         RAMD32                                       r  u_membanks/gen_banks[3].mem_reg_0_31_12_17/RAMC/CLK
                         clock pessimism              0.291     7.368    
                         clock uncertainty           -0.035     7.332    
    SLICE_X22Y34         RAMD32 (Setup_ramd32_CLK_I)
                                                     -0.112     7.220    u_membanks/gen_banks[3].mem_reg_0_31_12_17/RAMC
  -------------------------------------------------------------------
                         required time                          7.220    
                         arrival time                         -32.754    
  -------------------------------------------------------------------
                         slack                                -25.534    

Slack (VIOLATED) :        -25.524ns  (required time - arrival time)
  Source:                 u_ctrl/delta_idx_reg[2]_replica/C
                            (rising edge-triggered cell FDCE clocked by clk  {rise@0.000ns fall@1.500ns period=3.000ns})
  Destination:            u_membanks/gen_banks[5].mem_reg_0_31_12_17/RAMC_D1/I
                            (rising edge-triggered cell RAMD32 clocked by clk  {rise@0.000ns fall@1.500ns period=3.000ns})
  Path Group:             clk
  Path Type:              Setup (Max at Slow Process Corner)
  Requirement:            3.000ns  (clk rise@3.000ns - clk rise@0.000ns)
  Data Path Delay:        28.292ns  (logic 9.467ns (33.462%)  route 18.825ns (66.538%))
  Logic Levels:           70  (CARRY4=32 DSP48E1=1 LUT2=5 LUT3=4 LUT4=5 LUT5=4 LUT6=18 RAMD32=1)
  Clock Path Skew:        -0.050ns (DCD - SCD + CPR)
    Destination Clock Delay (DCD):    4.034ns = ( 7.034 - 3.000 ) 
    Source Clock Delay      (SCD):    4.375ns
    Clock Pessimism Removal (CPR):    0.291ns
  Clock Uncertainty:      0.035ns  ((TSJ^2 + TIJ^2)^1/2 + DJ) / 2 + PE
    Total System Jitter     (TSJ):    0.071ns
    Total Input Jitter      (TIJ):    0.000ns
    Discrete Jitter          (DJ):    0.000ns
    Phase Error              (PE):    0.000ns

    Location             Delay type                Incr(ns)  Path(ns)    Netlist Resource(s)
  -------------------------------------------------------------------    -------------------
                         (clock clk rise edge)        0.000     0.000 r  
    V20                                               0.000     0.000 r  clk (IN)
                         net (fo=0)                   0.000     0.000    clk
    V20                  IBUF (Prop_ibuf_I_O)         0.751     0.751 r  clk_IBUF_inst/O
                         net (fo=1, routed)           1.950     2.701    clk_IBUF
    BUFGCTRL_X0Y0        BUFG (Prop_bufg_I_O)         0.093     2.794 r  clk_IBUF_BUFG_inst/O
                         net (fo=457, routed)         1.581     4.375    u_ctrl/clk_IBUF_BUFG
    SLICE_X29Y45         FDCE                                         r  u_ctrl/delta_idx_reg[2]_replica/C
  -------------------------------------------------------------------    -------------------
    SLICE_X29Y45         FDCE (Prop_fdce_C_Q)         0.223     4.598 r  u_ctrl/delta_idx_reg[2]_replica/Q
                         net (fo=3, routed)           0.238     4.836    u_ctrl/B_1[5]_repN
    SLICE_X29Y45         LUT2 (Prop_lut2_I0_O)        0.043     4.879 r  u_ctrl/product_i_155/O
                         net (fo=1, routed)           0.000     4.879    u_ctrl/product_i_155_n_0
    SLICE_X29Y45         CARRY4 (Prop_carry4_S[2]_O[2])
                                                      0.117     4.996 r  u_ctrl/product_i_146/O[2]
                         net (fo=1, routed)           0.353     5.348    u_membanks/product_i_148[0]
    SLICE_X28Y47         CARRY4 (Prop_carry4_S[0]_O[0])
                                                      0.246     5.594 r  u_membanks/product_i_145/O[0]
                         net (fo=2, routed)           0.339     5.933    u_ctrl/O[0]
    SLICE_X27Y45         LUT2 (Prop_lut2_I0_O)        0.124     6.057 r  u_ctrl/product_i_148/O
                         net (fo=1, routed)           0.000     6.057    u_ctrl/product_i_148_n_0
    SLICE_X27Y45         CARRY4 (Prop_carry4_S[2]_O[2])
                                                      0.117     6.174 r  u_ctrl/product_i_142/O[2]
                         net (fo=17, routed)          0.523     6.697    u_ctrl/g_cnt_reg[6]_0[2]
    SLICE_X29Y43         CARRY4 (Prop_carry4_S[1]_O[2])
                                                      0.404     7.101 r  u_ctrl/gen_banks[7].mem_reg_0_31_0_5_i_173/O[2]
                         net (fo=2, routed)           0.465     7.566    u_ctrl/orig_addrs02_out[6]
    SLICE_X26Y46         LUT6 (Prop_lut6_I5_O)        0.122     7.688 r  u_ctrl/gen_banks[4].mem_reg_0_31_0_5_i_31/O
                         net (fo=2, routed)           0.455     8.143    u_ctrl/gen_banks[4].mem_reg_0_31_0_5_i_31_n_0
    SLICE_X25Y40         LUT3 (Prop_lut3_I0_O)        0.043     8.186 r  u_ctrl/gen_banks[4].mem_reg_0_31_0_5_i_26/O
                         net (fo=4, routed)           0.371     8.557    u_ctrl/gen_banks[4].mem_reg_0_31_0_5_i_26_n_0
    SLICE_X26Y39         LUT6 (Prop_lut6_I0_O)        0.043     8.600 r  u_ctrl/gen_banks[4].mem_reg_0_31_0_5_i_9/O
                         net (fo=36, routed)          0.692     9.292    u_membanks/gen_banks[4].mem_reg_0_31_12_17/ADDRA3
    SLICE_X42Y39         RAMD32 (Prop_ramd32_RADR3_O)
                                                      0.043     9.335 f  u_membanks/gen_banks[4].mem_reg_0_31_12_17/RAMA_D1/O
                         net (fo=3, routed)           0.636     9.971    u_membanks/bank_dout[149]
    SLICE_X32Y48         LUT3 (Prop_lut3_I2_O)        0.043    10.014 f  u_membanks/product_i_82__0/O
                         net (fo=4, routed)           0.444    10.458    u_ctrl/product_13
    SLICE_X32Y45         LUT6 (Prop_lut6_I0_O)        0.043    10.501 f  u_ctrl/product_i_21__4/O
                         net (fo=6, routed)           0.663    11.164    u_membanks/gen_bfly_pack[5].cur_l[2]
    SLICE_X36Y37         LUT4 (Prop_lut4_I3_O)        0.043    11.207 f  u_membanks/raw_sum_carry_i_12__43/O
                         net (fo=1, routed)           0.371    11.578    u_membanks/raw_sum_carry_i_12__43_n_0
    SLICE_X46Y37         LUT6 (Prop_lut6_I4_O)        0.043    11.621 f  u_membanks/raw_sum_carry_i_9__51_rewire/O
                         net (fo=54, routed)          0.326    11.946    gen_intt_n2d1[5].u_intt_n2d1/raw_sum_carry__2_0
    SLICE_X46Y37         LUT4 (Prop_lut4_I3_O)        0.043    11.989 r  gen_intt_n2d1[5].u_intt_n2d1/raw_sum_carry_i_23__18/O
                         net (fo=1, routed)           0.556    12.545    gen_intt_n2d1[5].u_intt_n2d1/raw_sum_carry_i_23__18_n_0
    SLICE_X42Y38         LUT6 (Prop_lut6_I0_O)        0.043    12.588 r  gen_intt_n2d1[5].u_intt_n2d1/raw_sum_carry_i_11__43/O
                         net (fo=98, routed)          0.587    13.175    gen_intt_n2d1[5].u_intt_n2d1/raw_sum_carry_i_26__9_0
    SLICE_X43Y40         LUT3 (Prop_lut3_I1_O)        0.043    13.218 r  gen_intt_n2d1[5].u_intt_n2d1/raw_sum_carry__0_i_5__20/O
                         net (fo=1, routed)           0.000    13.218    gen_r2intt_r8.u_r2intt8/gen_full_s0[2].u_bf/u_sub/add_inst/raw_sum_carry__0_i_9__16_1[3]
    SLICE_X43Y40         CARRY4 (Prop_carry4_S[3]_CO[3])
                                                      0.193    13.411 r  gen_r2intt_r8.u_r2intt8/gen_full_s0[2].u_bf/u_sub/add_inst/raw_sum_carry__0/CO[3]
                         net (fo=1, routed)           0.000    13.411    gen_r2intt_r8.u_r2intt8/gen_full_s0[2].u_bf/u_sub/add_inst/raw_sum_carry__0_n_0
    SLICE_X43Y41         CARRY4 (Prop_carry4_CI_CO[3])
                                                      0.053    13.464 r  gen_r2intt_r8.u_r2intt8/gen_full_s0[2].u_bf/u_sub/add_inst/raw_sum_carry__1/CO[3]
                         net (fo=1, routed)           0.000    13.464    gen_r2intt_r8.u_r2intt8/gen_full_s0[2].u_bf/u_sub/add_inst/raw_sum_carry__1_n_0
    SLICE_X43Y42         CARRY4 (Prop_carry4_CI_CO[3])
                                                      0.053    13.517 r  gen_r2intt_r8.u_r2intt8/gen_full_s0[2].u_bf/u_sub/add_inst/raw_sum_carry__2/CO[3]
                         net (fo=1, routed)           0.000    13.517    gen_r2intt_r8.u_r2intt8/gen_full_s0[2].u_bf/u_sub/add_inst/raw_sum_carry__2_n_0
    SLICE_X43Y43         CARRY4 (Prop_carry4_CI_O[0])
                                                      0.111    13.628 r  gen_r2intt_r8.u_r2intt8/gen_full_s0[2].u_bf/u_sub/add_inst/raw_sum_carry__3/O[0]
                         net (fo=1, routed)           0.281    13.908    gen_r2intt_r8.u_r2intt8/gen_full_s0[2].u_bf/u_sub/add_inst/raw_sum_carry__3_n_7
    SLICE_X42Y40         LUT2 (Prop_lut2_I1_O)        0.124    14.032 r  gen_r2intt_r8.u_r2intt8/gen_full_s0[2].u_bf/u_sub/add_inst/raw_sum_carry_i_16__31/O
                         net (fo=1, routed)           0.000    14.032    gen_r2intt_r8.u_r2intt8/gen_full_s0[2].u_bf/u_sub/add_inst/raw_sum_carry_i_16__31_n_0
    SLICE_X42Y40         CARRY4 (Prop_carry4_S[0]_CO[3])
                                                      0.246    14.278 r  gen_r2intt_r8.u_r2intt8/gen_full_s0[2].u_bf/u_sub/add_inst/raw_sum_carry_i_9__22/CO[3]
                         net (fo=1, routed)           0.000    14.278    gen_r2intt_r8.u_r2intt8/gen_full_s0[2].u_bf/u_sub/add_inst/raw_sum_carry_i_9__22_n_0
    SLICE_X42Y41         CARRY4 (Prop_carry4_CI_CO[3])
                                                      0.054    14.332 r  gen_r2intt_r8.u_r2intt8/gen_full_s0[2].u_bf/u_sub/add_inst/raw_sum_carry__0_i_9__16/CO[3]
                         net (fo=1, routed)           0.000    14.332    gen_r2intt_r8.u_r2intt8/gen_full_s0[2].u_bf/u_sub/add_inst/raw_sum_carry__0_i_9__16_n_0
    SLICE_X42Y42         CARRY4 (Prop_carry4_CI_CO[3])
                                                      0.054    14.386 r  gen_r2intt_r8.u_r2intt8/gen_full_s0[2].u_bf/u_sub/add_inst/raw_sum_carry__1_i_9__13/CO[3]
                         net (fo=1, routed)           0.000    14.386    gen_r2intt_r8.u_r2intt8/gen_full_s0[2].u_bf/u_sub/add_inst/raw_sum_carry__1_i_9__13_n_0
    SLICE_X42Y43         CARRY4 (Prop_carry4_CI_O[3])
                                                      0.151    14.537 r  gen_r2intt_r8.u_r2intt8/gen_full_s0[2].u_bf/u_sub/add_inst/raw_sum_carry_i_11__16/O[3]
                         net (fo=1, routed)           0.420    14.958    gen_intt_n2d1[5].u_intt_n2d1/reduced[15]
    SLICE_X47Y44         LUT5 (Prop_lut5_I0_O)        0.120    15.078 r  gen_intt_n2d1[5].u_intt_n2d1/raw_sum_carry_i_2__22/O
                         net (fo=9, routed)           0.511    15.589    gen_intt_n2d1[5].u_intt_n2d1/s0_full[5]_1[2]
    SLICE_X48Y45         LUT4 (Prop_lut4_I3_O)        0.043    15.632 f  gen_intt_n2d1[5].u_intt_n2d1/raw_sum_carry_i_21__10/O
                         net (fo=1, routed)           0.236    15.867    gen_intt_n2d1[5].u_intt_n2d1/raw_sum_carry_i_21__10_n_0
    SLICE_X48Y44         LUT5 (Prop_lut5_I4_O)        0.043    15.910 f  gen_intt_n2d1[5].u_intt_n2d1/raw_sum_carry_i_10__20/O
                         net (fo=37, routed)          0.401    16.311    gen_intt_n2d1[5].u_intt_n2d1/s0_full[5]_1[16]
    SLICE_X45Y45         LUT6 (Prop_lut6_I5_O)        0.043    16.354 r  gen_intt_n2d1[5].u_intt_n2d1/raw_sum_carry__0_i_4__22/O
                         net (fo=6, routed)           0.611    16.966    gen_r2intt_r8.u_r2intt8/gen_full_s1_b[1].gen_full_s1_g[1].u_bf/u_add/s0_full[5]_22[4]
    SLICE_X35Y45         CARRY4 (Prop_carry4_DI[0]_CO[3])
                                                      0.269    17.235 r  gen_r2intt_r8.u_r2intt8/gen_full_s1_b[1].gen_full_s1_g[1].u_bf/u_add/raw_sum_carry__0/CO[3]
                         net (fo=1, routed)           0.000    17.235    gen_r2intt_r8.u_r2intt8/gen_full_s1_b[1].gen_full_s1_g[1].u_bf/u_add/raw_sum_carry__0_n_0
    SLICE_X35Y46         CARRY4 (Prop_carry4_CI_CO[3])
                                                      0.053    17.288 r  gen_r2intt_r8.u_r2intt8/gen_full_s1_b[1].gen_full_s1_g[1].u_bf/u_add/raw_sum_carry__1/CO[3]
                         net (fo=1, routed)           0.000    17.288    gen_r2intt_r8.u_r2intt8/gen_full_s1_b[1].gen_full_s1_g[1].u_bf/u_add/raw_sum_carry__1_n_0
    SLICE_X35Y47         CARRY4 (Prop_carry4_CI_CO[3])
                                                      0.053    17.341 r  gen_r2intt_r8.u_r2intt8/gen_full_s1_b[1].gen_full_s1_g[1].u_bf/u_add/raw_sum_carry__2/CO[3]
                         net (fo=1, routed)           0.000    17.341    gen_r2intt_r8.u_r2intt8/gen_full_s1_b[1].gen_full_s1_g[1].u_bf/u_add/raw_sum_carry__2_n_0
    SLICE_X35Y48         CARRY4 (Prop_carry4_CI_O[0])
                                                      0.111    17.452 r  gen_r2intt_r8.u_r2intt8/gen_full_s1_b[1].gen_full_s1_g[1].u_bf/u_add/raw_sum_carry__3/O[0]
                         net (fo=1, routed)           0.381    17.833    gen_r2intt_r8.u_r2intt8/gen_full_s1_b[1].gen_full_s1_g[1].u_bf/u_add/raw_sum_carry__3_n_7
    SLICE_X36Y44         LUT2 (Prop_lut2_I1_O)        0.124    17.957 r  gen_r2intt_r8.u_r2intt8/gen_full_s1_b[1].gen_full_s1_g[1].u_bf/u_add/raw_sum_carry_i_34__5/O
                         net (fo=1, routed)           0.000    17.957    gen_r2intt_r8.u_r2intt8/gen_full_s1_b[1].gen_full_s1_g[1].u_bf/u_add/raw_sum_carry_i_34__5_n_0
    SLICE_X36Y44         CARRY4 (Prop_carry4_S[0]_CO[3])
                                                      0.259    18.216 r  gen_r2intt_r8.u_r2intt8/gen_full_s1_b[1].gen_full_s1_g[1].u_bf/u_add/raw_sum_carry_i_28__7/CO[3]
                         net (fo=1, routed)           0.000    18.216    gen_r2intt_r8.u_r2intt8/gen_full_s1_b[1].gen_full_s1_g[1].u_bf/u_add/raw_sum_carry_i_28__7_n_0
    SLICE_X36Y45         CARRY4 (Prop_carry4_CI_CO[3])
                                                      0.053    18.269 r  gen_r2intt_r8.u_r2intt8/gen_full_s1_b[1].gen_full_s1_g[1].u_bf/u_add/raw_sum_carry_i_25__13/CO[3]
                         net (fo=1, routed)           0.000    18.269    gen_r2intt_r8.u_r2intt8/gen_full_s1_b[1].gen_full_s1_g[1].u_bf/u_add/raw_sum_carry_i_25__13_n_0
    SLICE_X36Y46         CARRY4 (Prop_carry4_CI_CO[3])
                                                      0.053    18.322 r  gen_r2intt_r8.u_r2intt8/gen_full_s1_b[1].gen_full_s1_g[1].u_bf/u_add/raw_sum_carry__0_i_14__17/CO[3]
                         net (fo=1, routed)           0.000    18.322    gen_r2intt_r8.u_r2intt8/gen_full_s1_b[1].gen_full_s1_g[1].u_bf/u_add/raw_sum_carry__0_i_14__17_n_0
    SLICE_X36Y47         CARRY4 (Prop_carry4_CI_CO[3])
                                                      0.053    18.375 r  gen_r2intt_r8.u_r2intt8/gen_full_s1_b[1].gen_full_s1_g[1].u_bf/u_add/raw_sum_carry__1_i_14__15/CO[3]
                         net (fo=1, routed)           0.000    18.375    gen_r2intt_r8.u_r2intt8/gen_full_s1_b[1].gen_full_s1_g[1].u_bf/u_add/raw_sum_carry__1_i_14__15_n_0
    SLICE_X36Y48         CARRY4 (Prop_carry4_CI_CO[0])
                                                      0.139    18.514 f  gen_r2intt_r8.u_r2intt8/gen_full_s1_b[1].gen_full_s1_g[1].u_bf/u_add/raw_sum_carry__2_i_33__1/CO[0]
                         net (fo=1, routed)           0.572    19.086    gen_intt_n2d1[5].u_intt_n2d1/reduced_16[16]
    SLICE_X44Y48         LUT6 (Prop_lut6_I5_O)        0.131    19.217 f  gen_intt_n2d1[5].u_intt_n2d1/raw_sum_carry__2_i_30__1_rewire/O
                         net (fo=1, routed)           0.451    19.668    gen_intt_n2d1[5].u_intt_n2d1/raw_sum_carry__2_i_30__1_n_0
    SLICE_X44Y45         LUT5 (Prop_lut5_I4_O)        0.043    19.711 f  gen_intt_n2d1[5].u_intt_n2d1/raw_sum_carry__2_i_23__0/O
                         net (fo=5, routed)           0.469    20.179    gen_intt_n2d1[5].u_intt_n2d1/raw_sum_carry__2_i_23__0_n_0
    SLICE_X52Y46         LUT5 (Prop_lut5_I0_O)        0.043    20.222 f  gen_intt_n2d1[5].u_intt_n2d1/raw_sum_carry__3_i_2__11/O
                         net (fo=4, routed)           0.453    20.676    gen_intt_n2d1[5].u_intt_n2d1/gen_r2intt_r8.u_r2intt8/s1_full[5][16]
    SLICE_X52Y46         LUT6 (Prop_lut6_I0_O)        0.043    20.719 r  gen_intt_n2d1[5].u_intt_n2d1/raw_sum_carry_i_5__29/O
                         net (fo=37, routed)          0.305    21.024    gen_intt_n2d1[5].u_intt_n2d1/raw_sum_carry_i_8__36_0
    SLICE_X53Y45         LUT3 (Prop_lut3_I0_O)        0.043    21.067 r  gen_intt_n2d1[5].u_intt_n2d1/raw_sum_carry_i_3__60/O
                         net (fo=1, routed)           0.000    21.067    gen_r2intt_r8.u_r2intt8/gen_full_s2[1].u_bf/u_sub/add_inst/out0_carry_i_19__2_0[1]
    SLICE_X53Y45         CARRY4 (Prop_carry4_S[1]_CO[3])
                                                      0.267    21.334 r  gen_r2intt_r8.u_r2intt8/gen_full_s2[1].u_bf/u_sub/add_inst/raw_sum_carry/CO[3]
                         net (fo=1, routed)           0.000    21.334    gen_r2intt_r8.u_r2intt8/gen_full_s2[1].u_bf/u_sub/add_inst/raw_sum_carry_n_0
    SLICE_X53Y46         CARRY4 (Prop_carry4_CI_CO[3])
                                                      0.053    21.387 r  gen_r2intt_r8.u_r2intt8/gen_full_s2[1].u_bf/u_sub/add_inst/raw_sum_carry__0/CO[3]
                         net (fo=1, routed)           0.000    21.387    gen_r2intt_r8.u_r2intt8/gen_full_s2[1].u_bf/u_sub/add_inst/raw_sum_carry__0_n_0
    SLICE_X53Y47         CARRY4 (Prop_carry4_CI_CO[3])
                                                      0.053    21.440 r  gen_r2intt_r8.u_r2intt8/gen_full_s2[1].u_bf/u_sub/add_inst/raw_sum_carry__1/CO[3]
                         net (fo=1, routed)           0.000    21.440    gen_r2intt_r8.u_r2intt8/gen_full_s2[1].u_bf/u_sub/add_inst/raw_sum_carry__1_n_0
    SLICE_X53Y48         CARRY4 (Prop_carry4_CI_CO[3])
                                                      0.053    21.493 r  gen_r2intt_r8.u_r2intt8/gen_full_s2[1].u_bf/u_sub/add_inst/raw_sum_carry__2/CO[3]
                         net (fo=1, routed)           0.000    21.493    gen_r2intt_r8.u_r2intt8/gen_full_s2[1].u_bf/u_sub/add_inst/raw_sum_carry__2_n_0
    SLICE_X53Y49         CARRY4 (Prop_carry4_CI_O[0])
                                                      0.111    21.604 r  gen_r2intt_r8.u_r2intt8/gen_full_s2[1].u_bf/u_sub/add_inst/raw_sum_carry__3/O[0]
                         net (fo=1, routed)           0.312    21.916    gen_r2intt_r8.u_r2intt8/gen_full_s2[1].u_bf/u_sub/add_inst/raw_sum_carry__3_n_7
    SLICE_X54Y45         LUT2 (Prop_lut2_I1_O)        0.124    22.040 r  gen_r2intt_r8.u_r2intt8/gen_full_s2[1].u_bf/u_sub/add_inst/out0_carry_i_27__6/O
                         net (fo=1, routed)           0.000    22.040    gen_r2intt_r8.u_r2intt8/gen_full_s2[1].u_bf/u_sub/add_inst/out0_carry_i_27__6_n_0
    SLICE_X54Y45         CARRY4 (Prop_carry4_S[0]_CO[3])
                                                      0.246    22.286 r  gen_r2intt_r8.u_r2intt8/gen_full_s2[1].u_bf/u_sub/add_inst/out0_carry_i_19__2/CO[3]
                         net (fo=1, routed)           0.000    22.286    gen_r2intt_r8.u_r2intt8/gen_full_s2[1].u_bf/u_sub/add_inst/out0_carry_i_19__2_n_0
    SLICE_X54Y46         CARRY4 (Prop_carry4_CI_CO[3])
                                                      0.054    22.340 r  gen_r2intt_r8.u_r2intt8/gen_full_s2[1].u_bf/u_sub/add_inst/out0_carry_i_21__8/CO[3]
                         net (fo=1, routed)           0.000    22.340    gen_r2intt_r8.u_r2intt8/gen_full_s2[1].u_bf/u_sub/add_inst/out0_carry_i_21__8_n_0
    SLICE_X54Y47         CARRY4 (Prop_carry4_CI_CO[3])
                                                      0.054    22.394 r  gen_r2intt_r8.u_r2intt8/gen_full_s2[1].u_bf/u_sub/add_inst/out0_carry__0_i_14__10/CO[3]
                         net (fo=1, routed)           0.000    22.394    gen_r2intt_r8.u_r2intt8/gen_full_s2[1].u_bf/u_sub/add_inst/out0_carry__0_i_14__10_n_0
    SLICE_X54Y48         CARRY4 (Prop_carry4_CI_O[1])
                                                      0.165    22.559 r  gen_r2intt_r8.u_r2intt8/gen_full_s2[1].u_bf/u_sub/add_inst/out0_carry__1_i_14__10/O[1]
                         net (fo=2, routed)           0.377    22.936    gen_intt_n2d1[5].u_intt_n2d1/out0_carry__2_i_3__1[1]
    SLICE_X58Y46         LUT6 (Prop_lut6_I5_O)        0.125    23.061 r  gen_intt_n2d1[5].u_intt_n2d1/product_i_41__6/O
                         net (fo=1, routed)           0.326    23.387    gen_intt_n2d1[5].u_intt_n2d1/product_i_41__6_n_0
    SLICE_X58Y45         LUT6 (Prop_lut6_I0_O)        0.043    23.430 r  gen_intt_n2d1[5].u_intt_n2d1/product_i_35__6/O
                         net (fo=1, routed)           0.322    23.752    gen_intt_n2d1[5].u_intt_n2d1/product_i_35__6_n_0
    SLICE_X56Y44         LUT6 (Prop_lut6_I4_O)        0.043    23.795 r  gen_intt_n2d1[5].u_intt_n2d1/product_i_26__9/O
                         net (fo=1, routed)           0.197    23.992    gen_intt_n2d1[5].u_intt_n2d1/product_i_26__9_n_0
    SLICE_X56Y42         LUT6 (Prop_lut6_I1_O)        0.043    24.035 r  gen_intt_n2d1[5].u_intt_n2d1/product_i_19__9/O
                         net (fo=17, routed)          0.483    24.518    gen_intt_n2d1[5].u_intt_n2d1/product_i_19__9_n_0
    SLICE_X54Y42         LUT6 (Prop_lut6_I2_O)        0.043    24.561 r  gen_intt_n2d1[5].u_intt_n2d1/product_i_1__9/O
                         net (fo=1, routed)           0.595    25.156    gen_modmul_intt[5].u_mm_intt/product_7[16]
    DSP48_X2Y16          DSP48E1 (Prop_dsp48e1_A[16]_P[18])
                                                      2.737    27.893 r  gen_modmul_intt[5].u_mm_intt/product/P[18]
                         net (fo=3, routed)           0.894    28.787    gen_modmul_intt[5].u_mm_intt/product_n_87
    SLICE_X44Y34         LUT4 (Prop_lut4_I0_O)        0.043    28.830 r  gen_modmul_intt[5].u_mm_intt/t_carry_i_3__1/O
                         net (fo=1, routed)           0.000    28.830    gen_modmul_intt[5].u_mm_intt/t_carry_i_3__1_n_0
    SLICE_X44Y34         CARRY4 (Prop_carry4_S[3]_CO[3])
                                                      0.180    29.010 r  gen_modmul_intt[5].u_mm_intt/t_carry/CO[3]
                         net (fo=1, routed)           0.000    29.010    gen_modmul_intt[5].u_mm_intt/t_carry_n_0
    SLICE_X44Y35         CARRY4 (Prop_carry4_CI_O[0])
                                                      0.108    29.118 r  gen_modmul_intt[5].u_mm_intt/t_carry__0/O[0]
                         net (fo=4, routed)           0.529    29.647    gen_modmul_intt[5].u_mm_intt/product_1[0]
    SLICE_X46Y32         LUT4 (Prop_lut4_I2_O)        0.123    29.770 r  gen_modmul_intt[5].u_mm_intt/gen_banks[7].mem_reg_0_31_0_5_i_398/O
                         net (fo=1, routed)           0.447    30.217    gen_modmul_intt[5].u_mm_intt/gen_banks[7].mem_reg_0_31_0_5_i_398_n_0
    SLICE_X44Y33         LUT6 (Prop_lut6_I2_O)        0.043    30.260 r  gen_modmul_intt[5].u_mm_intt/gen_banks[7].mem_reg_0_31_0_5_i_213/O
                         net (fo=17, routed)          0.251    30.512    u_ctrl/gen_banks[7].mem_reg_0_31_12_17_i_54_0
    SLICE_X44Y32         LUT6 (Prop_lut6_I3_O)        0.043    30.555 r  u_ctrl/gen_banks[7].mem_reg_0_31_0_5_i_132/O
                         net (fo=2, routed)           0.678    31.233    u_ctrl/gen_banks[7].mem_reg_0_31_0_5_i_132_n_0
    SLICE_X33Y33         LUT6 (Prop_lut6_I5_O)        0.043    31.276 r  u_ctrl/gen_banks[7].mem_reg_0_31_12_17_i_54/O
                         net (fo=4, routed)           0.455    31.732    u_ctrl/bfly_data_pre[187]
    SLICE_X34Y34         LUT6 (Prop_lut6_I0_O)        0.043    31.775 r  u_ctrl/gen_banks[5].mem_reg_0_31_12_17_i_11/O
                         net (fo=2, routed)           0.461    32.235    u_ctrl/gen_banks[5].mem_reg_0_31_12_17_i_11_n_0
    SLICE_X33Y38         LUT6 (Prop_lut6_I3_O)        0.043    32.278 r  u_ctrl/gen_banks[5].mem_reg_0_31_12_17_i_5/O
                         net (fo=1, routed)           0.389    32.667    u_membanks/gen_banks[5].mem_reg_0_31_12_17/DIC1
    SLICE_X38Y39         RAMD32                                       r  u_membanks/gen_banks[5].mem_reg_0_31_12_17/RAMC_D1/I
  -------------------------------------------------------------------    -------------------

                         (clock clk rise edge)        3.000     3.000 r  
    V20                                               0.000     3.000 r  clk (IN)
                         net (fo=0)                   0.000     3.000    clk
    V20                  IBUF (Prop_ibuf_I_O)         0.676     3.676 r  clk_IBUF_inst/O
                         net (fo=1, routed)           1.834     5.510    clk_IBUF
    BUFGCTRL_X0Y0        BUFG (Prop_bufg_I_O)         0.083     5.593 r  clk_IBUF_BUFG_inst/O
                         net (fo=457, routed)         1.441     7.034    u_membanks/gen_banks[5].mem_reg_0_31_12_17/WCLK
    SLICE_X38Y39         RAMD32                                       r  u_membanks/gen_banks[5].mem_reg_0_31_12_17/RAMC_D1/CLK
                         clock pessimism              0.291     7.325    
                         clock uncertainty           -0.035     7.289    
    SLICE_X38Y39         RAMD32 (Setup_ramd32_CLK_I)
                                                     -0.147     7.142    u_membanks/gen_banks[5].mem_reg_0_31_12_17/RAMC_D1
  -------------------------------------------------------------------
                         required time                          7.142    
                         arrival time                         -32.667    
  -------------------------------------------------------------------
                         slack                                -25.524    

Slack (VIOLATED) :        -25.518ns  (required time - arrival time)
  Source:                 u_ctrl/delta_idx_reg[2]_replica/C
                            (rising edge-triggered cell FDCE clocked by clk  {rise@0.000ns fall@1.500ns period=3.000ns})
  Destination:            u_membanks/gen_banks[4].mem_reg_0_31_18_23/RAMC_D1/I
                            (rising edge-triggered cell RAMD32 clocked by clk  {rise@0.000ns fall@1.500ns period=3.000ns})
  Path Group:             clk
  Path Type:              Setup (Max at Slow Process Corner)
  Requirement:            3.000ns  (clk rise@3.000ns - clk rise@0.000ns)
  Data Path Delay:        28.327ns  (logic 9.467ns (33.420%)  route 18.860ns (66.580%))
  Logic Levels:           70  (CARRY4=32 DSP48E1=1 LUT2=5 LUT3=4 LUT4=5 LUT5=4 LUT6=18 RAMD32=1)
  Clock Path Skew:        -0.008ns (DCD - SCD + CPR)
    Destination Clock Delay (DCD):    4.076ns = ( 7.076 - 3.000 ) 
    Source Clock Delay      (SCD):    4.375ns
    Clock Pessimism Removal (CPR):    0.291ns
  Clock Uncertainty:      0.035ns  ((TSJ^2 + TIJ^2)^1/2 + DJ) / 2 + PE
    Total System Jitter     (TSJ):    0.071ns
    Total Input Jitter      (TIJ):    0.000ns
    Discrete Jitter          (DJ):    0.000ns
    Phase Error              (PE):    0.000ns

    Location             Delay type                Incr(ns)  Path(ns)    Netlist Resource(s)
  -------------------------------------------------------------------    -------------------
                         (clock clk rise edge)        0.000     0.000 r  
    V20                                               0.000     0.000 r  clk (IN)
                         net (fo=0)                   0.000     0.000    clk
    V20                  IBUF (Prop_ibuf_I_O)         0.751     0.751 r  clk_IBUF_inst/O
                         net (fo=1, routed)           1.950     2.701    clk_IBUF
    BUFGCTRL_X0Y0        BUFG (Prop_bufg_I_O)         0.093     2.794 r  clk_IBUF_BUFG_inst/O
                         net (fo=457, routed)         1.581     4.375    u_ctrl/clk_IBUF_BUFG
    SLICE_X29Y45         FDCE                                         r  u_ctrl/delta_idx_reg[2]_replica/C
  -------------------------------------------------------------------    -------------------
    SLICE_X29Y45         FDCE (Prop_fdce_C_Q)         0.223     4.598 r  u_ctrl/delta_idx_reg[2]_replica/Q
                         net (fo=3, routed)           0.238     4.836    u_ctrl/B_1[5]_repN
    SLICE_X29Y45         LUT2 (Prop_lut2_I0_O)        0.043     4.879 r  u_ctrl/product_i_155/O
                         net (fo=1, routed)           0.000     4.879    u_ctrl/product_i_155_n_0
    SLICE_X29Y45         CARRY4 (Prop_carry4_S[2]_O[2])
                                                      0.117     4.996 r  u_ctrl/product_i_146/O[2]
                         net (fo=1, routed)           0.353     5.348    u_membanks/product_i_148[0]
    SLICE_X28Y47         CARRY4 (Prop_carry4_S[0]_O[0])
                                                      0.246     5.594 r  u_membanks/product_i_145/O[0]
                         net (fo=2, routed)           0.339     5.933    u_ctrl/O[0]
    SLICE_X27Y45         LUT2 (Prop_lut2_I0_O)        0.124     6.057 r  u_ctrl/product_i_148/O
                         net (fo=1, routed)           0.000     6.057    u_ctrl/product_i_148_n_0
    SLICE_X27Y45         CARRY4 (Prop_carry4_S[2]_O[2])
                                                      0.117     6.174 r  u_ctrl/product_i_142/O[2]
                         net (fo=17, routed)          0.523     6.697    u_ctrl/g_cnt_reg[6]_0[2]
    SLICE_X29Y43         CARRY4 (Prop_carry4_S[1]_O[2])
                                                      0.404     7.101 r  u_ctrl/gen_banks[7].mem_reg_0_31_0_5_i_173/O[2]
                         net (fo=2, routed)           0.465     7.566    u_ctrl/orig_addrs02_out[6]
    SLICE_X26Y46         LUT6 (Prop_lut6_I5_O)        0.122     7.688 r  u_ctrl/gen_banks[4].mem_reg_0_31_0_5_i_31/O
                         net (fo=2, routed)           0.455     8.143    u_ctrl/gen_banks[4].mem_reg_0_31_0_5_i_31_n_0
    SLICE_X25Y40         LUT3 (Prop_lut3_I0_O)        0.043     8.186 r  u_ctrl/gen_banks[4].mem_reg_0_31_0_5_i_26/O
                         net (fo=4, routed)           0.371     8.557    u_ctrl/gen_banks[4].mem_reg_0_31_0_5_i_26_n_0
    SLICE_X26Y39         LUT6 (Prop_lut6_I0_O)        0.043     8.600 r  u_ctrl/gen_banks[4].mem_reg_0_31_0_5_i_9/O
                         net (fo=36, routed)          0.692     9.292    u_membanks/gen_banks[4].mem_reg_0_31_12_17/ADDRA3
    SLICE_X42Y39         RAMD32 (Prop_ramd32_RADR3_O)
                                                      0.043     9.335 f  u_membanks/gen_banks[4].mem_reg_0_31_12_17/RAMA_D1/O
                         net (fo=3, routed)           0.636     9.971    u_membanks/bank_dout[149]
    SLICE_X32Y48         LUT3 (Prop_lut3_I2_O)        0.043    10.014 f  u_membanks/product_i_82__0/O
                         net (fo=4, routed)           0.444    10.458    u_ctrl/product_13
    SLICE_X32Y45         LUT6 (Prop_lut6_I0_O)        0.043    10.501 f  u_ctrl/product_i_21__4/O
                         net (fo=6, routed)           0.663    11.164    u_membanks/gen_bfly_pack[5].cur_l[2]
    SLICE_X36Y37         LUT4 (Prop_lut4_I3_O)        0.043    11.207 f  u_membanks/raw_sum_carry_i_12__43/O
                         net (fo=1, routed)           0.371    11.578    u_membanks/raw_sum_carry_i_12__43_n_0
    SLICE_X46Y37         LUT6 (Prop_lut6_I4_O)        0.043    11.621 f  u_membanks/raw_sum_carry_i_9__51_rewire/O
                         net (fo=54, routed)          0.326    11.946    gen_intt_n2d1[5].u_intt_n2d1/raw_sum_carry__2_0
    SLICE_X46Y37         LUT4 (Prop_lut4_I3_O)        0.043    11.989 r  gen_intt_n2d1[5].u_intt_n2d1/raw_sum_carry_i_23__18/O
                         net (fo=1, routed)           0.556    12.545    gen_intt_n2d1[5].u_intt_n2d1/raw_sum_carry_i_23__18_n_0
    SLICE_X42Y38         LUT6 (Prop_lut6_I0_O)        0.043    12.588 r  gen_intt_n2d1[5].u_intt_n2d1/raw_sum_carry_i_11__43/O
                         net (fo=98, routed)          0.587    13.175    gen_intt_n2d1[5].u_intt_n2d1/raw_sum_carry_i_26__9_0
    SLICE_X43Y40         LUT3 (Prop_lut3_I1_O)        0.043    13.218 r  gen_intt_n2d1[5].u_intt_n2d1/raw_sum_carry__0_i_5__20/O
                         net (fo=1, routed)           0.000    13.218    gen_r2intt_r8.u_r2intt8/gen_full_s0[2].u_bf/u_sub/add_inst/raw_sum_carry__0_i_9__16_1[3]
    SLICE_X43Y40         CARRY4 (Prop_carry4_S[3]_CO[3])
                                                      0.193    13.411 r  gen_r2intt_r8.u_r2intt8/gen_full_s0[2].u_bf/u_sub/add_inst/raw_sum_carry__0/CO[3]
                         net (fo=1, routed)           0.000    13.411    gen_r2intt_r8.u_r2intt8/gen_full_s0[2].u_bf/u_sub/add_inst/raw_sum_carry__0_n_0
    SLICE_X43Y41         CARRY4 (Prop_carry4_CI_CO[3])
                                                      0.053    13.464 r  gen_r2intt_r8.u_r2intt8/gen_full_s0[2].u_bf/u_sub/add_inst/raw_sum_carry__1/CO[3]
                         net (fo=1, routed)           0.000    13.464    gen_r2intt_r8.u_r2intt8/gen_full_s0[2].u_bf/u_sub/add_inst/raw_sum_carry__1_n_0
    SLICE_X43Y42         CARRY4 (Prop_carry4_CI_CO[3])
                                                      0.053    13.517 r  gen_r2intt_r8.u_r2intt8/gen_full_s0[2].u_bf/u_sub/add_inst/raw_sum_carry__2/CO[3]
                         net (fo=1, routed)           0.000    13.517    gen_r2intt_r8.u_r2intt8/gen_full_s0[2].u_bf/u_sub/add_inst/raw_sum_carry__2_n_0
    SLICE_X43Y43         CARRY4 (Prop_carry4_CI_O[0])
                                                      0.111    13.628 r  gen_r2intt_r8.u_r2intt8/gen_full_s0[2].u_bf/u_sub/add_inst/raw_sum_carry__3/O[0]
                         net (fo=1, routed)           0.281    13.908    gen_r2intt_r8.u_r2intt8/gen_full_s0[2].u_bf/u_sub/add_inst/raw_sum_carry__3_n_7
    SLICE_X42Y40         LUT2 (Prop_lut2_I1_O)        0.124    14.032 r  gen_r2intt_r8.u_r2intt8/gen_full_s0[2].u_bf/u_sub/add_inst/raw_sum_carry_i_16__31/O
                         net (fo=1, routed)           0.000    14.032    gen_r2intt_r8.u_r2intt8/gen_full_s0[2].u_bf/u_sub/add_inst/raw_sum_carry_i_16__31_n_0
    SLICE_X42Y40         CARRY4 (Prop_carry4_S[0]_CO[3])
                                                      0.246    14.278 r  gen_r2intt_r8.u_r2intt8/gen_full_s0[2].u_bf/u_sub/add_inst/raw_sum_carry_i_9__22/CO[3]
                         net (fo=1, routed)           0.000    14.278    gen_r2intt_r8.u_r2intt8/gen_full_s0[2].u_bf/u_sub/add_inst/raw_sum_carry_i_9__22_n_0
    SLICE_X42Y41         CARRY4 (Prop_carry4_CI_CO[3])
                                                      0.054    14.332 r  gen_r2intt_r8.u_r2intt8/gen_full_s0[2].u_bf/u_sub/add_inst/raw_sum_carry__0_i_9__16/CO[3]
                         net (fo=1, routed)           0.000    14.332    gen_r2intt_r8.u_r2intt8/gen_full_s0[2].u_bf/u_sub/add_inst/raw_sum_carry__0_i_9__16_n_0
    SLICE_X42Y42         CARRY4 (Prop_carry4_CI_CO[3])
                                                      0.054    14.386 r  gen_r2intt_r8.u_r2intt8/gen_full_s0[2].u_bf/u_sub/add_inst/raw_sum_carry__1_i_9__13/CO[3]
                         net (fo=1, routed)           0.000    14.386    gen_r2intt_r8.u_r2intt8/gen_full_s0[2].u_bf/u_sub/add_inst/raw_sum_carry__1_i_9__13_n_0
    SLICE_X42Y43         CARRY4 (Prop_carry4_CI_O[3])
                                                      0.151    14.537 r  gen_r2intt_r8.u_r2intt8/gen_full_s0[2].u_bf/u_sub/add_inst/raw_sum_carry_i_11__16/O[3]
                         net (fo=1, routed)           0.420    14.958    gen_intt_n2d1[5].u_intt_n2d1/reduced[15]
    SLICE_X47Y44         LUT5 (Prop_lut5_I0_O)        0.120    15.078 r  gen_intt_n2d1[5].u_intt_n2d1/raw_sum_carry_i_2__22/O
                         net (fo=9, routed)           0.511    15.589    gen_intt_n2d1[5].u_intt_n2d1/s0_full[5]_1[2]
    SLICE_X48Y45         LUT4 (Prop_lut4_I3_O)        0.043    15.632 f  gen_intt_n2d1[5].u_intt_n2d1/raw_sum_carry_i_21__10/O
                         net (fo=1, routed)           0.236    15.867    gen_intt_n2d1[5].u_intt_n2d1/raw_sum_carry_i_21__10_n_0
    SLICE_X48Y44         LUT5 (Prop_lut5_I4_O)        0.043    15.910 f  gen_intt_n2d1[5].u_intt_n2d1/raw_sum_carry_i_10__20/O
                         net (fo=37, routed)          0.401    16.311    gen_intt_n2d1[5].u_intt_n2d1/s0_full[5]_1[16]
    SLICE_X45Y45         LUT6 (Prop_lut6_I5_O)        0.043    16.354 r  gen_intt_n2d1[5].u_intt_n2d1/raw_sum_carry__0_i_4__22/O
                         net (fo=6, routed)           0.611    16.966    gen_r2intt_r8.u_r2intt8/gen_full_s1_b[1].gen_full_s1_g[1].u_bf/u_add/s0_full[5]_22[4]
    SLICE_X35Y45         CARRY4 (Prop_carry4_DI[0]_CO[3])
                                                      0.269    17.235 r  gen_r2intt_r8.u_r2intt8/gen_full_s1_b[1].gen_full_s1_g[1].u_bf/u_add/raw_sum_carry__0/CO[3]
                         net (fo=1, routed)           0.000    17.235    gen_r2intt_r8.u_r2intt8/gen_full_s1_b[1].gen_full_s1_g[1].u_bf/u_add/raw_sum_carry__0_n_0
    SLICE_X35Y46         CARRY4 (Prop_carry4_CI_CO[3])
                                                      0.053    17.288 r  gen_r2intt_r8.u_r2intt8/gen_full_s1_b[1].gen_full_s1_g[1].u_bf/u_add/raw_sum_carry__1/CO[3]
                         net (fo=1, routed)           0.000    17.288    gen_r2intt_r8.u_r2intt8/gen_full_s1_b[1].gen_full_s1_g[1].u_bf/u_add/raw_sum_carry__1_n_0
    SLICE_X35Y47         CARRY4 (Prop_carry4_CI_CO[3])
                                                      0.053    17.341 r  gen_r2intt_r8.u_r2intt8/gen_full_s1_b[1].gen_full_s1_g[1].u_bf/u_add/raw_sum_carry__2/CO[3]
                         net (fo=1, routed)           0.000    17.341    gen_r2intt_r8.u_r2intt8/gen_full_s1_b[1].gen_full_s1_g[1].u_bf/u_add/raw_sum_carry__2_n_0
    SLICE_X35Y48         CARRY4 (Prop_carry4_CI_O[0])
                                                      0.111    17.452 r  gen_r2intt_r8.u_r2intt8/gen_full_s1_b[1].gen_full_s1_g[1].u_bf/u_add/raw_sum_carry__3/O[0]
                         net (fo=1, routed)           0.381    17.833    gen_r2intt_r8.u_r2intt8/gen_full_s1_b[1].gen_full_s1_g[1].u_bf/u_add/raw_sum_carry__3_n_7
    SLICE_X36Y44         LUT2 (Prop_lut2_I1_O)        0.124    17.957 r  gen_r2intt_r8.u_r2intt8/gen_full_s1_b[1].gen_full_s1_g[1].u_bf/u_add/raw_sum_carry_i_34__5/O
                         net (fo=1, routed)           0.000    17.957    gen_r2intt_r8.u_r2intt8/gen_full_s1_b[1].gen_full_s1_g[1].u_bf/u_add/raw_sum_carry_i_34__5_n_0
    SLICE_X36Y44         CARRY4 (Prop_carry4_S[0]_CO[3])
                                                      0.259    18.216 r  gen_r2intt_r8.u_r2intt8/gen_full_s1_b[1].gen_full_s1_g[1].u_bf/u_add/raw_sum_carry_i_28__7/CO[3]
                         net (fo=1, routed)           0.000    18.216    gen_r2intt_r8.u_r2intt8/gen_full_s1_b[1].gen_full_s1_g[1].u_bf/u_add/raw_sum_carry_i_28__7_n_0
    SLICE_X36Y45         CARRY4 (Prop_carry4_CI_CO[3])
                                                      0.053    18.269 r  gen_r2intt_r8.u_r2intt8/gen_full_s1_b[1].gen_full_s1_g[1].u_bf/u_add/raw_sum_carry_i_25__13/CO[3]
                         net (fo=1, routed)           0.000    18.269    gen_r2intt_r8.u_r2intt8/gen_full_s1_b[1].gen_full_s1_g[1].u_bf/u_add/raw_sum_carry_i_25__13_n_0
    SLICE_X36Y46         CARRY4 (Prop_carry4_CI_CO[3])
                                                      0.053    18.322 r  gen_r2intt_r8.u_r2intt8/gen_full_s1_b[1].gen_full_s1_g[1].u_bf/u_add/raw_sum_carry__0_i_14__17/CO[3]
                         net (fo=1, routed)           0.000    18.322    gen_r2intt_r8.u_r2intt8/gen_full_s1_b[1].gen_full_s1_g[1].u_bf/u_add/raw_sum_carry__0_i_14__17_n_0
    SLICE_X36Y47         CARRY4 (Prop_carry4_CI_CO[3])
                                                      0.053    18.375 r  gen_r2intt_r8.u_r2intt8/gen_full_s1_b[1].gen_full_s1_g[1].u_bf/u_add/raw_sum_carry__1_i_14__15/CO[3]
                         net (fo=1, routed)           0.000    18.375    gen_r2intt_r8.u_r2intt8/gen_full_s1_b[1].gen_full_s1_g[1].u_bf/u_add/raw_sum_carry__1_i_14__15_n_0
    SLICE_X36Y48         CARRY4 (Prop_carry4_CI_CO[0])
                                                      0.139    18.514 f  gen_r2intt_r8.u_r2intt8/gen_full_s1_b[1].gen_full_s1_g[1].u_bf/u_add/raw_sum_carry__2_i_33__1/CO[0]
                         net (fo=1, routed)           0.572    19.086    gen_intt_n2d1[5].u_intt_n2d1/reduced_16[16]
    SLICE_X44Y48         LUT6 (Prop_lut6_I5_O)        0.131    19.217 f  gen_intt_n2d1[5].u_intt_n2d1/raw_sum_carry__2_i_30__1_rewire/O
                         net (fo=1, routed)           0.451    19.668    gen_intt_n2d1[5].u_intt_n2d1/raw_sum_carry__2_i_30__1_n_0
    SLICE_X44Y45         LUT5 (Prop_lut5_I4_O)        0.043    19.711 f  gen_intt_n2d1[5].u_intt_n2d1/raw_sum_carry__2_i_23__0/O
                         net (fo=5, routed)           0.469    20.179    gen_intt_n2d1[5].u_intt_n2d1/raw_sum_carry__2_i_23__0_n_0
    SLICE_X52Y46         LUT5 (Prop_lut5_I0_O)        0.043    20.222 f  gen_intt_n2d1[5].u_intt_n2d1/raw_sum_carry__3_i_2__11/O
                         net (fo=4, routed)           0.453    20.676    gen_intt_n2d1[5].u_intt_n2d1/gen_r2intt_r8.u_r2intt8/s1_full[5][16]
    SLICE_X52Y46         LUT6 (Prop_lut6_I0_O)        0.043    20.719 r  gen_intt_n2d1[5].u_intt_n2d1/raw_sum_carry_i_5__29/O
                         net (fo=37, routed)          0.305    21.024    gen_intt_n2d1[5].u_intt_n2d1/raw_sum_carry_i_8__36_0
    SLICE_X53Y45         LUT3 (Prop_lut3_I0_O)        0.043    21.067 r  gen_intt_n2d1[5].u_intt_n2d1/raw_sum_carry_i_3__60/O
                         net (fo=1, routed)           0.000    21.067    gen_r2intt_r8.u_r2intt8/gen_full_s2[1].u_bf/u_sub/add_inst/out0_carry_i_19__2_0[1]
    SLICE_X53Y45         CARRY4 (Prop_carry4_S[1]_CO[3])
                                                      0.267    21.334 r  gen_r2intt_r8.u_r2intt8/gen_full_s2[1].u_bf/u_sub/add_inst/raw_sum_carry/CO[3]
                         net (fo=1, routed)           0.000    21.334    gen_r2intt_r8.u_r2intt8/gen_full_s2[1].u_bf/u_sub/add_inst/raw_sum_carry_n_0
    SLICE_X53Y46         CARRY4 (Prop_carry4_CI_CO[3])
                                                      0.053    21.387 r  gen_r2intt_r8.u_r2intt8/gen_full_s2[1].u_bf/u_sub/add_inst/raw_sum_carry__0/CO[3]
                         net (fo=1, routed)           0.000    21.387    gen_r2intt_r8.u_r2intt8/gen_full_s2[1].u_bf/u_sub/add_inst/raw_sum_carry__0_n_0
    SLICE_X53Y47         CARRY4 (Prop_carry4_CI_CO[3])
                                                      0.053    21.440 r  gen_r2intt_r8.u_r2intt8/gen_full_s2[1].u_bf/u_sub/add_inst/raw_sum_carry__1/CO[3]
                         net (fo=1, routed)           0.000    21.440    gen_r2intt_r8.u_r2intt8/gen_full_s2[1].u_bf/u_sub/add_inst/raw_sum_carry__1_n_0
    SLICE_X53Y48         CARRY4 (Prop_carry4_CI_CO[3])
                                                      0.053    21.493 r  gen_r2intt_r8.u_r2intt8/gen_full_s2[1].u_bf/u_sub/add_inst/raw_sum_carry__2/CO[3]
                         net (fo=1, routed)           0.000    21.493    gen_r2intt_r8.u_r2intt8/gen_full_s2[1].u_bf/u_sub/add_inst/raw_sum_carry__2_n_0
    SLICE_X53Y49         CARRY4 (Prop_carry4_CI_O[0])
                                                      0.111    21.604 r  gen_r2intt_r8.u_r2intt8/gen_full_s2[1].u_bf/u_sub/add_inst/raw_sum_carry__3/O[0]
                         net (fo=1, routed)           0.312    21.916    gen_r2intt_r8.u_r2intt8/gen_full_s2[1].u_bf/u_sub/add_inst/raw_sum_carry__3_n_7
    SLICE_X54Y45         LUT2 (Prop_lut2_I1_O)        0.124    22.040 r  gen_r2intt_r8.u_r2intt8/gen_full_s2[1].u_bf/u_sub/add_inst/out0_carry_i_27__6/O
                         net (fo=1, routed)           0.000    22.040    gen_r2intt_r8.u_r2intt8/gen_full_s2[1].u_bf/u_sub/add_inst/out0_carry_i_27__6_n_0
    SLICE_X54Y45         CARRY4 (Prop_carry4_S[0]_CO[3])
                                                      0.246    22.286 r  gen_r2intt_r8.u_r2intt8/gen_full_s2[1].u_bf/u_sub/add_inst/out0_carry_i_19__2/CO[3]
                         net (fo=1, routed)           0.000    22.286    gen_r2intt_r8.u_r2intt8/gen_full_s2[1].u_bf/u_sub/add_inst/out0_carry_i_19__2_n_0
    SLICE_X54Y46         CARRY4 (Prop_carry4_CI_CO[3])
                                                      0.054    22.340 r  gen_r2intt_r8.u_r2intt8/gen_full_s2[1].u_bf/u_sub/add_inst/out0_carry_i_21__8/CO[3]
                         net (fo=1, routed)           0.000    22.340    gen_r2intt_r8.u_r2intt8/gen_full_s2[1].u_bf/u_sub/add_inst/out0_carry_i_21__8_n_0
    SLICE_X54Y47         CARRY4 (Prop_carry4_CI_CO[3])
                                                      0.054    22.394 r  gen_r2intt_r8.u_r2intt8/gen_full_s2[1].u_bf/u_sub/add_inst/out0_carry__0_i_14__10/CO[3]
                         net (fo=1, routed)           0.000    22.394    gen_r2intt_r8.u_r2intt8/gen_full_s2[1].u_bf/u_sub/add_inst/out0_carry__0_i_14__10_n_0
    SLICE_X54Y48         CARRY4 (Prop_carry4_CI_O[1])
                                                      0.165    22.559 r  gen_r2intt_r8.u_r2intt8/gen_full_s2[1].u_bf/u_sub/add_inst/out0_carry__1_i_14__10/O[1]
                         net (fo=2, routed)           0.377    22.936    gen_intt_n2d1[5].u_intt_n2d1/out0_carry__2_i_3__1[1]
    SLICE_X58Y46         LUT6 (Prop_lut6_I5_O)        0.125    23.061 r  gen_intt_n2d1[5].u_intt_n2d1/product_i_41__6/O
                         net (fo=1, routed)           0.326    23.387    gen_intt_n2d1[5].u_intt_n2d1/product_i_41__6_n_0
    SLICE_X58Y45         LUT6 (Prop_lut6_I0_O)        0.043    23.430 r  gen_intt_n2d1[5].u_intt_n2d1/product_i_35__6/O
                         net (fo=1, routed)           0.322    23.752    gen_intt_n2d1[5].u_intt_n2d1/product_i_35__6_n_0
    SLICE_X56Y44         LUT6 (Prop_lut6_I4_O)        0.043    23.795 r  gen_intt_n2d1[5].u_intt_n2d1/product_i_26__9/O
                         net (fo=1, routed)           0.197    23.992    gen_intt_n2d1[5].u_intt_n2d1/product_i_26__9_n_0
    SLICE_X56Y42         LUT6 (Prop_lut6_I1_O)        0.043    24.035 r  gen_intt_n2d1[5].u_intt_n2d1/product_i_19__9/O
                         net (fo=17, routed)          0.483    24.518    gen_intt_n2d1[5].u_intt_n2d1/product_i_19__9_n_0
    SLICE_X54Y42         LUT6 (Prop_lut6_I2_O)        0.043    24.561 r  gen_intt_n2d1[5].u_intt_n2d1/product_i_1__9/O
                         net (fo=1, routed)           0.595    25.156    gen_modmul_intt[5].u_mm_intt/product_7[16]
    DSP48_X2Y16          DSP48E1 (Prop_dsp48e1_A[16]_P[18])
                                                      2.737    27.893 r  gen_modmul_intt[5].u_mm_intt/product/P[18]
                         net (fo=3, routed)           0.894    28.787    gen_modmul_intt[5].u_mm_intt/product_n_87
    SLICE_X44Y34         LUT4 (Prop_lut4_I0_O)        0.043    28.830 r  gen_modmul_intt[5].u_mm_intt/t_carry_i_3__1/O
                         net (fo=1, routed)           0.000    28.830    gen_modmul_intt[5].u_mm_intt/t_carry_i_3__1_n_0
    SLICE_X44Y34         CARRY4 (Prop_carry4_S[3]_CO[3])
                                                      0.180    29.010 r  gen_modmul_intt[5].u_mm_intt/t_carry/CO[3]
                         net (fo=1, routed)           0.000    29.010    gen_modmul_intt[5].u_mm_intt/t_carry_n_0
    SLICE_X44Y35         CARRY4 (Prop_carry4_CI_O[0])
                                                      0.108    29.118 r  gen_modmul_intt[5].u_mm_intt/t_carry__0/O[0]
                         net (fo=4, routed)           0.529    29.647    gen_modmul_intt[5].u_mm_intt/product_1[0]
    SLICE_X46Y32         LUT4 (Prop_lut4_I2_O)        0.123    29.770 r  gen_modmul_intt[5].u_mm_intt/gen_banks[7].mem_reg_0_31_0_5_i_398/O
                         net (fo=1, routed)           0.447    30.217    gen_modmul_intt[5].u_mm_intt/gen_banks[7].mem_reg_0_31_0_5_i_398_n_0
    SLICE_X44Y33         LUT6 (Prop_lut6_I2_O)        0.043    30.260 r  gen_modmul_intt[5].u_mm_intt/gen_banks[7].mem_reg_0_31_0_5_i_213/O
                         net (fo=17, routed)          0.483    30.743    u_ctrl/gen_banks[7].mem_reg_0_31_12_17_i_54_0
    SLICE_X44Y31         LUT6 (Prop_lut6_I4_O)        0.043    30.786 r  u_ctrl/gen_banks[7].mem_reg_0_31_6_11_i_80/O
                         net (fo=2, routed)           0.462    31.248    u_ctrl/gen_banks[7].mem_reg_0_31_6_11_i_80_n_0
    SLICE_X41Y31         LUT6 (Prop_lut6_I5_O)        0.043    31.291 r  u_ctrl/gen_banks[7].mem_reg_0_31_18_23_i_55/O
                         net (fo=4, routed)           0.518    31.809    u_ctrl/bfly_data_pre[193]
    SLICE_X33Y32         LUT6 (Prop_lut6_I0_O)        0.043    31.852 r  u_ctrl/gen_banks[5].mem_reg_0_31_18_23_i_11/O
                         net (fo=2, routed)           0.444    32.296    u_ctrl/gen_banks[5].mem_reg_0_31_18_23_i_11_n_0
    SLICE_X23Y33         LUT6 (Prop_lut6_I5_O)        0.043    32.339 r  u_ctrl/gen_banks[4].mem_reg_0_31_18_23_i_5/O
                         net (fo=1, routed)           0.363    32.702    u_membanks/gen_banks[4].mem_reg_0_31_18_23/DIC1
    SLICE_X22Y33         RAMD32                                       r  u_membanks/gen_banks[4].mem_reg_0_31_18_23/RAMC_D1/I
  -------------------------------------------------------------------    -------------------

                         (clock clk rise edge)        3.000     3.000 r  
    V20                                               0.000     3.000 r  clk (IN)
                         net (fo=0)                   0.000     3.000    clk
    V20                  IBUF (Prop_ibuf_I_O)         0.676     3.676 r  clk_IBUF_inst/O
                         net (fo=1, routed)           1.834     5.510    clk_IBUF
    BUFGCTRL_X0Y0        BUFG (Prop_bufg_I_O)         0.083     5.593 r  clk_IBUF_BUFG_inst/O
                         net (fo=457, routed)         1.483     7.076    u_membanks/gen_banks[4].mem_reg_0_31_18_23/WCLK
    SLICE_X22Y33         RAMD32                                       r  u_membanks/gen_banks[4].mem_reg_0_31_18_23/RAMC_D1/CLK
                         clock pessimism              0.291     7.367    
                         clock uncertainty           -0.035     7.331    
    SLICE_X22Y33         RAMD32 (Setup_ramd32_CLK_I)
                                                     -0.147     7.184    u_membanks/gen_banks[4].mem_reg_0_31_18_23/RAMC_D1
  -------------------------------------------------------------------
                         required time                          7.184    
                         arrival time                         -32.702    
  -------------------------------------------------------------------
                         slack                                -25.518    

Slack (VIOLATED) :        -25.517ns  (required time - arrival time)
  Source:                 u_ctrl/delta_idx_reg[2]_replica/C
                            (rising edge-triggered cell FDCE clocked by clk  {rise@0.000ns fall@1.500ns period=3.000ns})
  Destination:            u_membanks/gen_banks[3].mem_reg_0_31_24_29/RAMA_D1/I
                            (rising edge-triggered cell RAMD32 clocked by clk  {rise@0.000ns fall@1.500ns period=3.000ns})
  Path Group:             clk
  Path Type:              Setup (Max at Slow Process Corner)
  Requirement:            3.000ns  (clk rise@3.000ns - clk rise@0.000ns)
  Data Path Delay:        28.338ns  (logic 9.467ns (33.408%)  route 18.871ns (66.592%))
  Logic Levels:           70  (CARRY4=32 DSP48E1=1 LUT2=5 LUT3=4 LUT4=5 LUT5=4 LUT6=18 RAMD32=1)
  Clock Path Skew:        -0.004ns (DCD - SCD + CPR)
    Destination Clock Delay (DCD):    4.080ns = ( 7.080 - 3.000 ) 
    Source Clock Delay      (SCD):    4.375ns
    Clock Pessimism Removal (CPR):    0.291ns
  Clock Uncertainty:      0.035ns  ((TSJ^2 + TIJ^2)^1/2 + DJ) / 2 + PE
    Total System Jitter     (TSJ):    0.071ns
    Total Input Jitter      (TIJ):    0.000ns
    Discrete Jitter          (DJ):    0.000ns
    Phase Error              (PE):    0.000ns

    Location             Delay type                Incr(ns)  Path(ns)    Netlist Resource(s)
  -------------------------------------------------------------------    -------------------
                         (clock clk rise edge)        0.000     0.000 r  
    V20                                               0.000     0.000 r  clk (IN)
                         net (fo=0)                   0.000     0.000    clk
    V20                  IBUF (Prop_ibuf_I_O)         0.751     0.751 r  clk_IBUF_inst/O
                         net (fo=1, routed)           1.950     2.701    clk_IBUF
    BUFGCTRL_X0Y0        BUFG (Prop_bufg_I_O)         0.093     2.794 r  clk_IBUF_BUFG_inst/O
                         net (fo=457, routed)         1.581     4.375    u_ctrl/clk_IBUF_BUFG
    SLICE_X29Y45         FDCE                                         r  u_ctrl/delta_idx_reg[2]_replica/C
  -------------------------------------------------------------------    -------------------
    SLICE_X29Y45         FDCE (Prop_fdce_C_Q)         0.223     4.598 r  u_ctrl/delta_idx_reg[2]_replica/Q
                         net (fo=3, routed)           0.238     4.836    u_ctrl/B_1[5]_repN
    SLICE_X29Y45         LUT2 (Prop_lut2_I0_O)        0.043     4.879 r  u_ctrl/product_i_155/O
                         net (fo=1, routed)           0.000     4.879    u_ctrl/product_i_155_n_0
    SLICE_X29Y45         CARRY4 (Prop_carry4_S[2]_O[2])
                                                      0.117     4.996 r  u_ctrl/product_i_146/O[2]
                         net (fo=1, routed)           0.353     5.348    u_membanks/product_i_148[0]
    SLICE_X28Y47         CARRY4 (Prop_carry4_S[0]_O[0])
                                                      0.246     5.594 r  u_membanks/product_i_145/O[0]
                         net (fo=2, routed)           0.339     5.933    u_ctrl/O[0]
    SLICE_X27Y45         LUT2 (Prop_lut2_I0_O)        0.124     6.057 r  u_ctrl/product_i_148/O
                         net (fo=1, routed)           0.000     6.057    u_ctrl/product_i_148_n_0
    SLICE_X27Y45         CARRY4 (Prop_carry4_S[2]_O[2])
                                                      0.117     6.174 r  u_ctrl/product_i_142/O[2]
                         net (fo=17, routed)          0.523     6.697    u_ctrl/g_cnt_reg[6]_0[2]
    SLICE_X29Y43         CARRY4 (Prop_carry4_S[1]_O[2])
                                                      0.404     7.101 r  u_ctrl/gen_banks[7].mem_reg_0_31_0_5_i_173/O[2]
                         net (fo=2, routed)           0.465     7.566    u_ctrl/orig_addrs02_out[6]
    SLICE_X26Y46         LUT6 (Prop_lut6_I5_O)        0.122     7.688 r  u_ctrl/gen_banks[4].mem_reg_0_31_0_5_i_31/O
                         net (fo=2, routed)           0.455     8.143    u_ctrl/gen_banks[4].mem_reg_0_31_0_5_i_31_n_0
    SLICE_X25Y40         LUT3 (Prop_lut3_I0_O)        0.043     8.186 r  u_ctrl/gen_banks[4].mem_reg_0_31_0_5_i_26/O
                         net (fo=4, routed)           0.371     8.557    u_ctrl/gen_banks[4].mem_reg_0_31_0_5_i_26_n_0
    SLICE_X26Y39         LUT6 (Prop_lut6_I0_O)        0.043     8.600 r  u_ctrl/gen_banks[4].mem_reg_0_31_0_5_i_9/O
                         net (fo=36, routed)          0.692     9.292    u_membanks/gen_banks[4].mem_reg_0_31_12_17/ADDRA3
    SLICE_X42Y39         RAMD32 (Prop_ramd32_RADR3_O)
                                                      0.043     9.335 f  u_membanks/gen_banks[4].mem_reg_0_31_12_17/RAMA_D1/O
                         net (fo=3, routed)           0.636     9.971    u_membanks/bank_dout[149]
    SLICE_X32Y48         LUT3 (Prop_lut3_I2_O)        0.043    10.014 f  u_membanks/product_i_82__0/O
                         net (fo=4, routed)           0.444    10.458    u_ctrl/product_13
    SLICE_X32Y45         LUT6 (Prop_lut6_I0_O)        0.043    10.501 f  u_ctrl/product_i_21__4/O
                         net (fo=6, routed)           0.663    11.164    u_membanks/gen_bfly_pack[5].cur_l[2]
    SLICE_X36Y37         LUT4 (Prop_lut4_I3_O)        0.043    11.207 f  u_membanks/raw_sum_carry_i_12__43/O
                         net (fo=1, routed)           0.371    11.578    u_membanks/raw_sum_carry_i_12__43_n_0
    SLICE_X46Y37         LUT6 (Prop_lut6_I4_O)        0.043    11.621 f  u_membanks/raw_sum_carry_i_9__51_rewire/O
                         net (fo=54, routed)          0.326    11.946    gen_intt_n2d1[5].u_intt_n2d1/raw_sum_carry__2_0
    SLICE_X46Y37         LUT4 (Prop_lut4_I3_O)        0.043    11.989 r  gen_intt_n2d1[5].u_intt_n2d1/raw_sum_carry_i_23__18/O
                         net (fo=1, routed)           0.556    12.545    gen_intt_n2d1[5].u_intt_n2d1/raw_sum_carry_i_23__18_n_0
    SLICE_X42Y38         LUT6 (Prop_lut6_I0_O)        0.043    12.588 r  gen_intt_n2d1[5].u_intt_n2d1/raw_sum_carry_i_11__43/O
                         net (fo=98, routed)          0.587    13.175    gen_intt_n2d1[5].u_intt_n2d1/raw_sum_carry_i_26__9_0
    SLICE_X43Y40         LUT3 (Prop_lut3_I1_O)        0.043    13.218 r  gen_intt_n2d1[5].u_intt_n2d1/raw_sum_carry__0_i_5__20/O
                         net (fo=1, routed)           0.000    13.218    gen_r2intt_r8.u_r2intt8/gen_full_s0[2].u_bf/u_sub/add_inst/raw_sum_carry__0_i_9__16_1[3]
    SLICE_X43Y40         CARRY4 (Prop_carry4_S[3]_CO[3])
                                                      0.193    13.411 r  gen_r2intt_r8.u_r2intt8/gen_full_s0[2].u_bf/u_sub/add_inst/raw_sum_carry__0/CO[3]
                         net (fo=1, routed)           0.000    13.411    gen_r2intt_r8.u_r2intt8/gen_full_s0[2].u_bf/u_sub/add_inst/raw_sum_carry__0_n_0
    SLICE_X43Y41         CARRY4 (Prop_carry4_CI_CO[3])
                                                      0.053    13.464 r  gen_r2intt_r8.u_r2intt8/gen_full_s0[2].u_bf/u_sub/add_inst/raw_sum_carry__1/CO[3]
                         net (fo=1, routed)           0.000    13.464    gen_r2intt_r8.u_r2intt8/gen_full_s0[2].u_bf/u_sub/add_inst/raw_sum_carry__1_n_0
    SLICE_X43Y42         CARRY4 (Prop_carry4_CI_CO[3])
                                                      0.053    13.517 r  gen_r2intt_r8.u_r2intt8/gen_full_s0[2].u_bf/u_sub/add_inst/raw_sum_carry__2/CO[3]
                         net (fo=1, routed)           0.000    13.517    gen_r2intt_r8.u_r2intt8/gen_full_s0[2].u_bf/u_sub/add_inst/raw_sum_carry__2_n_0
    SLICE_X43Y43         CARRY4 (Prop_carry4_CI_O[0])
                                                      0.111    13.628 r  gen_r2intt_r8.u_r2intt8/gen_full_s0[2].u_bf/u_sub/add_inst/raw_sum_carry__3/O[0]
                         net (fo=1, routed)           0.281    13.908    gen_r2intt_r8.u_r2intt8/gen_full_s0[2].u_bf/u_sub/add_inst/raw_sum_carry__3_n_7
    SLICE_X42Y40         LUT2 (Prop_lut2_I1_O)        0.124    14.032 r  gen_r2intt_r8.u_r2intt8/gen_full_s0[2].u_bf/u_sub/add_inst/raw_sum_carry_i_16__31/O
                         net (fo=1, routed)           0.000    14.032    gen_r2intt_r8.u_r2intt8/gen_full_s0[2].u_bf/u_sub/add_inst/raw_sum_carry_i_16__31_n_0
    SLICE_X42Y40         CARRY4 (Prop_carry4_S[0]_CO[3])
                                                      0.246    14.278 r  gen_r2intt_r8.u_r2intt8/gen_full_s0[2].u_bf/u_sub/add_inst/raw_sum_carry_i_9__22/CO[3]
                         net (fo=1, routed)           0.000    14.278    gen_r2intt_r8.u_r2intt8/gen_full_s0[2].u_bf/u_sub/add_inst/raw_sum_carry_i_9__22_n_0
    SLICE_X42Y41         CARRY4 (Prop_carry4_CI_CO[3])
                                                      0.054    14.332 r  gen_r2intt_r8.u_r2intt8/gen_full_s0[2].u_bf/u_sub/add_inst/raw_sum_carry__0_i_9__16/CO[3]
                         net (fo=1, routed)           0.000    14.332    gen_r2intt_r8.u_r2intt8/gen_full_s0[2].u_bf/u_sub/add_inst/raw_sum_carry__0_i_9__16_n_0
    SLICE_X42Y42         CARRY4 (Prop_carry4_CI_CO[3])
                                                      0.054    14.386 r  gen_r2intt_r8.u_r2intt8/gen_full_s0[2].u_bf/u_sub/add_inst/raw_sum_carry__1_i_9__13/CO[3]
                         net (fo=1, routed)           0.000    14.386    gen_r2intt_r8.u_r2intt8/gen_full_s0[2].u_bf/u_sub/add_inst/raw_sum_carry__1_i_9__13_n_0
    SLICE_X42Y43         CARRY4 (Prop_carry4_CI_O[3])
                                                      0.151    14.537 r  gen_r2intt_r8.u_r2intt8/gen_full_s0[2].u_bf/u_sub/add_inst/raw_sum_carry_i_11__16/O[3]
                         net (fo=1, routed)           0.420    14.958    gen_intt_n2d1[5].u_intt_n2d1/reduced[15]
    SLICE_X47Y44         LUT5 (Prop_lut5_I0_O)        0.120    15.078 r  gen_intt_n2d1[5].u_intt_n2d1/raw_sum_carry_i_2__22/O
                         net (fo=9, routed)           0.511    15.589    gen_intt_n2d1[5].u_intt_n2d1/s0_full[5]_1[2]
    SLICE_X48Y45         LUT4 (Prop_lut4_I3_O)        0.043    15.632 f  gen_intt_n2d1[5].u_intt_n2d1/raw_sum_carry_i_21__10/O
                         net (fo=1, routed)           0.236    15.867    gen_intt_n2d1[5].u_intt_n2d1/raw_sum_carry_i_21__10_n_0
    SLICE_X48Y44         LUT5 (Prop_lut5_I4_O)        0.043    15.910 f  gen_intt_n2d1[5].u_intt_n2d1/raw_sum_carry_i_10__20/O
                         net (fo=37, routed)          0.401    16.311    gen_intt_n2d1[5].u_intt_n2d1/s0_full[5]_1[16]
    SLICE_X45Y45         LUT6 (Prop_lut6_I5_O)        0.043    16.354 r  gen_intt_n2d1[5].u_intt_n2d1/raw_sum_carry__0_i_4__22/O
                         net (fo=6, routed)           0.611    16.966    gen_r2intt_r8.u_r2intt8/gen_full_s1_b[1].gen_full_s1_g[1].u_bf/u_add/s0_full[5]_22[4]
    SLICE_X35Y45         CARRY4 (Prop_carry4_DI[0]_CO[3])
                                                      0.269    17.235 r  gen_r2intt_r8.u_r2intt8/gen_full_s1_b[1].gen_full_s1_g[1].u_bf/u_add/raw_sum_carry__0/CO[3]
                         net (fo=1, routed)           0.000    17.235    gen_r2intt_r8.u_r2intt8/gen_full_s1_b[1].gen_full_s1_g[1].u_bf/u_add/raw_sum_carry__0_n_0
    SLICE_X35Y46         CARRY4 (Prop_carry4_CI_CO[3])
                                                      0.053    17.288 r  gen_r2intt_r8.u_r2intt8/gen_full_s1_b[1].gen_full_s1_g[1].u_bf/u_add/raw_sum_carry__1/CO[3]
                         net (fo=1, routed)           0.000    17.288    gen_r2intt_r8.u_r2intt8/gen_full_s1_b[1].gen_full_s1_g[1].u_bf/u_add/raw_sum_carry__1_n_0
    SLICE_X35Y47         CARRY4 (Prop_carry4_CI_CO[3])
                                                      0.053    17.341 r  gen_r2intt_r8.u_r2intt8/gen_full_s1_b[1].gen_full_s1_g[1].u_bf/u_add/raw_sum_carry__2/CO[3]
                         net (fo=1, routed)           0.000    17.341    gen_r2intt_r8.u_r2intt8/gen_full_s1_b[1].gen_full_s1_g[1].u_bf/u_add/raw_sum_carry__2_n_0
    SLICE_X35Y48         CARRY4 (Prop_carry4_CI_O[0])
                                                      0.111    17.452 r  gen_r2intt_r8.u_r2intt8/gen_full_s1_b[1].gen_full_s1_g[1].u_bf/u_add/raw_sum_carry__3/O[0]
                         net (fo=1, routed)           0.381    17.833    gen_r2intt_r8.u_r2intt8/gen_full_s1_b[1].gen_full_s1_g[1].u_bf/u_add/raw_sum_carry__3_n_7
    SLICE_X36Y44         LUT2 (Prop_lut2_I1_O)        0.124    17.957 r  gen_r2intt_r8.u_r2intt8/gen_full_s1_b[1].gen_full_s1_g[1].u_bf/u_add/raw_sum_carry_i_34__5/O
                         net (fo=1, routed)           0.000    17.957    gen_r2intt_r8.u_r2intt8/gen_full_s1_b[1].gen_full_s1_g[1].u_bf/u_add/raw_sum_carry_i_34__5_n_0
    SLICE_X36Y44         CARRY4 (Prop_carry4_S[0]_CO[3])
                                                      0.259    18.216 r  gen_r2intt_r8.u_r2intt8/gen_full_s1_b[1].gen_full_s1_g[1].u_bf/u_add/raw_sum_carry_i_28__7/CO[3]
                         net (fo=1, routed)           0.000    18.216    gen_r2intt_r8.u_r2intt8/gen_full_s1_b[1].gen_full_s1_g[1].u_bf/u_add/raw_sum_carry_i_28__7_n_0
    SLICE_X36Y45         CARRY4 (Prop_carry4_CI_CO[3])
                                                      0.053    18.269 r  gen_r2intt_r8.u_r2intt8/gen_full_s1_b[1].gen_full_s1_g[1].u_bf/u_add/raw_sum_carry_i_25__13/CO[3]
                         net (fo=1, routed)           0.000    18.269    gen_r2intt_r8.u_r2intt8/gen_full_s1_b[1].gen_full_s1_g[1].u_bf/u_add/raw_sum_carry_i_25__13_n_0
    SLICE_X36Y46         CARRY4 (Prop_carry4_CI_CO[3])
                                                      0.053    18.322 r  gen_r2intt_r8.u_r2intt8/gen_full_s1_b[1].gen_full_s1_g[1].u_bf/u_add/raw_sum_carry__0_i_14__17/CO[3]
                         net (fo=1, routed)           0.000    18.322    gen_r2intt_r8.u_r2intt8/gen_full_s1_b[1].gen_full_s1_g[1].u_bf/u_add/raw_sum_carry__0_i_14__17_n_0
    SLICE_X36Y47         CARRY4 (Prop_carry4_CI_CO[3])
                                                      0.053    18.375 r  gen_r2intt_r8.u_r2intt8/gen_full_s1_b[1].gen_full_s1_g[1].u_bf/u_add/raw_sum_carry__1_i_14__15/CO[3]
                         net (fo=1, routed)           0.000    18.375    gen_r2intt_r8.u_r2intt8/gen_full_s1_b[1].gen_full_s1_g[1].u_bf/u_add/raw_sum_carry__1_i_14__15_n_0
    SLICE_X36Y48         CARRY4 (Prop_carry4_CI_CO[0])
                                                      0.139    18.514 f  gen_r2intt_r8.u_r2intt8/gen_full_s1_b[1].gen_full_s1_g[1].u_bf/u_add/raw_sum_carry__2_i_33__1/CO[0]
                         net (fo=1, routed)           0.572    19.086    gen_intt_n2d1[5].u_intt_n2d1/reduced_16[16]
    SLICE_X44Y48         LUT6 (Prop_lut6_I5_O)        0.131    19.217 f  gen_intt_n2d1[5].u_intt_n2d1/raw_sum_carry__2_i_30__1_rewire/O
                         net (fo=1, routed)           0.451    19.668    gen_intt_n2d1[5].u_intt_n2d1/raw_sum_carry__2_i_30__1_n_0
    SLICE_X44Y45         LUT5 (Prop_lut5_I4_O)        0.043    19.711 f  gen_intt_n2d1[5].u_intt_n2d1/raw_sum_carry__2_i_23__0/O
                         net (fo=5, routed)           0.469    20.179    gen_intt_n2d1[5].u_intt_n2d1/raw_sum_carry__2_i_23__0_n_0
    SLICE_X52Y46         LUT5 (Prop_lut5_I0_O)        0.043    20.222 f  gen_intt_n2d1[5].u_intt_n2d1/raw_sum_carry__3_i_2__11/O
                         net (fo=4, routed)           0.453    20.676    gen_intt_n2d1[5].u_intt_n2d1/gen_r2intt_r8.u_r2intt8/s1_full[5][16]
    SLICE_X52Y46         LUT6 (Prop_lut6_I0_O)        0.043    20.719 r  gen_intt_n2d1[5].u_intt_n2d1/raw_sum_carry_i_5__29/O
                         net (fo=37, routed)          0.305    21.024    gen_intt_n2d1[5].u_intt_n2d1/raw_sum_carry_i_8__36_0
    SLICE_X53Y45         LUT3 (Prop_lut3_I0_O)        0.043    21.067 r  gen_intt_n2d1[5].u_intt_n2d1/raw_sum_carry_i_3__60/O
                         net (fo=1, routed)           0.000    21.067    gen_r2intt_r8.u_r2intt8/gen_full_s2[1].u_bf/u_sub/add_inst/out0_carry_i_19__2_0[1]
    SLICE_X53Y45         CARRY4 (Prop_carry4_S[1]_CO[3])
                                                      0.267    21.334 r  gen_r2intt_r8.u_r2intt8/gen_full_s2[1].u_bf/u_sub/add_inst/raw_sum_carry/CO[3]
                         net (fo=1, routed)           0.000    21.334    gen_r2intt_r8.u_r2intt8/gen_full_s2[1].u_bf/u_sub/add_inst/raw_sum_carry_n_0
    SLICE_X53Y46         CARRY4 (Prop_carry4_CI_CO[3])
                                                      0.053    21.387 r  gen_r2intt_r8.u_r2intt8/gen_full_s2[1].u_bf/u_sub/add_inst/raw_sum_carry__0/CO[3]
                         net (fo=1, routed)           0.000    21.387    gen_r2intt_r8.u_r2intt8/gen_full_s2[1].u_bf/u_sub/add_inst/raw_sum_carry__0_n_0
    SLICE_X53Y47         CARRY4 (Prop_carry4_CI_CO[3])
                                                      0.053    21.440 r  gen_r2intt_r8.u_r2intt8/gen_full_s2[1].u_bf/u_sub/add_inst/raw_sum_carry__1/CO[3]
                         net (fo=1, routed)           0.000    21.440    gen_r2intt_r8.u_r2intt8/gen_full_s2[1].u_bf/u_sub/add_inst/raw_sum_carry__1_n_0
    SLICE_X53Y48         CARRY4 (Prop_carry4_CI_CO[3])
                                                      0.053    21.493 r  gen_r2intt_r8.u_r2intt8/gen_full_s2[1].u_bf/u_sub/add_inst/raw_sum_carry__2/CO[3]
                         net (fo=1, routed)           0.000    21.493    gen_r2intt_r8.u_r2intt8/gen_full_s2[1].u_bf/u_sub/add_inst/raw_sum_carry__2_n_0
    SLICE_X53Y49         CARRY4 (Prop_carry4_CI_O[0])
                                                      0.111    21.604 r  gen_r2intt_r8.u_r2intt8/gen_full_s2[1].u_bf/u_sub/add_inst/raw_sum_carry__3/O[0]
                         net (fo=1, routed)           0.312    21.916    gen_r2intt_r8.u_r2intt8/gen_full_s2[1].u_bf/u_sub/add_inst/raw_sum_carry__3_n_7
    SLICE_X54Y45         LUT2 (Prop_lut2_I1_O)        0.124    22.040 r  gen_r2intt_r8.u_r2intt8/gen_full_s2[1].u_bf/u_sub/add_inst/out0_carry_i_27__6/O
                         net (fo=1, routed)           0.000    22.040    gen_r2intt_r8.u_r2intt8/gen_full_s2[1].u_bf/u_sub/add_inst/out0_carry_i_27__6_n_0
    SLICE_X54Y45         CARRY4 (Prop_carry4_S[0]_CO[3])
                                                      0.246    22.286 r  gen_r2intt_r8.u_r2intt8/gen_full_s2[1].u_bf/u_sub/add_inst/out0_carry_i_19__2/CO[3]
                         net (fo=1, routed)           0.000    22.286    gen_r2intt_r8.u_r2intt8/gen_full_s2[1].u_bf/u_sub/add_inst/out0_carry_i_19__2_n_0
    SLICE_X54Y46         CARRY4 (Prop_carry4_CI_CO[3])
                                                      0.054    22.340 r  gen_r2intt_r8.u_r2intt8/gen_full_s2[1].u_bf/u_sub/add_inst/out0_carry_i_21__8/CO[3]
                         net (fo=1, routed)           0.000    22.340    gen_r2intt_r8.u_r2intt8/gen_full_s2[1].u_bf/u_sub/add_inst/out0_carry_i_21__8_n_0
    SLICE_X54Y47         CARRY4 (Prop_carry4_CI_CO[3])
                                                      0.054    22.394 r  gen_r2intt_r8.u_r2intt8/gen_full_s2[1].u_bf/u_sub/add_inst/out0_carry__0_i_14__10/CO[3]
                         net (fo=1, routed)           0.000    22.394    gen_r2intt_r8.u_r2intt8/gen_full_s2[1].u_bf/u_sub/add_inst/out0_carry__0_i_14__10_n_0
    SLICE_X54Y48         CARRY4 (Prop_carry4_CI_O[1])
                                                      0.165    22.559 r  gen_r2intt_r8.u_r2intt8/gen_full_s2[1].u_bf/u_sub/add_inst/out0_carry__1_i_14__10/O[1]
                         net (fo=2, routed)           0.377    22.936    gen_intt_n2d1[5].u_intt_n2d1/out0_carry__2_i_3__1[1]
    SLICE_X58Y46         LUT6 (Prop_lut6_I5_O)        0.125    23.061 r  gen_intt_n2d1[5].u_intt_n2d1/product_i_41__6/O
                         net (fo=1, routed)           0.326    23.387    gen_intt_n2d1[5].u_intt_n2d1/product_i_41__6_n_0
    SLICE_X58Y45         LUT6 (Prop_lut6_I0_O)        0.043    23.430 r  gen_intt_n2d1[5].u_intt_n2d1/product_i_35__6/O
                         net (fo=1, routed)           0.322    23.752    gen_intt_n2d1[5].u_intt_n2d1/product_i_35__6_n_0
    SLICE_X56Y44         LUT6 (Prop_lut6_I4_O)        0.043    23.795 r  gen_intt_n2d1[5].u_intt_n2d1/product_i_26__9/O
                         net (fo=1, routed)           0.197    23.992    gen_intt_n2d1[5].u_intt_n2d1/product_i_26__9_n_0
    SLICE_X56Y42         LUT6 (Prop_lut6_I1_O)        0.043    24.035 r  gen_intt_n2d1[5].u_intt_n2d1/product_i_19__9/O
                         net (fo=17, routed)          0.483    24.518    gen_intt_n2d1[5].u_intt_n2d1/product_i_19__9_n_0
    SLICE_X54Y42         LUT6 (Prop_lut6_I2_O)        0.043    24.561 r  gen_intt_n2d1[5].u_intt_n2d1/product_i_1__9/O
                         net (fo=1, routed)           0.595    25.156    gen_modmul_intt[5].u_mm_intt/product_7[16]
    DSP48_X2Y16          DSP48E1 (Prop_dsp48e1_A[16]_P[18])
                                                      2.737    27.893 r  gen_modmul_intt[5].u_mm_intt/product/P[18]
                         net (fo=3, routed)           0.894    28.787    gen_modmul_intt[5].u_mm_intt/product_n_87
    SLICE_X44Y34         LUT4 (Prop_lut4_I0_O)        0.043    28.830 r  gen_modmul_intt[5].u_mm_intt/t_carry_i_3__1/O
                         net (fo=1, routed)           0.000    28.830    gen_modmul_intt[5].u_mm_intt/t_carry_i_3__1_n_0
    SLICE_X44Y34         CARRY4 (Prop_carry4_S[3]_CO[3])
                                                      0.180    29.010 r  gen_modmul_intt[5].u_mm_intt/t_carry/CO[3]
                         net (fo=1, routed)           0.000    29.010    gen_modmul_intt[5].u_mm_intt/t_carry_n_0
    SLICE_X44Y35         CARRY4 (Prop_carry4_CI_O[0])
                                                      0.108    29.118 r  gen_modmul_intt[5].u_mm_intt/t_carry__0/O[0]
                         net (fo=4, routed)           0.529    29.647    gen_modmul_intt[5].u_mm_intt/product_1[0]
    SLICE_X46Y32         LUT4 (Prop_lut4_I2_O)        0.123    29.770 r  gen_modmul_intt[5].u_mm_intt/gen_banks[7].mem_reg_0_31_0_5_i_398/O
                         net (fo=1, routed)           0.447    30.217    gen_modmul_intt[5].u_mm_intt/gen_banks[7].mem_reg_0_31_0_5_i_398_n_0
    SLICE_X44Y33         LUT6 (Prop_lut6_I2_O)        0.043    30.260 r  gen_modmul_intt[5].u_mm_intt/gen_banks[7].mem_reg_0_31_0_5_i_213/O
                         net (fo=17, routed)          0.303    30.564    u_ctrl/gen_banks[7].mem_reg_0_31_12_17_i_54_0
    SLICE_X46Y33         LUT6 (Prop_lut6_I4_O)        0.043    30.607 r  u_ctrl/gen_banks[7].mem_reg_0_31_6_11_i_96/O
                         net (fo=2, routed)           0.663    31.269    u_ctrl/gen_banks[7].mem_reg_0_31_6_11_i_96_n_0
    SLICE_X33Y33         LUT6 (Prop_lut6_I5_O)        0.043    31.312 r  u_ctrl/gen_banks[7].mem_reg_0_31_24_29_i_22/O
                         net (fo=4, routed)           0.338    31.650    u_ctrl/bfly_data_pre[195]
    SLICE_X29Y33         LUT6 (Prop_lut6_I3_O)        0.043    31.693 r  u_ctrl/gen_banks[3].mem_reg_0_31_24_29_i_7/O
                         net (fo=2, routed)           0.586    32.279    u_ctrl/gen_banks[3].mem_reg_0_31_24_29_i_7_n_0
    SLICE_X20Y36         LUT6 (Prop_lut6_I3_O)        0.043    32.322 r  u_ctrl/gen_banks[3].mem_reg_0_31_24_29_i_1/O
                         net (fo=1, routed)           0.390    32.713    u_membanks/gen_banks[3].mem_reg_0_31_24_29/DIA1
    SLICE_X20Y37         RAMD32                                       r  u_membanks/gen_banks[3].mem_reg_0_31_24_29/RAMA_D1/I
  -------------------------------------------------------------------    -------------------

                         (clock clk rise edge)        3.000     3.000 r  
    V20                                               0.000     3.000 r  clk (IN)
                         net (fo=0)                   0.000     3.000    clk
    V20                  IBUF (Prop_ibuf_I_O)         0.676     3.676 r  clk_IBUF_inst/O
                         net (fo=1, routed)           1.834     5.510    clk_IBUF
    BUFGCTRL_X0Y0        BUFG (Prop_bufg_I_O)         0.083     5.593 r  clk_IBUF_BUFG_inst/O
                         net (fo=457, routed)         1.487     7.080    u_membanks/gen_banks[3].mem_reg_0_31_24_29/WCLK
    SLICE_X20Y37         RAMD32                                       r  u_membanks/gen_banks[3].mem_reg_0_31_24_29/RAMA_D1/CLK
                         clock pessimism              0.291     7.371    
                         clock uncertainty           -0.035     7.335    
    SLICE_X20Y37         RAMD32 (Setup_ramd32_CLK_I)
                                                     -0.140     7.195    u_membanks/gen_banks[3].mem_reg_0_31_24_29/RAMA_D1
  -------------------------------------------------------------------
                         required time                          7.195    
                         arrival time                         -32.713    
  -------------------------------------------------------------------
                         slack                                -25.517    

Slack (VIOLATED) :        -25.511ns  (required time - arrival time)
  Source:                 u_ctrl/delta_idx_reg[2]_replica/C
                            (rising edge-triggered cell FDCE clocked by clk  {rise@0.000ns fall@1.500ns period=3.000ns})
  Destination:            u_membanks/gen_banks[4].mem_reg_0_31_12_17/RAMC/I
                            (rising edge-triggered cell RAMD32 clocked by clk  {rise@0.000ns fall@1.500ns period=3.000ns})
  Path Group:             clk
  Path Type:              Setup (Max at Slow Process Corner)
  Requirement:            3.000ns  (clk rise@3.000ns - clk rise@0.000ns)
  Data Path Delay:        28.313ns  (logic 9.933ns (35.083%)  route 18.380ns (64.917%))
  Logic Levels:           71  (CARRY4=35 DSP48E1=1 LUT2=5 LUT3=4 LUT4=4 LUT5=4 LUT6=17 RAMD32=1)
  Clock Path Skew:        -0.051ns (DCD - SCD + CPR)
    Destination Clock Delay (DCD):    4.033ns = ( 7.033 - 3.000 ) 
    Source Clock Delay      (SCD):    4.375ns
    Clock Pessimism Removal (CPR):    0.291ns
  Clock Uncertainty:      0.035ns  ((TSJ^2 + TIJ^2)^1/2 + DJ) / 2 + PE
    Total System Jitter     (TSJ):    0.071ns
    Total Input Jitter      (TIJ):    0.000ns
    Discrete Jitter          (DJ):    0.000ns
    Phase Error              (PE):    0.000ns

    Location             Delay type                Incr(ns)  Path(ns)    Netlist Resource(s)
  -------------------------------------------------------------------    -------------------
                         (clock clk rise edge)        0.000     0.000 r  
    V20                                               0.000     0.000 r  clk (IN)
                         net (fo=0)                   0.000     0.000    clk
    V20                  IBUF (Prop_ibuf_I_O)         0.751     0.751 r  clk_IBUF_inst/O
                         net (fo=1, routed)           1.950     2.701    clk_IBUF
    BUFGCTRL_X0Y0        BUFG (Prop_bufg_I_O)         0.093     2.794 r  clk_IBUF_BUFG_inst/O
                         net (fo=457, routed)         1.581     4.375    u_ctrl/clk_IBUF_BUFG
    SLICE_X29Y45         FDCE                                         r  u_ctrl/delta_idx_reg[2]_replica/C
  -------------------------------------------------------------------    -------------------
    SLICE_X29Y45         FDCE (Prop_fdce_C_Q)         0.223     4.598 r  u_ctrl/delta_idx_reg[2]_replica/Q
                         net (fo=3, routed)           0.238     4.836    u_ctrl/B_1[5]_repN
    SLICE_X29Y45         LUT2 (Prop_lut2_I0_O)        0.043     4.879 r  u_ctrl/product_i_155/O
                         net (fo=1, routed)           0.000     4.879    u_ctrl/product_i_155_n_0
    SLICE_X29Y45         CARRY4 (Prop_carry4_S[2]_O[2])
                                                      0.117     4.996 r  u_ctrl/product_i_146/O[2]
                         net (fo=1, routed)           0.353     5.348    u_membanks/product_i_148[0]
    SLICE_X28Y47         CARRY4 (Prop_carry4_S[0]_O[0])
                                                      0.246     5.594 r  u_membanks/product_i_145/O[0]
                         net (fo=2, routed)           0.339     5.933    u_ctrl/O[0]
    SLICE_X27Y45         LUT2 (Prop_lut2_I0_O)        0.124     6.057 r  u_ctrl/product_i_148/O
                         net (fo=1, routed)           0.000     6.057    u_ctrl/product_i_148_n_0
    SLICE_X27Y45         CARRY4 (Prop_carry4_S[2]_O[2])
                                                      0.117     6.174 r  u_ctrl/product_i_142/O[2]
                         net (fo=17, routed)          0.523     6.697    u_ctrl/g_cnt_reg[6]_0[2]
    SLICE_X29Y43         CARRY4 (Prop_carry4_S[1]_O[2])
                                                      0.404     7.101 r  u_ctrl/gen_banks[7].mem_reg_0_31_0_5_i_173/O[2]
                         net (fo=2, routed)           0.465     7.566    u_ctrl/orig_addrs02_out[6]
    SLICE_X26Y46         LUT6 (Prop_lut6_I5_O)        0.122     7.688 r  u_ctrl/gen_banks[4].mem_reg_0_31_0_5_i_31/O
                         net (fo=2, routed)           0.455     8.143    u_ctrl/gen_banks[4].mem_reg_0_31_0_5_i_31_n_0
    SLICE_X25Y40         LUT3 (Prop_lut3_I0_O)        0.043     8.186 r  u_ctrl/gen_banks[4].mem_reg_0_31_0_5_i_26/O
                         net (fo=4, routed)           0.371     8.557    u_ctrl/gen_banks[4].mem_reg_0_31_0_5_i_26_n_0
    SLICE_X26Y39         LUT6 (Prop_lut6_I0_O)        0.043     8.600 r  u_ctrl/gen_banks[4].mem_reg_0_31_0_5_i_9/O
                         net (fo=36, routed)          0.692     9.292    u_membanks/gen_banks[4].mem_reg_0_31_12_17/ADDRA3
    SLICE_X42Y39         RAMD32 (Prop_ramd32_RADR3_O)
                                                      0.043     9.335 f  u_membanks/gen_banks[4].mem_reg_0_31_12_17/RAMA_D1/O
                         net (fo=3, routed)           0.636     9.971    u_membanks/bank_dout[149]
    SLICE_X32Y48         LUT3 (Prop_lut3_I2_O)        0.043    10.014 f  u_membanks/product_i_82__0/O
                         net (fo=4, routed)           0.444    10.458    u_ctrl/product_13
    SLICE_X32Y45         LUT6 (Prop_lut6_I0_O)        0.043    10.501 f  u_ctrl/product_i_21__4/O
                         net (fo=6, routed)           0.663    11.164    u_membanks/gen_bfly_pack[5].cur_l[2]
    SLICE_X36Y37         LUT4 (Prop_lut4_I3_O)        0.043    11.207 f  u_membanks/raw_sum_carry_i_12__43/O
                         net (fo=1, routed)           0.371    11.578    u_membanks/raw_sum_carry_i_12__43_n_0
    SLICE_X46Y37         LUT6 (Prop_lut6_I4_O)        0.043    11.621 f  u_membanks/raw_sum_carry_i_9__51_rewire/O
                         net (fo=54, routed)          0.326    11.946    gen_intt_n2d1[5].u_intt_n2d1/raw_sum_carry__2_0
    SLICE_X46Y37         LUT4 (Prop_lut4_I3_O)        0.043    11.989 r  gen_intt_n2d1[5].u_intt_n2d1/raw_sum_carry_i_23__18/O
                         net (fo=1, routed)           0.556    12.545    gen_intt_n2d1[5].u_intt_n2d1/raw_sum_carry_i_23__18_n_0
    SLICE_X42Y38         LUT6 (Prop_lut6_I0_O)        0.043    12.588 r  gen_intt_n2d1[5].u_intt_n2d1/raw_sum_carry_i_11__43/O
                         net (fo=98, routed)          0.587    13.175    gen_intt_n2d1[5].u_intt_n2d1/raw_sum_carry_i_26__9_0
    SLICE_X43Y40         LUT3 (Prop_lut3_I1_O)        0.043    13.218 r  gen_intt_n2d1[5].u_intt_n2d1/raw_sum_carry__0_i_5__20/O
                         net (fo=1, routed)           0.000    13.218    gen_r2intt_r8.u_r2intt8/gen_full_s0[2].u_bf/u_sub/add_inst/raw_sum_carry__0_i_9__16_1[3]
    SLICE_X43Y40         CARRY4 (Prop_carry4_S[3]_CO[3])
                                                      0.193    13.411 r  gen_r2intt_r8.u_r2intt8/gen_full_s0[2].u_bf/u_sub/add_inst/raw_sum_carry__0/CO[3]
                         net (fo=1, routed)           0.000    13.411    gen_r2intt_r8.u_r2intt8/gen_full_s0[2].u_bf/u_sub/add_inst/raw_sum_carry__0_n_0
    SLICE_X43Y41         CARRY4 (Prop_carry4_CI_CO[3])
                                                      0.053    13.464 r  gen_r2intt_r8.u_r2intt8/gen_full_s0[2].u_bf/u_sub/add_inst/raw_sum_carry__1/CO[3]
                         net (fo=1, routed)           0.000    13.464    gen_r2intt_r8.u_r2intt8/gen_full_s0[2].u_bf/u_sub/add_inst/raw_sum_carry__1_n_0
    SLICE_X43Y42         CARRY4 (Prop_carry4_CI_CO[3])
                                                      0.053    13.517 r  gen_r2intt_r8.u_r2intt8/gen_full_s0[2].u_bf/u_sub/add_inst/raw_sum_carry__2/CO[3]
                         net (fo=1, routed)           0.000    13.517    gen_r2intt_r8.u_r2intt8/gen_full_s0[2].u_bf/u_sub/add_inst/raw_sum_carry__2_n_0
    SLICE_X43Y43         CARRY4 (Prop_carry4_CI_O[0])
                                                      0.111    13.628 r  gen_r2intt_r8.u_r2intt8/gen_full_s0[2].u_bf/u_sub/add_inst/raw_sum_carry__3/O[0]
                         net (fo=1, routed)           0.281    13.908    gen_r2intt_r8.u_r2intt8/gen_full_s0[2].u_bf/u_sub/add_inst/raw_sum_carry__3_n_7
    SLICE_X42Y40         LUT2 (Prop_lut2_I1_O)        0.124    14.032 r  gen_r2intt_r8.u_r2intt8/gen_full_s0[2].u_bf/u_sub/add_inst/raw_sum_carry_i_16__31/O
                         net (fo=1, routed)           0.000    14.032    gen_r2intt_r8.u_r2intt8/gen_full_s0[2].u_bf/u_sub/add_inst/raw_sum_carry_i_16__31_n_0
    SLICE_X42Y40         CARRY4 (Prop_carry4_S[0]_CO[3])
                                                      0.246    14.278 r  gen_r2intt_r8.u_r2intt8/gen_full_s0[2].u_bf/u_sub/add_inst/raw_sum_carry_i_9__22/CO[3]
                         net (fo=1, routed)           0.000    14.278    gen_r2intt_r8.u_r2intt8/gen_full_s0[2].u_bf/u_sub/add_inst/raw_sum_carry_i_9__22_n_0
    SLICE_X42Y41         CARRY4 (Prop_carry4_CI_CO[3])
                                                      0.054    14.332 r  gen_r2intt_r8.u_r2intt8/gen_full_s0[2].u_bf/u_sub/add_inst/raw_sum_carry__0_i_9__16/CO[3]
                         net (fo=1, routed)           0.000    14.332    gen_r2intt_r8.u_r2intt8/gen_full_s0[2].u_bf/u_sub/add_inst/raw_sum_carry__0_i_9__16_n_0
    SLICE_X42Y42         CARRY4 (Prop_carry4_CI_CO[3])
                                                      0.054    14.386 r  gen_r2intt_r8.u_r2intt8/gen_full_s0[2].u_bf/u_sub/add_inst/raw_sum_carry__1_i_9__13/CO[3]
                         net (fo=1, routed)           0.000    14.386    gen_r2intt_r8.u_r2intt8/gen_full_s0[2].u_bf/u_sub/add_inst/raw_sum_carry__1_i_9__13_n_0
    SLICE_X42Y43         CARRY4 (Prop_carry4_CI_O[3])
                                                      0.151    14.537 r  gen_r2intt_r8.u_r2intt8/gen_full_s0[2].u_bf/u_sub/add_inst/raw_sum_carry_i_11__16/O[3]
                         net (fo=1, routed)           0.420    14.958    gen_intt_n2d1[5].u_intt_n2d1/reduced[15]
    SLICE_X47Y44         LUT5 (Prop_lut5_I0_O)        0.120    15.078 r  gen_intt_n2d1[5].u_intt_n2d1/raw_sum_carry_i_2__22/O
                         net (fo=9, routed)           0.511    15.589    gen_intt_n2d1[5].u_intt_n2d1/s0_full[5]_1[2]
    SLICE_X48Y45         LUT4 (Prop_lut4_I3_O)        0.043    15.632 f  gen_intt_n2d1[5].u_intt_n2d1/raw_sum_carry_i_21__10/O
                         net (fo=1, routed)           0.236    15.867    gen_intt_n2d1[5].u_intt_n2d1/raw_sum_carry_i_21__10_n_0
    SLICE_X48Y44         LUT5 (Prop_lut5_I4_O)        0.043    15.910 f  gen_intt_n2d1[5].u_intt_n2d1/raw_sum_carry_i_10__20/O
                         net (fo=37, routed)          0.401    16.311    gen_intt_n2d1[5].u_intt_n2d1/s0_full[5]_1[16]
    SLICE_X45Y45         LUT6 (Prop_lut6_I5_O)        0.043    16.354 r  gen_intt_n2d1[5].u_intt_n2d1/raw_sum_carry__0_i_4__22/O
                         net (fo=6, routed)           0.611    16.966    gen_r2intt_r8.u_r2intt8/gen_full_s1_b[1].gen_full_s1_g[1].u_bf/u_add/s0_full[5]_22[4]
    SLICE_X35Y45         CARRY4 (Prop_carry4_DI[0]_CO[3])
                                                      0.269    17.235 r  gen_r2intt_r8.u_r2intt8/gen_full_s1_b[1].gen_full_s1_g[1].u_bf/u_add/raw_sum_carry__0/CO[3]
                         net (fo=1, routed)           0.000    17.235    gen_r2intt_r8.u_r2intt8/gen_full_s1_b[1].gen_full_s1_g[1].u_bf/u_add/raw_sum_carry__0_n_0
    SLICE_X35Y46         CARRY4 (Prop_carry4_CI_CO[3])
                                                      0.053    17.288 r  gen_r2intt_r8.u_r2intt8/gen_full_s1_b[1].gen_full_s1_g[1].u_bf/u_add/raw_sum_carry__1/CO[3]
                         net (fo=1, routed)           0.000    17.288    gen_r2intt_r8.u_r2intt8/gen_full_s1_b[1].gen_full_s1_g[1].u_bf/u_add/raw_sum_carry__1_n_0
    SLICE_X35Y47         CARRY4 (Prop_carry4_CI_CO[3])
                                                      0.053    17.341 r  gen_r2intt_r8.u_r2intt8/gen_full_s1_b[1].gen_full_s1_g[1].u_bf/u_add/raw_sum_carry__2/CO[3]
                         net (fo=1, routed)           0.000    17.341    gen_r2intt_r8.u_r2intt8/gen_full_s1_b[1].gen_full_s1_g[1].u_bf/u_add/raw_sum_carry__2_n_0
    SLICE_X35Y48         CARRY4 (Prop_carry4_CI_O[0])
                                                      0.111    17.452 r  gen_r2intt_r8.u_r2intt8/gen_full_s1_b[1].gen_full_s1_g[1].u_bf/u_add/raw_sum_carry__3/O[0]
                         net (fo=1, routed)           0.381    17.833    gen_r2intt_r8.u_r2intt8/gen_full_s1_b[1].gen_full_s1_g[1].u_bf/u_add/raw_sum_carry__3_n_7
    SLICE_X36Y44         LUT2 (Prop_lut2_I1_O)        0.124    17.957 r  gen_r2intt_r8.u_r2intt8/gen_full_s1_b[1].gen_full_s1_g[1].u_bf/u_add/raw_sum_carry_i_34__5/O
                         net (fo=1, routed)           0.000    17.957    gen_r2intt_r8.u_r2intt8/gen_full_s1_b[1].gen_full_s1_g[1].u_bf/u_add/raw_sum_carry_i_34__5_n_0
    SLICE_X36Y44         CARRY4 (Prop_carry4_S[0]_CO[3])
                                                      0.259    18.216 r  gen_r2intt_r8.u_r2intt8/gen_full_s1_b[1].gen_full_s1_g[1].u_bf/u_add/raw_sum_carry_i_28__7/CO[3]
                         net (fo=1, routed)           0.000    18.216    gen_r2intt_r8.u_r2intt8/gen_full_s1_b[1].gen_full_s1_g[1].u_bf/u_add/raw_sum_carry_i_28__7_n_0
    SLICE_X36Y45         CARRY4 (Prop_carry4_CI_CO[3])
                                                      0.053    18.269 r  gen_r2intt_r8.u_r2intt8/gen_full_s1_b[1].gen_full_s1_g[1].u_bf/u_add/raw_sum_carry_i_25__13/CO[3]
                         net (fo=1, routed)           0.000    18.269    gen_r2intt_r8.u_r2intt8/gen_full_s1_b[1].gen_full_s1_g[1].u_bf/u_add/raw_sum_carry_i_25__13_n_0
    SLICE_X36Y46         CARRY4 (Prop_carry4_CI_CO[3])
                                                      0.053    18.322 r  gen_r2intt_r8.u_r2intt8/gen_full_s1_b[1].gen_full_s1_g[1].u_bf/u_add/raw_sum_carry__0_i_14__17/CO[3]
                         net (fo=1, routed)           0.000    18.322    gen_r2intt_r8.u_r2intt8/gen_full_s1_b[1].gen_full_s1_g[1].u_bf/u_add/raw_sum_carry__0_i_14__17_n_0
    SLICE_X36Y47         CARRY4 (Prop_carry4_CI_CO[3])
                                                      0.053    18.375 r  gen_r2intt_r8.u_r2intt8/gen_full_s1_b[1].gen_full_s1_g[1].u_bf/u_add/raw_sum_carry__1_i_14__15/CO[3]
                         net (fo=1, routed)           0.000    18.375    gen_r2intt_r8.u_r2intt8/gen_full_s1_b[1].gen_full_s1_g[1].u_bf/u_add/raw_sum_carry__1_i_14__15_n_0
    SLICE_X36Y48         CARRY4 (Prop_carry4_CI_CO[0])
                                                      0.139    18.514 f  gen_r2intt_r8.u_r2intt8/gen_full_s1_b[1].gen_full_s1_g[1].u_bf/u_add/raw_sum_carry__2_i_33__1/CO[0]
                         net (fo=1, routed)           0.572    19.086    gen_intt_n2d1[5].u_intt_n2d1/reduced_16[16]
    SLICE_X44Y48         LUT6 (Prop_lut6_I5_O)        0.131    19.217 f  gen_intt_n2d1[5].u_intt_n2d1/raw_sum_carry__2_i_30__1_rewire/O
                         net (fo=1, routed)           0.451    19.668    gen_intt_n2d1[5].u_intt_n2d1/raw_sum_carry__2_i_30__1_n_0
    SLICE_X44Y45         LUT5 (Prop_lut5_I4_O)        0.043    19.711 f  gen_intt_n2d1[5].u_intt_n2d1/raw_sum_carry__2_i_23__0/O
                         net (fo=5, routed)           0.469    20.179    gen_intt_n2d1[5].u_intt_n2d1/raw_sum_carry__2_i_23__0_n_0
    SLICE_X52Y46         LUT5 (Prop_lut5_I0_O)        0.043    20.222 f  gen_intt_n2d1[5].u_intt_n2d1/raw_sum_carry__3_i_2__11/O
                         net (fo=4, routed)           0.453    20.676    gen_intt_n2d1[5].u_intt_n2d1/gen_r2intt_r8.u_r2intt8/s1_full[5][16]
    SLICE_X52Y46         LUT6 (Prop_lut6_I0_O)        0.043    20.719 r  gen_intt_n2d1[5].u_intt_n2d1/raw_sum_carry_i_5__29/O
                         net (fo=37, routed)          0.305    21.024    gen_intt_n2d1[5].u_intt_n2d1/raw_sum_carry_i_8__36_0
    SLICE_X53Y45         LUT3 (Prop_lut3_I0_O)        0.043    21.067 r  gen_intt_n2d1[5].u_intt_n2d1/raw_sum_carry_i_3__60/O
                         net (fo=1, routed)           0.000    21.067    gen_r2intt_r8.u_r2intt8/gen_full_s2[1].u_bf/u_sub/add_inst/out0_carry_i_19__2_0[1]
    SLICE_X53Y45         CARRY4 (Prop_carry4_S[1]_CO[3])
                                                      0.267    21.334 r  gen_r2intt_r8.u_r2intt8/gen_full_s2[1].u_bf/u_sub/add_inst/raw_sum_carry/CO[3]
                         net (fo=1, routed)           0.000    21.334    gen_r2intt_r8.u_r2intt8/gen_full_s2[1].u_bf/u_sub/add_inst/raw_sum_carry_n_0
    SLICE_X53Y46         CARRY4 (Prop_carry4_CI_CO[3])
                                                      0.053    21.387 r  gen_r2intt_r8.u_r2intt8/gen_full_s2[1].u_bf/u_sub/add_inst/raw_sum_carry__0/CO[3]
                         net (fo=1, routed)           0.000    21.387    gen_r2intt_r8.u_r2intt8/gen_full_s2[1].u_bf/u_sub/add_inst/raw_sum_carry__0_n_0
    SLICE_X53Y47         CARRY4 (Prop_carry4_CI_CO[3])
                                                      0.053    21.440 r  gen_r2intt_r8.u_r2intt8/gen_full_s2[1].u_bf/u_sub/add_inst/raw_sum_carry__1/CO[3]
                         net (fo=1, routed)           0.000    21.440    gen_r2intt_r8.u_r2intt8/gen_full_s2[1].u_bf/u_sub/add_inst/raw_sum_carry__1_n_0
    SLICE_X53Y48         CARRY4 (Prop_carry4_CI_CO[3])
                                                      0.053    21.493 r  gen_r2intt_r8.u_r2intt8/gen_full_s2[1].u_bf/u_sub/add_inst/raw_sum_carry__2/CO[3]
                         net (fo=1, routed)           0.000    21.493    gen_r2intt_r8.u_r2intt8/gen_full_s2[1].u_bf/u_sub/add_inst/raw_sum_carry__2_n_0
    SLICE_X53Y49         CARRY4 (Prop_carry4_CI_O[0])
                                                      0.111    21.604 r  gen_r2intt_r8.u_r2intt8/gen_full_s2[1].u_bf/u_sub/add_inst/raw_sum_carry__3/O[0]
                         net (fo=1, routed)           0.312    21.916    gen_r2intt_r8.u_r2intt8/gen_full_s2[1].u_bf/u_sub/add_inst/raw_sum_carry__3_n_7
    SLICE_X54Y45         LUT2 (Prop_lut2_I1_O)        0.124    22.040 r  gen_r2intt_r8.u_r2intt8/gen_full_s2[1].u_bf/u_sub/add_inst/out0_carry_i_27__6/O
                         net (fo=1, routed)           0.000    22.040    gen_r2intt_r8.u_r2intt8/gen_full_s2[1].u_bf/u_sub/add_inst/out0_carry_i_27__6_n_0
    SLICE_X54Y45         CARRY4 (Prop_carry4_S[0]_CO[3])
                                                      0.246    22.286 r  gen_r2intt_r8.u_r2intt8/gen_full_s2[1].u_bf/u_sub/add_inst/out0_carry_i_19__2/CO[3]
                         net (fo=1, routed)           0.000    22.286    gen_r2intt_r8.u_r2intt8/gen_full_s2[1].u_bf/u_sub/add_inst/out0_carry_i_19__2_n_0
    SLICE_X54Y46         CARRY4 (Prop_carry4_CI_CO[3])
                                                      0.054    22.340 r  gen_r2intt_r8.u_r2intt8/gen_full_s2[1].u_bf/u_sub/add_inst/out0_carry_i_21__8/CO[3]
                         net (fo=1, routed)           0.000    22.340    gen_r2intt_r8.u_r2intt8/gen_full_s2[1].u_bf/u_sub/add_inst/out0_carry_i_21__8_n_0
    SLICE_X54Y47         CARRY4 (Prop_carry4_CI_CO[3])
                                                      0.054    22.394 r  gen_r2intt_r8.u_r2intt8/gen_full_s2[1].u_bf/u_sub/add_inst/out0_carry__0_i_14__10/CO[3]
                         net (fo=1, routed)           0.000    22.394    gen_r2intt_r8.u_r2intt8/gen_full_s2[1].u_bf/u_sub/add_inst/out0_carry__0_i_14__10_n_0
    SLICE_X54Y48         CARRY4 (Prop_carry4_CI_O[1])
                                                      0.165    22.559 r  gen_r2intt_r8.u_r2intt8/gen_full_s2[1].u_bf/u_sub/add_inst/out0_carry__1_i_14__10/O[1]
                         net (fo=2, routed)           0.377    22.936    gen_intt_n2d1[5].u_intt_n2d1/out0_carry__2_i_3__1[1]
    SLICE_X58Y46         LUT6 (Prop_lut6_I5_O)        0.125    23.061 r  gen_intt_n2d1[5].u_intt_n2d1/product_i_41__6/O
                         net (fo=1, routed)           0.326    23.387    gen_intt_n2d1[5].u_intt_n2d1/product_i_41__6_n_0
    SLICE_X58Y45         LUT6 (Prop_lut6_I0_O)        0.043    23.430 r  gen_intt_n2d1[5].u_intt_n2d1/product_i_35__6/O
                         net (fo=1, routed)           0.322    23.752    gen_intt_n2d1[5].u_intt_n2d1/product_i_35__6_n_0
    SLICE_X56Y44         LUT6 (Prop_lut6_I4_O)        0.043    23.795 r  gen_intt_n2d1[5].u_intt_n2d1/product_i_26__9/O
                         net (fo=1, routed)           0.197    23.992    gen_intt_n2d1[5].u_intt_n2d1/product_i_26__9_n_0
    SLICE_X56Y42         LUT6 (Prop_lut6_I1_O)        0.043    24.035 r  gen_intt_n2d1[5].u_intt_n2d1/product_i_19__9/O
                         net (fo=17, routed)          0.483    24.518    gen_intt_n2d1[5].u_intt_n2d1/product_i_19__9_n_0
    SLICE_X54Y42         LUT6 (Prop_lut6_I2_O)        0.043    24.561 r  gen_intt_n2d1[5].u_intt_n2d1/product_i_1__9/O
                         net (fo=1, routed)           0.595    25.156    gen_modmul_intt[5].u_mm_intt/product_7[16]
    DSP48_X2Y16          DSP48E1 (Prop_dsp48e1_A[16]_P[18])
                                                      2.737    27.893 r  gen_modmul_intt[5].u_mm_intt/product/P[18]
                         net (fo=3, routed)           0.894    28.787    gen_modmul_intt[5].u_mm_intt/product_n_87
    SLICE_X44Y34         LUT4 (Prop_lut4_I0_O)        0.043    28.830 r  gen_modmul_intt[5].u_mm_intt/t_carry_i_3__1/O
                         net (fo=1, routed)           0.000    28.830    gen_modmul_intt[5].u_mm_intt/t_carry_i_3__1_n_0
    SLICE_X44Y34         CARRY4 (Prop_carry4_S[3]_CO[3])
                                                      0.180    29.010 r  gen_modmul_intt[5].u_mm_intt/t_carry/CO[3]
                         net (fo=1, routed)           0.000    29.010    gen_modmul_intt[5].u_mm_intt/t_carry_n_0
    SLICE_X44Y35         CARRY4 (Prop_carry4_CI_CO[3])
                                                      0.054    29.064 r  gen_modmul_intt[5].u_mm_intt/t_carry__0/CO[3]
                         net (fo=1, routed)           0.000    29.064    gen_modmul_intt[5].u_mm_intt/t_carry__0_n_0
    SLICE_X44Y36         CARRY4 (Prop_carry4_CI_CO[3])
                                                      0.054    29.118 r  gen_modmul_intt[5].u_mm_intt/t_carry__1/CO[3]
                         net (fo=1, routed)           0.000    29.118    gen_modmul_intt[5].u_mm_intt/t_carry__1_n_0
    SLICE_X44Y37         CARRY4 (Prop_carry4_CI_O[1])
                                                      0.165    29.283 r  gen_modmul_intt[5].u_mm_intt/t_carry__2/O[1]
                         net (fo=4, routed)           0.482    29.765    gen_modmul_intt[5].u_mm_intt/O[1]
    SLICE_X45Y35         CARRY4 (Prop_carry4_DI[0]_O[3])
                                                      0.390    30.155 r  gen_modmul_intt[5].u_mm_intt/reduced0_carry__2/O[3]
                         net (fo=1, routed)           0.589    30.744    u_ctrl/gen_banks[7].mem_reg_0_31_30_33_i_32_0[3]
    SLICE_X41Y32         LUT6 (Prop_lut6_I2_O)        0.120    30.864 r  u_ctrl/gen_banks[7].mem_reg_0_31_12_17_i_102/O
                         net (fo=2, routed)           0.385    31.250    u_ctrl/gen_banks[7].mem_reg_0_31_12_17_i_102_n_0
    SLICE_X37Y31         LUT6 (Prop_lut6_I5_O)        0.043    31.293 r  u_ctrl/gen_banks[7].mem_reg_0_31_12_17_i_62/O
                         net (fo=4, routed)           0.456    31.749    u_ctrl/bfly_data_pre[186]
    SLICE_X33Y35         LUT6 (Prop_lut6_I0_O)        0.043    31.792 r  u_ctrl/gen_banks[5].mem_reg_0_31_12_17_i_12/O
                         net (fo=2, routed)           0.457    32.249    u_ctrl/gen_banks[5].mem_reg_0_31_12_17_i_12_n_0
    SLICE_X34Y39         LUT6 (Prop_lut6_I5_O)        0.043    32.292 r  u_ctrl/gen_banks[4].mem_reg_0_31_12_17_i_6/O
                         net (fo=1, routed)           0.396    32.687    u_membanks/gen_banks[4].mem_reg_0_31_12_17/DIC0
    SLICE_X42Y39         RAMD32                                       r  u_membanks/gen_banks[4].mem_reg_0_31_12_17/RAMC/I
  -------------------------------------------------------------------    -------------------

                         (clock clk rise edge)        3.000     3.000 r  
    V20                                               0.000     3.000 r  clk (IN)
                         net (fo=0)                   0.000     3.000    clk
    V20                  IBUF (Prop_ibuf_I_O)         0.676     3.676 r  clk_IBUF_inst/O
                         net (fo=1, routed)           1.834     5.510    clk_IBUF
    BUFGCTRL_X0Y0        BUFG (Prop_bufg_I_O)         0.083     5.593 r  clk_IBUF_BUFG_inst/O
                         net (fo=457, routed)         1.440     7.033    u_membanks/gen_banks[4].mem_reg_0_31_12_17/WCLK
    SLICE_X42Y39         RAMD32                                       r  u_membanks/gen_banks[4].mem_reg_0_31_12_17/RAMC/CLK
                         clock pessimism              0.291     7.324    
                         clock uncertainty           -0.035     7.288    
    SLICE_X42Y39         RAMD32 (Setup_ramd32_CLK_I)
                                                     -0.112     7.176    u_membanks/gen_banks[4].mem_reg_0_31_12_17/RAMC
  -------------------------------------------------------------------
                         required time                          7.176    
                         arrival time                         -32.687    
  -------------------------------------------------------------------
                         slack                                -25.511    

Slack (VIOLATED) :        -25.502ns  (required time - arrival time)
  Source:                 u_ctrl/delta_idx_reg[2]_replica/C
                            (rising edge-triggered cell FDCE clocked by clk  {rise@0.000ns fall@1.500ns period=3.000ns})
  Destination:            u_membanks/gen_banks[5].mem_reg_0_31_24_29/RAMA/I
                            (rising edge-triggered cell RAMD32 clocked by clk  {rise@0.000ns fall@1.500ns period=3.000ns})
  Path Group:             clk
  Path Type:              Setup (Max at Slow Process Corner)
  Requirement:            3.000ns  (clk rise@3.000ns - clk rise@0.000ns)
  Data Path Delay:        28.368ns  (logic 9.467ns (33.372%)  route 18.901ns (66.628%))
  Logic Levels:           70  (CARRY4=32 DSP48E1=1 LUT2=5 LUT3=4 LUT4=5 LUT5=4 LUT6=18 RAMD32=1)
  Clock Path Skew:        -0.003ns (DCD - SCD + CPR)
    Destination Clock Delay (DCD):    4.081ns = ( 7.081 - 3.000 ) 
    Source Clock Delay      (SCD):    4.375ns
    Clock Pessimism Removal (CPR):    0.291ns
  Clock Uncertainty:      0.035ns  ((TSJ^2 + TIJ^2)^1/2 + DJ) / 2 + PE
    Total System Jitter     (TSJ):    0.071ns
    Total Input Jitter      (TIJ):    0.000ns
    Discrete Jitter          (DJ):    0.000ns
    Phase Error              (PE):    0.000ns

    Location             Delay type                Incr(ns)  Path(ns)    Netlist Resource(s)
  -------------------------------------------------------------------    -------------------
                         (clock clk rise edge)        0.000     0.000 r  
    V20                                               0.000     0.000 r  clk (IN)
                         net (fo=0)                   0.000     0.000    clk
    V20                  IBUF (Prop_ibuf_I_O)         0.751     0.751 r  clk_IBUF_inst/O
                         net (fo=1, routed)           1.950     2.701    clk_IBUF
    BUFGCTRL_X0Y0        BUFG (Prop_bufg_I_O)         0.093     2.794 r  clk_IBUF_BUFG_inst/O
                         net (fo=457, routed)         1.581     4.375    u_ctrl/clk_IBUF_BUFG
    SLICE_X29Y45         FDCE                                         r  u_ctrl/delta_idx_reg[2]_replica/C
  -------------------------------------------------------------------    -------------------
    SLICE_X29Y45         FDCE (Prop_fdce_C_Q)         0.223     4.598 r  u_ctrl/delta_idx_reg[2]_replica/Q
                         net (fo=3, routed)           0.238     4.836    u_ctrl/B_1[5]_repN
    SLICE_X29Y45         LUT2 (Prop_lut2_I0_O)        0.043     4.879 r  u_ctrl/product_i_155/O
                         net (fo=1, routed)           0.000     4.879    u_ctrl/product_i_155_n_0
    SLICE_X29Y45         CARRY4 (Prop_carry4_S[2]_O[2])
                                                      0.117     4.996 r  u_ctrl/product_i_146/O[2]
                         net (fo=1, routed)           0.353     5.348    u_membanks/product_i_148[0]
    SLICE_X28Y47         CARRY4 (Prop_carry4_S[0]_O[0])
                                                      0.246     5.594 r  u_membanks/product_i_145/O[0]
                         net (fo=2, routed)           0.339     5.933    u_ctrl/O[0]
    SLICE_X27Y45         LUT2 (Prop_lut2_I0_O)        0.124     6.057 r  u_ctrl/product_i_148/O
                         net (fo=1, routed)           0.000     6.057    u_ctrl/product_i_148_n_0
    SLICE_X27Y45         CARRY4 (Prop_carry4_S[2]_O[2])
                                                      0.117     6.174 r  u_ctrl/product_i_142/O[2]
                         net (fo=17, routed)          0.523     6.697    u_ctrl/g_cnt_reg[6]_0[2]
    SLICE_X29Y43         CARRY4 (Prop_carry4_S[1]_O[2])
                                                      0.404     7.101 r  u_ctrl/gen_banks[7].mem_reg_0_31_0_5_i_173/O[2]
                         net (fo=2, routed)           0.465     7.566    u_ctrl/orig_addrs02_out[6]
    SLICE_X26Y46         LUT6 (Prop_lut6_I5_O)        0.122     7.688 r  u_ctrl/gen_banks[4].mem_reg_0_31_0_5_i_31/O
                         net (fo=2, routed)           0.455     8.143    u_ctrl/gen_banks[4].mem_reg_0_31_0_5_i_31_n_0
    SLICE_X25Y40         LUT3 (Prop_lut3_I0_O)        0.043     8.186 r  u_ctrl/gen_banks[4].mem_reg_0_31_0_5_i_26/O
                         net (fo=4, routed)           0.371     8.557    u_ctrl/gen_banks[4].mem_reg_0_31_0_5_i_26_n_0
    SLICE_X26Y39         LUT6 (Prop_lut6_I0_O)        0.043     8.600 r  u_ctrl/gen_banks[4].mem_reg_0_31_0_5_i_9/O
                         net (fo=36, routed)          0.692     9.292    u_membanks/gen_banks[4].mem_reg_0_31_12_17/ADDRA3
    SLICE_X42Y39         RAMD32 (Prop_ramd32_RADR3_O)
                                                      0.043     9.335 f  u_membanks/gen_banks[4].mem_reg_0_31_12_17/RAMA_D1/O
                         net (fo=3, routed)           0.636     9.971    u_membanks/bank_dout[149]
    SLICE_X32Y48         LUT3 (Prop_lut3_I2_O)        0.043    10.014 f  u_membanks/product_i_82__0/O
                         net (fo=4, routed)           0.444    10.458    u_ctrl/product_13
    SLICE_X32Y45         LUT6 (Prop_lut6_I0_O)        0.043    10.501 f  u_ctrl/product_i_21__4/O
                         net (fo=6, routed)           0.663    11.164    u_membanks/gen_bfly_pack[5].cur_l[2]
    SLICE_X36Y37         LUT4 (Prop_lut4_I3_O)        0.043    11.207 f  u_membanks/raw_sum_carry_i_12__43/O
                         net (fo=1, routed)           0.371    11.578    u_membanks/raw_sum_carry_i_12__43_n_0
    SLICE_X46Y37         LUT6 (Prop_lut6_I4_O)        0.043    11.621 f  u_membanks/raw_sum_carry_i_9__51_rewire/O
                         net (fo=54, routed)          0.326    11.946    gen_intt_n2d1[5].u_intt_n2d1/raw_sum_carry__2_0
    SLICE_X46Y37         LUT4 (Prop_lut4_I3_O)        0.043    11.989 r  gen_intt_n2d1[5].u_intt_n2d1/raw_sum_carry_i_23__18/O
                         net (fo=1, routed)           0.556    12.545    gen_intt_n2d1[5].u_intt_n2d1/raw_sum_carry_i_23__18_n_0
    SLICE_X42Y38         LUT6 (Prop_lut6_I0_O)        0.043    12.588 r  gen_intt_n2d1[5].u_intt_n2d1/raw_sum_carry_i_11__43/O
                         net (fo=98, routed)          0.587    13.175    gen_intt_n2d1[5].u_intt_n2d1/raw_sum_carry_i_26__9_0
    SLICE_X43Y40         LUT3 (Prop_lut3_I1_O)        0.043    13.218 r  gen_intt_n2d1[5].u_intt_n2d1/raw_sum_carry__0_i_5__20/O
                         net (fo=1, routed)           0.000    13.218    gen_r2intt_r8.u_r2intt8/gen_full_s0[2].u_bf/u_sub/add_inst/raw_sum_carry__0_i_9__16_1[3]
    SLICE_X43Y40         CARRY4 (Prop_carry4_S[3]_CO[3])
                                                      0.193    13.411 r  gen_r2intt_r8.u_r2intt8/gen_full_s0[2].u_bf/u_sub/add_inst/raw_sum_carry__0/CO[3]
                         net (fo=1, routed)           0.000    13.411    gen_r2intt_r8.u_r2intt8/gen_full_s0[2].u_bf/u_sub/add_inst/raw_sum_carry__0_n_0
    SLICE_X43Y41         CARRY4 (Prop_carry4_CI_CO[3])
                                                      0.053    13.464 r  gen_r2intt_r8.u_r2intt8/gen_full_s0[2].u_bf/u_sub/add_inst/raw_sum_carry__1/CO[3]
                         net (fo=1, routed)           0.000    13.464    gen_r2intt_r8.u_r2intt8/gen_full_s0[2].u_bf/u_sub/add_inst/raw_sum_carry__1_n_0
    SLICE_X43Y42         CARRY4 (Prop_carry4_CI_CO[3])
                                                      0.053    13.517 r  gen_r2intt_r8.u_r2intt8/gen_full_s0[2].u_bf/u_sub/add_inst/raw_sum_carry__2/CO[3]
                         net (fo=1, routed)           0.000    13.517    gen_r2intt_r8.u_r2intt8/gen_full_s0[2].u_bf/u_sub/add_inst/raw_sum_carry__2_n_0
    SLICE_X43Y43         CARRY4 (Prop_carry4_CI_O[0])
                                                      0.111    13.628 r  gen_r2intt_r8.u_r2intt8/gen_full_s0[2].u_bf/u_sub/add_inst/raw_sum_carry__3/O[0]
                         net (fo=1, routed)           0.281    13.908    gen_r2intt_r8.u_r2intt8/gen_full_s0[2].u_bf/u_sub/add_inst/raw_sum_carry__3_n_7
    SLICE_X42Y40         LUT2 (Prop_lut2_I1_O)        0.124    14.032 r  gen_r2intt_r8.u_r2intt8/gen_full_s0[2].u_bf/u_sub/add_inst/raw_sum_carry_i_16__31/O
                         net (fo=1, routed)           0.000    14.032    gen_r2intt_r8.u_r2intt8/gen_full_s0[2].u_bf/u_sub/add_inst/raw_sum_carry_i_16__31_n_0
    SLICE_X42Y40         CARRY4 (Prop_carry4_S[0]_CO[3])
                                                      0.246    14.278 r  gen_r2intt_r8.u_r2intt8/gen_full_s0[2].u_bf/u_sub/add_inst/raw_sum_carry_i_9__22/CO[3]
                         net (fo=1, routed)           0.000    14.278    gen_r2intt_r8.u_r2intt8/gen_full_s0[2].u_bf/u_sub/add_inst/raw_sum_carry_i_9__22_n_0
    SLICE_X42Y41         CARRY4 (Prop_carry4_CI_CO[3])
                                                      0.054    14.332 r  gen_r2intt_r8.u_r2intt8/gen_full_s0[2].u_bf/u_sub/add_inst/raw_sum_carry__0_i_9__16/CO[3]
                         net (fo=1, routed)           0.000    14.332    gen_r2intt_r8.u_r2intt8/gen_full_s0[2].u_bf/u_sub/add_inst/raw_sum_carry__0_i_9__16_n_0
    SLICE_X42Y42         CARRY4 (Prop_carry4_CI_CO[3])
                                                      0.054    14.386 r  gen_r2intt_r8.u_r2intt8/gen_full_s0[2].u_bf/u_sub/add_inst/raw_sum_carry__1_i_9__13/CO[3]
                         net (fo=1, routed)           0.000    14.386    gen_r2intt_r8.u_r2intt8/gen_full_s0[2].u_bf/u_sub/add_inst/raw_sum_carry__1_i_9__13_n_0
    SLICE_X42Y43         CARRY4 (Prop_carry4_CI_O[3])
                                                      0.151    14.537 r  gen_r2intt_r8.u_r2intt8/gen_full_s0[2].u_bf/u_sub/add_inst/raw_sum_carry_i_11__16/O[3]
                         net (fo=1, routed)           0.420    14.958    gen_intt_n2d1[5].u_intt_n2d1/reduced[15]
    SLICE_X47Y44         LUT5 (Prop_lut5_I0_O)        0.120    15.078 r  gen_intt_n2d1[5].u_intt_n2d1/raw_sum_carry_i_2__22/O
                         net (fo=9, routed)           0.511    15.589    gen_intt_n2d1[5].u_intt_n2d1/s0_full[5]_1[2]
    SLICE_X48Y45         LUT4 (Prop_lut4_I3_O)        0.043    15.632 f  gen_intt_n2d1[5].u_intt_n2d1/raw_sum_carry_i_21__10/O
                         net (fo=1, routed)           0.236    15.867    gen_intt_n2d1[5].u_intt_n2d1/raw_sum_carry_i_21__10_n_0
    SLICE_X48Y44         LUT5 (Prop_lut5_I4_O)        0.043    15.910 f  gen_intt_n2d1[5].u_intt_n2d1/raw_sum_carry_i_10__20/O
                         net (fo=37, routed)          0.401    16.311    gen_intt_n2d1[5].u_intt_n2d1/s0_full[5]_1[16]
    SLICE_X45Y45         LUT6 (Prop_lut6_I5_O)        0.043    16.354 r  gen_intt_n2d1[5].u_intt_n2d1/raw_sum_carry__0_i_4__22/O
                         net (fo=6, routed)           0.611    16.966    gen_r2intt_r8.u_r2intt8/gen_full_s1_b[1].gen_full_s1_g[1].u_bf/u_add/s0_full[5]_22[4]
    SLICE_X35Y45         CARRY4 (Prop_carry4_DI[0]_CO[3])
                                                      0.269    17.235 r  gen_r2intt_r8.u_r2intt8/gen_full_s1_b[1].gen_full_s1_g[1].u_bf/u_add/raw_sum_carry__0/CO[3]
                         net (fo=1, routed)           0.000    17.235    gen_r2intt_r8.u_r2intt8/gen_full_s1_b[1].gen_full_s1_g[1].u_bf/u_add/raw_sum_carry__0_n_0
    SLICE_X35Y46         CARRY4 (Prop_carry4_CI_CO[3])
                                                      0.053    17.288 r  gen_r2intt_r8.u_r2intt8/gen_full_s1_b[1].gen_full_s1_g[1].u_bf/u_add/raw_sum_carry__1/CO[3]
                         net (fo=1, routed)           0.000    17.288    gen_r2intt_r8.u_r2intt8/gen_full_s1_b[1].gen_full_s1_g[1].u_bf/u_add/raw_sum_carry__1_n_0
    SLICE_X35Y47         CARRY4 (Prop_carry4_CI_CO[3])
                                                      0.053    17.341 r  gen_r2intt_r8.u_r2intt8/gen_full_s1_b[1].gen_full_s1_g[1].u_bf/u_add/raw_sum_carry__2/CO[3]
                         net (fo=1, routed)           0.000    17.341    gen_r2intt_r8.u_r2intt8/gen_full_s1_b[1].gen_full_s1_g[1].u_bf/u_add/raw_sum_carry__2_n_0
    SLICE_X35Y48         CARRY4 (Prop_carry4_CI_O[0])
                                                      0.111    17.452 r  gen_r2intt_r8.u_r2intt8/gen_full_s1_b[1].gen_full_s1_g[1].u_bf/u_add/raw_sum_carry__3/O[0]
                         net (fo=1, routed)           0.381    17.833    gen_r2intt_r8.u_r2intt8/gen_full_s1_b[1].gen_full_s1_g[1].u_bf/u_add/raw_sum_carry__3_n_7
    SLICE_X36Y44         LUT2 (Prop_lut2_I1_O)        0.124    17.957 r  gen_r2intt_r8.u_r2intt8/gen_full_s1_b[1].gen_full_s1_g[1].u_bf/u_add/raw_sum_carry_i_34__5/O
                         net (fo=1, routed)           0.000    17.957    gen_r2intt_r8.u_r2intt8/gen_full_s1_b[1].gen_full_s1_g[1].u_bf/u_add/raw_sum_carry_i_34__5_n_0
    SLICE_X36Y44         CARRY4 (Prop_carry4_S[0]_CO[3])
                                                      0.259    18.216 r  gen_r2intt_r8.u_r2intt8/gen_full_s1_b[1].gen_full_s1_g[1].u_bf/u_add/raw_sum_carry_i_28__7/CO[3]
                         net (fo=1, routed)           0.000    18.216    gen_r2intt_r8.u_r2intt8/gen_full_s1_b[1].gen_full_s1_g[1].u_bf/u_add/raw_sum_carry_i_28__7_n_0
    SLICE_X36Y45         CARRY4 (Prop_carry4_CI_CO[3])
                                                      0.053    18.269 r  gen_r2intt_r8.u_r2intt8/gen_full_s1_b[1].gen_full_s1_g[1].u_bf/u_add/raw_sum_carry_i_25__13/CO[3]
                         net (fo=1, routed)           0.000    18.269    gen_r2intt_r8.u_r2intt8/gen_full_s1_b[1].gen_full_s1_g[1].u_bf/u_add/raw_sum_carry_i_25__13_n_0
    SLICE_X36Y46         CARRY4 (Prop_carry4_CI_CO[3])
                                                      0.053    18.322 r  gen_r2intt_r8.u_r2intt8/gen_full_s1_b[1].gen_full_s1_g[1].u_bf/u_add/raw_sum_carry__0_i_14__17/CO[3]
                         net (fo=1, routed)           0.000    18.322    gen_r2intt_r8.u_r2intt8/gen_full_s1_b[1].gen_full_s1_g[1].u_bf/u_add/raw_sum_carry__0_i_14__17_n_0
    SLICE_X36Y47         CARRY4 (Prop_carry4_CI_CO[3])
                                                      0.053    18.375 r  gen_r2intt_r8.u_r2intt8/gen_full_s1_b[1].gen_full_s1_g[1].u_bf/u_add/raw_sum_carry__1_i_14__15/CO[3]
                         net (fo=1, routed)           0.000    18.375    gen_r2intt_r8.u_r2intt8/gen_full_s1_b[1].gen_full_s1_g[1].u_bf/u_add/raw_sum_carry__1_i_14__15_n_0
    SLICE_X36Y48         CARRY4 (Prop_carry4_CI_CO[0])
                                                      0.139    18.514 f  gen_r2intt_r8.u_r2intt8/gen_full_s1_b[1].gen_full_s1_g[1].u_bf/u_add/raw_sum_carry__2_i_33__1/CO[0]
                         net (fo=1, routed)           0.572    19.086    gen_intt_n2d1[5].u_intt_n2d1/reduced_16[16]
    SLICE_X44Y48         LUT6 (Prop_lut6_I5_O)        0.131    19.217 f  gen_intt_n2d1[5].u_intt_n2d1/raw_sum_carry__2_i_30__1_rewire/O
                         net (fo=1, routed)           0.451    19.668    gen_intt_n2d1[5].u_intt_n2d1/raw_sum_carry__2_i_30__1_n_0
    SLICE_X44Y45         LUT5 (Prop_lut5_I4_O)        0.043    19.711 f  gen_intt_n2d1[5].u_intt_n2d1/raw_sum_carry__2_i_23__0/O
                         net (fo=5, routed)           0.469    20.179    gen_intt_n2d1[5].u_intt_n2d1/raw_sum_carry__2_i_23__0_n_0
    SLICE_X52Y46         LUT5 (Prop_lut5_I0_O)        0.043    20.222 f  gen_intt_n2d1[5].u_intt_n2d1/raw_sum_carry__3_i_2__11/O
                         net (fo=4, routed)           0.453    20.676    gen_intt_n2d1[5].u_intt_n2d1/gen_r2intt_r8.u_r2intt8/s1_full[5][16]
    SLICE_X52Y46         LUT6 (Prop_lut6_I0_O)        0.043    20.719 r  gen_intt_n2d1[5].u_intt_n2d1/raw_sum_carry_i_5__29/O
                         net (fo=37, routed)          0.305    21.024    gen_intt_n2d1[5].u_intt_n2d1/raw_sum_carry_i_8__36_0
    SLICE_X53Y45         LUT3 (Prop_lut3_I0_O)        0.043    21.067 r  gen_intt_n2d1[5].u_intt_n2d1/raw_sum_carry_i_3__60/O
                         net (fo=1, routed)           0.000    21.067    gen_r2intt_r8.u_r2intt8/gen_full_s2[1].u_bf/u_sub/add_inst/out0_carry_i_19__2_0[1]
    SLICE_X53Y45         CARRY4 (Prop_carry4_S[1]_CO[3])
                                                      0.267    21.334 r  gen_r2intt_r8.u_r2intt8/gen_full_s2[1].u_bf/u_sub/add_inst/raw_sum_carry/CO[3]
                         net (fo=1, routed)           0.000    21.334    gen_r2intt_r8.u_r2intt8/gen_full_s2[1].u_bf/u_sub/add_inst/raw_sum_carry_n_0
    SLICE_X53Y46         CARRY4 (Prop_carry4_CI_CO[3])
                                                      0.053    21.387 r  gen_r2intt_r8.u_r2intt8/gen_full_s2[1].u_bf/u_sub/add_inst/raw_sum_carry__0/CO[3]
                         net (fo=1, routed)           0.000    21.387    gen_r2intt_r8.u_r2intt8/gen_full_s2[1].u_bf/u_sub/add_inst/raw_sum_carry__0_n_0
    SLICE_X53Y47         CARRY4 (Prop_carry4_CI_CO[3])
                                                      0.053    21.440 r  gen_r2intt_r8.u_r2intt8/gen_full_s2[1].u_bf/u_sub/add_inst/raw_sum_carry__1/CO[3]
                         net (fo=1, routed)           0.000    21.440    gen_r2intt_r8.u_r2intt8/gen_full_s2[1].u_bf/u_sub/add_inst/raw_sum_carry__1_n_0
    SLICE_X53Y48         CARRY4 (Prop_carry4_CI_CO[3])
                                                      0.053    21.493 r  gen_r2intt_r8.u_r2intt8/gen_full_s2[1].u_bf/u_sub/add_inst/raw_sum_carry__2/CO[3]
                         net (fo=1, routed)           0.000    21.493    gen_r2intt_r8.u_r2intt8/gen_full_s2[1].u_bf/u_sub/add_inst/raw_sum_carry__2_n_0
    SLICE_X53Y49         CARRY4 (Prop_carry4_CI_O[0])
                                                      0.111    21.604 r  gen_r2intt_r8.u_r2intt8/gen_full_s2[1].u_bf/u_sub/add_inst/raw_sum_carry__3/O[0]
                         net (fo=1, routed)           0.312    21.916    gen_r2intt_r8.u_r2intt8/gen_full_s2[1].u_bf/u_sub/add_inst/raw_sum_carry__3_n_7
    SLICE_X54Y45         LUT2 (Prop_lut2_I1_O)        0.124    22.040 r  gen_r2intt_r8.u_r2intt8/gen_full_s2[1].u_bf/u_sub/add_inst/out0_carry_i_27__6/O
                         net (fo=1, routed)           0.000    22.040    gen_r2intt_r8.u_r2intt8/gen_full_s2[1].u_bf/u_sub/add_inst/out0_carry_i_27__6_n_0
    SLICE_X54Y45         CARRY4 (Prop_carry4_S[0]_CO[3])
                                                      0.246    22.286 r  gen_r2intt_r8.u_r2intt8/gen_full_s2[1].u_bf/u_sub/add_inst/out0_carry_i_19__2/CO[3]
                         net (fo=1, routed)           0.000    22.286    gen_r2intt_r8.u_r2intt8/gen_full_s2[1].u_bf/u_sub/add_inst/out0_carry_i_19__2_n_0
    SLICE_X54Y46         CARRY4 (Prop_carry4_CI_CO[3])
                                                      0.054    22.340 r  gen_r2intt_r8.u_r2intt8/gen_full_s2[1].u_bf/u_sub/add_inst/out0_carry_i_21__8/CO[3]
                         net (fo=1, routed)           0.000    22.340    gen_r2intt_r8.u_r2intt8/gen_full_s2[1].u_bf/u_sub/add_inst/out0_carry_i_21__8_n_0
    SLICE_X54Y47         CARRY4 (Prop_carry4_CI_CO[3])
                                                      0.054    22.394 r  gen_r2intt_r8.u_r2intt8/gen_full_s2[1].u_bf/u_sub/add_inst/out0_carry__0_i_14__10/CO[3]
                         net (fo=1, routed)           0.000    22.394    gen_r2intt_r8.u_r2intt8/gen_full_s2[1].u_bf/u_sub/add_inst/out0_carry__0_i_14__10_n_0
    SLICE_X54Y48         CARRY4 (Prop_carry4_CI_O[1])
                                                      0.165    22.559 r  gen_r2intt_r8.u_r2intt8/gen_full_s2[1].u_bf/u_sub/add_inst/out0_carry__1_i_14__10/O[1]
                         net (fo=2, routed)           0.377    22.936    gen_intt_n2d1[5].u_intt_n2d1/out0_carry__2_i_3__1[1]
    SLICE_X58Y46         LUT6 (Prop_lut6_I5_O)        0.125    23.061 r  gen_intt_n2d1[5].u_intt_n2d1/product_i_41__6/O
                         net (fo=1, routed)           0.326    23.387    gen_intt_n2d1[5].u_intt_n2d1/product_i_41__6_n_0
    SLICE_X58Y45         LUT6 (Prop_lut6_I0_O)        0.043    23.430 r  gen_intt_n2d1[5].u_intt_n2d1/product_i_35__6/O
                         net (fo=1, routed)           0.322    23.752    gen_intt_n2d1[5].u_intt_n2d1/product_i_35__6_n_0
    SLICE_X56Y44         LUT6 (Prop_lut6_I4_O)        0.043    23.795 r  gen_intt_n2d1[5].u_intt_n2d1/product_i_26__9/O
                         net (fo=1, routed)           0.197    23.992    gen_intt_n2d1[5].u_intt_n2d1/product_i_26__9_n_0
    SLICE_X56Y42         LUT6 (Prop_lut6_I1_O)        0.043    24.035 r  gen_intt_n2d1[5].u_intt_n2d1/product_i_19__9/O
                         net (fo=17, routed)          0.483    24.518    gen_intt_n2d1[5].u_intt_n2d1/product_i_19__9_n_0
    SLICE_X54Y42         LUT6 (Prop_lut6_I2_O)        0.043    24.561 r  gen_intt_n2d1[5].u_intt_n2d1/product_i_1__9/O
                         net (fo=1, routed)           0.595    25.156    gen_modmul_intt[5].u_mm_intt/product_7[16]
    DSP48_X2Y16          DSP48E1 (Prop_dsp48e1_A[16]_P[18])
                                                      2.737    27.893 r  gen_modmul_intt[5].u_mm_intt/product/P[18]
                         net (fo=3, routed)           0.894    28.787    gen_modmul_intt[5].u_mm_intt/product_n_87
    SLICE_X44Y34         LUT4 (Prop_lut4_I0_O)        0.043    28.830 r  gen_modmul_intt[5].u_mm_intt/t_carry_i_3__1/O
                         net (fo=1, routed)           0.000    28.830    gen_modmul_intt[5].u_mm_intt/t_carry_i_3__1_n_0
    SLICE_X44Y34         CARRY4 (Prop_carry4_S[3]_CO[3])
                                                      0.180    29.010 r  gen_modmul_intt[5].u_mm_intt/t_carry/CO[3]
                         net (fo=1, routed)           0.000    29.010    gen_modmul_intt[5].u_mm_intt/t_carry_n_0
    SLICE_X44Y35         CARRY4 (Prop_carry4_CI_O[0])
                                                      0.108    29.118 r  gen_modmul_intt[5].u_mm_intt/t_carry__0/O[0]
                         net (fo=4, routed)           0.529    29.647    gen_modmul_intt[5].u_mm_intt/product_1[0]
    SLICE_X46Y32         LUT4 (Prop_lut4_I2_O)        0.123    29.770 r  gen_modmul_intt[5].u_mm_intt/gen_banks[7].mem_reg_0_31_0_5_i_398/O
                         net (fo=1, routed)           0.447    30.217    gen_modmul_intt[5].u_mm_intt/gen_banks[7].mem_reg_0_31_0_5_i_398_n_0
    SLICE_X44Y33         LUT6 (Prop_lut6_I2_O)        0.043    30.260 r  gen_modmul_intt[5].u_mm_intt/gen_banks[7].mem_reg_0_31_0_5_i_213/O
                         net (fo=17, routed)          0.400    30.661    u_ctrl/gen_banks[7].mem_reg_0_31_12_17_i_54_0
    SLICE_X44Y32         LUT6 (Prop_lut6_I4_O)        0.043    30.704 r  u_ctrl/gen_banks[7].mem_reg_0_31_6_11_i_72/O
                         net (fo=2, routed)           0.547    31.250    u_ctrl/gen_banks[7].mem_reg_0_31_6_11_i_72_n_0
    SLICE_X29Y32         LUT6 (Prop_lut6_I5_O)        0.043    31.293 r  u_ctrl/gen_banks[7].mem_reg_0_31_24_29_i_30/O
                         net (fo=4, routed)           0.435    31.728    u_ctrl/bfly_data_pre[194]
    SLICE_X28Y33         LUT6 (Prop_lut6_I0_O)        0.043    31.771 r  u_ctrl/gen_banks[5].mem_reg_0_31_24_29_i_8/O
                         net (fo=2, routed)           0.531    32.302    u_ctrl/gen_banks[5].mem_reg_0_31_24_29_i_8_n_0
    SLICE_X19Y37         LUT6 (Prop_lut6_I3_O)        0.043    32.345 r  u_ctrl/gen_banks[5].mem_reg_0_31_24_29_i_2/O
                         net (fo=1, routed)           0.397    32.743    u_membanks/gen_banks[5].mem_reg_0_31_24_29/DIA0
    SLICE_X18Y37         RAMD32                                       r  u_membanks/gen_banks[5].mem_reg_0_31_24_29/RAMA/I
  -------------------------------------------------------------------    -------------------

                         (clock clk rise edge)        3.000     3.000 r  
    V20                                               0.000     3.000 r  clk (IN)
                         net (fo=0)                   0.000     3.000    clk
    V20                  IBUF (Prop_ibuf_I_O)         0.676     3.676 r  clk_IBUF_inst/O
                         net (fo=1, routed)           1.834     5.510    clk_IBUF
    BUFGCTRL_X0Y0        BUFG (Prop_bufg_I_O)         0.083     5.593 r  clk_IBUF_BUFG_inst/O
                         net (fo=457, routed)         1.488     7.081    u_membanks/gen_banks[5].mem_reg_0_31_24_29/WCLK
    SLICE_X18Y37         RAMD32                                       r  u_membanks/gen_banks[5].mem_reg_0_31_24_29/RAMA/CLK
                         clock pessimism              0.291     7.372    
                         clock uncertainty           -0.035     7.336    
    SLICE_X18Y37         RAMD32 (Setup_ramd32_CLK_I)
                                                     -0.096     7.240    u_membanks/gen_banks[5].mem_reg_0_31_24_29/RAMA
  -------------------------------------------------------------------
                         required time                          7.240    
                         arrival time                         -32.743    
  -------------------------------------------------------------------
                         slack                                -25.502    

Slack (VIOLATED) :        -25.502ns  (required time - arrival time)
  Source:                 u_ctrl/delta_idx_reg[2]_replica/C
                            (rising edge-triggered cell FDCE clocked by clk  {rise@0.000ns fall@1.500ns period=3.000ns})
  Destination:            u_membanks/gen_banks[4].mem_reg_0_31_12_17/RAMC_D1/I
                            (rising edge-triggered cell RAMD32 clocked by clk  {rise@0.000ns fall@1.500ns period=3.000ns})
  Path Group:             clk
  Path Type:              Setup (Max at Slow Process Corner)
  Requirement:            3.000ns  (clk rise@3.000ns - clk rise@0.000ns)
  Data Path Delay:        28.269ns  (logic 9.467ns (33.489%)  route 18.802ns (66.511%))
  Logic Levels:           70  (CARRY4=32 DSP48E1=1 LUT2=5 LUT3=4 LUT4=5 LUT5=4 LUT6=18 RAMD32=1)
  Clock Path Skew:        -0.051ns (DCD - SCD + CPR)
    Destination Clock Delay (DCD):    4.033ns = ( 7.033 - 3.000 ) 
    Source Clock Delay      (SCD):    4.375ns
    Clock Pessimism Removal (CPR):    0.291ns
  Clock Uncertainty:      0.035ns  ((TSJ^2 + TIJ^2)^1/2 + DJ) / 2 + PE
    Total System Jitter     (TSJ):    0.071ns
    Total Input Jitter      (TIJ):    0.000ns
    Discrete Jitter          (DJ):    0.000ns
    Phase Error              (PE):    0.000ns

    Location             Delay type                Incr(ns)  Path(ns)    Netlist Resource(s)
  -------------------------------------------------------------------    -------------------
                         (clock clk rise edge)        0.000     0.000 r  
    V20                                               0.000     0.000 r  clk (IN)
                         net (fo=0)                   0.000     0.000    clk
    V20                  IBUF (Prop_ibuf_I_O)         0.751     0.751 r  clk_IBUF_inst/O
                         net (fo=1, routed)           1.950     2.701    clk_IBUF
    BUFGCTRL_X0Y0        BUFG (Prop_bufg_I_O)         0.093     2.794 r  clk_IBUF_BUFG_inst/O
                         net (fo=457, routed)         1.581     4.375    u_ctrl/clk_IBUF_BUFG
    SLICE_X29Y45         FDCE                                         r  u_ctrl/delta_idx_reg[2]_replica/C
  -------------------------------------------------------------------    -------------------
    SLICE_X29Y45         FDCE (Prop_fdce_C_Q)         0.223     4.598 r  u_ctrl/delta_idx_reg[2]_replica/Q
                         net (fo=3, routed)           0.238     4.836    u_ctrl/B_1[5]_repN
    SLICE_X29Y45         LUT2 (Prop_lut2_I0_O)        0.043     4.879 r  u_ctrl/product_i_155/O
                         net (fo=1, routed)           0.000     4.879    u_ctrl/product_i_155_n_0
    SLICE_X29Y45         CARRY4 (Prop_carry4_S[2]_O[2])
                                                      0.117     4.996 r  u_ctrl/product_i_146/O[2]
                         net (fo=1, routed)           0.353     5.348    u_membanks/product_i_148[0]
    SLICE_X28Y47         CARRY4 (Prop_carry4_S[0]_O[0])
                                                      0.246     5.594 r  u_membanks/product_i_145/O[0]
                         net (fo=2, routed)           0.339     5.933    u_ctrl/O[0]
    SLICE_X27Y45         LUT2 (Prop_lut2_I0_O)        0.124     6.057 r  u_ctrl/product_i_148/O
                         net (fo=1, routed)           0.000     6.057    u_ctrl/product_i_148_n_0
    SLICE_X27Y45         CARRY4 (Prop_carry4_S[2]_O[2])
                                                      0.117     6.174 r  u_ctrl/product_i_142/O[2]
                         net (fo=17, routed)          0.523     6.697    u_ctrl/g_cnt_reg[6]_0[2]
    SLICE_X29Y43         CARRY4 (Prop_carry4_S[1]_O[2])
                                                      0.404     7.101 r  u_ctrl/gen_banks[7].mem_reg_0_31_0_5_i_173/O[2]
                         net (fo=2, routed)           0.465     7.566    u_ctrl/orig_addrs02_out[6]
    SLICE_X26Y46         LUT6 (Prop_lut6_I5_O)        0.122     7.688 r  u_ctrl/gen_banks[4].mem_reg_0_31_0_5_i_31/O
                         net (fo=2, routed)           0.455     8.143    u_ctrl/gen_banks[4].mem_reg_0_31_0_5_i_31_n_0
    SLICE_X25Y40         LUT3 (Prop_lut3_I0_O)        0.043     8.186 r  u_ctrl/gen_banks[4].mem_reg_0_31_0_5_i_26/O
                         net (fo=4, routed)           0.371     8.557    u_ctrl/gen_banks[4].mem_reg_0_31_0_5_i_26_n_0
    SLICE_X26Y39         LUT6 (Prop_lut6_I0_O)        0.043     8.600 r  u_ctrl/gen_banks[4].mem_reg_0_31_0_5_i_9/O
                         net (fo=36, routed)          0.692     9.292    u_membanks/gen_banks[4].mem_reg_0_31_12_17/ADDRA3
    SLICE_X42Y39         RAMD32 (Prop_ramd32_RADR3_O)
                                                      0.043     9.335 f  u_membanks/gen_banks[4].mem_reg_0_31_12_17/RAMA_D1/O
                         net (fo=3, routed)           0.636     9.971    u_membanks/bank_dout[149]
    SLICE_X32Y48         LUT3 (Prop_lut3_I2_O)        0.043    10.014 f  u_membanks/product_i_82__0/O
                         net (fo=4, routed)           0.444    10.458    u_ctrl/product_13
    SLICE_X32Y45         LUT6 (Prop_lut6_I0_O)        0.043    10.501 f  u_ctrl/product_i_21__4/O
                         net (fo=6, routed)           0.663    11.164    u_membanks/gen_bfly_pack[5].cur_l[2]
    SLICE_X36Y37         LUT4 (Prop_lut4_I3_O)        0.043    11.207 f  u_membanks/raw_sum_carry_i_12__43/O
                         net (fo=1, routed)           0.371    11.578    u_membanks/raw_sum_carry_i_12__43_n_0
    SLICE_X46Y37         LUT6 (Prop_lut6_I4_O)        0.043    11.621 f  u_membanks/raw_sum_carry_i_9__51_rewire/O
                         net (fo=54, routed)          0.326    11.946    gen_intt_n2d1[5].u_intt_n2d1/raw_sum_carry__2_0
    SLICE_X46Y37         LUT4 (Prop_lut4_I3_O)        0.043    11.989 r  gen_intt_n2d1[5].u_intt_n2d1/raw_sum_carry_i_23__18/O
                         net (fo=1, routed)           0.556    12.545    gen_intt_n2d1[5].u_intt_n2d1/raw_sum_carry_i_23__18_n_0
    SLICE_X42Y38         LUT6 (Prop_lut6_I0_O)        0.043    12.588 r  gen_intt_n2d1[5].u_intt_n2d1/raw_sum_carry_i_11__43/O
                         net (fo=98, routed)          0.587    13.175    gen_intt_n2d1[5].u_intt_n2d1/raw_sum_carry_i_26__9_0
    SLICE_X43Y40         LUT3 (Prop_lut3_I1_O)        0.043    13.218 r  gen_intt_n2d1[5].u_intt_n2d1/raw_sum_carry__0_i_5__20/O
                         net (fo=1, routed)           0.000    13.218    gen_r2intt_r8.u_r2intt8/gen_full_s0[2].u_bf/u_sub/add_inst/raw_sum_carry__0_i_9__16_1[3]
    SLICE_X43Y40         CARRY4 (Prop_carry4_S[3]_CO[3])
                                                      0.193    13.411 r  gen_r2intt_r8.u_r2intt8/gen_full_s0[2].u_bf/u_sub/add_inst/raw_sum_carry__0/CO[3]
                         net (fo=1, routed)           0.000    13.411    gen_r2intt_r8.u_r2intt8/gen_full_s0[2].u_bf/u_sub/add_inst/raw_sum_carry__0_n_0
    SLICE_X43Y41         CARRY4 (Prop_carry4_CI_CO[3])
                                                      0.053    13.464 r  gen_r2intt_r8.u_r2intt8/gen_full_s0[2].u_bf/u_sub/add_inst/raw_sum_carry__1/CO[3]
                         net (fo=1, routed)           0.000    13.464    gen_r2intt_r8.u_r2intt8/gen_full_s0[2].u_bf/u_sub/add_inst/raw_sum_carry__1_n_0
    SLICE_X43Y42         CARRY4 (Prop_carry4_CI_CO[3])
                                                      0.053    13.517 r  gen_r2intt_r8.u_r2intt8/gen_full_s0[2].u_bf/u_sub/add_inst/raw_sum_carry__2/CO[3]
                         net (fo=1, routed)           0.000    13.517    gen_r2intt_r8.u_r2intt8/gen_full_s0[2].u_bf/u_sub/add_inst/raw_sum_carry__2_n_0
    SLICE_X43Y43         CARRY4 (Prop_carry4_CI_O[0])
                                                      0.111    13.628 r  gen_r2intt_r8.u_r2intt8/gen_full_s0[2].u_bf/u_sub/add_inst/raw_sum_carry__3/O[0]
                         net (fo=1, routed)           0.281    13.908    gen_r2intt_r8.u_r2intt8/gen_full_s0[2].u_bf/u_sub/add_inst/raw_sum_carry__3_n_7
    SLICE_X42Y40         LUT2 (Prop_lut2_I1_O)        0.124    14.032 r  gen_r2intt_r8.u_r2intt8/gen_full_s0[2].u_bf/u_sub/add_inst/raw_sum_carry_i_16__31/O
                         net (fo=1, routed)           0.000    14.032    gen_r2intt_r8.u_r2intt8/gen_full_s0[2].u_bf/u_sub/add_inst/raw_sum_carry_i_16__31_n_0
    SLICE_X42Y40         CARRY4 (Prop_carry4_S[0]_CO[3])
                                                      0.246    14.278 r  gen_r2intt_r8.u_r2intt8/gen_full_s0[2].u_bf/u_sub/add_inst/raw_sum_carry_i_9__22/CO[3]
                         net (fo=1, routed)           0.000    14.278    gen_r2intt_r8.u_r2intt8/gen_full_s0[2].u_bf/u_sub/add_inst/raw_sum_carry_i_9__22_n_0
    SLICE_X42Y41         CARRY4 (Prop_carry4_CI_CO[3])
                                                      0.054    14.332 r  gen_r2intt_r8.u_r2intt8/gen_full_s0[2].u_bf/u_sub/add_inst/raw_sum_carry__0_i_9__16/CO[3]
                         net (fo=1, routed)           0.000    14.332    gen_r2intt_r8.u_r2intt8/gen_full_s0[2].u_bf/u_sub/add_inst/raw_sum_carry__0_i_9__16_n_0
    SLICE_X42Y42         CARRY4 (Prop_carry4_CI_CO[3])
                                                      0.054    14.386 r  gen_r2intt_r8.u_r2intt8/gen_full_s0[2].u_bf/u_sub/add_inst/raw_sum_carry__1_i_9__13/CO[3]
                         net (fo=1, routed)           0.000    14.386    gen_r2intt_r8.u_r2intt8/gen_full_s0[2].u_bf/u_sub/add_inst/raw_sum_carry__1_i_9__13_n_0
    SLICE_X42Y43         CARRY4 (Prop_carry4_CI_O[3])
                                                      0.151    14.537 r  gen_r2intt_r8.u_r2intt8/gen_full_s0[2].u_bf/u_sub/add_inst/raw_sum_carry_i_11__16/O[3]
                         net (fo=1, routed)           0.420    14.958    gen_intt_n2d1[5].u_intt_n2d1/reduced[15]
    SLICE_X47Y44         LUT5 (Prop_lut5_I0_O)        0.120    15.078 r  gen_intt_n2d1[5].u_intt_n2d1/raw_sum_carry_i_2__22/O
                         net (fo=9, routed)           0.511    15.589    gen_intt_n2d1[5].u_intt_n2d1/s0_full[5]_1[2]
    SLICE_X48Y45         LUT4 (Prop_lut4_I3_O)        0.043    15.632 f  gen_intt_n2d1[5].u_intt_n2d1/raw_sum_carry_i_21__10/O
                         net (fo=1, routed)           0.236    15.867    gen_intt_n2d1[5].u_intt_n2d1/raw_sum_carry_i_21__10_n_0
    SLICE_X48Y44         LUT5 (Prop_lut5_I4_O)        0.043    15.910 f  gen_intt_n2d1[5].u_intt_n2d1/raw_sum_carry_i_10__20/O
                         net (fo=37, routed)          0.401    16.311    gen_intt_n2d1[5].u_intt_n2d1/s0_full[5]_1[16]
    SLICE_X45Y45         LUT6 (Prop_lut6_I5_O)        0.043    16.354 r  gen_intt_n2d1[5].u_intt_n2d1/raw_sum_carry__0_i_4__22/O
                         net (fo=6, routed)           0.611    16.966    gen_r2intt_r8.u_r2intt8/gen_full_s1_b[1].gen_full_s1_g[1].u_bf/u_add/s0_full[5]_22[4]
    SLICE_X35Y45         CARRY4 (Prop_carry4_DI[0]_CO[3])
                                                      0.269    17.235 r  gen_r2intt_r8.u_r2intt8/gen_full_s1_b[1].gen_full_s1_g[1].u_bf/u_add/raw_sum_carry__0/CO[3]
                         net (fo=1, routed)           0.000    17.235    gen_r2intt_r8.u_r2intt8/gen_full_s1_b[1].gen_full_s1_g[1].u_bf/u_add/raw_sum_carry__0_n_0
    SLICE_X35Y46         CARRY4 (Prop_carry4_CI_CO[3])
                                                      0.053    17.288 r  gen_r2intt_r8.u_r2intt8/gen_full_s1_b[1].gen_full_s1_g[1].u_bf/u_add/raw_sum_carry__1/CO[3]
                         net (fo=1, routed)           0.000    17.288    gen_r2intt_r8.u_r2intt8/gen_full_s1_b[1].gen_full_s1_g[1].u_bf/u_add/raw_sum_carry__1_n_0
    SLICE_X35Y47         CARRY4 (Prop_carry4_CI_CO[3])
                                                      0.053    17.341 r  gen_r2intt_r8.u_r2intt8/gen_full_s1_b[1].gen_full_s1_g[1].u_bf/u_add/raw_sum_carry__2/CO[3]
                         net (fo=1, routed)           0.000    17.341    gen_r2intt_r8.u_r2intt8/gen_full_s1_b[1].gen_full_s1_g[1].u_bf/u_add/raw_sum_carry__2_n_0
    SLICE_X35Y48         CARRY4 (Prop_carry4_CI_O[0])
                                                      0.111    17.452 r  gen_r2intt_r8.u_r2intt8/gen_full_s1_b[1].gen_full_s1_g[1].u_bf/u_add/raw_sum_carry__3/O[0]
                         net (fo=1, routed)           0.381    17.833    gen_r2intt_r8.u_r2intt8/gen_full_s1_b[1].gen_full_s1_g[1].u_bf/u_add/raw_sum_carry__3_n_7
    SLICE_X36Y44         LUT2 (Prop_lut2_I1_O)        0.124    17.957 r  gen_r2intt_r8.u_r2intt8/gen_full_s1_b[1].gen_full_s1_g[1].u_bf/u_add/raw_sum_carry_i_34__5/O
                         net (fo=1, routed)           0.000    17.957    gen_r2intt_r8.u_r2intt8/gen_full_s1_b[1].gen_full_s1_g[1].u_bf/u_add/raw_sum_carry_i_34__5_n_0
    SLICE_X36Y44         CARRY4 (Prop_carry4_S[0]_CO[3])
                                                      0.259    18.216 r  gen_r2intt_r8.u_r2intt8/gen_full_s1_b[1].gen_full_s1_g[1].u_bf/u_add/raw_sum_carry_i_28__7/CO[3]
                         net (fo=1, routed)           0.000    18.216    gen_r2intt_r8.u_r2intt8/gen_full_s1_b[1].gen_full_s1_g[1].u_bf/u_add/raw_sum_carry_i_28__7_n_0
    SLICE_X36Y45         CARRY4 (Prop_carry4_CI_CO[3])
                                                      0.053    18.269 r  gen_r2intt_r8.u_r2intt8/gen_full_s1_b[1].gen_full_s1_g[1].u_bf/u_add/raw_sum_carry_i_25__13/CO[3]
                         net (fo=1, routed)           0.000    18.269    gen_r2intt_r8.u_r2intt8/gen_full_s1_b[1].gen_full_s1_g[1].u_bf/u_add/raw_sum_carry_i_25__13_n_0
    SLICE_X36Y46         CARRY4 (Prop_carry4_CI_CO[3])
                                                      0.053    18.322 r  gen_r2intt_r8.u_r2intt8/gen_full_s1_b[1].gen_full_s1_g[1].u_bf/u_add/raw_sum_carry__0_i_14__17/CO[3]
                         net (fo=1, routed)           0.000    18.322    gen_r2intt_r8.u_r2intt8/gen_full_s1_b[1].gen_full_s1_g[1].u_bf/u_add/raw_sum_carry__0_i_14__17_n_0
    SLICE_X36Y47         CARRY4 (Prop_carry4_CI_CO[3])
                                                      0.053    18.375 r  gen_r2intt_r8.u_r2intt8/gen_full_s1_b[1].gen_full_s1_g[1].u_bf/u_add/raw_sum_carry__1_i_14__15/CO[3]
                         net (fo=1, routed)           0.000    18.375    gen_r2intt_r8.u_r2intt8/gen_full_s1_b[1].gen_full_s1_g[1].u_bf/u_add/raw_sum_carry__1_i_14__15_n_0
    SLICE_X36Y48         CARRY4 (Prop_carry4_CI_CO[0])
                                                      0.139    18.514 f  gen_r2intt_r8.u_r2intt8/gen_full_s1_b[1].gen_full_s1_g[1].u_bf/u_add/raw_sum_carry__2_i_33__1/CO[0]
                         net (fo=1, routed)           0.572    19.086    gen_intt_n2d1[5].u_intt_n2d1/reduced_16[16]
    SLICE_X44Y48         LUT6 (Prop_lut6_I5_O)        0.131    19.217 f  gen_intt_n2d1[5].u_intt_n2d1/raw_sum_carry__2_i_30__1_rewire/O
                         net (fo=1, routed)           0.451    19.668    gen_intt_n2d1[5].u_intt_n2d1/raw_sum_carry__2_i_30__1_n_0
    SLICE_X44Y45         LUT5 (Prop_lut5_I4_O)        0.043    19.711 f  gen_intt_n2d1[5].u_intt_n2d1/raw_sum_carry__2_i_23__0/O
                         net (fo=5, routed)           0.469    20.179    gen_intt_n2d1[5].u_intt_n2d1/raw_sum_carry__2_i_23__0_n_0
    SLICE_X52Y46         LUT5 (Prop_lut5_I0_O)        0.043    20.222 f  gen_intt_n2d1[5].u_intt_n2d1/raw_sum_carry__3_i_2__11/O
                         net (fo=4, routed)           0.453    20.676    gen_intt_n2d1[5].u_intt_n2d1/gen_r2intt_r8.u_r2intt8/s1_full[5][16]
    SLICE_X52Y46         LUT6 (Prop_lut6_I0_O)        0.043    20.719 r  gen_intt_n2d1[5].u_intt_n2d1/raw_sum_carry_i_5__29/O
                         net (fo=37, routed)          0.305    21.024    gen_intt_n2d1[5].u_intt_n2d1/raw_sum_carry_i_8__36_0
    SLICE_X53Y45         LUT3 (Prop_lut3_I0_O)        0.043    21.067 r  gen_intt_n2d1[5].u_intt_n2d1/raw_sum_carry_i_3__60/O
                         net (fo=1, routed)           0.000    21.067    gen_r2intt_r8.u_r2intt8/gen_full_s2[1].u_bf/u_sub/add_inst/out0_carry_i_19__2_0[1]
    SLICE_X53Y45         CARRY4 (Prop_carry4_S[1]_CO[3])
                                                      0.267    21.334 r  gen_r2intt_r8.u_r2intt8/gen_full_s2[1].u_bf/u_sub/add_inst/raw_sum_carry/CO[3]
                         net (fo=1, routed)           0.000    21.334    gen_r2intt_r8.u_r2intt8/gen_full_s2[1].u_bf/u_sub/add_inst/raw_sum_carry_n_0
    SLICE_X53Y46         CARRY4 (Prop_carry4_CI_CO[3])
                                                      0.053    21.387 r  gen_r2intt_r8.u_r2intt8/gen_full_s2[1].u_bf/u_sub/add_inst/raw_sum_carry__0/CO[3]
                         net (fo=1, routed)           0.000    21.387    gen_r2intt_r8.u_r2intt8/gen_full_s2[1].u_bf/u_sub/add_inst/raw_sum_carry__0_n_0
    SLICE_X53Y47         CARRY4 (Prop_carry4_CI_CO[3])
                                                      0.053    21.440 r  gen_r2intt_r8.u_r2intt8/gen_full_s2[1].u_bf/u_sub/add_inst/raw_sum_carry__1/CO[3]
                         net (fo=1, routed)           0.000    21.440    gen_r2intt_r8.u_r2intt8/gen_full_s2[1].u_bf/u_sub/add_inst/raw_sum_carry__1_n_0
    SLICE_X53Y48         CARRY4 (Prop_carry4_CI_CO[3])
                                                      0.053    21.493 r  gen_r2intt_r8.u_r2intt8/gen_full_s2[1].u_bf/u_sub/add_inst/raw_sum_carry__2/CO[3]
                         net (fo=1, routed)           0.000    21.493    gen_r2intt_r8.u_r2intt8/gen_full_s2[1].u_bf/u_sub/add_inst/raw_sum_carry__2_n_0
    SLICE_X53Y49         CARRY4 (Prop_carry4_CI_O[0])
                                                      0.111    21.604 r  gen_r2intt_r8.u_r2intt8/gen_full_s2[1].u_bf/u_sub/add_inst/raw_sum_carry__3/O[0]
                         net (fo=1, routed)           0.312    21.916    gen_r2intt_r8.u_r2intt8/gen_full_s2[1].u_bf/u_sub/add_inst/raw_sum_carry__3_n_7
    SLICE_X54Y45         LUT2 (Prop_lut2_I1_O)        0.124    22.040 r  gen_r2intt_r8.u_r2intt8/gen_full_s2[1].u_bf/u_sub/add_inst/out0_carry_i_27__6/O
                         net (fo=1, routed)           0.000    22.040    gen_r2intt_r8.u_r2intt8/gen_full_s2[1].u_bf/u_sub/add_inst/out0_carry_i_27__6_n_0
    SLICE_X54Y45         CARRY4 (Prop_carry4_S[0]_CO[3])
                                                      0.246    22.286 r  gen_r2intt_r8.u_r2intt8/gen_full_s2[1].u_bf/u_sub/add_inst/out0_carry_i_19__2/CO[3]
                         net (fo=1, routed)           0.000    22.286    gen_r2intt_r8.u_r2intt8/gen_full_s2[1].u_bf/u_sub/add_inst/out0_carry_i_19__2_n_0
    SLICE_X54Y46         CARRY4 (Prop_carry4_CI_CO[3])
                                                      0.054    22.340 r  gen_r2intt_r8.u_r2intt8/gen_full_s2[1].u_bf/u_sub/add_inst/out0_carry_i_21__8/CO[3]
                         net (fo=1, routed)           0.000    22.340    gen_r2intt_r8.u_r2intt8/gen_full_s2[1].u_bf/u_sub/add_inst/out0_carry_i_21__8_n_0
    SLICE_X54Y47         CARRY4 (Prop_carry4_CI_CO[3])
                                                      0.054    22.394 r  gen_r2intt_r8.u_r2intt8/gen_full_s2[1].u_bf/u_sub/add_inst/out0_carry__0_i_14__10/CO[3]
                         net (fo=1, routed)           0.000    22.394    gen_r2intt_r8.u_r2intt8/gen_full_s2[1].u_bf/u_sub/add_inst/out0_carry__0_i_14__10_n_0
    SLICE_X54Y48         CARRY4 (Prop_carry4_CI_O[1])
                                                      0.165    22.559 r  gen_r2intt_r8.u_r2intt8/gen_full_s2[1].u_bf/u_sub/add_inst/out0_carry__1_i_14__10/O[1]
                         net (fo=2, routed)           0.377    22.936    gen_intt_n2d1[5].u_intt_n2d1/out0_carry__2_i_3__1[1]
    SLICE_X58Y46         LUT6 (Prop_lut6_I5_O)        0.125    23.061 r  gen_intt_n2d1[5].u_intt_n2d1/product_i_41__6/O
                         net (fo=1, routed)           0.326    23.387    gen_intt_n2d1[5].u_intt_n2d1/product_i_41__6_n_0
    SLICE_X58Y45         LUT6 (Prop_lut6_I0_O)        0.043    23.430 r  gen_intt_n2d1[5].u_intt_n2d1/product_i_35__6/O
                         net (fo=1, routed)           0.322    23.752    gen_intt_n2d1[5].u_intt_n2d1/product_i_35__6_n_0
    SLICE_X56Y44         LUT6 (Prop_lut6_I4_O)        0.043    23.795 r  gen_intt_n2d1[5].u_intt_n2d1/product_i_26__9/O
                         net (fo=1, routed)           0.197    23.992    gen_intt_n2d1[5].u_intt_n2d1/product_i_26__9_n_0
    SLICE_X56Y42         LUT6 (Prop_lut6_I1_O)        0.043    24.035 r  gen_intt_n2d1[5].u_intt_n2d1/product_i_19__9/O
                         net (fo=17, routed)          0.483    24.518    gen_intt_n2d1[5].u_intt_n2d1/product_i_19__9_n_0
    SLICE_X54Y42         LUT6 (Prop_lut6_I2_O)        0.043    24.561 r  gen_intt_n2d1[5].u_intt_n2d1/product_i_1__9/O
                         net (fo=1, routed)           0.595    25.156    gen_modmul_intt[5].u_mm_intt/product_7[16]
    DSP48_X2Y16          DSP48E1 (Prop_dsp48e1_A[16]_P[18])
                                                      2.737    27.893 r  gen_modmul_intt[5].u_mm_intt/product/P[18]
                         net (fo=3, routed)           0.894    28.787    gen_modmul_intt[5].u_mm_intt/product_n_87
    SLICE_X44Y34         LUT4 (Prop_lut4_I0_O)        0.043    28.830 r  gen_modmul_intt[5].u_mm_intt/t_carry_i_3__1/O
                         net (fo=1, routed)           0.000    28.830    gen_modmul_intt[5].u_mm_intt/t_carry_i_3__1_n_0
    SLICE_X44Y34         CARRY4 (Prop_carry4_S[3]_CO[3])
                                                      0.180    29.010 r  gen_modmul_intt[5].u_mm_intt/t_carry/CO[3]
                         net (fo=1, routed)           0.000    29.010    gen_modmul_intt[5].u_mm_intt/t_carry_n_0
    SLICE_X44Y35         CARRY4 (Prop_carry4_CI_O[0])
                                                      0.108    29.118 r  gen_modmul_intt[5].u_mm_intt/t_carry__0/O[0]
                         net (fo=4, routed)           0.529    29.647    gen_modmul_intt[5].u_mm_intt/product_1[0]
    SLICE_X46Y32         LUT4 (Prop_lut4_I2_O)        0.123    29.770 r  gen_modmul_intt[5].u_mm_intt/gen_banks[7].mem_reg_0_31_0_5_i_398/O
                         net (fo=1, routed)           0.447    30.217    gen_modmul_intt[5].u_mm_intt/gen_banks[7].mem_reg_0_31_0_5_i_398_n_0
    SLICE_X44Y33         LUT6 (Prop_lut6_I2_O)        0.043    30.260 r  gen_modmul_intt[5].u_mm_intt/gen_banks[7].mem_reg_0_31_0_5_i_213/O
                         net (fo=17, routed)          0.251    30.512    u_ctrl/gen_banks[7].mem_reg_0_31_12_17_i_54_0
    SLICE_X44Y32         LUT6 (Prop_lut6_I3_O)        0.043    30.555 r  u_ctrl/gen_banks[7].mem_reg_0_31_0_5_i_132/O
                         net (fo=2, routed)           0.678    31.233    u_ctrl/gen_banks[7].mem_reg_0_31_0_5_i_132_n_0
    SLICE_X33Y33         LUT6 (Prop_lut6_I5_O)        0.043    31.276 r  u_ctrl/gen_banks[7].mem_reg_0_31_12_17_i_54/O
                         net (fo=4, routed)           0.455    31.732    u_ctrl/bfly_data_pre[187]
    SLICE_X34Y34         LUT6 (Prop_lut6_I0_O)        0.043    31.775 r  u_ctrl/gen_banks[5].mem_reg_0_31_12_17_i_11/O
                         net (fo=2, routed)           0.421    32.196    u_ctrl/gen_banks[5].mem_reg_0_31_12_17_i_11_n_0
    SLICE_X34Y38         LUT6 (Prop_lut6_I5_O)        0.043    32.239 r  u_ctrl/gen_banks[4].mem_reg_0_31_12_17_i_5/O
                         net (fo=1, routed)           0.405    32.644    u_membanks/gen_banks[4].mem_reg_0_31_12_17/DIC1
    SLICE_X42Y39         RAMD32                                       r  u_membanks/gen_banks[4].mem_reg_0_31_12_17/RAMC_D1/I
  -------------------------------------------------------------------    -------------------

                         (clock clk rise edge)        3.000     3.000 r  
    V20                                               0.000     3.000 r  clk (IN)
                         net (fo=0)                   0.000     3.000    clk
    V20                  IBUF (Prop_ibuf_I_O)         0.676     3.676 r  clk_IBUF_inst/O
                         net (fo=1, routed)           1.834     5.510    clk_IBUF
    BUFGCTRL_X0Y0        BUFG (Prop_bufg_I_O)         0.083     5.593 r  clk_IBUF_BUFG_inst/O
                         net (fo=457, routed)         1.440     7.033    u_membanks/gen_banks[4].mem_reg_0_31_12_17/WCLK
    SLICE_X42Y39         RAMD32                                       r  u_membanks/gen_banks[4].mem_reg_0_31_12_17/RAMC_D1/CLK
                         clock pessimism              0.291     7.324    
                         clock uncertainty           -0.035     7.288    
    SLICE_X42Y39         RAMD32 (Setup_ramd32_CLK_I)
                                                     -0.147     7.141    u_membanks/gen_banks[4].mem_reg_0_31_12_17/RAMC_D1
  -------------------------------------------------------------------
                         required time                          7.141    
                         arrival time                         -32.644    
  -------------------------------------------------------------------
                         slack                                -25.502    





Min Delay Paths
--------------------------------------------------------------------------------------
Slack (MET) :             0.156ns  (arrival time - required time)
  Source:                 u_ctrl/g_cnt_reg[1]/C
                            (rising edge-triggered cell FDCE clocked by clk  {rise@0.000ns fall@1.500ns period=3.000ns})
  Destination:            u_ctrl/g_cnt_reg[4]/D
                            (rising edge-triggered cell FDCE clocked by clk  {rise@0.000ns fall@1.500ns period=3.000ns})
  Path Group:             clk
  Path Type:              Hold (Min at Fast Process Corner)
  Requirement:            0.000ns  (clk rise@0.000ns - clk rise@0.000ns)
  Data Path Delay:        0.479ns  (logic 0.128ns (26.749%)  route 0.351ns (73.251%))
  Logic Levels:           1  (LUT6=1)
  Clock Path Skew:        0.263ns (DCD - SCD - CPR)
    Destination Clock Delay (DCD):    2.227ns
    Source Clock Delay      (SCD):    1.617ns
    Clock Pessimism Removal (CPR):    0.347ns

    Location             Delay type                Incr(ns)  Path(ns)    Netlist Resource(s)
  -------------------------------------------------------------------    -------------------
                         (clock clk rise edge)        0.000     0.000 r  
    V20                                               0.000     0.000 r  clk (IN)
                         net (fo=0)                   0.000     0.000    clk
    V20                  IBUF (Prop_ibuf_I_O)         0.093     0.093 r  clk_IBUF_inst/O
                         net (fo=1, routed)           0.891     0.984    clk_IBUF
    BUFGCTRL_X0Y0        BUFG (Prop_bufg_I_O)         0.026     1.010 r  clk_IBUF_BUFG_inst/O
                         net (fo=457, routed)         0.607     1.617    u_ctrl/clk_IBUF_BUFG
    SLICE_X27Y50         FDCE                                         r  u_ctrl/g_cnt_reg[1]/C
  -------------------------------------------------------------------    -------------------
    SLICE_X27Y50         FDCE (Prop_fdce_C_Q)         0.100     1.717 r  u_ctrl/g_cnt_reg[1]/Q
                         net (fo=28, routed)          0.351     2.067    u_ctrl/g_cnt[1]
    SLICE_X27Y49         LUT6 (Prop_lut6_I3_O)        0.028     2.095 r  u_ctrl/g_cnt[4]_i_1/O
                         net (fo=1, routed)           0.000     2.095    u_ctrl/g_cnt0_in[4]
    SLICE_X27Y49         FDCE                                         r  u_ctrl/g_cnt_reg[4]/D
  -------------------------------------------------------------------    -------------------

                         (clock clk rise edge)        0.000     0.000 r  
    V20                                               0.000     0.000 r  clk (IN)
                         net (fo=0)                   0.000     0.000    clk
    V20                  IBUF (Prop_ibuf_I_O)         0.341     0.341 r  clk_IBUF_inst/O
                         net (fo=1, routed)           0.958     1.299    clk_IBUF
    BUFGCTRL_X0Y0        BUFG (Prop_bufg_I_O)         0.030     1.329 r  clk_IBUF_BUFG_inst/O
                         net (fo=457, routed)         0.898     2.227    u_ctrl/clk_IBUF_BUFG
    SLICE_X27Y49         FDCE                                         r  u_ctrl/g_cnt_reg[4]/C
                         clock pessimism             -0.347     1.880    
    SLICE_X27Y49         FDCE (Hold_fdce_C_D)         0.060     1.940    u_ctrl/g_cnt_reg[4]
  -------------------------------------------------------------------
                         required time                         -1.940    
                         arrival time                           2.095    
  -------------------------------------------------------------------
                         slack                                  0.156    

Slack (MET) :             0.161ns  (arrival time - required time)
  Source:                 u_ctrl/b_limit_reg[0]/C
                            (rising edge-triggered cell FDCE clocked by clk  {rise@0.000ns fall@1.500ns period=3.000ns})
  Destination:            u_ctrl/b_limit_reg[3]/D
                            (rising edge-triggered cell FDCE clocked by clk  {rise@0.000ns fall@1.500ns period=3.000ns})
  Path Group:             clk
  Path Type:              Hold (Min at Fast Process Corner)
  Requirement:            0.000ns  (clk rise@0.000ns - clk rise@0.000ns)
  Data Path Delay:        0.221ns  (logic 0.157ns (70.967%)  route 0.064ns (29.033%))
  Logic Levels:           1  (LUT6=1)
  Clock Path Skew:        0.000ns (DCD - SCD - CPR)
    Destination Clock Delay (DCD):    2.183ns
    Source Clock Delay      (SCD):    1.644ns
    Clock Pessimism Removal (CPR):    0.539ns

    Location             Delay type                Incr(ns)  Path(ns)    Netlist Resource(s)
  -------------------------------------------------------------------    -------------------
                         (clock clk rise edge)        0.000     0.000 r  
    V20                                               0.000     0.000 r  clk (IN)
                         net (fo=0)                   0.000     0.000    clk
    V20                  IBUF (Prop_ibuf_I_O)         0.093     0.093 r  clk_IBUF_inst/O
                         net (fo=1, routed)           0.891     0.984    clk_IBUF
    BUFGCTRL_X0Y0        BUFG (Prop_bufg_I_O)         0.026     1.010 r  clk_IBUF_BUFG_inst/O
                         net (fo=457, routed)         0.634     1.644    u_ctrl/clk_IBUF_BUFG
    SLICE_X9Y54          FDCE                                         r  u_ctrl/b_limit_reg[0]/C
  -------------------------------------------------------------------    -------------------
    SLICE_X9Y54          FDCE (Prop_fdce_C_Q)         0.091     1.735 r  u_ctrl/b_limit_reg[0]/Q
                         net (fo=5, routed)           0.064     1.799    u_ctrl/b_limit_reg_n_0_[0]
    SLICE_X9Y54          LUT6 (Prop_lut6_I2_O)        0.066     1.865 r  u_ctrl/b_limit[3]_i_1/O
                         net (fo=1, routed)           0.000     1.865    u_ctrl/b_limit[3]
    SLICE_X9Y54          FDCE                                         r  u_ctrl/b_limit_reg[3]/D
  -------------------------------------------------------------------    -------------------

                         (clock clk rise edge)        0.000     0.000 r  
    V20                                               0.000     0.000 r  clk (IN)
                         net (fo=0)                   0.000     0.000    clk
    V20                  IBUF (Prop_ibuf_I_O)         0.341     0.341 r  clk_IBUF_inst/O
                         net (fo=1, routed)           0.958     1.299    clk_IBUF
    BUFGCTRL_X0Y0        BUFG (Prop_bufg_I_O)         0.030     1.329 r  clk_IBUF_BUFG_inst/O
                         net (fo=457, routed)         0.854     2.183    u_ctrl/clk_IBUF_BUFG
    SLICE_X9Y54          FDCE                                         r  u_ctrl/b_limit_reg[3]/C
                         clock pessimism             -0.539     1.644    
    SLICE_X9Y54          FDCE (Hold_fdce_C_D)         0.060     1.704    u_ctrl/b_limit_reg[3]
  -------------------------------------------------------------------
                         required time                         -1.704    
                         arrival time                           1.865    
  -------------------------------------------------------------------
                         slack                                  0.161    

Slack (MET) :             0.172ns  (arrival time - required time)
  Source:                 u_ctrl/b_limit_reg[7]/C
                            (rising edge-triggered cell FDCE clocked by clk  {rise@0.000ns fall@1.500ns period=3.000ns})
  Destination:            u_ctrl/b_limit_reg[4]/D
                            (rising edge-triggered cell FDCE clocked by clk  {rise@0.000ns fall@1.500ns period=3.000ns})
  Path Group:             clk
  Path Type:              Hold (Min at Fast Process Corner)
  Requirement:            0.000ns  (clk rise@0.000ns - clk rise@0.000ns)
  Data Path Delay:        0.245ns  (logic 0.128ns (52.268%)  route 0.117ns (47.732%))
  Logic Levels:           1  (LUT6=1)
  Clock Path Skew:        0.013ns (DCD - SCD - CPR)
    Destination Clock Delay (DCD):    2.183ns
    Source Clock Delay      (SCD):    1.645ns
    Clock Pessimism Removal (CPR):    0.525ns

    Location             Delay type                Incr(ns)  Path(ns)    Netlist Resource(s)
  -------------------------------------------------------------------    -------------------
                         (clock clk rise edge)        0.000     0.000 r  
    V20                                               0.000     0.000 r  clk (IN)
                         net (fo=0)                   0.000     0.000    clk
    V20                  IBUF (Prop_ibuf_I_O)         0.093     0.093 r  clk_IBUF_inst/O
                         net (fo=1, routed)           0.891     0.984    clk_IBUF
    BUFGCTRL_X0Y0        BUFG (Prop_bufg_I_O)         0.026     1.010 r  clk_IBUF_BUFG_inst/O
                         net (fo=457, routed)         0.635     1.645    u_ctrl/clk_IBUF_BUFG
    SLICE_X9Y51          FDCE                                         r  u_ctrl/b_limit_reg[7]/C
  -------------------------------------------------------------------    -------------------
    SLICE_X9Y51          FDCE (Prop_fdce_C_Q)         0.100     1.745 r  u_ctrl/b_limit_reg[7]/Q
                         net (fo=5, routed)           0.117     1.862    u_ctrl/b_limit_reg_n_0_[7]
    SLICE_X9Y53          LUT6 (Prop_lut6_I5_O)        0.028     1.890 r  u_ctrl/b_limit[4]_i_1/O
                         net (fo=1, routed)           0.000     1.890    u_ctrl/b_limit[4]
    SLICE_X9Y53          FDCE                                         r  u_ctrl/b_limit_reg[4]/D
  -------------------------------------------------------------------    -------------------

                         (clock clk rise edge)        0.000     0.000 r  
    V20                                               0.000     0.000 r  clk (IN)
                         net (fo=0)                   0.000     0.000    clk
    V20                  IBUF (Prop_ibuf_I_O)         0.341     0.341 r  clk_IBUF_inst/O
                         net (fo=1, routed)           0.958     1.299    clk_IBUF
    BUFGCTRL_X0Y0        BUFG (Prop_bufg_I_O)         0.030     1.329 r  clk_IBUF_BUFG_inst/O
                         net (fo=457, routed)         0.854     2.183    u_ctrl/clk_IBUF_BUFG
    SLICE_X9Y53          FDCE                                         r  u_ctrl/b_limit_reg[4]/C
                         clock pessimism             -0.525     1.658    
    SLICE_X9Y53          FDCE (Hold_fdce_C_D)         0.060     1.718    u_ctrl/b_limit_reg[4]
  -------------------------------------------------------------------
                         required time                         -1.718    
                         arrival time                           1.890    
  -------------------------------------------------------------------
                         slack                                  0.172    

Slack (MET) :             0.173ns  (arrival time - required time)
  Source:                 u_ctrl/load_cnt_reg[5]/C
                            (rising edge-triggered cell FDCE clocked by clk  {rise@0.000ns fall@1.500ns period=3.000ns})
  Destination:            u_ctrl/load_cnt_reg[5]/D
                            (rising edge-triggered cell FDCE clocked by clk  {rise@0.000ns fall@1.500ns period=3.000ns})
  Path Group:             clk
  Path Type:              Hold (Min at Fast Process Corner)
  Requirement:            0.000ns  (clk rise@0.000ns - clk rise@0.000ns)
  Data Path Delay:        0.260ns  (logic 0.146ns (56.077%)  route 0.114ns (43.923%))
  Logic Levels:           1  (LUT5=1)
  Clock Path Skew:        0.000ns (DCD - SCD - CPR)
    Destination Clock Delay (DCD):    2.178ns
    Source Clock Delay      (SCD):    1.640ns
    Clock Pessimism Removal (CPR):    0.538ns

    Location             Delay type                Incr(ns)  Path(ns)    Netlist Resource(s)
  -------------------------------------------------------------------    -------------------
                         (clock clk rise edge)        0.000     0.000 r  
    V20                                               0.000     0.000 r  clk (IN)
                         net (fo=0)                   0.000     0.000    clk
    V20                  IBUF (Prop_ibuf_I_O)         0.093     0.093 r  clk_IBUF_inst/O
                         net (fo=1, routed)           0.891     0.984    clk_IBUF
    BUFGCTRL_X0Y0        BUFG (Prop_bufg_I_O)         0.026     1.010 r  clk_IBUF_BUFG_inst/O
                         net (fo=457, routed)         0.630     1.640    u_ctrl/clk_IBUF_BUFG
    SLICE_X10Y64         FDCE                                         r  u_ctrl/load_cnt_reg[5]/C
  -------------------------------------------------------------------    -------------------
    SLICE_X10Y64         FDCE (Prop_fdce_C_Q)         0.118     1.758 r  u_ctrl/load_cnt_reg[5]/Q
                         net (fo=2, routed)           0.114     1.872    u_ctrl/load_cnt_reg_n_0_[5]
    SLICE_X10Y64         LUT5 (Prop_lut5_I1_O)        0.028     1.900 r  u_ctrl/load_cnt[5]_i_1/O
                         net (fo=1, routed)           0.000     1.900    u_ctrl/load_cnt[5]_i_1_n_0
    SLICE_X10Y64         FDCE                                         r  u_ctrl/load_cnt_reg[5]/D
  -------------------------------------------------------------------    -------------------

                         (clock clk rise edge)        0.000     0.000 r  
    V20                                               0.000     0.000 r  clk (IN)
                         net (fo=0)                   0.000     0.000    clk
    V20                  IBUF (Prop_ibuf_I_O)         0.341     0.341 r  clk_IBUF_inst/O
                         net (fo=1, routed)           0.958     1.299    clk_IBUF
    BUFGCTRL_X0Y0        BUFG (Prop_bufg_I_O)         0.030     1.329 r  clk_IBUF_BUFG_inst/O
                         net (fo=457, routed)         0.849     2.178    u_ctrl/clk_IBUF_BUFG
    SLICE_X10Y64         FDCE                                         r  u_ctrl/load_cnt_reg[5]/C
                         clock pessimism             -0.538     1.640    
    SLICE_X10Y64         FDCE (Hold_fdce_C_D)         0.087     1.727    u_ctrl/load_cnt_reg[5]
  -------------------------------------------------------------------
                         required time                         -1.727    
                         arrival time                           1.900    
  -------------------------------------------------------------------
                         slack                                  0.173    

Slack (MET) :             0.176ns  (arrival time - required time)
  Source:                 u_ctrl/g_cnt_reg[4]/C
                            (rising edge-triggered cell FDCE clocked by clk  {rise@0.000ns fall@1.500ns period=3.000ns})
  Destination:            u_ctrl/g_cnt_reg[5]/D
                            (rising edge-triggered cell FDCE clocked by clk  {rise@0.000ns fall@1.500ns period=3.000ns})
  Path Group:             clk
  Path Type:              Hold (Min at Fast Process Corner)
  Requirement:            0.000ns  (clk rise@0.000ns - clk rise@0.000ns)
  Data Path Delay:        0.247ns  (logic 0.128ns (51.925%)  route 0.119ns (48.075%))
  Logic Levels:           1  (LUT6=1)
  Clock Path Skew:        0.011ns (DCD - SCD - CPR)
    Destination Clock Delay (DCD):    2.227ns
    Source Clock Delay      (SCD):    1.669ns
    Clock Pessimism Removal (CPR):    0.547ns

    Location             Delay type                Incr(ns)  Path(ns)    Netlist Resource(s)
  -------------------------------------------------------------------    -------------------
                         (clock clk rise edge)        0.000     0.000 r  
    V20                                               0.000     0.000 r  clk (IN)
                         net (fo=0)                   0.000     0.000    clk
    V20                  IBUF (Prop_ibuf_I_O)         0.093     0.093 r  clk_IBUF_inst/O
                         net (fo=1, routed)           0.891     0.984    clk_IBUF
    BUFGCTRL_X0Y0        BUFG (Prop_bufg_I_O)         0.026     1.010 r  clk_IBUF_BUFG_inst/O
                         net (fo=457, routed)         0.659     1.669    u_ctrl/clk_IBUF_BUFG
    SLICE_X27Y49         FDCE                                         r  u_ctrl/g_cnt_reg[4]/C
  -------------------------------------------------------------------    -------------------
    SLICE_X27Y49         FDCE (Prop_fdce_C_Q)         0.100     1.769 r  u_ctrl/g_cnt_reg[4]/Q
                         net (fo=6, routed)           0.119     1.887    u_ctrl/g_cnt[4]
    SLICE_X26Y49         LUT6 (Prop_lut6_I1_O)        0.028     1.915 r  u_ctrl/g_cnt[5]_i_1/O
                         net (fo=1, routed)           0.000     1.915    u_ctrl/g_cnt0_in[5]
    SLICE_X26Y49         FDCE                                         r  u_ctrl/g_cnt_reg[5]/D
  -------------------------------------------------------------------    -------------------

                         (clock clk rise edge)        0.000     0.000 r  
    V20                                               0.000     0.000 r  clk (IN)
                         net (fo=0)                   0.000     0.000    clk
    V20                  IBUF (Prop_ibuf_I_O)         0.341     0.341 r  clk_IBUF_inst/O
                         net (fo=1, routed)           0.958     1.299    clk_IBUF
    BUFGCTRL_X0Y0        BUFG (Prop_bufg_I_O)         0.030     1.329 r  clk_IBUF_BUFG_inst/O
                         net (fo=457, routed)         0.898     2.227    u_ctrl/clk_IBUF_BUFG
    SLICE_X26Y49         FDCE                                         r  u_ctrl/g_cnt_reg[5]/C
                         clock pessimism             -0.547     1.680    
    SLICE_X26Y49         FDCE (Hold_fdce_C_D)         0.060     1.740    u_ctrl/g_cnt_reg[5]
  -------------------------------------------------------------------
                         required time                         -1.740    
                         arrival time                           1.915    
  -------------------------------------------------------------------
                         slack                                  0.176    

Slack (MET) :             0.185ns  (arrival time - required time)
  Source:                 u_ctrl/g_cnt_reg[1]/C
                            (rising edge-triggered cell FDCE clocked by clk  {rise@0.000ns fall@1.500ns period=3.000ns})
  Destination:            u_ctrl/g_cnt_reg[7]/D
                            (rising edge-triggered cell FDCE clocked by clk  {rise@0.000ns fall@1.500ns period=3.000ns})
  Path Group:             clk
  Path Type:              Hold (Min at Fast Process Corner)
  Requirement:            0.000ns  (clk rise@0.000ns - clk rise@0.000ns)
  Data Path Delay:        0.523ns  (logic 0.158ns (30.221%)  route 0.365ns (69.779%))
  Logic Levels:           2  (LUT4=1 LUT6=1)
  Clock Path Skew:        0.263ns (DCD - SCD - CPR)
    Destination Clock Delay (DCD):    2.227ns
    Source Clock Delay      (SCD):    1.617ns
    Clock Pessimism Removal (CPR):    0.347ns

    Location             Delay type                Incr(ns)  Path(ns)    Netlist Resource(s)
  -------------------------------------------------------------------    -------------------
                         (clock clk rise edge)        0.000     0.000 r  
    V20                                               0.000     0.000 r  clk (IN)
                         net (fo=0)                   0.000     0.000    clk
    V20                  IBUF (Prop_ibuf_I_O)         0.093     0.093 r  clk_IBUF_inst/O
                         net (fo=1, routed)           0.891     0.984    clk_IBUF
    BUFGCTRL_X0Y0        BUFG (Prop_bufg_I_O)         0.026     1.010 r  clk_IBUF_BUFG_inst/O
                         net (fo=457, routed)         0.607     1.617    u_ctrl/clk_IBUF_BUFG
    SLICE_X27Y50         FDCE                                         r  u_ctrl/g_cnt_reg[1]/C
  -------------------------------------------------------------------    -------------------
    SLICE_X27Y50         FDCE (Prop_fdce_C_Q)         0.100     1.717 f  u_ctrl/g_cnt_reg[1]/Q
                         net (fo=28, routed)          0.194     1.911    u_ctrl/g_cnt[1]
    SLICE_X27Y49         LUT6 (Prop_lut6_I3_O)        0.028     1.939 r  u_ctrl/g_cnt[7]_i_4/O
                         net (fo=2, routed)           0.170     2.110    u_ctrl/g_cnt[7]_i_4_n_0
    SLICE_X27Y49         LUT4 (Prop_lut4_I1_O)        0.030     2.140 r  u_ctrl/g_cnt[7]_i_2/O
                         net (fo=1, routed)           0.000     2.140    u_ctrl/g_cnt0_in[7]
    SLICE_X27Y49         FDCE                                         r  u_ctrl/g_cnt_reg[7]/D
  -------------------------------------------------------------------    -------------------

                         (clock clk rise edge)        0.000     0.000 r  
    V20                                               0.000     0.000 r  clk (IN)
                         net (fo=0)                   0.000     0.000    clk
    V20                  IBUF (Prop_ibuf_I_O)         0.341     0.341 r  clk_IBUF_inst/O
                         net (fo=1, routed)           0.958     1.299    clk_IBUF
    BUFGCTRL_X0Y0        BUFG (Prop_bufg_I_O)         0.030     1.329 r  clk_IBUF_BUFG_inst/O
                         net (fo=457, routed)         0.898     2.227    u_ctrl/clk_IBUF_BUFG
    SLICE_X27Y49         FDCE                                         r  u_ctrl/g_cnt_reg[7]/C
                         clock pessimism             -0.347     1.880    
    SLICE_X27Y49         FDCE (Hold_fdce_C_D)         0.075     1.955    u_ctrl/g_cnt_reg[7]
  -------------------------------------------------------------------
                         required time                         -1.955    
                         arrival time                           2.140    
  -------------------------------------------------------------------
                         slack                                  0.185    

Slack (MET) :             0.190ns  (arrival time - required time)
  Source:                 u_ctrl/b_cnt_reg[1]/C
                            (rising edge-triggered cell FDCE clocked by clk  {rise@0.000ns fall@1.500ns period=3.000ns})
  Destination:            u_ctrl/b_cnt_reg[2]/D
                            (rising edge-triggered cell FDCE clocked by clk  {rise@0.000ns fall@1.500ns period=3.000ns})
  Path Group:             clk
  Path Type:              Hold (Min at Fast Process Corner)
  Requirement:            0.000ns  (clk rise@0.000ns - clk rise@0.000ns)
  Data Path Delay:        0.265ns  (logic 0.129ns (48.711%)  route 0.136ns (51.289%))
  Logic Levels:           1  (LUT5=1)
  Clock Path Skew:        0.000ns (DCD - SCD - CPR)
    Destination Clock Delay (DCD):    2.226ns
    Source Clock Delay      (SCD):    1.668ns
    Clock Pessimism Removal (CPR):    0.558ns

    Location             Delay type                Incr(ns)  Path(ns)    Netlist Resource(s)
  -------------------------------------------------------------------    -------------------
                         (clock clk rise edge)        0.000     0.000 r  
    V20                                               0.000     0.000 r  clk (IN)
                         net (fo=0)                   0.000     0.000    clk
    V20                  IBUF (Prop_ibuf_I_O)         0.093     0.093 r  clk_IBUF_inst/O
                         net (fo=1, routed)           0.891     0.984    clk_IBUF
    BUFGCTRL_X0Y0        BUFG (Prop_bufg_I_O)         0.026     1.010 r  clk_IBUF_BUFG_inst/O
                         net (fo=457, routed)         0.658     1.668    u_ctrl/clk_IBUF_BUFG
    SLICE_X31Y46         FDCE                                         r  u_ctrl/b_cnt_reg[1]/C
  -------------------------------------------------------------------    -------------------
    SLICE_X31Y46         FDCE (Prop_fdce_C_Q)         0.100     1.768 r  u_ctrl/b_cnt_reg[1]/Q
                         net (fo=4, routed)           0.136     1.904    u_ctrl/p_6_in
    SLICE_X31Y46         LUT5 (Prop_lut5_I3_O)        0.029     1.933 r  u_ctrl/b_cnt[2]_i_1/O
                         net (fo=1, routed)           0.000     1.933    u_ctrl/b_cnt[2]
    SLICE_X31Y46         FDCE                                         r  u_ctrl/b_cnt_reg[2]/D
  -------------------------------------------------------------------    -------------------

                         (clock clk rise edge)        0.000     0.000 r  
    V20                                               0.000     0.000 r  clk (IN)
                         net (fo=0)                   0.000     0.000    clk
    V20                  IBUF (Prop_ibuf_I_O)         0.341     0.341 r  clk_IBUF_inst/O
                         net (fo=1, routed)           0.958     1.299    clk_IBUF
    BUFGCTRL_X0Y0        BUFG (Prop_bufg_I_O)         0.030     1.329 r  clk_IBUF_BUFG_inst/O
                         net (fo=457, routed)         0.897     2.226    u_ctrl/clk_IBUF_BUFG
    SLICE_X31Y46         FDCE                                         r  u_ctrl/b_cnt_reg[2]/C
                         clock pessimism             -0.558     1.668    
    SLICE_X31Y46         FDCE (Hold_fdce_C_D)         0.075     1.743    u_ctrl/b_cnt_reg[2]
  -------------------------------------------------------------------
                         required time                         -1.743    
                         arrival time                           1.933    
  -------------------------------------------------------------------
                         slack                                  0.190    

Slack (MET) :             0.191ns  (arrival time - required time)
  Source:                 u_ctrl/g_cnt_reg[0]/C
                            (rising edge-triggered cell FDCE clocked by clk  {rise@0.000ns fall@1.500ns period=3.000ns})
  Destination:            u_ctrl/g_cnt_reg[1]/D
                            (rising edge-triggered cell FDCE clocked by clk  {rise@0.000ns fall@1.500ns period=3.000ns})
  Path Group:             clk
  Path Type:              Hold (Min at Fast Process Corner)
  Requirement:            0.000ns  (clk rise@0.000ns - clk rise@0.000ns)
  Data Path Delay:        0.390ns  (logic 0.128ns (32.823%)  route 0.262ns (67.177%))
  Logic Levels:           1  (LUT3=1)
  Clock Path Skew:        0.139ns (DCD - SCD - CPR)
    Destination Clock Delay (DCD):    2.155ns
    Source Clock Delay      (SCD):    1.669ns
    Clock Pessimism Removal (CPR):    0.347ns

    Location             Delay type                Incr(ns)  Path(ns)    Netlist Resource(s)
  -------------------------------------------------------------------    -------------------
                         (clock clk rise edge)        0.000     0.000 r  
    V20                                               0.000     0.000 r  clk (IN)
                         net (fo=0)                   0.000     0.000    clk
    V20                  IBUF (Prop_ibuf_I_O)         0.093     0.093 r  clk_IBUF_inst/O
                         net (fo=1, routed)           0.891     0.984    clk_IBUF
    BUFGCTRL_X0Y0        BUFG (Prop_bufg_I_O)         0.026     1.010 r  clk_IBUF_BUFG_inst/O
                         net (fo=457, routed)         0.659     1.669    u_ctrl/clk_IBUF_BUFG
    SLICE_X26Y49         FDCE                                         r  u_ctrl/g_cnt_reg[0]/C
  -------------------------------------------------------------------    -------------------
    SLICE_X26Y49         FDCE (Prop_fdce_C_Q)         0.100     1.769 r  u_ctrl/g_cnt_reg[0]/Q
                         net (fo=28, routed)          0.262     2.031    u_ctrl/g_cnt[0]
    SLICE_X27Y50         LUT3 (Prop_lut3_I2_O)        0.028     2.059 r  u_ctrl/g_cnt[1]_i_1/O
                         net (fo=1, routed)           0.000     2.059    u_ctrl/g_cnt0_in[1]
    SLICE_X27Y50         FDCE                                         r  u_ctrl/g_cnt_reg[1]/D
  -------------------------------------------------------------------    -------------------

                         (clock clk rise edge)        0.000     0.000 r  
    V20                                               0.000     0.000 r  clk (IN)
                         net (fo=0)                   0.000     0.000    clk
    V20                  IBUF (Prop_ibuf_I_O)         0.341     0.341 r  clk_IBUF_inst/O
                         net (fo=1, routed)           0.958     1.299    clk_IBUF
    BUFGCTRL_X0Y0        BUFG (Prop_bufg_I_O)         0.030     1.329 r  clk_IBUF_BUFG_inst/O
                         net (fo=457, routed)         0.826     2.155    u_ctrl/clk_IBUF_BUFG
    SLICE_X27Y50         FDCE                                         r  u_ctrl/g_cnt_reg[1]/C
                         clock pessimism             -0.347     1.808    
    SLICE_X27Y50         FDCE (Hold_fdce_C_D)         0.060     1.868    u_ctrl/g_cnt_reg[1]
  -------------------------------------------------------------------
                         required time                         -1.868    
                         arrival time                           2.059    
  -------------------------------------------------------------------
                         slack                                  0.191    

Slack (MET) :             0.196ns  (arrival time - required time)
  Source:                 u_ctrl/load_cnt_reg[3]/C
                            (rising edge-triggered cell FDCE clocked by clk  {rise@0.000ns fall@1.500ns period=3.000ns})
  Destination:            u_ctrl/load_cnt_reg[3]/D
                            (rising edge-triggered cell FDCE clocked by clk  {rise@0.000ns fall@1.500ns period=3.000ns})
  Path Group:             clk
  Path Type:              Hold (Min at Fast Process Corner)
  Requirement:            0.000ns  (clk rise@0.000ns - clk rise@0.000ns)
  Data Path Delay:        0.256ns  (logic 0.128ns (50.067%)  route 0.128ns (49.933%))
  Logic Levels:           1  (LUT5=1)
  Clock Path Skew:        0.000ns (DCD - SCD - CPR)
    Destination Clock Delay (DCD):    2.178ns
    Source Clock Delay      (SCD):    1.640ns
    Clock Pessimism Removal (CPR):    0.538ns

    Location             Delay type                Incr(ns)  Path(ns)    Netlist Resource(s)
  -------------------------------------------------------------------    -------------------
                         (clock clk rise edge)        0.000     0.000 r  
    V20                                               0.000     0.000 r  clk (IN)
                         net (fo=0)                   0.000     0.000    clk
    V20                  IBUF (Prop_ibuf_I_O)         0.093     0.093 r  clk_IBUF_inst/O
                         net (fo=1, routed)           0.891     0.984    clk_IBUF
    BUFGCTRL_X0Y0        BUFG (Prop_bufg_I_O)         0.026     1.010 r  clk_IBUF_BUFG_inst/O
                         net (fo=457, routed)         0.630     1.640    u_ctrl/clk_IBUF_BUFG
    SLICE_X9Y64          FDCE                                         r  u_ctrl/load_cnt_reg[3]/C
  -------------------------------------------------------------------    -------------------
    SLICE_X9Y64          FDCE (Prop_fdce_C_Q)         0.100     1.740 r  u_ctrl/load_cnt_reg[3]/Q
                         net (fo=4, routed)           0.128     1.868    u_ctrl/load_cnt_reg_n_0_[3]
    SLICE_X9Y64          LUT5 (Prop_lut5_I3_O)        0.028     1.896 r  u_ctrl/load_cnt[3]_i_1/O
                         net (fo=1, routed)           0.000     1.896    u_ctrl/load_cnt[3]_i_1_n_0
    SLICE_X9Y64          FDCE                                         r  u_ctrl/load_cnt_reg[3]/D
  -------------------------------------------------------------------    -------------------

                         (clock clk rise edge)        0.000     0.000 r  
    V20                                               0.000     0.000 r  clk (IN)
                         net (fo=0)                   0.000     0.000    clk
    V20                  IBUF (Prop_ibuf_I_O)         0.341     0.341 r  clk_IBUF_inst/O
                         net (fo=1, routed)           0.958     1.299    clk_IBUF
    BUFGCTRL_X0Y0        BUFG (Prop_bufg_I_O)         0.030     1.329 r  clk_IBUF_BUFG_inst/O
                         net (fo=457, routed)         0.849     2.178    u_ctrl/clk_IBUF_BUFG
    SLICE_X9Y64          FDCE                                         r  u_ctrl/load_cnt_reg[3]/C
                         clock pessimism             -0.538     1.640    
    SLICE_X9Y64          FDCE (Hold_fdce_C_D)         0.060     1.700    u_ctrl/load_cnt_reg[3]
  -------------------------------------------------------------------
                         required time                         -1.700    
                         arrival time                           1.896    
  -------------------------------------------------------------------
                         slack                                  0.196    

Slack (MET) :             0.197ns  (arrival time - required time)
  Source:                 u_ctrl/load_cnt_reg[3]/C
                            (rising edge-triggered cell FDCE clocked by clk  {rise@0.000ns fall@1.500ns period=3.000ns})
  Destination:            u_ctrl/load_cnt_reg[4]/D
                            (rising edge-triggered cell FDCE clocked by clk  {rise@0.000ns fall@1.500ns period=3.000ns})
  Path Group:             clk
  Path Type:              Hold (Min at Fast Process Corner)
  Requirement:            0.000ns  (clk rise@0.000ns - clk rise@0.000ns)
  Data Path Delay:        0.257ns  (logic 0.128ns (49.872%)  route 0.129ns (50.128%))
  Logic Levels:           1  (LUT6=1)
  Clock Path Skew:        0.000ns (DCD - SCD - CPR)
    Destination Clock Delay (DCD):    2.178ns
    Source Clock Delay      (SCD):    1.640ns
    Clock Pessimism Removal (CPR):    0.538ns

    Location             Delay type                Incr(ns)  Path(ns)    Netlist Resource(s)
  -------------------------------------------------------------------    -------------------
                         (clock clk rise edge)        0.000     0.000 r  
    V20                                               0.000     0.000 r  clk (IN)
                         net (fo=0)                   0.000     0.000    clk
    V20                  IBUF (Prop_ibuf_I_O)         0.093     0.093 r  clk_IBUF_inst/O
                         net (fo=1, routed)           0.891     0.984    clk_IBUF
    BUFGCTRL_X0Y0        BUFG (Prop_bufg_I_O)         0.026     1.010 r  clk_IBUF_BUFG_inst/O
                         net (fo=457, routed)         0.630     1.640    u_ctrl/clk_IBUF_BUFG
    SLICE_X9Y64          FDCE                                         r  u_ctrl/load_cnt_reg[3]/C
  -------------------------------------------------------------------    -------------------
    SLICE_X9Y64          FDCE (Prop_fdce_C_Q)         0.100     1.740 r  u_ctrl/load_cnt_reg[3]/Q
                         net (fo=4, routed)           0.129     1.869    u_ctrl/load_cnt_reg_n_0_[3]
    SLICE_X9Y64          LUT6 (Prop_lut6_I0_O)        0.028     1.897 r  u_ctrl/load_cnt[4]_i_1/O
                         net (fo=1, routed)           0.000     1.897    u_ctrl/load_cnt[4]_i_1_n_0
    SLICE_X9Y64          FDCE                                         r  u_ctrl/load_cnt_reg[4]/D
  -------------------------------------------------------------------    -------------------

                         (clock clk rise edge)        0.000     0.000 r  
    V20                                               0.000     0.000 r  clk (IN)
                         net (fo=0)                   0.000     0.000    clk
    V20                  IBUF (Prop_ibuf_I_O)         0.341     0.341 r  clk_IBUF_inst/O
                         net (fo=1, routed)           0.958     1.299    clk_IBUF
    BUFGCTRL_X0Y0        BUFG (Prop_bufg_I_O)         0.030     1.329 r  clk_IBUF_BUFG_inst/O
                         net (fo=457, routed)         0.849     2.178    u_ctrl/clk_IBUF_BUFG
    SLICE_X9Y64          FDCE                                         r  u_ctrl/load_cnt_reg[4]/C
                         clock pessimism             -0.538     1.640    
    SLICE_X9Y64          FDCE (Hold_fdce_C_D)         0.060     1.700    u_ctrl/load_cnt_reg[4]
  -------------------------------------------------------------------
                         required time                         -1.700    
                         arrival time                           1.897    
  -------------------------------------------------------------------
                         slack                                  0.197    





Pulse Width Checks
--------------------------------------------------------------------------------------
Clock Name:         clk
Waveform(ns):       { 0.000 1.500 }
Period(ns):         3.000
Sources:            { clk }

Check Type        Corner  Lib Pin     Reference Pin  Required(ns)  Actual(ns)  Slack(ns)  Location       Pin
Min Period        n/a     BUFG/I      n/a            1.408         3.000       1.592      BUFGCTRL_X0Y0  clk_IBUF_BUFG_inst/I
Min Period        n/a     FDCE/C      n/a            0.750         3.000       2.250      SLICE_X31Y46   u_ctrl/b_cnt_reg[2]/C
Min Period        n/a     FDCE/C      n/a            0.750         3.000       2.250      SLICE_X30Y45   u_ctrl/b_cnt_reg[4]/C
Min Period        n/a     FDCE/C      n/a            0.750         3.000       2.250      SLICE_X9Y54    u_ctrl/b_limit_reg[0]/C
Min Period        n/a     FDCE/C      n/a            0.750         3.000       2.250      SLICE_X25Y47   u_ctrl/g_cnt_reg[3]/C
Min Period        n/a     FDCE/C      n/a            0.750         3.000       2.250      SLICE_X27Y49   u_ctrl/g_cnt_reg[7]/C
Min Period        n/a     FDCE/C      n/a            0.750         3.000       2.250      SLICE_X10Y64   u_ctrl/load_cnt_reg[1]/C
Min Period        n/a     FDCE/C      n/a            0.750         3.000       2.250      SLICE_X9Y55    u_ctrl/pwm_en_reg_rep/C
Min Period        n/a     FDCE/C      n/a            0.700         3.000       2.300      SLICE_X16Y45   seq_cnt_reg[0]/C
Min Period        n/a     FDCE/C      n/a            0.700         3.000       2.300      SLICE_X13Y44   seq_cnt_reg[1]/C
Low Pulse Width   Slow    RAMD32/CLK  n/a            0.768         1.500       0.732      SLICE_X38Y37   u_membanks/gen_banks[0].mem_reg_0_31_0_5/RAMA/CLK
Low Pulse Width   Fast    RAMD32/CLK  n/a            0.768         1.500       0.732      SLICE_X38Y37   u_membanks/gen_banks[0].mem_reg_0_31_0_5/RAMA/CLK
Low Pulse Width   Slow    RAMD32/CLK  n/a            0.768         1.500       0.732      SLICE_X38Y37   u_membanks/gen_banks[0].mem_reg_0_31_0_5/RAMA_D1/CLK
Low Pulse Width   Fast    RAMD32/CLK  n/a            0.768         1.500       0.732      SLICE_X38Y37   u_membanks/gen_banks[0].mem_reg_0_31_0_5/RAMA_D1/CLK
Low Pulse Width   Slow    RAMD32/CLK  n/a            0.768         1.500       0.732      SLICE_X38Y37   u_membanks/gen_banks[0].mem_reg_0_31_0_5/RAMB/CLK
Low Pulse Width   Fast    RAMD32/CLK  n/a            0.768         1.500       0.732      SLICE_X38Y37   u_membanks/gen_banks[0].mem_reg_0_31_0_5/RAMB/CLK
Low Pulse Width   Slow    RAMD32/CLK  n/a            0.768         1.500       0.732      SLICE_X38Y37   u_membanks/gen_banks[0].mem_reg_0_31_0_5/RAMB_D1/CLK
Low Pulse Width   Fast    RAMD32/CLK  n/a            0.768         1.500       0.732      SLICE_X38Y37   u_membanks/gen_banks[0].mem_reg_0_31_0_5/RAMB_D1/CLK
Low Pulse Width   Slow    RAMD32/CLK  n/a            0.768         1.500       0.732      SLICE_X38Y37   u_membanks/gen_banks[0].mem_reg_0_31_0_5/RAMC/CLK
Low Pulse Width   Fast    RAMD32/CLK  n/a            0.768         1.500       0.732      SLICE_X38Y37   u_membanks/gen_banks[0].mem_reg_0_31_0_5/RAMC/CLK
High Pulse Width  Slow    RAMD32/CLK  n/a            0.768         1.500       0.732      SLICE_X38Y37   u_membanks/gen_banks[0].mem_reg_0_31_0_5/RAMA/CLK
High Pulse Width  Fast    RAMD32/CLK  n/a            0.768         1.500       0.732      SLICE_X38Y37   u_membanks/gen_banks[0].mem_reg_0_31_0_5/RAMA/CLK
High Pulse Width  Slow    RAMD32/CLK  n/a            0.768         1.500       0.732      SLICE_X38Y37   u_membanks/gen_banks[0].mem_reg_0_31_0_5/RAMA_D1/CLK
High Pulse Width  Fast    RAMD32/CLK  n/a            0.768         1.500       0.732      SLICE_X38Y37   u_membanks/gen_banks[0].mem_reg_0_31_0_5/RAMA_D1/CLK
High Pulse Width  Slow    RAMD32/CLK  n/a            0.768         1.500       0.732      SLICE_X38Y37   u_membanks/gen_banks[0].mem_reg_0_31_0_5/RAMB/CLK
High Pulse Width  Fast    RAMD32/CLK  n/a            0.768         1.500       0.732      SLICE_X38Y37   u_membanks/gen_banks[0].mem_reg_0_31_0_5/RAMB/CLK
High Pulse Width  Slow    RAMD32/CLK  n/a            0.768         1.500       0.732      SLICE_X38Y37   u_membanks/gen_banks[0].mem_reg_0_31_0_5/RAMB_D1/CLK
High Pulse Width  Fast    RAMD32/CLK  n/a            0.768         1.500       0.732      SLICE_X38Y37   u_membanks/gen_banks[0].mem_reg_0_31_0_5/RAMB_D1/CLK
High Pulse Width  Slow    RAMD32/CLK  n/a            0.768         1.500       0.732      SLICE_X38Y37   u_membanks/gen_banks[0].mem_reg_0_31_0_5/RAMC/CLK
High Pulse Width  Fast    RAMD32/CLK  n/a            0.768         1.500       0.732      SLICE_X38Y37   u_membanks/gen_banks[0].mem_reg_0_31_0_5/RAMC/CLK



