030bf
02825
00a4b
0bec4
0f660
0555f
0387a
03f6e
0989b
0946f
01817
00d83
0554b
0a7b6
00274
09491
07362
07a2e
03e14
00512
037ed
047dc
0cc67
0128a
06374
073fb
077db
02824
0e683
094f6
03993
09c9f
05833
090bb
053f1
0d3d3
00cc9
04bad
0447b
03892
093ef
0a085
09986
0dcfe
048b6
077c9
0b170
0cf28
0aaa7
0c2fd
0dda8
09c83
08813
05c8d
09777
04c90
0bd1a
08005
056c7
0fcae
021a7
05721
0321c
0480c
07863
06c3b
03255
0861b
07674
03087
073c1
05e85
0e94e
073ab
0e3d9
001a7
092d9
011b1
01eaf
0379c
02f12
01edc
07d55
08012
01b4a
0410c
0d568
0b116
0dab6
0b71d
0cd9a
078d7
06955
0bf76
0db37
035a5
0a115
046e6
0ba62
072d1
0a69b
0f9cb
0c4ba
00f8d
01c67
0dbe0
0fb18
02df7
07bd3
0079e
045c8
09469
0464d
04c49
0ca5c
094dc
0b9f3
0d20c
05935
06e21
00a7a
025a1
067d6
02d78
073aa
092cc
09f36
02d47
0c74f
0a730
0bd5e
0f401
0d5bd
09723
0e4da
08186
0e0d5
04f6b
0653d
0d558
039d2
0d1c5
03618
04c3e
02b3a
0f151
04a69
096ea
001fb
066dd
05b91
06a52
096a2
0f24a
01762
03250
00b49
05718
026db
01f04
0a220
0d076
0272e
0936d
00ff8
0a78d
0217c
0aa21
064af
06fcc
02fa9
02027
053d4
06cb8
0a474
03ada
004a4
0de92
0dadd
02ee2
0b419
0cde4
0e6e5
0df77
0ac22
01f5c
0a8da
01c57
071f4
03806
0de3d
036e1
0d4f1
004c3
0e008
085fe
01ed9
09d83
0e06c
0466d
00e36
08a3d
0f14b
064f0
012be
0345b
059ff
067e5
034b0
03c83
08333
0d643
0ca1c
0f321
057fe
025c3
03c8a
0662c
019d8
0568f
00356
0953d
0d9b8
03f82
0ba3b
095da
0be6d
0d13d
0380f
0e55f
05917
0fb25
0b0d5
03f1d
059b3
0be24
0f298
08046
0874f
0f17e
02c3d
0c678
0371d
0ae10
06fbe
07a94
0f791
0156f
041e0
0b1e6
08666
049b3
0845d
097e7
00633
061fe
09a57
070bf
0ed94
01cc5
0957e
0bf1a
03924
0567c
0801d
02427
0021b
0c7ef
0fc70
0c254
06c40
0f432
08b6f
0ced7
0f895
02db0
0e6cb
001e3
01e1f
09e19
0de2a
09174
04238
0894b
0ac0b
014d4
05ecb
09d7a
053f4
0c2dd
039ae
05d94
0b14b
0647e
00ffe
043ed
0618c
0042f
00245
0e320
01301
042d5
059c1
04455
02041
0c558
0763a
09834
02088
06595
0953f
01bbf
050ee
0b65a
044bd
0179d
05ccf
0d1c5
0683f
0fa60
00bd1
07406
0a49b
0d120
00d2e
0d045
07888
0b33a
0525f
05f7c
00ab2
003e0
07554
08154
06acb
005a7
0400c
073b6
08cb6
0cc89
02484
042e8
00a13
08c94
0804e
0f7cc
0d431
027a8
0b92a
0fac7
00eeb
031dd
0386c
077f4
0938d
0b182
09fc7
090bd
02cab
0cf7e
0765e
04b61
0f1bc
0fca3
04b59
08203
05658
08da9
0f502
0726d
0d961
004ca
0fa72
049e4
0d024
0fb36
0576b
0f4f9
0b04a
0aec9
0740e
0502a
0fd20
07e20
0e3a0
0ad6d
0d056
0f512
058e8
0e04a
07144
09500
09600
00457
0e30e
0f4e7
090ba
09b72
06ce9
0f6f3
08f4d
04ec0
02ce5
05586
057e2
06894
096d1
0e8fa
01c2d
0651b
02a36
0cacc
00b1b
01014
0b7a4
0be74
04806
028b6
0433f
0f338
0cb0c
08410
0f8d0
08c0b
0f649
015cd
0e665
0e0dc
0a153
09ec7
046f2
0a049
0f51a
00c2e
08633
0c873
06825
0c40d
09d9d
0bbfd
0f8d9
041eb
0280c
0743e
04ae2
0c741
08f65
0ebd5
0eaaf
0941a
09f51
09c94
08f0f
0a9eb
0a5f6
0635d
0340a
09595
02705
0f1b5
0bd6f
07608
04070
088aa
0af18
020a3
0727e
0f7d0
004a9
0fdcf
01c5c
0f0e7
09733
02467
08cbe
09006
087b8
00ce0
0b9ed
00740
0669b
00f79
07ab8
0b6de
0f223
049d0
02efe
03313
00eed
086a8
0b896
08343
05ab7
0f089
08e89
0cd2d
06c69
0b7d1
07c01
05013
0e7d8
0d90f
0ae3e
04e24
047d7
0f6f3
08ec5
0b504
0cb73
041ca
039c7
07ad6
0357d
08f17
0496f
0d8e8
02c24
0c7f9
086de
0521d
0b486
077a3
0421b
08049
01845
0410e
0a7f9
09db0
0ca5d
0d636
0c2de
0ec3b
014dd
08d37
089c6
03876
04c0c
071b5
03d0b
08dd2
0d1d1
0cc72
02378
0c5a8
06e44
0a675
0c410
05347
09f20
0e794
04c6f
0886b
007f4
0ec78
07bfd
04c25
0d259
03d05
0876c
02bfc
07238
09801
0505b
029a6
018c8
00ea5
06a3e
0b80d
0798c
07c51
0a52f
047da
06b98
0b00a
07ef9
057ee
0cd38
0e59f
0456c
01664
061d1
0b0e1
02ee5
0408c
09a95
04a78
03075
07bed
0e4c0
0549c
0ae7c
0fd35
01bdb
044b6
0bd25
0f418
06774
065a2
0d87a
04e3f
0f41f
0a2f1
0796a
0c35d
0d069
05310
000b1
0f90f
095b2
01b36
0b41d
0839d
088a0
06688
09aad
0c818
0b94b
0c6dc
0819d
052ea
0dcfc
059c3
0c379
0976a
0b72b
0cbcd
08825
0eca7
0438e
02a27
00889
01451
089f2
05dea
0f4bb
0f5e7
0c620
0a74a
04eec
0b965
09746
040c2
0bddb
0c9c6
0270e
0906d
0cdc7
00eef
0269d
093b7
03250
068b5
0513c
089c0
032d8
032ea
047e3
03c81
07dda
0532f
0b37c
0ae86
03339
02852
0f324
0ca93
0871d
06dd2
0e44b
0e368
06e18
0f25e
0d861
0f1af
08938
0cd67
01a5c
06684
0d59d
04389
02f34
070be
0c898
0aba4
0bf2f
039c2
06dba
0a0cf
08245
06671
01088
0254e
0743d
06ae6
00c68
05136
04f58
0011d
05d31
02b1b
03cfc
002d7
0e62b
0455e
04f79
0fe1f
0fa83
06eba
02f9a
0c526
0d184
0365d
01dd2
01f42
0abab
078f8
0a62e
04e16
0c39c
0342f
08731
0aa1d
01827
0416d
0bd10
00441
0076b
07b19
09963
09369
0e52b
0e50e
0a7e0
0d754
0170a
0a285
0ef77
0f1a4
017af
0e043
06828
0e838
02d63
01fc9
03e9f
048b1
04aef
03a4f
0a032
0e392
073d0
06308
04b60
0b042
01d42
008b0
0d27b
0ffa4
0be2c
03ad1
092a9
0c63a
0b61b
0a080
0bdef
0d3e6
06585
02d31
08b9e
08959
065ba
0d56c
05aa2
0b007
08e7d
0ebf1
08a4d
08d6a
041cd
0ac7e
00258
0efaf
07f87
0af89
0c7ff
0817c
01998
08ec0
0630c
03329
0f0cd
047d0
06084
0c5bf
04a3d
08117
0f28a
0937c
06203
02cb0
04120
0378e
0b7e7
00741
0e61f
068bb
0b9ae
0ad8d
0584a
01813
05298
08c46
0d52e
0dbed
0ae93
0d078
03f30
02c09
074e2
08711
0aa08
05b62
0e5d2
0b25d
01efb
09bee
00f03
040bc
0c6fa
04611
06de7
069d1
03ce1
00710
06f99
017be
0c895
031da
0fc87
016e6
0a1ff
0e683
004ee
08682
0f20c
058c5
02f12
06e63
0eb43
0549e
0961a
027ff
06256
0b4cd
0b98d
08024
09dba
0dd0d
03846
05520
04539
06f86
0d36c
07b48
00150
02a65
06f3b
044b0
0ebe4
0f96e
082ec
05dc3
04337
02bb4
0a9ec
09581
07c1d
03e3a
094bf
09d35
01d07
0786a
03df2
0d95f
00089
06e56
0f381
0f0eb
05175
0142a
0c505
06f4c
0d33d
03065
09cb6
06b6d
061d9
0cd67
02e5a
07009
06e8c
09eef
03a5e
0fba1
030a8
0fab7
04fd6
07aa7
031a4
01609
0fd17
00f8d
0b571
0ee98
0306f
0b001
0e92f
0d5e9
0afaf
0941d
0d350
05fc4
09862
06246
02f0b
05302
0547c
0030c
0681b
02693
0eb70
0386e
0ccc6
0b187
0d387
079f1
0c4ec
0e3ba
0577c
0e254
0e6d5
0b39a
04ab4
0b497
09c94
03b78
05e76
0e905
0ae79
0a34d
02a1d
08e41
0e800
0529f
0c612
0b389
0b6a0
00d85
0fb3e
063e9
047be
0ff60
021e9
086e7
00c45
098a2
0c38e
0177c
0c3da
0c0bb
074fe
00b93
02444
07eb4
0adca
0944b
034bc
06b6c
0385a
0b96f
0955b
0fdda
0528d
05889
0f816
077a4
0bd84
09cda
018ff
0d53a
0d2e7
07b1e
0fa28
063cc
0111e
01ce2
0079c
0b900
07ce1
0dc02
08137
0d7ef
06380
0644a
02bdd
0c4d6
0f7bd
05a1d
0dd2f
08fc7
00e8a
084ed
0c254
00297
035e3
033cb
0af52
0421e
05c8e
0f533
02b5d
0e398
012cb
0d70d
01f0a
0f663
0d6c8
06d4d
02f20
00372
036bd
0d52d
0996a
068f8
0e240
079e9
08a22
0f981
0583c
065d7
0a9e4
0e188
0393d
0b9fd
0bf1c
0881f
02c41
05d57
0d33b
03967
03eec
0e05a
055d2
0d946
04806
080e2
07a9a
014b4
05a54
0d5f2
04227
0ea60
089e0
08f7b
014e3
089bd
037d9
02746
0fe4a
0ef53
0e71b
02490
074fb
08a83
07ebf
0ea7a
0a45e
086ff
02d8d
01016
0eeab
0160d
03ed9
0495a
0fe84
09dcc
0b672
01884
046c5
00484
04b3e
0d400
042f1
0dae2
0b88d
0374b
0cc5f
07754
0edaa
05c41
09401
030ba
05a4a
04220
08b22
08849
0fe7a
0be3a
050ea
09891
03c11
0fdea
03457
01db8
0cc92
03416
0df1e
0b250
0ba94
01a89
0aef6
05658
05597
0c4c7
0c4ef
086ac
0b537
04b0c
0a795
0d497
014e6
0817c
0f19a
0bf4e
020c5
0f0fc
03654
0f5cc
09a20
0d1b7
094d7
09afa
0911a
097d2
09a0e
06544
07bbd
099b8
0d9c6
0dd21
079df
00ef4
0e263
081bd
0ec31
02dd0
08649
05786
0a9fe
04d95
000a0
0c3b0
0e0aa
0bf93
09504
075b0
09b09
0f7e1
0cd8d
0b9a5
0ef05
0af19
04e48
0b685
06bb9
09ca8
03b8a
02704
06158
0e10c
0c0b5
09e4f
0daca
0b3ac
01cb3
0d8db
03593
08c1b
036b7
0772e
01740
008cb
0ae97
057f1
0316e
077df
027e7
04dbd
0f62d
0eacd
0af31
0bcfc
0048a
0c5bf
054fc
0fea1
04816
0fb1f
0b830
052c6
0838e
04cfb
0cce2
070aa
0f8f8
0fea6
0a5b0
0a860
08833
09b10
0aa8f
08a33
060f6
07ddd
012b0
0b3d8
07044
055fe
0fc3b
09eeb
009dc
02b63
02e32
082f6
09d3f
0b6ef
0dc13
083b3
08cf6
03350
068d7
0edbf
0311e
007f3
0fa08
0a93d
0e332
03465
033be
0b2d0
03184
0ec29
0fb66
077c8
0f762
037e4
0fc47
09871
0b58c
0fe67
093c3
08018
020fc
02988
05535
0d437
0b7dc
0330d
0373d
00e1f
0b505
09346
0cbdb
02111
00fb7
0227e
05df7
0099b
0d62c
0e0a8
07d62
003b5
02049
0bccc
0dc97
08a63
06e05
044ec
0da07
05fb5
035e2
057bf
041f6
0eba3
09e8c
0e5cf
0572a
0b997
00206
0f6e8
04bb9
00eba
01eaa
022b9
0d52d
026f4
0908d
0cd25
01901
0d024
0511d
03b9a
04a99
019bf
0a058
067d7
0d750
0a68f
051a8
0f2b5
01752
00541
098cd
01169
05003
0b286
0e801
0885a
0de40
0d576
0f50f
0180e
01027
091cf
043d5
0d6e4
0d33d
0ccc1
053b5
0ddd2
06364
0db04
0442b
09325
0ae2d
05cfd
0c2b2
03427
0c34e
030cb
0837a
0136e
0255b
06f5b
0f86b
034c3
071f2
02aa3
0cd0c
0e132
0a550
0d26a
03625
080ac
02b22
01bf8
0b3af
06668
066e3
0abdb
01c09
023a9
0ce1f
00ac2
01668
04086
0bb46
057df
01d05
028cd
0f686
04555
07f51
0874b
0b27b
0bf51
0528a
0a93c
02d4c
058ec
0c456
00d01
06df0
0003b
07774
06610
0df48
038e3
0da9e
030a5
0dfb1
0d2f1
079cb
05b8b
083d2
018e0
0a551
06723
0ee28
053c8
0150d
0b79d
094aa
0a7fb
002cf
05d45
09a8e
0fd8b
061b1
0f8c6
01a06
04e10
050a2
08a1e
03f29
08fb5
0dfb3
03db5
04d8e
02745
0cd63
00e78
0d03b
0ba36
0675c
03dad
0ca9f
013d7
04f01
0498c
035f8
0bbb1
072f7
06fcd
0ab16
08e88
05149
063b1
0cf3d
02006
08c4c
01875
0d2b7
02a2a
0ad0c
05457
085fd
00774
08144
0902a
080fd
0687a
0b5a8
0f268
008f2
0ba61
055ef
0f6f4
06d4c
0d558
05415
0d46c
040ef
012f8
09562
0cf40
0a7f3
06021
05a4e
0943d
03870
026fe
06b05
0343d
0370d
05c82
04280
097b7
06410
05731
04105
01cd8
05933
01e10
05f3d
08ab3
09d69
050a3
0cad5
08220
05a5d
005df
0c042
0520d
05b29
045de
0ca9b
02f1b
091f3
08880
065d8
00d6c
0b616
057ea
0c2ac
08271
0a91e
06335
0146e
04e62
07ff3
06b65
0d19b
0f5fc
03724
017a7
08543
0ab19
04e88
07ffd
09ffe
0b2b2
0f5de
0537e
06ca9
0876f
05f39
02e32
00b7e
0f14b
0778d
02d68
0a257
08353
0efad
0ccc3
09ea9
062b0
08ddd
0f1f7
067cf
0d3d4
0caf2
05121
0f24e
08f4f
01ea3
03101
023ca
02bfe
0e483
07b7a
00a94
0c78c
0e647
06853
0e56d
02f07
0a8f0
06578
04c9b
0667d
0d651
070ea
05540
05f2c
05998
0b7a1
0bebc
0a1de
067d4
0c3bd
0ebb7
0ba6c
05836
0a76c
036dd
04061
0a02e
0acad
012b6
07218
0e83f
0de65
01b1d
0600c
0cfe0
04443
003b3
0a89f
0c3bf
05fab
00814
09dd0
00ce4
0da08
01a06
0ef56
056b2
01c09
0014f
0952a
0f469
0f8a1
03298
0a10e
0c6b7
07448
0dd80
02caf
0d933
015e5
0702f
03ca6
04a25
0dc84
013e8
0f8fe
007d4
0c45c
0b89e
0b948
05553
041d3
0bd71
0f6d5
02ed0
083b8
0d671
0ed11
0f0d3
05eb6
00825
0eb96
067d2
09821
00853
0d3b4
021ce
0923e
041ee
03ab2
01295
029dc
02cb4
0929a
04c57
04812
0bb08
011ec
00a4b
076f1
088e3
0f92d
03154
060d6
0a4a2
0b160
0e06f
0073c
07441
043e6
0879a
0d628
051b4
08011
00f34
02a7b
0b08e
0ac77
024bd
08ccb
09578
09f0c
02057
0e9ab
0e1fd
03cdc
012e1
06c4f
0df47
0cbe0
03780
0c619
0d208
036dd
0d585
0fb20
0a684
0847d
03278
00f07
07c52
00d8a
0df07
076d9
0635b
0c786
0c9a7
0d654
0d3e8
0b92c
03099
0a87a
01ad1
0c458
0b005
0465f
0b005
035b0
0f5a6
0bae0
09a1b
0e929
08259
07c86
07076
0d8c3
0f5f4
0cdba
03e45
0e185
0f25c
00816
02ce3
07fdd
0b306
0fad1
07f3d
06421
045b6
06467
0c2fa
0e878
053d8
0d444
09fef
0575f
0e696
0bc03
08c07
06bf5
0b005
066ef
0bafd
064c3
09c01
0c6f5
0c7cc
07382
09192
034bb
05e42
0d4aa
0b7a2
02131
0a9f5
0576e
0a966
0827c
0186c
0f263
0044c
03bf4
04c4e
0fa34
0af8e
09c1f
0e49a
07a13
06000
011f1
009cc
0d579
00096
01c83
05b68
0b5f3
03fae
03274
07ee5
054e4
05708
06d43
08182
0bd13
02117
0e8c8
01433
07943
04bdf
02e6d
05795
0799e
0481d
071a6
026b8
0632b
04a33
0b90c
0cc8b
0079a
08165
09afc
0c5fe
0457a
040bc
09569
04ce5
0aa9e
0b340
0d48b
0b93a
0c7c9
05897
0a8b7
0b341
0cc34
050b2
0c120
0a7ff
0a874
09024
0ea16
03b3d
08534
02cfd
0339d
06e1d
076c8
0b006
0dc41
03fad
0a4cc
0aaf6
0f20e
01c46
0c28b
02618
00436
06aff
0a67c
00dd9
0d1c2
0f54f
04384
0d9c0
00724
0b49b
06afe
058d5
01ce8
0774d
03b68
0e558
0c47e
04e7b
0b517
04fcd
09135
03763
0ddcf
01832
0fca3
01d77
052d6
00378
0ea52
01682
03667
05ef9
07354
02743
00759
070d6
01541
09e60
0795b
02695
0cc69
0390c
0bb11
055ad
03e49
05b8a
0c38d
0902c
004ab
04bdc
0f927
0a52b
043bc
036c9
02061
060e4
0a96c
0749e
02fa4
0758a
0c564
07cfb
00116
02cd4
00260
0ed7c
05ebd
064b0
07418
0c446
0580a
00c8d
0f353
096b5
0a9b7
0069e
081e9
0b590
014a4
01b68
05b33
00710
0076d
0b8a6
0ab3f
08b68
0f1c5
09204
05bbd
0b15a
0bacd
09eaa
0dce0
0226b
0eb3f
0dd2f
00a81
07819
057d4
085f9
003a3
0029c
0e06b
0bb3a
098ea
0b63b
03e86
06e8d
0a98f
06819
0009d
0d69f
02b79
0683e
0cba0
07618
077ae
0ff89
0f10b
07a2f
0db89
04f3c
09122
03709
044c5
02baf
0b4a8
0c077
09325
0554d
035cc
0ffda
051e3
0dd9a
0a31f
0caf1
0f2c0
03e0f
06f4a
06b99
08d1c
079f2
09eb3
0046f
0a634
0b217
0000a
031d3
0c07b
0929a
0ba3a
001f1
0b483
0eea6
0dba1
09160
070d4
0cbb5
02d7a
05c61
0928f
043af
045ac
0d3aa
04624
0eb56
00b8b
09d22
0b3b0
0ec80
01d55
0180b
0d7fe
05f1f
0c74c
039fc
02e7e
01449
01025
0af7b
0d807
07f57
0727a
0c9b1
00010
00aa8
00d82
0f4b5
03fa6
0e646
01d1a
0f0f4
0da1f
0a6f6
0bf34
097b7
07504
06378
04c56
03f82
08629
0bb75
0685b
0cbc0
069e0
07431
02959
0298d
0f62b
0befc
01f7c
0cc20
00333
01000
03a68
08a8f
0cec6
0e2d1
08438
02fbb
0069d
08c51
0b1eb
04c0b
02d03
076e9
01029
00c8d
05f14
0529f
0ec22
0d50c
0df5a
0106f
02d8f
0d051
06ca0
04707
0ea5c
04dae
00893
0b8e0
0847b
0027e
0c72c
05ee0
0bf8e
01c31
0fd50
00a3e
0cb11
06e81
06dcc
0a0db
063c8
05447
0ecba
0a098
0076c
0f8b3
0b428
07513
00591
0eb96
03dac
0aa99
03681
02aa4
06d25
026b4
06042
05b3c
09170
02da6
0959c
03f44
0fdfd
0b58c
05b09
0588f
0e72a
0b09c
07efd
03096
05dbb
03563
0c8ec
0d34b
03407
00417
00c25
038bd
0467b
093a2
00f6a
02cb0
05a31
04b71
0c37b
04237
0ecbd
0d18e
02829
0ca3d
01c54
00510
09f29
0c001
0ead2
0b790
0e33a
003c0
0324d
0849d
0315f
0bc48
0c060
0c5ff
0e105
0d166
0079a
07eb5
0fdc6
0cdd2
08d67
02ac2
069df
09e9b
0c596
018f0
07935
055ae
037f9
0c513
04be5
0001f
0bd24
06827
06790
06bf8
00ac4
0b979
0707c
0e9d7
0e2d8
0f99c
06397
0bd76
018b6
0f0f1
09640
0be42
0106e
00873
0848f
01087
0440c
06aa3
03d67
0bc6e
0e4d0
02f2b
01b9b
0822d
056b0
01702
07326
02e75
07e10
0be0b
03d91
00c43
0cd75
011dd
0f617
02a87
002b4
0ca22
0f2a5
0467c
0530e
0bac6
0a5fb
0e3f5
0902d
046fe
01749
077ba
0e767
08115
010a3
086ad
09d33
0fc22
0738e
0c596
0c1ec
0d7c4
08837
07fd7
0a3b6
02fe6
0ebd0
02a33
09a9d
03a6e
0c3a6
0bb53
08ff0
01da2
0ebe6
0e745
04531
019b3
0ac2c
02c92
0a6cb
01550
0550f
0f1b5
056c0
0b6ed
0aca9
044f7
0f5d7
005ae
016e5
0e87a
05597
08e82
05f45
0139c
0d02c
04362
02916
04f98
0141f
04788
0c14e
08782
0718d
09fbf
00e5f
0539b
0fdbe
02aec
0cdf6
05259
0e9fd
00df7
0c88c
0a009
0bc22
05143
01e0c
04b64
0b6c8
00791
01469
09301
08784
0a7cd
0daf0
0d281
061bd
0a4db
06e8b
0573e
0150a
0fca1
0f72d
06760
04550
0e9d0
0308a
0da54
0cbc5
0b4ec
0ae36
0d468
018ea
04a67
01b6f
02400
013fe
09c89
034d2
054ad
04a0e
09470
00f6b
08c41
06d99
043ee
016e8
078c3
0fe90
08cb2
02b0b
0cfb8
0781c
08d85
06d48
01416
06f96
04046
05551
0a695
0f4d9
04594
02d8e
098a8
07537
04c73
0416c
08a40
00897
0c3cd
042cd
08bb9
067c6
00286
01c07
093d2
0b748
0028f
0a99a
08d29
0ecc2
0e239
01f03
05c22
03596
014b5
06ac0
0e20e
0e695
00b17
01853
0f419
0a330
004db
03943
062d3
0e7c0
0ea22
0e991
02de5
04eeb
00f5d
09017
091be
053a2
0580b
0aede
036e7
0f209
014ab
0b1ab
07389
0dd98
00a12
0aad4
09c81
0ceac
0987f
08289
0778e
0ae31
0f310
03632
0eb52
08ee4
04738
0990a
0821d
0e3e5
0f348
08ecf
0a2ee
0bf5e
0a43f
02cd0
013cb
01f0b
0e854
0dcd7
0e379
005e8
0faa4
08522
064a7
0156a
0c250
005c9
0010c
07418
07f94
02be5
05390
0269a
05381
01244
09eac
0fb3f
0d412
05561
03ca0
0bde1
01b3c
0763b
0b9f5
0734e
07c0f
0e08b
0dab2
0c5b6
038bb
0c6fb
0d596
025d6
0a92b
0f398
01dfb
0ae8e
00acc
0847c
0cc4b
0c7f9
0525b
01ef1
0466c
0a5a8
0cd0e
04dd6
0b167
0317d
0ba5b
0efa6
04178
01689
040d6
06098
04fc4
06b9a
0c55c
01ee2
006a0
08bc9
0c997
0a390
06dce
01fb0
0bc79
05884
0046a
00c98
09276
0b955
062c1
0a425
07c4b
0c825
08d68
07439
0e8dc
06936
0283f
0b77c
0d5fd
0505f
00502
0ff4e
039e9
0e212
0c394
0c453
0761e
0e909
0bb2e
0d32d
088b5
0fc3d
0a7df
0dbe5
0507b
0de6c
00b3b
00c64
09dbe
09d23
0fe20
07dae
0c70f
03a4b
04906
00f84
019e4
08fa8
05682
01479
08cf8
08ef2
0c6bf
0c33c
0beac
0eb48
02023
0d80a
0612c
00ae9
0c477
041b3
0fdc2
052f3
00f89
0cefd
0b212
0316b
0f0dc
02007
05d8a
0df0b
0b6bf
056a9
096a9
07104
07d02
0768a
00435
01283
047f5
0ca58
0c0d6
0c0b5
09647
07d4e
0dad5
06189
09f85
09477
03cd4
07f1f
0eadd
0c667
039f3
04b12
099e8
05869
04030
0107c
07d0c
0f8fd
06b15
06eac
0fdf3
0819c
0024f
09820
00093
050b4
076f8
0629f
0a44b
0e11c
06d38
09ac7
0f5b7
09df1
00de8
03f35
083b4
0b230
08b3e
0b5e2
009f4
0852e
0c2a9
0fa1a
099cb
07e20
0a18d
0dce1
08a27
09e09
0a0fe
0cecb
07368
01cb1
03462
0900e
0de7f
06c16
07d4a
0be45
0a04f
066a2
096a7
0f3de
063f3
0875b
0a710
0aa28
05205
05f86
0413d
0e1a4
0f813
0b7da
003ca
007cb
0abf4
03a32
0ea2c
03ff2
0463a
0ebad
01c0b
0a10b
05958
07411
01c3e
01d3a
0217f
0f604
0f302
05426
08939
0de48
06486
09aa4
07d93
0d163
05ad0
0a2b7
05e77
0f37e
0320d
078be
03d2c
02bdc
01265
074b9
081c6
0d3d2
09075
0c983
03990
09c5d
0dbae
06aad
09300
0375b
0d870
00359
06f36
0cb01
0d7d2
02092
09fa2
04025
03440
0f90d
0a834
0e2a4
01524
065f4
01c87
015ec
00446
04722
0a25a
0e585
0df23
08522
0e157
0e4dc
0a6d1
01963
0fe45
04d41
06cd7
0350f
05c27
0a83f
0dcce
05d39
00524
03f07
0bcc0
0527f
05521
0dcfa
0af82
02fa8
0c143
03c05
0c2ec
0bca9
0dda0
0dc2b
0cce3
096a0
0cc2a
065a3
09cbc
0b0ad
015ed
01c0c
02569
04f6a
07f3c
0cadb
02e5a
0bb4a
0ee3a
0ec27
09927
0d3cb
08260
089f5
0fef1
0f1a5
01f5a
0e74d
00ede
01087
0f310
0d722
0fbf9
03cc3
058a5
0888d
0984b
0e122
0a736
081fc
05108
047bb
0f99e
08ac9
05134
006b6
0918d
05166
04ba8
0b0c4
05bbb
01e02
029c4
03b22
085ed
06f53
0ddc7
07f68
0c1df
0b712
048c9
0e1fa
0678b
015a4
0132e
0c115
04beb
03842
01345
091a9
046cb
063da
0afe4
0d13b
0127f
05e56
01614
06144
0ce0f
04aa6
0d417
02943
04d3f
0eded
01b37
09f7d
0f907
0ce3b
05437
07ae8
023de
0f43c
010d1
08370
03a89
09874
0e363
08ed4
0f8e0
07a1a
0a428
04c77
038cb
05a91
0aff3
0906d
0dcd8
00b54
00a2e
0c519
0cc56
0a944
0c40b
0019a
0d380
0c787
00589
0b3c4
0116a
046f7
0a1ee
021eb
04f35
0cc59
072bc
0836a
0daab
04ca3
0d7a2
0d346
06e7b
003ca
0b63a
080af
07842
0ba6f
0da80
01e21
0ebc6
05a8b
06b9b
03422
0ff1c
0e17a
0094d
094d6
02249
0f95d
0b0ef
03d49
0adbb
034e3
03c64
0dac1
00111
02037
0c9e9
0de92
070a2
0c030
04a6c
0249e
0aa1b
09f40
0561d
0e60f
0e055
0f5e8
09798
0084a
0f6df
0bfa0
05c3d
07b50
00a9f
0f8b5
00610
0c146
074c7
06023
03a80
09bd0
09d72
0debd
05460
049eb
0d78c
005b0
082b0
084dd
00cbd
0644a
062f7
0065d
03cc8
01b01
0971d
044c0
00a3d
0ffdd
082cb
0a28b
0f56e
035e8
010ce
0e5f3
08ed9
00984
09d93
0179e
07796
098cc
07841
09301
06cb0
045fd
0e567
07f56
00c49
05f6d
011ce
00cf6
0ddd1
097f7
0227f
076b7
01a57
0d92b
0ad0e
08410
07584
074dc
0c89d
017d5
0cf7b
098bb
0f1c8
05955
07c8e
0c455
0e9dd
0fcb0
0fa35
00241
05739
03261
0e7a7
09452
00a33
007f2
0fd3b
0e90b
02d0f
05eb7
01cec
0c2a3
0ed6f
0ade4
009c2
011bf
0e8e5
01f96
09fcc
018eb
0113e
0caa2
0c011
0c916
0d56a
06f9a
0e176
09379
0b74b
05b73
000d4
06050
0ac70
0659d
0383a
02b04
019d3
0ce8f
0996d
05d1c
047bf
065ac
08528
0d977
0f6c1
02673
01eb5
07bde
02d96
0d214
0bc98
007bf
036b6
0c0ea
07ac2
0c526
04ca2
06678
005aa
0ce18
0a11e
00390
0d8f6
0ba24
08135
09925
0a48c
0a1b3
01677
08c3f
0a8b6
05197
08838
0e5b6
021dc
027ea
00325
0c6c3
0755c
07d39
03c39
0e50c
084a6
09191
0be97
05231
08625
0ff03
0a223
092ea
06eef
0ac5e
0e8fd
02f96
0dbb4
095d4
0ece4
05cde
0900b
04522
0301a
07e46
00e42
0a3d4
0a678
06e6f
08a7d
09ef0
0a011
06993
0dd6c
0badc
0fd56
07be8
0e0b9
015fd
02443
00bdd
0be6e
08747
03736
0abd6
0600f
072a9
0a273
0ae32
0045a
0584b
0b9ef
07859
0cc1c
020a5
09739
045eb
0bd7f
0990c
0c9d1
096cf
0f962
040d6
02588
00b29
073d4
0ef9a
0f9fa
0396e
0f1af
061af
04a9f
0ce9c
0f9c6
04248
06338
08591
00128
0d565
0235c
0b94e
0fd5c
04261
07ad9
0ff08
01a5b
0fb20
0d22d
0f3c6
0cc26
00008
0d3df
0bf55
01bed
04f10
0674a
0d161
06bd7
033b5
0ef9a
024ef
076a1
04e6f
06dd0
0964b
08057
0532a
00dee
0ca58
0ca68
099fe
06042
0626c
0f35b
0e44b
06c3c
078b1
0edd9
08d30
078f7
03cec
09d04
0a73c
0f0f5
037ef
01d51
09450
0e8c2
02494
0e38c
036d9
0446b
0e08d
02992
0f6d0
07dc9
0a7d7
0c674
0fcab
0ce1f
05fef
0a9c0
09f19
05134
00e91
0235a
04efa
0db72
04874
0bc19
08268
0695e
059e1
0b928
073a9
0b95d
03c78
0e990
09d5d
02eb2
0867d
06b1c
04c46
0541b
05012
09a6c
03d5b
03477
0aa22
051f8
0ec9f
02100
02429
0e704
0e4fc
0e488
09a66
04457
06f92
0a7aa
02bc4
052b8
02c7f
068d2
0fbd9
053c5
0cf15
06d82
074ba
0a80c
0c180
03dd9
07a99
0167a
0fa70
0aaca
0a0f6
0b368
09393
0c5ee
0cbcf
0adcd
0d785
08cf3
03de4
0d465
0e817
0309d
0c89c
0328b
00926
0d04b
04b47
027b8
0b0e8
0d89f
098a2
0fd87
0414f
04714
0b1a1
0c5d8
0af82
05268
0f31a
0605f
09a25
0504d
04da4
06b0e
05ee3
0605d
0413e
09f63
082b0
0765b
07aba
0a515
07619
078bc
05693
043d9
03de7
0a324
0bef7
09535
014b6
095dd
006d0
02846
0241d
08265
01d81
0dd9a
0405d
05875
00b59
05ed1
03459
0ea0e
0a2e2
08fea
054fc
0cb4e
03b3a
01617
090b8
07eba
05c8e
06bb2
03724
079bd
01753
0cffa
08486
0063d
0e033
050fd
04c74
0be37
0e5a0
077e8
0e204
0be37
06591
06ce4
0020b
099b7
09ba2
02943
00895
07446
0b877
03b20
01474
091d0
03c58
0bc26
089de
0a1cf
0aced
08042
0fe14
00727
033c7
027d3
00cc9
02de0
014df
06ad2
09076
07565
09fb3
0613e
0c0c0
0775f
06316
0acf3
03e51
0be17
025f7
0382c
0fc81
0bf3d
0e040
00024
09c77
005bb
0ffe6
0535f
07a41
08de1
0d681
08f35
0f340
03e72
06cc4
03e52
0f9c6
07d17
0e355
07b32
01150
06878
01a2e
0580e
0e9a7
0ac14
022a1
09254
030ad
03889
0c6cc
03694
05dc4
0b0f4
0fe8b
077a9
016f4
0f4a3
04f37
048c1
0fee1
06be9
09768
06fd5
00678
02581
00238
02635
06efe
0cc3a
0a62a
0b583
02a55
067d8
0257a
07fed
04484
0bd0f
024d6
0c057
00090
0707a
0269c
06082
09c27
03bd8
06185
083c0
0fe3e
04089
0ec3c
006b4
0128d
0246c
0b0c2
029d9
0ecba
0c2cd
095c7
02a38
0185b
02c03
01078
03597
020d5
04cd0
0b6bd
0474e
0178a
0cc45
0180f
08e3e
0e231
0779d
06788
0a08a
0367e
06cbe
0c9d4
07632
03776
08c9c
0dac6
096b8
005be
05416
02a80
04669
06e94
0baaa
03e61
041ca
03f4d
05816
06814
0f70a
05ce8
092ee
072f0
0f056
09eb8
018d6
0a7b5
05c2c
03f2e
09863
04451
0b842
07197
0a292
060d1
02deb
0163a
0d83d
0858b
073a4
08b6c
080b4
06c44
0a815
02607
09047
0567e
07afa
081e1
0e811
0e45c
0ddf0
088cd
0a82c
0e779
02b74
00ca0
08ca5
0d147
0e4c3
03ee4
0f797
0ed6d
02cba
0923d
04b89
00abc
098b4
09b7c
0516a
03fac
0520a
0a4d6
01a44
0ac4a
061b6
09549
0bee3
05604
0f0f2
02d2f
05c27
02d53
0edbc
0083f
0394e
0b150
05d7e
0d916
0618e
037b9
0910e
0652e
02b0e
091b2
07421
02040
067ef
0830d
065d3
03639
09c06
06e94
03b3d
099ac
01060
06625
0963d
0758f
04e7c
028eb
035e7
06033
013c4
07c40
09455
0da3b
00992
034d2
0c239
0fa66
0ba4a
0cb58
059ab
01fc0
0d3de
0443a
0dcd7
01dfe
05263
001b9
047b3
0cace
086c8
0b899
08fb8
0fa68
04bb5
05745
031e4
0ecb7
07f4e
0542f
02366
04073
0f5ab
0d1be
06a15
0e34a
07308
089b8
0317f
02523
07ff9
026f2
03fee
06b40
0df62
0f5c6
0a239
031c1
0b6f6
0c493
009ff
0d831
02407
04b88
0cf72
00809
021e5
01646
0ef67
00747
0f074
09035
02227
07996
017dd
0532a
031eb
0d562
03476
0b743
0a291
07514
0b28b
030b4
0ab96
0b839
0c9c6
0aae6
01b25
05d47
080f6
0a905
0dd93
0282a
0af4b
026ca
076ad
0aab0
02169
0ac80
08a39
0fbd7
01896
01002
067d0
0bf7f
08034
05f74
0b342
0f259
0ce9f
09201
00b84
03390
01113
06dcb
0149f
07fd6
04ac8
086ef
07410
069a6
0a752
0623e
018f8
02460
03906
03e43
02f7e
03734
0c3f6
05087
07dc2
039f9
09a7f
09255
00ab0
0b110
02f3a
0ad35
0828f
050d3
0a442
0d394
00671
0eba7
037ed
06c11
02a48
00ca2
00cd7
089ca
05e22
0734e
06b7d
043a9
0c1ce
0ecfb
0a461
04b6a
0ca7f
037a2
07af3
0fe8f
04049
0e051
0826c
0c1e7
0530f
01734
09d2a
060c9
0e3ec
06e68
0efa9
00c3a
0b776
0c5bf
0bd3c
06f0d
0043e
0a0a9
0c060
0e6ad
090cd
0d7c0
0c24b
0ac8f
0d759
052fd
00118
0269e
07fcb
06781
096ae
0551b
0b288
07bf7
0b2fb
00790
02397
0964d
0a3e2
0fdbc
09c9e
0f16b
0de74
02b3b
0d5bd
0ab35
054ef
01e89
0eff4
05c03
0a2ff
09412
0bb14
03f34
0af07
0e6a6
0a106
0d423
047e8
0c8de
0ff11
06f94
08142
03b9f
0e55a
02369
0df12
063ca
02c66
0e18f
0d7d9
02f6d
07d2e
0e843
030d7
0b58b
0326c
0029b
07db4
088d9
0c8e1
045b4
03fea
01440
0f395
0075d
068ce
007a0
04686
01543
002c7
0e374
061d5
011de
07f2c
01f22
0a8ad
04eeb
0d619
01716
03555
03c7a
00361
07c84
05223
0181e
09c12
060a5
04078
0fb68
058f8
0e2e9
0057d
0a907
065f3
0db13
01952
09669
021b0
04e57
0ffa3
079dd
0c663
08acd
0b9a4
08c21
0b1a9
021dd
02d9d
06cb2
044fd
0a3b4
0bb25
09f62
06831
07519
0a4cd
07fdb
01ec9
0c097
0ddef
07acf
0dfe7
05db4
0aa92
0c652
0b192
04c54
09749
0d5c9
003d6
0481d
0a569
06aa6
01223
048f4
05866
05fb1
04901
0d80c
0113d
0e001
0d373
0be53
0fe18
02be8
0741b
05c2d
0fbe4
0988b
0f2bd
02782
0cb80
07bd0
01289
0ea29
006eb
0ce96
08dca
0ee58
095bf
07f6b
0a8a9
0e893
0dc72
087c5
0ad5a
040c1
038e2
0d42b
0a3f4
0d900
0eda2
0238d
0a7d7
0c1ef
09b65
00234
06b37
0a879
0d5c9
0f893
04f65
00e4b
02aa5
00e81
0b7bf
041d8
06447
08726
0e654
0480e
07854
04078
05d66
087fd
09d32
036de
0f212
0fe83
03c52
0f682
00746
0cd64
0af36
0d9a1
09fcd
0f5c2
0f2b1
0a3f3
05152
03d7b
009f5
08982
0658e
00630
08590
0bfe9
0a483
0e6b0
059c2
09918
0a28f
06b7c
0971a
0d559
07c1b
04351
00b04
035f6
0c730
043d7
0308d
08803
0d462
089b5
04813
07b07
0f866
08ba1
04adf
015e9
0bd2b
08994
04c43
0798a
0e603
09a49
04fdf
05d1b
07177
0c6e7
033e8
08f2a
0a9d3
03c92
0d10a
0e3d7
041c6
077dc
01d5a
0428a
0630f
015d1
03f6f
047c5
041b6
08384
0f5b9
083dd
06995
0e303
05434
0ca50
0fc71
0b564
02a2e
0feef
09922
0576a
04be5
0121a
06996
09ad8
0e33a
00681
0c666
020f6
026a0
004fa
03a95
047b3
08fe6
06aa5
05d6d
0b252
0435e
0677f
09d38
0d908
0cadd
0d51a
09ab3
0832b
0012d
00a2b
079d1
0d888
0ea30
07a80
0920d
08d49
0d034
0677a
0b015
073cb
06c79
05e56
0ff09
03e49
05642
0dbbd
0aa83
00304
062d0
04469
0edcc
0366d
06711
0d969
0031d
0e9c6
0bc62
0e8ca
0ed92
0538d
04f93
0c433
09f95
0e670
05b4c
0ee04
0dff0
07ac1
04260
0f354
0a90c
0c596
019a7
0f473
0bf81
0dce7
030ea
0329a
0c48a
00e26
01afe
02fce
053d3
0a347
0e185
0c1f5
05a8b
0b439
043d4
008b6
07189
0ec01
0e84d
0f675
0c91c
0c32c
0ce4b
0507d
0a37a
0f757
03806
0c9ae
0f91a
007af
0101f
000df
04e59
07a5c
05716
01ef1
0a598
0278a
066d0
03643
018eb
01699
0dbbf
0d78e
04bec
09837
0ba76
0d33a
00c8c
09456
0a7ac
05605
03523
058af
03453
077bc
03a41
035ae
0457a
0245e
0e1f7
06394
0cf5d
097ac
01863
0e2d0
0ff4b
00b49
089b2
0f6d3
090d0
0e0cc
05f54
07740
0a759
07621
0f13f
089e3
0d5fc
0da75
0c7d7
05d85
021fc
0eb9f
09422
0bce4
0bc82
09277
0601f
06969
0c886
005d1
0154c
020e2
061e0
0ab6e
0d40e
07b42
09ac0
035b2
0dd93
079b6
03f07
0d2f5
064b4
0ed0b
0b830
08873
07354
0ae08
013ae
04400
0c76c
0fdf9
01f0c
068b2
04fcd
074c6
0db53
0d34e
09f98
0d046
0c38d
08cbb
01e29
09666
0e4ed
0000f
0badc
093b4
08679
0a418
083ed
014ac
0a128
0bac5
0a4d8
04530
0c774
0fc5d
030b3
04e8a
0e580
03c6f
0d0f3
04e58
0f58d
0eb1a
0c4e9
0e382
0f03a
0746e
05775
08264
04fe5
066ea
0d9ca
0651b
0a7df
0b3d3
00ca0
02abf
0577d
0e01f
07f75
035a4
0a2b6
08fa3
0946a
022eb
030b5
08471
04bb5
0644a
06223
018e3
00de5
0469a
0effe
0dc6f
095d7
067f3
0ac4b
05728
07f0c
0e6c7
0fcaa
08e7f
07280
0e7c6
053ee
0439e
04ade
00e3c
07dda
068d7
0e80b
095a0
020e7
0b0a5
07165
07d00
0e61c
009aa
00860
088a9
06bf5
058a8
066a1
09aa2
0e8a8
0c18f
0cc87
0e923
09ff7
0c8a5
09a42
0746e
069ef
0bf42
04b63
0f5b7
008d6
090ee
0b481
05ce6
0855d
0cecd
01e52
0202e
0bf38
0745e
0934c
07232
00666
0f93e
0f0db
09914
0d394
07b91
0bfdb
050a0
083b2
04d5e
0f243
0cc6d
0544f
06ad6
0fc5b
002c9
0df83
00948
040f0
0cbd7
0906d
05b30
0d329
009aa
0cd2a
005c7
0b19b
0f8d2
03937
06834
0c9d7
0912d
08b7a
0f57d
011c5
0c4f9
04fc7
0b301
008a9
0531c
0214c
03aa9
00e5b
0f8f6
0f6d6
0082a
0652c
0c340
0fbde
06660
0fcad
0c8f5
05471
0a7a0
0a49e
04a4c
08457
01960
02089
04e0a
07bd9
08408
08dd6
09c7c
0924b
08489
06ea2
0301e
0aa7f
008bf
0c65f
03ae4
0b85d
00d58
0694a
0fcfd
06c57
02747
0367f
0e38d
0d256
0fc00
052f3
0026b
0cba2
0d72f
0d0f0
0c3d6
0d433
0f9a9
0b51b
0b19e
0d3b3
07e1d
0baa8
0860f
0e3c1
046ef
0ac37
04902
0c048
05882
020c5
02449
0b031
0cc9c
064c4
0cd21
01e3b
0d47d
07365
05c06
05c66
05860
08133
029c0
0d733
054dc
0d999
008db
0f370
0511c
0faef
0243d
030e4
04f55
081fe
0c68b
08cc3
04f15
024f0
0f7b9
04a02
0109b
0adb2
065e3
034f9
0b391
04c21
00516
01516
0cc1f
0c3d0
01017
01277
059e0
04600
0b97f
086c4
0bbad
0815d
03aee
08dcf
02e95
011b6
07d37
040d4
02626
048cb
00bd6
09dc2
08c2e
0845a
0cd7e
0507c
04f78
01386
07836
06231
08e34
02c59
0554e
0b920
03fc5
07a2f
068b7
013a2
057ec
0cc5c
06a80
0f8a4
003f5
0b6be
00a85
0333f
0827d
03c7f
02676
0c9b1
01809
05909
0697d
0995b
038b1
0d32a
07198
0c870
09f62
04e4b
06c96
01258
0ec82
06de4
0ab36
03bc4
04303
06a9d
0ee3d
07763
0f9ae
0c2d4
0a45d
0ca53
09eff
0fe98
03bce
0aa3d
086f7
0e1fb
02a7e
021bc
0126b
0021f
08e73
045bb
016a1
0c28f
08046
0d9a9
0743c
0efb3
04fce
02c0f
0215d
069f3
06a74
0f7f1
02f0a
0c285
0d0be
039bc
0ca1c
0ff07
005e1
0a196
0ec85
01c08
09f50
09c55
0d3bd
0a60b
036c4
099d1
0b83e
02eb8
0e6a0
0541b
0eef3
0ce98
0b2c8
01dc4
0d04c
0fe19
0b564
0b4c9
0d022
09b27
0e12d
08bf0
014ab
01d24
06771
001b3
0bf9b
06b83
05e93
0d3bb
05d1d
0acbd
0362d
026a2
0a56d
06d21
071ee
08536
0597f
014bc
0381c
02584
0d439
044da
083c4
0abb1
051d8
00ef8
077e2
02452
06220
0b74f
03829
003d0
0a7ac
07de5
075cc
0e943
08152
0bbb2
00dc9
00d6e
03df4
00177
0e9ce
0208c
00470
033a3
0490c
08ac9
0c71c
0c419
06ce0
0ae26
0547d
054a0
0ad16
07977
0f45b
0f6f2
0ac9a
030ca
0264d
07329
0f553
09b96
0bfd9
082b4
08a5f
00391
09955
01fc0
08d27
0ae66
0d8e3
0108d
072cd
0adc7
0a0da
01acf
03bb0
0f3b4
09a38
005ca
09b16
0226f
03665
04da6
02af9
06872
08a77
046da
080db
069a7
08439
0763c
0966a
0626c
07f49
07285
08bbe
0e59f
044ff
028bd
0f658
08c25
00077
09013
049c9
0f1c2
06960
0c19d
03f05
07db4
04d42
0a3e9
04588
0fede
075b6
0c196
06408
08759
0841d
0c592
077aa
0a32d
0c350
07015
06413
033bb
035f9
0d3e4
0e988
084c3
07117
0f108
015fe
0c4be
067c9
063ad
0cb0e
03f83
08a01
07b85
01912
0e162
01d52
091ba
07780
02e28
09820
0f479
00cfd
0a873
02ca0
0c5db
0f71f
02139
06bec
00278
08aa4
06109
0620f
0e1ef
00728
04b71
013ff
0a166
05e5d
08ac5
020b1
0fcc7
0379f
0dee1
0dd18
050ea
00f05
07604
0cd26
0e368
02e2a
02938
0ab89
0e631
09bc9
0a74b
021d9
0ad8d
0a66a
05d0c
0a31d
09d9c
0790f
0177e
09769
09d62
003f3
091af
0e2f3
081bb
086e7
0b1ec
0064a
0f7f3
0c2bb
0dac3
02c00
0b254
0735f
086ac
02a56
0f732
07cc0
08542
018a0
0dbba
0d4ee
0c834
0253e
07b9f
0e928
0ffe2
01c02
02d2a
08254
09040
02332
00a30
0df3e
00cc3
045c1
09952
06ced
0fcf2
056ad
0cb6f
0303e
0fbc2
00816
01ad3
06934
0478e
01063
06678
02fd3
0badd
02e09
09e6b
0eb0b
061df
0b142
083ea
009d6
02784
0df3f
0cacb
065b2
0bf28
0c0f9
0219e
09602
0f3af
0693c
026ab
06f98
0f028
09e2f
04f89
00691
0f681
0fc74
0ed48
05018
04f57
07dd7
00874
0d7b4
0d7dc
0cbad
08b67
0ca02
07aad
02aa3
01335
0650c
0f4c8
02864
06ea3
0a5ed
00ce8
033fb
0fe53
033f0
0aa3e
0eafe
08097
089f4
04bbe
08d2d
06e8a
02596
028ff
0c188
0de1f
0f57f
0a3e8
0bf0c
0808f
00827
055ae
06215
07197
05e74
00bd8
088bb
0d822
0fa77
0b3b5
0eb18
06249
05e34
0c438
0017a
054e8
027b3
045d7
005be
03549
00f19
06868
0e086
02594
0c6ad
0a288
09fd0
00b83
04d69
01e07
0d622
04bd5
07a4c
092a9
0dd59
0825f
0dcd9
01a31
06452
0c09c
0e4e8
0e9c7
0e6c1
0ce73
09480
03e4e
06f8e
0ce26
0ab48
0dc04
0ac50
0dc9c
071ef
072e8
0c300
08da1
0cefc
0650e
0ebc0
03f1e
0f305
0cc12
06ac1
005a1
039f5
005fb
0ce5e
03573
02a19
067a5
0e8bb
00902
04d3e
0878d
03b09
06ca7
062cd
0c391
04c33
096fd
03338
062b8
053b7
02870
029c0
0ac10
0e0a3
073c8
09973
0351f
03e6a
09c64
0115d
05982
00b2b
02a72
0c9fe
03d00
05810
0eece
09c78
0181c
04390
03f7d
0f607
07d48
0eb27
050da
0dd78
09e6f
0b038
0ceb7
04de0
03458
01b80
048f2
00699
09e61
094f7
01a6e
081e8
09eac
0d72c
01855
0bc51
005b6
00fe6
0cc31
0d096
0baf3
06f79
05fd8
0c9d4
05a6b
0eced
01df1
04110
0c8a8
0b503
08a2a
02937
08289
0e280
03e8f
085be
0836d
0bf5e
0782a
09294
0987b
02e1e
07701
0df20
0a113
02ab0
09ced
0eed8
03bed
03081
064fb
05f67
07615
05f86
0e8e8
0f390
084d2
0259c
05da4
03335
09fe7
0345d
0722a
0bf1a
0f157
058a7
0571a
0991d
08b12
05988
01df9
00885
0f9e2
0fc4b
004b8
03266
0f4ef
0b11e
0be2f
0c0fe
08c89
0a5eb
06892
04fc7
0e9de
0004f
0760c
08111
0c982
082bf
00ce5
0597a
0db32
00a9d
0bceb
04764
00671
07c5f
08b71
0b86b
07e8f
0db6b
02338
0f828
0f428
02c26
06819
04219
0dcc8
0e830
06f57
0c2f5
0ec68
01903
02bda
0cc7c
0eb29
06786
01149
02e48
0bd5d
06d9f
0a702
05b29
0e41f
00bf9
0e9c6
0e618
059e0
0436b
0c441
060a1
03fcc
06db5
0f796
0bcdf
0aab7
06ceb
00e67
00c3d
00e8a
0fd5e
06ce6
0aba7
0079d
0fa3d
00be8
046a4
0c5b6
0b4bc
0de0c
09389
0a9c7
005e8
059fa
0b37f
0c7f5
03a92
0e4ee
0f7dd
0e862
0ffce
0a198
01fda
0d081
05df7
05088
04837
023e4
0ddd5
06a4f
01278
03595
00fef
0b6be
0d655
06292
082d5
0ba21
04736
0891c
06196
03929
041a6
0f49f
0987f
0ce76
008ca
01d6f
0dec4
0cf40
0cbc3
00dbd
0ea8c
07d12
0c1cf
0d378
0cd2d
0c44a
04fd6
0a78e
0a4af
02bde
04716
01252
0f8f5
0187e
0f5f2
00ab6
01a91
0b1bd
05b76
04c1b
0c62f
051ee
0647a
0ff50
01564
0086a
06195
08dca
0fb56
064ae
03ca8
09aea
0d425
031a5
0047c
01ba9
0d155
0ab91
06a35
0777f
02d02
0ec82
0c87e
0d5ca
0e09b
0e4f2
00fdf
0918f
01ee5
046aa
09c5e
0ac44
0c6db
05c6d
0661a
0112f
024ab
0586b
02c2a
00f0c
0d671
0e87e
09a1a
00b20
025d1
0aac2
002f4
0bd96
00077
0858f
03372
01473
0fa7f
011c5
0ff80
057b2
06b62
00931
0394f
092b5
0e1a4
0a1f3
0781f
01406
09aad
05793
08fa1
01853
0b43d
06088
09ff5
08f71
02c41
0780f
02fd1
0d8c8
0de15
09a9f
03954
0236d
080f5
02ff2
09a37
0dca4
08901
0f365
088af
0d975
0c4fd
0f7d7
0a92a
0d599
00c7b
03e2f
079cd
0c0b1
0d962
0e6fb
002c4
08780
0564e
054fd
0ad89
062b6
0a40c
00fa5
01b12
0bb58
0370e
0dc4a
0d124
07a26
0ceda
02c7e
027bf
03ea5
05df3
0cec8
09eff
0cbc9
069f4
0df67
0230e
0d21e
0499c
00f87
0621e
023d1
00c46
01706
0b9a1
0f339
0986e
048a0
00378
014a4
097d0
0db8b
019e9
00667
016a1
0dc13
06b9b
0887e
0b451
0bcda
0c0fd
0b089
04a43
0351b
007b1
00e86
0ce7c
0f133
06697
08ad8
0b6a6
0383a
031d5
099f6
032ec
0cfdc
092f9
0f50a
0a621
0852d
0b6b8
0bcfb
04093
090f4
047e1
0d52f
02508
052fd
0e1d1
008b6
017c2
05269
0b04f
07e3e
02035
00e38
09d74
01a6f
01859
0214d
01d5f
09315
0011a
0979d
0972c
0423c
060fe
0b0b8
0a6bf
08480
07a66
011a1
009d4
07033
0b0c2
0edde
05893
0334e
03426
07c5a
01c2e
0bd65
0a853
0e9cf
0060e
033db
0af4c
0419f
06f2a
0b922
08cd8
06d9e
0cd24
046b9
07fc3
0c72c
0d1bd
00083
03782
03fe4
03ac9
05052
0c797
05164
014ed
0c288
01930
02d3c
0f3cf
05a8f
037eb
06d8c
02dc3
0e3f2
0deb2
0d7f7
03f80
053aa
0a0f8
0b710
0cba5
0ab63
07c60
06024
07ed3
02b1b
03e7a
064ee
09d20
0fbdf
042f7
04f3d
03287
0b715
0ef1b
0e22c
0f52a
0efa8
03ec8
0f597
0e3bd
06a63
07178
08c71
0c7b0
03ec1
0b71e
0e472
0caf4
0f2ab
09be6
0ca7b
0cefe
05391
01902
011f2
0cdb9
04b33
05d04
06355
0787d
0d2a3
0be87
0b25e
00635
05d90
09545
05128
005b8
0a8c2
0017a
06130
0cbb9
0cc7c
05a30
0448d
0dbe6
0d497
01d9e
01814
0c6c1
046f0
0d398
06130
03654
069ff
0c76c
0fc98
03042
06e1d
00e7f
04439
03d8b
0e6d2
048ae
0a959
0006f
08f26
0f47b
07401
0aac4
088d4
09647
0cd42
0af2e
0c817
05243
01869
06bee
007d7
0441a
00b5b
0db63
08531
0a2e1
0a727
08789
08dea
0327c
0772c
0aa3e
095b3
034f8
081e0
07d87
0d3fb
08f22
0fa18
09530
0e4fc
02a0c
0f220
0c1c3
0e1e1
0f751
0afb9
0ca57
01cc9
00426
0e4d2
06bb1
05ffd
05a52
0ae91
0fcfc
0c4ed
0f601
04da0
040f2
059b4
087ea
0f4bd
017f3
06224
0c826
052ba
0aa02
0b00b
02662
0769f
0d671
02935
00041
0d71b
099f0
0e264
0bf01
046a0
039cb
0b594
0fbde
0503d
0ee78
05268
0c26f
0faeb
0c2a3
0ae21
077e6
0df03
0e6c7
01c93
0f059
07333
06538
0229c
0186b
00bc8
00094
00ef8
0a912
00d29
0bbf8
08188
0b492
02375
0699a
015b7
0ca6f
03618
0e3ec
03da0
026bd
0b95f
00b49
04f12
043c7
08d16
035a7
0e25a
04708
05132
04ec0
06f21
0361e
032c8
02990
089e3
05af0
0b684
024cc
0b242
0f58f
01147
03d76
064db
0fa56
04e55
0e34c
0a16e
04686
0d315
0ee46
0fa57
02e03
0fc40
00158
071de
08647
0ab46
0bc65
0daa8
0f5de
0e374
073a3
0d968
09ec7
0ca9f
0720c
09192
07d2e
0c7ed
01118
032c2
03d74
0bdd5
06f7c
06022
0c3ba
03c2d
07f32
0232a
0eabf
07270
09e63
0e4df
092b4
0106f
006e1
0de10
0282b
0e0cd
05f81
0d237
02788
0e982
0d7fc
0b611
05d81
0168a
0fd54
03334
0c72e
02467
00743
09e8b
077e2
0ed31
01295
054fd
0dd86
0a4c2
09b4b
00446
0ebc8
02f12
0d78f
07023
0ca5c
0bbf9
087fc
0e48c
04cc7
0fcec
0704f
0442e
05681
08285
085fc
09d72
043a7
0a663
036ec
0fa2f
0f24d
0680d
0437a
0020d
00280
08f47
0b925
0f376
03518
09faf
02e15
0a60d
0fb96
0c964
0a9ca
0cf1f
0d287
0998d
080a1
02ad7
0628a
0aa66
0d4e3
09718
044d1
03cd7
0073f
03720
0d84e
0b0f3
0ae04
0ac3d
0389f
0e281
022ec
0a3b5
04f13
080e0
0d695
054f1
0d124
0d552
0eda1
03c4b
01f30
07bc6
0d377
072f7
07f44
04247
09e32
0fee4
0978a
08cc4
003d4
053de
06bde
05e79
08e76
071ab
07ddb
04e24
0f986
02327
05bef
0f635
097a2
07a5a
034cf
0317b
0cef8
0bede
0bf79
0119b
08b79
0662a
0486f
0bce3
0abb2
0857d
0ed85
02e31
01e9b
094a2
06b82
0af9f
0e08b
03d36
00082
035e4
0abf7
089eb
01d27
0ba07
03654
04b71
01801
02d73
06a7d
0c98b
02126
049f9
04fa2
09397
09346
0feb4
020e9
025b9
05cb9
0452c
0afbe
0dc74
025bf
06337
02e37
005dd
00ea5
075aa
0b9cb
038da
0bc4d
071b5
074df
0cb0d
0da2f
078f8
0de7f
0f97c
07ad6
061e3
0027d
0d54e
06cb1
0b2d9
0e839
0e208
04fbe
0b0f7
07878
09e6e
05558
0eded
0d3d5
0f109
070e6
03479
0fafd
08ebf
090c5
0a961
0fe29
0fed0
08a62
0d10f
0ef57
0ff27
00bfa
020a8
03ce7
0d022
04515
0e67f
0eeca
06ebd
04861
0a961
03ae6
083ca
0c433
0fd0d
0b7fb
0653d
059de
0e2aa
00fa2
0d778
06a82
060f2
07cec
0fcd0
0b284
00fd3
03a6a
0af92
038b4
0838e
098ea
03958
00402
0967e
01dff
0bf95
05efd
0eb07
0a961
0a2c9
0b564
01dd4
01b58
0d6fb
073c7
0471e
0a7ea
01d90
00d3f
0b723
05e0a
05b7c
09a32
0a577
07c73
0667c
0f3ad
082fc
0e74e
0bde2
08ccf
043b5
0f97c
045bc
0d67f
0b2ed
06a31
0632f
0b8dc
0468f
0455b
052c2
07ac0
03a16
0a98c
03caf
077a7
0e07d
0291d
0cde5
03983
04fae
021e5
08f59
0e900
064fd
09ee2
04534
08e49
00ef0
0acfa
09ed0
06ecf
074a0
0da1d
05c1b
01227
0a885
0b332
094a4
02308
06ec4
083d5
0a8cc
0e12e
0b6f5
0156a
0dc81
07707
0291b
079d5
09dfa
00f55
03d30
0047f
09279
04b1f
05fda
0708f
0b51b
0fffc
0d69f
08fea
0c625
09954
04f1c
0d3d0
03387
0c1b6
0190d
0e52f
08364
0b678
09bc1
06e92
000a9
01656
0b8f7
05226
0038e
00eb7
097a0
01851
0d788
0a531
03033
03f51
07874
0e587
02026
076eb
04daf
0d0d2
0f9e7
0e951
063bf
07e2a
087e8
030cf
0c406
0da86
0823e
08de0
0248b
0a65c
0baa2
06984
0cd00
0e2fa
07409
00015
0ed55
0775b
01096
0e9b5
04561
094f4
07168
085b3
00440
073ad
0baa0
0c00e
01ffe
05afd
0447c
09e1c
04536
061f6
0541f
01c28
0fd73
07b9d
02a46
0c264
06cd5
04490
06da8
0b37c
0ee52
0a70e
0d0f7
0f176
03560
0715e
0d2c6
09f16
0e438
073a9
0dd87
0ae39
03cbc
0d452
03611
0bab7
0fa3a
0d2f7
039e0
00023
083e0
04a6a
0d34e
0ea3e
061e4
020f1
01c0d
020b2
02cbe
0259d
08f66
0caad
07291
08820
0495d
05dd4
0f06a
08d2d
09479
07f7b
0de2e
0a9d1
0af5a
0412f
03dab
01a53
0a671
09ef3
094b4
02616
04155
0dff3
003e5
0e97d
016ff
0aeaa
0a1cc
0cbfa
075ee
01289
05af1
0f518
02517
08688
08a8e
08b89
0b235
07cf5
010c2
056eb
0f12b
0fc37
0d89f
08bd3
0131b
083d0
07494
02851
085ad
0dc63
049b1
09305
01332
03ef2
07bbc
015d4
041df
00361
02b72
02765
09805
083bd
0fd6c
0e39f
0c631
0da73
0ebfb
09394
04057
0bb85
0b302
03199
00936
0ccf1
0f1aa
0e4ae
0b7b0
0e0ce
0360f
02c15
0ff29
0e592
04bbd
0498d
0dbd6
05b58
0b5d7
0c5c5
025db
08bce
0c6a5
0e4f0
04dd2
0d349
08b57
0a6e1
049d6
0e8db
0f140
03522
05dab
02c97
0be5f
0939e
0deaa
06b6e
0144b
067db
02a15
04db8
0a971
093f1
0e96f
0bf35
0e06e
00bdb
015be
01abe
07747
00424
02bfe
08db5
0a6a5
0f67f
0c88f
0d88b
07aad
0c303
0c97d
0adf4
02e20
0d923
094be
07dec
09849
0282f
0bd8c
0ba18
00381
0c8fb
07638
0603c
01bb5
0d799
02101
0814f
0bcbd
07757
0f608
0cdba
02246
0b27b
03d54
040c3
0ee47
08f54
0bbc6
0196d
0846e
0ba15
034d0
0c10f
02ba5
0a2a4
08e18
03abf
0cbe3
0a8ff
05865
06102
0fbf8
07db9
0fa91
06f15
098cd
09e7b
06d51
04ed1
05f94
0dac2
05ba6
03c84
05181
0aed5
0f374
0321d
0a494
0fe8b
0f49e
0887c
07f11
0f4f6
0057f
0b12d
0885a
04f95
03ee3
0755b
0abbc
0892c
08a2f
0e475
09494
06201
073b0
09cd2
03881
07774
0ea2b
0d79f
097d7
0b6a3
0a50f
05d6a
054bc
04f16
07241
039f3
0b825
0bebb
01d4e
0304e
02654
02343
0fa17
029ce
047ff
00cef
046b9
0baa4
0b098
0c80d
0c46d
0fba2
0ced5
064fa
028bd
09eca
0b856
057c6
0d850
01e61
0171d
0b466
07a61
0731e
0f307
0e077
05c08
02f44
05fc6
0f522
0003b
0c474
0f170
0e764
0bb6b
08b15
0f86b
0d97b
0a795
001f7
06f9b
03d6a
03c09
0390f
0b764
0cfdc
09407
08451
07de8
08457
0f723
04cf6
0f8a2
0496d
0742e
0fbc6
0cd0a
008f0
01cc9
074d6
08a87
0a015
03075
0bb85
0b019
0c21e
0ef20
0289d
081fa
0055a
0e952
06de2
03522
08ff3
060cf
0f661
0289b
0ab04
04c7f
064f9
0d9fd
072f0
04f7a
074d3
0e7fb
0b919
052b7
0783d
01b9e
0bb58
09f7a
0742e
0ae7e
0f0f0
02e8a
0bf44
06f82
0a071
072c6
00443
009e5
01453
0a8ce
0f609
087d5
00d9c
05e20
043c2
00c3f
0944f
073b2
0526a
08603
00a8a
06e92
0036d
07730
0e78d
09e26
0b1b2
0076e
05aeb
05ed3
07c71
01d69
086fa
0d688
072c3
0dc1a
0f591
03006
02178
0b793
079bb
01f3d
08459
029a6
0af16
06dd3
01adf
0d9fa
0f10a
056c3
04ce5
0f402
0e5c7
08e79
0ede9
0e360
075f5
0d574
01262
0ae86
0a7ba
00dbd
06b30
062c1
0d0dc
01f31
08f77
05621
07766
037fd
038e6
03cc1
0676c
06482
01fad
01840
0de35
08531
003fd
0c745
0681c
0d3a4
007a3
094fe
08fd7
067fc
09501
06c4a
08713
0d1f4
0bd4c
0ecef
07ecc
0db59
08b72
06b28
0a3bd
06f7e
0241e
0d49f
0c3e2
0d081
026c6
07f4c
0e466
0b1ef
068b7
0502b
0b08b
05a1a
0f069
00a98
0be83
05677
003da
0461d
07a46
07cf6
0faae
0bbe6
0280e
06f50
0953d
01da6
0bae8
0c9aa
07ffc
03246
0abd1
0560e
07ce8
04cfa
03c00
04384
0fcbf
0c7bf
0140d
0444b
0f991
0d4e8
08c4c
0cf78
0289a
00073
008b4
0fc71
0ea3d
042e5
0d3ad
0b531
056d8
0847c
0c050
096c6
05486
0d707
0cc6a
0eeb5
0ae15
03c7f
026a6
0912f
08046
0027f
097b2
0488f
01360
0edc1
081e4
04d23
04857
0efe5
05e6d
02802
05c06
01231
07f8c
01f98
0429d
031f4
06790
0ff77
0bb58
0edfc
07328
01061
01373
08bc6
0990a
02a9e
02487
0172f
0b5d8
0bd61
0d338
06b5c
0bb9b
0581c
0209e
0e8f7
021fb
0d8c2
02760
0b423
0e305
00483
09413
04415
0b36d
0b5d8
0e50c
03481
067b5
060e6
08fd8
072d0
0e0bf
0bae7
08faa
031ee
0e12d
0bab1
03c36
063c2
0b46a
0b5c6
0a5f2
06260
0d83c
0a22b
08266
0e1df
06ec4
08b3b
091eb
0d4a1
01bd0
0f741
0b023
09357
001d4
07a1a
0bb37
07487
066c2
0fa12
002c0
03c1d
00625
0648f
010bc
0d582
060bf
0b12f
0fde5
07eff
00b48
06219
05ac5
0860a
0b749
0b40d
04d30
0c3fd
080d6
0ce86
0ab3f
0ef92
0e588
09395
0d3eb
091bc
0005b
06cce
0f15c
04385
0274b
02ee4
0c0a8
0dedd
04970
0aa3a
0453a
04193
06f53
0c251
01057
0fea0
042de
0c513
0acc0
04bc9
00066
0682c
0a03c
0db20
0f52d
0b952
06f76
01cc0
0d2f5
0d327
00e90
0f74f
0856b
05151
0ef01
0f38d
0f851
085e0
0f98b
0f7a9
08b2f
00feb
049fc
06a7e
0f413
0d958
0515d
0ccf6
0d4e7
02c0d
08568
05012
0640d
0fdfd
0d8c3
004ac
06f34
02604
0cf98
0d149
05d29
0d2b9
0d6ed
0a102
07eee
0538b
02192
00281
0f8f1
0c005
0d192
04f8c
09ebd
08e68
0198f
01acd
0cb48
0e0a4
0c321
079d6
0b9cb
0fb0a
0e6a6
0c426
087c3
0f2b4
0d478
0c302
0b800
0eaba
0868c
04a7e
05206
0a452
03516
00b4e
04be4
0d054
003a9
0ecc1
0c40e
04a16
0ebb5
0dcc7
07821
022a4
0391b
0f2a4
0deac
03935
0e4f1
0d638
01951
0839a
0c39a
06b3d
01b69
0c2da
0132d
06845
0b612
0b6b7
05a38
0eef6
06137
03378
07870
0d4c0
0d970
0588f
09c6b
0a343
088af
0f38d
09ff8
09dae
045b8
0c3a6
053ea
08234
08c3c
005a6
0ac38
0a32d
097d9
0e54e
08021
05798
01db5
0a443
0c4fd
01391
0900f
05858
066d5
04b2e
04b6e
01128
0c902
014c7
0681c
001e3
00fd7
0da8f
03b2d
08420
07240
0332e
0ab54
0f166
03888
0f0f6
0a16b
0f380
0e0ea
05285
004ba
051f1
0bce0
05bd2
094f3
00f47
03523
07e2a
0e551
01873
0d6e9
0d787
05b31
07c60
02462
068c7
0e281
01158
00c85
017b4
09946
0adee
0050e
031df
0a561
09dee
04deb
0f01c
0ca49
0c7d0
05be5
05f62
0566f
08b0c
07322
0e3ac
0c938
07f77
0ac67
01728
05f95
0e58e
08b2b
035f5
01fcd
0084d
0bb99
0298c
01223
049ba
06d14
0949d
0e5de
0b120
05fc0
04643
0e373
034e9
06e23
0cb42
0fc63
00b87
0a1e7
095fa
0db86
04000
0102f
0c46b
04663
08b3d
0efea
0870e
05a7e
0fa10
0b18c
0edcf
0d26a
09517
0c2d3
0569c
0ab08
0baa1
026a5
0b996
047d0
0a596
0f76f
0d78e
06658
0d43e
0bed5
0699a
05da7
003d7
0afe9
0a82c
096d4
0a671
03a64
0a97e
00f46
09651
00b13
07864
0d0bf
0a933
0d02b
03dd5
0292a
08801
01544
00739
05017
0a281
08606
08b19
00428
03827
0583f
095ec
0485f
097b4
0d6dd
01e74
0d94a
0e406
008d5
0947b
05c5e
0d003
0f9ae
0a44e
0eda3
084ad
05c5f
04f51
05cc2
0962f
07445
0bf94
0f84f
029e6
0655a
03d17
0ab01
05195
09d90
00d5d
0186d
064b6
0dd4b
0d4c2
066f6
030e9
03763
0cc39
01409
03fab
0d639
05924
023a1
03389
05430
0647f
08ac3
09c40
0202a
0ceb5
05522
06a94
068a2
0c154
089e0
027bb
0a242
068c4
010cf
006c8
0a786
05cae
0fd7d
07d68
02386
00f7a
0bc25
05ad7
02dc4
01e4f
099ce
09ceb
0f83f
05831
0b9ee
08b24
0c3e9
0cd97
02aa2
0dac5
008df
0a871
00601
0bd2d
0c5cb
08d4b
0b546
0ca65
0e9fe
0bc17
087b6
05a00
0337f
00cab
04c9d
0e4d5
0d56d
0a935
0d09e
03598
0371f
09d49
02f87
0d1f4
024b2
0993d
0a7a8
01853
02b4c
0a359
0822b
0bbee
08926
0c263
00ba2
0119d
0618a
0fb58
0177c
03c94
0776b
0e411
06e91
01db8
0b0a0
048b1
09ed4
09e8b
00bea
0a000
0bcf7
0d4ad
083ac
015d9
0737b
04ef2
03ce7
0571d
08c19
0fa65
0f872
082d0
0b929
0a3b9
0f02d
0c0c7
081dd
0aa7e
08e2d
0611c
03da0
0a6f5
0c3b8
0e8f5
064d1
0088f
0f1ad
009a6
0b49d
04f8c
09410
0ef1c
0b3fc
02434
0ccbe
08516
0b0c1
0d3cc
02d1a
0258f
052ad
0ab76
0aac5
0931c
02e79
010f1
07832
0a50c
06cec
049d7
04571
02bf2
0f9fc
06427
06c92
09b7e
08b47
0569f
02937
0edb3
0803d
04f79
07b98
01d79
06375
031ea
064f9
012b7
020f7
0c658
07369
08ef3
0da76
07eb0
015b7
0eafd
0482a
07695
02cde
0d880
0ccb4
0cd67
0dc98
0bdfe
0867b
0938b
0936c
09dec
0dd20
0c8b2
0b9ee
04e8f
03ade
0bd35
075cf
0f6e3
0157a
0b0d0
0f4cc
03f15
0b0cb
07e1b
0a236
0da31
09254
0bfb5
0643e
0c161
0140c
02f0a
01bd7
08168
0f464
0d215
08144
07636
06ead
0caa0
0ae0a
05655
0b6fb
0a80a
04424
0dac3
0adf0
0bfdc
07d5a
05acd
07a03
08dbc
06f70
0b91f
05522
04c46
020a7
06186
07498
0c1f6
0f69a
0e781
0d7d6
08b6d
0450f
096e3
08cac
030b9
01e4c
0c86e
06ca8
083a3
0fc7f
0a736
0975b
05b9b
0598b
03bd3
08b26
07a61
0f896
0c949
05e16
05b41
0457d
073c6
0a303
09e25
0ed57
03e26
0b1d5
0d2e8
06897
0daf3
061cf
0966c
00c0c
0c001
03896
0d73a
09cab
05e60
0b2bf
02542
032f9
0c4c7
08135
07c00
069f3
0b09e
0512b
05d4c
0b825
0e4c5
0c6c7
0c947
0b8ca
00da2
0639b
02583
0eb1e
08b4b
0e01b
0781f
04648
063db
0304f
08aba
057a8
06a76
020e2
0c9b9
02e66
0f54b
0af3e
06c19
02622
04518
09e3d
0c6fd
0d2fe
0afbd
0d63b
0fd83
06a90
0e73e
01489
0ed61
03c42
089d2
06b47
0a07c
0a537
043a3
023cc
0af07
0a3fd
0d1a3
0d571
04d7c
0710d
03f05
0b62d
0465b
0b2e0
03ad9
03320
0ed37
07f91
0d04f
0131a
0fe53
037a6
0171f
05afe
06427
09de4
00a52
0055e
04aaf
0ff6a
0c47e
0e07d
048e6
04667
075e6
03f28
02727
0b834
0123d
05ce4
000ec
0503e
0eaa6
09fdc
00380
0b262
0886a
05f7e
0f410
03496
0fe58
06c25
0affd
0b6eb
09d93
0f44d
03dcd
00d99
0ce54
077f9
041ee
07118
092a8
0592d
071ce
02efc
0af3f
07262
04b7d
08ec4
0d436
074bc
04c22
07f1c
02dd5
0dd41
06cbb
018d4
0d614
09d68
08a50
0b57d
0c3ad
0ea4d
00d2e
0b7ee
06f37
0a784
05dba
01ad0
0d0d9
07850
0ad70
0ea6f
0bac1
0f318
0a059
08d0c
03f01
095ab
0100e
06685
00b43
0ae29
05aec
0ea12
0cdbc
0960f
0b041
057cc
04073
0e2eb
087c8
01148
0cdd7
06224
09bee
01383
0aab8
0e6f2
0e334
00731
01f40
0e3cb
0ac61
075c1
0e860
08b97
06e91
07ec6
07404
058b3
02934
07b43
0a73a
0506c
0b4bd
07bd5
0fb6a
04be0
07120
048c0
00831
0b158
0af33
00a9d
05e31
0e868
0a1fa
0a443
07bf8
0403a
0c32d
09a02
0f60d
069d9
0ae1a
03d2d
0ff4d
016c6
0564e
09d7f
0f8dd
0c591
07186
0b612
0596f
06002
03681
03248
08568
01215
041f0
01ab8
0b546
0713f
09135
0a6c0
0c56b
0f4c0
0508d
03fd2
0dea7
06b69
0759d
09a9f
06d64
0679f
0252c
03336
016fb
0d031
03071
0586e
05ab1
0ba22
0fa40
090b5
0f0d6
0f99a
0f5cf
0ce73
099bf
028db
08cf9
08821
04b9a
011a3
070fc
08f9c
0a909
04c2d
0057b
06569
03af9
08ef5
0f408
04700
07f96
040c3
0ef32
0678d
0c0ce
0f242
0e4cf
0cdc8
0403d
04c09
0b627
01923
019a0
062ad
04d3a
0a086
068a1
0af3c
0008f
0804d
0d65d
05f75
09d00
023f4
07282
04694
036b7
0a7dd
00528
0d79a
046ce
01a22
0eb69
06608
069d2
07ec1
0d1cd
03cc0
0ad40
04988
03041
0c9dd
069f2
0c2d0
07356
02f33
0832f
0374a
05d0c
0d1d9
0e1af
05f1d
0404f
05817
0817f
0c904
01b5f
06c8d
08ff7
08c8d
015ef
0a697
0b9e9
04a6a
0df9a
0d174
01082
0d4e3
0a748
09700
0db31
01408
0a75c
00fa2
03c04
097ea
072f5
093ff
0c4bb
00a14
04d63
0bbf8
03444
0819b
00272
043dc
03aa0
021e4
0c472
02d63
007f5
0dda5
06f32
0a1b0
0c3ca
078ed
0a3d7
08d38
0e0e4
0e352
08202
0509f
08928
0efe6
09d63
04c31
06b3d
0744b
0e067
0e6b2
0448d
00967
09493
04e2e
0fa37
03f8a
09d82
02720
02dbd
0d169
06d6b
0551f
0d9f4
00bee
03036
05370
00b97
0cc9f
04476
01b54
06e08
003be
00660
082fd
0d7c0
02789
07b41
0400f
08139
0530b
08190
074f6
08ccc
08869
0cef5
0f75e
0c2f6
0540a
00e9e
08202
0a69a
0e840
024fa
01613
07cc9
036e1
0cb14
0dde1
011ad
0f01c
0a075
0f931
066bb
0a2ec
02c11
03355
05199
0f9f5
01e81
0670c
01867
0ccc6
0d082
0be3b
06c27
0db5f
05519
03e86
0b1a5
0155e
09bf2
09df2
07134
0ba2d
0fa17
0a382
0adff
0efce
0be7b
00d0e
0a837
0b538
00cc4
0afc1
0d3f4
0c816
0ede8
0e781
0bbb7
0e30f
0a56a
0bf2d
054a3
0ef63
033e2
03134
0439a
0c11c
078bc
06c33
04bb5
072bc
0fb1e
0f702
0b732
0590a
042fe
0de7b
07ed1
04d7e
07890
09c1e
0b850
016c7
0ce48
0087b
00122
07c27
06c92
0f4c6
0e022
02fc3
0c293
01c8f
062cd
010a9
00644
0b99b
0d7a7
07420
08a93
0a0bc
0629f
069f6
0490b
0aa94
0fb53
048b5
0f0e5
0a0af
02903
0a318
0c945
02edf
016e6
09038
04a18
0b4d8
099e5
02c3d
09645
00971
01ba3
0f4c1
0a3d7
08e63
0d674
0a476
078e2
0dc04
004fc
06d95
0dee2
03381
0fac6
07a03
06e8c
0ef03
034a3
0c52d
01b9e
0795d
0e1f5
05eea
0c15c
0e433
0a6ca
034cf
07216
0d46c
0e7c3
04d11
018a3
0a386
02491
084fb
04d52
0c767
01a57
09746
058d8
00c63
0391c
0367e
08b05
0b3f2
0143b
07063
04643
0d0de
05c8c
01965
0c9af
04f22
0baa3
0a5f7
01790
0470d
0d3b2
01b47
06c9f
05933
0bc5d
05e27
068a3
01508
03564
03dca
0d4d5
02252
095ef
09bca
0f25a
0c012
0e138
0d832
0b4ce
0472c
08841
0ba2c
087f8
0d609
0be44
0011d
04be9
00b54
0eb03
0a6aa
0bd9d
0cf57
0196f
08fd5
0db4f
0d6d4
0c9a1
0f1fa
0320d
0b49f
0b27b
0ee79
08509
0bbe1
098dc
0dc3f
07db4
0cc8b
06aa2
0153b
0d582
0540c
0a5a9
0cdc9
05534
0571a
065c3
0dfbd
01477
05183
0bc84
0252b
06a0f
07268
083ae
0f95c
0acd3
0caf6
03737
0ae51
0174f
022a9
01ba8
09d3e
04273
05e5d
03905
029a3
04097
0e3d3
019fa
0de54
0a28d
05f03
0147e
03b72
0d51d
09b5d
0d5ba
00b6d
052c8
02a58
069f2
0b36f
0ca11
08ff7
0142b
0e600
074ea
0e261
0d96d
069cc
03b2c
07c8b
0a8ba
02d00
09042
02df7
0a0ac
00076
0b7c6
0e30f
04dfd
0aeb0
03329
0ff00
0f41e
0a863
05e65
012f5
09458
04b82
0d74f
0fafb
0a951
0ee4e
01d90
0d8cd
0ba7b
04d38
00ed2
0e875
06cbe
0a52e
02eae
03a55
0a6f0
0293b
06bf9
043ac
0eb04
052d7
02680
06293
02ab1
021e5
0d86d
0d1b6
00e20
0d159
08369
0a22a
0b3dd
0c748
0ff4e
04bea
0ab36
06624
077f7
0f1fe
021d7
0fb6a
0e00d
0b5d1
0bcfb
02d91
0ae61
0f521
02ec3
0cb5c
0cd18
054cf
0c478
0bf92
0d0a3
000c7
01eb3
02f2f
01493
06c1a
0b9ed
08dfd
0a99b
0787a
00013
0a6fd
0f555
069de
0979f
00b24
06775
011d7
07192
0d2f0
0c1e4
0f3a7
05936
04e45
04ff1
00a19
035be
06429
0fbaf
06544
005f5
04bd7
05156
05a03
06c26
0aad3
0e689
01c83
01b79
06961
0e583
04331
069c1
0fdb6
0df6f
0c2be
06a45
0b48c
07fac
04243
02130
07e6b
00123
03854
0a2e0
0e583
0f5d0
01f46
09980
0338d
0c250
01ff5
00f44
09e26
071dc
06d37
052af
09cc8
09da8
0b1b2
0975e
01174
03025
0b3d3
0f466
0be03
09f91
044db
07bb3
02e39
0906b
0b457
09076
00b1f
0c61b
00d6f
0c02e
00f02
02b26
0d639
0890b
0f880
07a0a
0e1b8
073ca
0ae97
02e0c
074a5
06c21
0b98f
076a9
0ec8a
0a7a8
0d632
05f81
05b45
0ddcf
0e8e9
05922
0f12e
0e976
0d37b
093f2
07fa2
0edaa
000ca
0fe9a
0caee
01a9e
00780
07b50
08ebf
0339a
05e86
0646f
05acc
084b4
0ce00
0bd3c
028fe
0312f
0cb32
0132c
01fb5
05c6a
08b88
06aee
06881
0e580
0a3f9
0b365
05150
076c2
07e25
09549
0fb99
0f225
03686
039f3
0e589
05e7f
04f52
0356d
027cd
0e853
0a101
0a970
0d274
0d1f5
057a7
0a96b
07b06
09bfb
00d36
0098e
0ed13
055f6
0e603
08ff3
00104
06979
05a50
024d2
07d8e
033e1
0e40d
0b563
05447
04b56
08f19
02dc6
08e7e
01334
083e3
02ca4
0383c
0132f
0bd81
075ad
0ed5b
0a8fd
05ac4
07520
01dd9
0b4e0
03ddd
0eca2
0bbf3
00220
0f6aa
041da
0e8dc
00b26
0b23b
0f236
099bf
0b6ff
0f960
06551
0bbd0
0e875
09a0f
05974
0fe2a
05062
0acfd
0dba6
07ef3
090af
0a477
0b834
08a3c
04f2d
08ff9
0bed6
04bd7
028b5
0f974
0e7bd
08493
06ee7
02781
0cdde
0958e
0a0cb
0ea25
045c9
01886
02249
0d8e8
0d71f
0e904
0373f
06263
0ed5a
00e47
02fc5
090bd
0e3ec
080ae
06bd3
01829
01031
0e951
01016
0f960
06c5a
0061b
07153
00793
0803c
0a0da
0f04b
0b42d
0b08d
0be24
0aa8d
0a5ef
04b97
0d4c9
0f54e
05cbb
058ec
0a014
08645
0f85a
0ed82
0d36e
0fa9e
097e0
0cd2e
0ed29
0e125
0ff6e
0bf42
0916b
05075
0feba
07396
04a8e
0b240
09da1
0635b
0ba6a
00822
0f936
0b489
0451b
05abb
04d3d
0b27b
0508c
00c60
0926f
0c61b
0770c
04e74
09a51
03e90
06d0e
068c4
059d1
036ed
01aaf
00a4b
05ccb
08fb5
06772
0693e
0c338
0f2f2
0e154
05476
00f47
0f479
011d7
05688
0d9bc
0400b
04bf3
047b9
05138
0e88a
0834c
0c0a2
0c24e
00ca0
073cc
0e65d
048cf
0a87e
0f8d4
06df1
042d2
0ed1b
09e4a
063ed
0e9c4
0786e
05fe2
0ecb5
0f4a4
06582
0538b
0f087
0848f
0dc6a
02fb8
04701
066ba
01650
0abe3
0ccde
0655c
072b3
04da5
065b9
0678c
0030c
0b1f3
0a40f
0b7be
0d5ca
0f4c4
0e8d5
02a75
009a9
01916
0bfe5
02e47
04240
09034
07be0
0c910
07731
07571
02a64
0668e
09e3b
065c4
0a60f
04572
057d6
01cb7
0026d
079aa
0a464
0193c
082bd
0b6aa
0817c
0de0a
0c1b5
04c29
04908
0d2b9
0a947
09d3a
0cbc5
01720
0a49d
02be6
0c202
0e7f2
0fb40
072b3
04c75
08af8
0ee6d
033fd
0ebc4
096fe
0aa38
0f5f6
01392
040ec
0f102
0cf03
04fd2
0ee14
0dfa2
03630
01b6d
06fce
094fb
01085
0558f
0d9b0
01b25
08231
07fea
0279f
0fcbc
072db
0fa37
0b0e4
01c82
0a05a
06731
053dc
06e51
0a7c8
02e26
08f07
08fe2
0f31e
06fe9
0791e
08300
0f41b
02df7
0112e
09405
0846d
089e5
0129b
0c948
0abd6
0dec5
02bd2
02be1
07df9
075ef
051b5
073bf
0307c
012f3
03212
0b100
0011e
01e32
06ff6
0549f
0e430
084cd
05f77
0d632
0284d
00767
0a850
01cf7
0b4bf
0617f
0a02c
0ca44
0a1cd
022b5
0e981
02987
0dcad
08ed3
0d5a6
04905
03849
041d5
00515
0d582
0ac1b
0234c
0006f
06314
06720
0d4b6
06ad3
0e445
0d01b
0388b
02d1b
08f4c
02f0d
01a9c
02116
07ec1
0c561
077e5
0816a
02bfb
079e0
0de41
051b8
09696
00765
0f184
09566
054f6
0fec2
09b8e
0ad7f
01574
09fae
0635e
0eece
083d0
00d15
057d1
05fc6
030d1
09ba4
006e5
05085
0b1dd
01bb4
0b50c
0d67f
05322
0a1b4
09973
0ce94
09a6d
086c7
0a43a
0f9ad
0c19e
0307e
0c2bb
09cc5
000b8
04aaf
0da53
019b4
05f25
0b60a
0551e
0e74e
07de7
0f0cd
0ac34
0492e
0208c
010be
01ecb
01fd4
02ecb
01333
026ae
08d77
095a2
0dbb6
042ff
0c961
0bc35
02e71
0083f
06444
0eaba
02026
0947c
046c8
06355
0e9b8
00fed
03361
0abec
06d8f
0c369
0cd19
07197
07517
091e1
0c9b2
03ca5
0ba34
02d8a
07ef5
0b27f
01862
04bc0
021d2
0a7f0
0d51a
0c85d
01737
06b23
003c4
0732b
04187
0a31b
012b9
0e9ac
0afcf
05f21
00226
07fd9
066ac
02f45
0c8d1
0bcc4
087dc
04cd5
079f8
073cd
0ad5a
069a3
03db8
08ef8
0402a
0d76e
0271c
0062e
01087
0e326
0509a
02c4f
042ce
017c4
0cda3
03e89
0b969
07650
0b801
030e6
0e515
0b64d
0eb2c
0dfb6
0e39e
06337
01588
07ac2
07a95
0666a
09e5b
04d1e
0c24f
01db4
0f5ac
031db
0ba16
0b408
09711
09a1a
05542
05760
0c498
0c8b4
0432d
00606
01fba
08faa
0a4d3
09b20
06082
0adda
079a0
057cb
0fa05
016cb
0c990
0b480
01c05
0deaa
049ce
03494
0d206
0b24f
0961f
06ad2
0a15b
056db
011ed
0a546
05cce
0e907
05289
01ddd
0bbf6
047d5
0228f
0c9bb
01379
026a9
0d67f
00e3c
00eb0
0a356
053e9
0b1ba
0b32a
036e4
0acdb
09853
01b59
0ff82
0df72
04377
0ea40
0e5a8
02737
0b975
0d6ac
01e7a
0d10b
07157
0d38d
0b855
0df1d
02e8b
026ac
07647
069aa
0b05b
093ee
0a86c
07d90
0ba97
08edd
01b75
09134
082ed
095e4
0d4cb
08106
05f78
087da
06c3b
012cf
0e8d3
0cdf3
05f55
0c89e
07907
077bc
0a6ce
0dce6
0f26e
03203
03b13
0168d
0d193
0c7fc
01685
01786
069fe
050c4
0706e
02b81
0f4d4
00ce8
0089f
01217
0c6a4
0b3c7
0a874
06838
0e163
0fc58
06213
03783
0cb09
076fb
06c67
0f26a
031e4
09b6b
00276
00bb9
0af85
09420
0b08d
0af7c
08b03
0a901
001a1
0958e
0c974
0aeba
00208
01157
0bca4
06b15
04d64
067d4
04b28
02dac
01880
05019
0a72a
0688b
03214
078ab
091ec
0b67f
065d8
08290
02911
0992b
096f5
03b6a
04f5e
0ebf9
0f1c3
0eb06
0d386
0bbc8
0bebb
0d12f
0dcae
0a50a
0add6
0ae54
071b4
09aa9
04f8a
0b480
01098
0bd8e
016e1
000b9
06d40
0aeae
06573
01867
0a7bb
09e39
09988
05c9a
0145f
05f0b
0cde1
07436
02158
061c2
0ffaa
04eec
06a37
06ef9
06a58
00369
0f4fa
026aa
02886
0561d
0f8b0
0dad3
09b09
07497
0ec90
0b2bb
058b9
024b3
0b053
02437
06df8
059f6
05b94
08e17
0bb7b
09ad0
088d8
06f5d
053f0
0474c
015af
0d01f
09735
05e6e
01930
0cbdd
0e01f
00ebb
030be
0b12a
0a70a
0d474
07ddc
00699
01f5c
07552
0cfef
053b2
070df
08d33
0a522
05315
07838
04d76
0fcaf
0e786
09fcb
04e33
06b0c
09cc0
0e9c2
027f3
0988a
07791
0275f
03b44
0eb47
0b103
0abb8
0c450
032b0
057a1
08509
0a21c
00b6d
0fd0b
0097b
0882d
0c276
08254
0ac8e
0750d
0d376
0abfd
013dd
094e4
03960
0173d
0fb8c
053f5
0aa38
0abd7
07328
00a9f
052e7
00dac
0b6c2
01c23
041e8
03173
0da0d
08bb3
0f27d
0268e
08778
0043c
0aa7a
06936
065f9
08d56
0eac3
00342
08a24
02e63
05d6a
02fdc
05550
00e3e
07888
0018f
00f0e
02be9
021fc
03e08
0029e
0bf19
0d47f
0c7a0
0caf6
008b3
0fef5
00ab6
07988
09a06
05bff
06e57
0714e
035ef
09102
0b0f5
08271
0a074
0e157
06c27
05c6f
0c9dd
0112e
0ee36
05cb9
02141
0ef77
0fc0e
0c734
06156
0c9ab
0e4c5
01c46
00499
0e588
0c239
0674b
0f524
02736
0b892
02367
0dd21
0efcf
08ca2
0c5a5
0cc81
0db93
05d88
0706a
02a79
047d9
08978
09921
0e5a1
0de04
0a67f
00f27
048e1
06a27
0125e
0ec26
0c833
03633
0a3c5
072fd
0c62b
0f876
0df7b
02418
000fc
09c62
03a5d
04290
08896
0b3d0
0d05b
0a59f
09974
030ed
0e807
0f11f
06b7c
04fc6
06c40
05684
0353d
0fe35
0617e
02633
0378d
05e67
04451
0a875
0e3ea
0ded1
0bce0
01062
0a9d4
0a526
01b4b
0fa9a
0daa6
09182
0c039
08019
0d33a
0a3dd
04437
037c5
09215
0eca5
012ab
04383
0ffbc
085a3
03d2b
08526
0e7b1
0d8fb
0470d
02282
09c50
01c22
0c5b0
060fb
0c9f1
09ed2
0182e
03b6a
03b3d
0ed8e
01def
0a314
0b469
07831
00033
0835b
0df03
0f7b2
07c03
0a96e
0a0c0
0bfdd
056fe
026a9
086b1
047e7
0ad64
0e19a
0b840
05003
0fb6b
0ee72
0233c
0011f
065bf
05ca8
06492
0835c
05c2a
098ee
06fdd
0908d
0a5c1
0eda9
0f02b
0d97a
0e387
082b3
00c2c
024d9
05ef3
0932a
0bc5e
0b808
08680
0ff52
0bbef
00d5f
09edf
0ff8d
036aa
022af
07a0f
0118b
07199
01d05
08288
01c49
08346
03b84
0031d
08684
05e22
04944
0df6e
02aab
0b5f6
08934
05740
080a2
08e9a
0adc4
01c4c
0adad
00af1
0be16
020d2
026c7
0c3ca
0ee5a
02be7
0b18e
092c5
07206
078b6
0e98b
02a8c
047c1
067eb
06214
002bb
03eb2
0a904
0a3d8
049b2
00576
09898
0826c
0a432
0a90f
09912
0714a
076fc
03d8b
0bfde
0bdb2
058c5
0fcb0
0a57a
062e0
06a69
07732
0250b
050b7
0abc6
091e4
02933
0267e
0dc20
00886
02e99
0dd0d
00dad
0051f
0cdef
06e2a
028c7
05e03
0cb48
00a6e
0fa9d
09c21
09819
0a6fa
07a14
0d139
0278c
07b3d
03df7
098fe
0727c
07146
02dce
0a876
099db
02597
0ac01
01148
03ba9
0d093
0686b
01fd9
0d4bf
02f01
01b0a
09a42
0ae1f
08491
0f2c8
03358
017f0
0912a
045ee
0aa0f
088d1
055c8
02af4
0f2fe
043e2
0de4a
0f9b7
0f561
08325
06d8c
00ca3
0201d
02d72
0d609
064f9
03be3
0bc55
0e6de
01444
0c2b2
08641
079c2
01d1b
0cc7d
0a836
07907
014e2
01701
048c9
0729e
0f305
0b22b
0c54c
0fdbc
01310
04762
0adec
00bf5
012a2
03e0c
07c51
09dd1
049ad
0de08
01bf6
00488
007e8
06a08
0af4e
032a0
0e985
07a9c
0ba7a
01913
0e1b4
04912
0d291
01585
004bc
02030
0fdba
02a51
0e398
0f5ce
0b3df
0cd1d
05e2d
0f032
0c2c3
0b93e
09b6a
01a54
0f001
0b6ce
0fe34
0a329
0611a
07960
0f77e
0fca6
0b91f
005e5
0a6e4
055d9
0f869
07f24
014c7
05167
0d517
0b845
068ac
0116b
06baf
0a6e0
0b576
08fc3
056cc
07694
038da
05a9f
08dc6
01e63
0caa4
03239
05660
07816
0eead
0c678
0904b
02a19
081fe
035aa
0a292
09b65
079eb
053ae
0d0c3
00d63
0399c
09443
062ea
0d5c0
077e5
089e3
00f48
0b47e
02e4a
0aba3
0fe98
0f7e9
00ae0
08df2
0b457
0c8e4
0b0b2
0069b
04b83
0a705
0ac49
03e79
03ea2
03377
02f93
01b2f
06156
0024e
05f68
02c01
0f293
05dc7
0836c
0f6ab
050fb
04842
0dd47
06fe4
0270d
0eeb8
0ee26
09f61
0e5b6
085d9
0f25f
0badc
09bd0
0982f
06a68
09200
00e13
08697
02460
0c059
0683c
0d1e6
004b0
0ec55
08551
02065
03896
0724f
00e7e
09d42
0d04b
0dd9e
03bc6
0e69b
0c6af
0154c
082cb
0fb34
07303
05315
0c1fd
01acc
04a00
0b303
02147
06e04
0b1df
0685f
0d12b
05b54
09beb
0f2d2
03c57
0b963
098af
0cee1
00dc7
0c83c
0e647
012c6
0bc61
08667
022f6
01b68
00b36
00fea
02b3c
06fcd
0ac10
0d114
04e0d
0f169
09f7b
0224f
00579
017aa
04415
08f79
04fcc
0f297
05119
063bd
083a7
0cb98
04147
0fd12
05959
0dce0
0e140
02b78
02c0e
06627
0050e
07d65
05fbb
03870
09e5f
0e8b9
0c59f
054e3
09f08
06027
06f0b
015ae
09c6c
059a9
0ac4c
00416
00494
09e6a
07029
0b86d
046a6
05d6b
0c3e3
05faa
0d1b5
0bc3e
04268
0d65c
01145
0cd45
04509
08b98
0be08
06245
0d658
04fea
01513
0dede
0a709
001c2
03f88
06677
064fb
05cf6
0d6a3
0cb2f
0291d
08b29
0c17c
0244a
0af0f
05b52
07b69
049f4
0f86c
0cd8c
08816
0b0b6
0aeae
0010b
058cc
09f55
0240f
03daf
0ff1c
0cb8b
00c5e
05d5b
05898
00ef1
0ea82
05190
0645b
037c6
02e64
0cddd
033e0
09b4e
03871
08c2c
08aaa
062ab
0d1a6
00890
012c6
09242
0ffbe
0dc73
04ad5
0a6d3
0cea0
019e0
0416a
007e7
0047a
0d362
04c64
08f82
05b9b
06b3e
0ab60
0ab8d
0e4de
0c842
0cad8
0f965
0555b
0d84e
079b0
0465d
052bf
0c26e
0ad3e
0ce29
03387
07994
08185
00123
01869
0bbf9
02d6f
0133b
07676
07541
0d711
0ad0a
08f45
0ae73
0fa97
042fa
0c20d
0c76c
084cd
070b2
07e5b
03f77
08ba9
00fee
05a42
00260
052c4
05728
08b67
0da04
02d19
0a172
05384
02f32
08ee9
0b70c
06211
02f5c
08158
06bfd
0635e
0852b
0dcc0
09328
062b2
02bed
0f020
09630
0d706
07a23
065f5
0d5f2
0c73d
0ff5c
0d689
0376b
023a0
0a41c
09258
0757f
051ef
03826
04133
0f1d6
047f1
0bd75
0c5dd
0e2ad
04052
0335e
046e0
0d41a
04bc5
0a3eb
0591b
09cd0
0f31f
09b39
06ef1
007b1
0c9d4
0bdcd
020bc
0c0bd
0e072
09cca
069a3
0c909
07b1e
0981b
03490
074ff
06dac
0bf01
075c3
0126c
00ed6
09e7f
0b351
0f7fe
0f04d
0d2da
0224c
0fbd6
09959
0d22f
0a619
0252e
0b059
0e86e
02e56
0989b
02d09
048a4
0fa57
0f17d
044ad
0f64a
07bce
0c750
0aa2d
013de
08332
06c2d
001fd
061b0
09a2e
0d984
084db
0da2d
02ced
03f72
0c363
0bb86
04b96
0ab51
0f5d1
09e0f
0e4c4
0a17d
0f600
05f45
01ba4
0b7cb
069e6
0b22c
01333
0de65
0ec19
0f23d
0325a
06278
0325f
0e0ea
0449a
060a8
0e3fc
0d043
08aba
03e4e
0ab99
0b666
0f3a4
04610
0161c
0a782
096ae
025a9
0407e
0faa4
0539c
01f30
0fd85
09bb3
0e46a
00f0f
0722f
01b75
0b7a6
0244a
0d022
0d1c5
0721a
0bf4f
0bc80
05407
0d5d4
092ae
04493
08be1
00b8c
0c429
03cae
0739e
0c30d
0d129
05103
0afb0
0a825
05e1c
0d40f
09ce7
092b9
03d50
03c66
0720d
0bab8
0abad
0edab
078a6
0c063
00e5d
065aa
0bdc0
0aff7
0cce1
0c9c9
0d0fa
0deaa
0bb0c
0eeef
0df3d
00549
0c84b
050ba
05451
0c354
06249
0fc9a
09597
04154
02449
033b9
0fdf0
03918
02107
0d6a1
0d2f5
060c0
0e9ff
0627c
098a0
0f78a
0f452
0a8f0
0afb7
04af5
0049c
06919
08298
0371c
08114
06ed8
06760
06bcc
0cb02
0834e
07582
06b4d
037a6
0eb46
0c84e
071ba
034f6
07a03
0d4c1
037cb
0f336
0a8e2
0e290
093ba
0eb7e
0bcae
03d5c
0c74a
071e5
02eef
078e9
01b04
08d3f
0c05a
003ba
05eaa
05e1a
09f65
079c0
077cd
0999a
0535f
0af98
01092
09091
0714b
0dc25
04dee
03deb
05195
0356c
09b1f
002ea
01aab
011d0
07200
0dbda
0a5a4
0bc76
0bace
08f0f
050bd
02e2f
0c5e7
01df6
09d69
0948a
048f8
0ae00
09ba7
0a1e2
0c432
04d78
0bd15
004b9
0c806
06e2e
0b39c
04328
074d0
0ae4b
006cd
0facc
09de2
07982
058b0
0f510
0a7c2
0ef64
0818f
02b7f
0c515
046de
066d7
0963d
01287
0eaaa
0251f
04675
018ad
0a3e7
00654
048cb
08843
0a8a6
0ffe6
0eebd
0d862
0f814
06b3e
070fe
03062
0b8a1
0945b
069dc
05932
09a5b
0fd39
03208
0251f
0808b
0e014
02f99
0afd4
046eb
05caa
08b01
0322c
0b297
0aab1
0b640
01c7e
09e46
0330b
098ba
0ac40
088b2
01c37
06b17
078e6
0436b
05a0b
00490
0b93a
08b96
0e88b
02eee
00169
0b527
09de8
05e52
0d07c
01ce6
06192
06938
0a4fe
0fad6
04e5b
09996
09f70
05dc3
0917f
09cd8
01cdd
0b510
068ae
07cbb
091af
02d6c
06bb0
05684
0815c
0f16b
0a2ee
0f4a9
08661
0f8dc
0f272
0bc6b
095f8
0fb3a
0d2c4
088f3
0d481
027e9
0de54
03be8
0e3c9
0d9e2
02cf0
05a03
08633
00b06
04307
0d824
00726
08a2c
05332
00cf7
08df2
05abb
0ba2c
0c14e
027f2
01861
05abe
09502
026a2
0ee92
0d570
0487f
03fea
02cdb
030b9
06b9a
0ed52
04396
09117
0cb2b
0fd5c
0186e
0b1fb
05d4e
0c68c
06e8d
041b9
07d50
0a564
09d05
04bf4
0bdb2
07828
01c20
0bc85
086bc
0c879
0875a
028a6
06b0e
00676
0d465
05259
0c186
06d5c
00da6
07d24
076d9
0120b
00e7a
010c1
019dd
0a907
0487a
016f4
01c3e
08349
043cb
02d2c
00d03
078f7
04823
0190a
00d32
09083
07bc3
00641
04b33
0baf7
00011
06b98
05b11
03ce0
0daec
0e09c
07a03
0b238
08de7
06bee
02218
0b941
0d725
0b91d
08438
04088
00a44
02331
02670
0cabb
0bc28
04958
0b58a
0533e
0787c
0ae65
007fd
057fa
02454
0ef9f
0800a
08f5a
0ea6c
0389d
09f21
0e576
09f54
06f37
093f5
07c01
04102
0cf4d
0938f
0ad2b
0ab04
024a9
0022f
02672
0e460
0f1f2
00f44
01e14
0a093
0056f
02c19
076ec
0c846
006de
07330
01d7c
0c107
03798
0a9ed
082b7
0cdb4
0882a
04b61
04c71
0d319
0411a
07c94
06db2
0a8ef
09094
038c7
097b9
05334
0cc6f
0041e
0415c
00270
0bf6a
0f5e6
0141a
00d95
0d876
0b6cd
00cc7
0a063
04b5b
0d603
00db6
030e8
094db
0cfc9
0854e
0a527
056a4
04c87
0aa13
0b1d4
063ec
08254
0051a
03dc0
00cbf
0560a
01df7
0bf41
04282
0fea8
02201
04634
05ae6
03632
0f0d0
0c2b5
024a4
05640
00c92
0f8b3
0cb9e
06f2a
07c97
07174
039c2
08a3f
0627e
03a33
0c903
0b635
0a682
086c2
0c87c
010c9
06e2c
09d93
0adce
0715a
0e7e8
0634e
04f17
08121
00877
057d9
00062
047a8
062c4
0fb83
06968
0bda9
00ed7
085f3
09965
02b93
05f41
0389a
0e767
0decc
0af55
09713
02f88
0186e
0fce3
04029
0b194
0df61
0457e
02a8b
0324a
0b1d9
01a68
0c7b3
0fea6
05a30
03086
06bda
08945
0dda5
038a2
0aeee
03aca
0d35a
05d9e
0d626
05979
08e52
0051f
0055d
03a66
0f69e
02011
03da0
06247
03192
0bff4
010dd
0198f
0e2a7
0de45
083b3
03645
08e33
0254b
0c1f3
0469f
0dea1
0e108
03ff2
07ea4
05b60
05e8c
05b29
0fd78
0bb49
082ca
016e1
03d8c
05871
04ab5
0ead9
0402c
00f90
09caa
08c33
030d4
0b6ad
06212
0ad86
01c0c
0b8f9
0dc79
01e46
040c4
0b64e
0c700
06ea4
019d2
0480f
08ee2
0f6ed
058c0
01e84
0fc1d
08348
0a3d9
07885
071c7
0206a
0d53b
011ef
0409b
0d095
01578
0b9b3
0b465
037d6
0110f
07d8f
0a5f8
02cc3
08311
05bea
0245e
04ff6
0f79b
0ba3b
0b286
0eeaa
0192d
0f418
003ab
03e59
0b95a
08a8b
0bd6f
003bc
0ce59
0e411
082ee
09ece
0d6f6
005a2
0e63a
01719
06677
02bba
04532
06fd9
0ac6c
0a603
01fda
0252f
0a88f
035bc
00ef4
0b913
0d195
0a953
07fd2
0a2fa
03875
03112
04394
047f8
00930
06085
04bd9
06e27
0ab0b
0be2c
0ba09
0edad
0c021
05947
0c360
01a22
03c1f
075ba
071ef
0b0c8
0e635
07581
0de88
05ebd
05412
0cdbd
0c6e8
0557d
0db55
069fc
03e46
00cc3
02c2b
02a29
067d4
09a10
0827b
02b90
09dcd
0aec7
01619
0ed31
04f43
02733
0fc51
06ba0
0dfee
07ec5
09011
0dcb1
0d075
051e4
05b7f
01e1a
0036d
0b388
0bc56
000f4
07cca
07b9d
0d425
029cc
0e194
05db0
07b8c
07e29
03634
0f21f
09552
0706f
07be4
03ef0
07b3d
0a328
0f788
07e47
05d5a
04d6d
0354a
0680e
07872
0ad3d
00f39
02898
032d7
0f093
041e8
08b20
0f90c
0eb15
0ab77
07f7e
09fdd
0d8f5
0790e
03629
0125a
01c66
087c1
0af5a
064a4
08b55
0913b
07409
0d2be
09a37
0b5e9
0fbb5
009fb
0ccb1
081c3
00cfe
05ebc
0cace
01bdc
0837d
06586
0f044
067f4
0a91b
0b1cf
0c196
017d9
0301d
04345
0d1ba
0e583
079a4
06040
09f88
0cf8d
04ccd
02c3d
03a93
0644e
0586e
0b0d0
04e55
0817e
0606a
0ffef
09e42
00798
0ce14
0885f
089f5
0bb00
02dbf
093a7
0b62c
065db
0548e
06c35
0b3fd
0a974
00207
000d6
0bdd8
09b2d
07e20
00047
080c5
07fc9
0f0af
0d4f4
0b363
00c81
0b490
0b14e
0b9f5
0e182
0c3f2
01dd0
0da36
06a34
0b31c
03ca2
0dcff
02f18
08193
05dc3
099c5
02971
03595
062af
0dbd6
0fa4a
0c64c
0b3cb
04f0e
0f1aa
07a68
0e555
0cd82
00572
0079e
06b1b
0e9ce
08ab6
0a514
08b3d
0d33e
0c5bf
06b15
081bf
05e72
0a94b
08ff4
07683
0d9c9
0cc65
0789d
03772
060b1
0eb7e
08492
097b1
0b49c
023c4
0f343
0bfde
0f1b9
0fe3d
01d74
0c14a
02ff9
06dc7
08fea
0fc4a
06bf0
0a8f4
0e20b
08e02
05ccd
01d56
049e6
0e155
0d3ee
092c7
069b8
0f56d
0d6b8
0144e
006b7
0580b
0702b
046a7
06ce8
0bd16
0aad7
04404
0d4fb
0629e
0bbf5
0cbb3
06fac
09690
0cb30
07097
0cb87
07df6
07aeb
085f6
0fd06
0d75d
019fb
0343c
0fb62
0d5b3
02336
0f022
03204
0a0d7
0f622
0db01
0c056
090d1
0dd91
0b2e5
011ff
0c0da
0da8e
070aa
02fa2
08cc5
0001b
0f4a9
0e231
04ba5
0c6b4
0f5a1
0b2cb
0cef4
0d36e
09277
044aa
09d09
0d260
000dc
07713
08f02
0a01d
02408
0c5b0
0148c
0ad38
0c84e
0dbd9
04093
02def
033c1
0589b
0868d
0e1c4
0b955
0d908
05eed
0166b
0fa26
08326
0b19f
0459f
00d9c
0b495
06b27
0e037
01c9a
06ac9
0ae0f
0f197
0b2ef
01eec
021c5
019eb
008df
0a6f2
032c0
0f563
009db
03936
02e30
063c2
0fda7
06fb8
0702e
0f7d1
032f7
0faf1
05634
0efab
05e98
067ff
0ea18
077c4
0c146
0af20
0f5d5
04c91
013e4
098c6
0f0e1
09fa8
03ab3
009eb
0f201
02b6e
08f63
03df0
03684
05c2f
07dc5
0e548
0c8f1
0ed74
09a14
07722
02f30
04e2b
0bcdb
000fa
01988
0d648
02715
0fdd7
0d0a8
00efa
0d746
0632e
0eb27
0938a
0b083
01b45
05171
09a41
03940
0902b
04fd0
0518f
09417
0620f
0aec7
07353
0d7d9
035b4
0aaa4
0d904
071a5
0e6e4
09b58
0d931
03309
084b1
08228
0b15c
05a09
0fc70
00809
0d1fb
03d94
01c64
0b4e0
0f799
03aec
0ad02
07882
0a73d
04b4f
0d98f
0c518
0a6b6
0068b
07553
0f881
01039
0c541
0b990
09965
0addf
09c5a
0ff4b
0fc32
0c591
0e27d
08c10
08088
0897f
02913
0cecb
0772a
05e17
058d5
009df
0c0e0
0da3a
0dd6b
0f43d
0c6d4
0d9ca
07616
0ff55
0fddc
07823
0e445
09530
0e1ef
08428
08ce3
0dbc6
078ad
02507
032c1
0a0cc
03891
09a33
09ec0
00580
03031
05d61
00464
01c3f
05b6f
019b5
06c19
0c41d
0c269
0ff4e
05eb1
0d2d1
0ba36
0e9ab
002fb
0474a
0eeaf
000ab
0bb0c
0ebd1
0c2d7
0d94a
01937
00a6b
03ddb
010e0
0e70c
048e9
0e379
0288c
08841
069c9
09d84
09e7d
0b30d
06a28
001f7
0f5f0
03b6e
030b0
00ec0
05f8f
07f25
0fd46
06453
01ecc
08bdd
06964
00698
08c48
074b9
07833
0188e
03114
0650e
0f9df
01b35
05a81
036f0
069cf
00e8b
0cc3b
0cce3
099d6
0d783
02799
086e2
058f9
0bf09
08fc4
01827
03332
0b3a0
0fbfb
0c8d8
0f5ca
0987a
0ae30
041d2
0647c
0e452
0f59b
05a95
0963e
0f2b5
05e22
08b78
099f1
08fba
07b7b
0d88a
05026
04b2f
0c9dc
04609
06e21
03a68
00f89
0c4cc
09f97
04627
06e4f
07b43
00386
0a324
0fc8d
056d9
01b53
0f0b9
0129a
05c4d
0681d
070a3
02c44
0b74e
0d106
0fc0d
088db
0d585
01d09
028e2
0156d
063ca
0710c
04054
0aeea
0ae69
029f6
080cc
0fc20
023a2
03f21
0ffcf
0113a
07147
0a5cb
02eae
0609c
0bde2
0d81c
0a112
059ca
0d8e0
0ce95
09751
0ab9a
04702
07548
00c83
0f595
00a98
0bb7c
0c500
08bb1
0285f
0a3f6
0aad5
0ecfc
0d2bc
00767
0b366
01e6b
09fcc
082d0
0fae1
09047
07ff6
0bdc9
0de8d
01b88
0a66b
0a149
0e0a1
01c69
0f5f1
01600
01fdd
093e3
08cd2
05e92
02c8c
09d41
054e9
08d7a
02361
039c4
04303
03ea3
02b6c
0f5e3
025c6
04a5d
074f9
0aaa0
0c8f8
05a22
0a07c
085cb
0c02a
0f6d4
0e3a1
00be2
0ec03
07c58
0d678
08a74
0df0e
084e0
050d9
0693d
0fe77
09791
054e8
06d28
0791c
0df90
03a29
0a82d
01cd0
0758d
0af81
011d0
0471f
05da9
0d8d3
0ff6d
09c84
0645a
03b0c
002f3
02649
05d79
05a4c
07f08
0f132
0e06a
0764e
08293
00ab1
06d4f
0e196
02d10
0386b
0218e
0bcf0
017f8
09e18
0f912
0aa20
0283a
09986
08022
02659
00325
05e76
08adc
049c9
0ad95
05de8
0e087
07ec8
0ecc8
014f3
0a0c1
0fbe6
09f35
05b2c
027c9
0e01b
0bf28
07ecd
04f93
000ab
06f34
04215
01d34
00f6d
0498d
05b9a
055e0
0804f
0d3fe
04fdd
0d1ce
05be4
06328
02956
0e138
04670
0eda3
08a04
0027c
0a9cf
0e9dd
0b113
0628d
04014
055ed
068e5
06938
0fc78
022b2
09197
0f5fc
00a6e
045c3
0bdb2
03376
012f8
09897
0e3fc
0acf9
0a20b
0e893
02057
042e2
06f72
02053
0b379
0caf5
0ab4f
05611
07902
03222
01b7d
07e73
0742a
0fa7c
040e4
03a16
04b69
06d3c
0bd3e
0f3f6
051eb
03c61
019a0
03f95
09135
085bd
0e753
05244
08108
0acda
072a8
00676
0f0fc
0f08d
06763
0f31d
0f801
07ff3
0ce89
04b3d
013dd
04c28
035d1
09061
09a27
05c79
0421f
049ad
053e5
0bfeb
04cdf
02244
0cf36
0dd65
02910
01298
03a86
03f8c
0b57c
0113f
064bd
08f16
005af
00c92
0ca76
05574
0752c
091ee
09e37
0f22c
0aeb2
0eafc
0cfde
0d2a0
05a68
04b52
096bd
0d8b6
07b1a
0d990
03c80
0911b
03492
083d9
06e1f
0eb72
051a8
05722
0e1f7
09b62
01d0a
0ab1e
06c38
0e674
0263e
0bd5b
02f39
0ed51
03362
0f603
01df2
0f996
06ed0
0bbbb
07c8d
05ac4
04d43
030a0
0382b
05752
09e5e
0ed66
0d607
0bd25
05f74
04382
05b11
0f4de
0729b
0b60d
0d494
055d9
0de05
0b8c5
0d5f1
00ea9
0e6dc
046f3
0f3b0
009e9
0cc93
036ff
0b8c4
0f9c7
0cc2b
07412
0ed09
09b13
0289b
02309
07faf
0d286
0adaf
00b81
062e4
07149
07b76
081cd
0f566
04ebd
01715
00fb3
0660c
0c42a
001b8
03d7a
0fdfe
05dee
035d4
010fd
07c59
05a7b
057eb
08665
013ef
0f896
0a180
00fa9
07197
07595
095b6
0dde7
0eda4
07081
0b2ac
06bf8
097e9
0ac66
0267f
00de1
04660
008a4
0e2eb
09a24
0664e
03bf9
060ff
009ec
015d6
08741
0c51b
01cc4
0abe5
017e9
0dd82
089d7
07c3e
07a77
044f2
0ac1f
040ef
0d03c
02280
009ea
06f3c
04f61
055ac
0b8a7
03d6c
06e67
055d4
08f1b
00e4a
0a0e1
056de
00c12
0606b
0c3bb
0ca0b
015e4
040a9
0d5b8
0e9c0
04069
09b6e
0e5f3
04402
0887f
07b75
0064f
03599
0a238
0ce37
043c6
019df
0e6d9
0e7d7
008d1
02d93
06783
01285
02d9f
06e28
01a2e
0e892
04e01
02a69
0d3a7
0057a
0dd92
06f89
01547
066a9
0c5b2
0a747
03a17
0cde4
00491
0ec0a
0affc
01bbd
0decf
04740
0088c
0722b
05a40
0e71c
02d29
0187f
0d927
00e95
0f831
02627
050ec
0ecee
0f187
0ad69
06d90
03ef8
0d2e8
08af2
07031
01f32
09c63
0d62b
08bd2
063bd
0f2cf
0dc0f
092da
0898a
030cf
0d018
01e14
0cc70
0ead8
0e030
09ff9
0b2bf
0e4ca
0adb5
06135
053d3
0f71a
0a8a7
09313
04cc5
02425
038de
0b312
0b730
0b6fc
01f38
0d3e7
097f6
06496
04213
043ba
0cb51
0bf5e
03326
05b31
0dcb6
071d2
04f42
0db31
01a02
0f78b
07f74
0e521
01e4c
02c05
0ba13
0a22a
0b2aa
0d6d5
03290
01372
0bb81
05dac
04a6e
0f135
01903
02056
0b0ab
060dc
05863
0b6ca
0abde
03041
059a3
079ad
08e3c
019f6
052db
0f510
02b90
0745a
06d52
0656a
0b169
0fdfd
035ed
0b0c9
0a3fd
0841c
0890a
054ac
018f3
0fd13
0d926
0c45a
01c11
0b921
0a04b
051da
02f80
0cd91
02844
0fd3d
042ac
0b385
0d494
0f959
07bea
0ce33
08b63
04562
0b3b4
0f95a
07944
09430
04aa2
0c5b1
04b27
04af1
02846
07045
0b863
07854
04437
04eb0
03364
08aa1
0eeeb
02eb2
04d61
0a2dd
06a42
00260
0a6c7
0a0bf
09119
066a9
0b747
08ab9
07e9a
04470
010cc
070b3
09c87
05a5b
03012
04d59
0ab8e
05f30
089f8
033a0
03238
01c6a
0f04e
06dc4
08e56
02ce4
0402a
041fb
0dd0e
04554
0a902
099d6
07d1f
069e6
0bb08
02e6e
039ed
0f53d
0fbdf
0b2bb
0edbd
0c72a
09b55
059e6
055b5
05422
0a57b
0410d
06771
0f5b3
0e569
0136b
053a8
0a93c
060d3
04d09
09553
0a608
0214f
08142
08038
0acbc
063cc
06a4c
056e6
02da2
09390
0186c
08e0b
06336
066a9
0301e
06b2c
0cf50
06372
058d5
07d79
09e1f
0c9e0
04566
0caeb
0cda4
07ffd
06d02
09191
0fd51
0abd3
09d40
08160
005c4
06fd8
0fc01
00391
0292a
042de
00851
03189
039d7
0b538
0088a
0fe3f
0b99b
0ee5d
04e6d
080c0
0e70d
0c120
01a15
007d8
0fb33
0ea44
0433f
0176f
0495c
059a2
04c8c
0b0af
03ac8
0c479
019a3
023b8
0579f
027d1
01c38
01c3f
028a7
07ea7
047ef
0795d
0c924
04881
017db
0811f
0bdfe
01e61
05fd1
0e119
0d4ab
02cd8
0db39
081cb
04a4b
02748
02b79
0f6eb
074af
0617a
0f21c
0567c
09b02
0f2d0
057f1
0ade7
0dfbe
0ecdd
04cf2
0f24c
00d97
0fdf5
09f23
0e7f4
01916
098fe
02dc8
0ff84
0d369
0a8ce
0d8fd
038da
0494f
0ffbc
01b9b
0e543
0b999
0ab2c
02e2e
080a4
00a93
0f9d4
08ee5
06ebc
0db94
05489
0e2e2
022b3
00e5d
03d5d
0b756
0cf0f
0f6a3
0c9f1
0870a
0c640
0912e
05743
0597b
0fc7d
0cbd2
061ec
07162
0c50d
05fb4
05d37
0cb89
07171
03a8d
07639
0606b
0bfb3
0622e
07134
07cfd
0c552
0567a
0e4c7
09e29
03783
07eea
0b4a0
0c5c6
0f545
075c7
05f89
006db
043cc
042c0
09e80
0d527
09695
0530d
0c5ee
01e5b
003e0
019f6
07929
0b3a1
0e50c
019cf
0bc81
0180a
08d92
0dd8d
094cc
06d15
0c200
03df1
0f729
0f720
0bcf5
059ce
0cd4f
01b73
0b6fc
0856e
0c8eb
0d789
0dcea
0c5b8
01991
04bab
078e7
0e871
0ed37
0bcf7
05879
05f2e
01ac0
028fa
0ab8b
09784
064e7
0df40
0223f
067b2
00c8f
08c64
03c49
000f1
0f4d0
044a2
08ee0
07e8f
01a68
03cae
08e9f
04b0e
053bf
02ac7
04d39
02aae
04371
0feab
09c70
069f0
0c972
05f7b
0c322
07fe6
0c337
0ec40
0b615
0632a
0f4b1
00fee
0252e
00b73
0a42f
0b76a
0fb84
0d319
0cdd3
073c8
04d0f
0d9a0
0bca0
00357
0b19b
01fd6
021e0
0dda1
081c6
0f123
0cae6
0da60
04a2f
00751
0001b
0f02e
06cd3
0acc2
052b8
058ed
08660
0d23e
0b52c
0af26
03813
0969f
0b24c
0a8d2
063c3
0d9e6
0c0a5
02b17
0bbc2
08bbd
0397c
06012
01d8d
08240
0215d
093be
03b3a
00a20
0e3c9
0ed24
002ce
0011e
05852
09650
0ebf5
0d35b
0d80f
0b479
058c2
0e544
03ef3
0d3dc
0a638
0bfb3
06784
017f6
0b017
0f901
0ed30
09eb4
022b6
07f13
06ef9
06a8d
08c6a
04e1c
01208
00a29
01124
02ac1
0ee79
07446
0f6ca
05754
00890
054e7
089ac
048e5
0d3c3
0b866
0ee86
076d0
0d2a1
0cd03
037a4
079a5
093ac
0ed27
0b51f
05da2
0c4f9
05c2b
01d37
0bce1
0e36e
0c52c
00834
0eae0
0c5db
007bf
06562
09fb4
0142d
06514
07b0d
09190
0e119
0a887
04938
0bafd
0f255
08c1b
0251a
0689c
05d5b
01166
04600
01f92
07016
082b4
07001
05d31
0b2fe
0221f
036c9
0f92a
018b8
0da92
0d38f
0007a
07660
0540a
00996
0c998
057ff
073bf
0c988
01883
0dcbe
03260
0e15f
01845
02451
06bc1
0bf0d
08137
0d973
0bd78
077e5
0a178
0de4c
031ff
01f77
030ec
073e1
0be02
08c8f
0a51b
04b08
0e1ad
06654
093e7
04360
070f9
000aa
0f21c
028e8
05cd2
0f661
0103a
0d047
0c740
0c484
07599
01b20
09a8f
0bc28
02d6b
0288f
0bc9a
063ce
0003a
0e832
062a0
0789e
0ecf0
0c028
04f0b
035e4
072b4
00745
0ea0c
087d7
069ec
06be9
06507
0bc5a
01f74
06831
05385
0d1dc
08b75
01ee6
0eaff
09da0
00d5a
00b45
013ff
0ee10
0fb13
00546
0329d
04bce
0dd76
0549c
0e287
0ac33
0a1c5
0cddc
0afc2
07712
04ac0
0b1c8
0fa35
00d31
0e5d3
0526b
01e52
019b2
0258b
0023c
0466d
0cf0b
0e980
0c997
0f560
05e64
06956
0b945
016a8
0b455
0e911
015e5
07655
06a28
0403f
05709
0a1c8
00b43
0cae4
070d3
06a59
092ec
03d63
08635
0057b
0db56
096c1
0284b
0966f
033dd
0ea78
0e515
089c6
0d923
092a8
02b84
0e52c
033c0
086d4
040d4
0a191
0dfe2
0e09f
07bd3
0205d
08d5c
0bb48
05712
075f8
009d6
0774f
0301e
0de6f
0159e
0e36e
0b00e
0dcb1
0eb1e
003fb
0bf70
00688
0bc88
01917
03fc5
037fa
0be23
0b2b5
0f3ec
02b79
02f80
04629
0e04d
09dae
03fb4
03df7
03aad
0d717
0eb45
0941a
06b1d
0372a
0b451
01a8e
0889c
0341a
024b8
03c28
095fc
011c6
0620c
02942
0b277
0c3e0
0a544
0593d
04769
01abb
0f93d
044b2
0cc18
06f96
07276
0288d
027ce
0be9b
0b996
00e9e
0ae95
09c55
0c18c
09203
0ecb2
000f3
016e5
0a15d
0c4c3
01284
03640
04d63
02ec1
036e0
0b76e
03d4d
0a793
04207
00216
0c48b
07eeb
04096
002fa
035d4
055ae
0a8bb
05d41
02922
0afeb
022af
0f704
08e5f
0e64a
0ea62
0288c
08ce3
054e1
07525
04c73
0e64e
0a45b
0d091
0b72e
08996
04d09
02896
01697
0db32
097ed
0aa20
02275
0b8bb
0b00c
06c28
0e205
01cf5
0f648
093f9
09833
05f5f
0f19b
08d6b
07eca
00645
008f9
0fe6e
0e9ba
01d2a
0f496
0b1a2
0b5b3
0d496
06b54
0c000
0479a
0a632
0fe72
089d6
0d0d6
01a4b
08dc4
0beab
062d6
071ce
084f9
08c61
0f5c8
095ce
07ff7
0b10f
0576e
00c14
06063
0019d
04a03
0563e
0fdb7
096b9
0714a
0ffdf
00341
0a7ba
09599
05a6b
0e739
0a14a
0de51
09e3e
03b81
0d41b
0659b
0281f
0f20a
013a0
03fb6
035a7
06152
09a65
08f1e
0c6cd
04878
05e43
0e471
00dcf
0ffa0
0ac51
0aed0
06ce7
0c70a
075df
0e26a
0a674
0fe80
0089a
0e8f8
07c14
04404
0e119
08b5c
0cc96
0ed9b
0c617
01b46
09c6f
07571
02805
0e29c
0d0a8
07964
0c692
0d9db
0f7e2
01311
09e77
06a0f
05e37
0384e
0872d
0a146
02be1
09fd6
009de
0e1c2
044b4
0c8ca
03d83
081db
02596
08706
08f31
0fd88
06691
04aa8
0bb34
01b22
01ad1
0987b
059b4
027d3
058a7
04f05
091a8
09021
0d551
0930c
01cf9
0720b
04b29
0beb0
03359
0ed5a
04900
0f1c4
0845f
00b86
0512e
0f9df
07c62
03ff0
0700b
074ff
03428
0c627
0efc7
03964
0ffc6
0f078
07edc
0362d
0b5b1
0d13c
0c5ef
0ed45
09cfa
096e1
0ff5a
046d8
012cf
0435b
0c6b0
08bef
0c84e
04a01
048cc
0d896
03ba3
0c02b
0a4e7
079a9
008f8
08af1
06aac
0f701
08e62
0113c
0723f
0b76d
06ec6
046c7
0f5e0
07c20
0a1b0
0383b
0130d
0080b
0c899
00bfa
004f9
07733
00337
0c14c
04e49
01d03
06d72
0e867
04712
091f9
06c2b
0e11b
09a19
03290
0c24a
0f11f
02d10
0acbf
0aaa1
03e2f
0d00b
0f040
08634
03b8e
0a12a
0346a
0b046
0f341
07457
09f85
0c255
046d0
0ab42
0ff82
0f45d
0400a
076a9
0ca56
0588b
08151
0affd
04c10
0b6ad
0b81f
0333f
0743b
0c13a
09076
0e082
02a71
05b2b
0a5a0
08e7d
09550
039e8
022af
0a4ce
00201
05e41
05395
0ffb2
0a715
06b45
0aa5f
052ad
053ed
0ded4
05686
0e7f7
02151
0bb28
06b67
0be0c
07f99
0d517
0489b
01c07
0eac6
0507c
06539
08186
0eee2
0b192
053da
0bc9d
061a2
0e3f1
026ef
06c1d
0b499
094b2
06535
00c1a
0bd9a
0e26a
01490
06ec0
0b6ba
099e7
04b3f
0a073
0b6ea
0c917
07699
09de8
0ce3f
01def
0830a
0ed2b
0be7e
0e0d7
0da20
0741e
08e1d
0365a
0d36e
0530f
02198
0c141
0d06c
02a9c
01285
036a1
0652a
050c7
0ae96
067ad
0d2d5
051bf
0de7a
07a00
0683e
0933b
08ce8
00fef
09d8c
0c0c6
0ef7c
0ddb5
0cbe5
05261
042af
0f6a1
08c26
0658c
055c9
00dd0
0537d
0e31a
0a85d
009b4
03730
0747a
0f67c
0119a
0c694
0192a
0fada
0f761
06ff8
0638a
0b3cf
010fc
016ef
08304
0b216
0d061
0a308
05fba
03bc0
0fbf4
0671d
06a0b
029a2
0800b
0e68a
0dbdd
037d3
02315
02b16
08999
04d3d
06d26
00fb1
0728f
06f67
0d993
07d4d
038fe
04c46
06073
05a34
0f6a3
0de2b
05f1f
02692
09fca
00ec0
0783f
0e339
030ab
0c9bf
080f0
0e984
0a49f
02107
06d3a
07d74
0e7e8
0294f
06a62
07df7
029d5
02b67
077a8
04105
08594
0dec9
07192
04aaf
016b5
011cb
05cea
0b5ac
0570b
02a1a
0af01
02208
0f319
0338a
09882
020e7
06014
08370
03dc3
0cca8
0dc51
06b6e
0776f
03d2a
03832
0f754
093a3
01437
0e6c4
0b61d
027a2
0848a
05594
06d41
0568d
08694
0c3a1
0a11c
0bda1
0bdc8
0851e
09288
099bf
05090
09e3c
015ea
0af53
08b5b
00de9
05297
0e544
0f547
02c72
09ed1
05a35
05582
042d4
0fa70
039b9
0238f
05f8b
0a749
05df2
05776
09f7e
012d4
04b81
013aa
07f50
058d2
02a5d
024e7
0ae3d
095b3
09157
0e94a
0b8a4
042c1
09462
021b5
001b8
01bee
08457
0cf93
070c3
0af16
04847
0f80d
07674
0fc50
025b8
0ae6b
043c2
01d30
0ec8d
0d2b7
0549f
030f4
027ed
0ee5e
0cbbe
0154f
07e3f
0e0ce
005fa
07dd2
0499a
09c27
012a9
0bdef
0ebc8
09f41
08b88
0b95c
0fe92
06164
0a415
0a6e2
0363c
02915
0c016
0f9b9
086b5
0eed2
0ef81
072b9
0204c
0eab6
0e2c3
009ff
04542
01ab4
0cf1f
0cb76
063d3
0f3c8
01708
00a8a
0d225
05854
04153
0dd3e
07078
09aa2
083b6
0079d
04dd7
0d04d
0f2f1
06bad
0860f
01ec7
0355a
05227
010dd
0369c
00138
0c6f5
076f8
06979
04552
02868
0cd85
06615
05d36
072f1
0f54e
06786
0460b
029a9
0bac2
0c20e
03620
0d38f
02b70
0bd55
08cc3
005a8
0aedc
0ce62
08c73
0f7fe
02c31
0177a
048f4
0b8f7
0e38d
0b0ad
0b330
0115e
0e6c6
0c3da
0540a
09c04
0b98c
01584
040e4
0fa0a
09539
0a634
0760a
0f2a0
042cc
090d9
08115
0b193
0131b
05785
05c77
02e27
0d42e
0e3f6
0b8b6
09d4e
0499e
0b015
07624
0e301
0eec4
09ba6
02ef4
09db4
0c2fc
05590
01a8c
05e7a
08270
0b7a6
0248a
09e29
0fd38
02992
05002
0d7c9
061da
08c22
0ed0e
07b31
01917
018e6
09bfd
00243
09e79
088a3
00946
0d932
0ef7d
03b06
0a12c
06755
0de60
0cdfb
0a586
0300d
0b36e
07695
0f2c1
071b6
0c4fe
076eb
074af
0123e
08513
04f41
0597a
0ab71
04433
01269
0ec68
07724
0c8a6
01e44
06eb9
030c8
0c74e
0521b
0a43a
0e4ab
0bea2
05d38
0e581
084f0
077b5
02724
08a65
0e847
07237
04d99
00b09
0acd5
0113e
09d42
057dd
029a5
03847
08248
05711
006fa
03787
0b8e4
02f16
0bace
0e68c
07e00
07431
0bb21
086c8
021fc
08b08
0ccc1
0c08e
0e46a
09b0c
08353
08bb8
09b98
05152
0e359
06814
0e72f
0b03e
009be
0056e
0230e
0a355
0ceed
0a122
084c7
0dd1f
0f971
0fbf6
0c51b
0ca59
099fd
09e78
084ac
01e03
07ae3
0d404
08ca1
08339
0fd36
02286
05bd6
07b91
01795
0c586
013bf
00d48
06b5e
0890f
0cbf6
05e9f
01950
0815d
016ff
0bb21
08ef7
0e38b
09460
0db5e
00986
0edf6
08742
02a1f
081da
0426d
0d31a
0348b
0b570
0ab76
02999
0f245
066dd
00790
01939
0e5c9
0f17c
04d0f
09a69
00a93
0eb15
06b44
01e73
00f36
0d2d5
0fd47
020dd
06b13
068ee
0a311
0cb38
0bc7b
07232
03962
0f041
02972
03ddd
04992
0f906
02720
03990
0af7a
09146
0321f
0948b
00683
056a6
00063
0a971
08e9b
087fa
01f76
0cee4
067b5
0145c
01fd3
07d91
03b2f
0e41a
0bfb4
0abda
01834
0cd81
078cd
07406
0e3d0
0a0b9
0c735
0f1bd
056eb
06b8a
08534
0ec60
0a1db
089b2
05e53
04726
02691
0a988
02de0
02b49
0786b
0616a
0e173
0b093
09e35
001c8
07ecf
05c33
05656
0cec7
0359b
0ea0b
0b433
07553
01115
06557
0e39a
062b4
0d54b
05c47
03222
0f55b
0072a
09892
0ece7
053dd
00147
04815
0ee42
0a766
095a6
0f9ca
0ab95
0e3ba
06fdd
0708e
0a9c4
0f772
0092b
09d0d
0b958
022d2
05de6
0b13b
03a82
03aa8
0c07a
0a8a6
0c039
04dc3
053df
00228
0257f
0a8cc
0f284
092d9
05c11
0a39b
01ac6
05865
03b18
0712a
07323
02c9b
0717e
024a5
0cd01
03382
0e5cd
07655
0b6a2
0da2b
0cd6d
013b8
0396f
06b4a
03e5d
0e1e7
03eba
03cf2
088fa
074f3
0b700
08b8c
02f3b
0954a
07dfd
03f81
0bcbd
053ca
03128
09e07
093e4
01d4d
0e59c
0d25d
003b5
03b83
01c55
0ac41
0a7c6
03f86
05829
03533
01fb0
00194
09286
0de18
0aac1
02805
05595
06f9d
05dfa
069b3
0c23a
07481
011b7
087e2
0b1aa
0331b
0518c
05732
0633b
0f080
09dbe
075bf
0874b
03e17
0939d
09b9f
023f8
05013
0799d
0a07e
0182d
0f0b3
0c4e1
08c5d
0b203
016f6
0019f
06f6a
0b926
0c9cd
0061c
06169
0b045
03505
0cd5d
053ed
02fd5
0da84
01523
0fef7
07919
09f3b
0f82f
0f4cb
0278d
08ad6
0b0a7
00bea
061a5
0a2bf
09028
007a1
09a51
071ca
0c1e6
0aa87
08e4f
0f97b
04e26
055cc
01de9
049f5
0bdf0
0f88d
08e34
00c0e
07061
06086
05cc8
0fb66
03f65
0bf1e
0fda1
0ae79
04482
05e79
01aa9
0284f
0df41
02beb
02497
0a2c7
0ffee
018b3
0ae5f
0735e
00431
09cb2
0897d
02510
0eb26
06b2f
00b52
0d929
0d587
0ab00
0e37e
06116
01d4d
0aaab
060bd
02e01
03858
027dc
06bd9
0db04
087cd
02d7f
02c17
0dba5
05e2b
0d3e5
0347e
0f10e
00ed6
0db6e
0a018
07d2b
008ac
0dd73
05746
0f369
03474
0ed77
06804
0949d
03703
00d35
069bb
099df
08b98
04553
0eac3
06286
0fe16
0721d
03a28
05b92
0cc75
0882b
0c6c9
08483
031f5
0a5fd
0d7d0
0a223
08bdb
0413e
0c977
0cf3d
01ecd
0be63
0be5d
0d427
03ca1
0dd91
0b212
01463
0da37
0e046
0992c
0d0d7
016cc
0bb91
0f389
064a4
00bd7
02834
07cfc
0167f
0a9fa
09b7b
029d1
0ce18
02e3b
064b9
092b6
06d6d
0e706
08dbe
0f893
0f95d
0e9cb
002fd
073b6
0c488
084c8
07637
01f2f
07649
09085
052f2
08620
05355
0289b
009fd
03116
0cea0
01e8d
007ec
0381c
014b3
0c210
05a73
07e37
00192
08c05
080b5
0e9a3
016e7
09895
011b2
045d6
029b8
03715
0fede
0134b
014d3
00888
06641
09b7f
0ca21
00dae
0922c
0345f
04d9e
0893b
09940
013ee
0ce4d
0f3b2
0cd88
08e35
02cfc
08866
02631
0fee5
08650
0c861
031ba
06745
0fb03
011db
0b83a
0aedf
00e38
0637b
00b87
0aeff
0b0ef
0ae05
07e52
04ace
013e6
0a214
0bab3
04400
06b77
0af74
0dd0b
0568a
0c3b9
0f377
04f93
044c4
0a2ab
09f5a
07967
009b3
060a9
0b82d
05511
06516
0cc7b
0afeb
0fc8d
0fae8
066fe
05c27
074cd
0f554
0cffb
03e51
0fa66
07d14
0c6a7
0b73f
0a2dc
07c48
02a9d
0a593
02bb7
028d4
08058
0f19a
0c763
0c250
01883
09b7e
09e33
06d00
0979f
01bb1
0efc5
094e3
03def
0c878
0d7bd
064e0
0d84f
0e729
02945
09c74
0048a
0a70b
0fd94
0014f
0c3f1
0f45a
03284
0122d
0325e
0c672
03020
0111d
0c5cd
086b7
00fa6
02919
040b1
0b5dc
00556
0868f
080e1
0e4a9
0ef5e
00d02
0bc5e
0ad80
0e51b
013d5
078d3
0ba7e
0598c
09a40
05e01
0217a
0e443
039a3
0ffed
078b1
05c03
0658a
00d72
0157c
070a1
0d8e1
078ea
052b0
05a83
0a82d
0149f
0f69b
0d9ec
0e1bb
07077
0730b
0cf6e
0776e
0ce12
0f798
0c80e
05dae
0ea6b
04b90
0c7bb
00174
0b3a5
083e1
04215
06941
05df7
046c1
07028
04408
00ec5
0303f
0cb5b
0fa75
08418
0f4ab
0d038
0ba7b
0e368
0431c
0becb
0c5ef
0f0ff
082b5
0e1f0
0eb75
003f4
08fe3
0391c
0dd60
01398
060bb
0049d
01b3b
0e1f9
09ea8
0dbcb
0f4cc
09bec
00626
04044
07383
027bc
03391
0ae34
0a10e
0007a
014b7
0af43
0a218
0e9cd
0d15d
0f6fe
0e1b4
080a6
022b9
0155c
080e0
05354
02aa1
0a1d1
0bf89
00868
0fb31
0d973
0438e
005a7
039e2
0192d
056ff
0a8b0
0d5fc
033f7
06aaf
06f76
0d190
0292f
0c3cb
0f279
047c3
0ff42
0dc45
0f3de
0e38b
0ee42
06131
0a9c9
0c369
077de
01e92
0de55
0c422
085a1
05dda
0ffb7
03c54
00777
0c745
0a70b
0fb76
03b33
0e145
09bbf
03f9c
08f4b
0873e
0dc52
047f4
0e3b6
01369
069d7
06390
07318
0a2e0
00795
0d277
0ba5d
0086e
0ab02
0c30a
06589
03527
01410
0b858
09142
07614
0d99f
01bfd
0879d
008a2
06e65
01b4f
08ba8
0a415
09562
0dc3a
0e4ba
0ef96
07213
05886
044ca
0f5ba
00fe8
07110
0afe2
03369
0fd66
0c128
051c4
0ac57
0949c
07ec7
0fb86
052a5
0aa0c
0eaba
0081f
0323a
00893
0f49f
06f88
0c55d
01f44
0106b
014f3
0d267
0e389
06c09
011ed
08794
01154
069aa
0c482
054ea
09a6e
04dc9
01c26
0541b
015b1
01e30
001ec
0e9e6
03f32
09079
00be7
00cd9
05f31
03471
01e3e
0be88
0dee4
0be8c
0d3e5
0dae8
07e1c
00fc7
07b37
0bf8d
030e2
01195
0f249
00953
08565
07f50
0ad8a
04c32
01ebc
09182
0fd84
06cad
0f27e
01fee
0cec4
0ad27
093f9
00fbe
07bb8
0ab64
00f51
0f236
08c06
0fb61
03161
0a3f0
02a8c
0dc63
0ff73
0e6b3
0daee
09190
03e99
0da15
0b2c4
0e703
0d899
066eb
06c31
05f89
0feb3
068fc
0091b
0cb60
06170
0516b
00afe
0f09b
0c254
04c6a
06e76
0dfa8
004b8
071fc
03240
04fe5
0be38
0022e
01639
0ab12
0bd7b
060bc
080ac
0ab9d
0d977
03dc9
0d067
03dbf
0cec7
0adec
01aa0
05257
0bfce
0a13b
0961f
075de
015a3
09d73
04cb0
0b8f2
0dbf5
0cc5d
01eb0
0037c
0c0c0
0e119
0edc4
0df08
04221
0cd3e
059c8
0fb53
09784
01b26
0e626
0371c
0462b
0128a
08e2f
0bb14
06ec7
04503
03e28
0b238
06303
0f1bd
096d5
01d47
0aab1
0dc39
0071e
04950
0fe2c
0ee23
043f6
08de4
03812
0aba4
0f322
03c3c
03161
0079d
0025b
0685e
01a67
07032
08f3d
0bcef
00f60
0da95
0b775
08728
0b670
0145a
0e438
052ce
00041
0ea74
0be1b
04301
013f9
0e4ba
02660
0cbf9
02221
0c96f
0c51f
0f388
0d599
03b91
019eb
0202d
040ea
03054
03ae7
0ae1d
009a7
0afb0
0b771
08c49
0f6bd
09f8c
066ea
0b9b8
01c3a
0219d
0f64b
0bb35
00575
01b42
050b7
0e69d
0d154
0603a
05da2
0e643
0a2b2
06340
06492
07048
0f5ec
01782
0a85a
0fff0
0fb66
0f201
0841a
04c53
07dbf
0cf35
08457
0aa4b
09ebb
0719c
00eb9
03854
028e1
01906
05e38
00c66
0717c
02836
09fd8
04efa
07f71
0eec8
00ccb
01997
0a0b3
0369d
0ead7
07d28
0a56a
0f367
013ea
0ab51
076a8
02f15
08aa9
01259
05bf9
0681a
027d7
09203
0d820
04d8a
0ad61
03f97
02800
0efd0
0060f
0df94
09c49
0ff61
08449
0e0f3
00ddc
0b4ae
0b464
09b61
040ad
06cff
054d0
0c5a1
06ac8
0d481
07459
0b297
0952f
00fd6
0cb14
0614f
0159f
01cc8
06b6b
05eac
09cd5
0395e
00f81
0df5e
0538d
0301e
0bc6d
0eda1
00c7c
0c0b1
03aee
0ff4e
05df3
0193b
0b259
0588c
0f4d8
0d395
047d9
0cc75
0de4f
09d3b
02e6b
03aba
0ef46
009ef
0bd64
02dea
0b4c9
0ff27
031af
0c101
02235
02cef
0c7f9
05163
0228b
0ee2c
0547c
0d4e3
0c84a
05365
07549
0a28d
029a3
0c0f7
03a18
039a6
02e1a
0d3fb
06e0a
029ee
0e66f
07a46
02ebe
01e2b
08340
06864
00ae8
0b904
0b012
06640
0bb4d
01838
02670
0b8dd
01948
059bf
02685
0f7df
0c026
00037
08fbf
0b4cf
0f656
019cf
0a942
08365
023f4
01b07
0e0b6
065ce
05640
09158
01b55
0d490
00b52
060a7
09f1b
0ff6d
0f95b
0c818
01267
0ef98
09eac
0b70a
0e65c
0ef8e
0efd5
0fe24
0f85f
0efa6
0aac8
082b6
0b2ad
00f91
0a932
07abf
0e275
08bf4
0c437
034da
071be
07723
0bae1
0d630
0c8db
0ebf7
0ff17
0ee27
0d99f
0f3a1
0ec93
022ec
09167
0234b
0d04e
0f159
0e24d
0f244
0c088
041c3
06fd3
0b57f
0c92a
0e754
0e7cc
0ee61
04041
0196d
054e1
086dc
0b3d6
07681
01d91
04dc9
00678
00977
0abac
079c1
02407
0bee2
0e1ad
092b7
00797
09f03
0f681
0315f
04d65
045be
03e8b
06077
0ff80
09329
0a281
0cd2a
0c16a
03353
019e1
0d720
0c3d0
00014
04323
046bc
08b4c
00aa2
02e5a
0f84d
050e8
030a9
07cb3
0c745
0f6c7
0c752
0be91
00d5d
0ba8c
0228b
02b3d
061b3
05cb0
0b83a
057ef
0b38d
0cfcc
0eee9
092e5
02385
0c163
0fee0
090c1
0b486
06044
06344
03b9f
0b52d
04153
01364
06748
0032b
09de9
09f8b
01939
080bd
0d803
0a964
0aae7
0334b
0723c
03291
0db1b
07a2e
08bc0
03c26
07ae2
01560
0fbe6
03437
02182
07883
07cbb
06fe5
0cf49
0a505
009cc
084d9
0f4e3
08be7
02a58
0f8a4
0ac59
0c921
0f3d2
08e8d
0f7ae
0be6e
04852
0100e
0877e
068f3
00253
09771
01435
0727b
0540c
0d1f8
0bf48
00492
0cdbd
01801
0fea9
0060f
09fc5
0a537
0112d
055d6
0e391
0914f
0e87e
05c5d
00091
0cebb
04b35
09341
0bbc4
02053
02503
05644
0af33
0a089
04b88
0eb12
04a8c
0641a
07102
009c5
03454
01467
0a368
033ae
0f727
0a268
0c28d
06f0c
0ea78
02e5f
0e111
0faf6
007bd
0c736
01af0
0fc7b
0e5c2
0d522
093ca
0e158
006cc
010cf
0d534
06073
02d9e
0d8bb
05589
078ef
0aa81
08f27
03960
016f0
0ee9b
0a8d3
0ad3c
00dd3
0c596
0ed64
0fe78
03beb
05257
097ed
04cf4
0de8a
02202
0e43a
0719c
01415
0bca9
034b0
02f75
0db27
03cb5
0c814
0f4a1
02e21
0e961
06904
069d4
0db5f
0892d
00f6e
0ce44
00b40
034af
0ae51
01d0c
02524
00cbd
06d83
0aae5
088ff
0a0af
08241
0c831
0efa5
06e90
0a47b
0964a
0e75c
05137
0dc99
0fe1f
0fc62
064ce
07fd7
00688
00b5a
0e603
02a23
08fee
0bfd9
08f2f
03795
02ba3
0346b
0bc68
0bd45
0fe76
09b59
0b57d
0817c
07a61
0639e
03f28
09ea8
0a6c0
04b5e
01dc9
0d585
0ff95
05bcf
04acd
01664
024bf
08791
03412
02c3e
0fdc6
09d4b
0922c
0c7ee
02507
07846
0df15
08a5b
0dba5
02bed
02e76
091d7
03b06
09a8c
033dd
04e80
0e4d5
0b709
07a4d
074b4
0a417
0eae5
0475e
017b3
0f777
0cdee
0e385
0de88
07c43
02fed
0db12
0462f
04a83
02b0d
0ee3e
0ca9b
0134e
09865
06eae
0bb32
0d08d
0cb38
09d61
0be98
0fb40
02f77
0c380
0c7b3
000ab
070dd
0ff9f
0754d
09291
00ba7
05eb2
0099f
0ad28
09cde
0ede7
05095
0f5b9
0746a
037d4
062b3
05b07
0435f
08df6
0839d
0b533
0e7ef
0d01c
09c77
09601
043de
0738d
0c8df
0c21d
02a03
02bad
00460
0ba65
00fac
05cf0
0b402
03811
089db
06614
08f21
0e9fd
08fe4
00694
06119
09d98
0583c
0c69d
07c98
0e195
0b1ee
006f3
04568
0ee2c
070a7
09c85
0647f
02d0d
00546
04c3a
0bed3
01917
049ee
09d26
03d01
06fd5
07b34
03b47
06f06
0fc47
0fd84
08582
057b9
0fc2c
0ba99
052bb
04f70
09e29
02dc7
06d75
044e5
0c152
040bd
0f549
0387d
0828d
03e8f
00bb8
0bc1e
0d8ec
09b2b
011cc
0117f
0d6f1
09f7b
04dff
0658c
0c60b
064b6
0aab4
0f2da
0849d
0d8fa
0ae66
03a28
000b5
088ba
06439
0dbda
0fe45
0c7c0
0c8e4
015c7
0dbf9
0e926
07b2e
08624
08b32
0a538
03146
02609
0ffe0
0cc44
0ac50
05942
064e2
086fb
0b806
0f5ee
0e7d1
038b7
05ba1
0c497
05f0e
0ea50
09255
0499d
03113
04c6d
0e99c
08b4d
03cb3
00c26
0060e
00d5b
0204f
0c6b7
00568
0c6b0
0abc3
07875
0c622
0466b
0118c
0d2e5
033b6
06fcb
03a40
0592c
0123e
0b6cf
05d41
0c53d
0b113
06b15
05661
0b69b
083c4
05a62
06903
0f061
0ad3c
0a875
027f9
03c9f
06157
0d76e
010d9
025cb
05b89
0ab9c
08dfb
09395
0cf88
0a2c3
00cd3
03669
08b74
063eb
0cfd2
06246
0af68
00169
001e3
08222
09f39
0459b
0580f
09ef1
0bc2e
01393
0a2c4
015be
009a6
09c2a
07d17
050e0
02d11
079e6
08b47
0bdc8
0fe5c
051ae
03627
0fe91
00f81
0edc3
01eac
0e8f3
09d95
023fb
0190b
072db
0af66
0d9f5
0153c
08865
0722a
08d41
0ac3a
08d23
06aef
002e1
0afdb
0f683
0ebba
00636
0d1b5
054f5
07738
0935f
0fc58
0176d
0a4f7
0b017
0edd4
0b12d
0b398
0558f
0ff90
0155d
05502
0a570
09f16
01fe6
00d31
032b1
09204
061e1
08fd5
0dda2
059bf
0b94a
088db
0553f
0db0a
02026
0f6dd
0c748
0230d
0a057
06c62
0bb94
0b74c
064c2
0ae87
079e8
05a9f
0bf48
0854a
01b72
0a11e
0b410
0bb44
0fa67
09040
0edc8
0b7ae
0a636
0aa9a
02e8c
0655c
0fcef
0c235
09455
0d7ce
03996
00d68
0a5bb
0c0fa
0e4f5
077d2
0c95f
03421
02591
0270e
0ae9b
02f25
02168
0915d
02c1a
0d1d7
0e6c1
01517
02549
086ce
0f2aa
06f13
0159f
0c609
0ec6e
00031
0ef9d
08b70
00650
0dff0
0fb92
069ae
0635f
0beba
092ce
082e8
06808
0e1db
0e6e7
03d42
0f35c
054fd
0593b
09f9c
05a20
0c542
033bd
00369
019a5
000e2
03be7
0032c
01b5d
0f51e
07a02
03336
03c80
0340a
0f99b
0052a
07a1e
0e99b
078a1
09307
09274
016b9
0e682
096a7
09fe5
01dad
097cb
0b28f
06557
081cb
0a8a8
0ff2c
063b1
0c64a
027c1
0c3eb
06b3d
0e378
098de
0884c
03f7c
0661e
0d7a9
0613c
072da
03506
0a39c
0a1cb
0dbdf
0a2c0
0277e
0b947
0537c
0be7e
0759d
08ae2
0adae
0588e
061d6
056d5
09039
0d99b
06335
093b8
09879
087fc
0bc77
08f38
02d68
02000
00377
02e37
0dae4
02d7d
0daad
01362
091b3
0d03a
0e6af
0f317
0a16f
072cf
0fd95
0e55a
0b5b4
013cc
0a6be
08b6d
0edfc
0ec11
0f567
094ba
04ac5
06ff1
09bcb
0eabc
0313c
02ba0
03913
0576d
00ab5
001f6
07e71
01314
0643f
092c5
0fd05
0f97d
07fcb
0f9f5
04f00
0ba89
0d7d7
01fc3
07c18
06e4c
02017
087ba
0b65e
09375
00075
029ee
0dd91
032d6
07db9
00512
0a940
0682e
0b85f
02b3c
01b4f
0d53b
01792
0233f
0b2de
07593
06143
02d8c
09e6a
03610
0e6b3
09517
01445
08fab
0628b
04b60
08e6b
092be
0ce48
07071
0dac1
061bd
0621f
03a05
03b23
051a1
067c6
09e8e
0c6be
0320c
0f333
0543f
0d087
03a3b
006ca
05d18
06b45
0f781
0280c
034d3
0050d
0c6df
005d2
0ce62
0938e
0faa1
0ae6b
0d4a2
0a09c
0f3fd
0566e
000e0
013a1
09723
0b3e9
07381
04dc1
05875
08c4c
0b860
04b9c
013c5
0fb57
0e4a5
03a64
01589
06f34
00d2c
0a56d
02c46
0557e
0f332
09aa4
0551a
087dd
05746
0b359
0d1b5
02aca
0a4e4
0d006
05cf0
0386a
0df66
01316
09304
03136
0ba2f
06b1f
07714
0c3d7
0c2fd
006c6
0d594
024c6
0af70
0336d
0bc8c
04c93
0852d
08196
07475
0bef0
0ab15
0c2f0
0e2b8
07922
0f55d
02f3b
05e52
04c18
0a247
0aa2f
0af3d
064f7
039da
050d9
0d9ed
0dfef
0601d
00b4d
0a9b8
02f8a
0df98
02d37
0d768
07ce2
01ebf
0c714
0ac14
072fb
0a4d0
025fe
072cc
03a69
063d7
0df7e
095db
08bc7
0133a
0f121
0e941
0d3da
06685
0338c
0d178
00b46
00ae5
02ed5
0c6b3
01391
083bb
05150
02b48
00ba4
001f1
02e6e
0565e
0d516
052c6
096d9
0d544
0ed3b
0ea22
02f94
0e266
0c49a
096af
09d7d
03a18
0d708
042c0
07f95
074ff
0aa81
070fd
05bdf
0cc34
058f6
08f4e
0bf9d
03b79
07479
0648e
06b5f
008dc
08513
0f49a
04222
0e78d
049c8
0e16d
00218
0ab53
0e66b
0d8ea
09d99
0ebe0
0c17a
0d00d
0ff75
09ce2
00c7f
084fd
04d2e
0a187
094df
02d4e
042b1
04d50
0f8c6
0926d
0430d
068fb
0e882
0728f
05139
02391
0dacd
0c9a5
053ab
0cddb
05d26
00450
097a0
03ba5
069bb
0f62c
0850c
08863
09a06
0da77
0f682
0058f
04806
0c5f8
05b15
01f22
03e24
0b871
0f7e3
092a7
0de8d
01aea
019ee
0aa0e
0a3bc
0f6b2
0dd56
0e8b0
02698
07d54
0d22b
0076d
09243
0874e
0bccc
05188
02ca8
0dd9d
041e5
0ead8
029b6
06620
09c03
0c2ed
04eda
0dcbe
012e0
07939
058c7
05174
012b8
0af5f
03df8
0bb65
0f9b2
0f28d
05997
0c543
091c3
0d1fc
00e91
0204a
022f4
0f0ad
043f2
000aa
0949c
0ca31
0a61c
09f38
0b422
0a880
02715
00b93
0e4a1
01a39
05d89
0fa58
00816
037ac
04a76
03597
03a47
08ed6
02b61
02ca7
05ff5
0d510
0a44b
0ce9a
08bb3
07ec8
0088a
09987
044a2
0b84f
0b332
031a7
00c7b
04dad
020f4
0f8db
0153d
02242
040c9
0404f
021e5
06183
00541
0e383
06fc0
077c5
047f2
04939
0b9f1
0c088
0bf22
04128
0db1d
08695
039dd
011a1
07191
04352
052e5
0ca9a
0bfbf
01637
094a4
0690d
05936
01df7
02488
0ba80
0143b
0bb2e
0e23c
0e018
05b2b
0ba93
01a91
054bb
0c9f4
0d2c4
0c25e
07532
06584
0c4e8
0e8b1
0a3a8
09c4e
0f120
0c80d
086e3
0b2b1
097a1
0e4fd
005e4
0dc01
07781
068b1
0ef0c
01d0f
0f8fc
013aa
0dc42
03016
03d41
01ffa
07313
02e53
04f8d
068e4
02c10
05722
01ada
01956
09b2a
0f501
0398b
06115
045c0
05cc3
09894
09e96
0d789
028d5
08757
074e6
03c20
0304c
09946
09348
0bb6b
00360
09ee9
0089f
0e593
04b33
0f7ee
00a89
04e60
0dca0
0512c
0471f
04b35
0a2e3
06ab1
0c842
08166
08f51
0d599
01bca
013cf
08ae1
009fd
07469
04a09
05734
03f10
04c54
0b901
0f61b
05fca
0a319
0e74d
0dbed
0c3c3
06067
04d00
07e14
0d77c
0d5db
01d8c
084f5
0faba
07cd8
00086
0f2ca
0e683
0c482
045a5
04e61
0640a
09d1c
07f40
09b1e
038b8
074f8
03a9f
0bc97
0efdd
0eead
07e3f
0b118
0ed72
0724b
0f492
08a03
0570e
0ed42
028c8
0cd7d
05f26
06e2a
0a3f4
09e8b
027bd
0c978
033e5
0eb28
029dc
08722
0d967
0ba91
0e680
0c0e1
0b9e9
0cb28
02f11
0f2bb
0ae86
0b14e
0d56d
0320b
00da0
0dd7a
00279
01345
04ff1
0bc98
0408d
02483
057b4
0d114
0723a
072ec
09bdb
0ce2b
03ea8
043ea
05215
00587
0b3af
080e5
0d5ff
00775
0eb0a
015af
00058
0e5b7
0afca
006d4
0fe8e
0fb0f
0d1ad
01c28
0efec
0f8ee
0fbb3
062d0
02e30
09c43
02448
03d9b
081b9
0f8e8
00064
0f562
02402
0c461
0fccf
02591
0531d
0e758
03388
06f37
0730c
0ec7b
017ea
01e02
089ef
05fa6
07f1d
02df5
0ede6
0d6a8
05032
04f7d
0cc60
0a7c9
0f16f
03745
02033
0a382
0a875
06a34
09476
0e4da
015d2
02d77
0ce4b
0447e
054b1
0b1d3
06e22
0cf87
01387
09cd5
03c0a
052ca
00d9d
0cb89
0a4dd
050f2
0e756
084e7
043df
0e24e
0165c
0d744
0c464
0e5ce
01710
0ecd9
0fc54
0ac0a
0a368
0412f
05f97
03f27
0eccd
07d18
025d3
080f1
0a074
00bc8
00a44
039f4
0a262
01641
0f13d
022c7
0fee0
0d80e
0111a
0104c
09a3e
014d4
0b443
01802
0ace9
09334
0f35f
07516
0674f
0ffe8
07585
04441
01010
0edca
03cab
08b29
05861
0a1c0
0dcc9
04076
04274
02fb3
0e5d2
06ffa
0c05b
06e3b
03415
02d61
01a71
00118
0c60e
0bd44
02149
04bc9
06165
0c0c5
047d1
0ed96
05d0b
00a22
0a87c
0cbc6
0d071
07e93
0ba1e
0d389
0cf96
03609
0f7d4
0c9d8
01b03
090e5
05411
08e09
0340c
00a63
0d7fd
0cee9
0e5dd
023e1
0a09e
05e70
099a6
0f6ad
0855f
07471
0a323
08912
0c511
043b9
09200
04787
0cebf
08e73
09c5b
02d39
04a65
0a5c5
0d742
0f244
0d7fc
0ea0d
043b3
0eca3
0a84b
0fe5a
07550
0e9da
0eff7
0e088
01301
0aec8
0e3de
07ef2
07011
042b6
00de3
0710b
06fb1
0c773
06e7e
023a5
051f9
0eb07
0ffd0
01d7f
0c922
0138f
01d28
0b1a7
0fea1
04228
089bd
099cd
03c06
05378
0cc7e
0f72f
007c9
0372a
06265
047ed
087d9
066ae
0d22d
04bcc
020c5
0cbee
05aa2
091f4
092a5
0647e
01778
040f2
08afd
05f14
05363
02d74
0598a
08828
07114
0fca6
0aebe
04dc7
0cc01
046b6
048fe
008f8
09820
02f1a
021bd
00526
0e49e
08562
0dbe5
084b7
03fa4
0a2b6
09f08
0929a
05ccd
020de
03403
04874
0092b
0f7dc
0f302
0fabd
0fdde
07e17
0278a
04af5
05c6f
0d2be
0fbb6
097c5
05d2a
09937
04dc5
0ff56
0949b
0816b
05e95
03688
04a27
0ab6a
0c331
086e7
09faf
0628d
0eb52
08c0e
03763
09783
05f15
0e2a5
03ab9
0960c
0133d
0e5d2
0dda9
05cac
0328f
0a23f
0fa0f
03d6c
0326e
01950
0acbd
08ac0
0e664
06ca3
0df91
0a289
08c1b
0d4b1
0f87f
0ee99
094c7
0e028
06a07
09003
09768
0e734
00cc6
09ee4
0a3ae
0846f
055f7
0c73c
04dc3
0ef3c
0f56d
04877
0509e
080d7
05c3c
0a83d
00941
0ccf3
085a1
07ebb
01882
0287d
0fe8f
03603
00285
08c8e
0ca99
03b6d
041ae
022ce
0279f
0a12d
0d7dc
03030
0aa18
01ef1
05ef2
05fc7
05b67
01944
06344
072f4
05ec3
093a9
0888a
02b02
0602a
0de35
006fc
0cb28
05447
09835
02445
0b86b
082b2
02780
091f3
0c6a1
003e7
0c15f
008de
01da9
0f0cc
04f9f
0d57c
00837
086e1
0792c
005ca
06a67
05793
00f8a
088ce
03d85
04d8c
0324b
09270
01e21
0d7d9
0a5f0
071cd
0fdbf
0e50b
070b4
08b5b
06391
0f5cd
08751
0a60b
0d619
0a8d8
04ed9
02aa0
049ac
00bb0
08889
0f256
0e432
0a921
06e77
0f078
02bec
07a37
0ee37
06503
06b40
05ed4
0b73b
01b11
0a1b7
0cf94
03169
01ad9
07600
0e433
0d956
042a3
0f956
03b2d
056ee
0875b
0eee5
05c68
0c957
03d28
0c081
0afa9
03b65
00b23
00e16
0498d
0a827
039f0
081b7
0487d
08479
04d96
04377
0a3a1
07d62
0f159
05c5f
003a0
0d6bb
03790
09c5d
02337
07350
06a24
068bd
06114
0ddb7
02c80
0338d
0ff8a
0ec64
0b82d
02bf7
04b68
0c12a
01dd3
0b922
0c47c
0d882
0aa33
0dcf7
069e2
0f543
0829f
0cb99
0c627
0e05f
094d3
0547a
0b9ac
02a50
0751c
0a4a9
05ca0
0bca4
0fe14
06cac
0ca00
03df1
0675f
049f8
035de
0efe6
072f4
001c9
06a0d
0f321
00878
0373b
031af
0008b
083ec
01c3d
0b91a
00744
0c790
0281b
0089a
04eee
007f0
07569
03853
0ffd2
0ba6b
04403
049f4
0c128
0d86e
08c15
064e1
08721
04732
06005
06cb5
01cca
02277
02cd2
05470
01146
0149e
05319
0595b
067b7
06123
0e5d9
0c62f
0050c
03e74
0daed
00fd3
0fa3d
019ac
047c3
0f1cc
01b5b
07754
0793b
0e83e
07567
0deca
00f20
0ce98
094b6
0b0c8
065e1
0ef3a
06631
02860
0cfce
0e750
041cc
05d6a
08b12
043a8
0c96a
08319
0c8de
0431f
08318
0b23c
03087
0c11e
0ec07
0e0d9
01456
08270
0899e
0f47a
00e2b
0347f
0c8d5
0132b
0a0aa
056e7
00f44
02e66
0d0f8
0fc8c
05a15
04aa4
04b3d
0aba9
0fd36
07971
04156
0bec0
0b4d2
052f5
01afc
099fe
0bd6a
01bfc
054d7
00460
0ce7e
04d93
0bd39
048cd
0a515
0f312
09b3c
00e2a
0e3d3
0a0cb
0c94a
09f2d
01514
03113
0fcc7
0fd7f
031a7
011fb
098b1
0d039
00188
09f76
075cc
0a2b8
0b5df
03dc3
0861d
05689
0a631
0fe0e
02752
05ed3
022d4
08ac1
0284e
0edac
01260
0e6e2
09ea7
0223d
0622e
03ac3
04d44
08b92
07eb9
00d12
0fdea
0961e
0a5f3
075ca
050da
03f38
0bdad
0bfe0
043a2
021f6
071e2
06c42
05767
09cfa
092bf
0d79b
0924b
0f298
0ac0e
08898
00d3d
0339e
06afd
04e29
08062
0d0ba
03094
0966c
0dbf5
0d73a
0bb75
08cc6
03c46
02d40
01798
00fcd
06390
002f9
09311
08582
08829
002bf
08122
04e47
075d9
09c70
0c561
0df66
0d819
0d698
0acf8
05d31
024da
0e811
0f4b8
06a65
00704
0f59c
0bef8
08244
01a8f
07e3f
0535e
0dbdb
043fe
05ddf
0a419
08609
0dd4e
0e2a7
02a3c
012a4
07d65
0a0ad
00d62
0ad9e
0a2fa
0b871
08ccd
0d354
07ad9
00d9e
08cec
04570
06711
00137
06dab
0b1bf
049ae
07174
062f6
006ed
0dc6b
0336c
0e8b1
05e1f
093ae
0def1
06495
00d1c
08851
0927b
042be
07017
093a8
07e56
075d7
0dbf9
03e5d
0a35d
02572
09e3b
0bb05
0a375
0d5bb
0f7b8
0bca5
0bb1d
01a49
07d97
07662
06d2d
03538
0c0b7
08e43
0f16b
0dd4c
0aa88
06088
01dfd
08793
0d16f
0ec0b
03183
0774e
089f7
0ca0b
06c90
04132
0bbfa
0c38a
03c7d
0d152
02935
017b4
0c0b7
0836a
0f169
029f9
0d584
0a480
097e8
0de56
0737b
0d90b
00dc5
01277
015b2
04b6d
0b338
0fffc
00ac9
07965
093d3
04f2c
06d93
0a397
06f40
02a02
0d6a7
03038
0a61b
0f7ce
0016e
00a0f
03e7d
01627
0b67e
0d2a2
0edde
05f01
0f2ba
0f9ad
01f25
0c25b
04590
0d868
09dfe
03236
0fbfd
0a260
050d2
007e6
04d45
03944
09c27
038e2
08455
00e03
00019
091bb
0af81
05954
0ab30
0bfe7
0f2a1
03a33
05a3b
0f3b8
0953b
0c49e
02f37
0873a
00534
0d908
0f00e
03615
09466
03bc0
00a14
0eac0
0aaf2
07b38
0fe72
0f13a
08c65
02386
0bc71
0d39b
0cee5
00f82
096f9
03186
08c7b
05fcb
0a33e
063f4
08e95
05559
039b0
09713
01707
06a28
03695
04d20
02793
0c362
0ea0a
0510b
0b40b
02ded
09e7a
046fb
09828
01380
015fc
05297
0d721
018c3
01ce9
0d791
0b6a8
01ca6
0f5f3
07d93
03325
04da8
08892
0cf8a
0b107
09a7f
0f12c
0ae66
061ba
0368d
0ea1a
0c3ae
0268a
04b41
0e454
04e16
0cd4c
06ef9
082c5
03ae8
02834
0c1f8
027f4
062ce
06891
004f3
057ca
01f73
0baff
04694
076fb
01c6f
0c64c
0112e
028ed
01c5c
00534
0f80d
0db70
0bb76
08218
0a406
04c83
09392
0cc30
023a0
032af
0e72b
0d6ef
087e1
007d7
061be
01e93
082ba
02f0c
06dd3
0a361
044e5
03c9d
0e769
093b8
08775
020a7
0eae8
084a2
0cb02
0f2f9
03124
0b742
00bf7
0c0fe
0c103
06d86
050c9
07c52
09aff
0218d
0907a
05dae
039fc
08bbe
0c155
01fc1
082af
06280
05fae
0157d
0cc49
0a1c7
05390
07141
0e596
0ab46
0687e
0ea0e
0366b
0e584
0737d
0e00b
027ec
07560
0a218
03ca3
0f684
0a913
00e0f
0f95c
08724
08563
0670a
0cb0e
093ad
06c30
0987b
03606
088fe
006f1
0e03b
07253
031be
06c90
0f3ab
0ef6f
0b1d4
00fee
0ead9
01fec
05ff6
0da70
04e4f
0f329
0e31b
0af96
0e7cf
09764
02be2
0e213
0ec50
038e9
09c19
07855
01190
0795f
0819e
09f4e
06a25
00115
03cff
0ed8b
00a28
05fe4
064de
08053
02dc7
08aa3
0389e
078a3
0a51d
08cce
04de3
00481
03c3c
0ec5b
0e0ae
0bbe0
0920c
0ca30
01d49
01bda
01e19
0f4b6
04300
0d243
054f5
023a2
0e411
0a552
0042f
00960
0af26
07ca9
077b3
09518
0cb88
0bb2c
0b459
046f9
075f1
09d20
0ee2d
02e4a
0d9a3
0110b
014bb
0ed9b
01990
08d17
0f792
08308
0bd70
01c78
09512
02866
0ec55
0cdf3
08207
0f680
0d126
06389
04522
01f15
07bc2
0f462
0da98
03325
087ff
04f69
0d165
073ab
06a78
0ee2b
027e5
06491
001ff
05b5d
08203
0a4dd
0dde4
0712c
0407d
07881
0ed52
0dfaf
0a7e6
030df
07b2f
01ba1
096ae
0b348
0a9c6
04804
0e1d4
07ed2
0d601
0f864
0152d
03f6b
0b971
02780
04a34
0f6ce
0feb8
029d0
00dae
05204
0eced
00559
0d6ee
05534
07032
0f9a8
01e83
070aa
0ec99
0f31e
03eab
0bc67
0cedd
05e81
0c842
009f4
0b608
0b35f
04ce9
039b5
0d695
025ed
05a45
0cbcc
01beb
0bab2
04730
0b560
0b683
0cae2
0301c
0039a
021c2
0dc18
042e5
096c7
0c373
0bba2
0294d
089fe
0815f
00f01
0dfbf
08d5b
0649c
07735
0f4eb
0f5f4
0bba4
0d52c
09b96
09017
03633
03f30
00e2e
00180
0773a
06b6e
0a1ae
00023
05656
0c879
06cca
084ca
06bcd
01c45
00c63
0be8a
0bc92
09ec8
07ce9
0e680
03981
0f039
0912b
002f7
0277b
0d015
0e5db
0f569
07287
0c477
0ebc8
03366
022e8
0300b
07f3b
02183
0d144
03f4e
03304
05003
0f218
04966
01a63
01071
013de
06e4c
0f949
034f9
05713
063ef
0a81f
0587a
034dc
08035
0f978
02ef9
0d394
0e41c
07351
0966c
05057
01c70
0aea9
053b5
0f20d
0ab31
05ee6
08dc3
0fa0b
0e6a2
0e76d
0f070
061a2
000d2
073aa
09f6a
08218
047d7
01b3f
0c026
04e20
0ac99
0d435
0bf72
08a55
0b856
09d2a
04af7
08b41
0e5de
05a60
0d02c
09512
04217
0e5bf
06b69
07128
03a14
0eb56
0dfe1
0b5ad
0f645
07c00
0e30a
0f33b
04969
062ef
0ef10
08fa0
031b6
05120
0a396
0c05d
0084e
01f08
0f455
086a4
033ba
06ee8
09eab
02de3
07228
04ea5
025b3
02367
0d84b
037eb
0ce38
01735
0e0cb
0d443
01943
01092
0abcc
0c5d0
0bbff
0a62e
09f4e
05dfa
0610f
0e85e
0d6b5
0eb1a
058f7
092b6
0749c
01f42
0f894
01857
05d5a
0b85c
081bd
06841
0f0b8
05c79
0e551
016b0
0ecd0
0f099
067b0
01747
0137d
0943f
0e121
0f308
0cfb4
0253c
03efd
08893
077b1
0c4f7
014d6
0d3bf
0cd1f
091f5
0af41
03f40
08144
0cd32
03428
0c25a
0aa0f
0e097
0fbf0
019d3
015ed
01d03
0bf81
07874
0d7be
0fdd3
059a8
0a13b
0833c
0b837
0517b
0b8cb
06f20
08e5d
0d92f
092c0
02c2d
07301
0adaa
051ac
09dce
03189
03a77
0d8af
09052
06e2c
05ebc
0a8d3
0b258
035b0
00650
0844a
01992
06401
02a32
0048b
0c094
0822f
0b6ff
03da5
0344f
0e587
06e5e
02da6
0cfdc
0b135
0a241
06305
0e3d2
0ac3f
0945a
017d6
06d04
06f8d
0999e
0cc87
0717a
087d4
043dd
0226b
0b7fc
0995f
0da90
007a2
0fc37
08202
010d1
072b1
0531e
05edf
0551f
0e088
0bb70
0f85e
0e560
0f580
00ebb
03d02
0b550
0fc01
02be3
09f81
08002
0ebde
0ca38
00e32
07648
0c143
0b773
0c5dc
0da19
04536
07964
070be
0b3f6
00eaf
0ee5e
003b9
0e420
06fcd
02f32
0c7fc
0135f
08572
01579
0fdf6
020b5
055de
00b3b
01bea
0dc6a
030c0
05897
07eae
0d70f
04a95
05843
0f310
02054
04699
054a5
0fc3f
09661
0e9c1
046c1
0a99a
0cf17
0d169
06b3c
00f64
0efef
00b88
06ba5
0142b
06346
0bd1a
05128
0d4ea
00cbf
05d6e
0a5e7
0b8dc
07afa
04392
07782
0f4e4
03f8a
0656c
0fcc7
08903
0477e
0ed84
0a3a8
0bf00
08a03
0893b
0f340
09a27
0c78e
0a8dd
0d00e
0e01c
01211
03a7a
0066b
00ec6
05006
0490d
09332
006f0
0f17e
09a63
0171b
0df93
04fa0
08244
0c0f9
0ed89
02004
0ca53
053fb
02848
03da8
04ac1
08cba
0e804
07631
0bff1
05b73
0c306
0de5a
0adb8
058f7
0fc60
0689f
00f2d
07dac
06262
03f57
00ccd
06fa3
06190
07aab
0b8a6
0f262
08bb7
06042
0f99c
0bad1
0448e
06300
049cc
00fe4
0b2d9
040ac
0fb78
08ba8
0f8d4
080cc
038eb
010e1
0c9d0
07e00
028ba
02075
0acb6
0990c
051dc
0c33f
07340
03542
028d3
0dd57
095e3
06b9e
0f694
01130
0ab2b
06d0f
0a51b
063e9
0d1ed
0bfea
0afb1
0b7de
06dc2
0a515
02aa8
0e015
06a87
0222b
06acc
02206
0051c
0e399
0c2a5
03ab6
0ed93
01f2b
03300
0d220
0cf2a
08dd6
0c106
05f25
08e83
05bd8
09625
0fdb4
01252
02389
0059c
0a130
06264
07216
0e3b7
0953a
0f849
05929
05ea9
0706d
0c987
029db
0a7f5
0bae3
02407
0c933
036e7
00c80
0bcfc
0a98c
06795
056b6
0ab1e
0ea0c
0bf3a
09f13
05d7f
0cad8
0a154
0a738
0b471
0299c
018a1
0c9ab
0fbda
060fe
0623d
0149f
0e0a4
00ac5
035d0
07278
03f5e
0e829
0c10a
06a53
04789
0d31a
04813
0b327
015ca
08d4b
077c2
00d77
030b2
022ff
092e2
08794
019cc
066bf
0ae76
00fd3
0e983
097ef
04751
0bc48
0abba
01864
03a45
07267
0a618
05d4f
0e340
026fc
0d1b5
0b9d9
06358
07e7d
03b77
0b98d
076db
0379f
06d36
0d9c7
0ca5a
0603f
03f1d
0fadf
091cd
0af8d
0d254
0d67a
06d20
0e595
0cb9d
0e11b
00638
05550
0e675
066cb
0d0ac
0e459
0ad51
0f9a3
04d87
0cf86
097be
0d5ba
0021d
080dc
09992
08d9c
032ac
02aa9
02c9a
0691f
01e8e
01196
0d9a4
0d6f6
0aca8
07257
099af
09873
02858
0ee2a
0e978
09c2e
0f261
0e8fb
0f01e
01275
0d1bd
06412
0e92a
0c206
0e75c
0171a
03a6a
008aa
0aaba
09a9e
04521
04bd9
073ee
08f10
0dff9
044e6
0adb3
08b06
015e2
0d84a
023cb
0e5c0
04774
0d53a
0d182
0f0f6
07084
0285f
0d183
06cfb
0a8b2
0f46c
00609
0fe04
054de
025fb
0055d
059e2
08b82
0e766
07bff
0e7c4
047e2
01771
02b42
0bf44
0fc12
0af3a
0654c
08fd6
0d5e8
008c3
03151
0f24e
07526
07e3b
077a1
0790d
0fd4f
02183
0e823
0c2d0
0ec34
006ee
07d56
0ed23
059db
04b54
05413
023ab
0a85e
0213d
03a9c
028a7
0e4cf
0da30
01a09
02f8d
0b40c
07fa8
05f4d
0043d
04706
034cb
0ac6f
0ab5a
05fac
04144
04284
0b7d3
04950
03c92
0249f
07182
01801
0e078
0d3e4
0ec5f
0b867
03c5b
0dd95
063fd
0e811
0bb83
0594d
08ada
075e1
0e8ff
0d3a5
0a9ae
0d61a
0c46f
021c4
02e09
09ab1
0782f
0e0c0
02c06
0a9e0
0e131
043df
0bae2
0dcfa
0b057
0b7d5
0dcf6
07036
0012c
000ac
0478d
0aae9
014ed
0c01c
0d4f7
09ffb
0bcfd
0d8db
00c70
000e8
00af6
0466e
0dd98
0cfa1
0d20e
0a424
00910
022bb
0b751
06f63
0bed2
0799c
079e1
01d55
0399d
0ec44
055de
00bab
0cf7d
00453
0e4aa
05d71
02686
029ca
070fe
06f80
09d9e
05a42
09c38
05378
0945e
05d7c
0cc0d
063cf
01b2e
06ad1
0689a
02862
0adaf
00603
0c240
0e58c
0eb3b
06408
04172
07a27
03c78
02636
0cc8c
0d8d0
02286
070be
0f2ce
0ce8e
04965
0d46b
091a0
0efa3
0d20a
07d24
0b50a
04458
036b6
0b38f
0d4d3
053b1
09ed9
07e10
0adae
0cb58
08590
099d6
0c4f9
0235f
09c55
05749
03bed
0f793
02014
0ed54
045a7
0405b
096f4
028a8
0c46d
0786f
0226b
0e07d
09bf8
07694
0aacc
01ee6
098a4
08b10
0114d
0508b
087a8
0cfac
0558a
06652
0a85e
06c79
0664d
00c60
08203
00489
0e1eb
00b13
059ef
0b974
06092
0266f
08360
0fc68
049e7
07f6b
026a3
02fe4
0cff0
0066c
05961
0afca
0376c
01b9d
08a02
0bfa6
0ef37
0b2db
0b1b2
0d577
0ea99
015bd
0cb92
0070b
08016
06791
038ce
0137b
0d692
02e81
037e7
06c74
0b8bd
010b4
09750
0b65e
00e22
0abdc
0bb45
0f680
0d42d
008da
049ac
0d4f3
07b55
04c4f
05a40
0757d
04f8f
0c6c1
0ffec
05f8b
08104
0c0ec
09cb8
043b4
0b16d
04404
0d90a
0c415
0e4ec
06ae0
0e2fc
080ad
0c0bb
00ef3
03633
0355d
0d1b1
0aa7c
0378b
09395
09ec5
00cc3
05b0f
01b15
0c6f4
015a8
00862
0feb6
05014
0ad39
0bcf6
0d8e3
03891
0ba34
073fa
0c1e1
0c18a
0b87e
0f173
00dbf
0262e
0e98f
0e008
0ec82
007c3
077cc
0d80e
0c692
065b7
0e99a
07d43
0a187
07890
0f7c5
0cc9b
017f3
0541e
0de07
027a2
0475d
0148c
01903
007dc
032a9
0ba39
07f36
0309a
04a36
0db32
01458
02c1f
0aa69
0c8c1
042f7
0f046
0dedc
03236
05d0b
0bdda
04ed6
00ed9
00807
01ffe
0e7a2
02ff6
0ef74
0223d
06346
03917
0f7ac
045eb
0d0f9
0869e
0a618
06550
09227
0a759
0d7b6
08d1c
07ac2
02590
02b66
07226
073f5
0fc07
02cca
0ac5d
01fb3
01711
0f5f1
066e7
0f567
0da6c
0b049
0e1bb
02c2b
0a85a
0f64f
0b459
0e56e
03c44
0a89c
0f80b
0dfd3
06736
02452
0813a
04c01
054b2
05e94
06b22
0fb65
0164e
04ae3
00788
08edc
0d974
046db
09f0e
0ee9e
08292
0bf99
06754
08913
05f5b
09b6a
0438d
01ba8
0bae6
0af31
0ce83
06f4d
08df9
02b8e
01d01
068f1
02a25
0825a
0e085
0dd6c
066d4
00251
05613
0f563
070cd
0ca6b
038c6
00fe7
04da8
08fdf
00e0a
090bd
09bdd
0fd81
06535
01a60
035b8
0ae07
08192
0fd2b
0039d
0369e
01dbf
00978
09217
09452
02416
04df5
03522
0c693
094e2
0bd25
05ef7
02259
09bec
0ca1c
08056
05769
0b83c
09404
0406e
0e59d
0a33f
0aa6e
01252
0f13f
0c4e3
0d141
0120c
08014
08e14
0034f
0042f
053da
0f667
05217
0dc73
0f6ee
08506
0fda7
0020f
02464
0bb30
01b9a
08b04
044c4
0b610
091ca
05d3f
0b0e9
0b319
04b47
0b141
069cf
07b8a
079e0
0fca3
046d3
08cad
0e76b
06785
09354
0ddaa
087bc
0747a
0177a
0b58d
029f6
08cf8
05fd3
016d6
03ea0
04e28
05259
0f08f
087d1
0dbb1
05990
0ad9c
0b810
0e8f0
0689b
01239
078b0
08d17
0a7ac
0a731
0b0ce
0ca02
083f1
0e0c0
05faa
0be1e
0ae51
0990b
041ed
0ed89
000c6
05ca0
0cbaf
0b575
0df55
0f6b0
05893
0e5db
0d9f8
00b61
03795
06774
0ddcc
0203e
067f9
0029b
0d2c4
07121
0c7d1
07b66
07bff
0f605
0ddb9
0346b
0d14e
0a0fd
042d0
08f8c
051a5
0ed7d
0467c
0eaeb
04306
06c55
03c7e
0695d
044de
06ea3
0ec29
0d8a3
01bbf
0c42e
0cabf
0f739
0ba9a
00434
018e8
01fa4
06649
03437
0605f
0701c
08095
0ed68
00c98
0048d
0e4db
0d453
0d2bc
0d9cf
072c4
03f9e
07b15
0994e
092c7
0d735
0f3b9
0903f
09ac6
03669
07b16
00ebf
0cb4e
0a154
0b63e
0e2ef
07687
0edad
0ea1d
02614
0951e
0f73a
0fcd6
04782
03178
088b4
0bdf1
0bdef
035e3
0bd44
0b277
0eb54
096ac
0d56c
08bfc
0f65e
0381a
0ecb4
0f73d
07737
044c9
0266c
00e74
02591
0783a
0b62e
06444
08619
0de7a
0f0e1
00dc4
005ce
0019c
08e95
0bf0f
0fe3e
049b2
0e3f6
0ca7a
0305d
061f4
074da
085ba
0e2cf
06c74
062f0
043a6
0353f
0859d
05a9e
0b832
08165
0a8b3
02940
09cde
02e9d
0ee3a
04aad
019a7
00f38
0aae0
01a98
03813
0fe75
0869b
07323
0eacb
0f032
09833
02e25
08a0d
085aa
0c12b
043a2
019be
00e6f
0c3ec
022ba
0c73a
0b3f1
00a1a
086c9
09f2a
04716
05061
08574
08c0b
0330b
0d68c
097c8
0955f
00acc
06753
042e2
0ee3f
0539d
08c2d
0a638
02c6a
0279d
07a21
07233
07e85
05da8
03177
06f3d
0d184
03b33
0e8dd
04659
006f6
0cc76
002f4
05685
0264c
06fdd
03ed4
0f748
095c2
030d8
034af
0379e
0f55c
0ed3f
0f8f3
07b54
07b83
08f81
0c006
072e4
0ea25
0d941
0d3ab
0d9d2
0f59d
05f67
00e09
05451
03df8
052bf
04d15
0f6e4
0f860
048ce
03e6a
0f011
03d14
01550
0486e
09775
085dc
0a22e
0b3a5
07a64
0c250
0acf6
04d6d
0c70c
066d5
0869d
07de7
0f6a0
01bc4
044e1
08f1b
01f1b
044e1
06643
0a64b
0914a
058c1
0dbfe
03d5d
0a267
0a013
0a2e5
004b8
09c3c
0be05
06622
0f9ea
06601
06f3d
03028
00067
0de29
0b01f
0924e
078f3
0d7e0
0297b
02e55
024d3
0b83a
0d10e
0ef0e
07506
0abe6
0db9c
04f08
0e8e5
05f9f
0ae3b
097e0
0abf4
00990
09022
03422
085b5
05ea6
0bc72
0cd89
00094
0e475
0cb25
06078
0d4ff
0d7c5
08d77
0a542
07436
0be79
0ed2e
0f019
0cdc3
01b0b
02efb
03181
0d879
088dd
0403f
06950
05a56
0ac11
0a766
0471c
0042a
03c83
0d3c3
0d05e
0381c
0a7e3
04a8f
0b28e
07099
086c7
0ff21
0e89e
01259
001b2
05ae3
0ea37
0c766
09e5f
09dea
09435
08459
05edd
0a7d2
059ca
055f0
0d48f
03c06
00ea1
0c818
08aff
0d8b3
0f185
0ca5f
06420
08f39
0b1d8
0470e
039c3
03182
02811
0695e
02b0d
04ff3
0ee57
08019
0ecd6
02324
0d9f8
01043
05cbc
03bc7
0c12f
02c3c
05c59
07922
0654c
0cbb5
054e4
0c794
00dd2
09661
03ab5
0e5d1
024c9
067f1
0b281
03dd4
01907
0c873
0a20e
0f713
09ea0
0d0f2
02b90
0912d
03e8c
0cdce
0e958
076d4
02b08
0d693
0fa4c
0477b
09e4b
06fa4
0c061
0825f
081a8
0863e
05f6e
05fcc
0d80f
02f9b
04a8d
01bef
0dffc
087f7
07ebb
0423a
061ce
05533
0e419
0856b
0ff14
0ac21
0596d
0d5fa
06383
08475
0c0f2
09698
02b7e
02384
0f3bf
042e3
04ebc
0797c
0bcdd
0effb
0ef94
0c0e0
0fa18
0ba92
02ea2
068c6
030df
04461
007b4
0a2d3
023d6
0d073
0b3bb
0b44b
0d804
038c4
0d6f3
095d7
0a78c
04dbb
0af5f
0c867
0ceff
0a619
048d9
03fb0
0750d
0e2a6
0cd99
0f516
08faa
0d745
0d35a
006f0
001b7
0fa3b
07d22
02b89
0f4bc
0c8c6
09a81
04e4c
09a38
0ec41
01382
0235f
0d0ea
06a38
0e65c
0e2a5
01dac
0147f
0b13d
070fa
08c24
01f2f
01cd2
0a70d
04162
02fee
0a705
059da
00031
023b0
0b960
08d97
05e55
0d2fc
04d0d
0d74d
02ac7
0b482
0e3c1
09d42
0f857
00738
0682c
0c174
0d75e
0d7f9
08987
04065
0a40a
04db5
0902b
009e9
04312
07945
0c481
000a0
0dd5c
08201
056f3
049e2
0a190
02043
0a606
0dd8d
0bc5a
04672
0199a
04ac0
09c6f
0891a
063f0
0caff
078ae
0e225
08ede
0deb8
0c0ae
0b3e0
00de8
01c9c
0d4fa
08712
019a7
0e245
01fe2
05363
092b8
0fda0
0b29e
012a0
0b060
06e70
09f94
0d8ca
0ee2e
011df
092ef
04a07
0443e
0e805
0d8ed
0dd0e
09d99
02c17
00a37
0ee1c
09000
0671f
0fed2
03076
06817
03371
04c53
0e877
09fa7
06ef1
0f2de
0e5ec
02ecd
00ee5
027e1
0b0b3
0c057
06aa2
0905f
0699d
06c16
00d7d
0fa07
08945
02d2a
06a23
0ab6e
0e9fb
0b0b7
089dc
0507c
0fbb3
0cb80
0dc64
09e83
01d82
019a3
05124
09936
07f97
0ecd8
07fe4
00385
03dea
0e7f9
00351
00689
0fed9
01f72
082ea
07d3c
01dab
03150
07070
0923b
00b54
04e8d
0991e
09a97
0cc47
044a5
031f0
0d4ac
0fb0e
0f9f6
0ce3e
04945
0d825
01fb8
029f7
0b548
07a7c
0851b
003dd
02d58
0895f
041d0
0890f
0311a
0cd61
0c95a
0afbe
090ae
0690f
02ba7
08a41
0fe1f
01f08
0069e
0969a
06f7d
065fe
0182e
06375
085bc
08486
01894
082ac
03988
00bd7
01e8c
01362
01384
0fc82
017a4
06e29
0b5d1
02174
05f2c
0730e
025d0
0bffa
06ead
0e562
032e3
047f9
0544a
023f4
0bf4d
045f3
060d4
025ee
01ad5
0f751
0ced6
07311
0d94c
0312e
01d17
04d5d
0205f
023b6
084eb
0b516
04b96
0dd04
0e3c8
0c53e
05dc5
00978
0fc89
087d7
07e5c
035b5
04030
0bf68
024d4
0b8b6
00da1
0f51b
0e749
0b216
0dfe3
0e815
01dd2
0c2cc
0ff19
07704
09308
0298b
0ca9e
08c6a
04a09
0df92
0216d
0aa6e
0f728
00d38
07b85
0f0ce
009c8
0607c
0c01b
07642
0222d
0b7bc
02a00
09ae3
0f537
06163
051b6
0be64
0808b
0c49c
0b819
0ceda
07f42
09aa7
04f83
0d4ec
0120b
02a6f
0eafc
07f30
0a049
008bd
060a1
06265
032f7
00052
03945
07b44
0db42
04a7d
0ba4a
0dfe1
05d3e
02634
065d3
00448
084b4
0ce95
04bdd
0493c
0585d
0f7f9
0f52f
099cb
05aab
0c90a
0e474
099f4
0a619
0c1d1
00e85
08545
0d46d
0dbff
05d1f
0448b
0e145
0020f
010dc
06374
0866d
0ddc0
01050
0bae6
0435e
0b889
06ec3
04774
0210a
0e90a
0291b
0c030
02711
00155
057fc
061f4
0c104
0d09a
08661
015f7
028ab
07935
0e182
08b45
052dd
0e000
05697
05ef2
0436b
0ae82
03ccf
04738
09b8c
05c2b
075fe
01e90
03f41
0d939
00a8b
05afe
06cc2
0b79a
0ffaa
0252d
0da97
00072
0bcd1
0c517
0e4d1
06856
086e6
0c6b5
0efff
06a21
01f06
04247
0721e
03e94
0626b
0eba6
08262
0d9f4
0b368
0cc56
053df
03b78
0561a
085a3
09ecc
03689
05664
01ab7
0e9b4
0534d
05ca8
06bca
06f8f
03650
058dd
0b555
01ffa
0eb0b
0a7f5
0e971
05322
09dac
0b73a
0239c
0f5d3
07a1a
07167
056c7
0a34b
0af4a
06339
00bf3
0f0f2
09387
04ed0
00b63
0cf42
02870
09bdc
0aa93
09d4e
02e79
00df6
0e4bf
0727c
0b42f
00dce
044c2
0ebb5
014c0
081df
02b7d
0ee26
0089b
00643
08ae6
0ecba
0c8c0
0acdb
0f383
07661
0d7a4
00567
05aad
0b022
068db
05d8c
007a2
08ace
0ccd3
00fc2
0abfd
0217c
0aceb
09d70
0c410
0c4a0
0b15a
055d0
0883d
0e51c
030cc
01f4f
06495
05004
0e56c
047f5
0b5f5
0c120
03bd2
08187
0e556
0cdb8
06519
0403f
0915f
05cd4
04970
0a6ae
07de9
0dd2e
01b19
0e724
0479d
015df
03df0
0dfa4
0f884
0734b
0109d
074c7
0bb84
0a8c7
0b6e0
097a9
0336f
06618
0745f
07201
04a79
0f3f8
0ecb0
069f3
0bad5
0ed6b
0d8fd
0eec2
03b05
0149f
05545
04e14
03895
0d973
0b0bf
0d8f9
0e497
02864
0b75d
08d48
06e16
09033
0dcb3
07d3a
0403c
036ad
0f952
0b3ee
0a5f0
03fe8
0931f
0751c
0cb29
0cede
0f727
0258b
06e7d
07e49
04388
0b9ad
057b7
0ca93
0d887
0fba9
0542e
00c63
02a46
076c0
036b5
060b9
0f965
03be8
00fa2
05fc9
0f235
03202
065e7
0c811
0d7e3
01d55
00665
03eed
014f6
0de26
0e293
0d0e2
053f4
0c2f2
005fa
09dcb
09728
0214b
0e28c
0d398
0d8e1
009b6
07c9a
06cf1
0f63e
09a3b
02aa9
00084
0d13b
07397
0de59
0c5ad
0942f
0bef3
0585d
0d266
09888
05c59
0500a
0f91c
0c0e8
0d25f
035ad
06486
0301e
04e1c
0e325
0d6aa
0a09f
0e613
0a3af
0bab3
0f6fa
04cfc
0d030
0e03b
0b34a
08f2a
04dfe
06387
0248f
0425b
05e05
09131
0949b
00cdd
00f9e
06b95
08798
0759c
0eebd
0af75
0b1aa
05100
0e83a
0d2ee
0571e
04730
0464f
0e884
02a6c
00564
02919
0926d
04985
04a19
09284
0a8d9
07774
0eab4
01c8a
00483
0dfbc
0b358
0d6f7
0ba05
0fd74
0249c
08a86
0c2ba
0808b
0875d
04a9c
08632
0107c
0d4b8
0985c
09c84
00003
0c2f9
00947
03d48
06031
06e15
007bc
05405
0d6e3
03016
00550
0cda3
00402
00376
074ba
03cad
0c38a
053ec
0e5ad
0d2e4
0478a
0309f
0c97a
09c7e
0fc2c
0317c
0c852
00a44
08495
0e80f
05cf6
04e09
0930f
01746
080b0
07b97
0e6a1
0a018
005c6
0692c
045b2
09aad
07fba
0babc
0ad06
0d338
0e708
0a4db
0e620
034d8
0a26a
0cd5f
0e3bf
00e4b
05056
0707d
0a146
0e8cb
05195
038a5
03ac7
02799
059c4
0f194
07f74
03d14
0ec6a
0e18c
06c7e
00f73
0da6a
06704
0ba2f
08aa6
034e2
02bab
05a15
024f1
0eeca
0f0b9
09a52
08594
0d0f4
01abb
02ee7
06083
0f3f1
0d820
0b2d3
0a45d
0db40
0e589
08f9d
015b8
0c3ea
00eab
0251f
07661
0994f
074cb
0865c
06f59
0e755
001e8
0badd
00a28
0f993
0349d
02337
0f4fd
0b135
0e5b8
015c3
04825
090c6
0ca42
0cd67
0e895
0072a
0e54f
0657f
075f6
0127a
01841
0e5a8
04fc9
079af
05d9f
037f5
0ae8e
03f37
0ee61
0c5cc
0b289
0e83d
00f16
0df70
01f5c
025f4
03a39
04171
0c0fc
0d1a9
0a5f8
09c27
0d7c3
0cb4a
01c6f
00911
0f9c6
03ded
09627
04862
0af13
07b14
047cf
06aa9
0e7c0
0e5e6
03160
06b3d
0c252
036a3
0b909
00f7f
0c955
0e0ca
0387b
02780
0319e
0c323
0b90f
0d09e
04c04
0e59d
0ed86
027c8
09987
0b73d
01e4b
03368
0263e
0a2b0
07d8e
0f933
0b59b
092b2
08620
03160
0b51c
0a168
0dadb
03afb
00088
079b2
09062
0b6fb
04746
0792e
0d0eb
0ec53
036cc
064bd
02521
0f423
03c49
09175
0bfe6
057f0
0c68c
0271a
05ead
0e7c8
0b262
0b79b
05ec2
010b2
09df2
07830
0b287
01ef6
071c2
07289
0bf64
08c55
0b8bf
07f97
073e5
0f874
0e925
04275
0a5a7
0fcd0
0065c
0c5a3
09c7e
0cc1a
00248
09c76
0abc6
05957
00b04
0e474
00bbe
0bdbc
06c2f
02c55
0b03d
0b435
00e85
03094
0c008
08f7c
07819
01270
04fcd
00a41
00f69
0d565
0d9c4
055a6
04ce9
0676b
032a7
0e21a
09338
0421e
077a1
0eec4
02d8d
080c3
0b5c5
0fd22
00641
04558
07cc8
01151
07ffb
0f4f5
04f56
03710
07a74
0270b
001e7
0637d
01279
0ece4
0f622
04b09
022fb
053d4
0e5eb
0d3e3
09663
0adcb
097a8
06add
07ad2
0e13d
03050
06ef2
0bdfe
06af3
03e07
07675
0efb0
0d69d
0ca1e
0efb4
05968
0ebd0
0a1dd
02eaa
0c35b
01082
03fe7
058db
0d477
0e8fa
0e4f4
03a4f
0634b
038de
09e43
0ca46
0ff50
0a27f
02466
0f349
024cd
07583
0c918
0b11e
017b2
0fe14
0fb98
0b1c0
02a7e
01cba
08ec5
013e0
0cffb
0a557
0140c
06a25
03538
0d020
03408
0207a
0614f
04044
02044
0f9b4
03eb5
03897
06173
09d42
0d532
013db
0efc5
05003
0b8b6
08452
0cbe3
05395
03fec
05b21
0b083
08370
0584c
0f7ff
0531e
0ab74
0ad81
066fc
0a742
0d778
05a5f
000fb
065ba
06535
08a47
01dd1
00fa5
04ad6
06260
0dc3d
02057
0b06e
0efb4
0615e
06871
09331
09ba2
01721
0fc48
0d682
01da1
0dad9
064e9
03d72
0e87f
05c10
09dee
0d485
061a6
054e5
0ecdb
050e3
0244f
0fee4
07fa1
0ccb6
09311
0b00d
06107
0f8ce
047a2
017df
0875f
02b68
088d4
00607
0262f
04423
0d3f7
0787b
06069
0ced3
0e4e2
0dac3
0df18
04068
02fb4
0c960
0c300
06954
0801e
07745
0e3ea
08836
0e9ec
02216
003b9
018b9
0a564
09727
0714e
09d68
0c4a3
0d533
0d09c
019f7
06172
0f238
0a2d1
0b31c
0b48e
04655
00067
076a8
0f119
0c40d
0619a
034b0
01252
07bbb
0dbc8
069cd
0bc95
07033
019d4
02383
055aa
013c0
0b60e
09ea9
0b2bb
0525b
030ca
05231
054c7
09f61
0f4ec
0a6c9
025ce
0c932
0f0b8
05c04
031b8
043d2
04ec8
0147d
0524d
00d3e
0bc41
0e5b8
0f398
0d882
0f6f6
08477
044ab
053d5
0586f
00913
0ee0e
003b1
046f3
0928f
0e866
06849
010f4
00b35
01d93
0021f
0cad2
0ec8d
0aebb
004f5
09227
0bce6
0c42d
0558e
05ada
0e29c
026a2
0347d
0f3b6
0ca76
06d08
03ab1
041a2
0a245
06bb8
0d69b
05157
08eae
0bcb5
0f2c9
04506
0070a
09801
0de59
0b354
02281
048cc
05521
0738a
0ee89
0efc5
0b16c
06efb
09e9f
0ce22
07faf
07d5f
00726
0bfd6
02942
0475f
068dc
0c691
07711
02c52
0274d
021a2
0258f
0b21a
007ff
0536a
0deff
0c9d0
0f191
0618e
06783
0ebd2
07fea
0b450
055c4
018cc
0d388
0a971
03866
02dd4
053b8
0bfa8
02abb
0f061
031da
0ca4c
08189
07909
06c95
0e7d9
0d1f0
0208d
01c30
0e281
0849e
04b5c
0eeeb
0c814
0b2c3
02ee4
02986
0bdbd
0abfc
0c9e8
06af3
06d46
0e0b0
0903c
0245a
0beb4
05880
08f1d
09b2f
0a9f7
03d27
07963
0a489
00e72
02472
0bc50
0d9c0
0b6b4
0e79c
076f6
0713b
03feb
014d3
078fd
03050
03e46
0f01d
09585
06b0e
007af
08b7d
03985
09d37
0f544
0dab3
0d133
08c87
0410e
0b281
0ca22
035f2
0dea7
0c399
05516
045f9
06c0f
08f8e
0ab4d
0ce77
08898
0098a
036ad
03f23
0e98b
0ac80
03558
0d9c3
0bef0
0435c
04365
0f65b
0b65d
0b56f
02552
0bf2c
01c96
0a871
03391
0adff
0de1d
002fd
0c1e7
00661
03485
0a81f
0bf88
076e9
05bce
059bf
04ef5
0ace0
0e3bf
09517
04dcf
0179d
068a8
08c0f
0c16d
057c0
02366
07375
04c52
07080
033a9
03f64
0a65b
0d45c
0798a
04d2f
0c418
035d8
0c775
01567
04e71
05477
03b20
01fe4
07b17
0e40d
091d2
06e97
0a4f5
00ee5
070e6
0cb4f
0486b
05b89
03f6f
02b3b
08523
0ec1e
0ac11
02e1e
003af
070ef
073ed
02830
0708d
0b973
0a44a
001e9
0e7f7
0c04d
0e54f
050e6
006e7
09037
0f1c3
0157f
018ef
0a1c7
03f95
07ff9
0a189
04757
01363
04846
0c4b4
074a6
03a2c
09c94
0afd3
0eb48
0e9c8
02e00
0a86f
0acff
09adf
07e01
08431
0e4b7
01d36
0cdd8
0f56b
0fc8d
0f34c
0126a
0cac6
059ee
069ba
05b26
0d34e
001e9
05ce7
0c693
07a28
0aed8
01e0e
00101
01ad3
0291c
0c719
0b443
03aa6
0606c
09ddf
0f7a0
014b7
043ea
092f6
0887d
044e7
026c5
0650c
0e3aa
06568
03ec9
0d4a4
04df9
07b5d
095c9
0e2e0
0686a
06054
0cee5
06196
0d6be
058e1
07d25
0f46e
08a4f
067c6
01925
08496
0c6f0
00511
0e73b
00c9d
04d2e
050da
0e2c9
0c520
0bd17
090fa
05bee
05e9d
09c88
0ede5
0af6b
08960
02b0a
04cfb
0d1f7
02c00
0a21c
0c5e5
0d269
09ea5
0773c
0b676
05df5
0e6fa
0c920
06f0d
0b946
02104
0eece
01edf
0917d
0b379
0f3c6
05bee
0eecd
06e6a
06bd3
0165d
08a50
0a312
0f236
08a49
08cdd
07bf2
05fc7
0e046
0ff1c
0592b
0074b
0fc31
016b9
0aec8
01852
02927
0e47c
02577
090cc
07353
0d5d8
0803a
08035
05497
010f9
08f72
0fd52
06cc4
089fc
02e57
07c4c
0dda1
05fca
00386
06dff
0ceaf
0dd70
09685
07134
046cb
03d70
00f57
068a7
0eb35
0e55e
01ad8
0f8ad
0f85f
05d6e
02c6c
02816
0dba5
046a2
09497
06c00
00676
084d7
053c8
0390a
0c991
07b43
089ce
07abf
056de
005c2
096ec
0e138
0fa5b
0d005
03f6f
0d643
0e2c1
03260
052d9
0119b
05b3a
00afe
0ac7c
04b82
05748
0d718
049f9
03b5b
069a0
0d707
0986a
0f2dd
05d15
07058
05351
0afca
0e1f3
0f879
03c2d
0d783
0c484
0ab46
0fc02
03974
0d323
017df
01903
05b9d
02ac6
03670
06ce1
08dc0
029fb
0e178
0ff22
06012
02b92
01b9b
0d487
01314
02048
04957
0cc14
0a806
0abb7
0ad30
0bae1
0c034
0bf6f
02d15
0af15
0f49f
00ff6
0707a
0e1da
0f1e2
0a653
07820
0e1e3
05887
0a4af
0d286
08654
07e3b
053f5
05549
07e61
06c15
06bf7
0248d
04e0e
0719f
03e60
01122
00bf8
0a8a2
0e149
0b4e7
02374
05dee
0cc25
00b80
03bcf
02dfd
03d27
06670
00fd0
04b63
0b9ba
020f1
01aef
05b61
0ba49
08be5
0017b
0ef13
00bca
0fe76
0d7ca
0c0ee
0de5b
008b5
0b9af
02d82
0ce9a
0646e
01a48
07938
0c096
01027
018d9
049d1
07ad5
02978
0c03e
028e5
0bf53
0b181
00335
0c9df
0dbd6
0e927
0c414
0a584
01f0b
08361
01cb9
09d18
04b38
00d9c
011bb
0da5b
0bef4
05703
07f14
0c89a
087f3
05149
08647
0371d
0c88b
0d8a9
0b94d
0821e
0ecb7
07df8
08fa7
0cbbb
08544
065fa
08094
07d55
0a651
02305
097d7
0bc18
0c69d
046bc
00bf4
0d926
016da
0c489
0900e
0e5db
0087c
07653
0d8c0
06e87
0b8b9
0492a
0b0ab
04856
09fd2
09ebb
05c91
05717
03958
038d0
0f4c6
02652
07ae5
027e2
0eac1
0d280
05428
0b05c
074d7
0e5a6
0a906
0ea80
05e7e
054ed
0be3f
0a8e3
071ba
0658d
0567b
0ec37
014ca
03cf0
0f040
0ae52
006e2
052c7
00acd
04c37
0655c
080c7
06452
0b603
04a05
01a5e
088b6
08d47
0a544
0b249
016a0
01e53
04863
0669c
05e15
0993b
0e035
02ae0
056ca
0c621
0ad6e
047ce
060fa
0eda0
0ec11
04af8
0d7cf
0e7a4
08225
05de7
0649c
052d3
0ca10
0909c
0c65b
009d6
08edf
02024
035c1
03e22
07f0a
09352
01a3b
05398
0b255
0ea05
01acd
09348
0cf51
079e8
072ce
05e58
0bd69
0f785
04f9a
0057a
0c055
0dda7
0d0ec
02589
02412
0ab44
0e302
089cd
02d45
03a5e
05d70
0a0af
064ac
01b73
0704d
098d2
0db06
00f09
0de5d
07676
09363
03683
0fb40
0b917
0cea8
09341
0e1b4
0285a
0c807
05b95
095b2
02cf8
02c4c
0f050
09b96
007c9
02115
065e3
058a0
0d072
0f9c4
0c098
0c9de
02b16
0f933
07dd2
03d10
08b03
0e18a
057e6
06378
0300d
03553
0283d
0d78c
0f8d9
02a05
05425
0a35b
02042
0bfa3
03c1e
014e3
0c305
07b5a
0d5bf
066cb
0c761
0ce6d
0550f
0c43c
0c0ab
0d75a
0b245
00b2e
0e0b1
0dad8
00efe
0f2df
0f57a
0f963
05d56
01183
0bc7b
006de
03f39
0e020
05fd3
0d699
02c0b
00e96
0161e
065d5
0d4f9
05683
0f87a
06060
0dc1f
04f1e
06917
005eb
0e2fd
0c837
072ca
08fb3
04918
0b644
0ff46
06576
01ca2
0b276
05eae
0f91f
09760
0f5fa
014a5
0c8e0
0e0e6
0b78c
0bcfb
0f848
042a5
063fb
0de65
013e6
07c89
0bfa8
04393
0f487
0d24a
05b4b
037c7
0c409
0ead9
01efa
0aa37
09ac0
0b9e4
07e3b
0fbac
094c2
00799
0b453
0c96f
0b125
05ed2
05431
04d0a
0969e
09786
0754f
00cf4
06690
0615c
02e6c
0315a
06a69
0664b
0cb27
077da
0f38f
01539
023ca
00e11
049ed
06bef
0d414
03498
0528b
0e450
0057b
0d47c
07a62
0738d
012e2
005b3
0eeef
095de
02362
0553b
07a1e
0f4de
021c6
02d36
05aed
06dbc
08546
0ee5d
05ba3
057c8
0e77c
00b99
06763
0f448
08b8b
02db0
00408
0668a
0e496
0f8d2
094dd
0e1b0
0cc40
08f3d
075fb
0e15d
0a7f7
0bc2c
0b651
0453f
04b95
04142
0e697
00402
087dc
0149a
08849
0d216
0fe4d
00479
0f4e8
079fc
04589
03af2
0e162
03c4f
05d08
0f7e2
012ba
04abc
0f697
06cae
0edaf
0593d
09799
025bb
0d817
021f7
08447
04643
0fff4
0f56d
06305
0420f
0d842
07913
087d9
0a23c
0cae3
03a4b
070e9
0ca19
0bb12
06dc9
006f2
00fa6
037f5
0b20d
015b4
007f7
033db
099a7
0c211
0beff
04636
0992b
0c236
0304c
065a2
0fe23
08349
00e22
089df
04c28
0f2aa
097e8
04168
08293
0187b
0e902
07509
0fbcf
07ba1
0026c
05c20
053c8
0dace
04ea0
04d4a
01f5e
07ab2
0a13e
049e1
02a1d
0315d
0d803
02591
05fae
0eacf
027d6
0220d
0617f
001ac
01874
0c11b
0839f
0e27e
00e10
02053
00a89
09ad2
0d5f7
09ad8
092c9
0f805
0357a
0e723
04ce8
08405
07740
0b8ef
03c92
0aeaa
04e88
08f7f
020e7
08150
09435
03359
08963
0e79e
09f1f
04723
05b87
08902
09f39
0bd73
009e4
063ba
0be6c
08fab
0bcee
00b23
07695
0af08
0727e
0d450
09452
09ee0
0c182
0fa95
035a0
0b708
03714
0b363
04fcc
0febb
09d41
079df
05e30
099e3
0b7ec
07752
08305
04a47
0e45b
0fded
03a5b
0898a
060a7
02a83
0c6b2
08b94
00687
08105
02abe
08995
05de4
0eaa1
0608a
0a621
08b37
04d2e
0ddc2
02090
06d76
0cf6b
0a4b5
021be
00e18
085b3
0370f
01052
0499f
0546c
02188
0e3ae
0c17a
0fc63
01c66
01c5e
01375
009c3
0aba4
01e75
07802
06411
05ccb
03ecc
0f953
0f6ca
0401c
0a29f
09070
03175
0cccb
03d3f
02216
09bab
0146e
0cfb5
0715c
081ba
0e35f
01c5e
08df1
0e6ff
08327
04a97
024df
09869
0db06
0da18
05c22
0e249
099af
03e45
07c66
0808b
0d017
02f5d
09643
03913
097a3
0fdca
04a2e
0d241
06dcf
0e9cc
0f5a3
0d863
01d30
0003d
06362
004df
00ea2
07e45
07b2e
0b1fb
0ad0d
040af
039a2
051ea
07684
0edbf
0d61c
07128
0b8f4
038cd
02ba0
00240
0a208
0a7bf
07a7d
03465
01d38
02faf
09656
00ca2
06dd3
0b6e9
0b89d
0ed16
026ba
07b56
06651
0e52c
0da5d
0a8fa
02c18
0f020
0973a
061bc
09ac8
0cf11
0f88f
0c8fc
0a48d
0f9fc
07f0b
04df2
0434c
08e81
023b9
02bff
0d076
0fd75
085ab
032be
04570
0c3e4
0ee4b
08eaf
0f8d8
062c5
08bb8
06cb4
0bfb3
09846
0428d
0ebdc
06af1
03444
06063
0c094
025ce
00185
04324
084fa
0025f
0972c
07e44
05049
0409f
05fce
02323
079b8
0e2c6
0c3ec
0b070
0bfd0
084cc
08a96
0a010
0139c
07229
03ed0
0d795
08d7b
065cc
022d6
0b6f7
002f4
09ffa
00125
0192f
08502
0cdbb
09260
06ddb
041e1
02733
0f983
0cfe5
00681
0011f
0fe51
0008e
0d3b0
034ac
07f99
0c7cf
0c5ba
02bb1
05452
0ea66
084eb
0716c
0d39e
02db3
0610d
085c3
061a7
0bc7f
074e6
0510b
01c40
09430
0d3c3
0f5d7
0bd6b
0cb6d
0f8d5
05b6c
0558d
0824f
0e3b3
0c503
003ec
0182f
02cc2
09cd6
0fead
07aac
0e3fb
06b1a
0ee4d
0ae74
00f56
0ea37
09ec4
09276
04c75
0f6fb
0de27
0e9a0
05837
0cc73
00fdc
079f9
07aee
0b70e
0f7b9
0dc9c
0c4ec
06102
0de18
022f2
05716
03c36
08e4e
0b4f0
0df2b
0fb8f
0eb3f
0653b
0e7d0
0f32d
03289
08236
0650d
09d03
0ef5f
02f8b
0b43e
0181c
045a6
08b5b
07b92
0d149
02ea2
0da5e
07b66
005c6
0f903
0ff53
0f702
06071
0c1a3
0af14
036f9
01867
0669d
0548c
0358e
082c9
008dc
0f0b8
04f17
0b2f6
05eab
09766
01b96
02fc3
006de
015fc
07e6e
0a6be
045fe
09697
0ca86
0184a
0da66
01d81
031cf
0d507
0cacf
06b55
00403
0372b
0837b
033bc
070e2
0dc39
0704e
01217
018d0
0c722
0a757
0d3b3
0f8dd
01d64
0c6ca
05afc
06690
0f042
0f59e
0ec56
0bb99
07221
03f9e
0f496
044dd
05f17
0d111
01ebe
0af93
0896e
0129c
0003e
0e54b
03f90
07f3e
0f5d9
0539e
0999d
00699
0d8af
0cfc5
0e99f
07ed0
0db3e
0402e
0a013
06178
00775
061a5
00df8
0dc70
0c45e
06bbd
02843
0e5cb
0f48b
0c2a8
09a6b
0da87
0ec54
087dc
0dcb4
08cf4
05bba
05ab7
04d37
0211f
02260
0f732
08113
0bb01
0d6a0
065f3
01ab6
0e8ad
052fd
00feb
045a8
06f8d
0bec3
0d543
0d1e7
0d934
0322a
08d2e
076d1
04486
06aa5
085ec
0dbb8
05f95
07c30
02c4d
044a1
08ed4
0352e
0d2d9
03e2e
0c98e
0a2c0
0ed7f
059dc
028d1
08229
09c0d
00fbb
0b746
01f1b
0c5d0
046c9
01928
09a23
07d0f
09a76
00683
0e494
0d4f9
07c25
0c9e0
028dd
05c43
02f89
05c60
00eae
0864d
081a7
02fe6
0708f
01330
0f436
03dd1
0555f
0eab3
05205
0b90d
09fe7
0c4f1
0bc35
00785
0a454
08a48
07d45
07edf
033a5
061fa
0337e
06ffd
01650
06376
092a3
040aa
0948b
0ffa4
0749a
00f3b
0ba22
00728
00793
05b07
004ee
02139
0ce69
06238
0efc7
0ddfe
0d7ff
09284
0489a
0c567
015e1
03438
08da1
0ab27
04763
08585
09187
08ed0
0ec62
0ae66
0b614
01720
05054
09317
0f107
03214
06a12
02ecc
0a1b4
0f13e
016a6
02072
0cd24
035cc
0c702
0c2d6
01e69
039c5
0623c
0d7dc
04a31
07b23
08c17
01c0f
01ff6
01219
09cf3
03ae2
05796
0a92d
03cae
06cb2
003fa
0cf3e
0cae4
06163
0ef6f
03298
0fc59
0d812
0a384
05146
03b67
0a41c
06d75
0b3fd
036b9
0eeb2
05ff2
087f3
06c91
04d88
07698
0659e
0a304
095e7
09be2
0b73e
06e3a
07298
0ebfb
0eefe
04027
0d5a9
0260b
02c8a
022af
08a2f
0fd2d
0cbd4
07128
0cd8d
0115a
0a32e
06af6
017d8
0d724
0acc9
07bbb
0c676
026a7
017cd
08750
0d3f1
0810f
0b62f
06b4a
068f5
0fe50
02e53
061b5
04b90
02087
0ce18
045a7
02314
0d925
0b3f5
05220
0e1e2
0366f
07653
0714c
08e6a
01ca9
0dc20
0bb4d
02d9f
056f2
0d2c7
0dc35
00569
0f8cb
0e5bf
0e0d3
07ef2
08138
0b0a4
0ed42
0609b
0dbce
08115
0bb48
0d30b
07c70
01013
0d5a3
0bbd3
013c8
09b9e
0db9f
0de2c
0181b
0e0a1
06ce0
04c36
02a22
009a7
01cc6
06ab1
04adb
0ae84
04acd
0ccb6
00373
0c440
08a59
0af7e
0df26
0e254
0657a
0792a
02f3e
01d29
04722
0353d
0ab16
0ab77
03fa4
08be0
03cd6
0bd3d
01879
0839c
022cb
09faa
0e9e1
03ab5
02efa
0ede7
0a2d9
0b627
0e531
092fb
0b521
01ff2
095a9
00c9f
0ac5d
0b6df
0ad05
0f019
0c978
0216e
0a7d7
0f90f
05130
022e9
0a73a
01ec9
0559f
0e4f5
07e52
0cffa
07100
0868f
06cef
0b563
07b43
0437e
0f792
0ea3e
096f3
0cc6a
0ad3e
041fa
0b373
06118
070ff
0d238
07b2a
08781
0eb8e
03834
09802
01058
020f2
0b891
01a0c
09621
003a3
0ff83
06a31
07ba9
0cfa2
08a7b
0294f
056ac
002b1
0a1b6
09f9e
07960
09b2e
00c14
04541
02612
08026
0dc5c
0c8be
0a0e6
03156
07fe3
097c6
0d424
0c229
0a5a6
0f997
0bdbd
0e738
03ca5
0931c
02b8a
0a862
04949
07e2c
0963d
0df12
027ba
0737b
07d83
0aa80
03c51
078f0
07dcd
0ec06
091d1
047f8
0e22e
0ff1d
06b2f
094a7
0ce8f
09c2d
071b4
0cd3e
00841
0f655
08d1a
04116
04f92
04bd1
071d9
0d9ac
0eeb2
0a2cc
05549
08bfd
0f01c
0055a
08064
0292b
0432e
016d1
0967c
089be
0588d
03e5f
0a1b5
0a185
07571
0c031
03998
01189
04bab
0753b
02667
0e097
01718
0784a
090ba
05ae2
036da
0a39d
098ca
0438c
0c8b0
0e7a2
01b93
04d65
0996f
0f20f
036df
0d669
0b14d
0dfd8
0a6fc
08a4c
01ad8
03382
0380e
03a81
0761f
02102
0d08b
0e328
0b128
0942d
0bf25
0afae
032b2
0be87
0ce1c
0c6b2
08abe
02133
09b65
057c0
03e75
0055c
0fbef
02c86
023a8
0f429
02c4c
0834a
0b5f8
0f850
05d9a
0a93f
064e3
0d963
0c8be
089bd
0c972
08787
0decc
0e8b8
067f2
00fc4
09172
09201
09508
0d0f3
0838c
0609e
0f7cf
09998
0eb33
03ebe
064c2
0187c
01a06
0e855
05c38
03317
0ca99
0561e
0e6a5
013ca
0e25d
0b430
046fb
0b761
0bc03
01b7b
0db8c
03c54
02fd1
06a05
00928
0566a
08466
09c7b
0bf1f
092d5
04245
0e4ef
01904
0f8b9
0783b
0fade
0a295
0b9f0
0c699
084b0
0c146
0b911
0d8e3
01fd7
01bcc
09390
0c969
03357
0483a
0036f
0f281
030c7
0d994
05d4d
0b8ae
05b95
01da9
08e32
09026
0cd6f
05766
097ea
0b567
0290a
088b1
0cdf9
04de8
0bd39
0f51e
010d3
0150f
05c0e
06bf2
084be
0a8ff
09ec4
04295
0ff87
0b6c0
0705b
00573
0ddce
08c2f
0837a
07c07
0ebd8
0edb2
08963
09282
0983f
04cba
072e6
0038e
067ac
00402
0d4b5
0aa0b
079e0
0fa5d
069ba
0181f
01c0b
022af
073be
0a671
0860c
08e70
0afc3
07ebf
0ce6d
001b0
054fd
0977c
05902
0c602
0b623
05c6d
02039
0f5c2
0dcc8
09ae1
037c6
08a5b
071b2
03d76
06ef9
0fcda
091e6
0a903
01790
0dacc
0c9e8
03692
05820
0b56e
054a4
0ef8a
05b8c
08962
0c1d8
00d3f
0b2e4
08dd6
01058
08f0f
0d608
01848
02406
0df0f
056f0
0c5b6
0f6ae
096ee
0a7d4
07df8
09363
05149
0ecb7
07f5c
0152c
0314a
05009
047dd
0f31f
09562
0e955
0ffea
0416f
08b4f
0bc6d
06721
0c73c
03dd9
0daaa
03db0
0fd85
017e6
0ac52
02b64
0592b
0a1a0
0eb28
08d96
0f1f5
00ea7
0b2b3
05a6b
0f5b1
07a6b
045a3
08b32
0d5bb
0be1b
05e33
0c3b1
0a9a3
05bec
066e2
0369a
05ad9
00377
01355
0517b
01066
0c1e6
09635
0be4b
070a4
033ff
09b0c
0651d
0701c
028a4
0b7af
02da2
07091
00bc9
0f351
07e04
014f5
0adda
058d1
02929
02927
03f52
00de8
053cc
05c1c
0d1bf
07271
0b4d6
0da60
0211d
0e824
03c06
038b1
07ceb
0fdf8
0849a
0ed23
053ac
02159
04aea
064e1
0a4ab
03958
03638
0887c
01c1f
03e01
00bda
020c5
0147b
0a8d0
0e653
0de7e
0d486
066b5
0330e
010fb
073cc
0ab03
0a1e9
04c65
08a5a
0f2a7
0f15d
0611a
00b35
0e42b
05b15
0b3e1
04a69
0643f
07312
046d2
00485
01378
04067
0c172
0c202
05780
0a43c
04716
0b411
0639e
078da
0113a
09aaa
0ba82
03ab5
0543b
042c7
0c476
0de62
0ea86
0daeb
00576
0b0df
042a9
018f8
09161
01b26
03b25
005ba
0e840
03527
043de
02b83
0528f
0ef3a
0d199
0a3a5
043af
05d0c
0b620
05eaf
0556a
082c5
08056
0ad16
0830d
02cf4
0038d
037fa
08a4c
07446
030f7
08b41
0265a
0291f
0d6cd
03678
0a8c8
00781
0bbb2
01f6c
0c3bc
0e0d2
05161
02e5f
098ad
07309
09cc6
08629
01102
00089
0abe7
0b1b7
00a97
0b7e2
05768
0f4eb
0f4af
06cee
094d0
0ebe2
0b098
03142
025a1
04931
074e3
077d1
0b092
0be96
0e6d8
08f44
0d0cf
0d416
08aa6
08ac7
099a5
0ff69
0aae5
04096
035a5
04079
0958a
06e15
0095b
0e29c
07889
03619
0b23a
0545a
064ee
041ed
05bbe
05d9d
083ec
05ed1
0e022
0b6ea
0b106
0f189
0ec48
0433e
03dd8
0f344
0437e
0b2cb
07b66
0b485
05e5b
06fd7
05f9f
0319c
0cd78
07319
014bd
07c54
0e0fd
046b9
08b09
0de7d
0ae6f
0f0ae
05f31
05541
06129
0ca30
09132
09158
027ef
09d8b
0e1d4
024a7
0d8ac
0383e
0b245
0b455
00b45
0dd89
07b8c
0e5db
0cec8
01945
07094
0b902
0706a
0dba9
0bec3
02767
0adc8
0cd70
08f81
013d4
0e41f
01175
097f0
06496
0fd8a
03ceb
09995
0f69d
0751e
0ceda
08167
0f041
0d31a
09a42
06c30
056b1
0ce56
0ffda
05591
003ee
0b005
04f72
062f4
0e60f
08501
067d7
0c8f2
0ab2a
0a896
0ca40
064d3
05f74
041ba
0333c
037a7
0b987
03dd2
0c581
0169b
04321
0863a
0c80e
05286
0500d
05550
07c49
022f0
0546b
0f32d
0c20d
0855e
0221d
0a960
0c286
0495a
01571
03603
08cbd
0297b
09873
08feb
05deb
0af05
0cd12
0d8fd
05121
0796c
07e0c
018df
0071d
0f6a0
0e5fe
0016f
090a0
09a3a
0ef8d
0072d
0574c
0b40f
094fe
0290e
00f95
0ff33
008e1
0bc0b
0d61e
0511a
01942
0beb8
049ff
0ca17
0e117
008bc
0871a
0e314
0e623
048ae
0b37a
088a9
0ff65
070c4
0a343
03edc
04d75
0ee00
02e9d
07035
0ad39
079cf
013a4
07a63
08a81
0d350
033a8
0f471
0f3c6
071ca
069cf
02051
0d15f
07599
0bb48
0f077
024ee
0baba
01904
0b23a
03f6c
0bcd8
01be0
0ed8c
0b2ca
01c3d
002da
00103
0f265
0f599
001e0
0ef5b
06db2
01be2
0364c
08ba2
05bd6
09e1e
0c772
0de5b
0b86e
0e2eb
0e426
02cf5
0c305
00c97
000d8
0f2a2
08ca0
05b61
00bc4
0820a
0eabe
06f3e
00428
0619a
0ef9a
08944
099d3
05ae9
08784
093f3
0f495
079a2
08b09
0591f
0da72
03a20
09a40
0004a
058a5
07e6b
079a7
08a6e
0fce4
098a8
09296
0379b
07b5f
08cd2
0bbed
050f1
03941
0201b
0cae1
0375b
08394
0eb77
0201e
0077c
0a724
0e71e
0580d
087a9
080a3
01cea
038ff
06f13
0bc95
0c828
02841
0d663
0c4a8
0de4c
00ae1
08d01
022b8
0cfd3
0ec12
02f50
0116c
0e467
02554
0a080
010be
021b8
05d6a
088a6
05cd5
032d3
0e7fe
02dde
0d446
0a1c7
03f2c
08286
0b454
0ed58
01ae5
08e2a
0068a
0d324
0c2b0
0998d
01791
0f88e
039d4
055bb
06343
0e94d
0d85a
0f92a
0829a
0397a
05b91
02018
0bd9a
0fc95
0e625
002ec
031b4
00dcf
07fa0
0ff70
0ae25
063a5
097bf
037be
0ef13
09f70
0e5a2
0aa03
0dc93
06cfd
0fb8d
07378
00047
06f90
07311
0591b
0cc1c
0e530
055ba
0acc2
06f85
099bb
04096
08a57
08638
0fc08
0031d
0c242
07474
08462
08039
0a172
09fbb
0bbbc
02fa1
0475f
0632f
06536
0e5ae
0495c
05269
07159
0e957
019eb
04a97
0ce13
08921
07998
0ca4b
0fc93
03a26
0e7d4
0c7a8
0d99f
0d600
0f2e3
09a51
067e6
0a085
0cb09
03a12
064df
08997
03c71
073b7
04461
00f9e
01123
0bc9f
0ffa0
0985a
01c24
025b2
04d84
09d69
065db
0ac40
08290
09ba0
0b566
066cc
0e89b
0eee5
044bb
0413d
017d5
03243
0ce40
09127
00d75
03118
0d9bd
0d002
06c2f
019f3
0fd7d
04b92
04d5b
09321
0c15c
0fc84
04390
017b2
0b576
02bc1
04351
0d5b8
0649f
08555
05684
0e6f2
06aa9
0721e
07732
0a445
01101
0dfa8
0a95d
0a417
0595e
0bf97
095d8
07819
02f8e
0a69c
03a6a
0f148
0e2fe
020a5
0cff5
07fdc
01c61
00243
0e67c
0301a
090d0
03b2e
0f3c7
047ca
0de37
07435
0a720
032e1
01a80
089e6
0b93a
0bc8a
01475
0b55d
05dc2
072c7
0dff8
079d5
08edc
07e13
03933
05860
0abf3
0d50b
0a599
0f244
0e71f
0e388
036c3
003f8
0d889
0971a
06c15
0e79c
012b4
00f52
049bf
06488
00595
0bfac
0ffb3
078c8
0c006
01d51
00c7b
09957
0e038
00622
0daf1
046aa
0d242
04f83
0c9f8
0d84c
06a95
0f91e
0110a
04f94
0bfb6
05f07
0c335
0eb2d
06f11
06c11
0b8f7
0d8b1
0e8a7
097c1
06a3c
02fc2
06894
06066
08a52
06420
04805
0b977
0b1e8
08cf3
02daf
0a741
00c64
0809e
0e29b
0cac3
0a960
0191d
0edee
044d3
00086
0d740
0b578
006ee
0a7ce
040ae
0fc36
00e76
0f78c
01539
0be23
04080
06d74
013c9
006e0
09345
07ea6
043a1
0e0a1
00f5c
0e16d
0e815
03013
0bb2a
0f22b
06977
06351
0d5bb
00ed7
00a25
0c1c4
0582f
0bf92
0d3d8
02064
058f2
0ca93
08f3b
06573
03cc2
0a0eb
0a33e
06ae7
05956
02890
0a401
0e51e
0518b
01527
03695
0bae4
07a07
00821
02eb2
0b798
0bfa0
00d38
043f0
01391
00680
00f00
06127
0e859
01655
08480
043ee
05a44
0370b
09e5e
0dc42
05d06
0258d
059d2
0b580
0987a
0113d
09c6b
03020
0b21c
02c72
0148e
088e8
08448
07ea1
0eb78
0b133
0968e
0793e
02552
01568
0306f
0df38
017db
01dd4
00046
094f5
0a04e
0e0ff
06736
04950
00004
02e04
0dbde
06e41
036d1
0b2e8
0b560
0fe73
01794
0703b
0439b
04fc3
05f57
00821
01be9
0c747
01922
05a7c
0ef5e
0e0e1
02228
0e333
05ada
0b46d
07413
027e1
014b9
0d77d
0bd5b
07e87
0c47a
0da46
01a77
0d864
04b8c
0e7f6
0be38
0f95a
04929
0bf7d
0ff9a
094de
0b9e0
04090
0b7dc
00b16
09c88
00343
052a0
05e0e
07dbd
02761
092fd
0298a
075c6
0a527
05bcd
0f639
0811a
0fbec
0182c
0dcad
0b7af
094d6
0cef1
07ad5
0f7fa
0ba4d
0a215
07078
0241f
0355e
085c8
0c295
04653
0bda6
057a3
0ab6c
01e97
01e47
0eec5
0175a
0fe6c
08819
0f441
0373d
0a24b
042fb
01dda
00e53
0dc01
06dd6
0ff34
02feb
0d8fa
0c1f5
09b69
060bf
0bf6c
077ad
0f053
08119
0d26b
0a0dc
07e06
09de2
08fb7
0a3d8
00327
01831
09116
0e485
03f6f
021cb
026cf
0fdf1
00d5b
0247c
008d9
08a0f
0cd35
0281f
0c519
01265
0f698
0bde7
033c3
05c0a
02817
05f7c
0792b
0bc2c
091db
0ec50
03d0f
09839
0d6b1
022aa
04d10
0326d
0ae54
0bac6
0b3e5
02603
06dee
0848a
08097
080b6
067b7
0ea7a
0c0cb
061dc
0862f
0a9bd
0ec38
06426
07ee4
08d4f
02ea1
0dddc
05f58
0002b
09385
03acc
0e7c0
0db98
07c4d
08d8a
09f24
0b3a2
03997
02b88
0120e
001ab
047a0
0fe72
0e7ee
04d79
06950
0268d
0bd21
063e1
038f1
047a3
07964
02a0f
04bda
0c3d1
035b8
0b8cb
06afc
02bc0
0edf8
0969d
06898
0ce69
02677
045ae
00d36
0e838
033c0
0150f
0eda2
08096
0cd85
0f6d3
0d730
01d10
0c25e
01987
01217
01c78
0aaf4
0ed76
08b80
01c6c
0f849
0b126
04413
0355d
063e0
061c0
0ad09
03513
058ff
0e0a7
09c6c
00402
0fc05
0c723
07b06
0d84a
0d9a4
0263e
07161
009d5
05c1e
087cf
0af0f
02993
0244b
0f941
0a10f
091b0
09538
0f0f8
00faf
06a09
086cc
0e06c
0be3a
0b252
0fed2
0332b
001b6
0567c
07e81
0c9d1
0fc2a
001c8
0b8f4
02975
078ab
0e441
060e6
0a189
05887
0803a
05c5f
01120
0760d
02ba4
0e719
02ca4
064d1
0418e
0b5bf
02b1a
07fba
0cea2
096bb
0f8e4
0ce21
0977f
03e10
0cf71
02ce4
08a6c
01512
092fa
0648b
074a9
0e947
07f5d
03137
04b06
09fbd
0ff96
0add6
0e232
09019
0b793
0d9aa
0510a
0a722
016e5
0477b
0f923
018ce
0448b
0f217
05dbc
0b00a
0cf27
0438d
0c24e
0a8a4
094f1
0c40f
0c31c
0d996
02fda
019f2
0cc6e
059b7
04ab4
03ee5
0a9d4
0aeb4
010f2
0c0c1
0c38c
09b3d
0b834
08011
0ff35
087cf
082a6
0ca41
05f63
0b568
0529d
015a6
060fc
0ba72
0a631
03f09
00c70
084cd
0da6c
0c7c3
0e7cc
073ae
05985
0a933
0533f
0b126
04339
0fe9d
01fa9
06492
0bf20
01f41
029e1
08a75
0265e
063bb
0156a
0d9fe
00ec5
0681f
07ada
0affb
0a7a7
0f62e
0cc1a
03485
05810
00896
0e8f6
07b77
00c9f
04992
0e146
06d0d
028c6
0ecd8
077ac
0fb5b
086d5
0f1c5
0586b
0932a
0a0ad
0db8c
0cbc0
04412
08442
00b74
085a8
09be1
017c6
0e8c5
08d37
0cdcf
05ae3
0036f
0e12b
0d19f
04e8d
0a11f
07bb3
01293
0e1d0
00046
035c8
0c1f1
01f19
07b05
08686
0c5ca
080ff
0ebf3
0d8a2
0c9eb
0b5ee
04b17
08a04
02b4d
0f2f6
07722
063ef
066ac
0fd93
002ac
08b78
0e5be
08276
05d8c
08256
025e7
075a8
0eb61
04467
0af1b
035dd
05d08
0b8ac
05aa7
093e7
04a56
07fe7
06687
02093
0f5ff
0285d
074a6
0c843
00a14
06fa9
064cf
086ad
08288
0fe98
0fab5
0d7be
0fc8a
0d476
0a5aa
06d80
09790
003d2
0bd7f
0b53c
01b16
07d18
02264
0f532
01db1
03aa4
0f3a5
0e3ae
0f735
0ce7c
07a2d
0fdf7
043a5
03acd
08afa
0a727
043a3
09889
0eac3
0ad0f
0ca1f
047b3
0b8c3
000ec
0772c
0399b
0ab32
06ca5
05a04
08cb4
07246
0a836
01b3d
07139
0ff36
02430
0beb6
0825a
0e729
0a5e9
009dd
0447e
03f6f
0e57a
0f7b5
0cc22
0544f
0c7c1
02a33
0777d
02f02
09c78
0d4a4
04049
02109
0d7af
05947
0c0b2
08d15
036bf
0ac37
0e293
0216e
01a04
0e4f9
0b918
00b4d
08c0f
07c3e
0e84f
062be
03dd5
0e48e
014fc
0824b
01284
08a68
04500
0c28d
01513
07a4a
03d6a
0adc4
0096b
06842
0349a
0fb68
00266
0389b
04439
0724c
0ae85
06bf1
07d5a
072b6
07fda
0fe77
079e5
021ca
0a742
0ccde
04dfa
0d2fa
0d12e
056e5
0e614
055ea
0386b
0eea3
03000
0ed0b
0242e
037f3
0a0f7
07e61
0c483
0c77d
044c3
018e2
0b75c
0c2ec
0541a
0b6ee
0db68
0bf29
00d75
0905e
00d34
0556a
040fd
07257
0c037
0878d
0112e
0ad21
00b8f
0053f
09db0
00798
0e7cc
0ef55
008d1
016cf
0844f
09e9a
09763
0acf3
01cbf
0daa0
06961
0e36a
0f292
082ac
02d7a
06b7b
0a228
0c035
02098
0e2d7
04c08
0d8fc
081c3
022b7
09644
089d0
00fea
0434e
0cfcd
03a48
0d0ea
079cb
05d8b
0873a
0b09f
0a981
09548
0aac0
0e9f3
0289b
05397
0c64a
09e74
05352
0779a
0c501
0b6fe
0942f
08758
01250
0049b
025e9
09cce
07fa5
056fa
0f025
0548f
0850b
04ab0
02723
07301
0524b
0d270
0a9ba
0566f
09b3e
0d880
0b627
08fd4
0cede
03955
0b71f
079e6
042aa
08593
03d99
07061
068f5
0daa3
0156d
091be
0da51
052fc
0b965
0fafb
03cb3
0768d
0210d
001f2
01b89
0cfe6
0d57a
00f56
0fb87
08ace
0ebbe
008e6
06ef7
02648
0d48c
07fb2
05e0e
02ca1
0bec4
0c330
06687
0492a
0db3d
0bb7b
04182
0a350
03aa9
07c6c
0cfe1
0aba9
0cbe5
0673b
0f8ae
00705
0598d
07efd
04788
0d124
06918
00b4f
0067a
05a77
06914
04970
0717d
00b8b
0d4cd
03739
00d20
0a929
0fb48
0c363
08bd8
0aef1
04240
0cff6
01ac0
01810
00258
0d034
0205b
022ff
0528e
0acfd
04eb4
0094c
09f1b
08165
06384
0205b
01b13
06bcf
0920b
0c407
05467
09d8a
07cd1
0708c
0ab81
08c44
0d1f3
094b5
03f58
03c8e
0f2de
0cc7d
094fd
0532f
05889
04945
0c660
0fa2b
05bcf
0d972
0e45e
018af
04353
07e48
04aa0
0b6d4
0cbe0
018fb
07d79
0c302
0f7bc
04e1d
085a8
03029
04421
0f7ea
09176
02fb8
084ce
0c86b
0d6a7
0f905
03041
019f0
0b2cc
0e360
0bc62
0eb4d
06335
04aee
0e900
0e29e
0603f
08fea
055e4
03379
03af4
01fd4
0d6d8
03801
0ecc8
07989
0c4fd
05fb4
0b1c3
08d0a
0428b
082b4
03785
00873
067b5
0585d
0e12c
0d682
01432
0ccf8
02047
037e6
0a118
01038
0c386
069af
0e342
0acec
02985
0e2e8
067a2
04409
02726
0833c
0b216
05d52
031e3
014d9
058bb
05775
0bf00
0bae9
0a83e
00148
03133
0e87d
0abc3
02e08
0c622
0f3ab
0b8bc
0ad17
09830
0cd01
0600d
01dc8
0212e
063b5
025b5
023f9
059f7
0964c
0d7c5
09a60
0a05e
08f9e
04c64
006b8
0764a
0d5c4
06b04
02e64
0e7c2
0893c
0197b
01bf2
023c6
097a7
0da03
0224f
098d5
052d8
0da61
09779
0a451
01db6
038e3
083f6
09b08
0b1f5
02940
0288a
0a86c
0d985
024a6
0fb44
06b79
06349
084e5
01054
05414
08757
023c3
0395b
00ce3
0698d
0288d
03357
0fb13
01e39
0770e
02194
081e6
05164
067a3
037c5
02842
09dc2
0516c
0ba83
02823
01362
0a553
0e7e0
0d422
0e3a7
0b282
0f18b
0a9fd
0bd57
00b1b
06999
0bdf9
0eb2a
07034
03164
08780
080a0
0d355
0bdac
03822
0f4df
04a67
09792
0de67
0ca1c
07ecd
013f8
0119b
0a748
0849b
00056
08c39
0c04a
09f91
0a5d2
01995
0cc17
05ffb
08bd0
0e084
071f2
0c9b0
0f831
0ea58
0327c
023d7
023fc
0467e
04870
0586a
0ad5a
0d911
0aa7a
0e797
0a14c
05cd3
0f14a
023bb
0217e
0118f
0a511
09173
04140
0aa7d
0c32b
0e569
00dd3
06e24
094de
024e4
07edc
097e0
06a75
0067f
02d32
0d307
04c0a
06afa
05636
01545
0a71c
006d9
0cc42
047ba
0ce38
027a9
0e2ff
04475
01f82
08c68
0e5c4
0e219
0b414
0736e
0f5f2
0a748
0fb72
02fb5
0d016
0ee8e
09303
00d9b
0a3dd
043c4
062b6
01922
0a0ed
0e23d
06d9c
0b340
0f3d3
0d027
02778
0ddf6
090b7
0a105
0dc73
01933
0b12b
09ce3
00c1b
04ffc
0d91b
0640f
04786
0eae5
0a0b3
00bbd
09665
0f2ad
0b7ee
080f1
0d69e
0d200
054c7
0e713
0c91a
0d5a9
01a51
025db
096a4
0e054
08959
09a48
0d3b1
0364d
0a113
08bc8
0daf4
019d1
08e57
07c0f
02e9d
05541
0737e
0ec01
07feb
02fba
0c45e
04f41
0e475
05ee1
01aa3
0ce04
038b0
03589
0c36f
00da1
049f6
0df7b
09909
026e3
09ef0
091c0
04881
08674
0e822
0ae35
07abd
0dbac
04309
0d1c2
09db0
07ed8
051eb
08b1d
066ef
007e2
0195f
08b4b
0d9e6
01596
0052d
02c42
00f77
0fc02
09354
08250
055e0
0b29e
00634
0446c
0b6e3
016b5
03ae9
0c7eb
068c1
01dba
00e2b
0a289
059c6
0f140
0b1b8
081d7
0adfa
0aa55
06857
0cea4
0a61d
0afdf
0a8a8
043db
0b579
0a021
0a39d
081a1
00fce
0391f
0529a
040e4
0b190
07fc1
0bb5e
0a729
0103a
0a23a
033f2
079ec
0d392
02efb
0bbcf
0a520
05a1e
0e656
0b290
0ee8e
0d8dd
09e83
0c272
012b9
04507
0e0f8
0251d
097ae
0200f
0e542
0c53c
065c9
0b6d4
0d283
0b76b
09642
01bb2
09192
0fba7
09922
003ad
01591
09f92
0601d
0a3bc
0a3fb
0ca0d
0687f
013af
04824
09aec
07322
0bf84
095ec
0fe94
04de5
04812
0748c
01396
0c09c
0f27d
0ae5a
0a3f0
00d2f
041b3
0c908
02843
02514
06ca6
078c8
0d62f
0a98b
0f7da
0fec0
0b913
00838
0002f
01cbf
015f6
076da
08e94
07afa
060a7
04f3d
03143
08110
01ff6
0752d
0e534
0facf
0328b
09ddc
03fda
08786
0bd0f
0098f
0082b
0cf84
0e4b7
0a131
05827
069b3
007d8
049b7
06cbe
071e0
03b21
0733a
0d334
024d3
0aaae
000bc
0e316
025fb
0cf43
08761
0223c
0916d
0c5f9
00015
077a6
0124d
0084f
09084
0c77a
0ff1f
0ba09
0257e
014d5
094bc
087b6
016e0
06a02
08567
09b70
03a2b
0dd46
0df93
0bdea
0282f
0473c
00f61
04ee6
0c2d9
05d6c
0ebc2
0f611
0e167
0b577
0efd6
056fa
00760
0f213
030c1
0d49d
04025
0a2e0
00cfa
06c69
0c9ef
0bb12
0d633
07ddd
0ff24
07578
02bf8
0ce36
0497b
0b6f9
01ff0
06a93
0c6d7
092c4
00cd6
0f6db
02735
07f3f
01e5e
090de
0e074
0e25e
01bc9
0e10d
06530
0f59b
05285
01ae7
01c8b
0ee9f
03f7c
0697e
00754
09460
0c076
0c76c
04d1a
03025
08c7a
0e36c
0fa00
097a4
0e3de
07cef
0303a
0938a
09f66
0b725
0692e
021e4
074c8
05af1
02bb9
087f1
070f1
0bcff
0ee61
0be81
00111
00978
0ddb8
0411d
0820d
04ad3
0bdb3
0811f
0224b
0581b
03233
0f80e
0b735
0bad5
0b94f
0a9fa
03198
0a9f2
04837
02a70
0e26a
0c7ad
09efb
0ef6c
0f8ca
00ce3
07fca
0cf4d
0d989
0f8b6
0d8bf
04917
036b4
0543d
0c7b3
0f036
0cab4
0b4cb
00435
05541
07bd1
03a59
02b80
07db2
0be48
0a4e7
055fd
0cbf7
0fdec
08f94
06384
03812
07e5b
0c988
090b4
0803f
0a864
06a76
07ad5
0f7cf
03390
0cbf8
0aea3
0617f
0452b
05118
0ce02
09f36
05e81
05854
0aa64
05ad5
07269
0534c
0e826
01585
02f88
072e2
0ef5d
08a13
01147
0fe28
0168f
03a00
0c809
0c67a
05583
0a867
09812
0d819
0444a
0d5b8
0a3e3
0073c
0df59
03b14
0602d
0734e
0555d
07cd4
084ec
05a1e
0874f
0233e
01ff9
0cd57
0df26
0f1c0
0946f
07de5
00d80
0d417
0fbd7
01868
01c9b
08f5c
0a270
0b81b
06f6d
01ec0
01d37
0d9d4
091aa
0d181
01afa
0e36a
0e194
06f16
03a6d
05ac6
056a7
0db7b
0b856
01dc8
09f73
0c701
00adb
04e68
082c5
09160
0f956
05942
02d53
0258e
071c1
0f16b
06e74
0827e
0c1ae
02b0a
011c9
00614
04713
06884
0997f
0b235
0c45c
03c99
05a45
01a0c
027aa
000e3
01af1
06c26
08162
04de5
0ea4c
05d97
0f6ff
0bb89
04470
08ef0
074ff
02e93
02d63
0ecee
0ae03
0d235
05764
04ecb
0b8a0
07c60
0d37f
00208
0814a
065a6
01d46
08836
0af93
06f31
0469a
089aa
01e0d
0cb54
02691
04182
00fe8
07b54
09713
00d8c
0d6fa
0a162
0c5f0
02cb6
0cf12
08f8b
058d7
05a8e
0d98e
067df
0e001
0d705
0b8d4
056f4
00aee
0717e
00e1c
053e5
0d384
0f19f
02c28
0f6db
01486
0360a
03cd2
0749d
0ab83
05066
0b8a1
0f7be
02a20
02900
0f5ae
08c4b
09789
02627
05901
0abfd
0a52c
00f44
07668
005e7
03270
09d47
02bb5
054bf
0f6e0
0b3af
00b15
0c847
025cb
084f8
04765
029a7
0ae96
0b2af
0e2f0
0351a
03917
041e7
0057c
0aa83
01dc1
0ec8d
0cd49
0c27c
0af62
068ac
0a482
0aa16
04ce9
02b2b
06214
00f46
09425
0e7c7
0f2c6
0fbb1
0cc3c
0993c
00ea9
0f8aa
07015
0b33f
0c8be
0c627
0ca98
064e6
0a24a
05bf9
0e206
0d929
06ea4
0aeaf
0dccb
04db7
08a9a
03e34
09029
0b84c
074c1
02931
09877
0e000
0a424
090d9
0e294
0d8db
0c761
01a23
0fd97
0441f
0156f
0c8f4
09f8b
0fa1e
07c57
0b589
0af7e
09d20
0a774
09f7d
048af
0eda1
0910a
04dc0
03370
0853e
0869f
083f4
005b3
07daf
0979b
001a2
0ee32
041d0
0fc36
01f66
07dad
075e7
0bd2d
03206
08d2e
05378
0ca6a
054f0
0c178
00b98
02794
0f944
04735
0090b
05f5f
0469f
057f5
00212
089e9
0812c
04c4a
0ba42
0438b
0baec
0d55c
03021
0191b
0f21a
0b270
03094
0cb24
0d952
0fac6
0042d
0185d
0e2b2
08995
0431e
0401a
0d1a4
0f419
0c266
05032
06e59
04c24
0ec03
033cb
0c623
0b66c
04e25
01078
0181a
024e1
0c5d3
0ee79
0cb3d
0b484
03441
0ef5f
01a01
0c8a9
0b111
033d3
0a55c
0d6a8
0b6d9
02e11
0bfd9
0c6bd
09188
0d3db
0f397
0c2a7
04a6c
0cda4
00844
03c94
077ed
03f53
03ef2
00714
0c112
00420
05764
09ca3
0be5c
06e1b
0b1d6
0aab7
0a144
0e0f7
09974
08d5a
04b07
0bc14
0b828
08db0
06f2f
010ce
05669
0a42f
005a5
0c364
00521
03cbe
011b2
0c6b1
063c6
0c5cd
07c56
0d018
09d3c
058f4
089fe
08192
0caef
09d23
07915
0aab8
0fb87
0ccae
0841b
0f0e6
04794
0c53a
0579f
07346
0b06c
063f5
0f7ce
0ca94
00d6d
01ad7
0c84c
042e4
0a383
0c3d7
0e849
05d3b
0eacb
0cb73
046ad
0bf50
00c49
002b5
009f2
091d8
02c29
0a403
0d16b
0cf2f
08962
00021
02426
05221
0a59c
01b94
0d5d4
0ab4b
07b8b
0e2a9
02f02
0d0e2
06236
00fb8
03521
0f59f
07d5b
0ae02
02d29
0a7c3
0be4a
054ad
04265
04463
0b093
03308
0311a
0b875
07665
0c2ca
0cf3f
08200
07f86
02e10
0ea4a
0042c
05ef5
01958
0a217
0b86f
0bc86
07ba5
08017
09292
0b8b5
0df92
0b186
016f8
06c9e
02df3
070d6
0c8fa
02c23
05022
0e067
0d572
0f5aa
0e8e4
0558c
04950
00f4a
0dd6a
0ca24
0f32c
0b850
0880d
07792
037b5
0b4d8
006e7
0d190
0dc91
0e4c8
08a5d
039af
0bd1f
079cb
04c3c
07461
081d2
06f3f
0df52
02357
01b48
09199
0043c
09386
025fa
06c65
01586
08766
01c84
015ed
0b95c
0d5bf
0bcbd
01054
0c1eb
0d732
035c5
0a053
041ee
020bd
09a4e
0330e
03680
0db64
0aaf1
0cb73
0e53e
09bd6
0f36e
0026a
08bdf
08dc1
0e17f
0756b
0fb9d
0f858
02865
0416a
04937
05545
00cc4
0233f
02bfb
0ba7e
0a61a
05f23
0dfde
04562
09779
0849a
02180
0853b
09568
07f21
0363a
0e5f3
02a28
08b0e
040e0
0721c
03ad2
0b7cc
0da0d
05048
0916e
030e6
0b0b5
0551b
00ff4
07904
01adf
02690
00533
07602
098d6
0f41c
082f5
07366
09467
097fa
03448
09d62
08341
061f7
00676
06f57
0086d
0ac5c
052bf
08983
0fb74
0568e
0f91b
064e3
09f72
008cc
0d48a
00352
0c973
07995
0416a
0d415
02df6
02bde
04a51
0665d
0092b
0067c
07a4e
078a5
01eff
0579c
0a516
028a7
010de
08255
05bc0
05919
0c7e8
064d6
0028c
04869
0dd53
06b8d
05a4f
0b83f
00613
0e25b
0814e
06a65
03150
0e126
026db
06c0d
02492
0b70b
06589
03c65
0e04f
0ac8c
03c00
00fe5
06dca
0ce12
00f15
09f96
0e3a4
0f222
0980c
00b6e
04fae
0d4f7
058dd
0b63d
0c1c0
0f9e9
025e2
06d54
05cc5
0ab76
047f0
0c03f
00dca
07fd2
00893
040f7
0dcdc
0ec74
0c828
0f75d
07ed1
02930
00b00
081d7
07f3f
07b72
013f3
01d1c
03e0c
02b6f
0ea45
0e39a
061eb
0f801
0e7e1
05b15
0b17c
0bf95
09545
0794d
05ac9
09942
0c784
0c8f9
07ed1
04939
057f6
074e1
0bb8c
05bde
0fcfa
0c27c
0c475
0e20b
01bbc
02ba8
08002
0a495
06f43
04389
0b766
07d19
08d04
0f670
02ac4
00266
0a33d
04433
02948
09857
0916c
07755
0386f
016b5
01dcf
0ef02
0b2f2
0e8ef
014b9
0c49c
015b3
07f56
0b607
028f7
0d6a5
02986
0e3a1
030f2
06802
000eb
061c3
0335c
05ea7
0bab5
04d7f
075b2
03e3c
0bc77
07a89
00444
05ec3
0eeed
0016b
06e29
0b837
06b13
0612b
00f7e
0f766
0da65
0d833
0788c
0d3fc
0d68f
06310
05261
001f9
096eb
00b24
043ca
0c9bc
05c97
0903e
0a81b
003b5
03d90
09e6d
0b800
0dde8
0d839
0ea39
0ee9d
08252
041fc
08f30
0da32
0c213
0df4c
02a72
0c9e2
068fc
08b72
01680
0e350
00129
08bdc
03f5d
061e1
03570
037b8
0764e
0eab8
07b9d
04eec
0a7f4
048b4
0c9be
012f5
0a22b
03191
041b2
097cd
0d513
0273f
02aa0
0e0d5
026f2
0ecac
08d0a
09ec9
0286e
0c391
0a437
03fa7
0dee4
0faea
0ff12
03c88
00ebf
05d09
04746
0445f
03271
03ff4
09c5c
05e15
03881
029a5
0f879
07b4e
0537a
0a49b
0d7fb
0d336
03566
0615a
0e52e
0a34b
0a8bb
0888b
0acf4
0fe4b
094f5
0fc79
05907
0258c
0da16
05b76
00552
0ca61
0b4fe
0554c
03719
0fbe3
01b75
054a8
0a0de
03723
066af
0b5c8
0fba5
0d362
08c9e
040c2
0d20f
0bacd
049a4
03eb1
0d1f5
02994
08ff4
08ab8
0c898
0a33c
04e28
01061
0c90f
0b43f
01a8a
0e313
00ebd
02dd6
09f91
07fa7
0dc44
02de1
0c92a
01943
08cf6
0ccd5
05d4c
06aa1
0bbfc
03149
06b04
0c888
0b777
0de3c
006bf
0c85e
0fab6
03f7f
050ea
01902
0ee76
07949
08930
0d9de
02938
08d4c
0e47d
0b02e
056fc
05218
051e2
0d3cd
04827
063b9
0d59e
08071
0f1e0
0562f
0ca47
0d8c0
0fb90
0ae02
06dae
0f913
038c6
0da17
02a9b
09053
006cb
061ef
0c3af
0060c
04b15
07982
0f9f9
09f7a
0c10b
038b0
095b7
088a9
00aab
0c981
0b73c
0888d
07cca
0fa03
0f4ca
05654
0711d
0938f
0664a
0148d
055ce
019b2
0029c
059ff
057f4
00e9d
0317f
02477
0d660
0677a
09683
01cb9
0882d
0bb68
0b7b6
04865
0542c
0ec40
0f93d
0c6b3
03ebf
084b6
08e26
0034e
0d77a
0d323
05a38
06fd2
05e05
07ff7
0afb9
0717d
0b156
07771
06951
0c587
09205
0e2f5
01e98
0488a
0e2c1
0e75f
0a668
08205
07d78
0d8b1
06c21
0fd44
0acd3
00858
03bd8
087f3
023ba
0540c
0f96a
03f0d
0f0c6
0cf4f
08071
0e577
09224
079ae
0f3ee
07320
01dcf
0d838
06196
077c9
012da
08ab1
0ea82
0834f
0fc6d
0f7ae
0e673
0ec61
039b2
060c9
0dde0
02970
0fcfd
0315d
0f7b4
09788
007c1
0925c
0befd
07086
0ac83
0e4b9
08ec1
00216
04a8d
04073
0534c
026b3
06c9f
0b120
0040d
0a938
0198f
0add6
070ce
0e820
03458
06a38
0034b
0cef6
0b2a5
00575
0fb53
07ff7
02ac6
0e2c0
063c3
040d0
0c393
06463
0c63f
05847
054c7
0dadf
04df6
009e5
09a85
03ea4
0ddad
006bf
0608e
05767
0bf92
099f0
0a9ea
0a213
06ba2
07e05
0a50c
0a972
09486
0a602
0f245
0ec8c
015a2
032e1
0860a
06d3e
00af9
0ef32
0fb26
0b02e
0e7b4
04b71
0ef12
037af
0c53e
0b7f6
0ec6a
0183d
0ca46
0e3b9
0dc11
042f6
0aa66
031c7
0f1d0
00628
093f2
049cd
0cd5e
085db
082bc
07090
0fc8d
0ba3f
0ad5e
0c9e2
07eec
0a0ce
0e288
0c242
02812
0fb2e
05eb5
061f2
010ca
0a460
04814
0e7d0
09d00
0e53d
02f23
04eb9
08033
0966b
026e2
0323e
02bb1
0e02f
0a314
00457
09d72
0e3fc
03f7c
0c9dd
0c1da
0969a
0ec57
0250e
071bf
02731
0c43c
0ccec
0ac46
096d2
02746
0e7ca
0572e
06d4e
092ca
09c5f
01d12
088fb
02444
0fcff
0be93
040e3
03587
01378
0315b
0a078
0c300
01ea7
0dd10
0f19b
04aaf
0e1ee
0b809
0b9a3
09c63
07d9c
01bad
03a27
01a25
01597
0e674
0adc5
0b555
05bea
076da
0bcc2
037da
02c67
0df29
00079
01b68
06472
0f000
05462
07dd2
095be
0cdc6
0c90b
0709a
0c3e5
0a508
0fef6
093a5
02e45
0d7cb
0e0a2
0eff1
07a19
0ac3a
02995
06c77
00593
09e17
0950d
0d652
03047
029f9
01f0a
0afd0
02eff
05958
0dae8
08220
0eb8b
072d5
04946
03e71
08841
0bf50
00ba1
0bfdb
0a9b5
01b0e
0d320
0721b
040e9
08ca6
03864
00544
0f5ad
0d477
0ef99
06db0
06842
07720
0a2b6
0a330
0efce
0c71e
08b49
082c5
05448
050b0
000f7
0ee63
03780
0d858
06e53
075c9
0a705
09ab4
0f0c3
06f83
0c1cc
00827
0b745
0c6c9
0f002
0623c
034fe
0c82e
01e4c
052b9
09fa1
07ce3
0e2c2
0eb88
075b9
0236c
03fec
09486
0b2c2
00178
052e1
0a803
0dfdc
02954
0c24d
081fa
0a595
0c527
01e25
01fcc
0e24b
09edb
00881
0c79d
044ad
05f89
0e3c3
062bd
0a4ab
04869
0b750
04163
0491f
03825
0fe08
03108
0bbbc
005f1
0cbc8
08a8b
0dc6e
0b41e
09e79
06a43
04bce
0325e
0124c
0f674
03262
0ba06
08c6f
0597b
0a94d
0c3cd
0f51f
0f4a5
01fc7
0a21b
0d317
0fcea
020b3
008b5
0e653
0e779
0f4a0
07ca3
0ab76
0a38b
07a2b
058d4
09ebb
0e28c
068a5
0dc30
0faba
04c47
0c248
02392
0f7fc
0fa30
0207a
04d56
07c59
09fec
08441
051e3
0b48e
071a3
012da
063e5
0db74
08ec7
001a0
02019
0f40c
02af3
0ca2f
01685
03524
066c1
0681f
0a3b5
0a960
0e089
0f8cf
0fba6
01fc1
00aad
0fd75
0892d
0f965
07b38
08ab6
05381
0b312
057fe
00190
0b39e
0b201
00401
00d8f
0d4ff
05ef5
00cbc
07756
08518
04639
01125
09624
0dc34
0e527
0a6fb
09ef0
0a99d
03458
06b44
07d51
0693e
0b4b0
0d24f
02dd1
0d50c
03c39
0f2a1
037e2
0c595
0a76b
08031
046d1
03d95
0ee19
0dd71
07cd1
02e98
0a619
0e09d
0c987
09b14
000d6
05338
0d93b
08ca7
0d5c4
0f329
0e0b4
0ca0a
029de
0da9a
08d44
031b4
08617
06375
069ca
00857
02ebd
0978f
068ca
0a185
0b493
00cec
0f287
0a7d2
0b483
0fb3e
0090a
00bf5
0a04c
04e61
0e78c
0035d
0caec
02cb4
00dde
00ad7
0d774
06273
0ccf7
0bc2b
0a09e
08b6c
07de3
0ad93
0cab1
0c6a8
0d09f
07976
00494
03427
01ab8
09da9
0681e
0f2a0
08493
0f796
0a3c4
00d9e
04e94
01806
00727
04039
0b574
0e4d0
03e13
01d8c
03317
0b062
04d99
0681e
0b540
06fb9
031e1
09df6
01d61
0290a
089c4
0eec0
01dc8
054bf
063ea
0f114
06eee
0de0a
04690
01972
096db
06700
0da00
08cc0
037d7
0fa4a
0f188
055da
0fe8b
0369b
01842
0d9df
06fb7
09b32
07ad1
0d8e8
04d69
07bdc
0d0ca
00864
05318
09e73
03c5a
0f66f
01cb5
08a92
0ac43
02f0b
0f861
08950
0550a
08965
0fb78
04c02
0b60f
0351a
0ce4f
0a365
0b336
04bd3
0f19f
0a1ed
049be
04032
01199
09656
01278
0c68f
0f156
03a40
0c589
0bfd6
08157
0de57
0fe69
0d823
0ffec
07a1e
09a96
057f3
054a6
0e031
0d683
0770c
0387b
09cc4
0a44f
0bc03
013c0
0477a
0198c
0b108
0178d
0fbba
01ed4
0f4e9
0bd4c
0ef80
03b02
0aa99
0a32b
0226f
05f11
0a16f
0ce40
0f42c
027d8
03212
0da30
0086f
05682
05d6a
00617
09391
01eaa
07eef
00f3e
0a685
06ae8
09ce6
014ac
07a76
08ae9
0fcb3
092ef
06a2e
020a7
0ed73
0ad95
040d8
0c01d
0a851
0d0aa
0e2ac
0742b
0677d
0d3f1
06442
04cae
0bd0a
03787
0cdaf
027a3
0190d
04dd4
02227
0cc42
0c5fd
073bf
03ee8
0b7ec
00624
0c968
00aac
06819
05d57
03d8a
01769
0a167
090cd
04954
064f6
0741d
0c0bf
01263
0d7fb
0eb7b
06ccb
044c0
0d68d
056df
018d0
0b87f
0438f
045ff
0db1d
05e18
013b7
0cf87
04802
08d58
0bdf2
011c4
03625
05b83
08485
0ea16
0a78f
0e0fd
07a2c
06e69
0b523
0beae
0ba50
04a02
0d2f4
0e972
03202
06c96
08f06
0d789
03819
01561
0a445
0c44c
0a312
08107
07663
0f4af
0485f
028b1
007a2
04d14
0ce88
04fcc
03224
08962
0fd41
0a84a
034c6
0b15c
01a20
014a0
0242f
0c65c
0e8ee
089f7
06366
08e27
09c31
08a32
02351
0ede1
019a8
076b9
057da
0e6da
0f3e7
0d1ee
0971e
0d0b9
021ea
07b46
0676e
08edb
045b7
0faba
0132c
06aac
05b74
036f3
05134
0f472
057b9
0e2eb
0de0f
0800f
04cd3
0baa3
08bc7
0c28d
07e0c
094a3
0341a
05aa9
0261a
0b467
02cba
0c476
07f51
02e81
0fc41
0c530
00b37
00c35
06150
0ae8f
01f3d
02a25
09651
0f633
03ee2
0d685
0cb64
09708
0040c
03a3f
012a5
09a84
03a2a
0c697
05184
0234d
0cc24
0e1b1
08197
0b6f5
050b6
03d4b
0448a
05cbc
029a6
03b85
0091e
0a52c
020e8
03dbb
0f492
08c98
0e1a8
078f1
0fc37
03204
0ba11
05231
0e4bc
05526
025b6
0b86d
0de9a
08a15
041e9
0e8f6
0ceae
04220
09b81
04e50
0d296
0bb22
00e29
0a92c
0816a
0d1aa
0a613
07aab
06bf3
0c6a4
0d2c2
062a4
0910d
015dd
09dd0
04fb1
0fa99
0a1c2
073b8
0bc7a
0e877
056ea
0fc36
05aa1
0e73d
03fde
088d2
06945
0c791
035f4
02789
0abca
044e2
064e0
081ed
028dc
084cb
0c3c3
0e7ec
0be91
075cd
08972
09281
05311
075b0
0b452
0289b
02047
0a323
021a2
0f804
07766
0367f
03819
0fff6
0d3c7
003e1
000b5
0bd9a
0b773
050e3
0c4a9
09719
0c27f
09d85
0126a
055ff
0ac7b
019a3
0ca8e
07b4b
0a564
0e68e
054af
0ee0e
04017
03570
02bf0
0f02e
0668b
0137f
02236
01243
071c8
06dda
0c435
01282
00708
0a877
0fe78
0a50c
02eb9
030a4
0484a
0d7d4
0340a
070d0
0a2c3
01eaa
00f3c
0f12f
0a8cd
0529a
06394
0516a
0003f
002da
056c1
0d01e
06dee
08e9a
08fa2
09154
060e6
09eda
0f2a8
076a6
042c2
0d6a7
09c09
08c0a
0e708
0738d
0223d
0978e
08532
05638
07b86
0588b
00f93
02ae0
03455
02390
08bb8
0196c
07dc1
025bc
06e4a
01c84
06984
0b5b2
04459
061b2
05162
0f3f2
09428
01684
0c739
09c51
0532c
0f961
0ad2f
03715
057b4
07ada
005f3
074b3
07ef6
0d5e1
083d7
01043
0c156
03d0a
0129d
0941c
0049f
0d668
09905
09109
067e0
0e338
0ae14
0ccce
0a90f
0f67e
09d5a
02e03
0e5b9
09a59
0175a
0e222
026d8
01076
0e20a
08ecd
003c3
08be8
02a9e
0c24b
03802
032d7
0713b
0fd12
0dd1f
093e0
025e9
0deee
0c043
02c62
0af61
01ba1
0bf3f
047ac
0a7fe
02281
04d64
0e759
0d424
030d7
0a189
0e848
01b7f
0f34f
097e9
03f14
0b1b8
05a47
03b1c
0bb4d
034b1
00080
049f7
0ee86
06880
04c23
0ae8d
05e0f
023c4
01725
00c4d
0efce
04ed0
0e95f
0c9c8
0d3b1
02087
0a611
076c1
0e63d
02f6a
0625f
06bed
0306a
00728
0eb57
0bf93
0cae8
0aca3
0ea38
0f611
0d9a8
0140c
0f825
01efb
0836e
0fa2b
0acfe
0ed6e
08c07
0d2fc
07396
08247
0cab2
083c3
00320
0db55
071f4
03e97
04e76
0d42b
01f7f
0674a
0f5a5
08087
09ab7
09ea4
07297
0d893
055c6
0c471
0f19b
0abcb
04e20
0564e
0d038
0b6ff
09d79
00e61
00a79
008f3
06ecb
0f590
0f1dc
0ce97
0a08f
0e2b4
0e6d9
03d8e
0a562
05517
0f9ca
0cfe4
01e4a
0b2dc
08419
0cca4
041f2
09890
0886f
00f64
04827
0bf26
0f5a2
035b3
02188
07222
012c1
000ea
04758
008b3
0c156
0108d
0b748
0e912
004cd
0cb9c
011ca
0278a
00ccf
02707
085cb
08e8d
00b5d
05a14
0d46b
08600
01e75
03c55
0ae4b
05e10
08a94
07b00
0b899
0a06d
075bf
0ee75
0405d
0cb78
0023e
01744
0a784
0d464
0be3c
049de
080ce
0090a
02410
0def0
085a6
02b3e
034b1
03cf7
00d3c
043e3
0eae6
0375c
01f72
0cf16
02053
0fac6
023d0
0de0d
039d0
02a17
0ffd5
08d90
0df8f
0f7fc
01d7f
01a57
0ef29
0bb20
0ba68
056bf
0a159
0149f
018c0
004ba
0c8d2
0700c
0d51c
02107
080f8
0f1b8
0c348
06bef
0dbbc
0b16a
0bc1f
08184
04e61
076ce
006f0
0812a
07199
0d05c
0a853
0fa46
08dd9
023a7
0ea71
0b966
0e819
04b3e
00bbf
09f5c
05044
0b08d
015ca
05b56
00b9c
00be5
038ed
0cb9d
06c6d
026db
0a7ed
0fc98
018bb
0a25f
02176
08b5b
0511d
03db2
0a5dd
0c47d
0718f
0faf2
09641
00b8b
066d6
01881
0ed91
0006d
0dce4
0d247
03f1f
074a4
0bf8d
0f759
0f6ed
01180
04a0f
05a18
0c6aa
0ca6e
0b94b
06a4d
0083c
050b2
08588
04803
05ef1
0da4e
00a6d
0f041
0362a
0171a
0c25b
027f4
09bd1
064b7
0cf22
08980
0e074
06003
023dd
05365
05178
0d304
01312
085cc
01db2
0e6d2
06148
01ed8
02f04
0e9f3
0bcb8
0ba16
039ab
0cc46
0153f
05179
03864
03484
0bc9e
087b7
04b03
0e2c1
01683
0b71b
0507a
0abad
076f1
0cd69
08f15
04142
0beb0
0f2d7
02e16
0f890
0f766
04e87
0ad0f
0a898
0cf3d
08398
0ae51
0e17b
0d3b2
0ff0d
0ed6b
09f26
05d8f
0f264
0f444
0615d
0ba30
037f7
0898a
047c6
0241a
05bd3
0cc9a
035ba
0018d
0f985
040f7
0f7d3
0a6f2
01400
00a13
033f5
06071
0ca63
06f9d
0c677
01d24
09950
0a056
09963
03a11
0c736
0531b
092a9
0d265
0402a
017ec
054e6
060fb
0bb25
0b569
0f883
0409e
01930
03926
0baa1
031f6
08e9e
08618
0c56c
0abfc
04b80
05ccb
0999c
017be
058d0
08efe
00c89
0ba3f
09ca0
00fff
01dff
06522
037c9
0d7e5
04724
07402
024c3
00cae
0d83a
0588e
0a11d
04619
02e3c
087a1
0070c
0ae35
0934f
0ecd6
0e73a
0dd21
0b4b1
013f4
04c78
008f6
0d12c
0c9ce
017c9
0de5e
044ce
07be2
08bf5
0d968
0266a
0e4bf
05ae9
05e0b
0ba4a
0b059
0e1e2
08020
062e3
04a68
05dab
06608
027d6
02446
0e183
0bd50
0945c
028ce
0ca33
0ce1c
00c04
0618e
09281
097a5
0bfa4
0fd6d
02977
0cfec
032bd
0550e
0cc89
0a5a4
04ea3
0f94e
0e22b
0d3b9
0213e
09f60
03d0b
0de22
0eb7b
02a3d
04b0b
0f90b
07340
06299
0bad0
08239
051f7
0c755
05fd3
02a82
0ba21
08851
044b9
02182
0c660
08c5c
0fa6a
000a0
0d432
0aa69
002a1
0e2ef
02af6
09e5d
08dff
0f515
06257
071a3
00569
0fb55
0a051
014c4
051f3
0b541
06fce
0af9f
01cbe
04203
0ad6d
08bd6
041c6
0db06
093f7
05a20
0c8fa
0d431
0ed3f
0b9b7
03091
06d7a
07763
0af3c
0acbb
01805
00127
087d1
0a75c
0a43d
0d9ac
09c94
04d4c
0741a
0f9fe
07619
0c532
0a2b3
05459
04105
09410
06d33
0e6ca
0508d
007d5
0ccf9
02908
0e536
0cfa0
00e2a
06778
09be3
0a761
007a7
0b734
04411
012a6
04e12
08b53
00215
0e2d2
007a4
08851
0954f
02fb3
0dfe4
0bb81
0f374
0defe
0f9b7
0aed8
0c2b9
0823b
0be4b
063b1
068a4
0c315
0848e
09b21
0f406
09d62
04ebc
07442
089cd
0a5f9
0578c
05b64
0799b
0bb99
04642
04d1b
04f27
0f8a6
0426d
091ec
0ed83
091dd
07412
0a4a7
0124d
0eda4
0fee5
02c9c
022ff
0cd7a
020ba
09c25
0dd07
050b7
0f4e4
0aad6
0ef1f
08bda
09622
0deac
09aed
0ab07
0a547
0d1c1
0c86a
053cc
069cf
01f04
01002
00c03
0c034
087dc
081e5
08199
0dc14
0898d
0d8cf
05402
08853
0b022
0b107
00b9a
0d503
050d7
0f2d4
085f2
06766
0d0fc
035a4
0416e
00eb8
0eb76
0627e
098fb
0d55b
0d4d3
0e24f
033d8
0eb0a
00934
039d1
0ae95
03108
0e4ce
01ea3
0a356
0fb97
0a844
0d077
02181
0ad20
08bce
0e7cf
0025b
0f275
018f4
09276
0ec13
0f84b
0463b
06a91
02f03
05f71
099ae
0fc0e
0ed51
0f6a6
099d2
00340
04725
0c4a7
01276
02b61
0e0c5
02b28
0c51f
090d8
0fb6f
0c450
0d6cc
0828f
05a66
00a8f
039b3
006e4
0209c
058f2
0cbdf
08023
08713
0676c
00ed2
0a1b2
0ac29
09fba
09094
0da65
084c1
0dacd
0039f
0be2d
0afd3
0d733
00cd4
05d01
06216
087d9
08b2d
09648
05fa3
0e27d
03ac0
08a7d
083b8
0cad0
08d93
0bbf0
0035c
06bc8
049a5
0bd75
06efb
0dec0
0bc8c
0623e
03afa
07589
00b47
07356
05b4a
03230
068e3
0ca7c
0a9ae
0a804
0e6b0
062a2
0df98
02b65
0f368
06081
0ebed
02cb7
0aa2a
0b33a
014ab
029df
00ec2
08be9
0267c
01712
01721
0ae9a
04c03
0d6fc
076a1
0c8a8
0fddb
0e51b
01dd6
0d7e6
04f0a
0216b
02b86
0b2db
080cf
0faef
02dec
03836
053a7
0ebb1
02957
05c02
008e2
031b1
0f5f3
01f5d
021cf
0e9f5
08c16
0fe56
0093c
07ff4
005e3
05bf7
017ab
00749
014fd
0c6c9
0b9bd
00b83
0ffcf
030fe
063ec
0912f
067bf
034f0
01705
06658
06aca
02e07
0991d
09ba2
05dfb
0186d
09052
03909
0ff5c
06085
0afaa
0b210
0a70d
08209
0da4f
06478
03157
0ba67
08844
05465
0d348
00b0b
0be54
0c7fe
0e965
0a3f9
0b8e6
07fa8
0005a
03847
01f06
0343d
0c0fd
0a9f8
09c0c
06ddf
04d4e
0645e
02b34
03f6a
013a4
01cfa
0fae7
0ba4a
0309c
028ca
05701
0211b
0e43d
08546
0a986
01024
01cd4
0346c
0b3e1
09790
05b0d
0dc3e
050bf
0c000
0b300
092e0
0eb46
0bb52
05e9f
022c1
05b47
061c6
009f8
04e8d
08800
02a4f
0eba1
06e48
095cf
00ff1
0cbfb
078cd
0346b
06148
0d8e1
05560
0dd1f
0e4f7
02600
0c24e
0c5d1
048d6
0ef27
0727d
0da07
004c8
023b2
0100c
04ebf
0bad4
04025
0980e
002bc
00629
08275
0a07e
060bb
066f1
01dfb
001f5
014b9
06fe3
01233
08be8
0300f
065a6
0264b
04333
06282
040ac
008c3
0c69b
0b82a
09ec0
0f2fd
07f3c
0dc12
082dc
067db
0f86c
0fa91
03ba0
044fa
04d55
0c1c5
08969
0f24e
0f631
0c975
0ce16
0f9fe
02b59
09a0a
0f51b
0ae0c
0add7
0d667
0c159
0674d
04335
07a00
0908d
08091
011e7
093aa
06b44
05298
03433
09819
078ab
09147
09282
02f83
0dc18
00867
07935
0616f
08e23
0ac3d
052ed
0aaf2
07404
0c986
04ac8
0a64a
05247
0aaed
01f17
09660
074d7
0d139
08b63
046c7
0ea0d
0b800
0a477
03662
0d05a
03985
0d76d
00f71
04ceb
0cb75
0fd23
0b445
06708
09764
077c6
0a47f
0c1ed
07e0f
08ba7
0d11e
09e7b
00300
00606
034d0
0dee4
00f77
008d4
0362e
0f94d
08e91
001e9
0021a
09bb8
0656b
0f269
03372
06b27
09020
01b5d
05392
07e86
0ba50
07a14
00afc
0e473
0a8d5
0199b
0c40e
02f2b
04084
030cb
0bb57
05007
0f5e7
06e7e
085e2
0443b
03949
0914a
057ec
04b0a
0d64e
09551
03d73
0e954
0817a
02d32
0d3d9
0b1ae
02a59
0a2ca
0bdd7
01ca3
0332e
09540
0a0e3
094de
0b2cb
0bceb
011ae
09c18
04624
03116
07f93
0fbf1
0680d
003fd
098e4
09243
0a6b0
04560
09868
03e6c
0d151
09a93
03226
08b83
02326
0a62d
03050
099f5
06770
0b71e
0bcc5
0a080
01eeb
025e0
07106
0486e
088fe
0b7d5
086c2
0d184
01643
0155a
02ac0
08574
01cce
08f7b
0078e
05265
0e7e0
0a752
0d581
06bad
0fca2
0a2e8
0b526
087a8
0dd52
0273d
01358
0c6ae
0e811
01cc8
04540
019c6
0dd27
07794
098fb
0fdba
01b9e
0ecef
0fb4e
0f7de
05344
07f10
05d7a
0dc1b
02b42
0382e
07440
0e075
04591
04051
0ef32
093d8
0e244
0520f
00328
02cae
018a1
0628c
0470f
0fa0e
06ca8
04964
0e49d
007b7
0aacc
0b016
0ab29
04011
031c6
01862
0ad47
00804
0cccc
0f70d
0ba59
07da5
0ff0e
006be
00014
0e103
0f993
0e2bc
0f5d8
0ae28
06fc4
09daa
0dd4a
0c789
05116
0ff2f
0b2a1
038ea
04123
0862a
0f5b3
0f28d
0e980
018ee
02ab4
0d3ca
0b1b2
0d610
08b49
0510e
0bc21
0e843
0e2b8
0b5a4
0fc88
0ffe0
0038b
04701
0c88e
0ee5f
0e7f7
06755
05df3
0d1a7
0734c
04296
01982
0b82c
0d69c
0f597
0e33d
08ee7
0c3e7
048f6
0f963
03681
04137
0b1ad
08712
0b12e
0e904
04eda
0e9fc
035f0
0202d
04893
00f8b
07a7a
03bbb
0324d
0c0b6
0bddf
0f450
0d316
06e68
08d31
04c7f
0b985
00714
0f1ba
01328
00a5b
028dc
06dc6
08bb3
00a2b
0132f
0aba3
0ef11
06f4c
039b0
0417e
0e484
0c636
08e6a
0f30c
0d99e
03a61
0c538
09a8d
0d30b
0f0e7
0b753
06553
0c4ff
00452
0087f
0d7c9
0f32c
0be57
01359
0964b
02bdc
069a3
002a7
0b94d
0863f
0908f
07ff0
0dca8
05292
03f64
0a8ff
080b9
04a66
037fa
080e8
0f1bc
068c8
0c3d5
05364
01108
05b06
00345
0f37e
06612
0034d
07dfd
00420
017f7
0e1ce
02b34
06dbf
03ebb
04424
05260
07915
0feb4
005c3
034fc
0956c
08c0e
0c7de
084d4
0a64e
0783b
0eefd
04e18
093d1
0641e
09ce6
05231
014f1
0ea25
0f16a
0393a
049e0
0013b
014a9
03bc5
0d2c8
091f6
014c8
09b44
0f67c
0d994
0dc97
0514d
0aa67
0fd61
0861f
01a22
02ec9
0957e
09ef1
06bbc
08165
08661
034b1
001a1
0644a
00b67
09c93
0f8b5
0de0e
0f454
02d96
0cd9b
0b9c8
0104d
0facf
0befc
0ff8d
05d27
0b573
03d68
07285
03b04
0c37f
0e85d
08a4b
0a9d1
0d60b
07436
04af0
0514b
0c5bd
04b06
0073e
039e6
0ef42
02a57
0ecf3
08396
0d4b6
00d0d
0f701
03c4c
079fe
0da5a
0078a
0341e
00c7d
07925
0c6cf
06aa3
03e3f
0d5c8
0d55c
0721e
036fb
04f78
039d7
0772b
08224
06a72
06cef
0c2a8
0fb9d
09156
075cb
09c15
02d09
0cb18
09b07
03cfb
073ab
06435
0d3d3
0be92
0cf27
0c26c
0ca18
01260
08c21
035a9
0d068
0bf53
09bec
0e371
07f4a
01383
0a5f2
0387e
07d7e
0434e
032f3
01367
034e0
0c4e1
034ee
038be
0aa6b
02391
0c3be
0b4ff
003c5
024fc
0dde4
0791f
09d38
06bae
001b7
03cfb
08b03
065fb
0f1f7
02fff
0c3f0
03d81
0b8c7
0cbde
06981
0e26c
0503f
08c88
0a7ee
061ef
0898e
0576d
00c90
0964a
0ca1a
06853
01b90
07bd0
0cd6b
0a107
08877
04fc8
0afd2
0567e
0d2a2
05e84
0ecb8
07253
08748
0ab50
05970
03b6a
07bd8
0e660
06cb1
0288e
0994e
04cf8
08ee3
0d92a
0a745
0fc57
04307
0b235
092a7
018c9
02869
03d05
04d41
075f2
02c5d
0be05
07125
0d6f7
0bca0
034c4
0cc9c
056f0
053a4
0b839
0f860
02451
0c212
00037
0fd46
05097
0dd26
09a28
07e40
01d8b
0ebc0
08bec
07d0d
0d27c
07d60
0da6e
0512a
04d39
01a61
0044a
0e089
03f51
075d6
0e74b
0bd75
021d4
07fc1
0646f
04097
0151c
0278b
084ff
02fb5
0be92
033f2
063b4
0e317
0f518
05547
0cb4b
01680
0a1f6
0a265
04227
0832a
02aae
0af99
0eeb6
0253b
09f14
09e87
00c47
0efc4
03884
06c9e
0e3df
06f75
000ef
03ef1
01159
042cf
0a33d
06811
000a8
0ee39
0ee29
0d344
09ff4
0ec6f
01b20
00a24
04779
0c0de
0921e
0324d
0f1f3
0675a
007c2
0a156
05052
011b5
0bf66
0c9c5
091bb
097ef
07b62
0b4b3
0884d
0beff
0552d
0a6f7
08c29
06bc6
0c6c0
04d1d
0d5b0
09591
0e974
0ab12
0374c
0c1ba
08004
00666
0cebf
0c49a
0d6de
01c98
058f6
0adc1
05272
04480
03afe
0bea7
0d2c1
08721
0ed7f
07b49
0f4f6
0eb2d
0ecef
0c869
09802
0a25f
078c3
047f9
0d351
08897
04102
0818e
03387
07713
037d4
0acf6
0aef8
0729a
0a84d
0e3d1
09de9
016ab
0fcbc
0d20d
0c776
0eaa0
0bfb2
0d8b4
0a6c0
0a5f2
0821a
031cf
0777c
010c8
03a33
079e6
0033d
083dc
06a09
09d34
060c7
0d4a1
0f9e7
0ea83
0d592
07524
00adb
0cb7f
010de
0178c
03d73
025df
041ee
0cbb8
07d2c
09c32
08c05
0238e
09d7e
0588c
0b354
0c1ea
0976a
0afd0
0b09e
0c797
09913
0ab21
09744
00fd9
008b4
06353
0a318
0b1d6
01fc5
0b115
0b62c
0acce
0f8f5
05a09
043d6
08432
0c16e
0dc96
0ac9a
0aaf6
0a998
0d08c
0412b
0a30b
09450
0eb06
06518
030a9
01f54
0c297
0f6fd
0365f
0e6a0
02b29
0afd9
0c49b
09295
06e7a
097cb
0d048
00b6c
0f6a7
05424
06c3b
02bc4
009d0
0871c
02417
068dc
06793
086bc
08fa0
06cc0
00bac
00b65
01311
0b79f
07f17
042b3
0009a
0d47d
07957
091d2
0863c
00aca
00d76
038d6
05581
0e88d
07a05
07ce6
07efb
03745
02ad9
09bf7
051c7
0f3f3
0372a
0bc11
015ac
0d32a
0b6c8
04cc8
0933f
0c01d
09053
06906
07e49
08e07
0987e
0039f
00a9f
028b3
06430
044de
0cb92
0dfc1
073ee
05ef8
08be9
06abf
0f7d7
0f60d
0c427
09a7c
037e0
09a82
05116
05fde
01a7a
0f2bd
05f5b
04e6a
0db70
02deb
05abf
0e0d6
0b9da
0fb5a
02e56
0e78d
0d6db
0e894
05578
050d4
0ed3f
0dc07
0a1a0
00daa
0f482
04d88
008ec
0fa3f
0813d
06c75
0c4bf
03810
05a22
0cef7
0584d
05029
0d49b
03e1e
01f25
0e06b
03fc2
05ecd
0dd4b
0355f
0abcd
081c6
03853
06505
0c230
0ea66
0aab5
0e731
07946
0cfa7
03307
0a00e
08393
06450
0f854
08777
0dfa3
0e40e
079f7
00d69
039ca
0ede0
09863
03790
0ce9c
077b8
0a36c
050ed
0ca78
0da15
003a7
0d69d
0793d
0b1cd
07c43
0f431
0de30
00b42
00675
06a00
0de51
015d7
09195
0b7c2
0d9ec
0aaf9
04680
07d3d
06a0f
07ae8
0af10
05076
0f296
0d435
08de2
0e688
024d7
04e5b
09705
0c9b2
05eb8
056c3
0fc5f
0bbd7
07b76
0fad0
08020
02103
0f06c
0ccc8
0db7f
0c6a4
05fd1
0f49b
0109f
0e362
06cbc
0d7cb
0ca31
0f389
0adf1
0748f
07074
0126a
0e8ed
0633b
08c2c
08779
03bd8
0d82f
035f3
07818
081c0
048c5
0a799
03172
0f3fb
03c9b
03c44
0ae07
075e2
043c2
0b8fe
08bd6
04f94
02efb
07d96
08d6b
0c11e
0de93
07fdc
0f33c
06088
01826
0e46e
0aeb4
0b935
0f946
0bcdf
02da5
034b0
01f15
0dea2
01ad8
06d09
0b5be
0017b
04f6e
0b65c
03d51
0ba52
04f0b
027aa
0e9b9
0ae4d
04aca
0fa3a
07d1c
005fb
0dc0f
05ec9
04653
089e6
0fc99
006e6
027bb
02723
05c65
0058d
070cd
0c007
0b9d1
010fa
060b9
0f2a9
0907a
0e7b4
0a03b
0ea68
0e52f
0904f
0b397
0578a
0efd4
007e6
020b0
01af9
0b4e0
0143a
0c8f8
0cd7a
05727
0b59c
0a4ef
0f2e3
0e593
0aff5
02740
0db77
0fe97
05987
07a87
02f42
00677
0c9c8
0a830
04887
0a4bf
026b4
02cfa
01a26
061d7
0490c
0e30c
05d44
0500a
008f2
05008
079f4
0bcef
03d13
085f9
09375
02450
0060f
07d57
0a54d
03f81
0bf28
02d1c
06281
0abbb
03a9a
0d0cb
071b0
0c7be
00c5b
01e30
020d4
09a7a
05d46
088c1
08f33
033ff
082ec
0a647
049c7
094ce
0de8f
0bdb9
0e3cb
04cab
02107
04af4
01e46
09c27
00841
06907
01a5d
03506
0007f
02385
062da
0fd80
092c4
0b8b3
04f13
0ee82
0ae70
00845
04c38
0aa4d
02252
05b97
0b9ca
0f076
09106
0817e
0eeb8
00de3
0785f
06db5
0dd02
083ce
094eb
028a2
01f47
08b56
0e943
02e53
01ab1
077b6
09180
00ee1
051da
0ee3c
02f0a
01999
0d972
04d9b
0e738
00bbc
044d4
0fd0c
0b8fc
020b7
0d44b
047a1
03bcd
01bbd
0e28b
0ecce
04727
01e27
03d27
0ecae
097c5
0459c
08aca
0f304
052c4
04f16
08bc0
013c8
065f1
0203a
0f5b3
07163
0a347
0e56d
06624
0fbd9
073cb
0a0b9
0ad1a
0f4aa
098ba
0980c
083d2
0bc2f
0f2a4
03346
0d4bf
0c59c
0e5cc
0aad5
007b0
02115
06ae6
0adbc
00b96
0335a
070e9
0085b
07bb5
0fff0
03cc4
07f4c
048c6
0d27c
04a31
03c39
02e91
0b9a4
07e68
08967
080ae
07648
06d04
03317
0d515
00bea
09088
025eb
0ee6d
0216f
00814
02b65
065bd
0b879
02de6
015c8
02330
03e1a
09848
0a9ba
0ad1b
0275d
0edea
05841
0d5b5
023fc
0bb74
04d4a
03e57
0a876
0696c
0a473
0f598
0c226
04f9a
04526
07cb3
0ea1f
03fd0
025be
0d05f
01658
0f26c
097f5
0b40e
0614b
0e70c
02621
0c1f2
0c4d4
0e839
0f6fd
08c8d
02e80
0be18
0456d
02406
08e06
05cfa
0dcf5
060cf
01614
01651
06a16
04a46
0b2f2
04c56
0fc6d
07703
07902
0c0af
00c7d
02cfd
091e3
0c06b
0fd46
075a6
01f7b
03623
0a9b0
0ef71
003f3
0e8a4
08e9c
0b313
09f8d
08cca
03dd6
09ae3
02cbe
05ad5
0a5a1
08ab3
0e6c4
0cf13
0d097
078b4
0e0fc
030fa
0a1d5
0b341
04b7d
0066a
08d94
0fad8
0cc8b
0e639
0fd43
07eaf
08ab8
0cf89
0cef2
0713a
0ed91
0608b
0cb2c
0b458
00c42
0fdb6
0324e
0cd4b
05c6e
0198c
07021
0c509
073b6
0b26f
06e05
01113
01901
03ef0
0a1f9
08124
0bf24
074a1
0946c
05a66
0095a
0d206
04778
0b7ca
0d18a
05e32
060c0
0f25e
0b001
0e7c9
0f11d
0d4c6
0d7c3
0440b
0943a
078af
06a83
0e18a
094d8
0c2ca
0fd95
04185
0c154
06e9d
09fc3
03f1f
0f7e6
047c1
017b6
05daa
06fa1
029a4
0faee
0cfb4
08846
0d6ba
015a6
0cf08
05e01
0491b
019c4
07932
08507
094c5
0fd49
078e0
0727a
0a5a5
0c3a0
02384
08e87
075fc
046f1
04023
04b01
034db
0dca5
05971
09568
0f652
0656a
05744
0acd4
035a2
0cdff
06060
094da
052a4
05018
0d725
08358
0801d
0aa7a
0f475
0e18c
0b2d8
032a2
0322d
07887
0d4f5
021e4
0a829
050c9
0f69c
07489
0db00
09cf6
00194
0ea27
014a3
0ff39
07482
03507
095f4
0cd0c
0a37c
0ae55
01d19
0a18c
0b311
01089
0c6e9
0177e
0c68a
097a4
05d0f
0f831
05734
06ad6
0fba1
088a8
0385a
03e27
03dc1
039ff
0f2f5
00419
0ef64
03342
050f5
0ce46
004d4
06efe
02974
06084
0e021
02d13
02a63
0a6fd
05bec
0cec2
03e2d
01184
0f4c5
0f233
01439
0cb20
0dc84
08283
09659
0f334
0382d
0dd1c
0fd33
0df91
054fd
02942
026a5
03028
02b6f
07f61
03a90
090bc
0fbc2
08b2d
07522
02a9a
0294f
003d7
0d969
03a64
0c78c
001d8
084a6
028e8
0f387
01d27
07720
0e601
0e61e
073f0
034dc
0ae94
0a670
0be37
083c5
051cc
079bd
02984
04e7c
050ac
08da9
0cc6a
0d22a
089c0
03a76
0453a
0c4e8
0c55c
07727
06cd7
0de53
0e658
047c0
02fe6
0a08e
060cf
049d7
0aeb0
07aef
09e27
0f73c
0dab0
04a2f
0853f
00e38
0e01b
0a14f
0d98c
0e03e
01969
08062
0b217
0328c
0985a
09ef1
096d8
0e60e
02e69
0ce65
018d1
0f04c
07b40
0a35f
0e454
0f9c2
08f05
01eb9
0c1e4
027e9
0ba8f
0af1b
0a5b3
0e71f
033d6
0b3a0
07f00
098d7
0b9e0
06054
01f4d
05eac
07013
01d60
0ded1
0aaf7
022f1
0209c
0ad19
0cba1
0f222
09dc1
02d13
0dde2
02eae
07e21
0d088
0e278
01fec
066ae
03696
04556
0d085
00dce
0eab8
0d43e
061d3
02805
04d12
01bb9
0e408
01bd4
07ea3
0935e
03d0c
0087b
07222
08848
0f065
05a3f
0e1ab
0dcd2
0209c
06661
0bfa7
02d04
0ef0d
0c5d8
0a4dc
01783
063fe
001ae
0f8e2
094d3
05ed6
046c2
0f389
0f48b
09e1f
0dfff
03f51
01c5f
02e6f
04fc6
0c17c
0f62c
0437c
09a76
0ad83
01bfa
04663
0388b
0747a
028a9
05128
0f146
034bd
003d8
0897b
0c765
05fa4
09e5f
01799
0a89f
0b736
09f57
02b16
0381c
060bb
0576f
0baf6
0319e
01fe0
0f20f
05f0c
0055b
039bf
0f531
0cdd3
02e08
0b17a
07ced
09508
0eed3
0cfa8
0a3e4
0c922
0286e
0dece
01413
03bd3
07461
03ae1
077a6
0a9d2
054e1
06038
06a5a
0d854
04903
0baee
0cb30
096af
0aff5
03802
0fef6
05aab
03a38
0cfff
081dc
04054
048ae
07b1b
0f976
09057
07bba
046b2
0dfec
0e1ad
0e753
0f5f9
00cf0
0c7fa
0ea7d
05131
0c5ef
0f199
0cd4f
070af
04df3
01524
0289c
05b1f
0a8c1
03a02
011e4
0cc23
02150
0f354
02642
0f4bf
07680
0f284
0cbbe
00f82
0b81e
07862
0d3cf
09e6d
09073
000b2
0850e
0c550
09ae7
0db6e
0feb8
0a049
0b251
06377
09fe8
057b6
05b4a
0ff04
019e4
059be
084b0
00ff4
038ea
03f32
04076
0802a
0bdf1
0bdeb
040f3
044fc
0e164
08797
09f70
08ed5
02247
0b11b
0e085
08c4b
0c74e
0c976
0cca8
05817
06ac0
0e550
0d693
04e3b
0f77d
04da2
0b7aa
0cca0
04544
07e90
09feb
0dbbf
05990
029ee
05779
03cf3
0a2fd
00854
03395
079a0
0dc5e
08c16
02cee
09f0a
0c428
021a5
0f762
088bc
07527
046a5
0d213
09a4a
0fc8d
09fd5
0238a
0c1fb
03f25
0d4d2
092a9
0ced8
04ec3
09807
01671
055ea
064f8
01c18
0ebbd
07179
0bbbe
02afe
05713
070f3
0111b
0b6d2
068f8
01696
05a2d
06b91
0c418
0f454
0e409
08137
05826
05d40
0ed04
07d6a
0940e
0afe5
09e70
0395b
0a559
04dd5
0b502
027ed
07248
0bb1f
001a1
0c9d0
0f548
0f2df
06f61
095f2
0706f
0edc4
0238d
0e13a
0dc6d
059f4
051e2
0ef90
09009
06468
04114
07845
0fae7
0ea16
03f55
00464
0ad14
0e0be
02c22
0ffd3
06258
041fb
0fbbe
089ac
0b201
009e2
0bee6
00d46
02a5e
001a1
0136c
0bd80
08d63
0be67
05639
0667a
012bf
024eb
0c6dd
02948
08976
0e030
01e69
0b166
0611b
0caf0
0741b
00e98
0604f
087ee
00935
0b464
08182
0826a
04a54
03c43
0f417
0cb62
0eb84
0f92e
040cb
08680
04920
0fc29
061f7
01810
0ee78
02fcd
0ad1a
0e115
0a847
04cb2
00c9e
0f108
03e00
0ea11
04726
04913
06b89
0f7bf
0a473
007d5
08608
0a009
05391
05a23
003e8
0d9bb
07c99
0bb0c
07e9a
0b357
013eb
019d3
05d3d
08fd1
06e44
07856
07743
0f2f1
0d602
0a24b
01b5c
04e41
09d84
0b382
0add3
03b97
0181d
0f496
03808
05e21
0be28
00e80
0bfb5
004f5
05935
08fa6
04c5b
0080e
0c0c0
0d83d
03678
007e0
008f1
022c3
0d65e
042da
03af4
0cc18
028a0
064d7
0bfee
00d0d
0c1e5
0b8e9
08297
0be31
0a582
0d053
003a5
024a1
05552
069b4
09819
049a1
0c5c9
00404
098d1
0a793
08507
0ee28
031e7
02e57
0805d
05fef
07041
01c5e
0a9db
078ab
078f3
0077f
028f2
06c69
0a4c9
0dc04
0458d
010a0
09b9b
09b13
0e1c9
0b09f
00f96
07aee
04fe1
053a2
0897d
0bcf5
00fdc
0c9c0
0666d
0dbe4
0d903
069b5
09970
07185
0b71c
0f1e4
03169
047bd
04189
0b956
0afaf
0b43b
03f54
0537a
0da70
014c0
0561c
0165d
03b61
0662f
05458
009f9
0a28a
062a6
0bfb6
0248f
0efac
016bd
0bcb4
007d5
0d125
07fd9
01b2b
0374e
0e6f0
06a99
0c3f0
06ebe
04407
0f6cb
085a0
019df
047a7
00b28
0366a
0b230
02c2c
045c0
0a093
09e92
00547
07d87
0106a
0c831
07c09
03a69
0b45e
07e70
028f3
08f65
07433
05b34
03fa6
0e7ca
0860b
06df5
093ae
03398
0301f
08836
0c00e
05370
03cfd
07de5
05190
070fd
0880c
0e095
0c1b5
01eeb
0c1fc
080ff
0a68a
0d0b5
02ce9
0d3a9
03f81
0ff02
0fe3b
0e769
0c661
09161
048de
0634b
0064f
098a8
07f32
054f4
0cb0f
0207b
067b1
0bc92
00bc0
08930
05ecd
0b77d
07716
0529f
04145
09a61
0d17d
0da32
02b1b
05cb7
051a8
0ea83
0a897
004ea
02e16
08dc7
0755d
0d6ec
0f735
0f395
09ff0
0fe3a
08e85
057b9
08030
038e9
04539
04f5d
07c33
078f6
095e0
01753
03490
0e2e2
0c314
0e2e8
09b42
0da8a
0f594
05ccd
08be3
097e3
0e240
01196
06373
01d0d
0605f
05943
06251
0b7e0
0df21
043d1
0c62c
01d5e
0376a
092b1
0941a
0c88c
02af6
00b09
043de
00851
057f8
03998
0e21b
0808b
04002
0d610
0fe3e
0f3f5
02c03
0d0c4
035cb
078ad
0be63
0d1a0
02161
0c5e5
051d1
07360
014cc
01407
08a09
030d1
0a637
0561e
01379
00c88
0bdd7
0b4c9
07693
0a988
0f59a
044a9
0ce3e
0682e
00ba1
0d6ca
0d7c0
00d1b
0a15c
06b7c
022d0
0f393
0663d
06e67
05f5f
010f3
0433c
05fa6
03f53
022ae
06eea
0143e
0ebc6
07b17
01ca3
008fd
05e52
00028
0dfc8
05246
0cc50
09512
0fda4
0bfc5
0b749
0c930
0a2a4
02c7c
05d4e
0e616
0f557
05e98
09869
0fbe2
0e809
0723f
0bb4d
0d2de
01d2b
0ef47
095d5
08fb1
0df0c
09faa
00f09
05ef1
00666
0ed90
00764
09058
06c7d
0833f
0bfc2
0f137
07da8
064a4
0d1e7
0a7da
0a497
0c8e4
0100f
0c658
0562f
044c1
0d927
0b507
0bc0b
0fb97
09997
02e64
0a3da
03d4a
050fc
0993c
0d334
0b984
03a93
068fa
0cf97
06155
0b2f2
0dc47
05bef
011c1
080fe
0d154
058d4
005e9
0a541
0ebe4
0b036
09b65
0e1ff
0bc2a
06118
0cc70
01264
0769e
08455
0645e
00ce1
0b1c2
0e279
0f0e9
0f04e
0484c
0a1cb
068d4
0c49e
038f5
0ae0e
019f8
0820a
07ae4
0157c
0b6b7
012ab
08578
00e26
0c94e
04d6a
001bf
031f4
086b0
0e06e
00d4a
0206f
02c34
0931c
08458
083e7
0714b
0d6fa
0199e
0609d
044da
0b0c1
0ea92
0a80f
01e01
05e7c
06f9a
0971b
0c90f
01cc4
0e541
06c36
0a6df
0e0b9
01567
0bbc1
051c2
0c48c
0fec3
0b8ba
08997
08de6
02030
08879
08596
09bdd
0a22a
03278
09cf9
096a5
04bef
0ab6d
0d0f5
0b73f
090ec
0eddd
05340
015c8
092ee
06598
03031
04649
0325b
0805d
02120
0d673
036ab
04ec6
0706a
0e9e5
06a4c
01326
08781
06e99
07d38
04a1a
0064a
087c4
05af3
0b049
0417d
0a17c
0ce5c
0bfcd
06837
0975d
042e5
0c33b
07bf3
0d4fc
0baf4
0cc48
0de62
0bf43
01db4
00437
08e45
0b44c
00020
0e479
00e6d
0d55d
0ae2e
056d6
0af1d
0bef1
07fda
010cf
07314
02101
0af7b
0a6ca
04b4b
01e82
0ed69
06043
00445
05b72
09af9
03143
01069
0f77f
05ee9
07d21
0ac11
060e6
0152e
064df
0938d
064ac
0c447
0c908
05b8d
06b91
0e48a
02b91
01551
0860a
0c443
069c7
0250c
01358
0e6f4
0c843
0afa2
072cf
0579f
0759b
0af68
0cc50
06fe2
08e93
03e40
091a4
04a71
0be3c
0d762
02da8
0cc82
060fe
0435b
09fe8
008e1
09bb2
017f1
018bb
00723
0e878
0a9fa
0cde0
027ec
0717d
0beda
07992
0bd9d
049fc
066a0
0fa3c
07e48
0fefd
02174
0b9a6
0e0fb
0b7a5
0d022
0658f
09134
01d17
0d1cf
0a78c
07227
09efc
0e8ac
02d79
01cea
00530
05796
0548a
07029
0b4fa
0adeb
02ab1
0f273
0f859
0f2d7
0418d
084a9
01cef
0697e
0eba3
07c81
03235
084a7
09347
0eca2
040aa
03db5
0ec52
02b7c
06603
0d14b
090f5
0be6a
03398
057a9
03807
0924a
096c6
09287
05728
0c187
077d4
0d786
08670
0c2ea
09b38
04e5d
05875
01455
0de2d
0fbf9
06e7b
005a0
01558
07eda
0b546
017ab
0142c
003d0
092b8
05542
08f5f
0fcd7
0aa9e
04829
09cda
078bb
0c058
0ce42
0f2c1
0c809
03619
07217
081da
0572a
0e3ac
05bb6
08c02
07584
0e8a0
0285c
036ca
0f4c8
0f004
0e53c
0e388
0ee57
061fe
03796
0f9be
0dde8
0b552
0c121
0c9e9
0f431
04851
01e48
0af60
042e6
009a4
032cf
0176d
07905
03a7e
09f65
00036
007d5
01c09
0f8d6
07651
026c1
089e6
0d28c
0c352
0f2f5
07472
01e6c
03569
0c46c
0dbfe
0c965
0ee84
0ab83
05eb9
03f4a
0a34b
024fa
0dec8
05c6b
0e80c
045a1
0240e
064c8
016ca
07330
0a11c
04dfc
09c38
046fe
03327
0bc2d
0f5f1
0baae
048ca
0db3d
071e9
08183
029ba
0c236
07e62
05cd9
0676d
02bab
061c7
0fea2
0b9f2
07e72
07f29
03801
0a9d0
0152a
03fe1
0a9db
0980a
00132
098c6
05651
05c50
0d705
03d34
047e9
0a706
01aff
01f4b
08022
0f1ee
05a08
052c5
0e945
04aab
093b7
0f2c8
0c15f
0d579
03556
027bc
0ed48
00da1
01d1b
03dec
0aa02
09797
0c9ad
0805c
07d91
0fd6d
093b4
0ad92
0cd52
09bdf
0f9ff
01e76
0fe91
0f4d9
0b037
0f1cf
024c4
0e52a
0ce97
06961
00a5d
08ea9
0bb70
02cde
08253
0a0c3
02a00
07e9b
0df7b
022cf
0ca7d
07db5
0a459
0e4bc
08f0c
0e0ab
0b2d3
01617
019dc
048b4
01136
04c48
0083e
0474b
0bb36
0a9bb
05c05
0ecf2
065b0
0c225
03d01
0815c
0489f
0a268
0defd
0a6c1
0a5c4
0ed65
05b7d
03d60
0890e
0afcc
0701d
0ef8d
01d74
08acf
0554f
0200b
06886
0b3ed
08f6e
058fe
08699
023fb
04068
006d1
0f891
0c6a7
05b76
0a3c6
07bae
06a65
09691
023a4
0ad7f
031d2
0d12b
0b30d
01c32
093ff
05f4b
0cb02
0f0b0
0daed
0976d
050cc
064b0
0d030
0bbf9
001b6
00c9b
08560
01a3c
05666
052aa
03791
01121
028e8
0c18b
0d8b8
0aec5
0a308
020eb
0458a
082cb
05c7b
01480
0dcd9
0970a
0eed8
03f16
09ebc
08e56
0960c
0af8c
0e43b
065d6
0738e
0a9ac
0f235
0065f
08351
0bf1b
0a2f5
02c82
00323
00980
073de
00b30
00ef0
0c4b0
0145b
06097
0fad7
069e1
0394d
09556
0ddcb
0f59c
0937d
0dfd9
0ef02
0ed4e
0ea66
03091
00340
0f15a
05320
0e1ac
04d4e
0bd0a
08469
0ec78
0df80
04651
09431
0c4a9
000c8
0618f
0e23b
0b0cd
09399
08fb6
0d7ce
0a07b
03c0b
047bb
0d619
00955
0ac13
051c0
0ed2a
0e8e6
05db9
05828
011cf
00efb
08fdf
09702
0044d
08e4a
033d2
0dc2f
0390c
0015f
0e739
00258
0ef27
02b7b
0d2e1
0397e
05f1c
08bda
06108
0792c
03981
0a5fa
0f0bd
0dcb6
0be34
04b6f
05055
04f95
02009
0c47e
01776
0ab60
001fc
07c2b
0a4a9
0215a
0e8c4
0c817
0e9b9
02c1a
0832a
03461
03e33
0c8c9
02e82
0ddea
048ed
08f9d
0ad96
093f0
01cb9
0520d
0fc8b
0b904
0caa1
0fc9d
07304
0ca64
0f401
0e549
07db6
02879
07ee8
0e20e
0c544
089c8
0df6c
0fa78
09fd2
0f3e8
08774
09c58
0ad87
0d9ce
0bdc0
0029a
03578
00d54
079c8
05c96
0521c
033b5
0e8d3
04b86
0b35b
0fc18
0825e
0d367
0d3cc
072ad
09987
072c8
07f34
05b1b
0840a
01a7b
0b28e
020d2
0c2e4
0c47f
0894d
078d9
045a2
07fc5
0df59
06df5
09ee3
0e2ad
01f47
0d20a
0d4ab
07e6d
0f4f6
00cdc
0d573
0eb21
0d652
0fe1d
031d8
00ac0
002e4
0695b
04600
0f636
08eac
0b686
00350
03735
04ac3
0fc32
0c700
00431
0d3e8
0422c
06e12
0b2a1
0f1da
07831
024fc
0d9c1
0c72f
0a02e
0e668
01066
0121f
09b7f
070fe
0ff83
0d957
09c12
0a8d1
0e926
0e22a
0a39a
0cb0a
086dc
04d6e
0f10d
0f0d8
09e32
0cfc7
0a7fe
06687
07a83
03dfa
015d8
0b0a5
0c5ac
06fc0
004fc
0e2af
01152
0a96d
00c3e
055d4
0c22d
08c9a
067c5
05100
0c08c
0d1e3
09214
024b3
0ce40
0f91c
03e5a
08e53
01070
04629
01dcb
04888
07848
06055
02e87
0d2e7
05683
0b2c2
0c4f8
0771c
06b8e
0abe1
066ed
03c34
0d7fb
04f04
073a8
08fe0
0bcd5
0cbb8
06c46
0e786
00d60
0dc01
04408
09106
0ee57
0b326
0d466
00efb
0406d
066cd
03656
06d00
0845b
032c9
0f06b
0a4c9
039b2
05ef3
073a4
07741
01ce4
0e659
023ab
094b2
04b11
09381
089e0
09364
033b6
0ef7d
08f84
038be
0f13f
0e569
06d3d
06377
01989
03181
02c02
046f0
07b6f
03a22
0f47c
0933c
0fd67
0687f
02b60
004b2
0616c
065b6
03ed2
02c9f
003eb
0c99b
004c1
04f31
03440
0f890
06c51
02744
0e68b
089d0
0dd8a
09e43
021ca
087d0
0dc3a
01467
0047e
0f9cb
0f6aa
0927b
0364f
02094
097ce
0f2f5
078b4
044d7
0e3db
00fd4
0a047
0356b
0bf5f
0d6ef
0d3d2
077d8
01c6d
0652a
08773
0e627
0b068
03d6a
05181
0918f
02a91
07c81
07cce
0f708
0d972
099a9
000e3
000e5
0ca6b
0bba7
03989
090d4
09072
06829
0b281
07730
0f6cc
0ca15
041cd
019b7
0d46b
02be3
0891b
00339
081ef
06cee
068ba
0162b
0ecf1
03a7e
0a9ac
0e22a
06455
01ff4
02633
08d2c
0d43f
02cf5
086ef
06ebb
096c2
0926b
06fdc
02f0e
070af
0d6ec
05d63
0b22d
0558e
0f604
09976
0392d
0bcca
088fe
0de13
05e8a
0df29
09860
0d05b
0aad1
0f4bd
02daa
0cdde
0fe65
04ab5
092e1
06a31
0ccce
026d8
05702
0dbd2
0f4ae
0a443
01ccc
06f64
0d888
00fa3
059f7
033f7
0ddb4
0a763
093ff
0d353
093a0
07552
08c8b
03bfe
02954
0c1fe
00030
00024
033c0
0fa93
0c82c
0722c
094a5
02db3
05762
000b9
0ea2f
0d37b
0c8f9
0c71f
02092
0e9d6
0c04d
0d09f
0b916
05638
068a1
01637
026fe
02a51
07a6b
05236
0a51a
05078
0f41b
0bd1c
0d2ea
0da72
0976e
0ff39
0666d
0ba05
0bc47
0a5de
00377
0c2d2
05b6f
0bd44
06743
0b1f5
04d15
0a60f
0d224
0749a
00424
0c12a
09341
02608
0f6d6
0392d
00131
0a0cc
04d58
05eb4
062c4
0488a
07474
06a2e
00b42
0efbc
0468f
0a571
0245c
07c32
02b9b
02b57
0a1ce
04e38
05046
09490
053f6
0f646
0fc4b
06331
02626
0d0b4
04d4c
0172d
07bf7
0cdff
0aeef
0ce6d
06d26
0efa2
06d46
0a8fa
0570f
0c827
0e97d
062d2
04fc0
0b030
0ec57
0aece
0ea33
03cec
005b3
03088
0cbcd
0aea9
09284
0a281
01bb6
0fb58
08c6a
0e616
0dcee
0ee3f
0fc11
0b8de
02649
0892d
0e775
0c0fa
0c963
03139
01f4b
0fe87
0d53b
0084f
070df
0f3ed
0d551
049a2
0b309
0bd8d
0e12d
0800d
01be8
030a4
011f7
0f0a7
03b57
0e715
0044d
0a0ae
0512a
01d6e
02da3
0574c
0b964
082c5
0e58a
061c4
0bb60
031e9
0d5e3
02cc3
0e754
07c7d
01971
0a503
015e6
06331
0c148
0cced
09585
04f1e
080a8
0a017
0339a
08aaf
0cb81
0148c
091e8
0160c
07df7
0e74e
0d06c
0c1e3
070d2
08ca5
0bbce
03621
086e9
02de5
098da
04e28
01ca7
08194
03d67
07442
094a4
0da78
040a8
05689
0acdc
009ae
0af55
05dfc
02005
0e968
0635a
06abc
0c15a
01f52
032f9
02e88
0cb49
0b319
09cdc
0431f
095d6
0644c
0308b
064c0
04bde
0ac75
03992
0c6c5
08b1d
0f438
0230a
0d263
01e54
0328c
099ce
00832
04a33
0348b
0ad77
0df04
0cb30
06838
0a5f2
0561b
0a820
05606
0b91d
012d0
0e1b2
04548
00988
08ba8
0584f
0b4de
020cb
0c7be
0dcaa
0bdfc
00aa3
0ffc8
05b17
027ef
01360
0a67e
04f33
032bf
0be58
068e9
038d2
00312
03e57
06224
0442b
035a7
0ab8d
04d53
06861
044a5
03975
04f8a
0b053
0dc83
0061e
0afdf
0a488
01078
09099
0d388
00d31
092ee
00ac0
08019
03e86
05deb
030d9
0c38f
0df67
0a343
0b752
0ccdf
0a72e
041e4
06d0e
076de
05dfb
0980f
0dc24
0c340
00032
0ba9e
07449
014e5
0a6c3
072ac
0aeb4
070ee
0cf1d
0b52e
0ff72
07cea
0ce06
04dd5
073a7
0bd5a
0a9c2
0f295
0ede4
0c9b9
0cfe4
065fb
065d4
0d206
0bcaf
053cb
0bc64
0097c
0bb72
055ea
0bff8
03f5d
00e38
0a36d
0bf1f
0791e
00674
01db2
06483
04f90
076b6
02cb3
0d25e
0eebd
020f3
0ee1b
00bcd
01f31
0f687
09f42
002cc
06a22
0d0dd
03384
0abed
0007b
0a45b
099be
048a6
0a26d
089af
081ab
0e421
0ed82
0b157
0c746
0150a
0d288
01d95
08d36
05e6f
00643
009f2
0a3a3
075f4
04688
01824
03b0a
00857
0df5c
05d60
0f02d
0b70a
01dbf
08549
0d9fd
0aea2
00ee4
0e35c
06f41
01211
066c7
0964b
0eacf
00d95
06a38
0f3bc
00bba
038f3
0b48b
05b72
0803e
0cd8f
0ce78
0599c
04414
0575d
09a55
0850c
0d89f
02630
0e180
0e722
0d608
02dc7
0e893
0a58f
0e7dc
077f7
0dd4c
095ff
00a97
00aa0
0d35d
019d2
05338
0fcb2
0222b
072a6
0dcd6
049fc
0d7b6
023b6
000ac
0aa71
0ea45
05f9d
0c84c
00159
0c4ac
02322
0f18a
047a4
0c357
0811f
05136
0379f
033f7
0595f
0e449
09bd1
07508
0f0c8
03e8c
04db7
0930e
0e15f
07160
03b1d
03f18
0c2f7
02391
0bbea
0f724
044b4
093c3
062bf
0a19d
087ab
0e221
0d631
0aafc
0c4ad
06d5b
0bf2b
0431c
03ed1
05d52
057c3
0371c
0ba16
0efea
059eb
0f2a0
021ab
06b87
011ea
02ebd
01610
02c77
07f80
0d8ac
05382
0f824
070a9
0e6cb
031b1
077df
03e90
0c803
09b56
07f3b
0290a
06c77
023de
0c9de
0538e
0b7cb
084a2
0a776
03544
0dbdc
0a9dc
0245c
02a37
058de
02774
044bc
02e60
08645
085ff
098ad
0ca2b
03f03
0553a
051ee
0b6cc
00878
0257c
0c5c2
0f5c9
0a670
051d8
00710
05d33
088f3
0c6b2
0ee14
0f3e4
0b09a
03669
020f0
0ba9b
0a5d9
017de
096d4
0459f
07b60
02257
0e04c
0516f
0d19f
092ec
0ba46
07fe0
07585
0dbe2
0d50c
00ef5
0ddeb
0be2b
0c456
05040
0c915
0a057
0aa70
0bd6d
02575
00e68
0259f
04937
05743
0ec45
06dbb
0a448
09802
0a512
07f29
061fc
0295b
0083f
0c3f7
033b7
01848
002ff
05b33
0d5c2
06940
0c8bc
0fed8
0d35e
02ad8
048cb
03230
0c3ca
0073e
08df4
0b057
0eb84
0a5cb
05298
0110e
05c02
09abc
04318
060fa
0580c
04a5c
02904
07738
0a21b
0bfa4
023e5
02d83
0877a
05821
08243
0854d
0e2f1
04a49
03a46
06760
0b77f
00761
0fa76
081dd
06772
07a5e
00eb3
08cad
0fdb3
0a855
04c28
0f95f
01c6c
014a6
00186
0601a
0d1b4
065b4
0976e
09a26
07997
0d4ff
0bf90
0484b
0c4fa
08c85
0509c
0e84b
0a556
08bc9
00a98
073e7
08d66
052a1
0af5b
0a20e
0c9ad
0f450
0fff2
0d320
0426b
0a5b7
0291b
024d2
0797b
09df1
01a21
0285d
0355a
09b3f
081d0
0035b
0a8a7
08f90
010c4
02b0e
04484
08611
0a94e
0ea89
04860
0ef8f
0cf6d
01243
08571
06e38
06e7d
04dee
01cb3
0ed5f
04926
0db14
0d43a
084bc
0eb9a
01e3d
0102c
0dc0b
07c51
06aa0
0f4c6
078bd
03ff6
019b0
0122f
007dd
0ac8b
000d3
0a369
013c6
04755
00fa2
086dd
0c59b
00995
02bdb
0f0aa
09997
07f1a
07e27
0ff27
071fb
0ee11
06579
0a132
0b179
032e9
0b396
09207
00012
0c024
0ed3d
001a5
081a9
05c8c
0361d
0012c
0ee38
09cb8
0d8a3
08345
067bc
0a754
0a35b
02c17
0150b
06ddc
067f3
00eaf
0e571
0d741
0c956
0a2fb
009d1
0501e
0fc4d
0b13a
0538c
02f5d
025ed
0921f
03e93
02f22
0e628
0202c
0129a
06993
08e3b
00a7b
05fe9
078df
06947
098c5
05c1e
060a9
0b6ca
0ba67
0f818
0aa2f
0faa3
0381e
00e0b
0c942
02843
0eb85
01674
04cef
08e94
086f8
0a581
0afbd
060bf
0ad76
04320
0e174
0ea3e
033e8
0ebd7
06eaa
0232b
0594e
09704
0c119
09ac0
02a4f
018ae
0fd88
0bfee
0ae7e
0bf81
0adda
04608
09c49
0031a
09c1e
0e70b
0c753
05b9d
06c52
01b78
0e939
056e5
039a5
0fc12
05f8b
076db
0d772
0fa41
0325c
085e5
048e4
074bd
0b049
0ab4f
0c53e
0466e
00442
02a67
05cb6
05e23
042cb
0a081
066e3
0dfbc
039d0
02d55
018d6
0c491
0e795
06d30
07a97
0b616
04915
06049
0db77
078eb
045ed
0e2c3
03882
0524c
0b05d
03a68
0ce1c
0a51f
06def
088ea
03b98
01855
011aa
0971f
0851d
073bf
025d7
012b9
006e9
01a2f
067c8
01a84
0db76
093fd
08371
04b53
0884d
06c33
001fb
0096d
07c1c
0450e
0d158
0375f
025b3
0cdc7
0173d
0df25
0f4c3
0e17d
069b1
06683
09dc0
0e515
00f5b
06bb4
05bba
0201c
015de
0644f
0fdc9
044d3
016c0
09b4f
008dd
07b55
0bdbc
0030d
06248
07711
0d9e7
04fd7
0d372
01bc9
0512d
04e0d
04c5a
0299f
0178c
08d64
03227
04b62
02567
0af3e
0536c
0859c
04997
00ff2
03640
026ee
08ad4
097fa
062cf
05fe6
0fcfa
049f3
0bdc7
000cf
0b122
042ab
00fbd
0bf34
07c24
0522a
0131e
0342b
06b3b
07f23
0bcb1
07b04
02732
04f41
02230
091e9
05cca
010a9
0bcfa
04f9d
09ba1
05260
0486e
07f78
0a00f
09ca2
0aab9
0beb0
0f1e9
0763e
0a372
0bb9c
0dc22
0dc2b
006d7
047b7
03afd
0ccee
054f0
0e476
02559
076ce
0e085
097f7
0881b
0d34d
03d00
0753a
006da
06b3e
00c9a
084c3
04dca
06921
09f7f
0b39a
08b63
08c2c
0042a
0462c
02287
05432
0b522
0877f
04a65
0bd5e
06431
0ccfa
03caa
0f238
0b6de
0e347
03cf4
05dfc
08cf3
0a983
0a916
0fff6
06520
093d7
0dafa
0a341
0ceb0
05d2e
0ec7d
040a5
084eb
0ad77
03e4b
08f6c
090d2
09a4c
0b7a5
0e889
0c7cc
0c616
00ae3
00be4
0aaff
02dfc
0d645
05f3b
0b908
0997f
0ecac
05828
0bd31
0802e
0ac7b
09800
0ee9e
03186
0d9b4
0f253
07411
0f009
08e01
05986
080f5
0dc19
020a5
02fc9
014c7
0c416
0d469
079ff
06b59
00850
0f767
0b3f7
09464
046b3
0be91
097af
0fba4
0588e
06c0b
0d53a
0b98a
04d3e
0fdc8
01860
0b573
07851
0037a
060fc
06a23
09f91
0a936
063f4
036b1
06571
0f76e
0bb51
0915a
056fd
0dce3
0a8ae
04461
0f5d8
06f5d
0a978
0c300
0a55b
0fc96
06bea
03779
065d0
0daa5
0c0a7
02b87
01885
01d32
06c8a
00529
0ecbd
03b49
06753
0f275
057c0
090f4
0ecdf
074b3
09e9e
04fb0
0ebec
057f1
0c40c
08911
00765
01a20
09ddd
07311
0fb00
091ed
0835c
0bf2c
0902a
00f59
0b004
06824
0f742
0d491
0fb7e
0f94b
065e9
010aa
00443
06a48
0da22
08756
0b4ae
07824
0b5bf
099b2
02d6d
054c2
00852
075cc
06433
089b0
00a1a
02bef
0952b
09157
0f8b0
01fba
0e9c4
05d97
0609e
03522
0188d
00d12
03f48
04d31
0fac5
0cfbd
075ad
08ba5
0148f
01bc7
0c271
08490
09318
03f2c
03834
079e2
0ce58
0024e
04d53
09655
0d5f0
0aef0
04519
0e3b1
024cb
047b4
008e2
09fa1
0c3e8
00773
0f75e
0c26a
053dc
064b2
0d260
0b585
09ee5
0a77e
0789c
05133
085da
078e4
0dae7
0f290
08bc4
0bbac
0fe79
095dc
01318
04550
09c6f
06c08
080cb
03f25
0401e
0a822
01ee4
0344e
05423
01cfd
02f8f
0fb37
0230e
0a254
0e95b
04711
07f02
03004
062e8
0aba8
0baa5
0223f
087a4
05ab2
0b7d8
07911
0798b
06bb9
08cf3
0a01a
0fb82
0f3aa
0cf15
094a4
0149b
08a2d
00150
072c5
05d0a
09ad4
094a4
0a960
0e9b3
0ca79
07c90
067b3
0ccae
05965
023b3
0c431
0df59
0c1f0
0c884
0d0e1
09f4b
0e25c
090cf
055a6
0a212
0bbf7
0238a
02292
036a8
03588
0bad6
0bba6
075f0
09236
038b0
0e387
0f20a
0e74a
0d8c2
0b12a
066c6
03727
028a7
06602
00add
09b23
0155b
02c80
0b00f
0c404
0598a
0f1b8
00ae3
06569
08556
0aa2d
07bdc
06310
0f761
03a50
04770
0b232
05755
0f894
0b8bb
06752
0fd64
0aa89
04df8
02bfc
00ba9
0a8ff
030f9
0a87e
0b6c3
00f30
0b779
00541
0b973
00f34
03035
0abc2
05277
0212a
0ac22
09c2c
05f1a
0e0fd
0d0a7
00b16
0d99d
0e97d
0af13
04de2
0698a
03090
0c1ac
09e0e
0b06a
01304
0c5c5
024a0
06840
09377
0fe69
0cdfa
03f59
09f96
02be2
08565
09ba2
0a438
0712f
07681
02e02
0b208
04ed4
0b40b
04c1c
04b31
0a71a
064ff
0283e
08835
0d2e6
0b0b8
0ca86
00e04
0308a
077d9
0036b
0b2ee
0b358
0e887
09d16
0e57d
02757
01dc5
04eec
08ab2
0956b
099e2
021d4
0da74
02dce
0d354
0f379
0aab1
0d729
019ff
04c67
01ecf
0a2f1
0f88a
00dec
092e2
0c2de
05ca5
086de
00b45
09fd8
0de3f
03e41
0cf0e
013bc
02332
0e682
0afd7
0fd8d
041aa
0d48f
088b5
0f179
0fd2a
0ff98
0c481
021e8
0d59c
063a2
0e2c6
03784
0ee02
0746e
0ad2b
094e8
0ebec
06afd
06242
07f1c
0f4d6
0a6fe
09ac2
03398
0f174
0640e
05e33
01fe4
0ab47
0336d
023b8
079c4
0b8a0
08a15
0490d
0fa05
0c3f5
0bfb0
09410
013f3
02b87
0adcf
0c089
025db
0bac8
06c4b
0f166
01b9e
06e01
0ba8e
00723
00e3b
0d3b3
0326f
06ab7
02108
087d2
029d3
083e0
0325e
03493
0f9ce
09a27
0651b
0407e
05d97
0f205
09503
058f5
00da6
041f9
02ece
0637b
083e0
04e2e
0e614
0d8f8
0bee6
08f1e
0902a
0437b
08767
0528f
06440
0a4ee
037d9
0f8f1
05674
0e1ec
099dd
0152c
05937
048cf
02855
072dc
03ccf
07dba
02a22
0d908
0cd92
02c1b
0b954
07e0e
0b98f
03584
0d9b0
0eef0
080fd
0ab81
0acbf
062a1
0dce8
03e84
0520d
0f9de
0bd26
0b4df
097bb
0a522
08a14
063ce
0624d
04f43
01003
005b2
0551e
0124b
0d4e1
023ae
001a8
06b73
05dec
0b6d6
07a9e
02a20
0814e
0890d
05407
015c7
009e2
0a1ab
0192d
08160
094e8
0af97
06dd2
0ccc7
09d7e
01036
0506f
0f1f9
0052d
0938e
05c2e
0355c
0b870
084b7
0df91
059b5
065b7
0c001
089cf
079c3
07b44
04bf8
0b16b
0e50c
02ff0
0091a
08caf
09312
0adae
0e1bd
0e531
0e9b7
0e8d4
0e316
092ba
0dd65
03978
0b610
06140
08474
08432
02520
07f2b
0dd4f
0503c
0a312
0853f
02d13
0fee8
03ee3
00afd
06e03
0b01f
0bcca
01474
0ff16
02395
0613f
0f399
01ca4
0c8eb
09a45
0ea3b
02e66
05e18
0514c
0aae5
0be9e
0bf63
078f4
0965d
059f7
06a36
02f80
06465
009db
0a722
0a4e6
07204
0b7c8
046c8
0de7b
0344b
0610d
07dd5
0b3fd
0aa83
00a00
0e582
0886f
0d044
03ad6
065c5
0f2f6
02c96
0e740
05469
0504f
0de24
0f385
0301f
0d454
0b22a
01081
0ae03
095e2
09340
04b1f
0427a
04b65
0e723
077fc
0392a
03cde
0c70c
0a57b
07f19
0e3a4
01d52
001a6
0b98f
0586c
01379
04505
08e90
09d05
0b147
0d326
081f6
08c43
0f892
02009
0442b
0ed58
0a39c
00745
0faa7
080e3
0b705
09ea9
0ef75
0be94
039e9
0f69a
09146
0c280
0b627
04856
0d8fb
03646
06808
0218f
0a361
01470
0d329
063b2
0f0da
06b86
0a327
0e835
0c64e
0a6c2
0bc94
0e8cd
0a2b7
0fa37
02e54
08cdc
07877
0505a
07f26
09595
05132
063d8
08db1
087aa
09112
006ee
0109c
03b68
060b7
0eb7c
0a3ba
0b4d6
05a3a
04625
0b693
07a87
092bd
09e61
0482f
00b03
097de
0bc86
0b490
0af18
09442
030fb
06060
06bb3
0fdc0
0fa08
09120
067d5
03872
06aba
06c1f
01aef
01cc3
02b84
01f79
08146
06508
09544
0b69e
0ba66
0f95a
026b8
0ebda
093e6
0a970
070d8
072d9
0cac9
0cbb7
02879
0492d
099d5
0bd45
0c91f
0f05c
0a10b
0fdf6
05be5
06908
07228
08afc
0c06c
059b0
0096d
03cf5
01de6
0d855
04eb2
08263
01336
0cbdb
01e15
0ead4
04d95
03b2d
07c05
0f5ee
0ac6c
0ca37
0dff2
08f56
00bee
0942f
0cac4
0e49e
0e076
062ed
0fdb5
058c1
061db
04578
0b66a
08f19
0e902
0c92c
0de1a
0ecc1
02d22
01d51
0524c
02ebf
0f8d9
0321a
0fec5
0f8cf
092a1
08bd1
09d48
008a2
03cb6
0bff9
04e11
0ee2c
0a828
03f64
0880e
02264
0ef56
0ca25
0bd4a
01970
0f326
024ef
0bc28
00803
0752d
0cd92
063b2
04dd9
09c95
0803b
07b37
0b0e6
02974
078fe
0c7fe
05224
06bca
0bd28
0694a
0313f
09535
0a21f
0fccd
0e147
00bb9
0940e
02df6
09c53
0a7f6
0837b
0eabf
0ced5
0fcf6
0efd9
04536
01049
080e9
0a1e1
04091
00dae
04c9a
09995
0e611
0e0cb
057bd
0d500
071ef
006e5
071f1
043b3
0f503
0330e
0a02f
0128e
02260
090ce
06209
014c8
00fe3
0c458
00ef4
0562d
05511
0ca8e
08b40
0abf8
0436d
0f7ad
006d6
0b9a9
0aab0
000b3
00722
07c68
0b73d
0c8ce
0bbb9
01a6e
006ba
09be4
0a438
0cc9d
0e1ff
0b857
061d2
0fbd9
0ef12
01929
007f0
08ff3
0f721
03035
02afb
0a280
0fe84
0262c
09e57
0f680
01473
0cd9b
0a2e5
05774
0a14b
09565
00b23
053c6
0e692
0109f
0e8d6
0ad91
0b76c
036e6
0f4eb
02340
07be0
018fd
0a11c
09af9
059c2
0c6a0
024ed
036b5
0cde4
06230
00247
08ac4
078f8
09658
08b47
0bda1
0554a
07256
08520
00679
04a42
0917d
0ab43
03b79
00f2e
0be4c
08aa1
0cfb2
01218
02dd6
07573
0b50a
05889
0bca7
0f382
05afc
03872
02749
0edb6
06934
037a8
0c8ca
06017
07283
0547e
0f2e1
055e4
04902
031bb
09972
0f6cf
06f47
083c6
0cc20
0cd9e
0ecf5
00445
01098
0977b
09e24
05861
03a76
05432
03854
061eb
09dbf
05fbd
05abb
0b808
0f342
09df0
0ef77
00424
03abf
03a15
0e6b2
03007
061de
04094
07c27
0148e
07ec2
0d099
07999
06a2f
00d0b
0b203
0c3a2
0aac8
0fdce
0d0a4
04e66
0384c
0769f
0ba45
092eb
04500
0da56
00217
01063
01376
0905a
03e63
04974
088c7
002d9
0ebda
08f87
0655c
0521f
036d7
03b8c
0de5e
0c843
0ab2c
00764
061b3
0d924
0e141
0d74e
08e44
032a4
01d44
0a11f
074e7
07043
0cf44
038c4
08d21
0123e
0f0c8
0b6b8
003a0
076fa
03ac0
02cd4
06300
074be
0523b
081bf
0eae2
05d84
0b909
0bfe1
0a2ff
039b6
02e72
09166
0a35d
03c27
0baa8
0be7f
03f66
0d059
0a82d
01134
098c7
0a9ee
0b0bd
0c6e7
02227
099af
02d6b
09eec
025ef
0bf16
00eaf
084df
02e43
094f0
0ccac
00daa
0aa56
016a3
0ee6d
