0a58d
0d5c5
03f50
0f9c1
02f86
08a6c
06d02
0fd87
0a754
07696
0bee5
0140d
02e58
097b2
0e51d
0f289
0b73a
00682
01bcd
0cb88
090dc
062c1
02881
07db4
07034
03cf4
01d61
0b848
023ba
09bd0
04d61
0a2ca
09adb
07d25
0fe00
0f912
00276
0ef65
01f40
0938b
02e07
0bb41
0bf0c
05bf3
0f35b
05236
06348
04e71
05788
03fcf
0f293
0e53c
0bcf6
04f77
044bd
0268a
0862a
0f02c
01fa6
0bbf7
00db1
06baa
0c9cb
01389
02d8e
03c53
00514
0ab5f
04bd0
0f6fa
0ec5b
0e467
0b03c
042d2
089a5
048ae
0dc6e
07b0f
03359
0988e
05134
0f2b4
0eeff
02847
0c0fb
035bb
002bb
0ab2e
06144
0eb30
0a0a7
0d142
06140
0a855
0abe5
070db
01de0
0087c
0a099
05007
0d866
0c86b
0d606
00693
0e553
0257d
0136c
07674
00a00
0c8f0
090ae
0d9b0
07476
0d184
0c710
0c727
06df3
01d72
00506
0ab02
08662
00f45
07395
03842
09f11
0d813
06fa5
046bd
09ac4
0e918
056de
0a966
08436
0ed9e
03319
0b2b2
06b7f
0f216
02442
003f7
07ee2
09103
07d15
03927
05874
04ecf
05ecd
0b68d
08366
0823f
08dfe
01b16
0898c
08ef5
0c195
06504
0ee8e
08b7d
06981
0fd04
00c85
06913
00a93
0a613
0e193
0e0f8
0b0d0
06080
0512b
05225
04eb2
01028
00fa6
09405
08df7
0c38f
0513e
0412b
00297
0580a
0fab2
08aeb
0d046
08eca
06663
0dc13
0bc17
00888
04156
08001
0c815
08e8b
06bdf
0e197
0071d
0e84b
0a7e1
0f2a4
044cb
0504b
0aa26
07590
0b464
015c3
0b8f4
0a809
070b5
003e0
0eacd
07444
07c4f
022f7
06a94
04492
09072
0cb84
045bc
001ed
0158f
090a9
04075
0b24a
0a232
088a6
0d53e
09bab
02a1c
083af
0f2c2
0dada
02557
08f38
079e7
00d49
031a1
0eab5
044b3
071c8
04b7a
0c6bd
0e0d5
01731
01bf7
08fa7
08376
016f5
09088
0c717
0b33c
053d5
0543e
04181
0eea7
02fcb
0eb0b
08302
0f85a
02fac
0b9c8
036f8
00cd7
03779
01645
0f304
0264e
0f54a
052d2
0b1ad
0077b
02b30
0f3a9
09f29
0f3f7
080fb
0e60a
0c05c
0ed10
045d9
063d0
01800
046d5
059a7
0746d
0c95d
0d7f4
08e31
0d1f6
0fc74
0ecbd
08223
00068
0b6fd
014d7
0011c
06b34
09822
0dea5
09f4d
0174d
07a67
08867
04e1c
0d0e1
02580
04b2d
0a5ae
03cd0
07240
090e4
03fa4
01a82
0d83b
0ce71
058f3
05aa3
0821d
0c32f
0637a
06a72
0c9a9
0f269
0f5ee
015ee
028e2
062a9
085c4
09074
0d2fc
00524
08a3d
0ed1a
0c069
02da4
04e27
0a380
0d69c
03908
0e4c0
0d73d
0b779
07320
0eea4
07b49
0ac3f
0707b
0fdfd
0ee56
02896
04da0
07857
0a734
030f7
04ef0
0e4a3
03f31
0e9d5
06ff1
04471
0fe51
025b4
0994e
0a14a
0edb9
0aad4
0bcca
0b191
0caac
0c462
09132
08252
09fe1
00e9a
0b5cb
0003e
0c1ac
0053b
0325b
0d193
0f6e7
01657
0f0aa
0cadf
04b45
0b3eb
040c6
0aada
03117
084e1
0a81a
01028
05908
03212
0785c
075f4
03336
0fd01
0cf22
063bb
0720b
07407
0546c
0f181
0aa1d
03113
03dc7
0b7fe
06003
04693
0faee
0118d
0b167
0304d
01aa1
04cc3
038ee
0aeb9
02d4e
03395
0a8b1
0371e
0deb1
02308
02f91
0238b
008a4
0ca60
0b61a
08f21
0c2f1
07238
03da2
082c3
00c86
0cb19
07e6a
0ceac
054c8
0d900
0ae8c
05800
07710
0cdf0
04389
08776
0cb43
06be7
0e3a9
0ce10
047f2
0f772
01766
09bf4
0fef8
02cd4
04d8e
0548a
0b20d
0407b
00b63
0d06d
072d3
0c86e
03e60
07b35
04809
03b5d
0b225
00cbb
0f843
02f17
0d442
0821a
0110f
05cc0
019dc
076c7
0a040
0bb0e
0c94c
0dae4
09a81
09ea7
09488
08036
0904a
0aed4
0d885
0be96
06883
07e8f
08432
03b6c
00f2d
092ea
0f30c
00074
0fe2e
0b19d
0adc5
06160
04cec
07a5f
03a67
090bd
00a81
00b74
01f6c
079db
0d7f1
09946
01260
0e9ba
039e4
06199
009ed
092da
031de
0da8c
06973
0530a
0079a
033dc
0510c
0464d
05725
0c552
08de4
0288e
0dae7
054b0
09d82
0127d
0a0cd
0e832
0dc9f
06357
08d63
0c26d
07f8d
09708
0b6e8
0bcad
085f1
0df78
00f7b
0b241
018b0
0500c
03921
0e730
0866e
01014
053cf
06362
0bb64
0ea2c
0e1ed
09b71
07678
059f3
04cda
0506e
0531f
05b75
00256
0a251
02124
09294
0e388
01270
03960
07ede
0962a
06619
08290
026cd
02f03
0df8b
05dbd
0449a
0f77a
075fe
07259
03e69
095f2
00ba2
04495
04d85
00716
09437
08a67
0a5f3
09e57
07255
02dbb
04535
01360
09a1c
015af
05520
00a64
090b5
0f41f
073f5
07f13
0f004
0031f
0ac35
069d6
0bc91
0e991
0391a
05531
0297c
0239d
042c6
0a964
0cf38
033eb
033a4
00fcf
0a3c4
03541
0d31f
09bb8
0a9ec
0db0e
0ac1c
08211
0b0e4
0ca94
07504
025c5
04cd2
0292c
07e28
0ae38
06b99
0cc0e
03bc4
03057
0b74b
04706
0db15
006b4
037ec
0a973
08d8e
0f3e5
02c90
056b7
0e129
0fe6e
0002e
0abb5
0d001
0be0b
0e523
0a22a
0d455
05a6a
05599
0fb1f
031a1
01424
090e5
0a6f7
0ae4c
02d7d
0aa22
0a177
0dc8e
0e00d
03931
01a9e
0b452
0cd77
00fad
002b6
07d34
03c3d
08554
028ed
00e4f
008a9
0d907
094d5
0a1ca
0c1c5
04ebb
0fb90
04c32
02683
0ba80
03d65
01060
04fa8
02081
0a491
05621
0874e
03d89
03f5e
0b980
08ed0
02e12
02321
04ab3
09529
02764
042fd
0f9a0
08557
07407
06364
06902
0ecc5
0cd78
09ba3
0d85a
0eee1
0c813
075ed
069e8
0a1c9
0e17f
0d706
06494
06b07
0f5f9
0d658
0fe00
0af57
048e7
0ecb9
0c311
0a2a0
09e04
0b8d5
0f052
07eaf
08975
060c2
00825
0f999
00e2a
00ade
0bdfe
0d016
08591
04466
04b2e
08df6
0aaf9
00d67
0e0ea
0edb8
037e0
046a5
0a279
0e5cb
01172
02a60
0eeed
0d8e6
0594b
02fb8
0762f
08fa0
04c7e
04496
01f4f
0589a
0c5fe
0fa23
0937e
0f28d
0bc22
05b1c
0ca40
0faf1
02a2a
0c347
0c22c
0aa2f
0a75e
01c50
0652b
09186
07e7c
08b80
0ab8b
03ac2
0f00c
09c28
00409
0a58a
0c838
09efe
017e5
00e3c
05255
0ac5c
0916c
02913
02484
028fa
0ba19
07f30
05911
03739
08b56
06eac
0f905
08779
060ba
0483f
09779
0266c
0d695
060fd
09727
0fe3c
02afc
0437c
0930f
0c692
0e3e4
091a9
0d7e5
07c0e
07077
05de1
098a2
008f7
04769
0ac02
01710
0801c
08589
05082
0ebd6
04322
0d108
0686f
00557
04d37
005c7
0c478
0a777
06d47
0e0cb
0490a
0dbe7
059e9
0a373
0cbf7
07a91
0ffae
032d9
0c8b6
0ef1b
0bd49
010c1
00c00
0d69a
0593f
0e34f
0e996
094e0
01a13
0edd2
067af
0ba70
0f00c
0cc4f
017d5
06cb8
0fa47
08147
0e288
0005a
025ed
06042
025e1
03a5c
09c4f
0ccc0
03fd0
0bed3
07ca9
0f0c3
083cc
09ecb
06471
0b7e3
02fcf
07512
0a512
0f91b
006ec
04d89
07f1e
0d177
0c469
05b9b
0787b
0b46b
050bb
0f6a7
068db
0834e
07beb
0bad4
07e2e
03266
05f81
0be30
0dab0
019dd
033a8
02638
08779
02fc2
0e36d
0598d
027ab
0d4af
0805d
0f140
09392
0b0dc
0f1e4
07099
09ca0
001ee
0f329
00e61
02ba0
0e4b8
0856c
07a9f
0a8e9
0f68a
071df
0bf39
09ba4
055d0
03ac3
05bea
06d5a
0a3a4
0eba3
0cc75
0edf8
01611
08177
0a15f
0c963
05464
0ca3b
0c2ed
0d3c9
05020
03310
01068
04631
0a6b6
03f4e
022ca
0b743
0ba9c
0868e
077f8
0e14a
09065
0c7f1
0d967
09c88
0302a
03327
08d62
0c3c5
0c9a7
03535
08a66
060b5
05aa4
0180e
0213f
07c47
0531e
0f747
0e274
0fce6
0601a
0808e
06b9e
0b05c
09aff
04b3f
071b5
0453b
062ee
0c429
0fc3b
0a1ba
0ef6a
0df64
03f95
0446f
0f664
08ff9
072b9
003f3
0b69d
0ccb9
0b56b
0a189
0cd88
09824
0f1c3
0a1e6
006ff
010ab
0e9a3
0ed69
0fc88
0fd37
0b403
0fadc
08cbf
06072
0ac31
03e26
0c903
0c6f9
0330f
06c17
09f1e
08d35
091bc
02ca5
05eba
06194
09ae8
038b9
08ed4
0b469
023e1
0d3ee
0b28d
0129a
0f2b6
02c06
08547
03b37
04819
0b442
0bc37
0f257
0c1d5
0ac14
0c09b
026b2
0b123
0d638
0ecc3
0be88
0b3b9
0c8bd
06522
05c9a
0073e
058cc
03564
05b59
0fe2a
08ade
02b7f
0616d
00ac5
0cceb
00304
026cc
0d99c
01496
01e88
028f3
0c186
07032
01f83
0ea0e
06dde
0dd52
0cb33
055be
0eb41
0d867
0769a
006da
04763
03c11
00a4d
01608
0b896
09355
0c5b5
0cd13
00372
0a275
0ff23
01ac2
04446
00ed3
0a25a
025d1
0deb0
045a6
0b9e9
0fa95
09ca6
0dbc4
0a077
03293
08bb9
00555
018fd
02631
0783e
0c3db
06612
0da43
0576e
0e254
0f8b8
074df
0fffc
00390
0adc1
02d82
0c701
02de3
0f2da
03761
0ca11
08a8c
08700
0de16
06686
0900e
09afd
0b7ef
0ceee
05663
057bb
0d855
03f76
0efe1
097e3
04546
050ea
0b1d9
0e03a
038c0
0fa2e
0fcb1
0b768
0e176
08c9d
02664
08fea
0eb8a
08ad5
0716d
0930c
08100
03fd5
0c2c0
00f49
065e4
0aac8
0aa79
0aff1
0872d
08550
0518d
0fda4
0232a
09dba
06571
0c7f0
0834e
0a8b8
02419
0ae33
0c425
0aad2
0a382
00c61
0651d
062a7
03148
0135e
07b46
0c2dd
0751a
0656b
0b74c
06d99
04e7d
014ff
051aa
071dc
043db
0c186
0dbae
032b2
072e7
0fce0
03cdf
0da04
03b15
0309b
02f39
078ec
0bcc6
02cb8
0e677
02b52
0f7d8
07365
0545f
0e5fb
0ff0f
0fff9
0ed77
08e41
0cd22
0ae87
09649
06e81
0125c
04113
018d8
0e139
0a7ea
00876
05567
09efa
0d1e5
0139c
09bd3
08032
0fc6b
07cdc
0c308
09b49
06247
0cad3
01253
0477f
0c573
09854
07ff4
0c2ae
0a0e3
05711
0b84b
0f4f9
0486d
066e4
0219e
07546
07b3a
08bc0
0eef9
09bdc
00a4f
09442
0e381
0815f
086b0
0377b
09c0e
03726
09d5a
0bde3
07d71
097b8
089ed
0bdf1
09486
0e2a6
080b9
0c19f
014c6
091fa
0d5ef
03945
06316
04c9b
0f20e
0b2f9
0242b
02107
03fa0
0011e
030e3
08eca
07131
0c8f1
00c99
0e245
0e744
018c1
0922c
0cc00
088ad
06718
05b6a
09a46
0c3e5
046ea
0e8d5
06fd5
05737
0f289
051b2
05965
0a802
02ae5
0d9d9
059f4
0f1d5
019a6
0fe14
0c307
0c8a9
00276
0b495
0ac0c
05dae
087c2
0a96c
0fdbf
0a972
0a8f1
0ed86
0efb9
0fd48
0c663
06660
0e7ab
00374
06356
0d611
0a913
0668c
087a2
08411
0de4f
0e25d
0cdf2
067e1
0f1fc
0f884
0a51b
0b523
0f34a
0a315
007f2
0870e
0c2bc
011d5
02b5e
066ec
0fd9a
001e5
0dcc6
091bb
06f8f
0c617
0eb12
0b5b8
0fb5c
019f6
0a42a
01732
0855a
0d3b1
0e22e
0c662
03376
042fe
01cbd
07c9c
0dcdf
0fe8a
07ed1
02d04
05aad
0884d
09962
006bd
0b79f
0abb5
083da
0fa4f
00076
0c03b
055f4
05c99
0b74a
073d1
09926
00467
08d8d
0c087
0c98f
08b71
0623a
09add
0a187
03bda
027cb
01d35
009e4
00589
09cbe
05d71
01240
081b9
0b055
02e70
030e8
02844
05b3a
0e4ce
0f5f9
03f40
0b961
031f9
091cb
01c43
0bec2
034c5
01cb2
0026c
0e1df
06cd5
0b567
04eab
09a60
04793
043d0
04af7
04f84
01a61
04d56
07c48
03867
072ba
000a9
088e4
0af80
00b95
0f6c0
06f6c
0139d
06d89
0b22e
0c25d
0b0d7
0db2a
0dc35
0e706
03c42
088a6
0ebb2
0ec98
07b3c
00446
0eeb6
07a2d
043d3
03f4c
028b5
04e5c
02887
0f10a
0b25a
070ff
07277
03cf6
0e186
09f8d
0353f
0674a
0f3b4
088fa
080aa
0f126
0eaef
05e21
005da
02985
03406
0d4b3
0e7d3
0db55
0d162
008b3
030db
0cfa6
02189
0ef42
0b3a9
02e49
04e2f
08a72
05766
0b6a3
08599
053fc
0e721
0de18
0fbc0
0899b
07b83
071d0
0782d
071f8
079ec
022d7
0ec29
0a499
075de
0b262
02780
09223
0a61d
09571
029da
0a812
0795a
0485b
0e4d3
00b23
0c776
0e31f
0cca5
08e6f
04220
055d7
02275
0a254
0a53f
038e9
04505
01384
0a74e
01e03
07a2b
028fa
090da
0f4ed
0a7c6
09e3f
05c83
09013
0ecc5
0cc75
0a7e6
01216
09de1
08209
093d2
060ce
0bad7
01deb
06c26
0e49a
0ac1f
09fdc
0c35e
0aaba
0b5e2
08eb0
0c078
001db
0a646
0b74e
02d01
07d47
0298c
0f0f2
0c98b
035cf
03c34
03b7d
0bddb
0160b
0d27f
0a957
07bc8
055d6
035e2
03e1a
0fbcb
021c0
0b1fc
04886
01520
0c508
0cf74
05da0
0e875
0d4dc
03718
03a24
05604
0b45a
03ec3
058be
07442
00a18
04d8a
08781
048e1
0e240
078ed
0625f
0f717
00e19
0adb9
0f5f3
06fa2
019ce
0a689
02200
036d9
03004
0249c
073ca
0e152
09ba3
01a21
04ea8
0a0cc
02c13
0bccd
05f8a
06237
0015e
0d970
066a5
0dbb5
076f2
03f9c
0b0aa
0893f
010d5
0e746
055e5
03691
0bc71
02c23
04823
0eb7c
0de8d
0d541
06185
08b12
0cfe8
0b171
01e31
084c3
0e2f8
096e6
00068
0cdc0
0f2d7
06fd0
02fcd
04daa
09431
03edd
0cd16
06c28
08b0f
01239
0132f
06949
00e3f
0761b
0da0e
07bd9
02242
0102b
0efff
0983b
06b0b
00655
090ca
00b54
04490
0f0e7
008f2
0dca7
04eac
0cc22
09462
0b15e
0849c
00b68
01bd7
03b76
0a174
031ff
0ae9c
091ad
07a9a
0b6c9
0520c
0406b
09ae7
024c0
01ac3
06ac5
0abc5
0f6ba
0e16e
09474
0adfc
02cb7
04120
01663
0f137
034a1
05a89
0eadb
08978
09e7b
04818
0f9c9
0e485
0ad9a
02924
0dd21
01ec8
07ec2
0a577
0669d
0ca82
017d3
080a7
07e07
00133
06d99
00827
01524
0ffcd
0aead
064a0
09e33
028a2
09173
00f19
0c6f7
021c2
046d7
0af49
00c27
08c8b
0bd3e
08fce
090ae
0d43f
039c5
0c8bf
0aeff
03784
01814
0caf4
0fd9f
064e2
03879
0a36d
0a690
0baf3
04938
0fa86
06c87
0e014
0951a
06ee6
019bb
00afb
03203
05911
0bc1c
0d1f4
06c23
0bfc6
0577b
013ce
09337
06bc3
07465
04b9b
0a9fa
0654a
02f5d
007fa
0fee9
0ccf3
0e961
07d42
05684
0fc2c
0d174
0869b
0b8ec
0a362
00e05
01baa
090b8
0d5ca
0e4a1
0c29f
0b73f
01d55
09379
0af57
04399
080fb
00374
01af4
0389b
0d6d6
049de
01815
00652
05ad7
0eed4
09d6b
03aca
000ae
09c58
02239
0e4b7
0cccd
06df5
08dbc
0f39d
0c69c
0a3ef
08e87
08808
0ea5f
017b8
0ed0a
070ab
0b00d
0b2a8
0f80e
01446
0526d
09cad
085a7
00d45
06aa4
06e0f
03759
0fd27
03f9a
01f68
09a7e
040f7
027a6
010a9
0cadf
0a666
0f576
08233
08861
0d287
0cd42
0e977
0120b
04d20
05577
00784
07c85
0cc4e
01191
06034
078c6
0c907
02c0e
05066
0773f
040c2
0dff6
08fda
04f02
08bfa
03348
02152
075bc
00beb
028f5
0c843
0f99f
09af3
09a66
03161
01f01
04f09
03a16
06e9e
0bfd9
063ce
01b98
0963c
06988
0a402
06e5d
09fa0
09072
0277b
02c51
0a819
085a9
0b772
06781
05871
0bb7f
042e2
0d172
0c88c
03839
0b045
0ddf0
01f0a
0f9b5
0b2c9
02fb1
096aa
0c5cc
0d4b6
0c934
0cf1e
00249
0ff89
0370b
0233e
0b0f9
00d1b
0e479
0508a
0e257
0e4c6
07b43
07a3e
040a0
04454
08309
0ff28
07f8e
03cc7
0325a
06bf4
0de64
0d1da
00a11
0f407
0386a
05b6c
0b32e
02ca8
0e53d
051e3
00b42
01180
09655
000a3
022d4
0a3be
02921
05468
0a252
05da6
07459
02c66
0b16c
002c1
0042f
0674b
006d5
04272
0be6c
00b56
0d321
0e822
0ff12
0eb9e
0f04e
0cc47
0c7cd
032d1
0fbec
0894e
0635d
0ee28
0f7ac
0f0f4
0e47d
09c03
053ee
0c367
050ef
05dd1
0f572
0fc0a
06e88
0586c
01014
09c43
0e7c7
01a89
07a12
048b0
082b3
06014
07da9
02bf7
0c66b
093b9
0b144
0eb55
0959c
08a1b
0c9d2
0c462
06e9a
08568
03be2
0165e
0fe8d
044cf
013db
00f7c
09bfe
03c55
00bd4
0bc00
00e5d
0230c
0fa65
03509
078bd
0a32b
001b4
05def
0d45c
0729a
01046
07da7
0fd69
02736
0edb3
0747e
034e7
0712c
037b8
03a7d
0e56d
08f8e
0595d
0091f
04913
067b0
0b26c
0d240
03bda
09dbe
07a51
0b110
05691
09108
05425
07cd2
053ec
0fe8e
0ba33
0f80f
08f75
01476
0f388
057b4
08227
0b8e6
036c6
01852
00223
0646d
0d198
0bcd0
0ca29
0789a
03507
0d817
08ae1
0181d
00255
040c0
07090
078fb
093ac
035b6
01ec3
05e43
09ee9
041d5
06fd0
0684e
04087
034f0
06aab
053b4
0cc0e
08513
06817
0cbb8
0a41f
05b76
0345d
0cb5d
05bed
08731
09aea
0c586
0bb7e
0f099
04db0
04280
0ea37
06d80
04cc5
06f56
0f7f1
03cc4
04560
06db8
08803
0113b
0b124
0572a
0e884
0c7ce
00fea
059a9
06f6f
0949d
00df2
00b92
0d158
08a86
09fd7
0c7c5
02f96
0f7be
01bdd
0b6c7
05097
024d3
09ebf
0f70d
04b42
05ad9
0cd6b
09483
0f465
0ed63
07f4d
01691
039e5
0ddd1
084a3
0c8d8
0972e
07934
09082
01cd9
08ec4
068a6
0258f
069ce
0511e
0334d
04046
0c8f4
02eec
0d332
02b09
0dcdc
06c4a
043f0
0af78
0393e
001eb
0ab90
07ed3
07230
0444c
09478
0daf1
02765
02f91
03e54
02a92
0c1fa
0fb6b
0e862
0f37d
0c248
0739c
07de9
0c1bd
04e58
04681
0c61c
03ab3
045c3
0e800
0fb6b
01ea2
05c3e
0b42d
0dd79
0d21a
08691
014db
01ac0
0dc72
0990b
0eece
02b19
0284c
0be42
0a409
0e577
02980
0707b
040b4
09c7d
0694b
0f471
0ab98
08fe6
0f9c7
08761
00bdb
00c5d
097ec
0e3cb
0764a
0ac72
0c7c6
07cc6
07723
05d61
01f4d
04374
0a5d4
030b5
026ff
044b4
0e89d
06c70
0ebcd
00f30
07474
0840d
07a9e
0ae84
042c8
06b4b
0a4a0
03f90
0677f
02451
05233
07940
045d0
009d2
01226
07441
0c982
02a94
05534
08106
07429
0dbc5
05b3a
03663
0d5f5
02db3
0fcc8
01d5e
060df
010a7
06d2a
0c125
09457
07e61
008ab
0ec9f
05a78
032fe
0222c
02cb1
03a77
0e0f0
08bb0
0be65
05b7a
0921f
041df
09c47
0b24d
04a98
0616b
0a373
024f3
04219
09994
05743
0f69f
02d01
0bb4f
03bfb
05371
010a6
0eed9
0f22b
0d695
0d4df
0bd99
0955d
02cc5
01905
008e7
0718e
00674
09e6c
0fbf4
0e8a9
04edc
07675
0936e
06407
06cb7
05d71
066af
0dfaf
02081
026c0
0354c
06967
0e024
00ab4
04913
0d19e
0f3ed
07007
0bd2a
077c9
0a1ce
05cea
0bde5
0be9a
002d7
0557a
01958
02f11
0efd9
0358e
0b5cb
06a4f
07dce
0a9c1
02474
0d8c6
0f116
0f058
07d9b
034a7
03754
0cbdc
0b047
06782
0ed3f
02711
047ab
04a70
041ab
0c15e
089e1
08253
0ba09
00798
05fc0
04c64
0bfd0
06bfe
0ee5b
0dbd0
043ba
0f6f9
044fa
03424
0dc04
0028f
00267
0df84
00b5c
0a455
0d1d3
05b3e
0f35f
05389
03994
0822f
00ae9
03b60
07e98
0cf4c
0919f
094ed
0c8ff
0ec35
0797a
0481a
0060d
045e0
08612
0c1c0
04973
0b4c1
0aed2
04464
0af07
07bd3
00510
0f9c5
00383
035c7
0847d
0c159
067e5
01c78
08dba
040d3
02da0
042b8
0fa1c
0cb35
0b9a5
025df
06fe4
000fd
0d4e7
0e729
0dd41
06115
01362
07464
02eb2
0aaaf
04da5
0b042
00bf1
040b6
0d278
0b15b
08a8c
09caf
08a33
0a4f2
0785c
068d0
0ed24
073bd
03d22
05992
0dd85
00398
0b320
06b6e
003eb
05f6b
08c68
0e1af
098f8
060b9
0f01d
05681
09aa8
0fa0c
0e4bc
06376
0e5a5
0ed6d
0178d
003ce
0617a
0d92b
0c47a
02122
00cc3
0ad4c
06a3b
00ef6
0e947
04731
0605d
02fa5
01a50
04916
03c7f
03c9f
016ee
0c032
0cf9a
00e83
04661
03f6c
0e75e
0913f
01bd9
0e8c6
0c4e6
08571
0f6bb
03641
00f9d
06854
01574
03576
0ded9
0be12
03065
0244e
0c44e
0a30e
032fa
0c376
099ea
02221
04b6f
05cef
056cf
0d109
0ff86
09de2
0c61f
01ff9
0c481
00c7b
03089
044ca
0baf6
0efd2
02887
08cd4
052c6
04877
07f0d
0ec7d
0f099
063d2
0138b
08f9b
07bc4
038de
04ec5
099b1
0abef
073fa
09153
03b90
0489e
0a5e1
01877
0016a
08158
02540
087c0
0da8b
0599a
06977
0e8a9
0e020
0b995
0158a
07e58
0cb83
03a1a
01cdb
04aab
00bb1
0a563
014b6
07607
0af03
01306
06a38
0fd1b
0a491
0f1c5
01543
0c275
0b738
0eec5
022c2
09bee
0290e
07cb0
06917
088b5
05f8a
03e98
068b0
01d77
093df
01b96
0da1e
0cbf9
03898
0bb93
0c617
0ef7c
03200
0ab39
0ec50
08bb1
06095
0d4f7
0e2fb
05754
0f37f
06ebe
025b7
09db0
02877
07782
0ab1c
02dcd
0c0f5
009ed
0c52f
0d4b9
0ff8a
0461c
0cd38
09a49
099e4
0d3b4
084a7
0c690
07a22
0d5fc
02fca
04368
03e3f
09d31
085c4
0fc40
0247d
0500d
004e5
0119f
08133
07f72
04b78
0568b
0cc65
00a83
0ffd1
06ced
07c13
0ebc2
0215d
0d5f8
073fe
07199
096ed
0bdc1
07958
06da8
0cbca
0d618
0d92c
0cba3
084e9
07cf0
05d0f
060e4
0b3fb
04dd6
0f75a
08f59
0a27d
04f42
05bef
0de0a
040d3
07f61
01b42
074bc
0b36d
05124
0036d
07dd7
0710f
0ef95
0f12b
028e6
0382b
08467
0ac2b
0909f
05fd3
09a6e
0651c
03305
07c7a
00cb8
09e71
034c6
0d71f
09db3
077eb
072b4
02354
03c88
03b8e
07ac1
0afd5
0e8ea
0427b
05356
04799
088c0
081df
0f721
02eb3
09aa0
05728
0741d
0123c
0ad3b
0bf3a
048d1
0a665
08c2e
0188a
0ec8b
05f95
0d143
0fa3c
0c1d4
0f5a4
06675
07260
01e24
069e4
05fca
065a2
06bc7
0c52e
03689
0fd7c
0a441
04bb8
0136c
00e5b
03fca
0a621
098d3
0c450
098b0
020d6
0d62e
0803c
082d8
0798b
011fa
02ba0
0161e
05503
08ce7
08e2b
06e72
0bb0f
078c9
0813b
0e5d8
000a0
065d1
05892
049d5
01b35
00f20
0c740
00a7d
018d6
09b8f
06d59
0fe85
096c9
09e8e
0c31d
04f28
05187
0793c
08d28
086b1
0ec00
0b736
0fcfa
06eb6
05fa3
08743
09f7d
03ed7
00aa6
0cf04
0b2aa
0d9ad
07d88
0211a
0812e
0dee9
00f68
03eaa
00849
0eded
04132
06acc
0b439
054c4
02cf6
061f2
0f5b9
09a0d
061d2
07e93
0c567
0c479
0bdd8
06d70
0518d
082da
05c39
00b72
05f94
07d48
003f0
0c231
01d55
027cf
0b08b
0f63c
05930
0b454
08467
0ce82
03bc1
0d4b3
0edf5
0cb8f
085cf
09ff8
07719
02036
03f9b
06bdb
04b53
06a84
0aeaa
046d1
03133
03fad
0faf7
0dd16
0e060
0344a
0892c
0c325
00db3
0841d
01daa
024f9
0616b
0163d
0e9d5
0c3e6
01fa2
0c736
0c90c
0ffc0
0f9d0
02e38
0a19c
052be
0b5e2
06039
01d9b
0f1cb
01a0b
0b9ec
0c1e8
029ee
05697
0b03d
037c4
08fd1
0e4e1
0be13
0fbc0
0a2a4
0fc64
0d327
00bb2
05f54
071a4
0c912
0ad5d
01697
05a07
0d0f9
07970
070f8
0b386
081d5
0bc6d
0e597
012d6
0ee43
0d362
00cfe
0aca0
02d0c
094e4
05c2c
05bc5
08521
0461e
094c9
0313a
036bd
04fe4
02b7d
07978
0fb15
0876e
08242
0fc96
0e06d
0ec1d
0de1a
00b3a
0e4a1
0b26d
05316
08b3e
0fb9c
01129
01700
0ae91
0f054
024e8
0c529
03a6e
068d4
0b3b4
0c963
050d2
0515a
06c1e
0ee9f
0766b
0f768
0ab9c
03c7b
0d09f
0bd8a
000ef
02deb
04519
06431
06707
08a41
0a682
03857
0e1d6
0a306
08af8
048ee
0e691
07528
03605
0ba6e
0ff57
00d87
07ea2
07452
092e5
07809
0b819
01f18
004fc
0b7d0
0ac3b
08978
08acb
045bc
0c49d
04b00
0087a
09681
0090a
0f145
05c94
0a217
0b6ad
0ea09
05a44
0137a
05cb1
0d315
0148c
0f1d1
0642e
052e5
0dbd2
0320d
0c79f
0dff1
0ba8b
0aa7c
025fc
0fb5a
0d0a4
09b2e
07e4e
0b018
0e082
021fe
04374
02a89
0f245
08ba1
0a606
06f7a
0e4df
099c0
005c6
022dd
0d0fe
0ef5f
019d4
082f4
01fef
04375
0d7c6
0c56d
03a32
09ed7
0e0ea
02683
03e64
0e64e
0fec9
0af8c
05307
09cb9
08b7a
0e0af
0312d
07898
039a0
059b8
0d127
09266
00865
06427
0983c
0d42f
0554c
09eff
07bda
08f71
0de00
0f0cc
05c94
08256
00048
05c48
02d5a
0f80b
0d5f5
0cdba
00c16
0e694
0e4c9
0f884
0cdf6
04add
089ac
028bd
030d4
09963
07c99
08242
05f19
045ce
0571b
09ab1
09c8d
087bc
076c1
0360e
0fc5c
0c0ae
05a69
03e8c
0b870
01878
0f187
0369c
0d01c
0ac75
06997
0bb3f
03791
07a6c
09c09
0b79f
0672c
0dda2
095f5
04df0
01be3
0ddf5
0d4fd
07444
0aeb0
0f188
08010
0e7df
09099
0cfcc
08561
066f6
06cd3
0dbf5
0bdf0
0418b
0053e
0455c
08303
0f551
0baa5
01be7
0560c
020e3
09199
0faab
0d7f1
0bf9f
0e58f
05308
0002b
050d9
0fef4
09f71
0429b
01de1
0da89
01a88
0cc1a
07c3f
073cc
0f998
05edc
0d86c
007dc
001e9
0a1f3
0751b
0e39e
093f3
0eadc
0c850
02a50
01bce
07392
04be0
00151
0d3d3
0bd9b
04af3
095af
05453
02454
01f03
0ecdd
00536
07bbf
076cb
01424
0eb2b
019f4
00c25
07f4e
0f6a2
05b1d
089d9
0af11
0a2e4
0933c
084da
0b339
0aed7
0ddc8
0c473
04ae6
05655
08b52
08694
0ec06
0a316
06b12
0b754
054d9
04330
059aa
04457
0e982
0e0ec
06463
08886
053e0
0d0b9
0521f
0dfff
041e5
05996
08f35
0ebf5
003ec
03195
0c681
017fc
0aa66
07330
07c15
06631
0b80a
0bbc4
03e8a
010a8
0b642
02424
0cd18
09665
0d125
0ce3e
06272
008c9
0aa4d
09a54
0a1d8
0eeec
08096
0b643
0825c
0124b
0b70e
093b6
06a20
0d253
02c03
00b93
0da6d
024b4
0196b
0f920
0299c
09f2f
0ad3f
0f66e
0750e
0f61b
014b8
0f211
0c418
037d1
0a3d9
06981
04791
0ca22
0d0ae
06a08
0681b
0d65c
061f9
0f712
08cb6
0670d
097f5
0d89e
00f8d
00bda
039aa
0a910
01521
08ed5
06eff
08521
0d08f
07dcd
04539
0b63e
0725e
09923
08af8
00d9c
02c50
022dd
00820
07e72
03712
0298d
09c01
0b45e
03111
06208
096b1
09f78
0c8c4
099e5
0a0be
0519a
035c4
014d3
0b8d0
0c1e8
00f10
096b5
0cb66
0c3e5
0a3d5
04886
00d4c
0e541
09162
09b05
0f4e6
062d0
02780
00b09
0b020
09b14
0dcca
05cbc
0f403
05074
03907
01ddf
08fe0
06d82
09e4c
0095b
04a0b
0bf6e
05a65
05722
008f4
08473
00135
05c96
058d9
003a2
0967a
021d8
0e697
01353
01950
0b827
06141
07008
0fc86
0a4cf
0b6c2
0bcea
07d28
0d25a
0a44c
091c4
0529c
0ad2b
0237a
0eb1f
0322c
0eedd
02adf
06514
04d11
0fd35
04788
06ae1
09bed
00186
08d32
040d1
0f13f
039de
084e0
072b3
0c363
08430
0b87b
0a843
0ddaa
0e8c2
02e80
01add
02fec
09019
062e1
01d01
0e1f1
05435
0c07e
0aa7e
00d75
04aa4
0cade
0d80d
0b27d
0b924
0b851
0faa5
0b8ee
02301
0f168
02950
05673
0f674
045f7
094be
00cbb
028ea
05d39
06d64
0653c
0fb7f
029da
0f49f
0bf24
03e6f
0169a
06efb
05cde
06e3c
0a611
08197
07bcb
019b7
09143
01afe
0fe2a
0aa6c
00cc5
06c3b
0f861
0d3dd
04991
0992b
07e71
0b6fe
00bfa
07e19
06b7e
060fb
086cb
0bc17
042ef
07094
093a1
07cc1
0954a
0dce5
0b126
0b010
03d76
0da69
02178
0e35c
05e7c
0c2b3
0c51b
0fb0c
0febb
0cace
0ddc0
02a3d
0a4ed
0d246
06f6b
0868c
0c3ca
0c147
0d677
03345
038ec
09b46
0532b
0babf
0dfa9
0b886
0859a
0d39e
0fce0
09cb6
08e2a
09b88
01efe
0d1f7
0ecc9
03b5b
00591
0c2b1
0c7fd
0b9f0
013c3
06ca6
0505f
04570
0c205
02393
04efd
02c96
011aa
012df
010e1
0b283
09243
08180
08d97
0d822
0a9e1
08b25
0bfd3
0868d
04106
00ae4
0e9c7
0374e
0331e
09f80
00c3e
0f7ec
0321f
00d32
0e420
0dacc
00f6f
0e631
06764
00606
0c60c
0dd8b
0e81a
06408
039f7
085e8
01af1
0c302
0c24d
0bef3
05420
0bd72
0ad6e
06fc7
0fc82
083b9
004d4
01599
020e0
00180
036dd
0bdd2
0e76d
01ec0
02c2c
0a0be
0cd49
054c5
0da8f
04896
020e4
04702
0f9f0
0b560
02946
0f99c
0fdcf
0b9c2
0a87f
00430
05f8f
09f8e
0ca05
096a7
0aeb3
0365a
093cd
00237
00933
08d06
0c195
0ac18
03a6c
0ef51
0a168
02627
037e9
0106c
0f56c
04bdd
0932f
02a96
0aece
0aec0
0980a
03fcc
00706
04cdf
0d79f
0a852
0d1ee
073fd
07c28
028cd
01b68
0223d
004a2
0c193
01341
03e94
000a8
0f200
09249
02ab6
09bd3
0fdfa
07dc7
02cec
01fa9
00f6e
0f1f3
0bef6
0b56a
0b53d
0a2ea
06cc4
0162c
09a55
07d1d
05052
09408
022d5
0394b
054da
02273
055db
0259f
085e5
01f82
0a4cf
001f2
0c5f4
0e1e6
07846
027cd
025ce
0cb47
00d15
0ccd3
0eec2
055dd
0340a
0a28a
0b980
00eb8
0fcbf
0991a
02085
06e7e
03475
0e88f
07f5b
05acd
07ffa
01835
01cd1
01599
0404c
0733d
07004
025ec
0df7b
0ea85
04288
01dea
09ece
074c9
0d915
0a8b9
04257
0b020
00845
0736e
0757e
0c19a
06bbf
0ea1c
005c2
07213
0ee44
0894b
0c4ae
05889
01b88
014da
00d43
01d5f
02e57
00bb5
0d05f
043c1
0b273
0a25d
00b13
01af6
030d4
0d0d3
0ab79
07dd4
06c9c
0498a
076cf
020f8
06d26
03425
07fd1
00bac
06dc1
03bd5
05000
0c2b5
00e41
07275
04ebd
07656
03913
011fd
0dddd
0d4c8
01a38
09fcf
0f4d5
01b1f
0fdb7
0be40
0f78e
0987c
06ea9
04dbc
094a5
0f218
0c83c
0e5d9
0043e
06e5a
055be
049e8
054b6
00096
06eb9
02fea
0d4e8
01de2
01d21
01ae4
03ff6
0d4d4
086b8
05383
00075
0ddcc
0f21a
06e0b
07e60
0d9be
0386f
0cdf4
0c58b
02757
0b3c2
00be0
039bb
009c2
012b5
0ae10
0473b
09170
01f9a
0091c
00db9
072d8
0bfe6
03e80
05ea1
019c7
0404d
006dc
0e059
0997f
0aca8
0a43e
0f84b
042b8
0cf55
0a2be
0c538
0d5b4
0f341
06043
00a04
0c69d
0eecf
0e5bd
0cb4a
0a3da
029a2
0bcc5
0bfea
05829
0c035
0d4d3
00ab0
09f24
02f3b
0edf7
01513
02d88
097df
065ea
0cab0
0136a
05f50
0edb9
07c38
019d6
0d331
0c21b
0e6f8
0ab27
0a022
018c7
0b898
07839
030db
0d43b
08e7c
05949
081bb
02fb4
0759c
0bb37
0ccbe
074bc
0506f
03d2c
047a7
06111
038b3
003f7
04e18
09d3e
04e13
0ad77
072db
0225b
0f085
0316e
06eb4
0e9e3
02581
0cdf7
02a26
060cf
07531
080cd
03163
0afde
02356
024a5
05772
0b489
072ef
0b52e
0dbac
0a76b
03454
06f3d
00122
0590a
0ab62
0c222
044bd
0b3ae
0b0e2
02da9
04ab4
0820d
098fa
0e3fc
0182b
0ee46
08496
0a34b
020f4
04180
005ac
0e1f3
0b086
01721
0b23f
0bdd9
03060
01a26
0915d
0f1c1
0779b
0bd76
05423
0c841
0f278
01057
0e994
04588
064d8
06fd6
0baaf
09948
08f8a
0bd64
09531
0051d
00b50
0a188
0993f
0fa21
0a66d
06397
0dc3e
051f9
093cf
03165
0b427
01d6d
0f267
09925
04fe6
0b8d6
07b77
030fb
06e2a
0df01
0ddb0
0e462
05531
06b63
0e8d1
0c204
010f1
06ef9
05b06
04f3f
07e98
00f26
0fd71
0fe90
0d6b4
068df
06df1
0b611
067af
0af2e
0725d
01cfb
072ef
0daf9
0901b
0c74f
0e24b
0083c
0b496
04ca8
05308
0f94c
0a83b
074d4
023e4
09355
03768
0f683
0e520
09da2
0ec5c
08faf
08ad6
0c3b1
0ca80
07373
07d73
0bd0d
08e68
062da
04d91
0e55c
06352
0a92f
06b1d
07acd
0b85f
06dfe
021b3
0ce33
05122
0f803
09089
01608
082d2
0bc2d
03540
0ce48
076f1
0e881
044a8
0599c
010b1
09e38
03956
0234e
022ba
0cf5e
0f73b
07f92
08aa2
030ef
09126
0fd86
0e8f5
071e8
0dc15
0332d
0e242
00781
039e7
066db
01d9b
01d7e
08410
0866e
0c510
05967
00842
03d98
0834e
0cafa
00615
09f01
07a7b
02f55
0257f
0412c
01add
0acc8
0a062
0d6a8
0e935
05952
093dc
03acf
0ea97
04e66
01374
09f2a
0fc6d
07990
0b418
0682c
08f8b
05ae5
0db27
02485
0cf2b
0744a
08728
0c97f
0843a
01ad1
01c5e
01d84
006ed
04e51
0377f
03642
0daa8
0921e
08277
0fdfe
0649b
08367
04030
03872
05d4a
0c07d
0b71b
037ef
02609
004c7
063d9
05b47
04365
0ab30
07301
0c794
03a94
0f0a5
03f1f
0bf36
0a6e2
021a3
0ba9f
0519c
0a92f
0e86b
04970
024ab
02451
04c76
05b3d
01135
00c38
0cf06
01be3
01d32
020d0
0fa60
0d050
04e28
05601
0cb4f
0b33c
0aac9
0ebe0
09aff
03fa9
07e05
02af5
068a3
096b6
00faf
08320
054d9
0c989
0bdce
03ded
0b190
0e9b0
0944c
0a7c2
01f1d
0e701
03ef6
0206b
05584
09548
04e8b
09d06
027d1
0bad3
07f72
0c3e5
03ab3
02e06
033c9
092aa
01c12
0bbec
0e242
0577f
04a91
08a47
0079e
0fa8c
0249f
0da30
0f9c5
05e72
0d0ac
0bb19
03932
0d486
02195
0c21e
099af
0092c
0505f
023b8
0b09e
0929e
03715
05f65
072b7
02342
02c3f
0cd30
0c6aa
09c24
0742f
0c2b7
01ced
081c2
0a7d8
0f70d
06f69
04747
040a1
078a5
0c881
03105
05718
0de7f
0ed67
0f9bb
065ec
0bfc9
01b88
0f5a0
04488
03d80
0866c
01cd7
05321
08102
003fb
0033e
01380
03c2a
09695
0f2e9
03313
05bed
02747
0317b
03215
05fdb
0d1c4
0ae38
070e2
0ea42
00b57
02fad
00896
07ecc
02de0
07261
0f587
0b3d8
01ec7
0bacb
0df1b
074e3
01e01
09566
094e3
0d315
02909
024a5
0015b
019e9
04948
01ff3
0a5e0
00073
00243
0a2f1
01461
03f75
054dd
05dfe
0808e
01671
0157c
023ae
09350
0d8bc
0afa2
0a4cb
09f14
0c737
03c73
0f083
08f67
0ff7a
0ca98
0a396
00e7c
00f0b
07e6e
08ecf
023d1
09702
022fe
0a32a
04fcb
010d6
0ce5b
09e4d
0c5f9
0a1fe
02e33
04d60
044b1
0e296
0376f
0018b
07e35
0c2cb
0c0ed
0aa96
07aab
0c15e
026fc
0a0de
06bef
0fbb7
08197
0fa2f
08a96
00455
01503
0a812
01595
04976
0266e
0181c
00e71
078c4
08029
0efd8
0c8b5
0cfa4
065d2
05862
05ddf
0e33b
016d0
01489
0aef5
0b73b
07eb2
0a473
07265
0001b
090d2
06127
095dc
06835
09d63
0013e
0aae0
0a20f
0c26b
0951a
074df
0f291
00a39
056ed
0b5fc
01eb3
02470
094d9
0f16b
04318
05598
0dcca
0e859
09035
0730f
0dfe2
0d6f3
025bb
031c7
00a76
090e7
08ce8
098c8
0aaa2
09a30
09cc1
0ce17
0f118
0c336
04d4d
00f8f
03298
07e7e
0aaee
070ba
0fa13
041b9
000d0
0fb63
0496e
01b43
05e14
0a6c8
0ac02
0572b
0c8dd
0a3b4
0b0a1
07677
00bfc
046ec
0bae5
0fef6
08f34
05740
01298
02404
0aae5
02ca8
04384
03f3d
00c15
02e7c
04b3d
068c4
0fedb
0f665
0ff8f
0494d
0aeeb
03b6e
03de7
01319
0763b
0b4ae
0779a
0fee2
0e757
0bd8c
07387
0323d
0b962
00816
03316
0f308
0f67c
02bec
03ca6
05436
0c09f
0523c
0b814
0aa23
01152
039c0
00aa0
0ad26
01f7e
0da16
04f1b
0da50
0ca0b
0e3a7
07320
07830
0dffe
07a24
06bfb
0fe11
0536b
0bb71
024c3
0d97f
0e659
06e92
095ba
01f57
09bbc
05c90
09f96
0c863
076dd
065ad
041e8
0d57f
0f3f7
0b6e5
058c9
0ad9a
04b3f
0b378
0fcaa
07726
06872
07a74
0557d
0af7c
0f370
0c4af
085cd
087b2
0685a
0f132
05de1
09804
0962b
08ecf
0c0c5
0ae84
059ac
03e84
03ea3
041da
094ba
07d49
0cf1c
00d5a
06f99
0e018
0a367
00501
0230b
09129
063ea
0d371
0c4e5
00fcb
0f03e
084ed
08ca6
014fc
05359
057f9
0f49d
0a395
01bb3
0697b
04030
0d7e1
0cf75
0db40
07043
06c7d
056f2
059ca
08ca8
0e50d
045dc
0e3b7
0fe86
05315
0a002
062c4
034b5
09e5c
0dfe8
00b47
01a48
0fbcb
0c914
0a3b4
08869
03514
03bf9
0e23c
06639
0f736
0cddd
0cda6
02140
0d6c7
03d91
0ecba
05d00
03315
09840
014a8
083d0
08595
08a93
0e231
0cec0
08f02
07765
0fafe
09585
08bca
0050e
03596
0393d
00c62
08118
051ed
08dd6
070c5
0949c
0f82a
099c7
05563
018a5
0d633
00fe6
039c1
078eb
0e77f
0b37f
084c9
0806a
0d823
0e077
0e30b
07cbb
05892
0c4fc
08e81
04a20
0982a
0a73f
090f3
08a10
0b049
0b911
0fdaa
08bc0
0ca6b
0096c
0a0da
0b0d7
07dcb
0c6a5
07bc1
0e0d5
089e6
05e6b
03ef8
0250a
0b4c5
04d02
0eb30
0221b
03681
07e00
00f1a
082fa
02ab6
00391
024c7
0ff8e
023ec
05c1a
08ec6
02f7d
0a356
0ad6f
09ae4
0ed89
0c677
045f4
0b8b4
08719
0cc5d
01e9a
061ed
01398
0d1f6
077f6
04ea9
0f930
030f1
05302
04eb4
0e069
03f40
0e3e3
070e4
0f6e3
0d9df
055c7
05b51
018c1
02bd1
0927e
07dfa
0a037
098cf
01d57
0e99b
01d9d
0ad1a
0f7d3
05a41
0826a
00979
01f64
0ae0e
0f095
03cf5
06502
0646c
0eda8
0263d
0c162
05033
010ec
04565
0f638
00db0
08903
05aec
05945
0a8b5
0f472
08aba
05db6
06300
0e718
0d4fe
05bc7
0ab6c
0c8fe
0e264
0beba
0561c
06aa3
0c822
01e97
06ad1
0cfe5
09fbc
0b5ac
083d1
0049d
08bd8
04952
0ba44
07235
01baa
07680
01e0b
0b7b0
0dfac
0550a
0de78
068e8
077b1
08066
0731b
07456
0abad
08a47
0a110
07e72
0e21c
01f93
04693
0e5ab
07533
0c34e
0c434
02702
0ae11
0ae87
02630
0d1cd
0c53f
01c94
087f9
0ded1
01eba
0707a
02f3e
063f7
0db00
07b3f
01926
09010
0b59f
01a43
00b8e
06fd9
01318
04836
01892
0b438
0584f
05cc9
09aa3
0e9fe
00e89
0316e
01d7a
051c2
0f73a
0b902
0efbb
0299f
01a83
0598c
0a0c7
089ee
0d459
0bd22
0391c
05e28
0f0d3
04687
07ea7
0d376
0afb1
0aa4d
06820
0fe76
0b061
0f56f
09313
0145f
0a4fb
00a25
0cdb8
073f2
024f9
08da8
0ee50
02e4f
00166
026c4
0a320
03a09
0dd3c
023f5
0a97c
0a02c
0bead
0414e
01fa7
0522c
027e5
02724
0f08f
0ee21
04c52
077e5
07652
0b5a8
063c9
05c8a
0d2a3
089f6
08bce
02217
0e5b3
0788e
05496
05894
0832d
0d44c
0cd7d
04a5f
0cb70
0ea74
08084
0dd5d
0acbc
0c874
0a42c
0aeda
0e54b
08c4f
05045
0760b
04851
066fa
03fc2
0b678
06fc2
03db9
0236c
07f08
06b8b
0aa49
03c1b
07cfe
066ca
019a5
0f47b
026fc
0bef2
082f4
00391
057ec
021ef
06371
0818b
0ed3f
00aef
02573
0a9c2
0f0c7
0aa84
04c1c
03ee7
0b765
00a58
0d4d9
08164
05e36
0844b
08d36
07a00
028cc
05f6f
0722f
0d5e7
045f7
022f7
00f43
04f28
0be85
0327c
02fa8
0a679
00a42
0b7a5
03265
0c129
05c05
05b99
0cf54
00f0e
05e24
0aed4
07776
06066
0ae44
0358e
04f9c
0a8f6
00d89
07b0d
02744
07b3d
0bf06
04ff4
03e18
07e6e
0b676
08ade
0c7b7
01cf3
0629f
09fab
0245d
0914a
0790d
04150
00c93
0835d
0c40c
09758
04e4a
07008
0e060
077f8
0f239
08bde
0527a
0d77a
0ee41
09bd5
04db1
0d813
0a247
0582a
045f7
0df16
00bf4
0323c
0ff1b
0eec6
0004f
04baa
04c06
0ab0a
072c4
0c9c4
0ff13
0c2b3
0a81a
075b2
0138e
07375
07e82
0b710
0e91a
071d4
0bb33
0f5ea
02e0d
0e737
0903f
0618e
07a7f
0826d
0a78d
0ef38
06fe4
0ff1a
0139c
06d4f
0e3dd
0e33a
0503c
0671e
01892
0853a
031bd
0de89
0d651
066c6
05ef3
0d567
06c29
0aa4c
0158f
05975
02053
0acd9
0965f
0e187
0f859
0c6a9
009e0
04fc4
03fb3
07b1b
0de9b
0555b
013a2
04b23
05fc5
0189a
0e430
07b72
08146
08649
0f65e
0dc8f
09cb2
070ee
0cd17
0a0f6
0a581
0dde0
0bbb6
07f18
0f217
085ec
05dcd
04c44
0621a
0debf
00c2b
0b996
05844
0c945
0c03e
04378
0e485
0c2dd
030ae
07153
050fc
08091
060b9
0ffca
0c321
00469
05863
0adb0
0dcb7
04004
0a1b1
005d1
011f3
00b46
04ae9
0cb77
0e091
06aee
0baaf
0b757
0c7e5
0e21a
090d3
04fbe
09151
0b45d
02d6f
0f061
0df1f
06b51
0cb4c
03759
0f3d2
0fe04
0daa7
005c6
0f0ce
02d32
015ba
0286b
007de
0a686
0b73c
07b50
05867
09b4d
072bd
0a5e1
0fd92
08d6d
051fc
074ea
02e66
0342f
0cb11
04fed
004a3
09860
0853a
0728a
0e44f
09a80
0d9bd
0d2d9
0d678
09be6
049c9
0eb37
0a03e
0d4e9
0fbde
0e0b5
0f592
0ad34
0ea46
07a44
0ab0a
09541
0024d
0f9a1
01b3b
050e4
0e696
0bdf3
02535
0c8f5
07f2a
02045
0286f
01198
03504
07858
0e7d3
0e643
0f9c3
0aebe
072ce
01f7c
0a979
05378
09b60
039fb
0135e
0fbf9
07c6e
0456c
00add
0a022
0aa22
0d97b
062e1
05609
01b8e
007fa
043ff
0944d
01e51
090da
00493
0d5dd
06747
0f751
00a44
0288b
025c7
0adaf
0be49
08914
0f97b
06282
00c6e
0217a
08908
0ed0c
0300d
07b13
0ff54
0556d
0fa1f
02317
0f6fc
08813
025a2
06de3
07126
08f79
08289
0cc7b
0a79d
0512b
02d6f
03c10
0bc5e
091b0
09076
0339b
06f08
02b95
07051
0f68f
0ae7f
04ddf
02bee
03849
099d1
00ff4
06559
00819
0435d
01cae
05ef3
07986
08d96
09d7b
06228
0c2fe
0ab8d
0e9bf
01e0f
0a9bb
0a857
050bd
0fcbe
0e19c
02db4
06fe3
06892
0d336
02790
0f119
0701d
074ae
04ffe
03aa4
0e16f
0e5c3
0f35c
0f68a
06280
0dc53
06c3e
0d237
0b6e7
0d5f3
0b95f
0b0f4
0d826
0d24c
0bda4
08952
0917c
0b2c3
0219b
090a7
07891
09110
0fe88
04ca3
014e1
0e5b3
0b9c5
0ee40
0f49d
04ca6
04041
0b080
0fa7b
0c678
06b77
0998b
09798
0f00c
034a2
07da8
0879a
0a83c
03859
03cf6
07cd8
09a55
0412b
04c88
001bb
079d3
06393
0240b
0ef1e
0d28b
0892c
0bd23
067f1
0fbb5
0807c
0dbbc
0cd05
04468
0f3e9
035b9
07144
0d02a
0d414
06359
0c5af
0fb81
01491
0b8c5
0a824
0b4e4
0a1fa
0559d
0bade
0e777
0941d
0097d
03f7b
042bb
0e701
09dbb
05cf2
0639b
00249
0343f
0f81e
08d0d
0125a
05db5
0778a
02ab9
08cb5
085b0
0e76b
0186c
0574d
03257
07f67
07fc2
0ff95
0ca22
088aa
0c676
04ac4
0af76
08e11
01bc8
043dc
05484
09a7d
00868
09af5
092dd
01c95
01454
09c64
0cd18
076e8
05fb1
0fe0c
04185
0edc4
051fe
037cc
019e0
0d07c
02a0a
020c8
0b7cf
02f2f
06c68
083c9
064ca
001aa
08efe
09f61
0c67a
0e61c
0e6ae
0dbf9
04cb0
08396
0a6e9
07a50
078b2
013e8
09b70
06339
08b49
04430
04410
09106
09622
0810a
09d6c
0e21e
06326
0045a
0b7bb
06900
0a9c6
09a57
0bf6e
0f06a
0b0a7
007a8
0d3ff
0bff0
02c75
0b024
078d6
067cb
070c4
00550
0590e
0cdbe
0f3f7
052ee
0b9f8
05065
0bcb6
09bd3
057c3
006cc
0782d
01eaf
0ea46
0ddef
09a4c
0e972
008fb
0247d
0c834
01e9a
025c4
073b0
08156
0130b
0a79e
00405
033b2
09d22
0b43b
087d6
07b6b
06130
0e813
00f9f
08e11
0f855
0bdda
03909
0d38d
0da78
0e158
0d0eb
031ca
07fc6
0e5bd
0150e
08230
06cba
057d5
0a333
0a877
0da03
08418
0cb6d
029e8
0d1f9
07571
0cefd
04815
036aa
0efd3
077e4
0af16
09478
0cf18
01939
09975
02208
0452d
0248e
005c1
09054
0cde4
0bcf6
0fd09
09e4c
02ff4
07779
0fc2f
07359
03fec
06160
05309
0df83
0d033
0d428
0e52b
055a7
00dbd
00b3f
092bc
0d2f3
01e49
04c33
0c14b
060f9
04c38
03692
01f74
04f4c
0115b
0270a
09150
03d84
0e56a
0e6b4
0ff69
037af
0160c
010fc
0cda1
0a8d0
06e6e
06c82
04646
08d3b
06b69
02df4
03b9a
07895
0abe7
042e7
08bf0
0088d
0c009
07a0a
0a2af
0e5d1
0197e
0704e
00d69
06fe3
0fc37
0e90a
0bcdc
05260
0b0dd
0a34f
00350
0265d
05589
03679
03cfd
0b443
08cbd
003ce
02b6f
0fa15
0cd09
0875e
04834
013fe
0a492
0d8b2
072d6
0153d
06574
0b133
065fb
04ebb
0da93
05a73
0336f
08fbc
042a3
02a1c
06616
01792
0909d
02341
061f1
05b94
0ab91
017e1
0a827
0b8d5
0507c
06dd4
03a4e
045a1
06711
0c517
0cc61
02021
07e35
03340
076d0
0197b
08972
097cc
0c937
07a8c
0d22f
031dd
06be8
0a5e1
0cfa2
06db1
03719
098df
0d7eb
0eef0
04cd8
003e6
0553f
02c66
0ed59
07490
0b51c
057da
076b6
0f4fc
0aa18
0bb40
0b418
0ad54
0c48f
01b6e
08a53
04cb4
0a4e6
01cfe
0bed6
00da9
0245f
0cafa
0171f
096f1
0eeb8
05dce
0a759
084dd
0bdb1
0b494
01f7c
0461e
0fca1
0a213
0d4f1
02224
0f534
07f3f
07c84
0913d
0e411
03ee1
0c5ca
0e474
0f117
0c6b1
04195
0a5c0
005ab
0d75a
048bb
0f851
0e436
00b73
0c65c
09aeb
038fb
09c1d
03198
0523e
070fa
05cb8
04f28
00636
0076c
0e8e7
09517
0324c
0c4fc
0e445
02fc4
0ef3d
0e373
0cdd4
05287
07a27
0951b
0a9ea
00e98
0fb29
014b7
07e28
012ab
05d92
04dc5
01a4e
0328b
0a210
015a8
0f25b
0d61d
0a4f2
0f228
0a8fe
00984
02ca9
025d7
0d513
02e8d
00884
0f0e7
00021
049b2
0a63c
0006c
01d31
0ddb1
02f7a
0dcfb
05840
0c3e8
08848
0158c
0f3a8
0812f
07d4d
000b0
03538
0b7ec
01528
05c9c
0a3d3
08339
0f00d
03428
0c172
06b5d
0ec87
0fbd5
01586
052de
09988
0b4fa
065d8
0a780
02482
0623a
01bfc
01132
06913
0dea7
0ebe3
0a923
0c09c
0f405
066bc
0730d
01b49
06545
01265
0b2a6
051ce
0a130
0bf30
0a854
06fec
023f2
0ac34
0388b
099f3
03610
02897
08232
03172
036c0
09d1b
0c231
0d786
07b25
03dbb
044bc
0c6fd
0263d
0ec9b
0c02c
0cfd8
019ce
068e7
00949
0f8dd
0e69f
0642c
0ecc8
0639f
0b7d2
0fdea
06ce8
0cc7b
0cce4
0b847
01aff
00a8f
0d810
0657c
0fad2
073a5
0780d
01928
02a5e
09f8e
0662d
0ba02
08b6c
0384e
0c765
02a0d
0bcf6
0f43b
0aad0
063fd
0dfe9
0b3c1
01e6c
0b84d
01e1a
0a8fb
093e4
05bed
08ec2
0fa98
074cf
06b87
08afa
08afe
08c33
047d9
075fb
0b867
0024e
060a5
01da1
017b3
0543f
0da38
0d280
0bdf2
0d1a5
055d3
08a5c
0015a
0f523
0f76d
08a1c
0381a
0f87d
07cea
0fc7d
0f46e
04e66
018ff
023d1
0d9c6
06918
0601c
01104
0ab17
099c5
04578
0dbac
09603
0ce1f
04056
019c5
0d2d6
081c1
0b40a
0f0a7
09248
061e6
00600
0cdff
0ca1b
012e1
024a7
0b68b
015b6
0096d
0e55b
0f1f1
0d41c
039cb
0b170
0b460
00461
01280
07cd9
06a8d
02511
05a7f
0cb46
0d2de
01403
05ade
0c126
0ef5f
03d48
03bbd
07637
09a25
0554e
0e33f
0cb84
07449
00d68
0766e
09383
032cf
07eda
056f4
02e25
01825
05ba9
0af6e
066e2
0e701
0d5e5
09fc8
0b0dd
008dd
0781f
0580f
07180
02197
01fdd
04023
01e49
0b2a4
02543
08a99
08fc2
0751d
008da
051f9
059b4
0e788
0037f
05dc9
04335
02fc4
032c0
0252c
07549
0c6ef
03562
0787d
09eca
0c059
09d4d
0b878
076b5
0121b
09b73
094a1
0c2a8
0fc7a
09921
07e07
0f9f4
03cbc
094ce
0869f
02fd4
01e9b
05728
0eef8
0ab9a
0222b
0159c
08001
0a88d
0cbe8
0f0c3
00681
0e7dd
05bc3
0d61a
0c3a4
02bf7
0dc28
06c30
0b1fc
0475a
0edd9
0c64e
0cb40
0e248
0467a
07a23
0867f
0d2e2
0d184
0f3e8
0471e
08625
05ce8
0e293
0ff4d
0fcd9
01b1d
04603
0789b
04536
0ef6a
0f4fa
03507
05622
0c579
06db7
04b76
07467
05d93
0f5c9
08ed5
0de14
0623f
075dd
0ce59
0bc95
0ff10
09192
0b511
0732c
0b2cc
0495a
0a469
0e503
0d3c1
00f81
0ad38
0b845
0b060
077d1
0d33c
06499
0dd72
022eb
07e15
09067
039db
05542
02354
0801a
0c9fd
0fd23
0a405
07eaf
067dc
0df82
000a4
08e95
07c8c
05de8
083f0
05ca9
06271
0fc03
076e4
06750
02ee3
06964
0f3c1
06b86
00ad0
0fd71
0cd76
05787
047f6
09e3e
01bab
0052d
0e146
01fd1
0e1cc
005c3
0e99b
05b40
0947b
08807
0a188
05bfb
0f3d4
0a428
0edbb
0fa1d
0a08d
05bca
00ec3
094ce
0e63b
06a40
06aa1
0dc9e
0a1d0
07c4c
0c198
040e5
07791
0d039
0c77e
0eb97
08d8b
085d9
0e3b1
0d70b
0c068
07ebc
0d801
04325
053b2
060f4
01907
07d7e
0b104
07227
07d18
01e2c
04661
0e2d3
072c7
0b1d4
0681f
0c50f
0b94a
0927a
0b0ee
06e40
094ab
04c70
08e46
0b119
0c1e4
0c841
0d61e
0dc3d
04884
097d8
0ee5b
092a3
06de9
0167f
0ccf0
05bbd
0fd44
039b4
0f32a
062d0
02158
030ad
0795a
00892
02008
0c3f2
045a0
0137b
0cee2
0b8a7
0adc5
05e44
0a2c1
06cc0
0ec19
08f5b
0d73b
08200
078d8
05516
0125b
04674
0041f
0469e
05774
04233
0c3af
0e404
0f54c
07eab
0bfec
0765e
0183d
0cc74
0030a
06e67
05410
0a7a3
09815
01333
00914
0e3fa
0ac71
0457f
0495b
0953a
01eb7
000aa
096b6
0709e
0d786
01158
0014a
0c82d
0d5f3
08013
029a1
019b8
0c37e
01cf4
0c80d
05539
0d6d1
0b055
02216
0ce48
04f89
08256
001bf
0b7a2
0901d
014f0
045f8
04006
09579
06e5e
04a70
05148
01872
09231
096fe
00702
01f4d
0d8d0
0c1da
08717
0b554
01d89
07105
0ab64
0907f
05a03
041e7
08296
0f44a
034aa
0fc88
06fc0
0ef69
00b3e
0c32c
0831d
00261
07d84
04324
0a394
05f1b
00e39
0baac
0fc3e
073cc
0fc11
0b8b3
0a9af
06169
03e89
000ba
0da05
03bf1
0296f
06180
0c844
06672
076af
02093
05588
00c32
0f2b6
00854
00f8d
0d712
0b205
06073
0e9c3
02d64
06f58
03424
05c30
04579
052d8
0475b
0863f
028ef
0c6a1
0b63b
0d212
07790
031ee
0f10c
09d51
0a768
0912e
02ddd
0afc2
0d349
082b7
0c59b
0202f
0cfdc
0f1f3
001a3
0f313
01aec
0da6a
04b26
06e51
00e83
08342
0209e
075a3
03ca6
0778c
0395a
09ed0
0a2f5
027ea
0c3fc
0b266
0698e
0a21f
052d3
0081f
07900
03959
05c58
035ca
01a2c
0296e
0f9a1
0efc5
07da2
0f0ba
0188f
0dc1f
0a0c6
047c7
0c6ed
047fa
0b663
05cc8
0cf99
04169
01cd0
079c0
0f7e8
07497
0b80a
0c6a9
0406d
048c3
0539b
09989
06e3e
060dd
05de8
024ae
085b7
0d0a0
06f26
036a6
0640b
03a92
0ca5a
04255
03262
0ea7c
0ec9f
027bc
00d14
0c8ec
095a7
004d3
033bd
0606c
0c70c
05e24
00ef7
01349
0df00
02237
05418
002cc
07cdb
0ec7d
048f9
0c91b
0a8d9
0cbeb
0fcab
0b9ac
09bb4
055aa
0401b
0d614
03c74
0cffc
0cbe1
08a9c
093de
037d9
08500
0590a
0cecd
0834e
08f55
08592
093f4
00277
0fbde
061e0
0d40a
07d5b
0045a
0591d
05ae6
0f6da
0095f
03605
05335
04f77
05974
02b46
0d302
08876
06250
0fd40
0d0a2
05efa
01c50
0b294
098b4
0cb5c
0504a
02e8d
06654
08c99
053ea
02f2d
0aa22
048ba
0b30b
03e22
0f70d
0f071
067ff
0d68d
0094a
0c759
03d2f
0933b
08bca
03b9c
0bae4
0e298
0b267
092fd
0cf13
09bf7
067ba
09da3
0ce16
0b295
0f367
03108
094a8
0ac0c
00fc8
040ec
0e88c
02605
0f26b
065f3
0d445
0bf25
0712f
02d52
05cc9
08696
0238d
0a7a6
0a05b
05d55
01017
0591f
046b0
0c3b6
08408
0103e
08ddf
0c25f
05126
00c04
073e2
001b6
008f6
0a03f
08f29
0636b
0fc11
04cc2
0a293
02b49
02713
09236
06984
0b9b8
04680
0cc4b
03612
003ce
0dc76
0bacd
01fa0
0f028
0cea9
01a9c
0c655
0ac20
024b0
0688b
0dc9a
0a6bb
0f6b6
09c07
005c2
04c50
0790d
00ca1
09a34
070bc
01428
064cc
07cdc
0ed2d
035ea
061b7
0e48b
0c0d9
0ce82
0b3ae
0dba6
065eb
02188
048c2
09eec
0a949
09eb4
0f960
0a7f9
024d1
058ad
0bd38
0ff58
0f13c
0675b
01970
0c284
092d6
08049
0843a
04451
0c6bf
061e1
09c68
04f78
0acb0
03f02
0f3e4
0c255
0db96
00e37
0bb10
06d47
014e8
0c4ed
09680
028e0
0a962
0a1e4
0cf0f
0aa55
06add
0ac09
06f0a
02e68
0e6a4
09366
0929d
0236b
0a9df
09883
06c7a
0b52a
0cf5c
077af
0f1df
04b1e
0dfe7
0d07a
091d4
00ef5
0cc32
0ef27
0250b
02d29
075fc
06a42
0aef0
0d36a
0c244
0ec49
04b9b
09c88
0e333
0b61e
09c86
0d131
0f679
0994e
00678
0dd9e
0f8fb
00b28
01e1f
0bdbc
0c211
0a66f
06de2
00bf0
074ad
0968d
001ab
07f18
0cf6b
0db81
0b717
0ce21
099d4
09514
0bc5c
02dac
03ffb
0c0d5
0d2b1
028ee
0e317
03393
087ba
0e83a
03ddc
0b044
06835
0f849
088df
095a9
0dbaa
0eaa4
0cb61
0f9d8
0f5eb
0b373
0e836
04de6
00695
05447
0d97e
032c4
07c42
02c1d
0a522
02876
0b224
0d788
043d7
0d418
0d695
017ec
04c46
01311
06e9d
05888
07a4f
09b75
0683a
0b1de
09eb4
00795
042c3
0d312
0d8b4
0bfed
0be63
0e664
00ed1
026e3
0bc09
05a71
07995
0ac78
0532f
01b08
0183b
03d2d
0f09e
02e10
00fbf
02812
06a1e
0d3e1
0b95b
0583d
0092e
09750
050e3
0c079
00c24
0ca9c
01b5b
03faf
08b0b
0e475
0a72c
0028f
063ed
0ef32
04de5
022b7
0695b
0d26f
02810
06c1e
0e5d0
04604
04b72
09233
0d123
00ff4
09727
0e233
0c5c8
02761
0966c
096b9
0d18e
0a1a6
05bba
0ab5d
001bf
0b439
04711
0596b
09972
07ad8
06ab8
095cb
07ba2
01308
07d0c
05d13
0e739
03d44
00188
0f2b9
05a65
0f987
0ec4d
04f37
0dd15
095df
0374b
0cb87
0cb62
062bf
0013d
06407
05371
0aaa1
06de8
01aae
0fffc
0bbbe
0025f
00f62
09b92
0b636
01704
04145
01c3a
03443
0c6a3
04949
049d5
0589a
01c33
02cff
0d4a1
03a68
0542f
084b9
0743a
00798
0bb32
0eda5
0a000
08cdd
0eae7
075f7
01ce1
0e817
06e2a
004e4
0de69
08baa
048fe
0eee2
0fc6c
09331
09f55
0eef0
0f349
0c697
0177a
05b9d
0c9a8
01f78
0de46
0d923
084c8
04b3a
06181
06963
01ce0
048af
0a759
087fb
07554
08bb8
0dfbf
0e8e1
0d930
0925c
0d790
0f872
0ab06
0a89e
040a1
073cc
0738d
00157
04d45
0a9e7
061b2
07322
02078
03388
0fbce
0758a
042b9
09235
0bdfd
09f86
00dba
09604
01324
01fa1
0ac67
0c889
00b0d
015b7
0f7be
0d70e
03fb9
00a2c
01c1c
0a270
03793
086d1
0d721
0a3bb
098db
0f612
0a67a
0ed01
05327
0a228
0d464
0f62f
0012a
07eec
067e7
013ff
0f4b3
0d574
070f3
02785
06f29
0befd
080a4
0c36f
0a4b1
05af6
01897
032e7
09879
06b32
02d61
06640
0b1dd
09fad
0242e
054e4
06411
095ed
031d9
09b62
0533c
01103
06c21
0da41
05c35
0b067
09969
004b4
0114e
06e07
0e0e4
004dd
0d947
0cc7d
09422
0bf41
09196
0719a
07004
0c676
0829f
090fe
00786
04ba0
06aa6
0e4f2
017aa
0e44f
0dc3b
01b9c
03457
05739
0b1dc
0ac08
0b795
06bf5
0f66f
0f433
0d5f1
0cfc3
05143
0b922
0a9be
07a4e
0eb4a
00c21
0184f
00a3d
05231
009fc
09331
0c81c
055b9
0e2e0
0766c
06bcc
0f6f1
069be
0d5e0
0051e
0aad8
024c3
09e70
0d3f5
0ba95
037e2
09249
05acf
0d99e
08e68
0a53f
0ab1c
07bcc
0c878
00170
0aed9
0efd6
007c8
0c9a9
094b5
0df42
06c03
0a837
0efd4
08de8
098df
0a41a
00440
0600a
02a3e
0724f
01b3b
05f3d
0cd08
0f3b3
0c7c0
00941
033b4
07d4b
01915
02562
00653
0f4b2
07def
06e37
0a453
0060f
0f7b6
0ebee
0bf87
002dc
06190
00bcf
01aea
0edc8
0cfc5
0350c
0bb3d
0543f
06e62
0dfc4
07f1f
01fe3
0d19f
034e9
03b1c
01f77
0aa9b
04fd1
06adb
0b0c6
01d09
075ec
0a189
08633
00d02
07710
0467f
0ed23
081eb
06c95
068d6
09ec2
08a77
06c3b
033e0
093e3
08b29
01246
0c771
01ee6
0e507
0bdf5
078f9
0f3da
046ba
02e86
05649
06127
06d83
094bb
08eed
0dace
07173
0097e
03303
03d7e
0fa9d
0cdaf
0d0f2
0a4ef
022f1
09dd3
014e0
0ad85
0b614
00c62
0c4f5
01790
0d473
05124
08c90
05395
0a3cc
0dbaa
039a6
096af
0f1e9
07ffd
05881
0f650
06a96
0899e
04bca
0c83d
04ebb
088a8
04dcc
08fe5
07c4d
0dedf
03746
07741
02c0d
0cdb2
078e4
01545
03897
0f296
01dd4
0e0d1
0381f
0c69b
01bb1
05787
0cd7e
0e2ec
0dba3
086f7
0bf7b
0729f
04d9c
0cc49
070ff
00a12
01f4f
0e3ef
07dc1
04ce5
0c0f3
00a48
0504d
0f8b3
077cc
03eba
00bba
0aa84
09d78
06889
057d5
0b487
0cd5c
0b735
05b9a
0df1c
07247
04c2e
022a6
02314
054dd
09f7b
0a67d
03ea5
0cfae
043c0
0b183
08ef9
00cc4
035b3
0caed
05ca4
0a863
052ff
01445
015d6
0c2ae
083e0
0cb6a
0b4e7
0de94
09f84
0b119
00349
0aee1
0b8eb
02872
07aa9
09d6d
0a8c3
0b2c8
0d3c9
0ea7d
02c46
02fa8
0eb4f
0e643
0e515
0304b
0c1db
0ac22
09eb6
0a4de
080cc
00671
0a927
0d278
0642b
03070
0e9aa
03941
07322
09aea
0122e
082a7
083b4
0db8d
00145
0c43a
02f5f
0cdc3
09e5c
0ba07
0cb56
049fb
04745
0123f
09099
0fc9f
0bede
034ae
00f9c
0636e
0d971
020d7
04c72
0d148
0cea7
01838
05844
0806b
0a79e
03992
050ba
0055b
0dc02
04943
05ee8
0bb1a
0b8db
0a37c
0cf9f
02647
0dab6
003a8
032ad
0d7ce
01113
0a405
0487b
093d5
0e301
03607
024c4
0f167
055ae
06cab
00a56
0c3c1
00a37
0a02f
09182
05ab6
061c0
070e2
053ca
00bb1
04050
0d080
095de
068cb
0addf
0c556
0760d
0875d
0cdba
0fae0
099e5
0f70c
0b90e
01fe3
08f59
0eb6c
0a25e
029fd
03dbe
00878
0557b
0c697
08278
0838d
005a5
000dc
0a20d
04d0a
00d55
0d6f3
0aff2
098cc
0d2ef
06a7d
03e12
033dc
03c9f
0d69c
0455f
0eb2f
0ec05
03509
0e0da
0a44b
053c2
02d61
023b8
0e5d7
0c128
08c3e
0959f
0f232
065d9
0d578
01d12
0a6c0
04627
03e71
017a6
0878b
0960f
052ba
055ce
0da23
04855
096ee
0f059
013cd
0ba69
08d0b
0a47f
00954
082fd
0b21f
0be6a
0e1b5
0212f
06ef1
0da86
0fd9f
0deea
0bfba
04a23
02034
0702d
0be68
014ab
063b7
0505c
0c037
04c00
0e4df
05a42
0ac84
0c682
09874
0ed4d
06c63
0567e
04c2c
0f860
089a6
0a545
05adc
051d0
0fc8f
0a602
0dcab
0f81a
026cc
09c5d
01e11
0872d
0ddfc
05e58
02da8
0448f
06f85
03d14
0112e
09579
0d864
01982
0d88d
0c8fe
03498
086dd
042fe
0d693
0e3de
0da24
00d23
0fd5f
0b000
0ccef
090d5
00fbe
0d0b2
0af62
003b7
0599a
053c6
0bfc7
0e90f
03ab6
0103a
0032c
05175
00c7b
0ccdf
0da33
011c4
0f3e4
097ce
0261d
0e18c
02c50
06744
05a7d
0dd7d
0a335
011f8
02529
0aa86
095c3
07b2b
08c9d
0469b
02348
03c52
07525
0b264
0125d
03570
02879
0f6a5
02592
0a624
0f37f
071bb
0f44a
01abc
0a126
09061
09cb9
0088b
0401a
0d2ce
061fc
08fea
0b2cf
0030d
0ed32
05141
0a16a
02a8c
0a1bc
0728f
09e45
06a9d
04a88
04181
09838
07094
0373f
0aa93
0e471
0d074
02324
07d7d
02ad6
08d37
0bbd1
0bbc4
0581b
0d6d1
0fabd
0b981
0c5ad
087b6
0c52b
04af9
01c5b
0652f
04e43
005a6
0054e
00714
058c1
0abbb
0c47c
05c84
054e8
00780
09c9c
05556
0d163
0093b
084e1
0b951
031d5
013a6
037f4
0d9fc
04f0d
0b183
09a88
0f662
0370b
0a2e5
0a8dd
0c32c
0fa7b
066af
0d4bf
07df6
0846f
030bb
0b03f
0101b
03b4e
001f6
0ac67
03d35
08071
09eb6
0969a
0656d
01c28
071e7
0b3d3
01576
08959
01987
03fa7
00655
05b1c
071ef
036da
030a1
0862a
0f3ec
0dd55
0cd9a
01283
0b09e
0f226
0144b
031db
07b53
00d4d
0c388
02ccc
05cda
00b60
06a64
01992
0589c
09ab9
029d3
0e4ef
025a2
07dcd
0f3fe
0ce25
0ebc4
000c7
0c158
0e618
0162d
07a24
0ae28
0127c
08d4e
0ce1d
060ac
05d85
05f47
01401
015bb
000d3
0f2e6
0415a
0d794
0bc20
0db85
06e50
090e0
0e709
0edd1
063cc
0356c
0b210
0caec
0bff6
05318
0a5e2
08e0d
06460
002de
099e2
0b5bd
02a7f
0b842
00aab
01f42
00f49
00a0e
01e98
0824d
06032
04534
08b40
015b7
04217
0e139
00e03
049b5
04ec1
069fc
02407
0c06e
0d2aa
0a869
074f4
0e62b
05a83
0eb15
0ec61
07fbc
06009
08c5c
0aca6
0c70b
0aec9
0da94
0d77c
0489c
01a04
024c3
07b94
01941
038f7
01a02
0eae6
05fb7
0dc62
07234
018ba
0e114
0ec38
08495
0d5bc
09cf3
0dd76
04502
088f2
0a3f2
029bf
0fd32
0408d
0b9b4
06e8a
0cf1d
0c7ea
0b747
08205
0bcd7
0773b
055a8
09f1c
0b222
07a27
0f07e
03969
02c68
078be
02885
00aab
010c9
0cddf
089c8
09fb3
0a282
0a0c7
06d2c
0c2ce
0defa
0c51a
026d6
047eb
029b5
07c70
0227e
0b3c4
0510d
0a2cf
084cf
0c1f3
0495c
0ad77
0fcd0
0eb67
07359
011ae
02a41
0ef43
0234b
091e5
03db9
0d69a
055b7
046c2
0ec58
04cd4
054bd
0c44a
02691
0a49f
07e51
040b5
0e166
0f4f5
0313c
03b16
0d57c
05d1d
0194c
0a647
0eca4
052c3
0fb21
0674b
01cca
0dcb2
0a22e
06587
05f55
0f9f2
020ef
09c54
042ad
0d25b
03dd8
0815a
0c1bc
01618
0f010
0e402
0b79e
008da
010fa
0dba4
0fcb8
00516
03c87
01d95
05fbc
098f4
0828b
0bd50
0f1ee
0fc87
04c10
09ed2
0d332
0e053
08fb2
0fde9
0b350
0cb2b
02184
0325c
0a6c2
086ec
0ef0f
07118
0329e
0a505
0fb36
03e6c
04d88
0f24f
00272
05728
0f98c
07670
0d9a1
01cf4
0508a
0c5fc
05424
0916b
04a29
09fc8
07d0c
0afbf
05862
00ccf
0d073
0c504
0982f
0fe1e
0ae10
0a614
024f0
0de5e
05aa3
0c2c5
02074
00ba9
08cb4
0f859
00399
0f026
061d1
04456
08991
0474d
0043b
0eac5
03fb0
0b54d
05a9f
0360b
0f6c9
0b12a
048a1
043af
07466
02b6a
065dd
04ff7
03e57
06ab6
0568f
0ad43
01dfa
0f0f1
0128d
03ef5
0b7d5
0ffb0
0f9b9
0a01f
02dfd
0e65e
06f04
0c949
06ebd
048c4
00cee
00319
02d25
08ef7
0978e
03fea
05d95
0041e
09aa5
02772
09da3
088be
052bc
0220f
02e73
09cad
03c29
06502
0b73e
0c1fd
05a6b
044bc
0d060
07d7b
018b5
0d43b
0479b
070c6
057e7
0030a
0a6c5
06ca1
0ec2d
0c900
0392b
0a4ca
0f230
0a343
06783
0f145
0973b
07b8b
07534
08105
02224
04579
0f5dc
0d5fa
02bda
0f68c
0e25b
0df7c
0b656
0325c
03599
06c85
08901
0e1c7
0f1c2
0553c
030e1
0b5f0
0c8d3
06157
0fb53
0266f
0d532
0cdf6
04927
07e69
07c46
03b07
0fcd8
0ea53
04b74
0fd2d
09968
05229
05b4d
01044
03190
0515e
0324c
00b92
06b24
0fa21
0b76f
07ca2
08825
01cb9
021ba
04ca6
0b195
0a85a
0daac
00af7
0b5b0
0062d
0ec89
0ea50
07730
0c852
067a2
0b08b
0dab2
03706
09706
04be7
08915
0b9ff
023ae
08d75
0c906
05ae9
07dd8
08e73
0457e
0ba21
09a26
06bda
06ea2
03f8d
0d0e6
0cddf
0bb5c
0efc7
0e9e5
0d1e6
06387
04b23
09db3
05f46
057ac
08661
0f0fb
09aae
01ae0
047b5
0dd41
07e31
006b0
07d17
0ad50
0185d
0f75a
0df34
0b447
031a2
074e9
006cf
0d7c1
0a5c6
009e8
0880a
000d5
0ddc8
08b4c
000ec
0d62d
03b24
05b1b
0f4c2
06c77
0d105
06353
07a10
0e1b7
05f78
0b4d6
0784c
0a429
0f9a1
029cd
09cd8
0d9fa
074cc
030bc
0fe3f
0e348
0c83a
04126
0f016
09cb1
0920a
0230a
07889
0b4ec
0181a
01224
0828b
0b023
0b6e0
0ed8b
0671a
0b2d6
01034
04ae9
030c8
009fd
07c52
004f6
0c57e
02dc5
0f49f
0b2c8
0e2cf
02d6f
063a1
03e9b
06d14
07db9
07dbd
0c95e
0609d
0ed91
08d3e
07207
03ad2
056aa
0112e
0525e
0b63d
03149
03c98
080d2
0d66c
08209
06249
0d38b
0f85c
09ce5
096ab
052c8
071cf
04293
05ed2
0f46f
06d77
00758
09f61
079eb
05edc
0dfa1
0f747
03ead
01560
0b6b6
09c26
070bc
046bf
074af
04924
0b2a2
08a7e
0b50c
0624e
0b8af
0acb6
06d16
0211f
0674b
0847b
03453
0c06b
0d40e
05942
022db
0be2d
0c3bd
05c1d
046dd
08f07
0d269
0ac5a
02324
0ab68
07f5a
01f3c
0812e
08b38
0b4d8
0621e
018a2
0bb0a
0d2b2
0983d
0bbf7
005ee
03da4
0aaa4
06efd
0419e
07b05
03505
0d9ff
03a85
0a118
0f926
0adfe
05d94
0b8f1
0a4a3
051c5
0062b
02fd3
02d70
04313
0bbdb
0fa2a
0f747
0505e
034e0
04d23
00282
00dc0
050ea
0b370
0fd46
0a8bc
0196f
0fcb1
06fda
00381
0081d
0f180
077bd
0080b
0511c
00b99
053a7
0599f
083c1
0e3ff
07c5c
04196
071f4
03896
098c3
04e1f
07d18
0635a
036cf
0aaee
02ff0
0ddac
06068
0e563
043b2
0773c
0edaf
0afbd
0e706
0f9f9
007d7
0f44f
0e4a0
0aca5
02739
08501
097e5
07c97
0cd47
0458b
0254f
0848c
03775
0ded3
0a23c
02922
09a66
0b7d7
042d5
0f003
0a1cd
09ffe
08d11
08901
057dc
041b4
012fa
0aad0
03d19
028d7
02b3f
04f1b
09852
0f8c9
09501
036ba
09c32
08f1f
0a0a5
0bf29
0a807
03a1b
04449
06769
0b2c1
0ac09
09ed8
02b9d
0b3e9
06545
08b34
0daa8
0b307
01c2d
00693
0da56
072de
00734
08247
071e7
0c3d0
0c006
0f5ec
0fbec
047aa
05b4d
07858
06b59
08f08
0836d
06c4b
01de8
03ab6
01767
0c81b
0247b
00829
00cfc
01138
05685
04dc4
0b8b6
02ce0
01e70
082f3
06e91
0a50a
0588e
02b50
0cd41
02e01
03466
00be6
0272e
0766f
086d2
0a518
051fb
0ad8e
042bc
04797
0816b
0f9aa
0f079
0932c
01a8a
068b5
02b35
0a130
09093
0eac7
0675b
031dc
042a2
06ba6
03da2
021fa
09193
074aa
0f4f2
0edba
0eaf5
0f9e2
06664
0bcda
00338
0fd4e
00caa
0bb53
00450
0edf0
0f76a
01d95
0113e
0c7ba
01d34
03603
0ea92
0cdc6
0e21d
0522d
0332b
0caa0
0d56b
0d1f1
0e459
0fd69
081ef
04a71
01f46
09af2
08a95
0f344
02033
04f81
01437
0c094
07269
0683e
05fca
011ba
09715
0dab2
035e2
0249d
08a78
0c39e
0a0c0
05b96
0c02d
0b7e4
0a14c
0856d
01497
0bf11
08c4e
011e8
07b53
0a1c0
078ba
0e7c5
050ff
0f7f6
0b2fa
0eb44
016ba
024db
0adaa
0fbe4
02807
0b3a8
0b289
06329
020cf
0dd16
0d523
09411
0f9a3
09bfd
0f7f0
07a6f
0ad8f
0f7f6
075a7
00fcb
083a8
0161b
0d1e0
0f756
0cc55
05696
08d76
0811f
07704
003f9
045cc
0a11e
0d3e2
06fff
0ce10
0381f
0261b
0255d
05c0a
02272
095ee
0f21f
052ad
074c5
02890
03bcf
02f29
06b8d
0911e
04894
057ff
071b4
09473
0a9ae
063c6
06ce5
0c432
0eb55
08275
09b09
00caf
0e375
04b87
03528
0f36a
0e2df
0893a
04fb0
0bea7
039d2
05701
07576
01e28
0db3a
052dc
05f7f
0014e
0eae2
0dfd2
0375e
0557f
012da
05c7a
09f2d
0f9fa
0f280
019ab
01112
0cb3c
039da
02961
03052
0ae91
09d28
0d409
0574d
05e8d
09005
04bd6
02c36
03b1d
0a2e6
0e336
03c21
0b5d3
00aae
0a1db
03e1e
04c04
03fa2
0dd99
0a342
081d2
036cc
04ff1
0c230
0e908
0c8d9
0171e
06f1e
05ac1
077a5
03184
0ad00
0b6c6
06bb0
08611
08976
0a1e7
0b195
07f64
0b7a5
036d4
03b40
0543b
04299
0cf54
0272e
07863
09a03
0e705
0f65d
09e5d
010f4
01faf
098ce
09e65
0f59d
05307
0af07
05980
08096
0cd95
04fde
0e4ac
03e67
022aa
0ba61
00cdf
0c259
05d3c
0b56c
02691
0a5e9
01ef4
0e101
0bfb4
0ed4e
0d70a
03134
06997
012d1
05372
0466a
02f22
03afa
052c2
0dc41
040a5
0e676
0cfce
0855a
07f90
0a2de
0c052
074f0
0ab50
07000
03ef9
0e997
0d4a7
06e7c
0d163
049ae
0dab6
0495b
01c22
08ba4
0b863
0d040
02748
035e8
09322
03264
09918
0883e
035ae
08f60
0046e
0c0b1
0f099
0d165
06070
0583b
09041
02397
0a028
03ee6
0df67
03fee
09b72
09dd4
0bf1a
00575
07c9d
0a656
01768
0aff2
0ae4b
044fc
0345d
06b37
00006
0f602
08216
014fd
0b573
05d29
0f6fc
048a2
0cbba
01f8c
04a8c
051ee
05b20
05fd3
06fb7
061cb
08766
0e28e
06f80
0f0b1
0585d
0a51c
0059a
0556c
072af
0a022
094ef
0d1bb
0fc9c
093f4
09895
0ba00
06143
0b292
0b00d
021ca
09704
0a6b6
02307
0ef0b
02e28
00ed8
0f8eb
08990
088a2
073cc
0a772
0187a
06cab
06ce0
0fd9e
0b02d
04d97
0b50d
027a2
046e8
02ce5
068b4
09521
03c6c
06681
06011
001ed
093e9
0687a
09b90
0226d
0bb63
0a232
0ce12
0cea1
020bb
053ce
08a2c
0e8a8
0ea15
0897c
05302
0a9e1
0dadc
077c8
06f62
0ba6c
0b395
02911
07e24
004f5
04dcb
05e85
07594
00af8
050f6
0f569
03eb7
0d12d
0916f
052ec
0b083
0e868
02e9b
008ce
00ebc
0a16a
0cbc2
0ec4a
0a878
0d4dd
01f03
00c96
0fb4f
0c778
05e4c
0bb7e
0534c
038ae
0e1d5
063f7
05ca8
0fbbe
00198
07427
0b066
0266a
0cc20
0890f
0f4be
0b54e
004d6
0a184
01b76
06437
0b99d
07d24
08153
0c2d3
04f17
00949
0ad36
07425
0d88d
0e6dc
0c0fc
02c7b
06ec7
00116
0c9da
06805
0dd6b
0f16c
0ab51
04047
06853
059ff
0d559
05672
0cc28
05be7
0f5c3
08046
0e6b9
0b194
0e343
0e1e3
08c0b
0060a
00293
0d5be
0cd91
00710
0d798
022dc
0a318
04714
01967
0eeca
0dadc
0836f
084ba
0ab82
0d955
030b4
0251f
0f66b
0e9f3
04f4f
01e14
08c74
04b67
00a11
0cedf
0950e
02b0f
0a339
0bf69
0b029
01c5e
06759
0446c
03173
02e7e
0f28f
07e3c
0042a
09266
0444e
04bd8
0e531
0c24e
01502
0693a
09b65
00813
05547
029ee
040dc
023ab
08104
09404
05f88
0abd5
0f366
0e5a6
0c8ae
00177
0a80d
06f15
0531e
0b1bc
086fc
07ddd
05645
0d753
0df51
08214
0c6a2
09cae
03912
0b25c
0f2a9
0491e
09576
0acd5
034e2
09e51
0b1ad
08e3f
0911f
0e2cd
033b0
0f93d
00949
0dd42
0f7d7
0c773
08f18
0691f
028fe
0f17e
01a8a
056ba
0fdd6
0061c
04bfc
052a5
03585
03e33
0a494
0ef9b
0ceee
06471
0c95e
0ac81
07ae7
041a8
0624b
0ca0b
052a6
081b3
09dd9
06cfe
01b1d
0aae2
0ebb1
059d4
09bdd
09f30
08ae3
07556
098a4
00f54
0a93f
05054
06eef
06b2b
04d1a
00350
0c940
0c09a
052d3
06869
0e1e3
02014
0d795
01230
0b348
0d18f
04f72
09eeb
0b698
018d9
0d198
0c1b9
05dc0
0d151
0d2bd
0c1ea
0f733
0bd55
01270
05550
0cf37
0912c
07760
0e637
0e134
02a48
0acba
07385
0a531
099fd
016db
05a98
0699d
0e9d7
08c72
07466
0cbaa
009cc
0a0e8
0e67f
0ddaf
09c9e
06011
04cab
09e6c
03464
0c51b
02da2
0af9d
0f6f4
0eb94
08ae5
07b60
0666b
0d44c
02b45
0374f
0de6a
08007
0ed21
0bad1
052a6
0de33
0da4f
0801c
09ce9
01266
0659e
04171
04646
06c48
04a17
053be
011b0
084e8
0feb7
0fe1f
0c9b6
0eda4
0006a
0ad78
06acb
08399
0efdc
0c815
02a93
09fdb
0c5d4
0d3d1
00438
08e46
0a008
01f06
0c624
091a6
0e8ea
09150
071ca
04867
0892c
0367e
03cfc
06a2b
082fc
0bdca
0e0b5
0b267
050a4
0b24e
0d8fc
09031
08ba1
06c5c
03fc5
018f3
00231
0d881
0a43c
0da05
0ba52
0bc89
01456
06b33
01c97
02f14
0f7df
0a89b
0ee94
0c27b
031b4
0d937
0104f
0acef
05d68
01a54
04421
06e98
08992
08215
0d5e0
08422
035be
03084
0956b
050c6
0e269
00b3a
055fc
04878
0aa0e
0c3fe
04ce2
0881b
03d5f
04b0a
0f463
09dfb
001fa
0818d
0263a
0bf93
0dc08
01a98
0d6b0
0ea12
0597f
0a02b
0353a
01fbe
06b50
03b8f
097bd
0cda4
0db4d
075c5
0d0a7
01224
04854
0959f
029ac
096d8
04900
074f6
07072
0d300
041e6
0d92d
05aca
0c63e
07af5
03b99
0e78b
07183
07b6c
056db
017cd
0dbbb
0a45e
0ecca
0762c
08f4d
0dc5c
0cac8
097f7
080d1
008ff
0b295
09d7f
0a658
0a70a
06f18
03f78
078c8
0387b
0b5c0
09633
09bca
0ec23
061f9
081ed
0e4c7
0f59e
0dc1e
0157a
09de3
07b61
0f03c
030c3
06322
0fb2d
0740f
05e9f
02e13
0aa3a
0f126
0a76b
057cf
081f7
096a6
08a27
0ac6e
0dd76
083f7
003a4
064ec
08c37
01f67
0c177
00d08
0672b
04a13
000ba
0c101
0fd83
02b49
0377e
0615d
0eb34
0bccd
0fffa
0a5e3
073a0
05083
02ee9
05f1b
0660c
0359e
08c2a
0c192
0a845
041ee
0c208
00674
0589c
01cbb
0aa54
08249
083cf
0ea88
0e9eb
0b97a
0db73
0ebcb
00830
0183f
08069
03f77
0e990
08c68
0ee4a
08da4
01cdd
0ac11
0bdd4
0f530
0d212
062ab
01882
06c74
006d5
0a5d9
08c6f
0eec9
00775
02d54
019c8
0fb72
0ec0e
05042
03dc1
09268
0a849
0876f
0e9aa
0d55e
0efeb
06fd6
0700b
0d0f9
08fae
080e9
0e43e
0cc5b
047f9
0637f
0d739
06f1b
04468
036d8
0cbb2
0c440
0790e
04210
0098e
01fcd
00a02
03ccd
0f9c4
06242
0168d
0e1a8
0be43
0287d
054e0
00281
05c47
0a973
0b58c
068a6
01f09
04a7c
0e32d
09964
0400b
0d33d
02f7c
07e97
08ee5
03bdc
0ce9b
07437
00253
0f7ae
040f9
00fa3
06b0e
01e98
0312b
00812
054fd
036fe
0b57d
06cce
08b2d
02812
0db9a
0b280
0a304
0475a
0a3ee
08d67
08a2a
0e962
08682
03f3a
0c8e0
04f68
06a34
09301
0683e
0f857
0b8b0
0b4d9
041f7
064c1
00bca
0d41d
05fa7
081f5
0ef26
05551
05543
01c0a
07fed
031a0
09d11
0c7e8
03110
030d1
02841
0fb76
091aa
04eb3
02622
0b11b
020e9
0234e
02c28
03707
07e59
0e80d
02eb1
004d0
06882
0260c
037f9
06e5d
04302
06462
0435a
0d0cd
037e1
0285e
01d20
0b9ce
0e496
006e5
0e629
08c01
04df4
0140e
00bce
08679
058d5
0712c
07093
09f0a
08bb1
001dc
068da
084a4
020e3
09b81
030e1
0dcce
018b6
0d7d7
060ac
0092b
067c0
059cf
0ecac
0cd0f
00f3e
01bd4
08efb
0f0f3
043bd
080e0
0cb33
02fc9
0fd66
05da5
0bd03
07a74
0c5bf
0a1d4
0fa7a
02cfa
060ef
09fd1
07b34
015b6
087f9
06662
00e55
0654b
0bb37
0a019
026ff
0ce4c
0ee5d
05083
0b177
06a8d
04f9b
05ec9
04e34
0915a
0e499
07a49
0240b
09d67
041f1
0bc85
09b61
026b1
01c5e
053ba
0bad1
0c748
0e7d7
0f342
0842d
0633c
0e343
02548
07ae3
05523
0278e
0654e
02a24
0b9ea
0b347
07d66
0e6e7
0b365
06a39
01027
0e5fd
04d6d
0ee7b
03041
034d3
061a4
0c59c
04f66
0940c
01771
07a49
04b71
0db44
00c78
04df9
0df3c
04016
0af86
0ee4a
0f88d
0e898
0f323
0577a
0b358
04121
09338
06b48
025cb
03c78
02526
0f1c9
0b14c
0343c
07a2c
0587e
0c036
083a1
0c081
02ef5
01716
05204
0e0cb
061fd
042bc
00b19
0746a
01809
07b1c
062a3
02d9a
00361
03a61
08270
00b83
03432
0bfe8
0c3a7
03e3c
0d453
06dc6
0a72f
094ee
0cb59
05f16
0ab52
0e18a
0fcb2
086f7
085c6
0430f
0ba80
07adb
01d71
053bf
08a97
0f299
02573
08e84
06e24
02097
0e271
00283
07d18
07522
022e7
0ed21
05d7c
05280
0a3f0
0af98
059f8
01245
05ff1
007ff
0b4a6
08d97
0a3cd
09cb1
0384a
07ad3
0920e
0689f
09907
0c663
08b8b
0cc19
090ee
09df8
04c8c
05f7f
0f9e4
0ad3b
0f642
0ecc2
07a8a
022cc
04354
085b7
088c4
02b0e
07c76
0952e
09a43
09959
03f90
0128d
002b0
05e78
09790
0675e
0dd0b
0cc8a
084d4
0be5e
01d7b
0abab
0ce11
07e8c
08f99
06065
07502
05cf8
05b8c
0b1b4
0facc
05590
0924f
00ad7
08395
02307
07a6a
0d4d2
0162c
03727
0ba9e
0f71a
0b41c
0d795
01afc
02f5b
06319
05492
0594a
082b4
0f58f
0f9dd
050d3
01ef9
0468e
0bf56
07ad4
0ec02
063d0
07ea9
0a261
0de54
030f3
0c9a9
037ed
0b0ea
02af7
09430
019cc
0a878
0bf04
0c8b8
0b502
07e27
09f13
0cf40
01dfe
09da6
0bfaa
0e5a2
02776
0c176
0042d
0cdc8
0f1ba
03ad7
08c94
0d450
05511
0746a
0f8fa
02100
07b8d
02643
0bc9a
05641
0fcc4
0624e
09ba6
02049
0358a
0640b
0e41b
0cdba
03fa1
0c60a
0c086
0c046
00a31
0eebb
07255
03bb4
040aa
09c0f
0e54d
098f2
0cce8
0acb6
052ec
0a5de
0294d
07c7c
0d2ae
06228
0e7ae
0c944
01c70
05721
09269
07a94
0076e
0fe00
0ca4f
0c991
0ae92
0d396
07cef
069a6
055cb
0bfeb
08040
06c7c
013ef
01a06
03d4e
0da49
0617a
0d4e5
02d2c
046f0
07966
02d38
07576
06d94
088cb
00dab
0cc63
048e9
03ce2
0dc45
0d0e0
0d2c3
0eb67
0c412
02da2
0de1d
08510
0abae
0f295
0d097
01000
0bfba
0e3fc
016eb
0b328
0b3b6
09783
099a4
07a7c
07eca
0c770
0c497
031ea
047ba
0dec8
0e26b
08afa
083cd
08d68
093d8
00319
0a4fa
09d04
0d34c
04ebc
056e7
0f226
0d500
07c01
01d57
07a45
01986
09827
0a076
0f0ee
06387
0316e
04df7
0d1fa
0f17d
0a1d0
00bfa
0bd98
02333
08984
0356e
0d11f
04e92
0b386
05051
0391e
06bdd
0297f
01619
08ffb
03c52
08048
02457
00069
0dda6
0aec6
03d0c
048ec
0df18
026ce
0bf15
0a51e
0b4ba
08d2b
04a02
0db9e
0f85e
055e3
0f9df
046f6
06bfd
043cf
0da56
04371
04b34
0d119
0be94
0893f
0d26a
0d72a
0dfd6
0e8ac
0ad45
053bd
09174
04ecf
08a0d
0212c
022cf
02c17
0ca49
04543
08b12
0c1dd
080fb
0eb4d
01cf2
066a8
0a529
02199
072d6
0541b
0f5c4
0a439
0ee95
0b2e4
082fe
016ab
0f18a
031ea
03632
0577b
0d974
08a3c
02afa
094df
0ffab
02df9
0b3ed
0b8f7
08513
0663a
0129b
09a50
0dfd7
011d1
09f3a
08a40
0a66b
0f6b5
010bc
0eb66
0297c
0a874
0127f
0832c
0b17c
0d54b
0e3a1
072ec
098f9
05d77
052d4
00813
0895f
04f11
046e1
0b75c
0eec9
08208
0bcb3
0dfb5
056a1
0a23d
0ddde
0106d
031cb
0486f
04f7e
062b9
083f8
0e741
0f3b8
00067
05792
06ca7
0e32b
05584
01db4
0757c
05564
0ffc8
0ed3f
0ea76
074ea
083c8
0bb9f
0a1d9
07711
0fcc7
05035
0deea
04ba0
0c764
078a3
07708
0a3c9
0313d
03282
035f2
0f73e
0ea32
034ed
00e1a
056a4
0c7c7
0ff75
08fd2
094cd
0dd17
054af
09609
0f1db
00da7
0f7ac
01988
0f9a3
066b3
0a009
06b2f
0ea20
01950
0c39c
0dc08
0f71c
04de8
0ffe9
03358
04cde
06de3
0bc6a
0d8c8
04330
01469
09c65
0cf11
0e061
012ac
0ed7e
056e2
05af7
08652
04293
045f5
07d85
0c739
0cedc
05079
05dfa
07016
08c6e
05719
00943
02aca
06aa4
0e20f
08779
05900
0303b
09d79
071b8
0bcfd
06618
06f27
0f301
029d0
0f7e8
04e4e
0f06e
0fb21
03fe6
09fdb
09ee0
0a4d4
088dc
07a6d
076fb
016af
03dd1
01045
0bfa6
0850e
0a89a
0da7c
0376d
0ef1a
03b2b
0b507
0f778
060da
090ac
07c6b
04335
03a9a
0d730
0f65c
09df4
0511e
02511
0a67b
02a3f
0194f
07356
07067
0dfd8
0c68b
01032
0a9cd
05c22
0bc15
07ec4
0c0d5
0d1f4
0d7cf
0b1c9
09d10
028a7
08c72
02aeb
0fe79
0cfcd
00623
006de
025a9
0a394
08350
00263
067c5
0c283
01eb2
045db
00930
0e935
0b918
09bb7
09d7e
0b7d9
04280
05983
0f60c
096e8
08295
0b154
063be
01317
0d685
04b29
050dc
0029f
02bc6
0835e
0e9b3
0fa34
04e5d
0ac23
08269
0c4aa
01c13
00068
0cf35
0ab37
0d214
02400
03716
0b370
09746
02704
0cd9f
03c1a
03d7f
006b2
0b1c7
067df
0b966
07f6d
0db5c
0baa4
00218
0423d
09c9b
014f1
0a6c8
00e1d
03f9a
0c8bc
0ab81
01704
06e7b
0c46f
084f7
0a6b7
00004
07407
000d5
05810
0fadc
00c77
07690
0f209
04642
03c6b
08b6a
0407f
05b50
0cf21
01e6e
03df9
0118e
0e26e
0e5a9
09309
03681
033c2
0d657
0757f
07462
0e3ac
0fa91
0e240
0600a
03ac3
0062c
032ef
04aaf
06cb2
052b5
0de5a
04670
0dae5
06c75
0812f
05fa7
0acc2
028fb
07edf
0997c
0edaa
06e37
09cd7
066ea
0b5af
0187f
0bd15
0523c
006f7
02e74
086a9
07ac6
0b9b1
0e0bd
07fa3
025bc
051ac
05dec
02a13
0717b
097f4
09f93
0e4d2
00672
0ae55
02995
01406
0993a
07e49
02544
0a6d4
07b84
0b4f5
0ba34
0a445
02b6e
063f6
01305
0366e
06936
0efa2
06ddf
091dd
0a466
0b7ab
0b807
01ee3
0f29c
0bc13
0153a
015bd
0e46c
0214e
0c7bd
0bc9b
0037f
065d6
0c93b
04b4b
098ca
0ee4c
0b6ed
03378
09250
045f7
0742f
07242
016cb
05676
030b7
00ca2
08804
0f570
0310c
02b71
07a47
05b98
0aad9
0332c
09773
0cc3a
0f4e6
095f6
09df4
0dc95
08e72
014ac
0ef36
0f2b9
061a5
03501
0cd3e
0e137
06887
090dc
0a39d
00033
07381
021ee
05a4b
033a5
0b060
028a4
058c1
07625
05855
02181
00f4c
09736
0a10e
06f59
0bd98
0b572
0e808
0a7f7
05072
08cc9
001be
07207
04ea1
05df1
06791
0828d
040a2
0d71c
01e54
04a6b
06005
05fa2
0c07f
013d3
039c0
0d83b
03d83
0fff6
09cd3
0a0aa
0c21c
090f8
0c576
00047
0ac26
02b37
0cd63
02a1e
0a395
0cf6c
043d3
00e72
057f3
0add8
02bb7
0abac
0e4c0
05f2d
08853
0d935
0c4e9
0dc89
03c51
0e144
03c11
08753
03520
0adfc
0fb03
0a492
0a31e
0a60f
0aff8
06843
0a252
00d94
0f529
0344f
003b2
04bae
0c96c
042a6
006c0
007c7
05896
08793
0fd75
01989
0bb3b
0fc76
0cc6b
03544
064c5
09521
03b12
080d5
0febd
03c89
00c3f
0f1ac
03b50
00275
06dde
015b5
0279c
088ae
0d44e
0908e
07648
055a7
0372b
00a84
0b96b
00f84
0ed47
07ef5
0ff83
06600
0475c
0a95c
03d51
022ff
0db59
00bd7
04438
05fb3
0c7cb
0b57f
0d74d
01d82
0167e
014cf
05ca8
0d634
00f9e
081a9
076cc
0bb46
0e206
0eb64
0e188
0f62a
0c062
062de
03f09
0b3a0
0cd1c
0e008
0833f
09cc8
04631
04ede
05150
05689
06731
0f250
0593d
00afb
0c640
0216a
0da9c
00d6a
0d5de
0b618
0d71a
07cf6
0f1b1
0122e
088e5
01243
0b406
08a13
0d30b
0f76f
008f3
01dc9
0e37d
0d39d
0ad97
0cb43
09655
005f3
02ccc
0f7b4
01cd4
0b8d7
09e38
02d2f
08294
03bbc
09056
01918
04f40
0e059
0ada8
00b79
09082
06f3a
0d88d
0e692
0943f
027a1
0d21b
0454d
0c201
09d39
00b1b
01ea0
0e5b5
0a1e1
0ed48
0a282
00262
00273
0377b
0cda9
099ef
018aa
08a19
05b9d
08589
0e17c
09bbd
09ef4
0f287
097ae
0cc22
07e7f
0cc74
0ea4e
0e884
04682
052aa
0cb8b
08071
0424b
09bd5
070bd
0099a
02781
000cb
02613
08ed2
01eed
0454b
048be
0faea
0a989
0aa8c
011fe
05681
01507
0c832
0c5fd
0ac5e
0d59a
0c450
0b6e0
0435e
002bc
0a148
07965
09c71
00f3e
096a1
0cfa6
0c269
079b3
0622d
0fe6b
0cd4b
0349c
01549
01c4c
01fa8
019ab
03988
0ba6e
09c28
037b1
057e6
05218
01773
0ce89
008d2
0ee60
0cc6f
0ec89
0d348
0a2dd
02e6d
00ce4
02345
02777
0679e
0d2ed
00efe
0cfbe
0080e
0ea5e
0a6c9
03458
0ae81
048a4
0f058
06564
029f7
0ae48
0aadd
0669a
0dec5
07c60
067ed
04be3
0cad9
009a4
07786
0595d
0f9b7
0055e
07275
00d24
0c382
0051e
0d728
0cbd1
07899
0778c
0eedc
032ff
0a7c4
093e1
09443
0b724
0f786
0e139
04385
0809c
093f0
03e73
0043b
013fc
06aea
08bef
0c09e
0febb
0f82f
0392c
08e3e
0367f
08c8f
0f23f
0fe4a
0cc79
05e90
07091
08d3d
01517
0896b
045ac
0bdd8
0d227
0ea4f
094e0
0727e
0a4fa
0f650
09f55
01e79
054bf
0c992
04060
00458
0228c
00624
0a4af
0bbed
0ea7e
02c19
04d4c
08d29
0f44f
0cf3b
0363e
0ce87
01a4f
03fcb
019cb
0f2f1
0631e
014c8
01f22
0e465
0a866
05bcf
004fd
07554
0a5f8
09843
0c232
0e0c4
09cbb
09957
0f26a
0d006
0d170
00b65
05055
04688
07ba4
0b42e
0a75a
05760
0917f
06f9f
0d4bf
0204d
0f1e1
09319
0de7b
08546
0e085
0d4e9
09794
06fc8
09fb0
0bc2c
0669d
0538b
067b5
0531c
0aff4
0e20f
0f861
06694
0a3e5
033e3
093ec
0d296
0d808
0313d
05099
020ff
0911c
06eb7
0776b
07471
0e58e
0db43
03a98
04cb2
099bf
033e3
05a58
04342
0f980
0a742
01cd1
02336
065b8
04230
0b7e8
0fa5d
0fe04
0aa9e
0da52
0d736
0be4b
03cc0
05f0d
07045
02679
05abc
013ac
0f0ae
024b4
094be
03918
0c3fe
04c6a
08ab2
059d2
0a6c1
0c3ac
037b8
00898
02acc
00d61
046f9
06ad7
098f9
0d5f3
0ae28
04a39
09df4
0ae8a
0620a
0e279
002fe
0910d
02524
084e4
07f93
03531
06a2d
0b9ee
04953
0f779
06164
0c108
02d46
02b14
0e1da
02be0
079e6
03ed6
010a0
03265
0531b
087d1
08cd6
0bfca
00989
0b8a4
0b23e
05523
082d9
0641c
07aca
041ff
0b28b
0edef
0470a
0f072
0b1e6
01246
00f85
0cdd6
07414
0c862
0d5c7
0023b
0ac02
0b8b4
0b6c6
06758
05d3f
07905
0f012
07d60
0daf2
056ea
00a75
08c58
0119c
0f1a4
0801f
05b57
00fac
08dbb
0455c
0888b
00913
0bc86
0f190
0028d
0e5a5
090d9
0b8dd
0363f
00b28
06563
03ea8
07bd5
065c7
0ecbf
085cf
0392d
0b0a9
0b4d9
0a9c3
068dd
00b21
02c08
05a37
02cd8
0470c
0152d
08d21
0c38b
0575a
0eba6
0b700
0942c
0ce8b
00685
0a698
01d3a
0fb10
02e67
0cdab
0ed62
03137
09110
09ae0
0dd66
0402d
08111
07b7c
09604
066b2
09b85
0ad90
0d11b
00420
06cf3
0cbae
0ebef
03b22
0216e
0a977
066e1
0b522
0dd3f
09fa7
06a50
0ae87
0895e
0ee08
0f6b4
09d43
04ae4
076f2
09adf
0db59
04da1
03446
011a2
055f9
0ddfb
003c2
0bd3e
0fabf
004d6
0df51
0ef25
030e3
016e1
0b79b
00e46
00204
09282
07e7b
0ac56
0640f
0a5c6
0c510
07bf7
0c114
07da9
08d23
00d49
0d6ef
04e9a
0bc7f
05658
034d0
0639f
0d2c9
0365b
05410
03854
0e78a
03cb1
07179
0934e
0c521
01f47
0eddd
0bb41
0e3a1
0e030
0d3d0
004f5
06650
05b76
062ee
0c07a
009a2
014cc
070cf
0027c
0fcf9
0b60f
011a5
0be2f
024cb
02b43
00933
08f18
0c3ee
03db9
0135a
04dc1
06b79
04d68
00eff
086f7
07d4e
0666d
0fbe5
0c0ac
09f25
0a429
07c56
077d2
0cfab
09935
0b9fc
06922
0d47a
0ca4a
03329
07e7b
0a507
0646a
02766
0a718
0daad
067da
0dbf8
08647
088ba
04c98
0907d
0bdb7
01fb5
03e14
0b3c4
0b832
04bf5
0a49d
036fa
006da
0b2dd
0ecd1
0bb79
0acce
0847b
00a07
0a3a4
07430
0b375
02dee
0e9b2
02059
05f32
07e1e
096c4
01fd8
0b4dd
025ce
0f585
07854
00453
0a85e
07235
0c40a
0b4d1
01f30
07e9c
0b27e
0a6bc
06060
0e17e
0531c
07938
0e1ed
0c769
0d3e2
0da5f
0caa0
02ddb
092a3
0aa97
02582
072c3
05dc6
0e2a4
040b9
03ae2
0f3be
060f7
0208e
039d2
0e9c8
03ac0
02454
06e9a
0eb12
0f0b9
0b500
0d2f5
0bdbf
02a92
05cb2
0da12
08897
0f495
033cf
0f39d
0538d
08358
02ef8
093df
01d15
0da0f
064f3
06a7f
004da
07844
00c25
0186e
0dcc1
0f009
0edcc
039e4
09f19
0592f
077bb
0d6f8
0cc09
02e69
09619
0a29c
035d2
0c6b9
0b90d
05db4
0361b
09f97
017f4
01d50
0f8dc
0336d
0f074
022a6
0c226
00668
08a32
058fe
02ae1
07fae
03b47
0bb69
0d78e
006fa
0458d
08061
01a53
0e694
07f33
095b3
06eff
0ce1e
076d1
0b096
042d3
0e158
02906
09c27
0fe17
0e86b
04cf2
0bfd0
02897
048b3
02681
0e5ad
0614a
0a8ed
0ad01
0f58e
01cf3
0ec57
0920b
009ca
0502c
0580c
005f7
0b33c
048d3
02344
0d7eb
02538
001ef
0f0ff
071ca
02820
08664
01a0f
0a1f8
0e881
05f23
0b8d9
07c06
08e59
08904
03795
098fd
09b4a
094ea
04188
05c99
0b6be
0053d
0de93
0f463
0189a
0e06e
0ee92
04d23
00233
0a5c6
0d214
08a8d
0539f
091fd
0a47f
0d0dc
079b5
00358
05dfe
033eb
005e3
01141
04fa6
0ea5a
0f066
0e85c
0faeb
0d711
033ed
0693d
081a5
0eb07
08964
006eb
017aa
0e066
080d3
0c398
0fbcf
0ae8b
0ff51
0b9c5
0e33c
00820
0efdb
09bd7
0361d
04535
0a697
0d0e7
0f5e9
07d4b
0cbf7
091ae
0b215
02e38
0baba
044fa
03762
04ecc
067f8
08761
001da
0a71c
0c2a7
02328
01523
042f6
093a8
081d7
0dd45
0a6e1
08bb7
0d109
0a63b
0bba7
0ea9f
0baf0
0b7d1
0505b
0c027
0c676
058d4
03140
01322
08a6c
0d78d
0f12b
0ca66
0d91b
00e73
0edcc
06767
060d1
0ce2a
00e1a
0fb27
036e6
023a0
05068
09c10
0b138
013bf
045dc
0c65d
027f9
00cbc
05785
085f0
0d4f1
0195c
01daf
011aa
087c3
0ab64
0322e
0076b
04c72
041f3
04162
04bcb
06c80
09fa3
08ad3
0780b
09f9a
0afdf
0a8ee
06f1f
03e6f
0b486
0158d
0c334
0a47d
0cfa2
068f7
0938f
0dd2c
028fd
0ae94
05f08
038ca
0c795
07bee
0f661
06e63
03dd6
03aa2
0f296
026ce
07bd2
0e089
048d6
04b33
0ac70
049dd
022fd
08fb8
017e6
08783
069cf
001de
052e7
0fc60
08a9e
04219
09324
0393b
09e14
01f13
04161
075d2
08174
0e66f
027c4
0c153
0a68e
034ef
01a3f
0a97f
0f788
02ab1
0ad02
09305
06bb0
0555b
0e3f3
067e0
049d4
01aa6
0e426
02d2a
04486
06150
0354d
0109a
003af
064a7
03f03
0f25e
0cdb4
01d47
0f508
036f4
0bdf7
07088
053b4
06eb3
0ecf2
0857a
00c71
0fd13
0cfab
0e9e6
068ab
0f774
0564e
05fd5
01013
03d4b
086d3
048b0
0cb68
08d60
0879d
0e5ff
0424c
0e657
09be3
0ff96
0c453
02ad4
075c7
06536
0a1a7
08d23
07cd7
07230
095fb
02cb5
00a13
08dc3
05909
0e782
0b426
0e658
028e2
000f2
0a021
09bbb
07132
0adc3
01485
01cb0
0e450
05e97
0a107
0717a
0d061
00f11
02cb7
0ebcc
05b74
09797
0f62b
0c4d6
0d4ed
02c96
05f2c
0b0c5
0cf7a
0ce2f
0642f
0f5fa
0a8c4
084a7
0277e
0b3a8
06acb
098a2
0a351
0afce
05f86
01f17
04c38
0aa80
0ac42
03f4c
08fbb
019a1
06cb0
0aa6f
0197a
0573e
02e5b
05a00
01ed6
087d1
00ee0
01314
05eff
04692
00260
0a5d6
0a922
00ea1
03e48
004c3
0550d
0e9b6
0bc82
0507e
0e472
0bd26
02df0
09423
03ade
0b1b4
0a344
0882b
0975b
033df
0249d
06e5a
072e6
0b3b5
093f2
0ce6c
0b1b6
008ea
05e06
013d2
0e10b
0f513
03d18
05ab4
04370
0f939
09b84
022fa
0993f
04449
0b193
00b35
0cc38
0cede
0999c
0784d
0f9c5
07e59
0aff0
0a17b
0c281
01f11
0acc0
0688f
0d7f3
0fac8
05aaf
07d7d
0d97c
07e82
087f1
00c89
02689
0f6bc
08310
0da34
04774
0d1fd
05f8c
0c317
01662
0246d
00ca2
0febb
09ff5
089d4
04b49
03247
0c6e9
0144c
0c72a
03fb1
0a97e
0abfe
0b7a4
09997
07ec2
01b59
0f6a2
0d5cb
09ff5
0eb40
0a8a1
0f45b
0fe3f
0fa3a
001d6
0ce07
030b1
099d3
02563
0180b
09071
03524
05676
06e3f
06ba2
080e7
0cee7
01e6a
00941
0a4d4
00db3
0bc94
014f9
03382
03e72
06d97
0aed6
0d474
013bb
0751a
0831f
01980
0b9f9
05250
04b66
0f7c9
01b47
09d73
06021
002d1
0d0ef
0f98b
0ae1d
042be
09b14
0765f
00779
04c7e
082f2
0cc2e
0f6db
02289
075d3
0673a
0f029
0ed6f
02551
07bac
01fff
05082
02e72
09376
06334
00b69
03a08
0a835
068c2
08745
06cfb
05871
0c3fd
05b5a
04511
01a78
07b5d
0c138
0be30
0392b
0838d
064e8
05d66
0a7d6
09aaa
08a41
09647
02925
0847a
0aa38
07683
006fc
0d19f
05d93
0ada6
062a0
00624
0e8e4
05b53
0953c
0dab8
0cee5
02dd0
0207b
04791
0630e
06de0
02154
01ed5
03b33
03f57
0c4ce
0299e
0cd6a
0156a
063c5
0bec4
0c982
05dcb
02e19
07809
0c47f
0e59c
08370
040de
0fff7
067de
0f5c2
02258
0ebf0
0241f
01875
06486
09fbb
06b73
0a0df
0ab5f
07614
09a00
0d7d2
02236
06f07
0670e
0a2f1
03afc
0dff7
0f7e7
01450
0dc0f
01a2a
09aa2
0186d
0d57a
0236d
0df4d
07b1f
04109
03f8b
0bc89
071cf
0af32
0b5ad
0f510
016e5
0c0ec
0b9ec
0fb99
06820
08922
0e2ab
034b3
07b21
02053
03e76
0142b
07866
0d522
0d6d9
09ec6
04348
0771f
0d2b5
0f16b
075ce
07439
038a6
0584a
0f9dd
05e41
032d9
0d3eb
05b50
00106
0c05d
0a18f
00816
0ee45
03241
07e72
044da
021e2
0855c
005c5
024c6
02a8d
009c2
072b2
0faf6
01a6b
07549
0ccc8
09dc3
010c7
04168
0e1ab
08701
03f50
09e58
07e43
0fea2
027bb
055af
0fee6
0c0ea
021ba
00e01
04216
0a9ac
0df80
07189
0eef4
09711
06e0b
056e5
00c45
012af
0a4f0
0af26
014aa
0e6ac
037ff
0ae8e
02310
05f40
0e677
0f8a9
0f231
0ae01
0c257
0d1ab
0243c
05858
0526e
0489c
06b93
060bf
0bace
07f05
0b192
06fc0
0759b
0e88d
0b82d
067a1
0e415
0f055
01451
0e42e
02fb8
0e88a
0fed6
028d2
06b97
0be08
08faa
0746e
0db93
04372
07689
0bdfd
0809d
0aaa3
0f240
0d8de
0ea92
0a626
02094
0c679
0539b
06017
0ac0b
07c4c
0c4a8
0b273
0a58b
0d255
06ddb
071b9
02424
04cee
08329
01d92
0b97d
0b76d
01623
01b9f
0cc38
079b9
0efb1
04e71
05e4c
0c3d8
0bec8
0c767
02593
03909
0903a
0b533
08f44
04b43
0c968
000f9
038db
0814a
02ccf
07859
0005b
0afb2
06773
08138
09f44
0c2aa
0685e
0fb7e
080f0
00c56
05670
0f1bd
03d2c
02124
0017a
086d3
07de3
0b140
0847a
0e21d
0a422
0b216
01dff
00171
076dc
07f84
089f0
0df52
031bf
0e4d4
06110
06355
094b9
08a1e
0465e
0872a
0d33c
01915
0fdf8
02a05
01cbe
092df
04c21
0336d
0555a
0c38d
0627c
08c9d
02778
051bb
0bc03
0d509
0ffe0
08c4a
0419e
0e019
01e5f
020b7
047a4
00d44
05a4c
04993
00f0a
03731
01c50
0356d
0c51d
0a3ca
01c45
0b5a3
02c17
04ee7
05d16
04cf9
00761
0f063
06c2f
031b5
05350
03215
03f51
0e497
00cad
09066
09fb4
0c8bc
0e553
08cba
064fb
021ed
0576f
0b39f
04647
02676
01af2
0219b
0eb1f
0434c
04b6d
04468
08efd
01061
09c97
0f185
0460a
06ffc
07fa5
0fbc8
05e82
0960d
02617
0e558
0857f
06b86
095ff
0ffae
0891d
0c6e7
0d69d
04627
070f0
0c883
005a7
0155b
08afc
074fb
06411
0262a
03d66
0c30d
05709
0da1c
0295f
0bd88
0be2e
0c50a
06643
0371c
04208
00ea0
0ae55
05bfa
0f4b5
04438
02a4b
04ed3
0d19e
0049f
0cee8
0af7a
0f292
0fc56
09289
0f314
073fa
0303e
0a3a4
00076
0df4b
0f9c8
00cd9
03293
0c6e7
04dd7
05db4
06c67
02d30
03d40
015f5
0047e
0a298
01216
095a2
0d7d1
06509
0792b
0d622
04f7f
0abe5
0a8be
09238
07786
0a78c
05684
0be2e
093e7
02128
0fafe
03ec0
0525c
05df7
0face
0440f
081a1
02b22
07535
0811f
06ba9
0576b
02e4e
076ee
0c97b
0aa35
0527d
058e4
0d479
0faa1
00472
096bd
0706f
0579a
0a0a5
00aa2
0c399
004c6
01ddf
0d80d
0ae87
0c12f
05d9b
0390d
0afaf
06a0c
005ed
0fd88
0e277
06b9c
0644c
08ede
0ddb8
057a0
09857
0b81f
035f1
06b42
03946
0e48b
0d8ca
085bb
0a37f
0da64
01d97
0285f
063a6
0b0e4
09ef0
096c0
0c004
095ed
0956f
0c265
06909
01804
0548a
097bf
09764
01edd
01434
08b39
0bdc9
0b12f
09d54
007b5
0f4f7
0cb32
063c4
076ab
02ebb
03e58
08896
06527
07ff7
0e983
032a1
070b1
0545a
0f9aa
0d9e4
038a5
0be56
0d9d3
02b09
0f9c8
097c2
04aac
00693
0a106
040fb
05391
04edb
08398
03e41
03366
0add7
0a62d
0f40e
07999
03a11
0358f
0fa47
07c1a
0b357
09313
0b638
0de29
0c711
007cc
00884
0a59d
04dfb
0501e
03ac4
08e96
0f1bd
0f8e5
00331
00f9c
0eb51
04fb5
01433
0c149
0325d
0c5d3
09910
005a3
08dce
07015
002bc
0b5db
0a835
03ef3
0b484
07bf9
0248f
002b8
0f61d
09962
07c2d
0ab66
05b72
0bcc6
0f340
0c54e
0c6c3
08b8a
01559
0f8d6
0680f
04441
0389b
06f76
0f98d
04f08
043c6
0cf8a
06b12
04165
0ca52
007ee
03d31
03c7d
0b977
00d86
0f2a1
08cab
087bd
0257c
0c0f7
00c6d
04e0e
01fb9
0d923
02e4a
0ffc9
07980
0edb4
0d1ed
0afa4
05dc6
09061
01dc7
0a6ac
0c393
04fe1
09d98
0ef44
0a32d
066af
0a065
0d710
08a90
0c7d6
0b625
09105
00e0a
0bb68
0a6db
0894e
02993
0adaa
01fdf
0fa49
028be
0e251
05d6e
0797d
07206
074f8
04036
0f800
05679
058a4
04975
04f96
0e0cf
08bcb
070c7
09a7a
0330f
0dafb
00a00
0d2d6
0f1bc
0f131
012e5
0a904
04e5c
0e0e4
0e76a
0f0b1
0c979
0d4ed
056fa
0c332
0bb79
0cc98
05110
0f4a3
07b9c
0e289
081bc
07117
033cb
0a252
0aaf2
0bdf0
08e82
0775b
0a5b4
0e0d6
08ce2
0d7e9
02bac
0681a
0c6d7
020ad
07a41
0fc6e
0e33c
0ca21
099cf
052ba
06c18
0c2c4
0b03b
09dfc
0e82e
07d10
08062
09619
0a029
0d33b
0f42e
0718e
0e632
06f61
0eb5b
05303
000a5
01244
086cd
0309a
0af5b
0e228
02ebb
074da
0dcb0
0bcac
0ecff
06564
092f0
04566
0d4a3
02053
084ac
071db
0f949
09657
0a4e9
04b9e
0fe59
0e3de
04fa2
05a7b
054a3
0e570
07a47
044e5
0d2b6
037d3
069a4
02e07
0e3aa
07627
0fe24
0df82
09397
0316f
0efe8
08542
01332
0cb7e
04334
0de5a
03bdf
0d4fd
0cfb7
0d392
0b677
06823
0d86c
0195e
0100c
0180d
0a342
0b11f
06fb2
012fd
00e41
09407
0ec89
0d4a2
076bc
0afd9
04ddd
09d1f
0bcfc
01f52
03529
003f6
06bd8
09cb7
0f638
0fb46
09ec5
08890
0bfcf
07cd8
0ce71
0e73b
0510f
0247e
0f596
0a3bf
0e48b
0785c
03958
0df1e
04d25
0f07b
0c76b
0b521
0ee8a
00eb8
06ec0
0c010
06416
03297
052bb
01b8b
08924
0037c
0744c
0fd3a
09d21
07770
03cfc
008dd
06d28
0e24e
083a2
08e55
0003b
07977
0049b
06b25
06ed4
07178
080c3
0a4fe
00158
0c513
028a6
0097a
078b1
04c28
05841
03970
06761
0a89c
086c1
0be3b
0d3ab
0b286
02d80
036da
028b7
0fb26
0cb24
0ddb9
04d56
06985
00414
05a87
09543
0de9c
04c25
074c7
04b8a
0601b
0a3c9
00713
09763
0ed70
01dba
0f9c9
01f22
0e0e7
071e1
01663
02836
08a1b
02a3b
011a2
0d2c5
07955
0678a
048ac
06418
0d06a
00c65
066d4
091cf
0c166
07b1f
07c36
02db3
0f741
0236a
0db22
056c8
0bfc7
0ebb1
06495
07763
0b95d
044a9
0eea6
0eeba
068bc
01842
0751e
0792f
0995d
0b37f
030df
0554f
04bbf
0189f
0f586
04b7a
04daf
08f08
057af
04837
044f4
08eee
07057
0a16a
0a852
0d621
09cee
0e6d1
08b2e
03d95
0a43c
0dcbe
0d71c
00181
0ebe8
0a15f
0d8c1
03d1a
0d58a
013da
05112
034dd
08468
00527
060e6
05f46
071dc
0dbf9
0ab5a
050ff
0a213
0048e
0ce77
05e3d
02dc3
05abd
0a046
0530c
02f07
06590
0ea8f
0ba6f
00c99
0ffa4
0be86
091df
051f3
0afc4
07dea
0c62d
09a69
0e87c
0887d
013d4
0f10e
0cee4
02e75
022f1
009a3
0a39d
05e29
01f6e
0fd5d
02e50
01c8b
03689
0555e
0f32b
0846f
02b89
0401b
00519
081ea
0a6cc
00d33
03abd
0b364
0b29f
0e4d4
0f084
0863e
0a05e
03734
02558
0715a
00ccc
0c3fa
0ce2f
0441b
01405
005e1
0990f
0ece5
01d46
00255
05e22
09c8e
09195
0c0c9
0605b
0d728
00218
0487d
0d3da
03ed4
04f56
07cfd
0280e
0e5ed
0ef94
084fe
0641c
03477
049cf
08f8f
02821
060af
0cd51
0e6fb
0d3c5
084ab
08d3c
01f46
08e35
0b21b
0b7e8
09ca0
00bfa
0c588
06e9f
0ad7a
0e233
0fc5b
053a5
054c0
0f4df
0c1a0
0801f
08ef1
05727
0af3a
0f6ca
09b65
03843
0211f
0a9d5
0eebe
09a9c
0852c
099d9
02596
00378
02aa3
08de5
0755e
0817b
06ed6
0a28a
08239
0dc29
0c90c
0b934
040ee
081dd
0aee4
09831
0ca1c
067be
03070
0112c
002d1
037d0
02b70
05f97
0d49a
07e09
08896
0e183
0a24d
03201
03445
001fa
0fcab
00e71
0e2d3
0b66c
06fc2
05957
051db
07d9a
093d3
0fd8b
0a732
0bbf5
053e3
0d684
0fe15
08a36
0e6ce
0a03d
0e9c2
0eecc
0d62e
03a98
0ea15
043ed
0632f
021d4
0e79d
009c8
0f10a
0623f
02966
00250
0c97f
0d43c
05c35
014e0
01ef0
0c3fe
0b529
0b200
0e098
09ee2
0323c
015c9
02374
077c7
082af
09cf3
01bbb
0b540
02448
01d87
0c080
06d88
0aa47
0411e
0161e
092b3
0bd59
03d1b
001ed
0103b
0e7af
0cbcc
09470
075f7
03de1
0b736
02f9e
061d8
0ba46
0721f
0cfd0
06259
0fd13
0861c
0d7ae
00110
0532f
002d4
0b1fa
06779
077db
0845b
0e631
02499
0ebbf
0485d
0a7b8
01bda
08b8f
018b6
0f886
07c2a
0f81a
0828c
0d356
023c3
09fd6
0999c
03063
03d5d
067db
0dfe3
06823
075ca
07424
06551
0e837
04723
0d19a
0c030
063f3
07d48
049d8
0b3c5
05bc8
0dc1c
08f50
01a94
0d7e8
008b5
0b49a
0210e
09739
0cf09
0473c
08268
0fb76
06f7a
0ed1e
004ac
00f5f
0c4e3
0ada0
0a315
0cb1f
08daf
044b7
0396e
0f93f
0cd8f
0520d
0a0fd
0f649
02c17
044e1
03324
01d74
099d8
0aa09
0977e
07f83
027ca
0198b
0a31a
0e088
0e8a6
019b6
00e95
0dc10
0fade
03b90
0d42f
0d3cf
02c78
016df
0cb4c
0a565
0ef01
04094
00c46
07152
0a626
00049
088e8
04608
018ca
0843b
077cc
04de9
0e711
063fa
09a4a
0c88e
08c1b
022c0
074d9
0b4cf
05ec4
020dc
0ec2b
027f5
083b0
00710
00bb9
0444f
0b768
0e26b
08ac2
0d5d6
0019a
0f97d
0ab0b
0c2b6
09de7
0f748
048df
09540
0061a
06dcd
0b9af
0a17a
09a1f
0b2f6
086c0
0c392
0440e
03caf
056b1
0c334
04428
0d86e
0d601
09449
0d02d
0b02e
0b948
0d18d
0c155
05485
0105e
0be0a
06db1
033c1
0df18
09be9
06599
08bec
0f224
0d5ff
0a187
03d76
00228
042d4
0c29c
07e3f
0d0ed
08779
076dd
047ba
03f6b
0104c
028e4
06ac6
02088
07b9e
00a5c
0b0b4
0e371
01293
08eb7
021dc
03f10
0d7a8
02741
030c8
0dcfb
032f2
010bf
0341b
07024
008f0
02a6d
0f1f8
0ac89
04918
06e0b
0dc63
0859b
03eb2
004c0
0b122
04fdc
0a483
0a60d
06c30
0512a
0010e
03b4a
0c922
01770
0d3f5
0a4ab
02ea4
025eb
07712
047ba
0a937
06fd7
0ec57
0a040
0922d
0751c
0f62e
03124
08add
002ae
09517
0e3f7
0f1b2
0ee33
07590
08f9e
0813e
0db5f
0401d
01c8a
01a81
078ea
03a17
06821
075df
0e764
03256
0fe7f
0f736
0d173
0c6ac
0d2a8
02daa
0e14d
07f23
0413d
01e1b
00aa7
00976
0c5b6
0d8d5
03f51
06418
04095
0b43c
04221
0b764
0c8b2
074d8
06803
04219
048d5
057f5
00c5d
04625
0e650
099cf
08e62
00781
02edf
08a97
0a36e
060a3
0822a
0faf8
096ce
0ec88
00f07
0d9cc
0d178
06f04
0e5ad
07db0
01b80
08bdc
01943
0b96f
00aa6
00b0c
0f933
0d670
02edf
0560c
0d945
071af
0b4ab
0b9bc
04c04
00f42
0fd13
01192
026bc
04c3f
02044
04bb3
03034
08574
05ef4
05b3a
0540f
01c0a
01ecc
0238d
04beb
0647b
0eb7f
06c36
080b9
0623b
07db7
0b794
0f598
0e9fa
038df
026df
05f43
0378d
06712
081d0
0367d
08889
0f94e
087e8
054da
0a6e1
096f9
0cc34
0f7ea
0ae35
050ff
073e3
09d17
0089b
098a6
0f3df
0ac0e
0c253
0af0d
04730
07a53
0b616
0dbb4
09080
0c716
07648
0e957
03f95
00469
00a18
01fec
0abc1
0882c
0946b
09c2e
05520
0ca2b
02bfd
01418
0cb71
03273
0eeac
0c27a
0ff8f
0ace0
0f076
02496
0791a
0d9c0
0adab
09426
064ee
0d7de
005ac
00acc
0247d
0861e
084b0
0794f
0e747
0368b
0d8e8
0e82f
02c08
0aa6d
09e5f
0f66f
089cf
01cf2
0930a
049fd
07109
08952
06905
0a356
05d57
0c131
08a5a
0dbf3
0aa27
06d1c
0b896
03203
0029d
0894d
07047
0009f
0d7d8
05de2
02f6d
0e27c
00a42
0e3ae
0f71d
0e485
0d9af
0165d
04e73
05992
02917
09bfe
0f156
029ec
06dcc
0adbc
0f452
0ed03
01faf
0c376
0da86
01798
02413
08237
0c422
080bf
05276
06ab9
09dee
094b6
09af6
05a8d
0f96d
0fd82
086e2
0a0e2
02279
002b1
00b94
06e37
05582
0f644
00a06
09ddb
06644
034a3
091c9
07f6b
02edf
0d73f
0fa82
044a2
0caa1
015a0
013cd
02de8
09656
06f54
0e6d9
0ba47
02c01
0da51
07884
02939
0b26d
035b0
080cc
0568d
0fd8d
01267
0872e
0fdf0
002ed
0208e
0917c
08faa
00648
008a1
04ac8
034fa
011e7
0317c
07a4b
077fd
0f1ee
0b330
07307
0dce3
04001
0539f
03a94
0278c
01fd1
096e0
09431
0fbae
02a5b
0c5eb
0092f
0dcf7
0cb85
02c66
0de28
031ab
0e951
01272
01bac
05010
08bbe
09b09
021f2
0c967
0321e
0abd7
02ea9
09a50
03a40
06342
0908b
0f287
00862
0b2bc
0f236
0ff7d
01c92
0e08e
0b71d
08738
06107
00bc8
011c9
0c10e
00ab0
08a7c
01752
0c340
04a16
01e84
0588c
01ba3
034bc
0e174
0a89a
09f3e
0f338
05dc8
07e11
0ce7d
0c318
02f6d
02acf
0d49a
0dadd
0dcb4
00be7
01f42
09eda
0643e
04e5e
01840
0ee7f
06420
09c90
029e0
0baee
089c8
00523
0b46c
0fdff
01971
03dc8
0db33
01146
01708
04b5b
01abe
084fd
048d2
030b0
009dd
01a21
0a9f8
0602b
0e762
0f137
017e8
0d57c
0b58e
05ada
067b3
06b6c
058a5
0d328
00995
011d4
02c6b
039e6
00757
0592f
08f93
00102
0bcc6
08ed9
09c44
076c4
0d9da
0188c
0a894
04078
0ad6c
09b40
07aff
098f7
0ab69
0e128
01a81
02346
0e150
05892
0b569
0f7bc
0dca8
011d2
05a00
0b1a2
0b49d
05f75
068cc
0deca
037dc
0cdd6
04cf6
0193c
0cad3
0636e
0a232
0b933
00d95
0f3db
0f3ad
05de6
0fb07
0c2c8
0b37b
0835c
0ce6f
02215
0c1f4
017ed
0f7d5
0a215
0cc9e
061d2
0a0cc
03245
08c3d
0f7b6
0433e
02632
09475
030fd
03cd3
01109
08015
0276c
0b424
0cf28
0df89
00daf
09533
0795c
03e3c
0130f
06f02
05ac1
0c62e
0c0b2
07017
0eddd
0dece
04299
028e1
0648d
034e5
0ce09
0489a
0be02
0afd9
06179
07861
0fa73
0d1a7
0fa96
05d06
08a5e
09063
009bb
08e62
00cd7
05a53
0f86d
0a3f0
07d1f
0e71d
00875
0b94c
03deb
0e3e5
073de
0f749
038ac
0090a
08884
082b4
0485d
0c07d
01639
0da4b
058b8
08800
0d480
0b3f0
093a7
08387
0a20f
075cb
089d1
0dd53
09e45
05e96
07483
0b877
04953
074e1
05c1d
022f7
0e0e3
09340
0a405
051f5
08c5e
04bbb
0b2a9
0c7f5
03a48
07ce2
06fa4
00f70
0d699
0be9a
0fc25
00afc
0066b
02e5f
03037
0e4b2
03143
007ae
0d44f
02741
02356
053c5
0b3d5
09e96
03d3a
09a42
058a4
0c4f4
0f87e
05b04
0ca7c
04435
05529
05aab
0f901
09362
00042
03db3
03f82
0700d
0583e
014d1
07392
09036
0e1d3
05a31
05135
0f989
04847
0df16
00d9f
04a36
0bbef
07deb
001c6
02b60
001bf
05169
0130e
01da6
02ba4
0cf8d
0ffde
0ea90
0c7dd
0d507
0ab06
0779f
09e39
0b153
0f30e
0a81c
07102
06001
0e9b2
01b99
07597
0e634
06ac3
09461
069bc
0fb52
0e0c9
0f1d6
0946b
0a3eb
0d8bd
05c27
09474
0b4a8
0f8ad
0c626
0c997
048bf
0f24d
0c2f8
07b1e
042c8
0aa9c
064e3
022f8
02eb3
06310
0a593
03e57
09727
02974
01568
0667c
087c1
0fdb4
0aa4b
03554
080ae
0f3e9
05d66
04043
0fe67
0f2e4
0ed2a
0b6ac
09726
038ce
0f383
004db
04a4b
02ce7
0b175
0139f
0234c
02966
01d26
0de89
01cff
08a93
0eae0
04a59
0e6d1
06187
0031d
05ed0
0931b
02e8e
0265e
0a5e8
02362
044a2
04de5
0201c
065f6
0ce0d
0c0f6
05ae9
02990
0a99e
0c3a2
0ea06
03705
02f42
06f52
0a9f9
0f90b
05913
00f9b
0bb4f
0c87f
0d453
01df6
0126f
0b334
07db2
03e73
0263f
0e0c7
01e1b
02839
056ad
0ac07
03fdc
0130b
03bdf
03554
04305
01279
06cae
0dd40
013ba
0074d
0b73a
0aad9
09ef9
09106
06d9c
0cb72
0ed51
0896d
06cc0
090d0
04f2d
041f2
090ee
04a27
0feb5
02417
05965
01379
05313
052c2
03c56
007ac
06d51
0ea89
005f1
05324
08fec
0ca4e
06d57
0a350
03e7f
0f0ee
00cf0
03662
0a540
00e65
0d735
06a82
06725
0b5b0
0a444
0519c
0e3bc
04125
0f6aa
08ea0
08328
0b787
01a35
08b4f
0e5ef
0eb5e
0c572
0c586
0a0cd
0a071
0b5d9
06faf
0423c
00f97
03c59
0dea3
02fb0
05050
03634
099e0
0cc9f
01d4b
02267
0607b
0016b
05f80
07989
00853
0f7ff
0796e
0268b
08ad8
0a806
02ba3
0f849
0ebc5
03d57
0275e
00ce9
006c9
0f8d4
018f6
037ce
033bb
0347b
03dfb
0f80f
07e84
00f7b
08275
04e00
0fcf9
0d130
01f42
07be3
0e119
09bf4
0dbd7
05c15
07df4
00abb
00425
0ef4b
02250
04b59
0c14f
081fa
039ce
020a0
09bb4
01d4e
02583
0455a
09bb3
0ec40
0d80a
093ca
09bbf
08090
070e6
08bc4
06512
0790c
06ef5
0d853
07ea5
09c46
0a296
00a7a
073da
09996
0c1a0
04468
0ac66
06b06
0700c
04917
0534d
09274
05e5d
0b834
09a00
01d2d
05d48
0bbe4
040f0
00563
0499d
0e618
036fa
0b9c5
045a4
0f90e
0cc0f
034a7
0201d
0faa5
0e695
0f6cf
05aff
00e5b
02da0
0b9e7
0331d
023ed
091a1
01a13
0246d
0add8
04d3c
043d5
0f1b0
048ae
0e271
09fd0
0c90f
03c5b
095e1
0697d
0a51e
09bb8
06d2a
0ace5
0aebc
08056
002cd
07bb4
01bbb
0a0b4
01a6b
0179e
0d7e7
03307
0ae7a
0c884
09b30
04962
042a2
08f91
0dc17
019ba
064a2
0ac43
09e97
00729
03540
0a830
01f33
08596
0c2fa
0de08
0a71a
07f4b
0aa38
06ac4
0cb33
05cf2
04d04
06c94
00658
00857
08fc3
0d89c
05ff7
0b94b
0b0b0
0c456
0122b
0feac
0f18f
0dc6b
00b89
0dc21
0ec8b
00323
0449a
091fa
0cbc4
0558d
0a894
0afa9
08020
0022e
00494
0896d
0b12a
047d1
00f8e
05903
009b4
0a6e5
0412a
0f1ab
0adc5
0649d
03945
04e34
0a258
0fb6c
02ea3
0914a
0c11b
095db
075ac
0a36a
0ff3e
0a44d
01c4e
036e4
0cdcd
08123
05359
03ff7
0394f
0bf16
0656a
00300
0ec31
02f45
08a98
0f36f
05446
0e9ef
0700c
0cf86
0eb4e
000f8
0833d
0dd18
03af0
0ae4c
0a519
0e23b
06302
0b23c
06627
01bdf
0f5c5
0a515
02c59
0bd90
0b946
08933
06aa4
0c0e0
0b536
00be8
0cbf1
0564b
01bbb
0e728
0c7ca
0c511
0df8c
03776
02226
0b4a7
0822d
0b147
0e78c
021b7
01b16
013a3
032ae
0ee26
036e5
08341
0e77d
09269
07f3d
09ce5
091ae
0570f
0449c
0f9dc
06d09
08de7
0d2b0
0bc21
09f8e
0c44d
01f1c
0dc35
0bebf
0fd55
05075
02ded
0c475
048de
02a49
0acbe
0b39b
0d761
0e088
0e7d9
07f1d
03c5f
02b55
052cd
086e3
0e337
0046d
08c39
09cb4
0e428
0751a
07d9f
0903e
0c39c
080c7
0b07d
01c2c
09134
01ab2
0d817
0fbc1
0a1c5
0889a
07e59
0caac
0e127
0f432
03157
09ba5
04824
07256
07139
09f24
05c18
06805
0456e
0cbbb
0855c
0a9f0
09a68
042c7
04c9d
0edfe
06f7b
01699
0522f
084a5
075a3
009b5
04011
03982
0c5e4
014c2
0a599
068fa
0befd
05ffb
06524
0bd3d
03e4a
092fb
0cb7b
09f46
07f31
0676f
0e3cc
07f0d
01013
08f0f
0c977
0b45c
02d99
0e453
0bc8e
098aa
05609
01f0c
092bb
04dc9
0033c
09c77
0c2e8
0c523
072e8
0a68b
01350
021a1
0e483
02b44
05bd2
0a4f8
04874
064e5
06317
0f8cd
00a88
0faca
0d1c4
0175c
08aae
08dac
0caae
0ca3d
01ba3
04fb3
0a9cd
04491
08b84
069f5
0f780
012c2
0a485
0f236
03425
02b2c
0a5b0
0e292
01684
0c325
06dec
0c796
0c785
0f421
0079f
07d0c
0c4bc
0c0cd
093d0
0700f
06cd2
05cc3
029a4
0e01a
0a47d
0290e
02419
099fd
0f423
05384
04141
08c4f
01405
0ecc1
0dcdd
0c432
0aa22
0cbbd
081e0
0150f
0ccf4
0a9a7
066d6
09936
052b4
070ff
0d46c
0c3b9
0ba86
0dbb6
061d0
0686b
087e2
06c1b
025a7
09481
01e45
058fc
06499
058e8
05a51
0deae
090fc
0a1e7
03fa7
04234
051b8
05ddd
05c8a
074d7
0cb09
04ff0
0b625
02854
0efc5
045aa
0a06f
07ac8
0b038
055f4
0af0c
020c5
00682
07f3a
08e8d
06c9a
0eb56
079d6
0aafc
0281f
035ae
0edf3
0bad7
085b9
036da
0c9aa
060e8
0cf1b
0f95c
0b3a6
0fffb
05f26
0618f
000a7
0692a
0cc2f
0db99
0fdc1
040bd
06c0e
07ac0
02c51
0bfe3
0203b
0146e
04f7f
08af6
02a6e
00600
097dd
0ec51
02c0e
048cd
0a9ed
022c5
09027
0a5c6
0d87e
012d8
0afae
005af
03ff8
0db28
0fcc6
05f58
0f128
08428
0317e
0cdf7
01452
0af99
0114a
052c7
035cc
0f8da
00e66
0027b
0619b
0f9a1
0dd0a
0a98c
05b73
09027
0debc
0bfbe
05a95
074ae
08e72
017ff
088ed
07615
0d607
0c638
0f0c2
09575
0f976
0bf49
074ee
0d118
03309
016c8
0bcd3
0bde8
0469a
000ee
0a7fa
0f539
01add
02249
09979
0d261
0c7a4
097da
006a4
01941
03174
0c1ac
0917a
0d35e
05d19
02c85
0c300
0c432
0872e
05fd6
0f5ce
042d7
0cee3
0c02b
0b32d
0af02
0020d
07541
03a2d
05b12
034f3
03b5b
0bb75
08438
03082
02025
04b3c
0d673
07294
0279a
0c153
06a2c
051d4
0499f
0a3bc
01114
03405
0e977
0cd34
08a46
0b66a
0f8b4
0b5c0
03443
0a8d2
01313
05fb1
0c6c5
096a4
04895
040f0
02d27
0f5ee
03ad3
04976
0330c
02043
0e76d
00e44
03152
058cb
0b70d
0f85a
013b0
030b8
044fa
0dec3
05315
04f56
0d10d
053e1
01a93
03425
0ab73
0e50a
0e20b
0ed19
0d988
08914
055f4
0edc3
0145a
08f16
0c6c2
02aae
0e90e
07e47
0e1bf
00ca0
0987c
076c5
03129
0c3df
0a8e8
0e431
0643d
03d89
0feb0
036a7
0784b
033d6
0ad02
05af0
0487b
03c15
089e3
006af
0867b
066ba
058ab
009d3
0ed0f
0697a
0a969
00211
0ccbe
05666
0e268
09768
0c6e5
0b18c
0e07c
0ca52
0aed1
07c2e
0293d
0f6ad
00dbd
0e8a0
06942
039c6
0aa0a
085ce
0898e
023e7
06b7f
0b7e9
0c72a
065ef
0d898
0bfed
039e5
0a14c
083a8
01bb9
0c9b0
05b85
09eaa
0cf17
0ce25
07a4d
0536b
0ba12
0782c
07157
074a1
08f85
094d7
029b4
0852f
007b1
00ebc
08af3
0e7ac
0c3b3
02cbc
045ff
030cc
0b7ab
08f2c
0be21
04a72
09695
010a0
08ada
0141a
03875
082cc
00b37
080ac
08aeb
01ef8
0ad3b
06e87
06bdc
03ad8
0caa9
04d75
03bd4
0e573
0d844
0be4b
01f8f
068cb
0dabc
07f0c
03022
06ad2
0b31f
028de
06e99
08516
05ec0
0224e
0c2ee
06877
0c722
087f9
0d98e
08c5e
0ae45
0d43a
0f62b
07402
04ac1
0f064
05764
0211d
0ce2b
04a89
09123
0b801
08ede
049c8
0f1dd
0d3fe
028ba
0fb62
083b4
0a201
02c6e
07e04
02ce8
08824
07377
0ef4e
01da9
04bf0
06c18
04e8d
0bc7c
03827
05171
0cc8d
02c94
0af37
06fe9
0508d
08c1c
0379a
09c7e
0d3e4
0c681
02d13
01962
04eab
082c3
03b7b
0762f
06272
0a312
011d2
0c39c
016f7
0fdd0
0a658
06939
0b26d
072e8
0fe1f
01ebb
0c43b
08b6f
0cb2a
0ad99
0f948
00446
0012a
028dc
00d52
0ef88
0a5cb
0b24f
011ce
0025e
0d812
0f687
02da3
03257
05769
00ce3
0a2d8
0b189
0531d
0683c
07fa4
08c41
066ed
05cbb
04e55
07ab6
094e0
0f54e
05fd0
03df6
035cf
02368
0ebd4
01ad0
03e00
00980
00086
0a0e6
0a184
01e7b
0a138
0fad7
0ce02
0de69
08540
09ce1
077c1
05de9
046e5
090f7
0aab5
0084e
0e1f9
084cb
0aeeb
05d24
0f399
053cc
07f53
0c6e7
06476
0b25c
0649d
0984d
05abb
01ee2
053d9
0a400
03900
030b8
0208d
05ea0
0aa25
0f233
007a2
01118
07ec9
062ef
0c5fe
0d80b
0b7ae
09e71
0a50a
0c8fa
0f978
01a70
080a6
0014a
0615d
053b2
09b7b
06bdd
0d505
074c9
020ef
07b3b
03291
03191
025f9
044f0
0232c
0a551
04dd6
0398d
06cf6
0c933
0b62a
011db
0ccac
0e395
0bedd
0812d
0b866
096d3
0d276
0c23b
03f4b
00f0b
060ba
05ba6
04309
00d3c
0c8e8
05587
0dcd6
0f1ed
04c62
0948e
0b0b6
001ef
018fe
0f5dd
0b3a3
0cd26
0cca7
0c14f
097a0
06a5d
0d515
087e5
05f94
0c4a6
0c34d
0bd7f
0cd58
00050
0feed
01e53
0b145
0a519
077d8
021e4
050d5
07278
0fc92
000a1
06b06
0d736
080ee
037e1
08005
02089
0af30
01c25
0d99e
05909
04732
0370b
090e3
00ada
05734
07888
0e3e1
005cc
054b1
05e1c
0c184
036c8
0116d
0834d
07a24
055f6
078f2
04f1e
05eb7
08199
08e8e
00722
0b948
0bd2c
0cc9b
0f67f
08bf6
0115f
0d09e
050e6
061c7
0815d
01203
05fc5
0333f
0042a
0a8f8
05437
0447c
0f2a6
0007a
0520a
00604
0cde3
0e9d3
00013
0e19e
0c397
0ceef
07a25
0bac9
064a5
0813e
035eb
0a78c
03b97
039ab
037ed
0376a
0c850
03342
0a35c
08609
07720
004e0
0db8f
0132b
0f180
099a1
0ca59
0c5dc
0e64d
0f496
0f123
07501
06dbb
090b6
0ea76
01d96
0664b
0761a
09062
08e74
0cb8f
023a0
0152c
0340f
0341a
08047
05708
0ac80
06220
009c4
0e4ff
0762f
09c11
0c535
0e5cc
0566b
00428
04bc6
0d924
00b7f
0f8b8
077a6
036db
07855
0617a
0d33f
070e2
0d1e4
0b030
082ae
06fb1
0d41d
08975
01f82
0fca3
04bf2
0e469
0c198
0a22a
0d201
06f2f
0f004
0db1a
079a7
09944
0552a
02436
060e6
0b596
04077
02820
0c639
0ec12
0290f
0b136
0b33f
0c472
039b7
0ab30
09c91
0d37d
09846
0aee5
0375f
0c384
0fac4
0622d
06223
0cbfe
00b94
06cff
0a3d4
0bb84
088bd
03e99
0252a
0a49a
03acd
0d921
072de
052bf
0bd24
03a48
0f08a
0a886
05308
0d3df
006c7
0da9b
07c68
0a4b3
092e1
0d436
0189c
06819
0a38e
0c590
02cd5
0a099
0c9ef
0522f
0e139
025dd
05863
02a54
04136
0cdeb
07c69
09dcd
0b7e7
07021
0341f
0f1b4
0d011
09d97
0ae30
03069
021db
0f77e
0481f
06c1c
0a4cc
03226
00e66
036a9
06b3f
0007b
02b21
04236
00fc7
02c78
09ca5
0c053
06555
072b3
028c1
0431b
00011
05a6d
07852
04615
082cb
0b217
05372
07085
0c789
012e3
0c5ed
016f6
00acc
0e6c4
073cd
0996a
05ead
0bab4
04e8e
01956
0d849
00672
0810b
08d63
0419d
061f3
01445
00bc9
01d10
05076
0530f
0265f
076fa
0f74c
0c44d
022a4
09767
000b0
0566f
092cc
05871
0c49c
0b3f7
05e9d
0555c
0ed87
02e5d
05232
03a5b
0ec7d
0d4ec
0d3c4
0e149
029d0
0136b
01681
0d1da
0ec28
08f61
0a29c
04958
0069e
0e468
090e2
008dc
0f65b
0bd7a
02b61
056f7
0a9f5
0a60d
0b338
0fc78
07eab
05011
06590
06145
0e714
0cb7a
0b8d7
0799e
0dd06
0b1f2
0a41b
06480
0a64e
04ec1
0d37b
03179
0e8bc
0ee8b
0abec
087b4
012e5
0c20a
0c264
02cbd
05212
019d5
006d3
0c006
0c3eb
0567b
088a4
065c5
02a05
08ad1
0149f
025b5
03322
0e298
07394
0534f
03699
098a6
0aa26
0f53e
06f42
07475
0d52a
0070e
0673b
0db7a
039f0
09f14
002a2
0d646
03bf6
0be1f
0246e
0f407
0fd23
0d3ae
009db
09cbc
04c72
014ec
04914
018f0
07db3
022ea
011bb
0b87e
00213
09eaa
0e9b9
0f5d1
0422c
0c216
03b31
08307
0fc5f
0dcec
016c1
0b402
0ece4
07eab
040e7
0eb2f
08b16
04be5
0497c
0ef71
0f961
0478c
09f27
03834
0d92e
094f5
05829
053d9
00be9
09d5d
0ce0e
0d335
0c912
09bb7
03097
03e43
0c215
0bfb4
0ca8c
0cb9a
05af4
0e5d1
03613
038bd
06706
0c10c
0140b
0bbe4
05df8
072c7
054f4
02546
0140d
0b3f5
0e7c9
025fd
0600e
088c4
04cbb
03e5f
05349
0538b
0c7f1
0906c
07efd
0e302
0e2dd
0a12f
02080
04add
03a10
0e5fe
0886b
01961
0c7b0
0b52f
0cfdd
06ede
05a76
07720
0cb82
0bfdc
02e55
0bc2b
03d1f
0c018
00631
04809
0d35a
0f0f5
0f130
0f1b8
07629
0de16
0f6da
0eea1
0a058
0c8af
06d72
0526c
0f65f
0e170
0d0e0
087a3
04609
075b5
0db0e
056a2
0dbf3
065c8
0566c
009dc
08d9f
0b0f9
0dc60
072b9
0da98
0a5fa
00d03
045cc
0ca6d
01316
0990f
0046f
00f09
0f0b7
08e9d
08c33
059b9
03025
0308a
01b49
0d3ac
042d5
0a66e
0a3f2
02d6f
0171c
0792b
05fbb
05087
00a47
0b4af
0fa25
0a65c
0ccc2
017bd
0483f
09025
03655
04e79
0635a
0d4ae
02270
0f155
02e73
097eb
09600
0f9b1
01772
02a0f
050f2
0ecc7
07962
01a10
07976
0963e
049f6
0cf6c
0b259
0cccd
0bdf1
0e39a
0a051
06eb1
050e9
0def0
0f70c
0d7f7
0b239
0d944
0422e
00ffa
0725c
07432
00592
090ea
075ef
025ee
0ea2a
0b5c8
0c3aa
0eec8
097a1
0c0b0
062d7
0a67f
0bdb1
091e3
01a84
0b689
090da
079db
0ecd0
0a781
0bbf5
060f8
04015
03671
0d128
08a1f
0005c
00782
08312
08ea8
0e6e7
00408
04ab4
0b474
09549
06669
00683
0dd4f
0dde4
0925b
0c136
0b25b
05c12
0b642
0dde5
03b1e
0f42e
0d293
06fd7
0a693
05f3f
021dc
0a18e
0bfb1
05b9b
0feca
09258
0f3b4
0f20a
078a1
09321
03aae
0db06
05332
007ce
0e605
00977
07ba4
0a982
0b94f
086a0
06ce9
038af
01133
0dbbe
0feb1
0f73b
0ddaf
07a61
097bc
038c0
04e76
0e2ce
026e5
0b9b6
01ec4
08d42
0f4e5
06708
05353
0c57a
088d2
0a55b
07013
00e65
09018
03fa4
0de83
085dd
05eff
0f756
01b87
0b7fb
0b2ca
01212
05099
0c672
0da13
0402b
0b1c8
081dd
0cbf7
03e66
01475
0f850
02dd0
077ff
0ceff
0d522
013f8
0ee97
05a8e
05b29
04081
087a7
03b62
09d89
00cdb
0513d
00a3b
03b65
09ab2
03de0
098a4
093d9
04bc3
0d79a
01858
02f5b
0261a
0a2c2
0848a
0591e
0f532
0829f
0ba7f
0e380
0f111
0e707
0e667
0b16a
0a15e
03579
0d27a
0be69
06c83
0c85a
0cf98
00a4d
061f8
0449f
0d75e
0dd54
05ac5
079bf
0d9d3
0a627
0382e
01b5c
04844
0311e
0ba56
0af51
01414
051c1
06f65
0f928
0b4d7
0910b
00350
080d1
05f12
00502
03a66
0c811
00c92
013fb
09bec
0fc2e
0a033
018b5
00de8
07044
06752
0859e
0aa15
067e0
0b14a
00bd8
0d5a1
0330d
0fc05
02fc6
0a451
0dd11
09e3c
03bc2
0c836
0ba8c
064dc
0c6cd
00cc3
0f0bb
017a4
0c3e3
05613
02c01
077b4
082ab
0eae7
0fd8f
020b6
09370
08bd8
03e5b
04b34
00dea
015f8
0c99b
00f31
0da95
0a07f
04708
03661
038c2
05645
0544a
06b00
0a3c1
00744
069c0
069e8
0ac09
06622
06155
0667f
0a6e7
029e2
0f406
0a2e7
092fc
03106
0c1b0
06798
040a7
00b4d
03a73
0ec3a
0823d
021a2
02198
09b22
0a170
02c8c
0a3fa
0bbed
0bde9
0c0cb
0fbe5
035f0
06a03
0d340
0aac8
08655
051fc
0d5fc
015b4
09b4f
038b7
02ac2
060a5
0c2ac
05f1d
0cd6f
08007
07b36
0ae96
0fe70
04d25
081f2
0a34b
0d1a3
0be80
06001
08248
049cc
0754c
0afa2
0a929
03541
04614
0920e
0007c
0de22
03b57
054dc
03cd0
06d9f
0b195
0903d
09b22
07e33
0fb5e
04346
03fd5
07bc9
09301
0dada
0ef73
069c4
0495e
091b5
025bf
07971
06ed7
09ec3
09b73
012ce
0877c
080a1
0b864
0ab65
045b5
05b3d
0815b
0ec01
0ad0b
01de0
03afe
0e731
0a8ca
01789
0acbf
0e32b
08474
01a52
0f8bd
00919
0ba97
026b1
09232
0a124
0ab29
0168f
06b40
0a098
01384
03073
0553e
034c0
0c7de
0a79d
01ddc
0aa5f
00848
04252
024eb
094fb
0193c
0d235
0064a
0fd38
01848
0d190
0ad20
0ccb9
01342
028ae
0d77e
09bf0
0cc92
07cff
04c91
0725e
0149e
0d27f
02a66
09a94
07388
0b291
0b455
06e92
0dc63
08ad5
09f12
0c5c6
0ac2b
094d0
0c71c
05dd3
02280
0820d
05a14
0b264
0f329
0610d
02dd7
081ce
08232
06b3e
0dee8
0780b
06990
0db2e
04a6d
07dc6
0f24a
00876
0f50e
0284a
00d9a
0b600
0d20c
08d43
0d20f
08015
001da
04a07
0338e
071ab
001b5
0e1a7
071b4
022b6
0cb2e
070eb
0572c
018f3
0cd25
0aa2c
00b1c
04900
08472
08ae2
0d88e
01f98
0b9d4
0c324
03873
093dd
08aed
011c7
06ae1
02243
054f9
0e957
0989a
0e9e6
07f95
0572f
02f31
0ad85
02192
02de9
0401c
03eac
04057
0a536
06367
0d929
0cfe5
017aa
0bbad
00f4d
0561a
0c556
0a3a9
01e43
00ad6
097d8
0b402
0a3b6
0deb4
0c1a2
0c3e4
0e725
06457
0fc45
00456
03ec4
09cbe
0f6ed
0f64a
01b05
08985
05efd
04c86
01265
0b30b
030ae
0b295
0ed2c
07702
06791
0fc97
0c15c
0212a
008ef
00752
0c7c3
0890b
01418
04557
0a489
08374
01ba1
0e990
0e442
00703
0ac0a
096e4
021da
0043d
09f77
083bb
069dd
09937
05261
08a42
05771
03608
09d2d
048a9
0f52d
063ce
0be78
03cd3
04124
05d76
0874e
02cea
02e5b
04b22
09e47
04e8e
071af
0e271
04651
0087f
02f3f
01847
05526
0decb
090da
0133b
03481
0a9f9
02301
07d87
04af8
0711e
0bf3c
032d9
0bd1a
01c78
05bc3
0f4ca
04f15
08f33
09d53
035f8
0e8aa
0ab69
08a65
0cad1
06529
01951
0f45a
0081d
00c9b
0eeb5
0bfb5
09d59
07704
00e8c
0b732
084f1
016af
0999e
07bf9
0e19a
0197f
09f6e
04807
06d8e
06ccd
0330d
0ec1c
056e8
0b1bd
014ed
0ae6a
05cc0
04dd9
0d5ee
0ebea
02677
08211
0e1f5
05665
09cd4
051b5
00988
08d54
03938
0bfe5
0bdb0
0758b
0ceac
0fd8a
00a2e
01b45
0a6cb
0b53f
09f3e
0216f
06c07
06f57
0eb95
0b376
0cb9b
0845c
01225
0af66
057d9
03998
05a99
0f69d
0de2b
0b921
0dc2e
06a5b
0257f
06e96
01af2
05bb5
03115
07a2a
0888f
0c0ee
0180e
0b79b
0ca40
02ffa
09a77
01704
0d53a
02f76
0ca01
05d4a
0aeaa
026b7
072be
0f3c0
0205b
01a18
0e7c0
0132f
04b75
0d385
0815e
0f52b
01390
023a7
0e963
0a3b1
062de
0f9f5
0a28c
08270
0c5e8
0c956
0fd32
09722
0f3c0
0a3e4
0ba64
09e6b
0f253
0a366
0d6c9
057c4
0ce9a
0499c
04e6b
0f3cf
09c08
0f1ac
0a9d0
063ef
0b355
00d59
0f462
03cce
054f6
066dc
01e88
0e81e
0cba4
0a7b0
08358
07164
05c79
0da63
04436
06883
02843
06b4e
03cd3
09132
07de1
0c45c
0d5e5
0dab6
017e7
0bda0
0f806
06e56
03bbd
0eaaa
0eebe
002e3
063ad
0c5c1
0d116
074e4
0aa6b
0231d
05350
07c58
0ca51
08305
0ca10
0a0fa
021ff
0ea9f
0883e
00a16
0c502
0db65
02203
05cd2
0c6c6
09bab
02474
0e279
07643
09d62
09a20
08949
04955
02321
0a610
0fb93
0d956
05a96
05c52
000fe
019e7
02edb
0cc4c
029a1
08801
059a1
022d7
0c23e
0d686
04821
01858
0c431
05dbf
0fd23
099bb
0a4e8
0677b
00677
0d3a0
00978
0dd05
017c3
03215
0ec15
0e2f5
030c9
08c40
0eddd
010f7
0177f
050ab
0508c
009e7
01a32
005be
0600c
09358
0c589
01349
084e6
0f0c9
09a0c
02fc4
035ab
01ae1
07b1a
05234
0f6b0
02f89
03ded
0c962
06d0e
05647
082a6
08c85
0fb85
07fc8
0c35e
09fce
0487e
026d7
0a32e
0dd49
056de
0ed29
0dee1
056cf
0808b
0ff7c
02667
00b99
0d80d
02810
06aae
0c89e
04c66
01e56
0ee0e
02487
0ece4
0e034
0b070
08443
026ab
0d889
01997
06405
04370
04c76
07c35
0578d
087bd
098c1
09ee0
03de1
03e49
09b69
07dec
03ac1
0f872
07c3d
00010
0003c
08900
0b915
0f5e5
0a0bf
04c33
04a6f
09ac3
0d4e8
0e3ca
0fca3
09830
0d894
0f3de
058af
0ac90
08429
0eaf8
07de5
01959
0a26c
06cbe
075fc
0acb5
05198
06f39
03656
0f3c3
00159
0e047
03ff7
029ab
05e76
03f0a
025a6
0f7e5
0c989
07b90
0fead
018e7
06462
09057
09ff7
0d754
0eda7
0252b
0cf5f
0e047
0be02
00bd4
036c8
0429a
09591
0490c
0b632
07004
05315
0aabd
0f483
08363
031d5
085dc
01d6e
06a86
059bd
00248
09e5f
07c86
00d6a
0b631
0212b
0a5b3
0fd65
08384
00dcd
07a77
032f6
0393a
0c6cd
04d53
035a3
089ea
0d7f2
0fd46
03343
0f1f3
068a1
0bfcf
02153
072cb
03311
095d8
0a0ca
0ea78
0319f
05d94
0d403
0cfb7
0af32
0a02b
00333
06464
09f82
01a47
08e9a
09589
0bc47
0fbcc
0f5ed
0cc10
018ff
0a7b0
09dc4
05f62
0605a
02665
02363
0852c
0946a
02de8
084a8
0958c
0fe61
0b7de
0913c
03957
0b271
0ac20
05a90
0a328
0a2ef
056e3
065b3
04167
03b58
09256
0ebbe
0117b
00ff9
01edf
0fa01
0b1d4
058c7
04b36
01b1a
0baef
0e152
03ebc
02bcb
04e65
0d6bd
00192
03fb8
0a49e
0a69d
00a9f
0d087
0f94b
00683
0ff14
0203d
0baa0
0d41e
0762a
06a8c
0c932
0f06d
002d5
00ff8
0cab0
0c41a
04ef9
00263
07192
07cde
0aa55
00f16
07e50
027a0
05d6e
0fb3e
0e3ae
0c340
0e3cc
0d3f5
01571
09d36
0e607
04918
049ad
04a36
0da2c
08e0e
07884
0a9f4
0ad83
0b1bb
08039
04116
0aa7c
035d1
09c01
02ae4
063a9
0f63d
08d3d
0ab96
0fa1d
02956
0dd38
0600d
03c0e
0c798
04167
0c8ba
0bba5
04dbe
05528
0c801
08ca3
07262
0db44
0ea4a
0cb5d
08ae0
05165
0db35
0b6f0
031ce
09054
074e7
0efbf
0000d
0a5bb
01ed9
0ddea
0115f
0d180
06e9b
04b4b
0a82d
00b23
0229b
00579
007d0
09c2f
0ee94
0a41f
04ef7
0d487
0c32f
03a08
0ccb7
089fd
03dce
0e4be
066de
043f5
09ea9
060e7
09d11
001b4
0b3f2
0b472
02bf5
09d71
041ac
0bf9a
05054
0e091
0d78e
0947b
0a130
05971
0afb1
06836
0fb04
0f664
0a5b4
0f609
0ac83
0c756
06146
09a94
01008
07f64
0b0cb
0c04d
081fe
0d66a
008af
0e188
05692
00dbf
011ca
096f8
0517a
0a0c7
0b93b
0c31e
084af
04acd
0a559
0c299
01e4e
0bb51
0ff5b
0a30c
026dc
03ffe
08847
0dca7
05ec7
0587e
0ecaa
06be1
045ce
05ae5
06020
062a5
03503
0ba69
046d6
075f1
0f915
0ed11
081bf
0e4d5
02757
0a780
0a5f0
03dc6
08829
09380
00478
0cb43
0a294
02675
07f80
0c159
031e5
0ba8c
075ce
02261
0bedb
03570
09d47
0962b
047f3
0fcd4
00824
0f9f6
07bec
0c38b
00eb7
03af5
0628a
0c6d7
04483
06511
09955
0ecd7
0f006
00392
0fcec
06e17
0efc6
0dc7f
0381b
02abb
05c06
0072f
0a979
0e239
00e6a
0c99b
00185
0d590
03aa7
0686f
0785d
0b4e9
0e027
07d76
07310
004cf
01bb8
0920d
0413b
03934
02176
0a24b
0f3b7
08b24
026ee
05851
0712f
0c575
0b97a
0bbc9
0c21a
048fe
0d397
0ab90
0ddde
06ba3
02014
0595f
0ff84
0c423
00fee
07ecd
0213b
0172f
0d412
004b7
0a860
0027a
050a8
0eb18
0c563
07b50
0acef
0f181
0e18a
00b06
08661
0dedf
0666f
0e9ee
08739
0057c
025c1
0a95c
0fc83
0dc78
03907
08fd9
0799e
0be0b
01c28
0335d
0bf89
0a6ed
00089
07e0c
0004f
06843
00e70
07cb6
0cfb5
0746b
03ffc
0142f
0c60a
008cc
050b3
0e4f3
08dec
0364f
0893d
03ac8
0be33
0f877
08496
0ebb3
0186c
0f41e
0e4e0
00c72
064ac
0f74e
08868
01140
045d1
00cd3
01ee1
0d6a7
0674e
028bc
07c2f
0ae1e
05e6e
08a6c
0b4f4
0166b
06f59
0f335
0474c
0969c
01e66
072cc
06658
049d1
02d8b
0cf66
0e3ab
0bc78
04457
03e98
0c48e
097df
0a148
0aea8
0f8c9
01060
0db0b
0f9eb
0e6e1
07ad3
068ef
0dc30
00295
0e5d1
0e7b1
0c9e1
026e3
046e3
0b3c6
0d61c
0f577
08c1b
0b3ec
0acb4
0bb49
069ff
0046e
0411c
0988c
00ddc
0779f
0e6ee
0eba9
049d4
041ab
0883f
019e8
018e5
057cd
0d991
0719a
09411
03851
064dd
0bb77
0cccd
0c9d4
03049
04c10
00728
0f6f8
0bca9
00ca1
035b4
04a1a
0e13e
020f6
00e48
0fdee
09ce8
0bb84
05781
02fc9
06774
0d344
0222e
09c8b
0b078
02ba3
04031
00ac1
05cca
0d197
02f49
01100
0a562
0e12c
05c64
016e1
01b04
0ccd9
0103c
05b44
0ecf6
0f08f
07f47
0a69c
08583
0d62b
0d384
091c0
0572d
03560
0b2ac
0f50d
0bc04
09b73
03f54
084ed
08066
05239
0e2e1
08519
09252
0c0f4
0b97a
0cf94
00fb6
0f029
0f719
07f36
05057
0b5d1
0f8e3
07975
05c8a
0e990
0480e
0aebf
03227
0c4bc
02c92
0dc01
03622
041f2
02ffc
05c0a
021b8
008d1
04208
0e627
0e968
00a9f
08b2a
0fef1
0676f
02982
0b96a
028c0
01ee6
0ea32
0cc28
00992
035e9
08825
01c1c
0ba99
06619
07538
028ab
0430d
0f774
091ef
05afd
05102
01b68
07a7d
0085e
09cf2
0415a
01bf4
0d798
0ae2d
0d79b
069dd
05c95
0f0ef
05501
04f99
0450b
033b1
0a056
0114f
02ca4
0b45f
0f64f
0d87e
0bd2b
06fe5
076cc
09d0e
02d43
09b0a
06dd5
0350b
061d1
0ce47
0143d
0239f
0af8a
0aedc
0b391
0540c
06448
074bd
0d7d4
01e3d
01979
060a1
0632b
0f7f8
042c2
02d55
0bf59
0c284
078fd
0cdcd
0f60d
0e6ab
077e6
0813d
012b4
04a74
04f5e
0e40b
06216
06130
09550
0aa5f
0192f
04a94
050aa
00062
03fa7
091c8
0ee27
04cf8
069c3
0c67e
01595
0897e
0f387
0a485
03260
01294
07ef8
0a684
091a0
0b715
034a3
0d904
0e843
0659a
09cd1
02d58
0ca67
0b8ef
0ec25
02589
05a59
06a22
0d128
04c1d
0f3d5
056b3
0a1ce
0eaac
05705
0a9cf
000e4
0e9cb
0fa35
00f4e
008de
0ea59
079cb
02da9
051ac
0398d
003df
06588
0aa3e
0ae0a
0c0e7
059c3
02585
065e0
0a77d
05fb1
025ce
0f41e
061f8
08f99
068b8
0f1b3
0c299
05a7c
04e1e
08685
01e20
0d59b
0faee
0782f
03ef1
07f15
0f3be
09187
0dd1e
00573
0b2cf
09be4
05c94
0c499
07423
0ee1f
0ab3a
0df84
0e3ee
0f815
02e05
070cc
03da3
0204a
03dbe
0a67e
013dd
003b0
025c6
0560c
007c3
072b4
0b37c
0ec23
0fd0f
0a945
038a6
09a86
0c827
0d248
068a5
0d959
08e66
08a88
02314
0a482
0b018
03b4f
0d26a
059c5
062dc
00b28
069c9
0bc97
0d892
0ebf4
02ff3
08c8f
06d35
00e81
004b1
0a071
0929b
0003a
07ad4
08455
043e4
0814f
09233
0e660
09970
085bf
0efdb
0d5fa
01a42
0684a
01634
0fcc3
01fe9
00de0
066bf
00486
0ab4e
0eae2
06147
0e64a
072be
0018b
08eb7
0cbc9
0e524
02c0c
0f927
00b4f
0b8bd
055fd
082a9
00cc4
086b5
09aa7
0f9d4
012ef
01ab8
0bbed
0cc78
0c90f
06428
04b16
0279e
01684
0936c
0e4a5
0e489
04b7f
00308
03e83
0f970
091d7
05115
05174
0ccf2
0411a
038af
0fbd7
028e1
0ff1f
01b8a
0a9f3
02353
0f955
0610d
0d6c9
0e3ba
0b2b8
02d6d
08120
042e5
08769
0d4c7
0d330
0c1b6
04415
01d31
04f64
0bae0
05a08
05706
0c0cd
07610
0bdf3
00814
0ccc7
06895
0d89b
06e41
03c20
0b22b
01300
02367
005f8
0ff6d
0ab72
0c8ee
0507e
0bd17
0ea83
01fb9
05215
08960
091f4
0dcd4
074fc
0919e
0f8a7
056ce
0b1c6
03977
03412
060dc
0742b
040c6
03914
04ecb
04d13
0910b
057df
0dcdc
0eed3
04e12
0cb0d
0c47c
0a153
01276
06ed6
02000
092e0
0d96f
021ff
0f97a
0347e
0409c
03052
0fd77
035ac
01b1e
062b6
0491b
0d290
0425b
0ec93
0c0f4
0b0f9
0f284
0e20e
04e40
06bc2
027be
05688
0d807
051f5
007ec
07955
0d5af
039eb
0f502
02393
0552b
07c9b
0c68b
0d5db
0f983
0af0b
0e6db
0a966
0254c
014a6
08488
0f0b4
07b49
0ec92
0d683
0baea
0d3da
0f131
063bf
0362d
0ef12
082a5
07648
0b4d3
055fe
07f7e
0d7a7
0a646
06fee
0f124
051a2
079ed
07bca
0e4ba
0bfd3
00313
0c9d7
0314c
036dc
042d9
0bbcc
02264
08633
0112c
00b1e
0ba04
0cca9
04ff1
0f6c6
01b74
074ca
0e5ef
003c6
044df
09502
01dcb
0a893
02ce7
02adc
05b4e
00aec
09d8a
0714e
01dff
09094
0db8a
05ad2
04a69
0f469
0a63a
05d25
010c7
01630
0c24e
07d55
0dbdb
03411
01392
07dca
094e7
026c2
0c08c
08780
06d3e
084ff
03bd4
08f6f
06e1f
00b0c
046a2
0b52d
05552
07a61
019c8
0f84c
01aa0
052ec
02820
0075e
07e68
0880c
060ad
0607d
095db
073e1
065ba
0b06b
04087
01458
05589
0743e
08916
05342
02422
0908a
0d5dc
01312
0d77c
0e271
04459
0d089
0207d
06b36
08172
0259d
077fb
08c85
003eb
07655
0b87e
00584
03868
0abc3
0e9d9
0a70f
05048
098f8
01a33
05bb8
08cd2
0a3e1
0df44
0e643
0dbee
03c12
00a23
0986c
053be
0d5b8
00736
08421
0c848
015af
046c8
09e86
0fe06
082d1
0a095
06132
077af
08d53
016d7
09ec0
0aaae
00628
0be9f
01729
0d35d
0a8fa
09a47
084c8
0a4c5
0954c
0b231
060d2
0432d
058df
05187
04b06
08b01
0993d
08937
047d3
0f869
07306
07119
014a7
05484
04b94
0cabe
00fe7
02093
08667
03265
0313a
00267
0ad63
05d8a
0afdf
00828
0486c
0e40e
02d0d
00a34
07307
08ebe
0718c
0cfb6
046be
00b13
07da9
0f3ea
07fc0
0516a
03be3
0f3d0
01a65
0a089
01878
08f05
015e6
0e22b
0ce45
04f34
05da6
065a1
05446
04dfe
07bc6
08d4f
05afe
0975c
016aa
0d447
05a73
0e024
03a35
06f42
0e396
0edae
02e55
0a241
08c57
076a2
0da36
0c720
0f288
0e35f
05707
0657c
0d145
09d11
0281f
0a8dd
08bc3
067c7
09424
06625
020da
0eb4a
01900
0cf5e
03e06
07202
01e42
0adf2
07779
0c3e2
01db2
0cda3
06b26
09f25
06121
0a5d5
01bb2
0cdac
077cd
0125d
02997
081e8
0bfcc
0d7a7
02f41
03057
06663
09db5
06444
0ae24
0e494
066e5
0412f
0a048
07faa
0108d
02a2d
0dd34
04362
0ccd6
0ed07
0c182
07686
0aab2
0ae8a
04280
01c1c
09796
082fc
0bb88
0b0c6
03243
06ec4
0e57d
0e75e
03be7
013b3
0a4dc
0aa1a
05e26
09d00
0ec12
0a5af
027c4
0e3bb
0c81f
0485b
0ca16
0ac1c
0b278
0c6b4
0ed24
0f43e
0c1db
09098
0094d
0592c
0fac5
0d9cc
05dfc
090fc
01b25
09488
004ce
0fe4f
0e2a1
08c92
069c1
0fe0e
03118
0687a
0aada
004bd
07c2e
08d31
08249
07cc2
09641
0d7f3
0235b
06d85
011e6
02a32
03d20
01fa8
01070
0d0ae
02bb3
0a3e4
00e64
09d62
08640
0bb06
08985
09aec
01da9
06170
01f11
0f546
030d1
05349
024ca
098cc
0039a
0b979
07439
0c874
0fb17
0be34
07689
06670
0b8ad
0aec1
006ef
0de2f
02a0f
0f675
02fdd
0518e
095b6
022c5
032fa
064ad
054be
0b6bf
08f56
07b55
00488
08d51
00505
04e47
01321
0283a
0db0e
04635
051f0
0bd88
0c0be
0b0e6
0d4c8
0be42
04ba5
03a1f
084e7
00ca5
01e34
0b1d0
08900
0f170
0c320
01f97
04a68
0572f
0169a
01f1e
0e82e
04139
0c384
0f746
07309
0c808
0cb73
067e0
05fb0
001a4
09607
0ae53
02ca5
0292d
0d4be
0c547
01437
03cf6
02082
0296c
06d9c
0d981
023a0
01429
0d7a0
03e5f
0c7f5
0d4ef
0d034
0ad8b
02027
01a9a
0fec3
0826e
088a7
0d5fa
04134
0bb8c
02681
0b66e
07dd4
00d61
0f1ef
0e9f1
02173
0ed4a
0c258
0d078
0320a
03878
0e783
0025f
0414e
0f8d3
0ed9a
090a9
019de
0633a
025f5
0eeaf
083a4
0e483
0c93f
09824
0fd86
01144
03a1e
0aa27
0ef7d
06e12
0bd2d
05880
0bb79
00192
05a7e
0ac96
0e92a
01692
04927
0c255
01c32
01fe6
0ab80
0ad8c
0d6c6
0b0a6
0ed3a
00f4e
01816
0f2b0
0ad00
0f662
04028
025fa
06dbf
01ad5
0c982
0c4b4
0a9c8
05715
071ce
0fd1f
0b0b4
0c6ae
00e83
0bf24
09f3a
0df24
0e660
09671
00e45
05c8d
01186
02cf6
0766a
00096
070af
0d8dd
08b44
0418d
06364
0a526
0079c
0e8a2
02ddb
0cdea
0d06f
01cb9
0cb5e
02669
0f5e3
0cfd1
0d1bf
0dd2b
0be0d
06c1d
02648
0160b
0f413
0db04
0c7f2
0d72a
0da2a
01195
0cf3b
0a526
0a6b3
0f8c2
04768
0f20f
0d808
0b438
028d1
071ca
04174
0453c
04687
0b943
0fe31
06a1c
0f142
00dff
0fa6b
03abc
0585c
0b96a
08f09
09c27
06b62
01559
0cd02
01cf0
08f1b
01abd
027aa
0c21d
055eb
0e3c1
07fe2
028f1
035bd
09cc5
08e02
0d916
017f8
0b1c8
0b112
06d2f
02670
00921
01e3f
05bea
0534a
012fc
09536
07085
04980
0597a
0c179
03c9e
0fbf1
02d47
003e6
0c575
0a7a6
0a782
04c4e
0c726
0cf19
0f29a
09526
08331
01dcd
08e31
035c2
06bfd
01dca
0da1b
062b2
02e4e
03500
027d7
06335
01079
07a2f
02e28
06c01
0dc67
0a1c3
04716
0b56b
0001f
02172
0b586
0b026
00fd2
02dc6
09a12
028ec
0905c
08f1a
0d13c
0c4ea
0120a
06e7c
0059e
0dc64
016c2
0b1e6
0f002
0761f
01ed3
0af80
024bf
013d1
08935
027b7
09e7c
04477
0bcd3
05710
0884c
0bcc1
034a4
0ae5b
01000
052ee
08662
0754e
09f54
06ee3
0ca0b
0be16
0d5b8
0cd20
05ffe
0dd08
00ceb
0bbbe
033f9
0af8d
0a23e
05669
0abed
0555f
0000a
04d2a
00f5e
094e8
0136c
0b425
084be
0e69f
08d28
045f7
05569
02984
00003
0753b
011ac
04967
09bfa
062d5
0f16d
0b753
0f4f5
05627
042dd
01282
07b12
0002b
02379
0c597
047b3
056a4
0874e
02099
0cea6
060e8
0d317
0178e
05499
082b1
0514b
09994
0550b
08439
0a93b
018ba
034de
00a66
00836
08cb8
08bb2
04b95
0acb8
0e2b2
04593
07177
0eaaa
0b319
06ec0
0be83
05ad3
0aad0
04ce4
05bb1
0a0a2
052c0
09a1c
004a1
08ce6
0fa18
027c3
0ec15
07c18
04c6a
0f7d6
09e58
019e6
0dc93
031ea
09a4f
0ef3d
02e8f
02fde
03e9d
08573
047b2
0bde9
03b1c
0df39
0f89c
04775
07968
0fde7
0efb6
0579e
03363
0ed7f
0dc7e
03af9
06916
0798f
0fd82
09afb
07fdb
01198
068dd
02ab4
0002a
0cc58
019e9
0cbec
08c40
02096
031db
05db1
07367
0847c
008f5
03223
00a7c
04669
04a6e
0c0cf
0a500
0ea37
068af
09ef4
0dce1
08450
0176a
0c32e
09cca
03dd1
071b4
037b4
0ac0c
02e53
042a1
05317
047d9
0abe6
0bc59
0ae3e
0eebf
0e42b
0a233
01a92
0af1f
00574
0b292
001ed
00894
0fb70
01784
0bea6
05f0b
0cf77
0c8ea
043f9
053a4
01b96
049ee
02946
028b6
015d0
08f82
0bba6
053fb
03201
00ec5
07793
02249
07f66
00849
06492
062c2
01079
0a878
05521
067a1
0fb60
0413e
0c8f2
0d3f2
0dc7c
01a5a
06144
080db
02d15
0d9b6
014c3
062cc
0e801
04224
09bc7
0d6da
0de52
0aaa2
084fa
0d896
0ac64
09694
04c87
05c36
06c11
0f64f
005de
06b8e
01d9c
09a9c
07487
0eea0
0fa24
0519c
0f5f5
024d8
0d628
05c8a
04670
0873b
0d20f
0a46d
04d75
0f019
0809f
04515
0635e
03605
0f907
0ef2a
04f33
05b36
047ff
02a4e
0faa3
05e55
0fdd4
0a11c
0001c
03586
0d55b
0ea2e
0153f
0f32e
0c83a
0326a
0749f
0117b
0cd55
06620
0291b
071f5
029ea
089f6
0dc53
0f016
0a434
0c676
063e5
02228
0d1de
0949b
05eb3
083a8
0e1c1
01a90
0e52b
07b4c
06631
06231
02810
0e584
02691
00349
0b486
0b163
00ce1
05e94
03d71
0615f
07e2f
01619
07c0a
089bb
03fc5
05c64
0f647
09385
0f675
0a568
04588
0fa1d
085b8
0f521
06297
0ea20
05fe8
0e052
02e55
07c81
01e6d
0ad7c
016b4
05bf2
0d418
03191
0a632
0d1ad
0a776
036fc
0dc6f
0828d
04c5a
0a8d8
0d3ae
0118c
0266f
00c0b
0a35b
0e9c4
05ccc
01c5e
09a59
07c52
0dc2d
0c758
02d34
0c1c0
03064
0a155
013e6
0d1fe
05057
0921f
00530
09570
086db
03e65
01686
0a56d
09987
03ee0
0c5ea
03c82
0764d
0c8c8
00499
059b2
0a4d9
0b5ec
00b92
02349
0e011
0a226
0efb7
0865d
01079
0068e
0233a
0b6c9
0166d
06727
09ee2
033fa
0d6f0
0f50e
0fe31
038e4
03013
037ca
0d854
0aad2
0df66
05f73
0f101
07fdf
0e2bb
010ef
01f45
0b7a8
0bc50
03b82
0bcdb
0a5f2
00a45
09f44
022e0
00bd4
03a20
02f64
0f926
0bd0b
04ea6
01573
00c5f
0ae70
03037
0557b
0bbe0
061c0
05f20
0f1b3
0f6a5
08fe1
0ca1e
007b5
0c941
0c565
008a1
0147c
06daa
0525e
0e5a6
0c72b
08d41
07640
05f08
0f8f3
06456
0f6fb
02f87
0d3b5
0f468
0a555
030fb
0ce4c
0c9d4
05516
0c0e4
0edb6
021ad
0d561
008c3
068c5
055aa
05f37
0cdcc
0130f
0d4fb
078e0
01b81
03467
06c8e
0f0fd
0f503
07147
011c7
05405
02743
00aa7
02ab3
082f1
0afd1
03cc6
02076
00a39
077ae
0eb19
09423
076cc
03236
0b45a
0296b
0c2d1
03759
0bf35
0b9ae
0d000
03251
08e24
04364
00f39
078e7
0a53b
08dc2
014a5
011b8
0e872
062c1
01db8
0a0b7
018e1
082f8
0f573
06208
0c200
00550
00b6e
0023e
0d9f2
00ade
071b2
0afb4
01461
00495
007af
02e96
0871a
07926
08fba
05525
055d0
06929
0e7db
086f9
02d26
03b6d
0d358
05ebe
04d20
01af5
087b1
0b081
08a85
0ca18
03184
0b080
0a43e
094b5
04a30
0cd1d
0d6af
0e2f5
059dc
04f06
0214e
07b5b
040f0
0fbd9
09002
09abd
03ebe
07885
0adbf
0ee96
00f2c
0de33
0d764
0359f
0e013
00735
02488
03f6b
00f5d
07633
02650
01242
0f006
03f4f
05bb4
03719
086c7
00dc7
067ef
00f92
00e96
0de4a
0497f
02faa
046bc
070ab
0a49e
0e390
0402c
02d09
08e98
0b80b
0f77e
09f2f
0c170
08b13
0b6ff
07cd2
0be66
0dacd
08cdd
052cc
097cb
00805
0ce38
07b22
0c2d8
07382
0c8cd
06c16
070c1
0c7a2
0e4e4
09a8b
08fa2
02120
05b8d
0cd6e
02ba1
0127d
0c9d8
0f6d3
00c50
0a427
0be8a
0f7d5
03842
0e850
0bbf0
02a8e
0cbc6
0343e
051a7
05fe1
080db
04a55
00af3
0f38a
01c43
0f14e
064bf
0bdae
00738
0f8fa
00aa1
06dbd
09987
09fe4
0efe0
08031
0ba73
0fd97
0ebf2
014dd
0e4ea
0a699
02c27
0013d
0909c
0d180
039cc
086cf
0b28b
0f6d7
03601
0f403
0efbc
016e7
0ecc1
00742
06110
05e64
0cc6a
08e10
0660c
03c3f
08232
00d53
023ed
0b557
02cff
070ff
04fac
0ebd7
0ebad
01f25
08e31
0f51d
0c8d0
0b194
0d05c
07314
06585
013da
0a65e
05f2d
0b91b
05bc0
0a1a6
09a14
08a54
0a00f
08d82
09a5e
0afab
0f962
0f308
0d1dd
01782
0763b
0be0a
0852e
01672
018ad
09b9b
0385d
0c934
05089
05a9a
09467
0b662
03649
02d20
07531
02ca1
013ec
010a1
071cf
0ca60
0d1dc
0e7e9
0f53d
03638
038d6
02833
0fc1b
08279
08916
0af01
094df
040b7
0ef49
0f734
028d6
05590
04fcb
005c8
075a7
05c11
04e67
069cf
03999
08f2e
0ff34
0a7cf
0e233
0d8cf
0c8fa
0a647
0a363
0d395
058ed
06c52
080ea
0f065
01ee7
084a9
0eb42
06609
0ad5a
03f24
0c888
05564
05931
04f27
05f9c
01d5f
044fd
09375
081aa
015e8
0bdb2
0e3d6
05c76
0dafb
06d30
087f7
07d11
095a3
03cd2
00a8f
0aae3
0880c
08bd3
004b8
08b8f
0af90
02f4a
05b96
0846d
057ba
08cae
04fef
0bc67
0b1f1
0fbe7
0d50b
0c677
0da91
095eb
0502e
07d89
01b64
08b46
0d9f9
0f581
032ee
0f253
02bd1
02736
0b9b8
0f7fd
0128d
0c844
076d0
0ed1b
06649
064bb
00f36
02d1f
0e73e
00d64
0744f
01906
0325a
0a0d1
040bc
04416
0138b
0e8ed
0e6b7
0fbf4
05869
0c08d
0df03
0cf0b
0abc2
053a2
09a80
07bc6
018d4
0dd02
0a11b
0f29b
09c44
05491
08d86
08c20
08dc1
0180f
05350
04cac
0de9e
004fe
0c47f
0d1e7
0f6eb
0a52c
00de6
0f7a6
09fec
0a988
0d01c
0ca67
09c5b
0626e
0d03b
08659
0965c
026d0
00a48
02fd4
08cc0
0719d
0638d
07b75
04da9
0cc38
09936
09368
08c4a
05b52
03394
02965
019b0
05087
027cf
0beae
050bb
07b99
065cc
03bf5
05229
03663
09093
08da5
0f3b7
0ecd2
099fb
0ca08
094fe
086b1
00244
0edac
0be56
01585
0a1be
08ae2
084e4
02f8c
06dc6
08738
05d47
096cb
02d8a
0a955
048be
0e36b
0fefc
0e177
07b6a
03b37
05a67
00a52
07d93
00429
0f5d0
0af44
03ea4
0da11
04fb9
0f3cf
01a05
0033a
0c2ac
08abf
0c199
08b51
0f897
016a3
03e3a
0fab6
0f00f
0923b
0a193
0fd01
057f7
09e32
07054
01106
034c9
07080
0df76
014dd
0e62d
0dcd6
074c1
0b7b0
0b5b5
04462
04190
01ada
0eb7a
098e0
09ddb
0d826
0d70e
01a2e
0dc4b
095c5
0b398
0300a
07552
0e49e
0efbb
0fb01
0f39d
016d0
0c7c6
0fc03
08abc
02a4d
0820b
0d2b4
0f309
04987
03eca
01963
0683f
03b2e
0f101
0b458
022a6
0cdfb
04e11
0ac3d
0cc3d
05745
01f8b
0ba2d
04411
0dfd6
0e11a
0a66d
033e2
03358
08a94
07da2
0e71f
04a83
058e8
06302
08da5
020a5
016a0
0e5bb
04d46
0e61e
0c21f
08b44
07853
00d7b
00910
0f38a
00004
0907d
01f5c
063c0
054db
03aab
06901
0e142
01723
0ab05
00906
0ca78
0ce55
00b8e
0daca
0f68d
0ea44
04320
01856
0f169
0071b
0a9d0
01667
043b9
0c997
064ac
01fcc
006b7
0a685
05203
0c475
037d5
01b4f
0a03a
0385a
0bff3
04d68
0bfe0
011cc
0311c
0f358
0a3a0
063f4
03145
0cf45
09f25
099ca
0479c
0d8ce
0127f
04116
04479
0390f
0bb8f
022c1
01185
0f9b4
0fd49
0d64a
0a5b5
0abcd
09094
03ae2
07f27
0b5e7
0da9c
067b0
0b662
008ff
0f866
0c932
0f162
01917
04acb
0e6d4
092bb
03aa0
0b78d
044dc
06196
0e60f
0bcef
061f7
0063f
09159
088f8
0d957
0072e
0de66
0c306
0ef7e
01529
01234
03117
02c7e
0673f
020c0
0ea88
09d0a
04ab4
03240
0867f
0d59b
08bce
03853
0b524
0dc96
0077c
0a117
0bea7
081dd
0ce5b
06603
06735
09de4
010d0
0560a
03f6f
0a16d
0af2b
02ba2
08206
06762
05ec1
04efb
067ef
091fb
0bdd6
03298
053a0
04ef1
02780
07d13
0153d
04651
0fe06
03939
0f9cd
0e97d
04750
0010b
00529
0f5fb
000d1
0deef
0d6a5
01723
051a4
03c42
01e7b
090fb
0b63a
09162
04b2e
0fe78
0135f
0444a
00121
073b5
0f0c7
07034
06ffb
06d2d
0d0b7
06f70
01513
09c39
054fe
0791e
0bfe8
0a3bc
02cf3
07444
04aa2
03743
0b70b
0b9e9
0a551
08027
082bb
03f02
0a990
0462b
01349
048a6
03537
04099
078b5
0c409
0c539
0f8d6
06c48
0caab
0ffbf
05558
050e4
0b662
0563c
0ff27
0aaa3
09370
05683
0be37
0e96c
07df4
06f2c
00745
0aedf
0ab7f
0ac05
03815
04869
017f6
01c6a
0147b
0c9d8
073c8
0e15c
0c56d
0dac1
0e521
0ed41
033f4
0bcfc
0c0c4
06811
090d1
0385d
0f45c
0aa4e
0d5d1
09f83
08a53
0b653
07ee7
0f846
0c859
0d362
0cdc4
0a510
0034e
048c8
0126a
069ea
051b0
0699d
0d651
0c2e7
0a5fb
0e4ff
0789c
0f764
071c8
0f9ba
00510
04a6e
0ec00
00973
09e55
043af
04674
05176
00813
07f8d
0519b
0dce4
0c83f
0eb58
082fb
039f6
0909e
038c7
06195
0c061
0adce
0e88d
015d1
0325a
0ff45
0ac87
0057d
0dec9
09a85
0d87c
0a7f3
02763
0dc62
0de1b
037d0
01be2
0fb75
0db38
08ae1
0413f
014ce
08104
0acc4
0ff90
0ee7a
05ada
03a65
0be37
0bd9c
04e49
01be3
0edb8
0cccc
0dbe6
0f82d
06d36
0aae9
019f6
083e5
06807
0ea8f
0484c
089d0
00e66
0f910
065cf
0e25c
0d3b2
0b668
0caaa
01407
0ece3
08d92
06fd8
0cb44
025f1
02702
0b35e
0b049
0a518
06872
0bf26
01413
00770
024f8
09561
0bd71
06072
00d15
03f14
0a50d
09b41
04e29
0df70
0ac0a
07769
0fd02
02c7c
02060
02622
0065a
0734a
0ca6c
0d850
0f74a
04c75
014a6
0ec0b
0567e
01901
0c2af
06bb9
003d1
08c54
09658
03ebc
04788
0fdc6
0916a
08914
02357
0d348
03bf5
09067
04abf
0c5a9
0bb5d
0dfe0
087a3
0c7d3
0240d
0f09a
0663f
0ad0c
05816
0f643
01568
01772
097d2
09ac6
06044
0bce4
04ab7
048e4
00db0
0a74d
03b17
06ef7
0ce7a
04719
0820c
06a48
03b81
040a9
057f6
03932
0b368
0654f
0ed76
09611
001db
0502d
05beb
09400
0b488
025ff
02d29
0b63a
009b2
0d83f
0d267
08a6b
05f73
0182a
0305e
080e8
0754d
022a3
0123f
0e681
014e7
02c44
08185
0be51
0fd22
04bb1
0b948
09710
0a1bd
09119
0fc0b
07af7
05cee
0469f
0470a
05512
0ba82
0404e
0f71c
0488a
02e23
0161c
0a0fe
03833
02d1d
0a0c1
00c09
0b45d
0a0f8
0aea7
0313c
04665
000bb
0fa38
0f18c
0c30c
050c3
0e7f7
05c0b
08b05
08360
09e49
0d24a
069b0
0af21
0b6d5
006f3
08ac0
00983
018f7
0e695
069d2
034f0
0b67a
03d1a
00d52
0fa13
060db
0f07f
0b955
0ea13
0c06b
08365
0ef31
03e01
01be1
07eda
06421
04671
00d61
03917
0a090
09ef0
0cbf6
05faf
0d782
01bf3
0c1cf
077f0
0b087
0cd12
01acb
000c8
08980
0881d
004ec
03889
0d58f
09ddc
0f270
08407
07046
0490e
03063
0c97e
0c993
0af89
08a48
0568f
0abed
0d3f1
0b6f6
01946
059c5
080fb
01fbc
0bc67
0b7b3
0f9f5
0165d
003c4
0a9a5
082a2
0c390
06e94
03f57
0580a
0174b
0acfc
04296
0411c
0c4e1
0719d
06934
0366b
0234d
07a94
0b7cd
01519
0c626
04e4d
09d0f
02f40
08a5b
0a916
0f5a2
0e98c
00251
09736
057c9
03b00
0a14e
0c5c0
0ca58
05327
02fcd
0c641
049dd
0ca78
09ca6
0bcaa
0eafb
054aa
08ecb
019c5
00828
0a6c8
0c5ee
0abe1
0558b
04abb
0cab8
02b0f
0980f
09123
06b40
0238d
05a2a
079d7
0d8d5
09dba
09101
0b090
0f15d
0d7c3
017ce
0b49f
01e13
02bbf
05151
0ebb9
0fc23
01cfd
04a35
012fa
0b153
0bf00
024d5
04d4e
035bd
0b190
0d360
0817b
0a03b
0dc06
0cdb9
0b9e8
0c793
0646a
03371
02a70
09b56
0ab74
0cd70
0ea25
00339
0de5d
01ffe
0ea8f
07c8d
0010a
03c44
08d5b
04b02
0a565
0622e
01061
0d693
05940
05300
0a2f6
0b038
0cc8a
01e57
00c6e
047b7
0096e
053a0
0669c
05299
0ec73
09e47
0924a
0fdd0
069a5
0200f
05799
0a4be
0503a
01771
051c8
046fa
044c2
01abe
0e58f
09539
0f2a1
0477b
0ff8f
00c43
055b9
02d71
0ac82
0b0e8
02960
0b92b
00a8b
02ec6
0da6b
0c30c
06eb8
08f65
0fb44
03bea
06f9e
09b18
042ae
0ca76
01415
0fc88
0dd53
0d6d7
06442
00582
0fd54
047f5
0b185
0c9e2
08829
07b71
0b9b1
07a9d
04781
01dbb
09366
03dd6
008c1
01efd
077e1
0c0ab
025ea
0a646
023a3
05e70
02311
00505
0bcf9
0121a
0cfd4
0696b
0859c
0372a
08fae
0e173
03348
08436
0a224
0dec0
050f9
02b00
0f4d8
0478c
0fdb6
0b31e
07790
0a221
087e2
0da8a
06fc8
0941f
002e7
00ba5
0d53c
021a4
01589
03f4e
0fbc5
0c58f
02811
0638a
0d978
04a8a
06c67
05cc3
0fbd6
069c1
0f7bd
0f66d
0ef97
00901
02f75
0c6ef
099fc
0eed6
0ac78
01e8f
0c8c9
0daeb
042ef
06caf
05f2b
0378a
00ec2
0e559
04f1c
038a9
0db9b
01aae
03ca4
0e564
071b2
0c96b
0e419
0d56b
0c40a
0b046
01835
00744
0fe97
07e1e
056e4
0267e
0b078
0702c
0735e
0757c
08c77
0be42
0beaf
0e6d8
05e02
0fbc6
0220a
02d88
01b38
0a89f
0e7b1
0285e
06940
09e70
0f0ed
08a3a
0dc28
0ba84
0e56d
0eda4
055c8
00c6f
0cc6a
06ffc
0636e
0a756
0e552
0a78c
01c54
0a9b8
0a6a8
07778
0f6a1
035cc
0a6b5
067d3
0f072
0c141
047ae
0a40f
040fd
0c5c7
0a3f4
0bd7d
0dfb9
0314c
08386
0d83f
02aeb
05d43
05859
0603c
0f32d
09c80
0b4d6
05b80
0d475
0ab62
04f03
08620
0d27e
0a7d8
0abce
059b9
04c8e
04594
0688b
008a6
0cc44
05308
09e31
0f653
0069d
06b0a
01151
06bae
01ee5
03bbb
0074b
095b9
042f5
0d5e3
06d47
05fb7
013c1
0d4d8
0033e
0ca27
0cd5a
043c9
01b8d
0ad8a
0893b
0afad
07563
0c245
0d9ba
0a049
07689
0a95f
04a1a
0c227
0f535
00a23
0c9d6
05c24
09ef4
0d559
01a4e
0e5f3
005c1
0a458
05a73
0521c
09efb
0b259
0a7da
0029b
099c0
019b2
07891
024cd
020d1
0f0c3
0bc19
0211c
0193a
0ff6d
0d576
07f80
0c11f
0e08d
020e6
06cc7
029f4
02b7c
050a6
0e92b
0f76f
0c845
036e2
06be3
06415
0885b
0d70f
0ed03
0fc2e
0f905
0e12c
0fb69
0126d
03051
0cecf
0fee6
06e99
0f752
039c4
07ff3
0f3c9
0dce1
076f4
0a726
07f0e
092d5
0d3b8
04549
04f97
0716e
081c9
02774
0924d
05edb
0616b
0f17f
04e2a
09862
0092b
03a9e
0ab37
04c66
0b9a2
01fae
03a03
05fcb
0f92c
09ed8
003c5
001d6
05b09
09797
05f86
0b3bc
0f89e
0e02f
00637
01397
07500
03538
03576
0d536
08e81
0631a
0b882
080a3
01ccc
0fed6
07553
001ea
0ca9e
017d6
0e3f7
0721f
0fb6c
02234
09f53
029ec
0c596
0259a
0103b
09033
0a7e1
0145a
01445
0a487
0fbda
0c83a
0c92c
01082
088fe
01e41
06b56
0d0fe
0bab9
0b336
0189a
083cf
0d618
04990
0f44c
0b4c3
0f455
0cde7
05b30
0c40a
0cf5f
053f5
0eb7a
07404
0a47d
0572c
05747
049b5
05660
00128
0dcb2
00f25
0b615
0aa28
00517
0fdb1
0cf92
092e2
01655
0cdf0
00730
0d9c6
0ee68
02e88
004e5
008d1
09f34
05642
09e18
095b0
0c36f
01cef
0f5c0
0ed67
0320a
06b3a
08f79
03a2d
08af2
0e72b
0867b
0050d
09c72
0f06e
0536b
0bdc6
09b40
0dec2
0225a
0dd70
004ac
0167d
0dfad
00ea5
01477
01e96
096c1
06ac6
09143
0b50d
01c48
086d8
0d2f2
00d11
08255
02b1d
0ce47
03338
0d2bc
0c253
010c9
02239
018c2
04c27
00f0a
0a038
0e2c3
00f79
0b23d
0c3ac
06729
08623
02fd1
02d77
0ad27
002bb
0dc92
0f0f4
047c9
0f078
02fac
0ecb2
076b9
042fa
0623b
01a52
0b242
0a3af
0b7ac
07bfd
08987
0ceed
08094
0bff2
008dc
0a736
0b2b6
09ef1
07565
079ec
0de4c
08207
0a952
0a6b7
0c060
072c2
09604
03cf9
022ad
0f09c
03036
07479
0f80e
00b70
0332e
04db0
0bcfd
0b0f2
00567
068c4
00879
0e05c
0f87a
05fb1
03255
09d6b
00549
051fd
00275
08461
05226
07f34
0b980
0aa14
09b61
01d37
01eea
027dc
05d44
0ec39
0a99a
09338
0f600
02ff1
0fbe5
0a904
02d4a
00786
025b4
0e754
0a911
02f08
069bd
01ea8
0d2ae
0fbe2
0476d
0cd03
0c7bd
02e14
07b21
02ca5
09b29
038f0
060ad
09c57
02351
0d669
0ede9
0d06b
09151
0caae
03394
0de63
02f8c
05bc1
009ed
008ea
036ee
09f7f
03f52
00048
09687
02ffc
0c4a1
0afcd
0ce1d
0624e
08a0a
067eb
08f1a
0631f
06775
071c1
023df
0ddaf
0483f
0a11c
08824
04569
0e050
0a16c
02f03
0013f
0d0ff
0f7c1
08d67
0b1f6
0976b
07b10
019e6
0464f
062cc
0ec93
0e77d
00863
0ce87
0b87f
0f34b
02dd8
07613
00bdc
0b5e2
0ea97
03dcb
09e31
04f40
01f8a
0f406
0885e
047f7
0e09f
0dcc3
0ae7a
0cc8d
097f0
046a2
0f35f
0bca3
0f796
0de1c
06fac
0f52f
0fd28
07135
0200b
0f51b
09350
00ff0
07b99
097a0
0dfe6
05b27
0588d
0364a
01fe7
01e53
0c9a8
0b924
0bd50
010ef
0a929
0d52b
09afd
03d4d
0e999
002ec
08e1c
082bf
06fa6
0974a
0c7a5
0c296
0e2ef
010e5
073d2
0ff42
010c9
04f3d
0f016
0cc89
00127
0adff
0594a
02e0e
0e8be
06766
05bb3
0f0ff
0e6f5
0156a
047aa
01a23
0a5c1
0ecaa
098ee
06645
06112
0777a
014da
03450
01bdd
0a8db
01fa7
0da72
0561b
0c163
0d0cc
0c8e8
0aaf8
0f9a9
0bd85
0a1a7
0fa19
082d6
0a7e6
0159a
050b7
045a7
0c90c
09a77
032c3
0b0a2
0692a
0ff6c
0c964
0e4a9
02895
0ce3f
00550
09e44
09890
0d49d
00876
05aee
099f9
0870e
08239
0b89c
09649
04855
05c56
0a5e0
03d09
0c96b
000cd
05330
05a7d
022f7
020b5
0eb76
0e1df
0ec3a
0b89d
0565a
00aee
0ac0d
0cc4a
0cad2
02d59
0cdf1
0ce61
0774b
006ef
02422
0ad28
0137a
0e0f8
0510a
08d82
05033
0a65d
0bb7d
0fff1
002df
0928f
0c6d5
0220d
08780
09cb0
084e6
06d0f
0c529
0a779
0b008
00fc5
0f72b
0e3d2
08271
0f336
019f5
015d4
092d5
05635
0ecf9
02f17
0f87d
056a5
0b4ef
05df5
05fcf
0c1e3
0fdba
02fc8
07d7d
0961c
08f5a
0b12a
0134a
0cbe2
0cc1c
01447
0f565
03578
057e1
0e059
02181
0f96f
00cb5
041eb
00a9b
09e43
0a566
0a7c2
0e5ac
0c934
04c78
075ff
0c3cb
0ef79
04f01
09a74
00439
0a8e6
0ea76
0cf9e
05d38
0b9ef
02172
0e542
0700f
0d80a
0f5fb
0f9f2
01537
096e3
06823
0b98a
0e87a
0d387
07c48
04720
0e1e9
08c9a
05bfc
073a7
098f3
08916
0d7df
0563d
03102
0938e
042e9
0e98a
0053a
0af99
01fee
0ae88
06474
01b87
05516
0ae12
01221
0625b
0e7e4
09307
0d457
0d870
0544f
0fb69
09b92
0822e
04b63
020fc
00178
0a927
0472c
0f15f
03d4c
01a2c
0eb6b
098f3
08c45
04e4c
05ca0
06c06
0781d
0a06f
04bc6
07d58
09f13
07b12
0ed8b
0003c
05a6c
0b8d5
009f7
0ce13
0ec9b
0c4e9
0b411
02002
0712b
03a8b
02fd8
03500
002d2
0f894
0bb68
01e6b
0288e
0aec7
0575a
06bd0
06233
09d8a
0c182
070a3
037d8
0a8ba
00a64
00610
0977c
09930
0de0a
02922
09e5a
0cae0
0bb11
0655d
0eb5c
043c1
0fef8
06c12
0a509
00dbf
0af39
05e9f
0c5ea
08b9b
01670
00aa9
00f6b
03f58
09c34
07a80
04d4d
09424
05649
08f12
06912
03834
071d1
02851
02cf6
00261
0f3df
0fb61
03a88
08d46
01501
07c0b
03eb3
04a24
012fb
01f4d
0844e
00666
0128d
0eeaa
07ef0
0b322
09d1b
09b8a
083c1
0cec9
0f682
0b8e9
00f1b
03847
01e4f
083fc
0e8a8
0ae97
0f80c
0241a
0205e
08422
0325e
0c96a
0fa7f
00863
06987
02280
000af
081ce
0ca76
0dba8
0318e
09a76
01996
030ae
04cbb
08969
00972
0609d
0c750
05dec
02bbe
0b2b4
0ef1e
00956
0a218
0c9ee
0203d
0efda
0b349
0d504
08410
0138d
05313
09f80
063b1
06d0c
09100
0b612
0ec74
0fd1d
0c5e9
02755
05736
002fe
03cda
07ea2
0dc8c
01a0c
0db40
0255c
0631e
08dd7
06418
0b39f
006f7
08922
00b0a
0cef8
0b0f2
0d330
0dd13
01525
0d81f
05863
0462e
09216
00ed6
02910
06084
0f21c
068f8
0e195
02790
0d254
0deed
08e0f
09d4e
091be
0402e
0559d
008a3
0e130
02597
04cd7
0ea42
09b8f
04e02
0750b
01b45
0d64b
096f7
0f345
0c02a
0120c
0f213
04319
034aa
0ffeb
018d6
04c2d
0aaa9
0dbb1
04ab1
02997
09dbb
0eb10
0602c
09a90
0a2c0
00ce3
037df
0ac98
092f5
0c8a9
0558e
0fec1
05bc4
032ea
0679d
06f60
07831
07747
06695
0c0f7
0d566
0fef5
0f8c7
0a008
05dd4
047e6
0d1c8
0d5ff
09650
0d36a
00231
06e8a
0f19e
01b6d
0db8f
01239
0684e
0bb45
0df0c
0f77d
0489b
0b8a0
0e4ab
05e73
08786
0c9cf
0d76c
04fac
0307b
0506d
00253
0069c
08842
0424e
013b8
0b00d
0e223
0fc7b
06a1f
0fee7
0be03
0ae07
028bc
0fa96
06773
0b24c
01fbc
0c181
047ef
0049e
0eebb
01deb
05527
01497
0fe32
0cd67
00265
0c8fe
06a22
08b83
0cffe
072ac
03ca6
0dfa4
00513
0426d
03d32
0b335
0cff0
0922b
095d7
0c088
0890f
0a277
069eb
0512b
0cc9e
02969
0f07e
09a75
02af7
0f913
09730
068de
0304f
06808
019a9
028c0
05095
05db6
0189b
0bf51
0b5ef
098c5
09fbc
0d5a1
0e260
058a0
0b6c3
013dd
006c8
09e50
029d9
0753c
001f3
03c96
0fdf6
00e4b
0a803
0c501
053ac
020fb
0e4e7
0bc64
0a911
0c7fa
0af69
05b5f
0b289
09009
05442
01dae
08bfc
0dd46
0505f
06d07
0b957
08305
038aa
05558
00442
04035
0d0c6
08fb9
02eec
04ae2
0ec22
03b2b
06eac
0684e
02681
00123
090d4
0defd
0dd03
05312
0d6d9
08409
0b181
01a69
02daa
0ffab
03d36
015ac
019bf
07c43
0a9de
00cb8
031a7
0874b
076f8
0ce76
02b7d
0fb91
0b4a2
0c24a
00e0d
06ddb
088c4
04dc4
02420
00e23
08a0e
06ca8
0e97d
07e04
0c69c
05bd5
06ecb
074c9
044c8
05d77
0bead
05c0d
07314
06d31
0ac69
05c4d
05a5c
06e5a
01d0c
0f7a3
0a918
04209
0d983
0ab6c
0f810
0ab8b
02288
0cd1f
0ab3b
01a0c
05356
01265
0f416
00876
0b0bd
0327d
0f8da
01b70
0c274
03db9
060f4
0948b
0b4c2
0dc6d
06c36
0c621
06595
07e07
01cd3
0a998
0dbe8
044d7
0c0c2
03263
0f24c
09da2
04d48
000e4
02bd6
0c71b
0aaed
066af
02270
06f87
0f7ee
0b949
0ed67
0933d
07831
0b68e
03c53
0a982
047a7
01aeb
09b9f
05afb
01126
036b3
069fa
0fce1
07942
0a4aa
04759
0a20a
0941e
06f48
07ec0
049c1
02010
03334
0dbb5
09844
03a9c
01d64
02d3f
06f8d
06247
0d7f2
09b0b
07d2c
039a9
0982e
020b5
06aea
09ea5
02e50
0c097
0faa8
0c895
0c7f2
01cb4
016ce
02077
06eb6
023ce
0a22f
0aaf6
094b1
0c20a
0e13f
0be2e
0c410
0aedf
010a4
096d5
0eb18
0b296
06ffe
0797c
039eb
051d8
04900
0dc12
00b82
00b7e
0add9
06618
0d7bb
02436
0e90f
01fc2
07885
018af
08078
0c0db
06917
0f215
0198d
0af4e
0f845
06899
08157
0bbcf
05e46
0a664
0b064
021b3
0c6e2
0200f
06884
0039e
00848
062f4
0feeb
0aa62
0c620
0e6c7
0692f
0b8eb
0e5d4
0778f
05985
0383e
0288b
0c0d1
015a8
09d8c
018b0
04f89
0da18
0db22
0cc69
0ff51
00692
0f868
0579f
0235c
0d756
07a99
0fe8f
04011
0355f
0f5f9
01acf
00fde
0a4ad
0ea54
0b938
02b8a
0b7f8
0d71c
05542
00a77
01e8e
01a47
0a421
080af
0995f
0c114
0959c
06d7d
06ba0
0b2c1
01ef1
057ea
06d1f
00bdd
0a473
0b832
011c6
0d257
076c6
0facc
0c7f6
045e6
0440f
03175
0d0c7
04c1c
06baa
0237c
03a88
0e59a
08b5a
0ba21
0e685
01b01
0a9ce
0ce3d
093b3
004c6
0146a
0abbc
0a5c2
053c1
02ddf
0d4ab
03390
0ed7f
04a59
07111
06bb7
09967
062b1
0b4e6
0d357
06c96
004a2
0d469
06f49
01bd4
0e359
0bfd8
02be4
09d2d
03c47
045a9
0c658
0f81a
00d4d
07134
08744
074ea
093b3
07415
0156b
0281f
01693
07cc8
0fdbe
076f0
09aab
0e64b
065bc
09cbe
02765
06229
07f98
05627
0cf58
0350b
0851d
06e49
0c420
0eba8
02c7d
0d708
055b9
0b9ac
08597
0c277
08527
0b781
09660
0b469
0d6c3
0973e
0a101
00ff1
0b765
0c77b
07507
065a6
0163f
083d0
064b8
034d5
0c6fe
0499d
0bcdb
089ad
057a4
0bcbf
02bfa
06b46
04606
0aab9
0f5d9
003f0
0f7db
0db0e
01cac
0b789
057e7
04526
03052
01ada
07247
075f3
0bbf1
0561e
03c72
0390b
07542
07862
02c0e
0702c
0f4e3
0d87a
08818
019a3
0f7a7
069da
0d539
01813
083dc
06ef8
0e71f
0acd6
0047e
061c8
0a5de
099b2
04809
0e811
05efa
0f95b
00b57
00eb5
0ec68
0bce1
04fe9
03e79
00619
000e8
086da
0b114
0c270
012a8
0f3cd
0c4c6
095b8
09fbd
0745f
0b551
02abd
0535a
0c8d2
07448
03a9d
0ca2e
0392e
00cbb
0aa81
09a39
05db8
0972b
0e901
0132c
00eed
07c86
0c4d1
08129
0bb7b
00f0e
039a2
00949
0161a
00cae
03f5c
05e11
0e50b
063bc
02ccc
05520
09a63
02b48
00931
0bf01
0532e
08c18
0cebd
0a4d6
0310b
0e696
0aec3
0e64e
06c2d
01397
0131f
0067f
023b6
0fd74
08ebe
065eb
0e62b
02b0a
0ac62
0ef77
06abf
0a52f
04a1f
0a270
0ddff
0e43a
0ba16
0d26a
04c87
028db
08682
0f998
0cce5
081fd
07f70
0b33f
07dff
0bcbd
041d6
0c606
01a87
08570
01cd6
0f4c3
0ad4d
028d8
08943
0d58a
07ddc
095d8
0f3b0
07ef8
06739
029ff
04ca6
0b708
00d14
0b336
06859
09421
06bfe
02de1
0df82
004c9
0c3b9
06514
06b45
0ee9f
02789
0fabb
05921
0356f
03c20
083a5
0a36d
0f3f4
069f7
0f33e
03ed6
05122
070f8
0097e
07c2c
0805e
0dc71
027f9
0b98c
0dbaf
0d3d3
02c01
0e6be
047cb
0fc5a
03e67
0a674
06091
0a89b
0981d
0a4f2
0c952
0957c
057a0
0a7db
04040
043b5
0b0ac
0ff1f
02b42
0e298
074ad
03dbf
08d7d
053bd
09e96
0560f
06474
05058
0984c
040ca
0527f
0f9e8
0b229
059d4
04acd
028df
0aff2
0fe76
0423d
0b8b9
0880c
0a2f9
07889
0cd9e
061f1
09f72
0e7fd
06b5c
01c14
047f8
0b7aa
06ab9
09e6c
0da7f
075cf
036a5
02721
020c7
0a9cc
0dfba
00647
0dc02
0d5b7
0f22a
0dede
0bf7e
0bb15
084b4
034c9
049a9
03b40
075da
0847e
0ac1b
06edf
0bace
02d0a
03347
02744
095fc
01795
03b57
00f38
0d208
0229e
0c096
0bf02
0f819
08391
0d67f
07360
04dce
0f88b
06599
0fed4
0ea13
0ae5f
027b0
0031b
0d819
085fa
052ce
02ecd
06ffe
032a7
0034a
090bf
0189f
0e910
0a567
0ccb2
0e539
0d4b9
0a627
00b17
0af85
09ff7
0ed65
03f43
0296c
01340
080c0
044f9
0bc95
08c42
077e1
0b9ed
0a600
0bec2
06914
02265
01351
0d553
0d81d
0ac0f
00d3e
0d98c
0827c
0a9ca
072e4
0a54c
009ea
0dec9
0ab85
0f914
0f194
06a76
0c0ce
0d781
0eb3f
02553
0c95d
06df5
04620
0ce6c
05e5c
05faa
0cb4d
023d5
0501e
07a4b
06104
0a167
0a0d2
0c767
02367
01ead
0627a
08829
05821
0231d
0230d
0c381
07303
0dd27
0881b
0f6a7
08179
0b33c
025ee
0d7fe
052b6
04e99
02600
07caa
045c5
00de2
0ad19
00a68
09d21
0ca2e
053f0
091ce
0e034
03514
0c653
008be
060c4
0de67
06124
0f67f
09986
072d0
0c847
071eb
01beb
05f1e
09a52
01e73
05615
0b9d8
07d92
0b088
02186
04dc2
03fa2
030db
0701b
0bf4f
0c4e8
0497e
07e5e
0efba
02dc1
0f3d9
01335
040b7
03262
06822
0c956
0c899
07a10
0f51a
0159b
04be3
04ba4
093f2
07d7e
07366
0ddef
0bd9d
0147d
07b3c
02b01
0e30e
07f56
0d0fa
07577
0824d
09b45
00cda
056b2
0f8db
01f6e
0402b
0994f
0d114
02977
0e526
0bde8
041ae
01390
04ce4
0c6a5
004e9
07a50
015ca
0c39c
0c71b
0bda4
00a72
0b7ff
0cef4
02489
044b8
0bdca
0a69a
05e8e
0ce70
0eea2
092d7
050ab
00eb6
088cf
069f2
06fa1
003d0
0c038
0f52a
01015
0e9c0
0e5f7
0e7b2
0c444
02d4f
07280
05813
05af5
01bc1
0404f
0fcff
08f3d
0ec79
03e78
0e9c5
0b1d2
09caf
0eb26
0935d
0d0b4
067c0
09933
0bd40
0a5fc
0377b
01a92
0819f
06451
0ef17
0c294
0d67a
06418
0c851
02b63
00f4d
09417
015fe
0592e
046b7
0f8e8
00205
003a2
078e2
0494b
0de1a
0cf3b
03e6a
024c8
0f38b
06382
0513e
0d280
0f4e0
06404
05b47
0982d
067c2
0019c
09f28
0cd89
03cc9
04422
06144
0e8a4
0bd9b
0491b
02cc7
060ae
0f4ba
03b9a
004eb
06e9b
00537
00722
097c7
0ad6b
0de49
09e57
0a68e
09968
097cd
0cc99
00dd5
0adff
03f5e
0a157
0bfd0
059a8
0df3c
0009f
07b01
044ab
0b74d
055d4
0e2ef
0844d
0bea0
04607
0aac5
073cd
01258
020b3
0eb97
0d781
0588e
0a68a
0f320
0518d
014ea
0e747
07e87
08a0e
080b0
0542a
03de5
0a393
03804
0e23a
0f05b
06e13
026fb
04097
01770
0c8d0
03eb6
06e16
0f5db
0633a
0fc87
0a2bc
08516
00526
04c47
02ad4
0658f
004c4
0649d
0e313
0365c
08182
0437b
05458
06fa0
00216
00a5b
01930
03019
04511
03861
07915
075ba
0b0f8
03735
0c92d
0dd7a
0a045
030ee
0f18b
01782
088ad
0f655
0b762
04600
0dea1
08287
0ac60
0d5d3
0ccb3
05b74
0130d
0feab
0ef2b
0ddc5
00a7d
05474
06b01
05aa1
030b5
07bc7
02867
0202a
09034
0c190
0fe90
065b9
03b36
02fc8
0a34d
0db2c
062cc
035c4
0425e
0bc0e
0586b
05802
00f71
09af2
02482
01fc9
00d63
0f050
0ad2c
045a3
08935
05f1a
011a1
07682
0f84b
0b0ee
004c0
09447
0ac07
08482
0720a
0288a
0d5c2
03b5b
0674f
09c43
012d6
020e1
07fca
01578
03206
0d3e1
0d7be
02a3b
0b7ec
0521c
099af
06c4b
0f964
0395f
0f03d
09aea
0ad73
08a53
024a6
0e098
03266
0fc1b
0177f
0f633
0bcc1
08237
0f8d3
05e05
086a4
0e65b
0d747
0ade2
0cef3
0e011
062b6
02c22
032bf
0166b
0276f
06939
06e71
01a8a
0e03b
0b337
024bf
0240b
00da5
05381
07f60
0aa48
044e0
0df41
04200
082f2
039a2
0c8fb
0ddc1
0a9de
07b8b
097a9
0a46d
0e5a4
01163
0175f
0d152
08e9a
0c368
0545a
020e7
0dcc5
0ecb0
04d55
08eef
0262a
079b2
0a0de
053bd
04b0b
0604d
065a1
0b268
07903
0255e
08304
0fc73
04bbb
0c4f1
0ac67
098d7
03dfd
0d84a
04737
01bfa
0dbca
031a1
09f23
004c6
08962
0ab57
0a312
04bf7
0bcf5
0f74c
07790
07239
07477
0e2f3
04abe
0c86b
06b5f
0a5de
0d29d
0f806
0d72a
0cf5d
00a6d
029a7
064d7
03fa5
0200f
064d2
02702
07816
08169
01115
0a84e
09bc3
0c984
05906
0656b
00748
0bdcc
0c3d4
03e82
070fe
0d6fb
0b036
037e1
0e2d2
02982
018ca
0977a
09291
0db9a
07b27
03b47
01efc
04e50
03e3e
09828
0b353
0587b
0d558
0c273
0945a
0337e
0a0d5
02111
0f546
01c23
034f8
01b58
08393
007f7
06ffd
055bb
0ad88
06244
04127
0bd1e
07e09
01814
08c6a
09d88
0c009
0a8ce
049c1
0cbd6
0ff86
0083f
0a4a3
02bbd
0665b
024dc
0e29a
0eaaf
0401c
07008
0ed8d
0ca19
09905
0c573
0d056
05711
0a159
01e9c
0d34a
08ce5
012b3
06dd1
02aa4
0437e
0eb6c
00fa9
09775
0ef41
064b3
0fa88
0ef58
072aa
07d5f
05b40
01c9b
0a164
0d69d
019f6
032f1
097f2
0f412
097a2
0892d
07b06
0dc4f
0a95d
0f74d
01622
062aa
0553f
0b8b4
0d3f7
0c367
05f6a
07791
0a2e2
0ce56
0ba51
0a1dd
02ae4
0d282
05a6f
06a20
0d436
06ea1
01518
0edb1
0969f
0321e
059f8
01b1e
0820b
086da
0bf19
030cc
0448b
0f6e8
027c4
06483
0b78a
08eab
073a5
047bb
0011b
0dcce
07de1
0cf03
0c8aa
013cd
06a5b
09a12
0bb1c
05993
04757
0377e
0e3c8
0db1c
0b0f4
00b0b
04a4c
064ad
0ab48
07891
0e9f7
0b494
0cf46
0dfe8
0e9f4
03009
07d60
0875c
04b34
0041d
08ab5
04810
021c9
06597
02128
00b2b
0b31c
051a0
0f01f
0f33f
06db7
0dbd9
05fa6
0b6d9
04bdf
0fed1
0eb15
0beb4
0bcb2
0967f
08d2c
088de
083d1
020e9
02847
05e91
0d19c
04747
04def
0bb7b
036dd
0ef24
011a5
0ad81
00ad7
0e526
0b1bb
0c105
09cdb
09464
0d1cb
02db0
04dd4
06ed7
0c3a8
07d62
00250
0a3f9
02e8c
0fbee
0aba6
02eb5
065f7
0f839
0077c
05bd0
0929e
0eb23
00b99
06edb
0d628
0394d
064f5
0c07d
04f0e
0c733
021b1
0e2b0
0979f
0f91b
08705
07b20
044b0
020fd
09a68
0ac2c
04d93
0bdd6
06335
0ce98
02738
04864
05e77
0b974
007a4
0f174
0447a
0ec3d
081af
0154b
0c6dd
0c9bf
02838
0779f
07205
08376
00fd9
0b5ba
06edf
0a143
0faf9
0dd4a
0b29f
0c365
091fa
0aaf2
01e90
0f3e3
05aab
0aa88
0520c
0ae12
03154
0fb21
0ed70
0f9d0
08719
01f80
09b88
0c94d
0a28d
0e6df
07359
02e58
07ddb
0b024
09ab7
0b161
07117
01588
06ff3
0ed79
0e65e
0de5d
0194e
09a69
0a1e4
0f23b
07084
0a17e
0bcdf
0913e
04be7
09eb0
001fb
0d2cb
04afb
0ebb4
0dd28
0398c
07a5a
098a6
0e40b
05718
0f0de
072c9
04cb0
0e5c2
044d9
012e0
03ec8
093cb
06dbe
071d2
07724
031fe
09a69
05e96
02996
00ca7
0f6e3
0efb4
01044
0d711
032c2
0a1db
0c998
07961
0036e
0d9b0
0d641
02e09
0044f
0ad6e
09c1f
0f7ce
0c61e
0608f
092af
0d712
0ef81
097e8
04610
0a524
0756c
065d7
096ed
04d85
06d97
00306
033d0
017e6
02211
06ffd
0644e
059ff
00a3d
00b9a
0bd16
09d2b
017bc
03399
0cdcf
0659f
0221c
03c76
02669
0fa29
0fbd1
0743b
03cb5
006be
065e8
09445
0fea3
0c0f4
068ac
0cf95
0edf7
03221
04211
031b3
0758e
023b3
0b4ae
06343
06c5b
03cec
094ec
0f72c
0e7a3
069a5
07738
0bddf
0d212
06fa6
0e3c5
0d9ff
0ebef
0052b
07b85
08952
0488b
0768e
04290
0983a
0c762
09755
045d4
0a5c6
086ac
01480
069f9
0827d
08be4
0f837
042b5
08d04
046ee
0668d
05b16
0f8d8
01c79
0bcb3
0721d
0a3d1
03e67
07792
0b044
02f6b
04a9b
0eddb
014fc
04c30
03ef0
0fe08
06949
05c7e
0f411
0ea6a
0be0a
038ef
0f798
0ca52
00b8d
00e1c
0a0e9
00e20
0f3a0
0bb96
0da2b
05ad2
0d9b6
0e174
01a71
07dce
0f699
070aa
021b7
0ba53
0aa38
027bd
0c514
0f61b
0b8b6
05355
0c85d
00193
026a5
06794
0e658
009cc
0b865
08c03
0bfaf
014ec
0326f
09748
0ee01
0b2c1
07aa2
0654d
0644e
0054a
0fc55
0e3fe
0c4b0
06087
0fe79
04a1f
0b3bc
06128
00339
0405f
04102
0198d
0179c
02f5d
0456e
07646
052f3
0935f
0dd4a
0409b
034f0
0e2f5
0ad8b
0d1d5
0b20e
048de
0b058
0bc61
085e4
06388
0265e
0da8c
022aa
0c5f7
03bae
0a0e4
01395
061e9
0af67
012ad
0fc89
08761
03a99
014cf
0c74c
016b6
0dca3
087f3
026e6
08622
05aa1
0a201
08627
05385
0c22f
043cf
03618
05c1e
0b591
0c395
01501
04ec4
0e84d
090e8
037b1
00016
08e42
0496a
0cd4e
0b3b5
0c0e9
012b6
016ca
0910a
042b4
015d3
086ad
06bb9
09fda
07f71
0cc3a
08679
0c4e8
022cb
05b16
06989
080c2
02091
018a6
0c3a2
09cfa
04283
060b3
01033
08fbf
019ac
03f10
017ce
0ff6b
0d3f5
0a0bd
0ef29
0bb77
0c725
0f378
051b2
04010
0de4c
095d0
08f78
0329c
03c60
027c9
05ddb
05020
0b417
0b64d
07a46
0c2a5
09bc5
0fbff
06025
0cc56
074a1
040ab
0351b
066f5
026f6
0b7df
09399
01e27
034e7
01369
06d47
08e7f
04ca5
07da0
0470e
07913
0d8ba
0e1e0
0f65b
059a2
0733d
0b12a
0cce5
02698
019aa
0a9fa
0137b
0c0db
08e15
0a7ba
0e8c5
0f48d
0792f
069e4
0a96b
046a6
086cc
0bc68
047c2
0c127
07c95
01444
0ccc5
052ef
02fd6
062cf
0ed8e
04ab7
0b342
050e1
05a51
0b30e
0d647
02a77
0f1cb
05d67
0063d
0efd0
03f88
012f4
0fdc4
0a6a8
01299
0be27
0c11d
04cc1
0cd98
04441
0e441
0a079
019fb
0962e
0ca2d
0ae28
02009
0d5cf
0f047
0b67b
0042a
00883
075a1
09a6a
0171a
0f8cc
02f98
0d514
0f232
0df15
0ebdd
06b8e
075fe
0e78e
0a51e
0c978
0a5cd
0c646
02de3
02834
02693
06426
08f6e
04e0c
012c6
0e49f
03660
05d64
03640
07bf4
04c2d
02fa4
0b7cf
08e9d
05c07
00957
0bbf3
06f36
0d381
0b2d5
01394
0c7ae
069e6
05324
02692
06135
0df7c
03a75
06b8c
05657
0aad2
03183
01eb6
0ad35
04420
0efa3
0ebdc
09e02
0dbae
097bf
0a69d
0d203
0f2ef
0590b
00b55
08f1c
08972
04e69
0daf1
06aa0
0937b
0592b
02c84
0f0d0
0b36c
0e33b
0e31b
05b1d
03deb
04c1f
0d199
05115
05606
00425
0c5e2
0e6bd
0be71
0812e
0383c
0082c
0f7e0
0b5ab
0d89e
0b9ce
0e064
0341c
0f0a6
075e6
074ca
090a1
05d64
09e67
01f27
07985
0483f
0b1ae
05f54
0e1ee
01d5e
045c4
0a894
07fae
02c02
0e921
0cb59
0897b
0a5d2
04e27
07875
03af3
0fca1
0d71b
0cdec
0bf9f
07c8d
0e5b6
0a7a5
058c0
05752
08596
08106
04939
02f75
05ff8
0ac6d
00d96
03a6d
0c2bd
0ad30
04f72
05b5a
08900
0ffc9
06455
0374c
03a4f
01300
051e0
07b32
0e434
0372f
08336
01764
0bc2d
0ec7f
0fa11
0aaaf
0020f
056f4
0dc5b
09a39
0643a
0fc9f
01c84
0e18f
0edb2
08328
0711a
039a3
077b9
044c0
0a289
0cace
00642
01d83
07abd
00dca
0c57b
0eb83
03eda
0c158
023cc
0e270
04068
0eee2
0d4bd
06441
0d665
03bde
08d29
0ea9c
0eabe
0fcf1
0818b
01219
09144
091c0
0e604
00a38
062c8
086c5
03a04
09e25
043f6
095e3
0c31c
0e466
0de97
0e87f
0638b
0883b
0ea3a
0c07e
09a82
0b8f4
0c3b6
0cb84
03d1a
03534
0edd2
0eba0
0c6e7
006bf
031d8
03bd9
0a6bb
07219
04ec2
05ab4
0045b
0a186
01e3d
0e20c
0af47
08979
0f69b
09b3d
0bb41
060b6
01292
015dd
0c734
0f4c3
0c7dc
0c2c6
0298c
04b1a
035e8
0ae45
030e4
079e7
0bf01
03e91
07d35
0ff18
0b5b5
03276
0c1b9
0495b
0de8e
096d7
08f3b
03b14
0a1ae
03fdf
02f15
0520a
0c453
0f262
05529
0fe14
0db77
05f6e
0fc85
00d02
01c99
0a3e0
08ad2
0696e
08273
0bbc2
0d8c4
08d80
0d3cf
0e7b5
0523d
0dabb
0db58
0d305
0f3d5
0f9e5
089cf
046cf
06183
01001
0115e
02e88
07fae
0c431
09cc9
0a0bb
00fa4
09236
09ff9
0bc7b
0a563
021c5
00beb
0c405
01599
015c9
05bc9
0acd0
0ec89
0087a
00cdf
014b3
0b787
01c6e
03065
01a02
0e5f4
0a627
0d6c4
06680
05254
0a900
09f77
0e1bf
0594b
0370f
00067
0ef90
0a2f7
08325
03e44
09277
07850
02dcd
0223f
0c422
04461
04c91
001f4
0e8a4
0bcc0
0a382
09a59
0a3b5
04f07
06a46
0b672
059d5
0f0a4
0a731
051ef
04891
0084d
087a2
00a8e
0af4d
01ea3
0821a
07ae0
03701
01cad
0a3e0
0bbbc
04ffb
046b3
0fa7e
0637c
0691d
0438d
036a7
04f19
01b7d
090d4
0baef
0dde9
0e33c
0d460
0a4ba
0d304
06f68
02788
0a0bc
0650b
092d8
02303
0d9f1
03efe
0827d
0913b
091ad
0d63d
05a89
0666d
0d719
0ee21
0f4ba
01dd0
05ce1
018c0
0a8e8
09f81
043ca
0e014
05f6c
0704a
0fb35
0745e
0d952
0fb0f
0c473
0eb30
0a79a
07de6
046db
02998
0a85f
0e7ac
0d1be
01411
04d96
08010
00613
0be85
0912c
0f5cd
0563a
0a712
015b9
0b7a9
0539e
0aa42
0e2f5
0884a
006fa
04c58
07719
0866b
03430
0f5f0
09875
0a1ae
08c5e
0c1ef
0dee9
0a4b5
02305
0fd4e
00764
0cc0e
0bb69
0b301
0b178
075e2
02aa1
062fc
08f89
004e6
018fa
0d288
0fb05
05ca8
0e796
009fa
04b8e
09045
0077a
04c71
04897
0f84e
0602c
0aac0
0360a
06aa2
0353e
04364
08aeb
0c087
0a7b2
03401
0cfca
0e68e
0ff54
06703
0b9e0
070b4
07178
06494
0286b
0ba81
0daa0
0b485
056cc
0083a
0df27
0b1e7
06400
094f9
04e83
0332d
05294
03b8b
0afa9
0652d
06ebd
0a229
055f0
00c47
01214
0c27a
0ff8d
01bab
05630
0349d
09042
0292e
0757a
0df98
01d44
0291b
02fa9
07e18
09814
098eb
064aa
04f51
09f56
0555e
09dbe
03e9d
09a45
0f005
013c6
02a88
0ba9d
0eed8
0b28a
06293
04548
0b816
0be9a
00926
01df5
09e2e
0f5d4
0e9f1
00744
0fc10
053c8
06828
0dbbd
00d5d
03fe1
00be1
0b8b7
0d94f
0ed02
0403c
03bb8
0c92d
05e04
05bb5
03c8c
00e77
0e3ec
01076
08308
0a1c8
0c331
0c437
04420
07b1c
0d02f
0a299
06ee8
08d33
0c3ff
02567
07f48
053c0
04204
0c0a5
0c7de
0e9d3
00c28
07194
06016
085a5
04d8c
04bef
050a4
0908e
03c7c
0b854
075ac
0a4c0
06797
052ac
0afbd
03799
055f7
0350d
08342
0e0c4
06aea
0e9df
0ff6f
0235a
03f20
01dac
0d6de
08d0d
0e293
00aad
0fd54
085d3
01488
00775
0330f
0634b
0a913
020d7
02580
0592b
0bb19
0f231
0d388
0f89b
08b26
028c9
044c8
0ab91
0e646
04d26
057ad
03103
0388c
0ddd3
0acf2
02e9d
01ad2
0aa20
094f4
0dd34
02c93
01d81
071ef
01fad
03ff3
0ce78
053b9
0847a
0b426
035ad
0e803
07ae3
0021c
0497f
0c902
0ac32
04441
019c1
0db73
00fb6
0d6ee
00d3f
06441
09054
0e3d9
094e4
09b32
033e7
04891
0ad22
0c9cd
0832e
0dda1
051d6
0101e
0a278
00ef4
09409
0f02b
03f77
0b3e6
05209
0dc54
00799
0f40e
033be
09832
0a8b7
017ab
059bd
0a860
03589
0290d
0d35c
0a3d9
0e3c4
04231
07cfc
047b1
02ef0
0b4a0
09928
027da
07869
00dd5
0c636
003c9
03307
0ef47
03973
0652a
0648e
02530
0d550
01e4f
00959
0525e
08dbb
0bb09
01f6d
0c676
0b728
069dd
0b8a7
0d068
0962d
06264
0a79a
0ef73
02890
04dc4
091ed
0e62d
02713
0464b
0c89f
0add0
03535
04476
051aa
00106
05d1c
095fe
0e03e
04ca7
00dd3
0e0de
0b4c7
05969
0ee32
0f9a4
0fedd
01d31
05cbe
03544
0e2ee
0fd54
044f6
02fa9
05afb
00396
0aa3b
0b22e
0f1d8
0a9fc
0d47f
09b26
09f80
0eb60
0ad86
0e458
05021
0d1b0
0ec7c
0b4a3
0fcdb
0d7a9
0cc4d
0dde2
00547
013b2
09d1e
0e02c
0ca82
06f01
0d909
03ad5
0083e
07335
0be61
05f87
09714
048c4
010c6
0cb1f
0efe7
004e5
06a1d
0f437
0e526
0ec35
0aa9b
0b9b0
09596
0e5ed
0d5c2
0bf44
0e728
0d70b
0c88f
00849
04445
0ef4f
06d96
04269
0f2a7
0caf6
0bac1
0313f
04c85
09920
0f227
04f29
02d5f
0a027
07492
0a47d
07d80
059b3
0d8a8
059d2
09605
0e626
03b42
065a7
05dca
0e6da
04eec
0a1cc
05aaf
0f64e
014e7
0da2d
03f4e
063be
0be04
02e86
05db2
05db4
00e1d
00611
0d962
0f215
07c09
064ee
09c8a
07d46
0a386
04aa5
06684
05717
0fa97
07168
06771
02360
0fec9
0708f
04238
0f84c
0a506
0adbc
03067
0cd09
0d11f
05896
0ffd6
07588
0c9a4
0b4ed
07780
05585
00699
09511
08bf3
0c482
09f6a
0d3e4
041b7
00a18
01b16
095c3
0a903
0bcdd
02dab
0ef09
0e82e
031c3
090c1
0c329
0d83c
0b9f4
006eb
03a70
0fa39
0d447
0f4cb
041eb
034e8
0b351
0608a
0ff8b
035d4
0b0a8
0f018
01110
029fe
05db6
0de5c
03f2b
0561d
0d30b
0f51c
059db
0a7a8
0e064
05e7f
0618f
002cc
0f0f8
0ecd2
00b58
05247
07ebc
0fe08
03638
00c70
032a7
09660
0b0e7
08236
03928
058b2
0a809
03851
0b3ca
0cf06
0c451
0911c
0034d
0ef63
08854
045d5
0a8d0
07e7a
0c11f
006ce
09a73
0b79f
067c5
093b6
028a6
0897b
065c3
0f13a
030d2
0a3af
03119
0d0f0
082ff
04dcc
02dcc
01577
039ad
067b0
06794
0dfc2
00f5f
02df1
0b946
0c596
0a63c
079ae
0155c
0f069
0e3ec
0021c
00e40
01897
0be10
06aa5
0aea9
0f9dc
00e54
0755a
0b165
0bd66
0864a
0b1fc
09398
0d45a
05d60
050a0
09b1f
06c7d
051c3
04d11
0d673
06c42
0b943
0fb7a
06a50
0a537
0b992
07d95
0248b
01dce
09cb0
0026a
0d277
0d197
0efdf
057da
01109
09513
098e4
098be
0d5d9
0201b
02717
02e0f
0be57
0e4ab
0a452
08737
01376
0fa60
0d833
0ac1f
0bc1a
03c1c
09e10
04b8e
0fe9b
0f156
02191
0a6d4
09f3c
00a18
05793
0a5fc
0e432
0268a
0dadb
02423
02246
0198d
0755f
03fd0
0f7d4
093c1
0cd5b
0d5ef
02c7c
093c9
070fa
036a7
0208a
0e1c5
0383a
08e75
0058a
0ac54
09211
0af1f
05a39
0ddd5
0ba70
042b9
054b0
00e79
02f7b
03438
00417
02411
0cfdc
03ffe
0ed7d
02c73
097a4
065be
084b2
0d08a
0f006
00bf1
02e7a
06f3a
07dfa
0013e
05b05
063f7
072e1
0f185
0bcd5
0b3b7
095b4
0fae5
0d68d
0ba56
0dac9
09d59
0fa16
0befd
06afd
0f93f
0738e
04b58
04330
003c5
04ff3
01f9f
0b8a1
062cf
08e64
05520
06c10
0e033
05019
0969e
0b076
0428e
0d784
0c8c3
0c0e2
0456c
05bd0
080ce
02ffb
0abce
06df9
0d38f
09b34
04d1d
08f5c
0fc0c
0c0e5
04030
05a42
02be7
0073e
05c15
0cb38
02430
0f387
02125
0965c
0cef4
0915d
082f2
04e57
072e9
0b4a8
0bf0a
08891
0922e
095a1
038d1
01e7d
02e2b
0c772
0ce21
0e734
0c859
0c987
01f86
0aa4a
0c78e
005ce
0636b
0b3e4
0a194
0a44e
08251
06301
06ab1
0aba4
01881
03fdc
0be53
08020
09197
09001
0a45c
01889
0ff91
07259
09426
0ea76
0da6d
0285f
07189
05839
043af
0663e
0d71e
0b8f7
05159
08716
08769
07ad8
05344
0a9fe
04ab6
0525d
0b0d5
04547
05f6a
028ee
03a47
00ff7
09732
07bf4
06e4b
0bfe1
0081a
081cf
004d7
058aa
064f2
097c8
06bb8
0e671
02830
0c0a7
004e8
0ffee
0fc43
0a010
0c548
0b540
0e47b
08b57
067b7
0aee8
0d017
05c73
0d8f9
014ce
0fd34
01147
0eaaf
0b42d
0a35b
0efe9
00f83
0dc3d
083a3
06fe8
02a0b
0da09
0e30a
01e95
00125
0581e
04816
0b66c
0182a
02a4c
052fe
005a2
08260
0969d
0c203
07876
0ba96
07cf9
0a402
0251b
0a556
06f31
06943
0b747
07c91
051a8
02ae2
0d4ae
01c3c
0ec73
007c5
0a237
09780
04157
0c3fa
07a21
08c57
0254c
0fa05
02951
036c2
06924
0d9a7
0b410
089a0
051bc
08963
05fe0
07888
021e2
0c16a
097fe
00c60
007cd
0acd0
0e3c3
02a30
0eecb
092bf
05eb2
0a52b
038cf
094fd
08793
0ff0d
05085
08694
0a7d3
047fb
0c9ff
0ce31
0f2bc
01e64
099ff
09ac9
04c3b
06e81
03e0f
034e8
04e64
0ba72
051e6
07333
06be8
042c9
02c88
050fe
0a651
08fe9
00ec2
0ac9b
08a01
00651
0c736
0eb65
0f276
0b15f
074fe
01cc4
016cb
0914d
0c2cf
0f347
0aea9
0ec33
01b91
09c28
01519
0ee3e
0deee
01c2c
07b01
070bb
07d7e
087bf
04389
0c8e5
03eac
06ad3
0319f
02b5e
0f686
0fabd
073a3
063a5
04595
042a3
08feb
0cceb
06bc1
0aaa9
0c550
074a8
0531f
09c5f
01cf0
015ce
0e3ff
00bcf
0b5e3
0d661
05258
028ab
05217
05a40
0cadf
059c1
0a052
05278
0ee26
019e2
0d11a
048fc
09821
0515b
00f5d
0d4a0
04477
0d6dc
04a5f
04003
058ce
0f5f7
07971
078b6
0ecce
0a407
08a9e
081b1
0db08
0ef80
0b824
0459b
064c1
078b7
01809
08201
0bc2c
0475b
0476d
0cecf
0ca77
0b320
0d961
09d7d
0f51b
0f367
05339
0c2c6
0905f
0b01a
080ea
0f36f
0696f
0c442
02310
05b4b
03ca9
07482
06b69
0ebe9
09f66
007ac
074f9
08958
0ccaa
08ff0
0edcf
0a928
05186
06df6
0a1c5
067c4
046a4
0799e
0ce3e
0c83c
03716
0298c
0738e
04251
0689a
0f3c9
01029
056ff
07c7e
09aec
0fe13
0db07
0f666
06c1d
08e41
0de2c
0c7cf
0a12d
0b686
09dcd
0efa5
06e8a
00f9b
04ea3
05489
09192
0a8b3
04ba2
0775f
0015c
0a277
0be4d
09803
0ab16
02231
02f44
0ca9a
0fc01
084ce
056e1
01f07
04535
0e610
090d9
0e079
0feda
079f4
07f97
0db10
0f04b
0ef6e
02da1
0e273
03f7f
0d5b7
02b91
0549f
0b16e
029bd
0de27
0f016
0aff4
0b2a6
09b15
07ade
0f65f
06cce
0e176
03fce
090f4
09c54
0167a
0f363
0c05d
08d9f
0ffa6
04f1f
0b517
0098d
0f968
0739a
056a9
028fb
0edcb
0c527
0b83d
032a3
0297a
0a328
0b87b
07a59
032bd
0c9e4
022c0
02cb0
00130
0a76c
0633b
0250f
0b871
027b5
08ee7
01396
0b1e8
061c5
01952
0f585
09ec3
0fd2a
05c0d
030d5
09fd3
02f4b
01ec5
04571
01c18
03572
0d351
0d2e7
06486
077c4
0f3b9
06b0b
06055
02c06
061a8
05051
07522
0d2dd
01800
00f0d
07f77
00e31
02b06
0d065
0d76e
07d6a
0edd5
0cbe4
0f69c
02004
0463e
0d3b7
0bc7c
0f51e
03797
080c4
09110
05427
05233
06d30
042d4
04660
06076
0af3f
0acbb
01955
09824
0b0d8
059d1
0eff7
0221b
0da5c
076be
09328
02195
07931
0f84b
01e2e
060d5
017b8
07b5d
038fc
0c633
0b1a1
07222
045df
05e55
08c25
08583
08492
0a2a6
0cb18
06dac
000c0
07df1
090bb
0b43b
0eb35
093ae
0b778
0d759
05000
08364
066e5
03e7c
09177
0cafb
074c4
08230
027f0
0905e
0d9b8
0baae
04e4f
0f81d
054c2
07733
09085
053a0
02407
0625c
03cd7
07501
03d8c
0b02c
02dd2
08ecd
0812a
0477f
08514
096e6
02132
0a770
0e199
05262
0b07d
09e6a
0c780
06ec9
03397
06490
0733d
03e9d
09bef
0c05d
0cf24
0e07a
08d1b
00807
0a4c7
0c499
0e5e3
019a1
09892
0a2c9
0b086
091f4
02159
09abf
0201d
0b255
049b2
032e3
0c023
004f5
0cb20
0ab2b
09feb
0a865
0e132
07674
07e6d
087f0
0ead0
0ade6
05325
0acc0
03d3d
0bbf7
04093
0bf5f
0f052
01611
0283c
0bea3
027f7
0c7f8
0b11d
08773
05b75
01bef
031ce
0f7e2
055cb
0c950
0d2b7
048a8
09646
05421
04b38
0bca9
0002e
0216c
0d0a5
08d94
00b5d
078b1
041c1
01231
0cee5
08504
0d957
0bd24
0c7d8
0a8b7
0a617
087d8
05423
01198
0f8c1
037ff
0443f
0eae4
04b69
0d00f
00edd
0a2e4
05ab2
0e574
0edf6
0f1f4
0acf4
0292b
03648
0ba6a
01c8b
05387
0ee6c
021dd
0bb6a
0f5e2
00849
0708d
060c2
0d56c
09540
0f26e
0c511
03b93
0996e
0e040
02132
09507
01f43
05422
0366b
0a405
00648
07ddf
0a106
07f7b
091cb
04249
087c9
0cc6d
0a5f3
04ca2
06d3f
0ffae
00b68
014e7
00b4e
036f2
02ff2
0e6c5
08771
0d433
0646e
05a44
04ffb
00958
02474
0949e
0c121
03afe
0bb7a
017a6
0f39f
0b02b
0d5d0
0c3c3
0bd55
07485
0184b
0f290
0493c
00985
0bc8e
01b82
0dfa2
064e9
0361e
0a710
0fa4c
0eb61
0f27f
06d47
02722
0553c
09c24
0b92f
09b1a
00eae
0d6d6
04a6e
0c61c
0e5ac
0d64e
04fb6
03444
0a866
08a1a
087b2
0dc08
06c6c
0c8f6
020b0
07a25
05e31
0373a
0c43d
0f64d
0d6d0
0c235
02d58
06ea1
0dfa9
08cd4
0bb16
0321d
0cab0
0c9be
0fac9
04132
0959b
06b96
09665
08f8d
02159
0fc4e
0d3f9
03220
01553
065bd
0b94c
06d23
0f197
0cf10
0afcb
03eca
072a2
0dbfe
0a19d
059f6
0c133
01d5f
07692
0fcd3
09ff0
04290
07272
07029
05b8a
061ce
0cf7f
0fe9c
0b88e
0a731
0055b
03605
08f8a
0ef09
0ea82
0e3d1
08211
02b1d
06d4b
06548
01f40
09be8
00f5d
06249
0b522
00987
0a8f4
0fe6d
02d66
0fcd8
0e2b7
0cd60
01f74
05a34
0b7ae
0ec53
0867b
0fb48
056be
0c49a
0e209
017b5
0a671
0b440
054cf
09557
095e8
0e230
0bde7
06b3b
02675
04e7f
0fe4b
0b897
092a3
04e9c
0cf92
06bc4
0abcb
0ec13
06314
041f8
05457
09f1f
0fbfa
078cc
0c9ce
04d04
00307
07ab2
049c4
01e2c
08928
01ba2
0d725
06c9d
0e541
085fe
0bcbf
08f5c
0781b
0eb6a
0c34b
030e4
0ef8f
01a28
0da9a
09cc0
0bf45
0ca07
0beff
03025
01893
070d4
07c8b
04ec1
0490c
0ecc1
073b2
0606d
0b95a
0aae5
0ed4a
02f24
0bea1
0334f
02ace
029ad
0c5f3
07542
0b819
0ffee
07ec2
0f0ce
0a68d
0162d
02134
03ef3
0f7e4
098ae
0a44e
0eb80
00d20
04ae1
0bc6d
0416b
07948
00ace
0ad61
0626d
00a2b
07210
004f8
0eab6
0da66
0bef5
02d69
07f57
08ccd
0be1e
0da40
0c855
04303
090cb
061fa
01115
056ee
0edee
0722b
03056
00994
00de5
07289
0a00a
0a33a
042ee
0857c
0f081
0a7da
0d813
02ca4
0d9be
01069
08a0e
0a465
051f2
0fdbb
05029
08140
0e8fe
03321
0d7fa
005c8
08467
076ac
04730
022d8
07790
0f4f2
01c49
0f7cc
0430f
0da59
0cfda
0404a
0eabc
0d5cf
059d6
06dcf
0951a
0fc0f
00ba5
0b57b
0b734
0f773
03f5f
0378a
09555
07d05
03998
0a9bb
00718
02187
09254
02d2a
0e568
07e25
05d9b
08fc3
00da7
0c55a
0db93
08a43
0fce7
0da8d
0fd75
0bb7a
09cc0
01c96
0821f
05008
0bf43
06706
0131d
09da9
0cac7
0ee1a
0edab
03676
009b2
0a166
0ee63
06483
0aa32
0c104
0dfd5
0d8fb
0d787
02979
0e8f8
0c7a7
048b8
094f3
0c9ee
0ae33
03f9e
09df3
0b906
08ed2
03eb4
012c6
0a325
0d0b2
0d981
0add6
0759c
06793
01527
0dda6
09ec6
001b1
08bfa
05924
055cd
08b27
02c8b
0c62c
06562
09b7f
087cd
0c5b2
0ee01
0295e
0acf7
0e026
07b6b
0503f
005a2
0ce3c
06291
0d1f1
00ab9
0f7b6
0fc9d
08388
0ccf3
0b040
00eb9
0e5f1
0a639
0e2fa
02111
02ccb
05e75
02285
011fb
089ef
07758
06f52
03860
0741f
0cda1
059c2
0a4ea
0d967
0efb5
0a43e
09949
024ed
070e6
09c3d
04e5e
06fbb
0f745
032cd
08fad
004ac
03699
0f3c5
09cd1
0c274
019a2
0064f
0174b
0955f
07b84
008e3
05f5e
044d6
04d9b
03e52
0f600
04eaa
0cddb
03911
02fec
05d2a
09fda
01923
0f915
0b54f
0d796
0dd37
0c7d9
08d02
05804
0400c
0a2cd
0bab7
0285e
00168
0a1a1
00329
072e7
08506
004f9
066f5
0f0b7
0b60f
0498f
0be85
0104c
0da00
086bd
0b968
03631
02c18
00e02
00541
06964
0a4fa
09936
0cfb2
0403f
064ac
0c142
07939
05ccd
0b4ff
0865d
0154d
02076
0181e
09ba2
0230e
008e0
07444
052ba
05422
00d86
0980d
0ea51
08042
08507
0b16f
07771
07480
0db42
00e84
03f38
05bed
0bca2
02af3
009cc
00141
0a612
023a6
0d333
031c2
050db
07112
05d16
09ee9
0e1c9
06e66
06c26
02858
06968
0c233
05d5c
02a90
01598
044eb
0c35c
05d5f
0c9a3
04502
01a6d
0fb43
09fa2
062b6
0c45e
05c61
0d0c6
04793
00abb
0ca5d
0a27b
02846
057fc
076bb
08682
0ec11
00fd6
04a5d
0f877
08842
081f8
09b00
00f2b
0d740
04608
039d4
07d11
0766f
0b6da
0e007
0582b
0fa2d
04b6c
0680e
0176d
0a2c6
002d3
03f01
09e80
08651
0a061
00460
0358e
050e0
0c685
03078
08351
08449
03291
01e4c
00ac6
00c20
09fcf
084e7
06272
049b7
0198f
0f57e
05444
00400
0bdfa
05350
0103a
06bd0
02809
08490
0fa55
0c24c
0c439
02a62
01d0b
0a714
0e7e8
0c2c9
08686
02d38
0131e
03ee9
02ceb
0430b
0f82d
0fbab
083e6
0d1f5
06686
0a1db
0b4b4
092bc
0af6a
03014
00daa
0e74a
023dc
0b932
0c696
09424
03d47
096dd
02d7e
021c5
0166e
0d254
07c57
0e46a
03198
04730
01c7e
0f5b6
04a2e
0cff4
03bf2
0360c
0ddcf
072f1
0c6fa
0ede5
09f0e
0175a
0b8b6
00326
075f1
00b8d
07d68
0c4f3
03208
08273
0cfef
0721d
09866
036bb
0760a
08864
02ddc
0b175
03cb6
00bdb
0c317
0faea
0841e
00302
0bfea
0c5fc
04bd0
09e26
0127e
0909d
0ca27
024e7
08eaf
0b039
0e365
03c35
0b8a3
020c9
04e37
0025d
07e06
0611a
08c8c
0de2a
0984f
0d48f
0026b
0257d
0cf91
0986b
0b8d7
083b8
082b4
055eb
06e3b
0f785
0a0c1
0d646
0bcc8
09b35
0cffb
09e12
07964
0dadd
07115
0682b
00e8b
05347
0e7a7
066c4
0f029
05aaf
0d2a1
056cd
0cf15
0313b
07155
0bba5
0b5b8
0492d
0f361
0af27
0d29f
07fe1
01f53
009bf
09d1c
06e60
07426
00801
0e7e5
0cd01
0fc46
09885
0a73a
07093
042d4
0d1af
0bd5e
0eb01
02ec5
0c586
0f274
00791
0260f
0043c
0a4d9
0bd73
04115
01eb9
0d333
0d3d5
062eb
0c7c9
02303
0a458
0732d
0563e
05df4
05d39
04a73
07296
08e9f
0458a
0f506
048c6
0129e
03c3e
0d066
03d98
06592
0d4c8
0cf36
07afb
0b16f
0a3bb
07077
0140e
04a99
09adb
02cf4
05364
07c7c
08c93
0264f
09963
0cc5b
038f9
0ad89
071db
0ddcc
0b6a4
0a178
0e1ab
07083
00323
01995
01a4c
07555
0d905
0748e
08d43
01e10
062f9
0d60b
0c0e9
07768
0b695
042f3
01581
007d4
09864
02ccb
0317b
02191
00edf
03477
06fea
0207e
071fd
05213
0ae0e
03183
05516
06e50
06f48
0a2bc
0129e
0b40e
01aae
07a52
0328a
066f8
0a02e
07cbd
00a69
02af3
09d93
0288a
0eec4
0e97b
0d395
01ec0
00cc0
087f3
0dcf3
00c9f
0923d
0f7fc
0754b
0656c
041fc
0c47b
0e3e0
05807
031a4
07cb2
08735
0ab6f
0cd1a
0e4fc
0fd75
0d398
05d1f
028c0
03e39
0aae5
0f5f9
0654a
06827
0e5fc
0d44c
0e2a7
0119d
0e500
00696
0de3e
077b6
08a03
008c7
0204f
07750
09ca2
0f03d
0ef94
0d2f6
03947
0ea1d
0da12
05cd4
09265
014bc
07658
0839b
0b0d1
0818e
057f4
0b85d
0b46d
0f994
0a728
01c51
0fd59
07aa1
0a33a
048a9
072e0
0d101
042ed
0ecb1
09abe
03f51
0e4e5
0b51b
0f21a
084bc
07848
05b0a
0b6d6
0ca56
0863c
024b1
00783
093cc
051aa
0c721
0a8c4
0ac1b
05ce2
09d33
0f39f
0162d
0549a
0ecd2
06a2a
08370
0123f
0703e
0c9ed
0be59
0eee7
0c417
0e80d
0b721
01c09
0a626
0fbcc
0340d
03907
0e6a7
0b1ea
0405d
06fa1
0a6a4
0feed
01f85
0766a
04f99
01aa6
0573e
019e8
0589e
077cd
04587
001b1
0d6b9
0dbdd
0466e
02dab
01c84
03e92
028b8
013bd
0cf4e
05d08
0a290
0752b
025b7
0b647
02a87
0c0e3
03baa
0156f
0b435
04c1d
07216
0cfca
05913
0aa71
02850
09ab2
02319
045fb
0196e
0cdc7
06afa
04c50
0d7e6
0a196
0a14e
0d828
06a54
0fc9d
08d6b
0dfaa
073dc
0496c
0d100
03964
081a0
0a9f1
0fce9
0d2c5
09c08
07a3f
0ee70
09cff
09e06
03bd8
0cde6
0ff03
016a0
048dd
0def7
0e60c
0651c
000f4
0cdd9
060ab
0084a
0ed10
06b3d
08496
05fea
0ad58
01372
0b18c
07160
04b41
01ae7
0867f
00cc6
0e466
04888
07681
09686
03865
0f8f9
0d797
00be6
0a382
063a5
0303b
0b7e3
0a384
05fff
00a06
0397a
062fb
0c381
00d56
090e7
0d3d1
00a34
03a65
0a064
08e6c
065fd
06fc0
0e5f3
04d94
04ab7
048c4
05ef3
0611a
04288
0bcbc
08061
004ef
01dd3
0f7c3
01db7
09a36
02614
0951d
0cc27
0a8f3
0f079
0c034
0918c
03960
0656e
037a7
05a5a
05be8
0f64c
04329
0212d
0838a
05411
031a0
0d5f6
0ec65
0a9b7
01fca
07ff2
0f535
0cb60
0be16
0630e
08c74
03150
067a1
01c7f
08c0a
0cbed
0c0ed
0b517
026f2
040a2
0fe04
0da39
07b58
0d51d
0e392
0a1e3
07c24
018c2
09962
0e282
05960
0f440
082e9
09ce1
03734
09676
030f7
0b8f1
0e4e7
09d5e
053bf
0b82e
032ea
0aa66
0d9a0
0a61f
06e76
0bc4e
038fc
07542
0aec7
0392f
045db
063e8
02676
0ce09
0dd4b
0c929
01c69
0462b
0fcae
02c5d
0b768
02957
098c9
03f20
05986
05d5d
0944a
0ad02
023bd
08a7f
01677
00381
0f8ea
01a5e
04d3a
0d622
0307b
08b59
04ea3
0dfac
0e2a6
040fb
02ebf
05a52
01a06
0fc6c
09a51
051be
0fd9a
0925e
0bf43
09308
09ca0
06d28
0c06f
08427
085b4
0f6d2
0ce0f
02a0a
0166b
0e80a
034d3
04478
03336
0a3aa
0f578
0fcd0
0fbbd
0bc3f
0e312
0f84e
0ae57
06817
043db
04f06
03f8b
0b9c4
0ed0f
0f187
05272
03752
0ca03
04572
06ca8
02043
02f5d
070d3
00eec
0ebb5
0ca08
0c813
0abce
0646b
0aa2c
00b79
0c9ca
0bd47
07b50
087be
06d40
031fa
07e6d
00149
0337f
0311e
0323d
0aa89
05772
0b0dd
05123
0e363
01f7f
09b79
01190
06ac9
0b10c
026ef
0bee7
01d41
0a7c6
047f5
06104
09651
0aa72
09f75
0a359
0294a
06eef
08fd1
0bacb
00053
08038
0d69c
0479d
03b16
08758
0405b
0c53a
0c320
0d233
0af48
0b59d
035a7
0de02
0e3b8
0e420
0fc37
085a5
00968
010e6
05306
0764e
0fa3f
0fef9
04d21
06c5a
0f84c
0030b
0a059
0c5c6
0fee9
09de1
00f05
079fb
088bc
0b7b1
0487e
0e845
0fc66
08179
0aeee
0d35a
0d688
09de0
0b544
02b4a
0cd02
0f56b
019a8
02c67
09d5d
01ac6
03216
0f9bc
0565e
0ee2c
07785
014fb
01b5c
0ecb9
080a4
05ce1
07709
01a45
0f8c1
095a3
00ef5
00366
02ab5
0eb00
0af41
0f121
00196
042b1
02958
0f9d5
03688
0a8e1
092d0
0ffd2
0ffef
09059
01c89
0fa3b
0dba4
0cdd2
0ab17
0320c
040fa
00921
0f6aa
03c89
0e0ef
023ad
0d6a4
0e57f
029d2
080a7
015f6
0ba60
08c91
01fbf
0ae9f
0de1b
0256b
0fc43
0d92f
08f78
0f12b
0756f
0ece9
07684
0de1e
02620
0948f
07631
01ae0
0cea5
02a02
0101f
06e7f
0d8ac
06c76
0a0cc
0be17
065f7
0abd6
0a61c
0d5a9
03d01
02e84
08518
04bfc
0922a
05e3b
037c6
09d2e
0294b
08661
0ba09
009a6
0082b
0fdb1
0cade
089b0
00f5f
04079
0f8ed
014a5
0f80a
0a500
0f12a
08dea
0fd5e
012d0
08ce6
05cf1
0f05e
0aa47
0b1bb
0b80f
05f05
0e3d0
0d6ab
0f58f
0f8a4
03ebc
0f13a
0d5b6
045b9
055c1
0535a
05c06
03113
0bb71
0202a
09255
07164
07e94
0a9ce
036d8
0805e
076a1
03454
0b684
0bf14
001d5
0220d
08a58
04729
02bb8
0c061
051fc
089c8
05792
06ce2
0b277
0e9d0
08f62
00ea6
0acc3
0a1d4
0d616
0c5b4
09a57
0a8f0
06614
04880
0c108
0253e
0a1b8
01a97
0f162
0fef5
09be2
094e7
00d34
0d902
03bbe
0a297
0eed6
0e394
085b7
03dc9
0b25e
077a3
06c81
025da
0588c
02af6
0a23d
0ec07
07044
07f59
0bbd0
04141
0705a
04cae
0ae47
0876a
05f10
0fc45
08d2b
0753c
07605
0a726
09356
00f92
06c23
08015
052d4
048f6
069c5
02a21
0e044
0fb1d
02f87
04b69
0e9e2
036ac
0d385
060e0
0bc29
084b3
0362d
0b28a
093c5
00989
07dc2
0e4ff
0b0bb
071a4
009fb
06598
0b154
0770f
00fcf
093d9
00268
072b0
0c19e
0db1e
061f2
04548
0d506
06033
0b4db
0e500
02000
0d858
0f60a
07d76
06239
04fff
05416
08968
072f9
08309
01341
01b9d
0c714
0ed7f
0c21a
02b85
0185a
0bfab
0d05c
0b87e
0ddca
0102d
000c2
0e62a
0f8e1
029ae
0140d
01637
0835a
01d55
0f8f7
08e4b
00006
04895
066e1
0bf4e
06ffd
0dbed
0af05
0ba37
09aea
0cbc4
0779e
05aa1
0a828
0fb21
0f9fe
0faa6
0270d
0cbb2
0823d
0d2f7
0fa4d
06f90
0219d
0c7ea
0a841
0c17c
07f9d
09f50
062b4
022ac
04bc3
0c0c3
0ce0f
03b26
01605
0fb17
0dbd0
00f4c
0de71
0f0e4
03eef
02976
0d0f0
0f034
0edb8
0594d
0e766
040e5
0bfb4
0f412
07fa6
098dc
04f81
044a8
06333
0f83f
0e0fa
0815e
01288
08f66
044e3
096cb
0ee2c
0b70f
0d6bb
01f6c
073dd
0c6a3
0ba1f
0827c
0c905
06aa7
06858
089c0
0a099
04b3d
04c1e
0351f
08584
0bfb3
0ab19
0cb64
00edc
00a70
0e794
0e8fa
0f7c6
047ce
07a7c
08c08
08f4c
0cacf
04659
0d19c
03c87
098f3
03595
01f3c
02e15
083d6
0ca78
0ab73
0624c
00195
0fe23
048f6
0f64e
0d61a
077f5
0358c
0ed70
0f92c
06908
0ed8d
0486d
0308d
08c82
0492a
0383b
0fb13
03952
064a7
09f35
092d1
068dc
07806
02a32
0ffed
07052
02df6
01338
05890
0a1a6
04668
06649
0087a
08fe4
0f027
0cbb7
00b9b
0c7a8
03da5
0cb0e
08573
0dd2d
08dea
055f2
0fe57
0ecc0
088b6
0699c
0b4ff
04a42
0366c
0ec50
02cd0
0a6c6
02c08
0d71c
0440c
091e4
0d105
05346
03d8b
0fcc4
09830
07216
048fc
025a6
0b045
00ab9
0ec22
093a3
0b47b
04790
0cbb7
0a221
03c2b
01d89
0899f
0c1ac
0db03
01df2
0bf04
01fd1
05573
0f329
08521
026bb
04594
06604
061c0
0385a
0e7e7
0c9ef
0bdd2
01ed7
09621
0ec45
07c2e
01977
07409
035a1
00528
028fb
099eb
0948f
0f816
0a8aa
060ed
0066f
0e21c
0c55f
0c27d
0b1e6
0de6b
05784
099c0
0172a
06aef
04c53
011b0
002ee
01049
055f7
00507
054cb
0fe44
044e8
0bc48
0e7e6
0b8fc
020a4
0e677
068e2
002d3
0abd6
023f5
0beee
0fc5e
0e17b
01e30
0c52b
0bc6f
07ed0
0c52a
0dc6f
0b3d0
06abf
01c9b
0ac0c
03828
04b8a
00ca3
0f240
0b358
0ba1b
06cc4
0c993
0fc33
08496
0a2e4
066f9
0a1f9
072cb
01184
0769a
0127e
09b5e
0e0c7
06b66
0ec39
03b57
030ba
00702
031b5
0ec6b
02ea6
0c341
03511
0e290
04896
0ed39
0a87b
0c744
0e739
0b993
09562
0cc4a
02a41
0949e
01bcb
02f00
0a6e7
01fa1
09461
0b625
0db41
029ad
0b969
03567
045e7
00383
0e0e5
019a7
0df2d
06d92
022c2
0e4d5
079a7
0075e
04b85
053bb
0abdc
00f1d
0a3e3
033cb
074e0
00d51
0f394
03c4e
000bd
0381e
0eda9
0a369
0ba86
08afb
03b38
0e8d8
04339
029fe
0d928
0ceb9
0f723
053ef
07bd1
0612d
07520
043f1
0ccc7
0b90e
09854
080b2
04c95
0a188
09518
001f1
0d413
093ac
03313
093bf
0c4ed
0eca3
02871
039cd
0c1ed
0354c
076bc
041f3
00ff6
02429
0afb7
0a46b
0f857
0f87f
0c3cb
04fa8
0d96a
0dd37
067de
00df5
0b672
0ece1
08080
003b8
0efb1
0fce2
0a3c3
0579d
038f2
02073
0a558
010c1
04614
0ed41
0c92f
0d509
0e10e
07382
08b60
06be1
0b390
0c4ba
0d954
06cb6
08ea1
0bc60
0644f
0ffd4
0f83f
0ded9
00580
032a7
0e651
0a6c7
02888
03661
09a44
04acd
055c2
07bcc
0fbe5
0b935
08933
0ec44
0a001
0043d
08bd0
08cfc
0154d
07127
0a573
036f0
0126a
08814
074f0
0c2bc
0e87e
0f44b
0fd90
06c16
0f2ea
0fee9
0a54f
05b4a
025fb
074d3
037ae
0fde1
06a9e
052b9
0d383
0557d
06b63
0015d
05686
0f4c7
022b9
0937b
086a8
0484b
03d02
07625
0f46f
01da6
03bd1
04afc
00f10
0ca46
09057
0aa05
08dc5
05813
06ace
05a10
040d2
09897
08759
025e0
073c0
0708a
01786
0da10
085e3
055d0
093e5
076a4
096ce
06736
0ccb8
0457f
0683b
05ea6
08736
0d124
0eb58
06a92
05738
0eff0
013eb
0d8aa
0df2e
0f4f3
0c216
0dbe8
0f722
09ffb
01fef
0afba
04d59
0a937
0336e
077ac
0540b
054c1
04f31
0432f
023ae
0677b
01397
08313
0acea
045cf
0baba
05ea5
0ebd9
0fee6
0260e
019ea
098af
05d7b
054c6
0b6b1
0b614
08e06
02492
080eb
079b3
07ad6
0cee2
039fa
0d06b
0057c
00dde
09812
097ff
09edc
06d5b
01879
07213
0bbcb
09fe2
07207
06eb2
01a64
01734
0c4c2
0c2fe
04027
0e021
01bfa
09610
0920a
0bada
08101
0911e
0b6fe
089cc
08698
0f416
05b83
05718
0ec9d
0ea94
02dd5
017cc
03894
0bd8e
0b35d
0a896
05bab
0ce50
091b0
00e0d
059d6
0ca4b
018a3
0db2b
0f9e0
081de
0435c
0255c
091e6
0edfc
0790a
0f7d0
0daf0
01c1d
011f9
0e87d
0bbd6
0d40f
01a59
0e1fd
054c2
04e74
0643f
0457f
04c19
00f69
0647d
0efaf
06b2c
098e8
03da4
024d9
044ca
0aa7d
034a7
00a6a
0935c
0cefe
04f6e
06f2b
06ecb
06742
0c578
0764c
0c74c
04c0c
08848
0a44b
08837
0f658
092dd
031a0
0eef6
0f9eb
08819
027e8
0a40b
021d5
009dd
05a89
0cabe
0ce1e
0c404
03365
05e21
0d135
04434
06a86
0af29
0fc87
07841
030db
01752
0a61a
0fed8
0a453
05f83
0692b
01c46
04201
0a6bd
0d501
07574
00654
02441
0a624
01f9c
0816e
0c935
04bae
06ea3
0ed6a
0b602
0b36a
0ead7
09164
00f0e
03b83
00bd2
0b49a
03e44
06b0d
024fb
07086
0132f
007ca
04734
0b200
00477
05ad4
0f16a
08ef6
0cdcb
0bc3f
0f4de
001d5
0509f
0d12e
03fcd
0d962
03c62
05c2c
0c8c9
08206
0a368
0bd56
090fe
0b035
03f52
0efc6
003c5
0c453
044bb
08805
0e77b
0dbc8
0ddf4
0475a
08f40
0d2b9
022b8
07875
0bcb6
0c091
02c3e
0126b
00700
07efe
02ec6
0b856
07a60
0f431
03b3d
0f726
0382f
0de6f
0fa4e
03dff
0f646
04bbf
07e02
05753
00f6b
0117d
09f33
05d9d
01f07
09a5b
09a8a
0b54e
00f3d
0d8bf
0adcc
0622c
00e17
00fba
0dd83
0153a
04ae7
01f62
01018
09154
0d8df
0bcfa
03279
01bc3
086b1
01d75
04859
030ee
08ad9
0dbae
078b3
00722
03e52
09f5d
08965
07c26
04d93
0e954
0bc6a
0c3f5
07736
0162b
078bb
08399
0c450
0236c
0338b
06638
07e1e
050d9
076fc
0dd85
042e3
0cf62
0e97d
09e2a
0968b
08d7e
0e803
07ff8
08986
0c61d
03b92
07161
020e5
0c368
0a06d
04667
0a210
0c867
093d9
02ef9
06d3a
0ece7
010f5
05bcc
09bb5
0c8a5
08edd
0533c
0c976
04f5a
0ce73
08c90
026d1
09f4d
0cce8
05283
00a91
00a6f
06653
0e478
09999
09b1e
03066
0c22d
08195
0637b
0e54c
06c69
096b7
05d9d
006d0
08194
07d98
090e2
06a24
07cee
0dc46
02344
02f52
06fb9
09e04
0d71a
0fe96
058da
0d462
04a1b
02b15
0c629
0e367
0a194
0b4a9
09b68
05f7c
030fb
04bde
020cf
059b7
020ac
0a0a2
0d6f3
08ad4
0d5a6
03f7d
0942c
0c4a7
01cc8
00346
0c5dd
0f77c
0c4aa
02844
011d6
0d9ad
0105f
002bc
0fb5a
02564
06464
0d3c1
06087
0f7f7
0d6d4
0d8a0
047e0
0b1b4
06f13
09fab
03aee
02b08
09cf4
0ae7b
0185e
0ff28
008de
05ad1
0b94a
0b8aa
09b7c
0da3b
0c2a0
009fa
025d4
0b8eb
0012d
068a1
032aa
0e05c
06433
0a4a8
02796
0eca8
08a3a
08b85
010d4
04d36
04975
0f783
0b549
071c9
02024
0a397
08e12
02fe2
02700
08c74
07c01
04b53
0732a
04bbf
014e1
023ef
07b4c
0c60f
0831e
0ad7a
041d1
02380
0c8f2
06b30
0119c
0d361
0e136
0ce5b
0f574
05f3f
057dd
04cff
03679
01e83
02505
06bd9
000b5
06773
03803
0a211
04c44
05307
0b0e0
0a764
08c8c
09438
09883
06ffa
0aeff
0a919
0ffcf
01305
040b9
0e067
0a8d1
03aa9
0e8a0
031ff
04a35
00372
08e63
0d1a0
0bbd0
02e31
03a4e
056e0
0e7dd
09fd8
01df9
0be0b
07dea
01451
0be40
092d0
07874
01537
0cd28
0815a
02d7b
06eb4
05606
04f16
05089
02f60
0b222
0b8bf
09ed0
0fb40
0ab81
05b7d
0a180
0c365
0af76
01281
02d54
0b9a8
0ccfe
06fa2
0f885
0741b
0be29
0bc51
0072d
033b7
01cfe
0acb3
09618
062da
0120a
07d68
0f45d
0e226
08e8d
04577
05a57
06c89
0d83d
03be2
0473b
05677
00f76
00f90
032c9
05c44
01f4d
05f93
01f7a
047f3
07ea9
0b0a2
0a01b
0101b
00b7d
0e4e1
0081d
01821
0c1cf
0840b
0de47
0e4cb
0751b
0b609
072c8
05d1a
05d77
0bcfe
0cd82
0aefa
0ecc1
03e2a
0c9ca
0d44d
05561
03d6d
00a4e
09096
0ba5d
026ef
0219f
068b0
09f47
01cd7
083c0
0de9d
09994
0f8ed
0dc2b
0e912
019a9
07767
028f5
086ca
0d05d
0e005
01d57
0efd3
05f0d
0beba
09768
0d849
0b4f6
0587c
0f2c6
019ef
06c87
0a86e
0e51e
0c2ab
03847
05a17
070b5
0ffcd
00ab8
068b4
05fa2
0e1e8
05ed2
0be23
0c76c
0757b
028de
090a2
0d8f0
06aab
09cb2
0434c
0e69b
0743c
085d3
02332
0cd7a
00a04
0f0cb
095d4
07a24
0e86b
003a5
0db12
080bf
03cfc
01a00
03bfb
0484a
07c7e
01b16
0ca92
0653e
061d5
06399
0112c
096ac
0e877
0944f
0d11e
02eaa
087e4
01123
055ba
0253c
091c7
0a815
0b4c1
01a43
03738
0bcb8
00075
00dda
0f38d
0ac1e
0b4dc
03c02
0c564
03241
0bbdd
08e95
0b86a
0c646
0ef78
0eb85
01e4d
0691b
04643
0f103
0b7d6
0c499
09e4f
09a3d
0506e
0a6cc
0b5d5
098b8
05f17
05100
05fb6
05d72
06765
040bf
0eada
0eb18
048a3
064fa
0bc89
0ddf4
05b98
04175
0616e
0154e
0da7c
00508
0cd91
0c877
0250e
0ed0d
02006
04dff
04bf2
0455a
073bf
00fac
0f908
02063
0be53
0a85a
0f929
02212
0d774
08ae8
07866
0b533
00cf4
0053c
0d367
0b526
0bf67
0296d
0105b
0f580
0e4d9
04532
0bfb7
0e38e
08683
03c19
058be
056b9
07926
0441a
035d1
0e2dc
0011f
09815
0fc57
0c26d
0b0df
04108
0b6bd
0c6ee
0e48e
02cbb
02621
04f57
09bd5
0dc6d
09671
0440d
0e17a
07657
0033c
05d68
0b448
00697
07cf2
082ce
0e489
08cfb
0a541
028c2
0afc7
0c2ad
0c492
02886
00770
00d14
0bdc2
08f5e
0c27d
09aaf
0f1db
0e559
07bb6
03a9b
04aad
03469
08fb6
0c653
0a626
02fd8
02b6a
0cda0
0ae0e
0eb2f
03a29
06896
0c20b
0e82b
0c86b
0a104
0d1d2
0e166
0da78
06a31
0c9b2
0f9cb
02551
0c9b2
0562d
0ed22
0ba56
0890d
07a0c
0ed77
04707
02455
081d9
06c64
0f8fd
0722f
02a75
0ed67
03d53
0e3d1
0e70e
03c81
0b981
0255b
09e27
05436
06a64
04db9
07b78
00629
0d171
00844
0bfc0
05c13
0aab9
0b2b9
08b0b
0324c
08bb4
00bda
0693a
04aed
022f5
005e0
0ad8e
0509a
022f5
0e550
0e8a9
076de
0e52c
05d3b
0ae46
0abf4
0dfff
08680
0318f
060df
0ed15
0b184
010dc
02ae8
0d533
0851f
0cf2a
0788a
071c8
06706
09b4e
0d153
0e345
0b3ab
08244
0d2da
0e02b
040a4
0c2af
084f2
04570
0a4f9
01e1e
09b6d
064c3
0f64a
079ae
0c96e
02e72
0331d
07ae8
071dc
043c2
0971c
052f5
07435
091b8
0ef60
02247
00b99
001cf
0305f
05e81
003ec
011a6
01830
040ae
056ee
0cb1b
0a1d3
03b3d
06bb5
0725d
09950
08740
0bae8
06320
0a150
083ca
02a35
0075a
00a15
0aa70
02f48
0a3c7
0c3b8
0e0d2
030ea
0861f
02e0c
0d15b
0687f
055eb
06526
07322
0b343
08da6
079a1
070a4
0bdee
04a5a
0913d
09e0c
0bc7c
081b3
01a03
08e22
0c9dc
0d231
059e6
0df21
016af
0d97f
0f1bf
0b409
05e0f
01826
01b2a
06f05
05c57
036b9
05cd2
0d0e0
042b9
0ac2d
00b62
0413c
0c2cd
07100
0a1dc
0764a
0c769
029b1
0fde3
02155
0049d
0acc7
0649c
00580
0351f
0bf81
0183b
05ffe
0daf1
0ab6a
0a8e8
01a57
0ee77
0a073
094b4
057d1
0f66e
04449
04b93
0a323
0fe78
0ca4c
03ac7
0f193
09af4
0dcd5
0043c
09eed
0d32a
06108
0b467
050c2
04a7c
03b28
0d787
098ca
087fe
00de0
08f3b
04d1c
0f88c
036cf
0bbe2
0b09a
0b089
0376f
0569f
04dbd
07681
01808
057e6
01676
0501f
06bc0
083da
02142
01255
0634c
08162
0088e
0f36a
0c49d
07af7
07635
08272
085e1
04f2b
0bc7c
07dbf
0862c
0476d
01e86
0faed
0d962
02218
057fc
0a16a
0aad8
00c6d
0f13a
012ad
0a277
0ade1
09e28
044e6
090b9
0a83f
0d456
0215a
0a6cd
0066e
05d55
0feab
0cb19
0602c
081a0
00fa8
0ee5b
05248
061cc
03838
037b0
01e9e
093ed
04baa
0dde6
0024f
08152
017be
04c31
06edd
0b98d
09066
03cc4
0d3b3
0f846
08f91
0440f
0bdd2
0dcf7
0d041
04155
0582a
0845a
0e256
065a9
0d5a0
03994
0fb1f
088d9
03880
0b430
06585
08bcb
02aeb
03e18
0fc50
07a95
00343
06fb6
0eb96
036ce
05558
01587
0976e
01138
0de19
06418
005a0
037d4
07aa1
059d2
01912
01181
0f6c8
0c5af
0e0b1
0eea8
01dfb
06def
0abcc
0a1ee
0cb34
03c6c
0b95f
01acf
08010
08fcc
0171f
0d8f4
0555e
0a23b
00be2
0a7ef
0c731
010ab
0072c
0bdeb
0aeb5
0c4bd
00992
07f5b
0876a
00cf3
0e9d0
0491f
0d964
000b5
08584
05059
098bf
06716
0c28a
09c49
03842
0d402
0fed6
08e8d
0d7aa
07338
0f103
0e961
090a7
0f45d
05f0d
09e1e
07121
08283
09c9e
056d5
01061
0c165
0e785
0746f
0db4a
06d3d
0f996
0a844
0fdc3
0f2e2
08cea
025f2
04fa8
034ae
05539
07262
0d141
0f93e
01d23
05836
079fd
0c33a
0f920
0aefc
0b731
0c7a8
059cb
05dde
0c1d7
06eb1
0e49a
0ae93
03891
0a688
042e6
0c53f
04552
0627f
0df2f
0d0ca
01c3b
0d580
0efc3
06065
0b92c
03913
0519e
056ed
0b17d
0859e
03b24
017c3
07864
04cac
04428
046bb
0d930
00b21
0e8a5
0f149
01785
049cf
02c3f
00f8b
0ec6e
08245
0db63
09eda
06482
08413
0f241
01127
046a0
039ec
0ab5f
0e585
0ed53
0493d
0a5a5
0b98c
00678
0209d
0f0ed
066cb
0aa26
00cbd
019f6
022db
02b95
02039
04838
0ccfb
0fbf5
011ec
01c41
0a024
0de6a
0f2cf
08d7e
00589
073cd
09f83
0afa2
04a8b
023f4
0105e
00815
09b37
0b5a1
00aa5
0bd29
0f50c
03f56
09f6d
08938
027ce
02fa9
0ee8d
052cc
00a4a
04d4e
0de09
0e441
07569
03375
00840
054c7
0303e
0df9a
03e5d
0d21a
07159
07567
0f2b1
01665
0e8f7
0ae53
006ef
06c2b
0bc75
0016f
08891
07d4c
0cb7b
076d1
04784
0ecac
0b58b
04539
0aa93
0d21e
0e4b4
0fcae
00ac8
0fc6c
0d529
06c72
0eae0
07262
04c36
07c3c
0f6f0
00728
0484a
031f7
09d75
0562f
08c64
07adc
0f6d9
02454
0f5e1
0f5ed
080f7
0fbd5
08c6e
0c080
03f2a
0da2e
0b0c8
02008
08338
01f7d
06ebf
0f94a
0b0e1
0a0a0
0d34f
0faf3
0423e
0a8b3
00976
09474
0a3d4
0fe6e
07003
00d97
020e8
0f249
0768b
04f09
08107
08830
07fb4
026bb
0017a
06ab0
08baf
0a32e
044fd
08521
01950
04ce2
0c0aa
0779b
0891d
00377
0d6d1
07bb9
03b6d
0df07
08182
038d4
0699e
0138b
0359a
0d859
03ab4
0095b
041de
0e31d
0f5b0
07320
006f3
0873b
01078
05107
01149
0ce7e
069ae
00d37
05d2f
00a3f
0f01a
0ccc4
07dab
06a17
08b47
00832
05aad
09bc9
01b86
046d2
01480
093f0
0f249
06aec
01bdc
06e23
0256e
0fa37
05a7e
05404
0366c
070ef
0578f
02538
007c6
03150
019b3
047c4
0d14f
0eb21
0bae4
0b5d8
0177c
0c95b
0b6d2
0d053
0a44f
05a76
01254
0b70f
02a59
09e76
066e7
0dca9
0a76e
0743a
0efea
0c9b2
077ab
05255
05a80
01ef5
000f4
0a3f6
0b7b8
0a4b8
06c43
09520
027ec
07dd7
0a2c3
0f9f8
07a6d
071a1
03e17
0a36b
0386e
0fc14
06596
0ebdd
0d95a
0a035
0f2b4
0fe0d
03d56
06a2a
0d526
0daa2
03091
0aede
03cf5
0bc3c
0a87c
09c8e
05439
0f445
03525
07af0
0ba4c
0c929
06f42
0ad46
0a4be
0dd68
01cf5
0bef5
0bab1
0df4f
06eff
09654
0cd0b
096bb
0a4ca
0ac9f
0b2fa
0a609
0f955
0baf1
0b1e1
0e3e8
00b71
0abdb
0ac51
0d048
003d8
03bae
09676
04783
0b2e0
08eeb
047a5
0b924
00395
06d79
08e04
05647
0af07
09338
05181
019bc
0c51d
08cf4
0ef72
02640
04d7d
0ee89
094dc
0f8ee
08c1c
07cd3
0bb9e
0c8bf
00515
0a25c
078cf
00b3f
07220
058f5
0ae4d
09657
0d26b
04265
03615
0a9f7
0aef2
05caf
00ddf
031cc
04b36
0c2e8
08126
0673b
029c4
0cae6
0b2b7
03a99
0162c
06dfe
004d7
0b6d9
00354
067ba
0586d
0922a
07fd2
00385
0c484
0546e
0d0c5
090de
06465
09912
03fdb
071f7
03bb5
05b41
0d686
0e212
0651c
0e685
0db79
079cf
00e6a
05591
0e15c
047e8
0bd51
019ba
0237f
0455a
09d61
09dda
00f37
04dda
0802c
052e7
0d6b3
0c44d
0ede7
036db
0ba05
0ee30
09a5a
0ba9b
03b76
069e7
0a65e
0c193
0d11d
0dc01
05fc0
0340d
0c6a4
06e6b
0ed2f
0e701
0ca6f
0a928
04418
0bc78
073dd
033ce
0d4db
0a18c
03955
01524
00814
0b666
06d46
0f72e
03dd2
0f759
06fc6
056df
00150
0c76a
099bd
063b2
0e5c1
0940f
082f1
05084
0cbf5
06d6d
04735
05c91
01cea
0aefc
0300b
03d99
0b20c
0ba44
0cb61
00251
0822f
07849
0b9e2
099d9
0b579
04c44
04001
023ff
09fdd
0a9dc
0eb04
0bdd7
0a181
02f73
01a82
0aa13
0fd43
0fc98
08e01
0397a
06f7b
0800d
07d07
06681
01239
06074
07120
012e6
01756
0024f
07034
0b129
07356
0dfee
00271
00637
064b5
0a1b1
08765
08e9d
09b76
06027
0559d
00797
0b63d
07e7d
03525
0d1d7
05393
0c43e
0c301
011f0
06767
06064
01371
0d66c
0bbdf
0ee2c
03121
079e0
03773
0121f
09e58
07a28
0a85f
0d24e
0b3d0
0b0c4
0aa9a
05857
0f610
0445a
0f461
06260
011f0
0e292
06d13
043b9
0fce0
04733
02caf
046b3
0577a
0ea2a
0e21e
0ec98
08c7d
00c12
06f25
0f152
0e7d9
03b47
0129d
0c142
0797c
05b45
08a49
0980b
03efb
010a7
0f745
0b761
0d91a
00ec9
075ba
09b22
0744a
0fc4a
0ae33
01287
0aa06
08af9
033f5
0e74d
03cb2
02e78
09a89
037f5
0d645
07331
0cba2
0a631
0fe4a
0f9ba
09ede
09b4f
0cc20
054f3
08c91
0bc1d
057ab
07c4a
04724
04bac
09d09
0c5a9
0090b
03b53
02805
0dd76
05331
09f63
095b1
0989e
0d9d3
0a890
0ff4e
0e8ec
0115a
07ca3
01a2a
028e6
0f314
026fb
0312b
05257
02e43
0d0e5
079ae
04a28
02a4c
02adc
0c586
0f30e
01112
0259d
06383
035b1
0d19e
02bd8
08e5c
0c8c2
0b854
09160
0cc11
0a246
0800f
0516a
0d501
01f16
005ef
03364
01e43
0b8f3
0a689
05a19
0b8f7
09bfd
06116
03049
0ee5e
0c8a4
05140
0cfa6
025a5
044ac
0d4ae
0128f
03048
04b03
08b36
075f2
03e59
0b7cb
008d4
00bb4
0e61b
08b7b
0482f
00c04
027d2
0fee9
014e1
079ec
0a296
084b3
0cb52
028a2
033d1
0828f
0d33a
09762
06b48
022b0
00028
0c95e
0d38e
08af9
02149
0649b
0192d
094ec
04f38
0165d
05adc
000c9
03fe6
0785f
09d4d
04388
03174
0b1a7
086ff
0bd66
0d304
00689
0387a
0da38
02c4a
0a0c0
08194
05643
02a94
01f7b
0da5b
043a4
0e0db
00412
03675
02597
0d877
0a58d
061d8
0bb70
09d3f
069d7
00697
04fb6
0beb2
0f671
0ed84
0a441
00d96
08987
006c0
076bd
01862
077fc
05592
0de3b
02a4d
0dc24
0971f
016fc
0e0e3
08a43
093b0
0e48c
0b18a
03964
00316
04e63
048e7
072aa
0e0ee
0b477
0cc40
08b24
0d90e
082d6
05b3c
03918
0e86e
0d175
0cc06
08d50
0ed4d
0ed4c
09491
09df1
05ff3
06d5f
0a098
0d756
03447
08592
01409
0f8d6
0aa1a
0f2dc
095ec
08a35
0a651
04591
08867
073b6
09254
0fa2e
0ca9b
04709
0edd9
08d72
09951
0da04
08eeb
0a2d4
0df82
06fef
00495
0ca18
04e02
07247
0ef4d
00261
08182
07a26
0762b
08983
05dab
057d5
0cad2
08c3d
0f651
0ed9f
083ff
0b998
03352
0cbd9
067b0
05a85
00b51
0e9a1
0aa3b
0bbb1
088c8
0e1be
00483
010d0
0a584
00400
0b5e4
05986
0ea1a
04388
05378
0b132
0f6a4
05ccb
0d4e3
0a2f1
0521c
0d5b4
048ef
0b194
02154
06340
0e541
09c9a
05b59
0140b
0694b
006c4
0e2b9
0e253
08391
05ac0
0348b
03140
02c7c
0c335
0c1c0
07246
01135
0c5b6
0ebf6
0d8f5
068dd
070fe
05139
04f1e
0fd87
0832c
02aef
039d5
05789
00361
059a9
00311
06748
069a1
02af2
0dce1
05d5c
0202e
00b52
0d7c5
01da7
0b7ed
0e897
03c08
0849d
0b398
00a1c
0501b
012c8
0c6e4
03a73
00d8b
05eb8
0c043
0abec
0100a
0f1b0
0a327
04642
01acf
006a7
04301
0433b
04cdf
0a455
0e6a0
06938
01869
0316f
08bac
03a18
02fe2
06b1a
035cb
0ac22
011ee
085bb
0edb3
00877
02901
0ecb8
0b696
0c78c
05b69
077c9
00a4c
01158
06cbe
0f8df
0a16c
0a15b
013a9
0abd3
002f8
08a2e
08fe3
0bd3f
049e2
022a4
00588
020a8
03538
0a10a
08d0b
000c7
08a88
0092b
0c5a4
0e5b9
0372b
07c66
0b017
08cb2
02cc4
0a2c0
025e6
06ead
00f18
0677a
0f573
0f4ee
05861
042ae
01d36
0ba20
0494c
07455
0bd68
0d1cc
0d25f
0e360
057c7
05389
0cb3d
0af0a
080c6
0860b
0183f
06885
0db6c
092ed
0b346
0ed6e
0baeb
0ea14
06ada
05b59
005da
0bd83
0efc6
0d04c
0de71
0b8e4
00eac
008cc
0b7ad
04afa
001dd
030dc
07367
0bdd2
028c7
0e825
02dd2
01547
0c70b
03b88
02d36
07369
0cd37
057c7
07ed0
0a9dd
02097
017c1
08e68
09c10
01a82
08cb0
0850b
0846a
0bc5a
0d37e
0ad02
093b2
04478
0e377
02f0c
08b16
02697
03531
0cdfb
066d4
02fc4
08811
07dbb
03b30
01380
093e2
00932
09203
0af4a
02741
08b8c
0169e
0c959
03fe3
09ba5
074e1
06529
0ab53
0b055
02b48
054db
0098f
009a7
089be
046bd
0cd2f
0a127
0cfc1
03e28
0fdd3
03833
095d1
05fab
08201
029b1
0fb1a
0f032
0f1cd
05653
0213b
03fae
02768
0ba7e
0c626
02b3c
0805e
0bd6a
0aabe
01479
0368e
0ccc8
008eb
0794d
05009
057dc
0b04d
05075
06499
0920e
0d5c3
04949
00b11
02ebf
0d030
07b2f
00913
0e7fd
0156e
090f3
0db0e
0d157
0599c
06d9e
06c60
06fe3
07e37
0218b
0d0fb
0506d
086ae
071b1
07168
0c128
09570
03554
0876a
07cee
017fd
06fde
0a340
05ae0
0fc76
0e3ff
09a5d
056d2
04830
02734
053cb
00a94
0a397
0c7b8
078b7
00def
01881
0c5d7
088c3
0b679
05fcb
059df
08a13
038bb
0d9ec
05a35
04e72
0a75a
00e27
03c16
0f29d
020f4
03a80
02229
0218d
0f220
03667
0f95f
0f6fc
07262
0c137
0093b
0f169
0e7bb
0c476
029ed
0c699
06d8e
05422
0349d
0c386
0b9b6
0d578
00446
04906
0e0c6
0112a
0fa3d
099f2
05117
03701
08c1d
03788
0a448
085c9
0879f
0690f
092f2
05c47
0c7ca
08d34
0dfe1
0b77c
03205
092cc
04368
0cd29
06fd8
00562
007b9
0e13f
0acad
06a31
00956
02fa4
0c0fb
08a2c
09739
00ce4
030f7
0a260
0b5e7
0269f
008ea
0f951
08734
00cd7
02c04
0666d
003aa
0380f
0bb60
08fba
019ab
0e333
071b5
01f94
08ad3
071f7
0e752
0fbe8
0a3a6
07d0e
071b6
071e9
08bdf
0110b
0d4d4
06fcc
01fd4
08182
0724a
0fe58
082ad
0037e
01066
0350f
01db9
074d0
0d904
0ebe0
04fd8
07d60
0890d
0112a
09830
01ff3
0b375
0cc17
04eeb
0619a
0683d
03931
08785
00ea4
028d4
0a229
08bf3
058c2
02122
0b4f3
03e43
058b0
030bd
0b3b5
0aa51
058a7
0b31b
095ac
02ebe
0de4b
0d15e
06efb
07361
0ff5e
00525
0f564
0e431
08d50
07abc
0155b
0632e
06e11
00e3d
0f295
0e5e7
031fc
034fb
05002
0c715
016ef
0d298
0e5ce
08ae7
0d74a
01573
0a170
0436d
0d747
01832
0ff75
018bc
08f18
01732
03f08
0eda0
05f47
05db8
0b8e2
032cc
0c86d
07243
05c87
0f6e9
0debd
00234
08e95
009c6
0a20e
0be30
0c610
072eb
0be2c
05a11
020db
054e2
0d9b0
0c04c
0fce1
0e512
03ed2
005bc
001ca
03db8
0d9ac
0ec6e
0ef33
0bd93
02683
033a8
061c4
096bf
0bc08
0fa66
059d4
0a331
0518c
0a91a
0fc08
0717b
08445
02a5e
0d791
0c5b8
07f80
03e5f
084e5
0e880
015a9
0a64c
08e8e
0aa3a
01ffc
0d5c6
00f24
03163
0ec2f
0d96d
03cbc
06e32
00a5c
05282
08b5d
023a2
07f34
0b323
02b04
0f6e9
04714
0f3a0
04608
0208d
0d39a
0c762
0c03a
06496
02e60
0be58
02c56
07b9f
073de
032ed
01446
032dd
0c9ec
0ee19
03497
08b19
0f2af
011c5
05ac7
02b6c
02c8b
0ca6f
064d8
0eb91
092d3
04460
022c0
04d03
0d69b
00ee8
01dfe
0d3e7
03a10
0fb00
06da3
0ca51
0002b
0c003
00673
009b9
09397
0ac65
0e0ef
0dd5e
0b00c
09ce5
08b6b
0e43c
041e2
060d0
02b63
0293c
07e4f
0a711
0a2cd
08ed7
07904
02dfd
0c239
07847
0110a
0a7c3
0b64a
03d4f
01313
0d98b
090d8
04001
0611a
0b417
07962
0bca6
05fbe
083d0
038ae
0763b
01849
07c71
0b0ff
05c06
03a59
0f49c
02eb5
06db4
08dfa
0163c
0d90f
0fbc0
09eb9
01879
01adc
0a9eb
0b603
0b042
0511c
09d19
09b7d
05e04
04084
0d5b8
03248
0a5e5
0375b
0caea
0ba15
02d5d
04a39
05660
09912
0e6df
09a5c
0bdc3
0c201
0b2c2
065f6
0e154
029d2
03e69
08de3
0bd12
0eca6
0f344
07a2c
0b6b5
05b0a
04a17
02667
05ed0
0d05b
0dc14
0a660
0d985
0cea3
075b5
0c5ef
0413c
0c608
06e3e
09534
03b89
06fbb
0028b
03cf0
07f6d
0fd40
0d59e
00631
0c730
0be98
0e53c
06d83
002db
0bbca
0707a
03263
03fa9
01977
0c557
0e533
00dbb
09abf
04b17
0c0a4
0db5c
06969
0497f
05368
04451
0f1f3
01ef1
0c229
099cd
0f24e
0b127
09e3b
09277
00925
04310
0ae92
0b8de
0a13a
086f0
059d9
02bc8
096df
0bb6c
040ff
0598b
0b322
0f522
063db
08a65
07de6
019be
06548
06dd8
0f80b
04dc4
01794
0126b
03458
0c603
0da8d
04248
08bcb
04241
09b1b
0cca3
05ca4
0ad1a
074d2
0499a
0a2bb
0d83d
064a1
05111
0251a
04b64
03f7c
051b8
0a3a8
033df
02159
0fec5
0bd25
03304
0a074
05f92
07ab4
0ced8
0a3e8
0fbe1
0472c
0c456
036a1
03d15
07602
059af
04b6f
079c1
00378
067e5
07420
04d92
00547
0d483
00640
0ccbc
06fed
00335
048e3
0b050
028a2
0714b
0f485
0403b
0764b
0e5e2
0e89b
0f123
0e410
09f0b
068e2
07b7a
0c3b5
01e9e
09a5d
0c2a1
0f5ae
0d45f
05279
019a4
09bda
0faf7
0a56b
0fd04
0885e
08dfc
0196d
0b3c6
0f0c0
090a6
05171
0a7e4
01e98
0b2af
07786
0e9bb
0b999
0ee02
0698a
0cb89
0fb4f
0c552
062de
0a63c
06be3
0deb9
0dbd6
074f7
046b7
087b0
051b3
0f136
0ce3a
05ad8
070bb
0735b
08e3f
036e1
0f566
0c5b6
09cb3
0e392
01076
09e38
061ab
0cb4e
094cf
0d949
03e72
0436b
088ca
0313f
0db1e
03fea
03249
0fa37
0f59f
05aa3
0c132
004da
04972
0ad75
00c50
0fa68
03144
05211
03460
08ef0
07741
0c56a
053c6
0eea5
0f794
080c7
00a00
04cd4
0b497
06c34
02d42
06792
0bb77
0a512
03f47
04b3f
0523a
0075a
0b561
0169b
07112
0103c
0af25
01cce
0e4b7
0b868
0af6e
0f067
09715
05df6
08093
0628e
0da0b
0be20
0fb1f
0b732
054ad
04c4e
0b303
098ea
0c277
03447
0be2a
00a04
00f59
0bb72
07f4a
0bf82
005f3
0d6e5
00d0c
00be7
0f8fb
0efec
0d748
007d9
06e51
0a81f
0c8cb
0e0cb
0ff56
0e56b
0b759
09ff1
0aec8
008c6
0ae9b
071a2
00b6d
090b2
0be86
0bbdc
0406d
03ac4
06c99
09f7b
04604
0c6aa
0fc0a
01503
0958e
08200
09d65
02083
053f6
00804
02ea9
0120e
0fcb5
0f7d1
01ca1
07d42
08da3
0c118
0aed4
0ea02
01147
045c2
0fd42
0970e
07bd7
0147c
047af
0fdcd
0f86f
0ff79
05180
08415
0654c
0f9fc
02362
0553d
002d9
093cb
0e110
0c1f6
037df
0cd16
01bd8
0bd0c
04e8a
0bd77
037c2
0650a
05e6a
05531
0e76c
0bec6
074fd
0813a
01805
06f59
0e712
00a74
000d5
0909d
09fd1
0053e
00a3b
06f62
0bc6e
01bd4
09fa6
02f9f
0c218
0c237
07eaf
0cbc3
0d500
07ac4
04e4e
0c68c
04946
06c45
0ab45
0f066
06767
02817
05008
06392
03ed1
0b7a5
081d2
0b4c8
093eb
0b416
0e7da
082b6
0293d
06a38
08182
0bc3b
00c40
0abf3
06565
059e1
0cb73
000c2
033cf
02df7
0aa9e
04372
014fc
0bdc3
02f05
09a52
0e41b
0209f
0061d
08889
09331
01c09
04a6f
0960d
0b185
08c9c
09431
0fd34
0bc44
0d690
06aa3
0fbca
0d1ea
03e59
0739a
09b50
0f833
02faa
071a8
00211
07256
023e0
0d4ec
09be9
0fe3c
08900
07c6f
0d5f4
01265
0dd62
05f7f
0316d
0e64b
076ad
0553f
058ee
042c6
078a6
070e6
0dbfb
01dfb
0c359
0513b
030ae
04236
00656
0c91d
0b92f
034f1
0fe64
02c66
05ede
00b4a
0b525
0a1fb
0491a
0f992
011f8
0818b
01724
02730
01f74
0a297
09375
0468d
0b9d6
08603
0e9fc
0c49b
0403f
0f4de
0f717
0ad45
012be
0059c
021f7
00a7d
0c47b
0c6ac
0bc62
07fe5
0ae89
0a121
03ec9
0968e
0d9ab
00213
09373
06bc7
0fe8b
09e17
03483
01254
0c1b6
07b27
0da25
08039
0d009
01981
0c4b5
05a85
02c58
08499
0066b
05d51
04297
024e7
04439
0456c
0c8e8
0a62d
0f6be
01165
054ef
023f1
0c6a4
0d79c
05904
0b41f
034e6
02598
0ea75
0e838
018e9
0d1cd
0d413
02adc
00371
09dbc
0f425
01e10
06656
099b9
044ce
03a65
04567
0c447
02b62
003c2
0b0ea
0254b
01795
0802f
0fab1
059c3
0f7c4
0a82a
01f10
0dea6
03227
01dbe
000e9
0f01f
0e80b
0622a
0cc42
06dd1
06b65
0202b
0827e
05bf9
07138
0b997
0f7ea
0b178
02af1
032a7
08b7c
09bf8
0ecbc
0e7b1
0e9a7
03f4a
0b874
062ee
0d440
0e386
0005a
0bd70
0d6b5
0f33c
06317
0cc0d
0f9ff
09534
029ea
0904c
0568b
02164
06b41
0765f
04489
04318
06794
068e6
012bb
08985
04854
058a6
0c90b
04cfb
026ef
0355b
0a1a2
0b013
04899
050d1
02f76
06ba7
004b4
05f1c
0b285
05ae9
04b40
0f7bc
0ec27
0e61d
09e31
0afa7
0979b
02709
032fb
0976a
092b5
0ca87
08b4d
0901d
0fc66
06e71
0bc75
02e81
05875
06645
0e5d9
0088e
06183
0dbe0
0ff3b
05987
04804
07283
0cada
09918
0e54f
03099
0cae3
0471b
0680b
02d67
0db5b
02aa5
0a52b
022ff
0f3d3
03611
05fc1
021c7
0f4ee
0dbea
0d199
0fad1
09a4c
0ee8d
00d1b
08a9b
07b46
0873d
04d0b
0d306
0540a
0b444
0ed42
02674
079b8
0f21a
081d1
05566
0f5ab
0d542
06b7b
06a70
0900f
0fc84
0a3a4
0f31d
0ba09
01b3f
00d7d
052d7
08219
0b8c3
052a3
050b7
096fe
00275
0fc40
08d2c
053eb
040d8
080c8
0fc02
0a45e
0e3b4
0cbce
07a10
0879e
04a8c
02205
04c7a
0ea7e
0d494
02e3e
05509
0f63b
0570d
058a7
0c704
0d2a2
07fec
0b6fb
0f14f
0d97e
03867
03b0f
0d5b5
08311
00a48
05f60
0db00
006fe
0a92f
0db49
0f3a5
0de5a
062ab
0b14d
0f0ac
057f1
00c79
0039d
07944
0b670
0423c
0302d
01f7d
0ec51
0464c
0422e
0dc67
08aa5
03b6a
016b0
0091b
060c9
0cdd3
073b4
09980
09cc2
081ec
0c2bc
0f188
00514
0a564
08c83
0d156
05999
05b63
04333
0b061
07b5f
03241
08987
0ca56
0c86a
05400
00028
06e07
0bf74
0cca3
0f545
0d2da
0b793
045dd
09746
012a4
0cf5c
0fd56
08b8a
08ce8
05ef0
0b1e8
0ff21
0fc20
071b2
0b7f4
011a4
06bb0
092aa
0e76f
02831
055c7
02c19
0b297
05a60
0b8b1
09330
085e5
0d749
043f7
0e48b
03834
09a59
02f37
0a81b
0a825
0fcfc
09a07
06617
0ba83
05cd6
0ed25
01e5b
04221
0b3f1
0fc71
0f015
06bfa
068b1
063fc
05bae
0f8e4
03d69
04397
06631
0e68f
0cf57
08245
0040d
089c5
0ea4a
0f764
0e008
0fe8a
0977c
0d297
0f645
0eccc
0491d
061b0
0cc8e
0ac6f
0caf5
0e406
0e571
004a3
0d061
01249
035b2
0e458
09747
0d358
0662d
02064
0f630
0e085
0026a
08a83
02cb8
01df9
0bf1b
07194
06e25
06e6f
0c2b2
040b7
05ed7
063a8
06237
0e260
0888f
038d2
0be31
0fe53
06928
01ec8
02bae
0dff5
0aba4
0e10c
01ff8
0b165
00090
005c8
06aa3
0308e
02a6f
0e990
066e3
08545
08fa0
016b4
0e2ce
03182
04fe8
019c7
0c99f
0c84f
04437
0e72c
01865
0d225
0c90d
0bf1e
04d2b
0b7fd
01661
05976
04063
02c2b
0325f
07523
01ea2
0f07d
0a0f6
0399d
0f1cc
03603
09b32
01152
0f936
075e7
07e1f
0fde8
036c0
0f63c
0b01a
0c710
056f5
06515
0a75d
06f3c
07eb8
06446
0c11d
0873d
0033f
02e66
0aef4
003d0
0a757
026f4
00d73
07ee6
08010
0ac01
07381
0d6fe
02c35
005f0
0b07b
03e24
0e364
0983a
05603
088f1
0ba5b
0e88f
04d10
06252
0b4a2
09dfa
0d7e7
09741
0d2f5
01c07
0fec5
0e0c9
04772
0f903
07122
08543
0764b
0d509
0775d
0a206
0ff12
04915
09c92
094ba
0a3dd
0b0d3
0a05b
01060
01e66
0f69a
060b5
0c920
0b2b1
06eba
08b2e
0029d
0ee2b
006b6
00f2f
021f5
04e8d
0c53c
045c3
03457
0caa5
0443e
08189
0050a
09811
062f8
0f33a
014cc
0a261
05091
0a2a9
0f7ce
0768f
0ad90
0e870
03385
04993
033a4
0e054
0f21e
09312
0d2b5
0481c
00021
021c6
0bd75
0b44d
078f8
0c44f
0a167
08091
00e37
0e83f
0f69c
0d3b6
0ec5e
01465
0c821
01071
01f0e
0a12b
00a29
0e9e8
07fe6
06559
0b2f7
06103
074da
018fd
0676e
03b6e
0b17d
08e64
033db
0d214
04092
03dd3
09e65
0f39e
04bca
017e7
0d618
01bc2
0a1d1
08545
0310e
05951
08ec5
0d980
0e381
049a7
0ebac
026cb
0b2c9
04a47
0b340
0c4fa
0c13f
07154
0d6c9
0bfe8
00b0f
011e5
05fee
04948
0b374
09c33
0fe24
05889
00055
026ef
0a72f
074e6
03c25
09bf1
0e2eb
0e300
0d3c0
0a63c
0435d
0116d
0d8e4
0520f
09fef
0a959
0329b
094b2
029e7
05204
03eab
0f333
0aac1
08f34
0b256
0ded5
03c8c
08d31
0b3a7
0da87
0ff04
04d36
00a14
0556f
02b49
06a17
06b8b
042b0
0c69e
0cc52
04d48
022ae
01bbe
087a2
0a26f
0972b
07755
003b7
0895c
07c41
02947
0a4c2
02ea1
0afcd
015b7
09f96
0b2c9
0aad0
09558
03cdd
047dc
05863
05e79
09596
0668d
079af
01134
01515
07224
033c7
0bf2c
0cb95
0d7fd
03c40
01419
0c90b
02ec9
06a2a
0df0a
04d05
0fac5
04f34
09d8a
03044
05b28
00136
0d127
0c30a
05cb8
07301
0bc98
0e41a
08556
0278f
04490
05d24
05674
0f189
00179
03185
0b11b
092a5
0a7df
01abe
0b2dd
076e0
01a71
0782e
0fdc5
07fb3
0c389
04079
09ee9
02fb7
04df7
0d3e2
03543
09bcf
0b8af
0b146
0841b
082a9
07e2e
0eb0c
00c5d
0d83d
0f78a
0f502
04639
01aa3
0d885
03015
069cd
0a89b
0d294
0c3b9
00829
052ff
0144c
03a68
027d0
06406
04802
0de91
09f05
057ed
0e9cc
0e77d
06dea
086b1
06ddb
00b84
090bf
07b3c
0160f
06e00
0dc6a
09212
01f67
09eb4
0ff13
0bfe0
08859
06d55
0c7e3
053e0
03460
046ac
0d456
0ac56
0fec9
017dd
01956
0e262
050a7
0b416
0ca80
06616
0741d
0e418
03c9c
0808e
02e59
0a413
0df1d
03507
0bfe8
03c71
09b98
02cf2
0cb5d
06320
0489a
08c25
05814
0afc1
05742
0213a
04589
06ac9
016b0
03240
0c3ac
07104
0fbf0
04fac
03a97
0b872
07c31
05a05
08aea
0dc56
074ff
0e716
0ebec
0f448
06451
0882e
02904
03ab4
0e597
0b277
0d639
0ba0f
08cdc
0f5b7
0a2e1
0758d
06905
049cb
09e19
0ff6d
03793
02ed4
0185e
02ced
09e33
0ae7c
00692
00f6c
0ea93
06636
08d7c
0f5d1
05e9c
0c115
0a80d
03fb7
05982
0d21b
09238
05963
02856
05e4c
05dac
07031
0b95e
016be
046e8
04d98
03470
06a64
02636
04abf
0912b
0bfbb
0af12
0170c
03f8d
0138e
0d930
01bb2
0650b
0cb77
008c8
02277
04d9e
0a9a6
0e03f
097b1
0f292
05d54
0e404
047a4
0367e
09817
035af
039ec
0c1bf
0979e
0a0e5
0d10f
04221
00437
00454
0f3d7
0bd58
014e4
02e9f
0026d
080f9
0bdf9
0815a
04cfa
0c25d
064a8
0162b
097a2
022f2
09bfe
02881
0eafc
072e9
07c0b
0a4cf
0d935
05223
036a3
067cc
0c128
0426c
0d418
01832
03ebe
0d1d9
0efd8
0c866
0fd1a
0bd09
03902
06edc
0cc6c
02845
0260c
02a66
0e075
071b5
07f3f
06e28
095e5
059bc
0ac5f
0d470
06d11
000cc
0d30c
00920
0a247
07fa3
09746
0da84
046ad
09f81
0d00a
0c117
06752
051c6
080c3
0bacf
0b963
04fb7
0d8e4
0b65e
0ecdd
0dddd
0c579
0c76a
06eef
0d85b
00944
04006
043a2
0b422
0fa00
0ea3a
07940
08ae9
0839b
05bed
04694
07ada
0e09c
08c99
0d47a
0cbea
0aabf
0a04c
0eeed
0ff8b
0a1ab
07fc9
05389
0d0d1
061e5
031bb
0b6c5
061b6
09f35
0dd4f
0bf07
0a350
0bbec
0f1c7
04881
0a7c4
00a59
0cc97
0666d
0fe8f
0b6ad
01246
03a3f
09c22
02e5a
00c65
020ab
0f0c6
03e7c
0a9bf
0830c
01aef
06d3c
05442
0970a
0e396
0d3fb
05377
001d9
09ae4
0d33e
0a3e1
037e0
04859
0b7fa
0579f
09681
07eea
0968d
01340
013b5
04a23
050d9
0d35c
0570a
01a01
0c491
0c17d
0eeb8
0a087
0f57d
01d8f
04388
08e53
0ceb3
080c0
092ca
0ea94
0c2c1
0f0cf
02147
022e0
028e9
06687
01edc
07b9f
01f67
0bbeb
07cc1
07aa3
04f32
06b63
07b2d
050ef
01311
05dc5
06db1
0fb6e
022a6
02afa
00402
0495f
01be1
0800c
001d5
068c3
05d1a
0463f
0f3f8
020cc
0a75a
031e3
04da8
04d71
04f45
04025
0f702
0d3e5
00b00
0eb89
07056
04c9d
028d8
0bad8
0ea03
0527c
00a62
0ca43
0f991
0d66c
09241
0e496
0e5c1
0324e
09947
04f88
0c5bd
014a2
00347
0b70a
05137
0f66b
0b8a2
03929
049f7
091c8
0aca3
00764
058a8
03f9b
065ed
06394
04115
0f211
00bfa
081d5
0d701
0707d
0a572
094b3
04dcf
07db1
07112
0e980
0105d
02fc9
07201
0fc05
01f66
04c23
0a872
0bd51
085af
0e008
00788
09c4d
0361f
0d0ca
0be50
0479a
0c4fe
04ac2
0889c
0b5a9
032dc
05d02
03b4e
00ac4
0b846
004a6
01fc8
0f227
0deba
04703
01323
0e3bc
0cc8d
0dc74
0c56c
08d90
08d5a
0facf
01fa1
0bf68
00420
0708c
079e7
0d36e
0cef1
0853f
0ba56
06a68
06130
01a09
0bb7f
05aba
0d8c1
0c4dc
0ffc2
087f9
02ddd
0cbde
07914
0a01c
029cb
0fd2c
04cb1
0f9d9
026a0
047dd
04fdf
07a4f
0aad5
03b2b
0cd3b
06144
0bfd2
01d02
05297
07f9e
07794
0270b
03c2b
0798f
08aeb
000d6
01e2e
0cf58
0b97f
0d1ef
02812
0ad83
0b23a
0fc3e
04c79
06d9b
093ee
0f679
0b1cc
0e667
015e6
06b88
09738
05151
045f4
09fc4
08dd5
0d816
0dd59
000db
0fd59
0d43b
0ec5f
0f1b1
0db08
097e3
01639
085a9
0ba3e
0fc6f
061b4
047d3
06c37
06456
0ba14
0293b
0b0b1
0c578
049e6
03e8c
01b19
01c89
0f49d
05857
068b1
0bbf2
07d1d
0a098
05f08
00644
0f46e
0e706
02406
05848
0523d
0f033
003aa
08c51
08175
092c8
02f6b
0b619
071ca
03bde
0f44a
0d06f
07744
06af4
0cd53
018ec
08910
042ab
08b05
0695d
0792d
0efec
0e2d3
027c2
03f2f
039ea
05881
0f731
010d6
0f302
058bf
0ce2d
0edd1
03a33
061ab
063e9
07d67
05262
0bff6
023d7
04360
08bc0
0eee1
0af65
02be0
0dbb6
09f5b
02355
0a8f6
0d0a9
07c6e
02677
05bdd
0b5ab
0f247
01c06
04232
0dcd4
0d45f
0b3b0
091bd
0bd9d
0f297
077d7
09d4f
08c49
06fa4
0869c
0e2c7
0a37c
08422
00c32
0d4e6
00172
0c44d
01c90
027ce
0f90f
0ae09
08bdc
0d67c
044a3
088ca
03d4d
0e8de
00d9c
022fe
0445b
0c343
014ae
0c43e
0c651
091c7
07c2e
02c57
07e05
087d4
0d82f
060cc
07a1c
046bb
08091
0df80
016ca
0164c
003ed
02ab5
082f2
0bcfa
0784f
0816a
07e25
04069
05171
09229
0c763
066d9
0d6d8
0cdb6
0eb25
0e3db
081f2
0fd96
09482
0ffc0
0f3e3
09095
0bcc4
00ba9
0b7bd
013e1
0063a
0de42
0300d
013d1
0ff19
0e0f8
05754
0792c
00b00
04df0
00455
0ed4d
036fb
04341
0bae8
03e9f
09319
0029b
05ac5
0582a
00be0
08e3f
0ba09
06098
034e9
0cada
097a6
0287c
0b0c0
0ce1a
0a05d
0c82c
02d64
0ef3e
087d8
029ba
00ba4
08d92
046cf
00ee7
01944
0ced5
03a99
0a2c5
00a1f
0e666
05b73
03789
0e3f9
0dad5
0dc95
0a9a3
0263e
01a87
08d58
05548
0bc7a
0df99
0c0a6
06177
0cc10
06f51
08a43
03a7d
01feb
0a591
008b0
0cac2
04b9b
0f567
04fa8
03828
0656c
06995
0d3b3
04fb9
001f1
02b3f
0e72f
0f6a8
0d629
08d52
07fe6
0be02
08d14
0d7eb
02cb1
0cdd2
0b398
0970e
0d128
0b1b3
005e7
0097f
05baf
06bd5
0d7ce
004bd
002f4
072d7
04df5
0c168
01e40
00c90
07e98
02db3
0bb5e
05c86
02426
03d79
0dcad
0c5bb
0c2c6
0f7d2
01ce0
099ca
08d4e
04498
0274a
0f6c4
0f22e
054f6
0fa01
020b6
0671d
084cb
02f99
03b27
0c6eb
06243
0e549
01947
084ac
0c3b4
0f3f6
04232
0b55d
0b090
05737
0bf2f
035c2
0704e
05948
0958a
0533f
08bb8
07f6c
06e29
060c3
07789
075bc
02695
03b56
0feea
08dfd
080c5
06e09
07afc
0aca2
07cd9
0904f
0858f
0a88f
0f9bc
00a2c
0fe31
0d6ea
017b0
0ebe0
076bc
046d7
027e3
0bd9d
04754
01059
06f31
066dc
07598
05027
07616
04b7d
05fd7
0a7bd
0d9ee
093c2
0c591
016ec
08293
027ed
0f191
02bb4
0dd3a
06cff
0402e
06976
054cf
0c825
0e655
04007
054a3
0132f
049fb
03bd1
07356
054a6
08361
083ab
0fd0b
0df45
05c6b
075be
081b8
093f0
063c9
00bb3
0b5bd
069b9
038e3
02de8
05dc1
0b03c
00d84
09809
019d1
00724
03158
0cd25
05ae1
0e43c
07573
0ceef
0093e
0d114
031d6
0f7b9
09778
0d2ff
0d095
09eb2
02e22
09a59
02c26
051df
0be5c
041df
04cbd
01372
033eb
06150
0572e
0c714
0fefe
0ffaf
01016
0c78d
0c7d4
094ad
01d3d
0471c
0c385
0e070
0779f
007b3
0d44d
04969
0623a
04bc9
02784
00a36
05e11
01f64
07f49
09a9e
04501
03d93
0aa35
045db
0956a
0a011
0663f
0ff3a
09f9b
01b58
0b81f
08ce9
0103b
05c48
03fe5
097b4
04833
063ff
09417
02584
0b6aa
0953d
07751
0d564
05185
08a51
0103b
08f37
014d4
0d439
033ef
08044
04d26
00df4
00388
0965d
0bbe6
024b6
0c07d
09b10
09ec3
02328
0fdc4
04c6b
0fdec
0f897
0cdaf
01239
078c8
02701
0c84b
056fb
0bc72
04aca
0b628
05569
06ab6
0912e
038b9
07888
0c5a7
0a816
06ec5
06479
07607
0d087
0e773
085f6
01939
0fc53
039dd
0e784
084e3
09ca5
06e27
0e557
0f6d7
04c08
0e4dd
06a6e
0628e
0e8bd
03c7c
0d314
02129
0a6ae
0afb6
0ab73
0c336
08c68
0af71
02663
0b4ab
0e2b0
0f4fb
05a64
0a562
0e74c
09d08
090b3
0a0e8
0072a
08956
0a8e3
01c19
09949
0d032
00fca
0a577
062bb
057a7
0367d
07c4c
04698
0fa33
07d60
01c12
04043
0fa34
0703b
00cd6
010aa
07ab8
0f9bd
0dc6b
047f7
05b16
0e542
0a09b
0c530
04ed6
02f8f
009ec
0650c
0b398
02762
0cab0
0a838
0aaf5
09486
08603
06d1f
0844e
028d7
0f7aa
04895
0d2ec
096cc
08226
0c37b
00fd5
0eac3
09b53
0b578
0f475
073ed
00c7f
0c586
016d3
0d4ba
00453
0c677
0b912
0f60e
04b03
07565
06fa1
076dc
07ea5
0dd8a
0375f
0fbfc
07adb
0514a
06f41
03ea0
05594
056b1
0f11a
087e6
092b7
0a800
09ebc
0cb7b
085dd
01430
0db3c
00348
01eb2
0e9d4
0b6c0
0f882
0b884
0e768
01d0b
082e5
0a522
038d4
082f1
0097c
008ea
088e4
08166
09b4a
08fb1
0735d
08748
0f89a
063d9
09086
0e5fe
09579
04877
0a23b
0b11a
01f85
071e2
043c4
0712c
0dc77
01985
09037
00a98
0e5a6
0b00d
0d49e
0fff1
06c01
06a10
05b33
07bc9
039d5
0ec2f
0de8e
01aee
0a294
0f00b
056e9
0a054
006a5
0281e
08d26
0e732
0ceac
07d12
0a022
0de7d
0fa91
083c9
0061a
0b7dc
01f14
0adab
024f2
05a72
06fd3
0c73e
0d881
024e5
0e9ea
056a5
074b9
081ac
04dc5
04512
039d8
09320
00b1d
0c785
03653
0032c
085dc
0d2d5
0917d
00319
0b650
002b0
0162b
0ef40
0a28d
011fe
0c822
01915
0524e
00795
05ecc
09c27
0ea9f
0c1fa
0f0c1
00f39
0c127
082a8
07fb5
005f5
0d759
0d0ee
0b2b5
0ab39
0e887
0c4da
0e9f0
0a634
0c4f9
086d1
031cc
03a5d
00e9f
07a48
0db7b
0dc3d
0d72a
0f373
0c1a1
0e200
03972
0f5a7
07db9
06a5f
00e0b
0848f
0d0c2
06536
0d712
07b1c
038e8
0ef05
0d970
031d9
0e683
0d46d
0c012
0e4db
0e66e
08fd6
083ca
0c2c8
0edfb
075c2
03f79
0f681
06b8a
0eaee
0fe7a
03625
0cdd8
009ed
038f5
00f16
061f6
08e43
06c32
0a921
0554a
0104e
0bf81
0a32b
08a0d
034b0
01f54
0026e
0fd72
0cc24
0aece
0eca4
01373
07075
0d5bf
0976d
0df32
0a99c
05d0e
0aa4b
052fb
0f4bb
0793a
01ad9
03d82
0b00a
0bf43
05259
0092d
0dae0
0c395
013de
095fb
0313d
00046
02441
0fd94
001a2
0262c
07033
0c146
03d3e
0072e
07cf4
0a23a
02587
081db
058da
034a0
076ca
00473
0060f
0f65f
0bba2
032bb
05c10
06625
0a70f
0d948
0fee4
07c90
042a5
05c70
048df
0f08a
0a1ff
09ccf
0ce4b
044a3
0da74
0ff5a
0a3e7
0c240
0e3d6
0ba24
06403
0cafb
0220f
059c4
08fba
01c0f
06cfb
0ae87
082a1
0d408
08087
0a44c
012a6
02feb
03956
016c0
0d03d
00704
0ee6d
09611
047dc
07b59
0b7f7
01c77
03ff1
08dbf
0f126
0ff33
020d8
0363a
00387
0a997
0449f
0b896
0c3e6
03a50
0e8d9
0dec6
0c32b
0b7fa
00dfd
0b6ae
08844
092f8
0fabb
0981b
0aba1
0fb8a
0f297
09d9b
07019
06c5f
00a0b
07efb
09e67
0b2d0
04819
0c162
0105c
049a7
0bd61
0e7d9
0fdea
09dc0
0ac36
0ac70
0c3c5
0968a
0fb7a
075a8
0cf2b
04394
0ba31
08ebb
00ba6
09b2e
0028f
0bd9b
06b92
08138
038bb
0dde1
0050c
068e2
0bafc
0fac0
0335d
0c007
0d59a
0668b
0dfc1
09c5b
0960e
00557
042ca
00a0a
0da2f
0c237
07c2c
05661
0d4ee
0d445
04294
015be
0a4af
0e4e0
0162c
057d5
0c2d0
05682
050a7
0ae06
02388
0eb83
0dc8f
05d83
0a22e
02567
0d460
00984
0edcf
06510
0c8f3
06f36
0eebb
0e42d
0e89d
082f5
08ee7
0c2ea
067dc
0a791
095a9
0f08a
015df
0afc1
0cb53
05aeb
0e0cb
050d1
078b6
0304d
0c36a
02999
0f9ae
0e416
0a902
01433
057a4
06a24
0c0c7
0cda9
0f0fe
080f1
0c683
0a87d
02061
0fc3b
05ff6
098fd
01fd6
01192
07165
0e076
07ef5
0886c
009be
0ae88
0572b
0d8b0
03c39
0a6f1
0a575
094d2
02729
05d39
0976e
0260e
0a7f7
0e238
05585
0e3bd
09f34
0e35e
02955
0153b
084ef
0c8a7
0ed4a
0cdd9
0d9e6
05cb0
0323b
0eb21
09bda
0f17a
0b9ce
0a52b
056b1
01f63
00de0
024ab
01a74
03e3d
0497f
02dc2
0fa8c
0f1c4
068d7
000f8
0cf85
0eb5e
03af3
0ef3f
06ce3
06136
04ac2
081d2
02cbf
09f3e
03590
0825e
021d3
017b3
02473
05753
04082
08ad5
0de57
0aaa2
0945a
0e7d9
01861
07139
08404
02859
07d73
00646
09ef9
09fe6
04708
07edb
0ee14
0e6e3
039e4
0a1d1
0ae39
07eb4
0d645
023fa
035bd
02fe2
04150
0a5b3
06f47
0c9d1
090cf
0ddc9
0801c
0948a
03b4a
01d3d
05738
07b08
0c6c6
009f2
0498f
08d79
0bf4f
07c9b
033b4
0354c
02304
05b41
0e99f
0a16b
0ea2f
0feda
00742
08a97
02fa9
041b3
07390
03801
03d6d
073ee
0f376
0d234
05e49
0b146
00d9a
08874
03154
0098b
07667
0770e
00a85
0c818
0c680
0a8e2
015de
0c09c
06178
0bcf3
0efb4
05ea5
0a923
09acd
054de
01caf
0fe07
0edf1
03f60
049b4
0a0c3
08fc9
009f7
0fe9f
0f248
0a019
05961
036bd
08e8e
0cfe9
042ca
0fd1e
0758b
0f302
031f8
08b2a
0c9e7
03e6f
06df1
03b45
0ede7
096e6
063a4
07905
0c2e9
078e9
05783
0218d
028b8
092f0
0f3fd
060fe
08cdc
05eef
00af2
07989
052cc
0b5fc
03218
00071
079cb
0025a
0915b
0284f
0fa6d
0076f
0fe91
0d460
01394
09db5
0deb0
0da06
0a27b
0a5d7
00e07
08765
09893
08066
05441
081ba
0e0d4
0d643
073ac
08f61
0b385
00adc
01adb
0fe12
090de
016b2
04e3b
08c09
06420
03bff
07997
0aac3
027cc
0de59
014d0
01920
0684a
07de0
0dc02
08373
0009c
031be
0c92b
0ed47
02fcd
03ea3
07eb6
02d25
06646
0eb6e
099ea
0c0c3
0dd55
03aa0
0a414
0b931
02f6a
075bd
0aacf
09468
034f8
0338e
0a9b9
0420b
0bc61
0537d
0bdae
0e22b
04962
0c560
0e3aa
0e120
08a31
056de
00352
001e6
0a4a9
0865e
09ff8
0c41b
0549e
0604d
0535a
031b6
0e05d
0aabf
0699d
0b55a
054e8
02d5d
05c15
075bc
04c94
04f3a
06bc9
06f95
05578
0b581
07898
03955
0649c
0ffb6
0e00c
089f5
0e799
03f7c
0b7d2
05f7f
09281
0f5a6
010bb
02906
07f43
0dc4a
04541
0a7aa
0439f
03f44
