0b652
05cef
00233
0639b
02188
0e806
071a7
00f86
0b903
01a7d
0f3de
06b4f
07743
0ef24
0e609
07499
035fd
042a6
0f3e2
062b2
08ce1
02bd8
09f68
0ae05
01a74
051df
0e861
0bf09
00db8
04c7b
0d2ee
0097d
00021
01e1a
0f1b3
04d2e
0587c
00e16
0f486
02bb8
05030
03e12
08efd
0b1c0
05c27
07d99
0a58e
0d3b9
0135a
04347
0781a
06b5e
02699
0a7dc
0edda
0b399
03adf
0eba5
0b8b7
0e415
00f21
06539
055ae
064aa
0070b
01d06
0de2e
0018c
090e6
02252
0ee01
0ac25
00608
056ae
08f31
03e57
0712b
00c4c
0181a
0e32c
0d8ad
0fcbc
0b2f8
0f81c
0a62a
0ae6c
0ad19
00280
0ad74
031a5
09b79
0aba6
01610
097e5
0e01f
05a19
07f07
0c81a
0d319
09521
0c964
04180
0e400
05b20
0dbc6
0ada0
03571
03feb
09379
044c7
01427
09def
073b1
08a70
0a5dd
0178b
084bc
0cd7f
04adf
0364b
0f957
0c5aa
08586
06302
0977f
06702
092b4
03696
0d9fb
0c15c
0e5f4
08348
01128
0e21b
0d6c4
0b845
0a11b
0e49e
08a9d
02697
02c0d
01bf4
0ca63
0df9e
0ea5b
04d6e
0db8a
09453
02eec
0e52b
078e8
0e668
0a251
06ee9
0e8b6
0f206
01ad2
0251c
051f9
08eb6
06cef
03812
0dcc1
0882d
0b676
04b60
08471
07e62
0e088
00778
08a72
0e17b
00167
095e0
0141c
0f706
066dd
0c728
0b06a
022f4
0e4e4
0bf1d
0c9ae
05b5b
0dd3d
04774
019b0
070ef
0516d
0f072
06aab
0af40
0fe1d
03c51
0482e
0ba79
0c75e
0f7b0
05e82
0250d
04f00
07f92
0027c
00dc1
0aecd
0ea69
0b2a6
03af3
0bc1d
077df
048a2
09c20
05cfe
0ae4b
0c6d7
0c2e5
00a18
00389
0006e
0aad3
0fb72
06cfb
0d084
017a4
0693c
00fc8
06784
0898e
02577
07de5
0cfb2
0ad3f
060ca
04001
0a577
0de0b
088af
0e33a
0e1e3
00e23
0ff25
01646
0da35
01684
00cbe
0ff58
08b72
0c131
032d9
08e55
07aae
07ebb
0e3e9
01011
01a0d
08e38
0289f
0f9f5
09e24
09142
064d9
0c668
0e017
02a36
0c35e
07a0a
0eab7
0df92
05f77
0289e
0b72f
0f4bd
0fac6
09a23
0032e
0a66a
0828a
0bfd2
0dfcf
0dbb0
03e6e
04c69
094b8
0ffba
09d7e
02256
08c50
05736
0fa62
0b91c
077bd
02085
0805a
037b8
0f0b4
058a3
0d626
06a1b
08437
05813
02a10
05272
045d0
068ef
07006
05184
03ece
0a0ca
00c30
00752
0ec0b
03eef
06c59
046f8
00370
09435
08bd4
08462
0b3c4
0d6fe
0e821
0f748
02463
0ba0c
08826
0388e
0ede7
0c27e
0c7fb
0039e
097e9
0a19c
0d5db
0761a
02b46
0328c
0cdc1
09ec7
0bdbd
0e15e
0cd24
0fbac
0e676
0cc8b
0beb0
0f29a
0ddb5
0c50d
0cd3e
080df
0f618
0c9c0
017ff
0b4a0
0405e
0044f
0af1d
04783
0df1f
09f27
0a8b8
0a42c
05ebe
02426
0fb65
0ba3e
01fc1
09335
0fd7e
044ca
0f9ad
04984
0efa0
0b89f
09921
08d3f
04892
0554e
00288
0dcbc
0276d
0b93f
014c8
0d40c
05720
0ef50
076dd
0dd14
08d1f
011c4
01f97
0c282
0f539
04785
09c4e
0d46b
0dd13
06782
01329
07dd3
0530f
02ce9
0838e
07e8d
01c78
06351
02d8c
0613c
07a66
07bcf
00a25
02870
0378c
0395d
08693
00afb
0cd0c
0b510
080d0
0a592
0afaf
0ff0d
0a3ba
0be39
04450
0943f
0b601
04e94
0c90f
0356c
0afec
0264e
08d8e
062be
0d2fa
0ea38
08182
0b160
0e8de
06c18
0a27f
0254d
0e7f8
06641
0e99d
02d90
07baa
0a807
0b2bc
0cb7a
0d932
0dd32
07eb0
0681b
0b5f7
0dfee
0802c
022f7
0ed8e
0481f
0a76f
0c62e
01781
03ece
038c0
0dd44
04200
08708
0d961
09cf0
0f0e8
0d780
05613
06450
0c963
09162
04657
0dcfc
0b949
03bdd
0f872
0ea47
061ea
0de43
0f678
018e3
02e50
00202
04321
0fd28
02776
01dc2
0a028
04121
0049f
06030
0e88c
05154
033a3
041d8
03f97
0bb0c
02684
0153a
08c4b
0b424
0c3f0
057d1
09c07
08a94
0d58a
05da1
04d0e
01240
0300d
0c808
0ac54
0d99c
0d0e9
06f23
078bd
06c9d
0b4a3
012ac
04fb2
0936e
06091
04350
0c43a
041a6
0a564
07b2d
02ec4
08d93
0076b
07854
01b78
0fd31
0a0b4
0a071
09150
0218f
08c1c
051ba
01f61
04843
090f0
09855
06116
0b16b
01939
0f9c8
08f5e
0bcf7
0076a
06cba
07e56
05e41
01bb4
0ee67
00c83
04788
087ad
08a27
00200
09ac4
06788
02c0d
00c50
00628
0efa5
0f7eb
03140
05908
078a1
0a837
07ba9
04228
0fa59
0f30d
070f4
0faa2
0df51
0b58d
0afb1
083b6
0e1b5
0cbb1
02136
0e009
0412a
0e33b
0b6c4
0f39e
07352
0acd3
0a417
09eb6
036a6
09381
0efb1
031d4
05c04
0c77e
0d004
0db21
03625
0adde
07e7f
06f2f
0414c
08852
05bc4
0ece3
01a1d
04715
02350
0b105
01e24
0324a
06a56
08265
071f6
07fc6
019e0
0df92
050b0
0f1f2
0a93f
05ca3
09377
0e496
0f241
060bd
06e31
023c6
04360
01638
0712d
0e65c
0394d
03823
04bcb
0e219
0b17a
07c1e
0b9aa
0a14f
0ec85
02cd1
0935d
05c8c
02b26
02ddc
0d7c4
05fba
05ac3
01133
0c87f
0a680
02d7c
0177a
001f9
08d5d
080bb
06111
0c9a9
0809b
06e61
0c8db
088ba
09488
08080
06ba7
0521b
0d638
02f91
08179
04b72
05007
003d1
01cdd
0ed41
04ced
0548e
0e203
0cbc3
07a5b
0a366
0507d
0ec73
0180a
0e45f
0a3a3
0f6fd
0367d
01cdd
06fc4
06070
0be88
06fa3
01438
0074d
01652
01636
01eb7
0d892
06c64
047f1
0af28
0d927
0f3a1
0e452
0a952
0913f
0ce12
0bd46
0d38d
03dbe
0f578
054d6
09e3d
0eccf
00e3d
07b8f
0941e
08c66
0d7a1
06ee5
070c0
05e1c
092f7
0c1d0
0b519
0d383
091f1
0214f
0ab1a
097e7
0d256
066c1
0aa71
03dff
0ee5b
0a00e
0fd7b
06874
0a08d
022ce
0bb9f
03769
0ffd8
0cab1
0c5f1
0b7cb
0b8cb
0d118
0a787
0d2dc
00674
01563
07513
07017
0e539
0a12a
04e90
05d5b
0ca52
08b49
08338
04783
02d32
00474
051cb
05e36
04179
0a6f2
02f66
087f8
0ad51
0b4cd
0f5bc
0bc8d
0655b
0e804
042cb
075af
0f827
0cb01
0d390
01713
08bc8
023e2
091c9
049b0
0dbfa
09d20
06d91
01d65
05ea9
0f198
017ac
027ab
070fc
0f92f
04f7d
05b9d
04915
03e64
00843
0668f
0b931
04c15
09f6f
06160
04e3f
05517
0bd12
010dd
02c84
09c79
0c9ca
04423
08546
00d18
0ebf6
0dd72
0a826
06572
01bde
0ef88
06cc2
0968e
0ff66
0ce45
0ea72
00c4f
019c0
0e069
04fc8
09f14
09b5d
0cc69
0dca4
0c8c5
0c12b
09e01
071a7
0dce4
0027e
09e5c
06bb4
0d123
0514a
0b643
00865
0a769
0abb8
05c8d
0ab1b
0dab6
05490
0f415
05e64
0c106
0c2b9
04aed
06be2
04916
0a7a0
0e556
05153
0f9c6
07d76
09bbc
0d363
054cf
0f278
01c15
08a7c
0ef5f
05a8a
06287
07b5f
081b2
080b8
0dc60
0d516
0cba6
035f1
01789
0b4f5
03344
098b5
0c5cd
02c82
018ad
0c1c1
0caad
0566d
0c5b0
0f116
056bc
08b2e
0804c
08277
009bb
07dda
0b86f
02ab1
0dabf
0a5e4
0d58c
02c61
07587
09971
08bd0
01816
074a9
0787d
033f7
07ec2
00e29
03e1b
0ca42
06198
08924
0f015
0d776
022e0
0453b
0682f
0fce8
0fcd7
07ed2
00135
02e9f
050c4
051e4
00e3c
0274f
0c567
06e1c
0310c
0bbef
05c5a
00fe9
00305
04e7b
07b1d
032e5
0ba45
04dc6
06eb8
02579
063c3
07c17
0ca3a
06f07
02215
09509
0027e
05ad8
028ba
055ff
0f856
0174b
05dff
07d22
03e90
0da57
0f7c2
05fe5
011e6
0398c
05da9
0b203
0094d
07d61
03203
0e9ba
0f8cf
0a3f1
0cc36
00709
003fe
002eb
035dc
0288a
0ed03
0c09f
0af7d
06cd5
0592c
0968a
09e29
07a17
083ac
06ffb
0f640
03a3b
0bed4
0253c
0a00f
091c1
0fc51
09be0
0dee7
03b04
03a25
0ee2e
01dfe
0e786
00586
04449
0f71b
04800
05f6c
010fc
0824f
01b40
017da
0798e
004f3
0677a
090e9
03a62
05b81
068e8
055e0
039fc
0c2c8
00675
00ccd
0bfd3
06dec
05b1c
087d5
026f3
07784
04715
0b35a
05fb1
0e6d8
0c4cd
05202
0b8cd
04b8c
015fb
053fb
02d30
070c3
03931
0328c
0df90
0ef44
0b151
0948c
054cc
06e22
055be
0c5c6
0fcfb
00d9a
033f9
02ab8
0cd41
0e451
038bc
039d3
0ddb3
0efc2
0d2a7
0457a
0039d
05be9
0a3c4
03113
0aa8b
060aa
0cb40
0835f
056ac
0dd57
0e285
077bc
0080f
0575d
0579c
014e3
09905
02ad6
0f776
0ad0f
06adc
00bdb
090da
0061b
0b8d6
0650f
027bb
08fe0
02605
01f0d
0af78
00e10
0e50c
0a50b
0a3b3
00158
084d7
0a3cb
053df
09519
0d362
0fa91
0e4a6
01fe3
07722
0fe3e
08041
0df50
0e777
0fbf9
01959
0038d
07456
00c21
0e625
0c910
08b92
09696
014a7
0adf2
076ef
0a4d4
0a7c4
003fb
02b1d
0febe
053ab
0e23c
05580
0e8bc
0e2a8
07c18
0466c
05ff2
00d35
03c50
078f6
042c8
00592
0b8d5
03743
02e13
050b7
0205d
062f5
082e0
00e2d
0dab7
06411
0c446
00fe3
0255f
0143e
0ba4e
00f16
05b87
09b0f
01539
0cd6d
0a12d
020e0
021dd
0f029
08bdc
0f301
027c0
02d6c
0ebf9
01919
0c927
08b04
0b40a
0e13e
0df0a
0cfa2
063f6
02ddb
053b9
0825d
01cad
0e54a
00cec
09da5
09874
02916
07e2f
03dae
01ff8
03fa3
03318
08c7a
0aba8
0d051
0ffec
0cde2
0edf0
0e0c1
0d50a
02477
0ad39
0422c
08933
0cc57
00ed7
0315f
0f7c6
013f9
04e7a
03069
0e652
0d826
09ce3
0a986
02673
0f762
0eef3
0148a
04203
04e1d
06949
00226
080cf
0b334
075c2
09c54
0e77b
05307
0e17f
0ebbf
0459f
0a52b
06112
04c2b
01e5f
0b4e5
05d7b
08919
0f2d7
078b0
0b8b5
0ff69
0596b
0eaca
057c1
0615e
06e0f
0adcc
0f1f8
00823
053aa
08286
00f5d
07c40
0cd40
0d8ed
06411
09dde
0c4ab
09286
0926e
0887b
04548
0e8ea
07f36
0770c
0a360
0c92a
0b190
04301
07ac0
027a6
0d526
0e86f
0cf7e
05500
04fa0
0f257
07f73
0aabf
07395
07827
09f9c
00185
0c7e6
050ea
01cf0
0356e
0d270
0d927
0638c
07ddf
08a53
01e42
03bbe
0860b
04431
02f09
0bfb1
0cbf5
0647a
082c7
0afce
05aa6
0d4c9
06c6e
0cd63
057b8
0d6d4
05d28
06f2e
063d1
0ba97
0eb32
01076
0910e
08d47
0885e
0ba44
0b9e4
03c00
09ceb
06822
08ab2
094bb
04b6a
02b08
027ad
035e3
0ef33
0add7
087c0
087ab
09607
0aa36
0f4c3
093e0
05559
0297f
0993b
05bf8
099bb
0c1d3
079ab
03825
0bbf2
02631
052a5
038f4
03efc
0d0d4
08bd5
0fb73
058e7
080db
0c658
09398
05b27
0e262
058d8
081a1
0e1c1
06899
0a57b
06dc6
0fddf
0bfd3
03c8b
0b863
07acf
00113
01f4f
0edef
0a1d5
03d0b
085ad
0bcb7
0268c
070c3
08e50
0f5d0
05ad7
0781e
018f1
0ade0
0ee5a
057d0
08528
0a608
064a4
02706
00d2a
02eff
047d7
08082
0cf1a
09987
07a2b
0f4f0
0c492
05602
09df8
06942
0184a
0245b
0898c
0d4de
006c8
0d9ff
0d768
0c74c
03a7c
00d8f
0c157
0d391
07c14
0e449
09e78
03472
04b48
020b2
0fb6f
012ee
0c582
0ad24
00495
0d977
027b1
08853
0e023
02ac3
0b332
0049a
0346a
03707
05452
0a308
00123
0470f
061cc
029ac
0d4a4
01694
000d7
08236
01afb
05fde
0f610
05482
0d4cc
07423
0446f
039c3
05865
01ec2
0c83f
028ee
0874e
09739
04832
0be6d
012c8
0ec97
0ca41
0c2ee
0e7c2
085c4
053ee
01099
01f91
02288
09263
02b67
08e78
08a14
045d8
083c8
0c8d5
00716
0f38d
07217
0fa07
056d3
07e4e
0d8a5
022ad
0b53a
0bc86
056dd
0a4e4
08be8
0e9f6
0a5b7
0f0ea
0dfa6
06d3a
0fac4
05743
07591
00eb3
0ae16
0a0f7
0ff71
0f4aa
0f03e
06afe
0c7a7
0e31c
0de7d
0081f
0f026
09faf
0330c
014aa
0bce9
06fd4
08b91
034ed
0a206
00246
08fbd
075b3
01c81
07907
0ae97
0de07
00d03
04448
0b60c
0d1d3
0c421
0d9df
007b8
0d69a
06c46
0b6e6
09d50
0ef9e
0c91c
008c0
0f8eb
0a73f
029ed
057c3
02c94
01d27
02d5d
094f9
04251
0c762
05494
04607
0c266
09f21
09248
03523
00bf3
042e5
08e0a
0b0c2
09637
01f2c
0b2b5
077e0
0a4af
0cf80
0bf3b
07b16
0ac38
050a0
08d86
07d04
0f0f6
0e804
0a965
0137d
0e4ff
0d5af
0b99c
0a53e
0eae0
0726f
0f8c0
08107
0b48a
04f36
0a917
026ef
05746
05750
0a973
094b4
0d6af
0ea7a
01a4e
02a22
0fbc9
0a634
056fc
050ca
0f5e9
059ae
08c29
0db30
0a7cf
052ff
06b05
0cb79
0fe21
08274
01b00
048cf
01ed5
072b9
0adc8
089d5
0137a
0e014
00078
01e21
08642
02dea
0af5a
02a0f
041ff
090d4
04979
0d467
0a3c7
0f087
0a3ec
07158
0ae71
0236c
06747
0f6d2
0c00f
07ecc
0aadb
05271
09192
0d59f
02401
09fe4
042fd
0de67
055cc
00b24
08ad0
01e7d
0b555
0480e
00b7a
0cbb5
07dfc
068b3
086e4
0d0b3
02707
0234d
0ff11
0fdf7
060b1
0e5cc
049b0
05bef
0c3c9
0b2db
0608f
06fe0
01506
092de
0346f
021c5
0f640
02b88
0c4e9
018b6
07d8c
06798
0767a
01f4f
0bf56
09570
0900f
02c75
09a4c
07fe5
0d6da
0dc19
01bc2
05c89
00823
065ff
02ca0
071ed
0f144
018b8
05112
02235
01015
07b07
0d4bc
0f896
0d38e
0ff51
0ea55
0ed74
0e8eb
07af7
0d502
0af23
0e98b
0c144
09f4f
0b6d3
0b27a
098fb
0a961
01dc8
06a82
08019
038be
0a961
0800f
06772
0b769
038da
0373b
019de
04788
0c37d
0689c
0a159
0be30
0692d
07857
0193f
04545
06260
07fbd
0608f
02a1c
0695b
0bafe
023c1
09f66
0a13a
0ac37
00e96
0edd4
00bb1
04958
0c0c6
08034
008e3
0dd44
046f8
0d85d
00745
0c561
0e149
09019
03655
0a3c0
03f20
0980a
09c85
0f47c
0dfbb
0507a
036f8
0d712
09240
07d47
0828c
04588
0e805
0e83f
07f9d
01beb
05939
09051
01b7b
0dfa1
0a785
0f4ba
05676
0b093
055e0
01131
050bb
07531
0b8f2
06998
0e86c
0ec97
0392b
05255
0bf9c
05c89
08768
02b54
099ae
0b76a
02a44
0c4a7
0aae9
0226a
08d76
0a08b
0c983
0961f
098d8
0dd78
080ba
0a492
049ec
079fc
00305
00f72
08401
02525
0bda5
056f9
09b37
04ffa
0c059
0fdb4
0bb1f
0a914
082e4
0fcc7
004c7
02364
0f09a
0f9e4
0b17c
01711
03ff7
09a3e
0c062
0e721
01644
074ff
0d8d7
0faed
04958
0affb
016c3
041a0
00e43
01d55
09e82
02747
0ec40
0f794
0109d
0fd96
07b8d
08a29
0d8c2
015f6
07f12
03631
0d3c4
0320b
07170
0989c
00670
0f982
04148
02cf4
0c54b
08950
0b339
0f67e
0a5b0
05adf
0f9c0
0b0cc
093c0
05bbd
06706
04041
0cc9a
0fad2
0ad49
02e3d
0b5ca
01abd
0d886
0c853
023f6
0b1ee
0b796
0efaa
03839
0a673
0bac7
0d4ee
0d532
02972
0d7bd
0d444
09a60
01617
07aa1
0d755
07a5c
0c6a9
08073
0d08d
0073e
0aeea
0bdb1
0a08e
03d24
0d39e
03bae
024bc
0702b
06a02
0ab1f
0d4a5
06031
05fee
0436e
08587
0be2e
02637
04c14
0bf13
0ca33
0cee4
0227f
041df
029bd
04a67
0dbfb
0e6ef
09fb0
0c692
0f8e0
09bbc
0f6a5
0d113
0657a
02ba9
0d986
072ed
01ded
0b1ec
052f6
0fd44
01a16
0850d
068e4
0c701
05dcc
05c61
0b1f1
0283b
0d80a
08039
0442b
07859
00236
03db2
044ae
0f721
09029
0cf8c
0051c
038a0
0f9c8
0c7e9
06858
03741
02e52
0d9ba
07cc8
0eef2
008b1
0b9c3
0b119
073d3
0c6d0
00244
0d712
04cc0
058f9
062a2
0062e
0d392
0608b
0b254
0d598
0f0de
06983
0b4a0
0fb0c
0e8d8
0bf57
0c87e
09423
05518
09e68
02138
000f4
0988f
0044c
01217
06f26
05195
0f003
0680e
00974
06f9d
04142
09df8
05925
0e394
09bf5
0c30a
069fe
0a656
04130
07562
0aede
0d389
02966
03b5b
04d70
00696
07c54
001b1
0dbc8
0a8b6
0d37f
04708
0225b
0ab70
06655
020ce
034b9
03011
053c0
0283e
0eeea
0f806
00f5e
06b0e
0c859
0d909
0c516
0c957
07502
0c8d9
09b80
0f5d7
059b2
025b3
07e16
05115
0d40a
0a719
08f4c
0ac2d
00535
0628e
066f0
0fb90
01937
05897
08e60
00fcd
07328
0fb2b
0b8f2
06ffa
0b0a8
06557
0371e
066d8
04f83
0807a
0af97
04095
0e57c
0a8f8
0d440
0e73b
0323f
0af42
01849
07fc1
01be9
0bd01
0ce3c
0e8d8
01f88
0e983
02255
04069
0cbc8
0a8d6
04db3
0916d
0958f
024fd
0b609
051e8
079d5
056a7
00209
025cd
0a7f0
03dda
08d96
0ef01
0e228
0fe49
0d3ca
08957
02db2
07dff
0ccc7
02b77
0d100
0b43f
0e184
0d3ee
0b158
0467c
05542
0448b
0c601
03790
0a7d4
089ac
00c22
04317
09c1e
086ee
097cf
06121
08315
0a3c2
0ea81
0f5e4
0d18d
0ca48
02755
079b5
0dfb5
0afbf
0ae0c
0086c
01163
02e49
0bc29
0b17f
0ccf1
0e31f
06001
04885
06aa4
0baac
06064
0c46a
007d0
03bea
091ce
02c86
04ef7
0eb5a
00fb6
0d483
0c406
0364f
0a784
075a0
0d1cc
01194
0fc46
0154b
0e06e
04589
0005d
0479b
00ee1
0726d
06de8
0334d
02225
050dd
005d7
0da95
0cac2
0f416
0db72
0708e
0e2c0
053e9
008ef
06610
0e339
07274
09729
0801c
07294
0c02b
0b923
0d74f
0f74d
0007d
0eb85
03387
00149
0b1ec
0cfae
0a6e6
0fb13
092f1
06338
0d0ea
0fa6d
0f4e5
01164
0a2a2
08572
0c83d
0e6b3
06707
07cec
026db
0c8f1
080a4
002e2
0aef5
08a85
0d9f6
0fd84
07b6f
019a3
0b523
0db85
03fc0
01dc3
05258
0a939
06cb8
03064
045f0
05a29
0d847
0d6d2
0416c
0a1e9
08b53
0fd9c
018ef
010b9
0a7d2
01a7e
09c99
0073b
02e66
09677
0c5af
03e8a
0a187
0ef06
006a7
014ee
00d18
02403
01c77
011e1
0e6c8
06b55
0a3f4
083e8
0c8f4
0e1ce
076ad
09e39
0fe06
090ec
07cef
0cdc3
076c5
0109b
08d76
03592
06bdc
036f1
0a2cb
0c184
0fee1
022a7
07025
04972
037ea
066fa
006cb
0b347
0966c
0406f
08198
059ac
0b788
022b1
03506
02c55
0156d
06483
0b4ed
099b7
0075f
0966d
05504
090bc
02048
05ce5
0a084
0e59f
0129c
074df
0476f
07e6a
0e533
0d664
0efbf
0c743
0dc43
01292
0c644
054a4
0a3ee
0245e
0676e
09e96
0088c
06cc6
0f0d6
06f8c
0ec19
092d3
09494
0638b
00aee
03328
064a2
0d09f
07a46
05279
068b7
0e53b
0045d
05c58
0c508
0c385
07c16
0556c
00242
0f19f
03eac
0b24d
09e2a
028e1
0a6c2
03c04
071e6
0724f
035fc
027c5
0f097
0d475
01cea
0aea7
0e01c
0e5ed
0cfde
0e796
0fc90
02498
045ef
04501
01115
07491
01e3f
04fea
0e348
0a3a1
0e02e
08a25
01126
0b70d
05f14
079f8
0069f
06b1e
0d5d5
006a2
0c192
0e035
0fa44
0f6df
038b6
056e9
08856
0f1bd
05995
0c189
0a5b2
0aee6
0ee40
020d7
060f1
0cf4b
09048
0d412
0f408
0847c
0ba1b
03082
09e4c
0a1f9
0752f
0e7bc
0b679
05afb
0b5fc
0e305
099d4
09826
04adc
0a572
0476c
0d6a9
018d9
03999
0bb08
0355d
034bf
03974
0a11c
0dd95
0f3e0
07fd2
076e5
0b04a
0262d
0a3b8
0eb7e
0db0b
092dd
0d746
0fd27
012fb
0bc8d
01edd
0d3d1
004bb
06790
06b46
022ab
07259
084b2
0de2a
0a5b0
01efe
05ade
0f840
0a3dc
0db4d
01a6e
07f4b
09930
0b02e
0c0ee
067ce
07b6a
069c3
04d2c
07d09
099ef
0b818
046dd
08ecb
0a45d
0e775
01b71
0ad91
0277d
0a232
0acab
0f0e6
04457
0ce0b
0627f
003de
067b1
05516
089e7
04a6a
0ed8f
02d66
0c14c
0385f
0c784
05247
0c173
0ece6
0807a
0f67a
0d5ff
05c17
06e63
0f054
00c96
06b11
0b067
08ee7
0f06d
0e346
05eef
0d390
03124
060e0
03ee6
04f5e
05b92
08fa0
02e38
059f5
07222
0476c
0007f
0c894
05ef0
0b270
07b36
0805c
03088
0b897
08c95
0aef6
0bc71
08e70
020fc
05410
0a2f7
07a62
02bcb
085c6
001d7
01a32
076e8
0b1be
0cdff
07306
00e54
067f2
05128
04d23
0dcb8
0f31e
061ae
0a71b
09b03
004a5
09de0
0e4bf
0c2b7
0b877
0e2d4
03355
0da6f
0df95
0474f
02f4c
063af
04ba7
0bbbe
01e8e
0d5ed
05861
0d0c8
0a0a1
0c599
09597
06baf
0989a
0e062
0c5f0
019e0
05984
06bfb
00a62
0570a
0b916
0e0f4
05aab
09436
0ca45
0ef04
06d4b
0c92e
06b2e
027f4
0cb12
0679b
07cf8
0086b
09647
0c65f
01571
034cd
0f02c
050bd
0c9cb
04df3
0074f
078a2
06a3b
0cf79
09f89
01923
09166
0ffcc
09004
02956
02e3c
0ddc0
07aa5
0821c
071f4
011b3
0751d
030a6
01f43
03222
0c6c0
0d2f8
07840
0c02d
0dcf1
05b9b
04990
08c59
0b9c5
0a2e5
09caf
0250d
09488
0015c
0a99e
0e84d
0c1b8
04df5
0535f
0b438
026e3
0354b
000f0
09fd8
0da9e
028db
012a1
0c3ea
0d442
01667
01ec9
05d85
0c768
00323
097a6
0d672
00901
03532
0e267
08610
0abc6
06604
0363f
0c26c
044a8
09fe1
08e0e
0252a
00c3d
0d534
0c718
0fbb3
09366
0a38e
0f0f7
07113
04b85
026fd
0dc74
0b2c3
01ca9
05afb
08c30
04e45
06c44
063dc
0b16e
0883b
0822c
00729
0ebfd
0270c
022a5
007d6
0ed98
057d3
0bfed
00c46
0567e
07cde
00d12
0b12e
00f94
0d9ee
0de10
0e396
03046
08152
0adfc
077cc
071db
065fd
03e7e
0ffcd
02941
0826b
0e900
0a232
0b6b2
082cc
021c9
05766
054e8
095dd
05b05
0502f
002f6
05c1c
024fa
0b68c
05cab
01859
0b55b
04702
038a8
0e187
0c8f2
001d5
03d8a
050db
0d588
0dc37
0551e
0ab17
0174a
0a7bc
01d35
0f457
074b8
04590
08e9f
02070
0769f
09737
07a2b
01bbd
07e7f
05668
0bb12
01776
05636
0f902
0804e
0cb7c
04dcd
07abb
075f0
0903c
09764
01834
076c4
0f6b2
0c935
0b5a5
08387
06bc4
08833
04f08
0b675
009cf
061d4
07314
00d77
0d25f
08262
0312a
09330
0d2ab
07dd8
0418e
017f7
0a37e
00a6b
0aa57
01d4c
08b75
0fdbc
0362c
0ab4e
00e32
0a141
03c5f
04021
06c3d
0eee9
0f9f8
0573e
035a4
01e63
01a9d
0f773
0819a
093ef
083a9
0f0e8
07687
036e5
024b8
0f17e
03fef
0f806
080ba
0050f
00f22
0669c
0832c
0b68d
0c9f9
08dd8
0cad1
0a8bb
0f939
06a8d
0f52d
09669
08e67
0c1b8
0cf49
0c10b
00283
0e28d
0452b
07030
0c99a
0c1c3
01db8
09599
0f09f
086d1
03502
04bc4
0036b
03614
000ce
062cb
0df6a
06be1
04ec5
0b60f
043f8
09067
0026e
09cbd
06e90
07e7f
0bae3
03be3
0cde7
00953
04601
0cab6
0a83f
0f75f
0e1df
0bf37
043c9
0dc72
0d664
0944f
01a46
06f1e
03281
0dace
06481
0ccfe
0f094
02395
0eb7c
0a154
04c87
085f3
02255
07f3a
0ad36
07cfb
0f997
0c55c
08907
0503f
075c7
070bf
005d9
06b1b
0b73e
07b0c
0bbbf
04573
0cb54
01562
0b102
0605c
05c97
0ef9c
07935
0949f
00f75
02f9c
02b0d
08206
0fa48
09bf1
0e91c
0a878
08b6f
0fa98
06745
0e628
0ed2a
012e9
08d09
01467
0d582
0eaea
022bd
09ebc
0baac
0c75a
0ac3b
0f563
0e6c4
0774d
0c517
0302c
01009
066b1
0806b
00adf
0afad
0f0b6
06943
0cd8c
03171
01a34
00a54
09630
03811
0fe6b
0a0a6
0dbcf
08e4a
06ddd
0103a
0f296
052b6
03549
0e9a2
0e868
022ff
0d943
033a4
0c63f
0a3fb
0ecd9
05cb1
07694
0d203
07e97
09dcc
023e9
03cc8
01068
08702
0a9e3
0e11a
0d6d3
0e604
03883
04a70
0c523
0a7c7
0f441
051d3
02223
04982
03c3f
0551e
0fb28
0bbeb
05447
08439
020c2
0cf04
00d39
0959b
03328
0b202
0ab62
0bc5e
062f8
0ee2e
0742d
01f98
08e63
06dd3
0e955
0d528
0680a
03f7a
0a448
0bca0
0ce9f
0fcf0
00b29
0fc71
03f1b
0ded3
082ca
082b2
030e2
08abe
09c60
00129
00272
01e43
08b20
0128a
0e39d
0bd3b
0d212
0171c
04c49
07a15
03efe
01a11
0d87a
09fec
014a8
0e399
0f8f8
0515c
0d27e
05299
05a59
0a90e
09c6b
04ec7
0e82a
0698a
088e5
0846a
0f889
04c64
0bfea
03ad5
0f5fc
063ca
0d274
0d0d3
0a4b6
08d3d
0e405
0bb81
0ec42
07c9d
0f7f8
02244
01ea3
0a52d
06001
04926
0b58e
01c3b
0dc3e
0fdba
0eb4f
03da1
0a5ca
063dc
0cd77
00109
036b0
0f370
09436
072e4
00a40
083ad
01f5e
050cb
0b34c
0c108
01e24
017ee
09647
03de8
066e6
032ff
0d169
0cb2f
0fd08
0ee00
0b449
04b9a
0f5e9
0004e
0e029
03893
04fbe
0e550
0effb
03486
0e0ce
0dc25
06d0d
0a6ce
004bf
0d224
0975c
05b5d
0eac3
05087
00c0a
09695
06bdb
0338d
0f962
0d07c
0ec78
0cb97
0455f
055fd
0e076
011bd
049a4
0b20b
09fbf
07e3f
024cb
0cae3
076da
0222c
0a31b
09e32
0d78e
08ba0
0f709
04091
0abc1
0d64b
01bbd
090c5
0c495
0ef4e
050ad
016f0
06888
0df26
00afa
0c814
0370a
0a3fa
0b3ab
010cd
05e9b
0c926
0211c
079a1
083c5
00f1c
0f149
073ef
02feb
04527
04f38
01c60
0dd29
0c48b
0e0cb
0def0
0cfd8
0a55c
092ae
0022d
0a60d
077f7
05b86
08e30
05044
03a53
0d2e1
08e19
07148
0ab7d
07284
05555
0de61
02584
0eec6
00628
0bb3c
022b4
07ac1
01065
0aa75
0e7fa
072de
05fa3
03b42
07278
0c19e
0e31d
0c50a
097dd
0b6bb
0aa1c
0be9c
0444a
0d149
0386d
0a16f
03d00
00f72
0e184
005b3
0b210
0bb15
0fed5
0044c
0ba74
05018
0bf38
0127e
0cc05
0fc44
088ab
0941e
02f6a
040df
061c4
0aff5
0de37
058bf
0a2cc
0cb56
04d0a
0cc5f
07e36
0a095
0dc9d
00cc6
011ea
0c408
05fc9
0ab61
0b111
02035
0bb7f
02cbe
0f713
0e4ba
0b9f9
026af
066c9
0f301
0803c
0ab4d
06f8d
02242
05866
0e89f
06551
088c3
0809a
0ab20
00a2f
021dc
0fc2a
0d8a1
051aa
03957
0650c
089a5
0d570
02da8
0cb1d
08df1
0c0df
02765
0a3c2
04c22
0dcf1
0abb7
07f1c
04d65
04843
04148
085fe
0e638
01408
03087
0013c
036e4
08a1f
0375e
055ec
0e2ad
02504
08b81
0164d
0808c
07e15
0e516
09aa5
03d20
04582
0cdbf
0384d
0f99d
07fdd
0043e
00745
00946
0a5b2
0061a
0a8ce
01566
03dd1
08919
0083b
0629b
06eea
090b3
00ce2
0ae09
01110
03980
018b0
0ad9e
0c0d8
07155
0aebb
0dd3e
01379
05e66
03619
078c9
02310
031c5
0d265
0d466
09b5f
0d606
00b48
04631
02671
0524f
094cb
0dc3e
0e562
0d813
0843d
049d2
03ac0
04c4d
0b184
0615a
0cb07
05140
01a67
0ea00
088f2
086e4
0a45e
02652
05825
0c70f
0024d
04c19
0003f
07d48
072bc
02877
084f9
0dd8f
0bd27
0d5a2
0b539
0fda9
03d6e
0d6d1
0c80f
0b576
0fb60
0316f
06c12
00b9f
09221
0b0d3
01d5b
09b3d
07861
0cacc
094d6
0336b
0cbbe
08a95
0b413
01434
0c56f
049d0
0a55b
0614b
042a7
04110
073c4
00bc2
0f18b
04ba5
08adc
0fa78
0c566
08264
03024
05f69
0d391
0328d
06f65
0ba67
0b9e0
0fae2
080a9
0a425
0cb31
03cb5
006d2
0a554
06670
07da5
09fe4
01280
07041
0bcec
08ae7
08efa
04811
0f299
0b4ab
03ffd
0580e
007c5
0dde2
0c422
0beeb
0c304
0646d
05b05
0bdac
0d45e
048bd
0eabe
0df05
05393
04718
07ae0
0d421
078cf
02a72
05918
0f0a5
0ae50
0761d
08235
03edb
06966
0b053
0adad
0f0cb
010c0
0526e
044b6
00916
02d05
0e8a0
0fe88
0294d
00db0
0d74b
04288
097a7
0b9c8
00913
0445c
0c5ed
09291
088f0
0e8df
07248
0bac1
06d56
08e1e
030e3
09051
07e50
0257d
00fb1
06f15
05f5f
07a06
03f55
0dcc4
0da99
0eff4
01991
0d95e
0d814
0f903
08396
0f0fe
0f6d1
04580
01a7d
031f7
028b0
01f7f
0972e
000c9
075ff
0802a
07e69
0efc1
058ca
0c9df
00922
02b7c
0e4d8
0f003
0f38c
0b10b
07181
06074
090a4
048f1
04439
0a625
06c69
073b3
04264
04492
08700
0419c
0b85c
0fc2e
0f42b
0e6eb
05ce8
0e977
0e991
08127
0b966
0e44d
0ad9b
01886
05467
0369a
0b044
05f97
02fbc
03319
0905e
09e36
0dd2b
011d7
0745d
0c1c5
06113
075e8
0cadf
0fa76
09870
05a4a
00818
0921a
0ec9b
0a996
07e40
0bcac
09f45
0e4e6
0f319
01ca9
0c442
07d27
05af6
0ae40
07b91
042f8
01bf0
04ce8
0a26c
09ef8
0d089
02994
0d6e1
0f2ca
09462
0d2b1
0e3e4
0e78e
022f1
0de79
06e35
0d41a
02827
0731c
0a6b0
094c6
0a7f3
04527
02118
03ac2
0abae
0e05f
05888
07595
0aa14
01a73
02cbd
08fc2
0ebd7
06d72
0fd18
0f98e
0d854
04678
0cd53
064b6
0c215
0b4c6
09588
0fca7
0edf5
02bfa
0f516
04eb1
04531
00a68
01686
03f24
00be6
00f70
031e0
082d3
05b16
0d0cb
0d51a
01d8b
0ca4c
05d49
0a3b4
02bee
0a4c4
0fa15
0a58f
0ae2e
03721
081b8
015e2
0cb8a
0e3fe
03241
0072d
0040e
000cd
087c4
0b4c1
0f7ad
05de5
08bb9
05031
05957
0f7b0
09603
0c9c4
0d8da
0b2fa
041cb
09846
06591
016f9
0b0cf
03adc
0e9cc
03fa3
0edf3
04f81
0a9ed
020bd
05c2e
06f2d
08314
0694d
07853
0a7b4
076ca
0dd31
0ed35
0bf0c
0e51e
0f7d6
0fed3
0e378
06ce3
0805a
04299
0c6a8
0ab6b
0f6d6
0a535
0189f
069e3
023a2
004a5
0995f
0e00d
02f2e
08376
00084
0f0cc
0f46b
02668
05d5a
00f47
0d36c
02bb1
01209
0f676
08745
0c9e5
0c93c
0d319
0febd
08bc0
0f2fa
04d99
02e21
0eb3e
03d4a
0572e
09464
075e5
0bc8b
0c7b4
0d8ad
07d6e
019d0
06fa0
04ea9
0b24f
064fa
0c612
0be51
049ef
0b98d
0a6df
0e417
0c26f
0faaf
069ec
0a3ee
00562
0f2f8
02fee
01c5b
0ff99
05a0a
072af
09856
0ec29
0c5a2
0893b
0d494
024da
05de8
0c1fc
02d24
08547
068c2
0cf4c
0791b
036f2
0ca2b
05a23
0e1fe
0aae0
0c9f7
098a2
082e6
07228
01395
0a300
02094
0ac7d
0c957
0cd42
06f77
00873
01f92
0c9a8
066d6
0c7b7
04a49
03c7a
01b8d
0b7a7
02789
0c716
08498
01ceb
0e402
0ecb5
01c66
099d5
03758
02e49
068b1
0ba57
0640c
0f3ed
07e20
0d4cb
0bad2
051f7
0f728
0538d
0a241
0c8fe
0e19f
0ebef
0f008
01f54
0ab55
0b898
098ad
012e8
0f2ca
02da7
05d42
0c4b3
03133
0a6bc
095ba
05dbc
0f4de
004d8
01968
0412c
07e9c
06f0c
035b1
06c9e
041e3
0c83d
063db
0f122
0860d
0d765
00a17
0502e
020f0
07fda
0de7e
09302
026c7
0b82b
0ffdb
0f6cc
02acc
04554
02282
08825
05876
0bfb2
02051
0b4d5
0d3cd
02b81
0f222
0df18
0baab
0ac07
05022
04f6e
070b2
0bcb9
0b91a
04260
0a575
0fb01
00d39
0dfd5
063d1
002f0
04d7f
04bb1
05acb
07212
07898
0b6b0
04995
0e0ae
0fee6
0352e
0bfc6
06345
0b395
0d1e3
099c3
0f806
05034
0d232
09e9e
0ff67
0883b
0d320
08dd0
0b849
0a454
01151
0e8e2
04d41
07da3
03496
00505
03eed
0b4f3
0193b
01925
0f5da
0a1d6
0ce65
09ef9
0b384
00d16
0ad45
038e3
00621
0a3de
00565
037be
000c5
0d747
0f914
0fbd0
0851e
081dc
0ffc4
0ded8
028a4
06c9e
0e4a0
0da81
0c0fc
06341
0c4a8
09763
0c6fe
0a936
07c06
07042
077ca
099c7
0e36f
0e2a7
08d91
0d11c
0752e
065b3
0f582
04bb9
04ffb
0dc5d
0572d
03a98
02606
0b09a
00043
05cd5
06fe9
0f847
09491
069d9
0ff5a
07d60
0939b
0a05e
019be
0a571
05445
03b09
0945f
00470
0a394
001ff
08147
0f24c
042d9
0d55a
00d87
0f4d6
0daa8
053e3
026ee
08a13
0b5f7
0f93f
0e6db
078f4
0d1c2
0c15b
0083a
0a258
03acd
02faf
0e0cf
09898
0f829
076b4
0c719
0df26
0bacc
068f3
0e1e7
0b33c
0e69a
09950
0b155
0b973
0e7c6
03ba1
07d4e
039f9
0819e
0865f
08723
0c7d5
02108
0deca
07c7f
0a3e8
05cb7
0ad8a
0f531
0807f
0f477
0f416
0f77c
08e2a
07958
0e08e
050cc
028a1
04880
071cc
08c5f
0e903
0e385
0bd06
0c458
02539
029ab
0f02a
0aa0a
0bf22
0fc4d
0711f
040f0
05ff2
014bb
00e93
01e95
0a5ba
0064b
0a3ae
092c4
0b38c
03a03
0e055
075d1
0c273
0a4e8
0ba88
0919a
01098
0a521
02262
072bf
08df3
09b17
05eab
094b5
0d147
04059
0f04e
034cf
044fb
0607b
077f5
07e71
01c53
0d016
0ac26
07936
06783
0be64
063b6
0bca2
0f1d1
0a0a6
00a4f
0caba
05017
05f2e
03d75
0ce82
0000c
0faec
0fa43
0a682
0f0fe
04ae7
0f3c2
06174
0ee1d
0d98f
07ebe
01845
0f00e
0e94b
07061
07e98
0dfeb
0c507
0d2e6
00df0
0ffc0
0ff47
0a6dc
0ab82
005b3
01c49
095ad
08e0c
0ba43
017bd
0e32b
047ef
0cca9
0506c
00ded
029d3
008d0
0e204
0766f
05d2a
04b8d
0cf3c
0b61d
04ba1
0e5b4
05111
0b0f6
0944c
0c589
079a6
00809
0aa46
09bcb
02825
0b3d4
0d9c8
0ffef
03dfc
022a7
0eae9
0e257
0a393
06816
0e275
05445
08e50
0a1a7
02e5d
0ebb3
0118f
09bba
003a8
0fd5c
0a89e
0a17f
066a5
00122
0baa8
0643f
0c8a4
0ad6e
0f456
048ab
0dff0
06f10
0bdee
01104
0e829
00c4e
0b2ca
02a05
06138
01744
0d147
0d4b0
0e599
05d04
02130
041c9
036a8
0a298
0c6b8
07c12
0e659
00e62
05dc7
0f78d
0aacd
072e3
0e64b
04fa9
03928
093db
0575f
09ecf
02b3f
07205
0f23e
034f4
0f579
07b90
0014a
0da2a
0626a
01218
0be74
06e76
01111
0d0e4
08588
0688b
0d9a0
03f4b
0d8c5
0e2d6
052e2
065dc
0ca11
0d9e3
0ac04
0d3d8
01783
0cc55
0f319
0f624
0be27
0b325
0b621
0e5d6
07cad
0a77f
094ca
03372
00189
0a30c
0e243
0f678
042fd
0b524
0061c
0965b
01404
05b90
0a80b
0211f
00d34
0a3eb
0a692
0e525
04d70
06c26
0af6a
0f807
0957b
0b836
0f1fc
04c46
017ca
00ae5
04e4b
09385
03a70
00867
09290
02bd9
0bd5c
01e58
0ef0f
09b1f
07d48
03bdf
0cfe8
0c209
0070d
03cde
0db32
03aaa
02c06
0afc1
0bbc3
0c3ca
0df9a
02dbc
07640
091ae
00885
08d0d
0e182
0b66c
0170f
0158d
01536
09faf
0abe2
09a0b
0115d
0468a
0429f
0f482
00bd4
0cff1
01303
0c4d3
09ece
09d91
07be6
0aa00
0dfca
0b252
014d9
07355
0c998
06c1d
06f60
0ce90
095f4
0f977
047bb
05459
09bda
0b9c3
0a681
031ce
0f812
013a6
0711d
078af
0b2ee
02116
097f4
05e32
08571
08b56
0d05e
0cd81
07edd
01208
014cd
011d9
0850b
0b6c4
06c66
0094e
08be4
0d590
0fddb
054d8
0a1e2
0357f
09a6a
0053e
0c0c1
0380f
0e003
01a13
0e548
06be8
025a3
0fee1
0071f
03b3d
0cbc6
0d004
0348e
0721d
0091f
075ab
0968e
0c26b
03798
05c7b
0311d
0bacb
01bfa
033c9
0c315
08138
0a6a9
085b0
0d155
0c525
04e92
0bd48
0e0dd
07698
03931
04f40
0b2c7
07025
0d7e9
0374c
04124
0e1fb
0ce0b
0e7a4
0ca11
0582c
052d7
0b595
0ff10
09e3f
0fa00
08f68
0ba4b
01302
01eae
0e717
03d4d
0eeb7
0768c
070e1
02dd9
0ac77
0fdf8
03027
0d93e
012da
08e34
05850
0c3eb
02a3b
087b5
08144
0e545
02cd5
0d5b4
0aa7a
012e3
087a2
08665
035a6
0bd6d
05ee6
0dc3b
085c0
0915f
0b0a4
04970
0d403
09255
0bcfc
0838f
02c30
03aa0
0703a
0ed02
016cd
08232
0f85f
0db6d
04523
00ab5
060f2
06279
0e373
07e39
0c8cb
0a688
0545e
09ffa
058e4
0f350
0d573
0013e
0f8c0
09008
03dfc
09f3a
0df84
085e7
08a5f
001bd
05739
0dee3
03f79
06173
0b461
061ef
09098
04f51
0a6ae
0b4d9
0aed7
0c551
02c31
06519
04968
0dc48
04e0c
02d33
06a67
082fc
03eea
0b85d
0b079
02510
0048d
0b401
08bdc
043da
0b95b
04860
0f665
0adb4
00364
0bc4f
0cdce
01f9e
08c38
05806
006c7
0e090
0500d
0f10e
024c5
04d76
0c857
06054
0693a
09d1b
010b3
05e60
06c7d
0fa38
035ec
07f18
04d8a
0d03c
0f091
05114
0e711
07eb2
07cd8
04f2e
0d1a0
04031
0e5cc
0e4f1
0dbed
0e0c0
09535
0de6b
0abe6
03f4b
095f6
0c504
0e487
0ea65
096a4
04d56
0943d
08977
06344
02556
0670a
0d58b
0fa5c
0b172
0fd64
05060
0ce7b
0d157
08571
00257
0a921
075b6
0cf05
0d86b
0e0d6
06b21
05f9a
01041
061fd
026ba
0cb2d
03f33
069ac
036f0
0f7a2
0e67e
00795
0aede
07c95
09ad5
0151c
06a2c
07176
060fa
0663f
03420
0a346
03111
0080c
035f7
0cbc8
0ce3d
08f20
005cd
050a6
07fc2
0d8c4
04535
01ddc
03d0c
071b4
0bb11
0634d
024d8
0387f
0b50c
08d53
07b60
0f7d2
03041
0b80d
0f828
07dfc
0852a
02c55
0a292
02b3e
00b00
0c152
0da44
0064d
0d729
05de0
078ab
0c296
0b4d8
01e84
09454
0cb5a
01364
04844
0d21f
05963
0497f
09f33
0fd29
0437e
04a09
0ac7c
035a3
04af7
0da3e
032d7
07d4b
0acb9
01612
0d4e5
04030
0214f
01ee5
09403
010fb
0279f
0a56a
0f5cb
0fe2a
0090a
0ca13
0459a
020eb
01307
0f489
0b527
05e2c
0d865
0ca93
0d638
0bf93
01967
06dc8
0d666
02f96
0c85c
053f2
03a38
094f2
0157d
0e292
073ba
0f12c
06455
01b9a
0e821
02a5f
08fa7
06536
00928
063d8
00520
04f63
00d65
01aa6
0aebd
0c845
05aaa
0cbac
01441
0f6f9
003b9
05ac3
091af
0fc20
09222
0a719
0e5d4
057f4
02050
0764a
05623
0ec77
074f2
03c02
0a90c
05925
04e2b
06a17
05889
04536
0e832
0596c
0a7ec
08308
01308
03969
097eb
07f65
0976b
0fa85
0bc53
09551
0782d
02bae
0cdbb
09f60
0b8d5
0895a
0e8b7
01aae
01d67
0f37b
058ef
08a08
0db64
06ef1
0ccb0
0d27a
07bff
0f4c1
0b365
0b80d
0bb23
008bd
08f6e
0ac20
07cee
0fc55
0b8c3
013cf
006f8
0ffe5
0edf6
0100c
01bc1
06066
03b2b
0e339
04a24
030a2
027d5
0743c
0b9a2
00135
090c4
062c9
06b40
07913
03850
0bfe0
0d75a
0d74e
0877f
00969
03b26
018f7
02ab2
09ff0
0cfb8
00fde
02e67
06658
06ae7
0a75c
05f05
003a7
0de9b
0552f
0592a
0c435
01bef
06a04
0278e
0c685
08d7a
042ca
0c5cc
0cc16
07414
07653
03be3
0c21e
03061
095ee
01adf
04ff4
0616f
035f7
003fe
020ab
0f362
02be2
0e5d3
03dfd
09717
0a203
0ee22
08006
017a7
0ab3c
03863
0b955
00ec4
025af
005f2
002e8
0aa59
0d37d
0e1c7
0772b
0b75a
05089
0d59a
073a0
0bac7
0bcf8
02c8e
0f195
0dd49
07a2d
0b917
05d3e
08708
03806
07ac8
00e67
04cd6
05f16
0c0b3
0f537
03214
01bd0
0cb30
0d413
0a72f
0d8cb
00b1c
05649
096f6
055d0
062f4
0bb8f
0e439
0e16f
0e339
09339
0298c
09a1e
01672
0bc02
0f10f
02bc0
0ff2b
0ac9c
0621f
04d64
041cb
0fdf2
0fc84
0b21c
05390
0c99b
03e79
0a1be
0edde
03b0e
0cd55
07fa0
03280
0f467
03637
0a26e
03a05
02fee
02225
08420
05330
086b4
03b65
0507e
095e4
09f9e
0ba80
09c57
0d53b
0e113
06f04
02612
06864
0e328
02611
0f09e
08703
02f50
00047
0d1da
0cdf8
0a471
09edb
0a28c
01b64
0b42a
0f380
00284
06255
08222
003cf
03e97
02e78
0fc60
0ce7f
02dbd
0ec4a
00ecf
0c61e
03562
0699f
012d3
03a09
03501
0405e
0e764
06d2a
0717c
02e52
02cfa
0e8ff
0531d
00f29
07d20
0a2c3
0f0b4
0c2e8
0b71e
0d802
084e0
00641
00fb1
02096
020ad
0a267
094df
0427f
0cc30
01d4f
0e018
04c0f
094f1
02676
03ef6
0d7a0
08f71
0695b
08adf
05855
09b1d
023b1
03e84
081c7
0f230
0a25b
09552
0caa0
0df7c
049fb
08cac
04aad
040fc
07528
01ff9
0d9d1
09673
040a9
02585
02891
0d86f
085ff
0ccf8
01c10
072d9
0b206
03212
0ad06
04c30
079e3
08ee3
0d85b
0c825
0a31f
04b31
02117
0fd90
092c0
0d970
083a5
0a645
0606c
0779d
03275
0ddc6
08a69
0a102
004e3
0dc3c
01145
0a5ac
09373
034f0
03137
06d27
0f39c
0355d
07291
094c9
0d9bf
07bf4
035da
00615
0fe23
0174d
0f791
0db41
0a478
0e7de
0c061
01b66
03913
07470
00702
08c6f
03684
0a53a
08e7e
09124
0fa16
09ce5
0ff22
07b1b
079ea
088f1
0721f
0be03
0f006
07f49
0dd31
0f4a4
011a0
03003
0da67
0b872
04ffe
0b9c2
07b9b
0272b
0f7a5
0a3b8
018f9
0821b
00219
06db4
0f291
0097e
02a4b
03b2c
0a7aa
0cbb0
0e537
0898e
00923
0b789
0569b
00ae0
0a7b4
0b567
010a5
0b340
0f757
04e6b
02284
088a7
0e4d1
04e7f
0c7f8
0cbe3
01968
0cb1f
06935
05804
09377
02767
0da1f
03090
02e46
0b152
089ef
0120a
0c330
05ae1
0f9d6
00d46
01b9c
0c999
0671b
02d95
03ed7
04cd8
03c49
0ebb2
0aa1a
04772
04c0a
05204
06b59
07b9a
029a1
05ee9
0a89d
0c7c4
0f8da
0ff2a
04625
0b143
0012e
06daa
0b025
0db9b
03f1f
0d967
05987
0ebc5
03b75
085bc
02f11
06103
08efc
05953
0fe5d
0fd37
06093
049b6
06731
0a18f
0fbda
0770d
0faeb
0823e
05c1b
033d4
09e79
04d57
00613
08158
05eca
011c2
0e0ea
07a17
0f659
08595
0394f
0bd3e
0e922
02189
09331
04975
0af4c
019cf
0a898
0459a
0a8f6
073d3
0011e
0ba70
0b7c0
0fbbf
0fd1e
0728d
0ca6f
0973c
05d40
0fa24
06bf5
0ebb0
0b24b
0e85c
04c44
071ef
032f7
0d834
02494
0415c
04c13
02b8d
07a8c
0a428
03514
03436
025b5
07a8f
06a3a
019f8
036bc
00f0b
0f36a
0a806
0601d
0bef4
016b5
05b32
08530
0cf5c
08ece
093a2
03509
0574f
06c19
04763
04090
05cdb
074cf
0571a
01117
0f7db
07fa0
0a4bc
0f2f3
01e53
09bdb
06a16
035ab
07f42
0f5c7
0061c
0b4de
0e114
06903
0f59e
056c2
03f6f
0734c
03924
0d937
05f21
047f7
0c066
01bb0
00357
06b14
0e48b
0229d
0bea8
036a2
076b9
02626
0e5f5
09a6a
08a37
07e21
00198
0650a
0e376
08e7e
0e016
0766e
03f21
03101
07258
06af0
0e409
01f55
0801b
0887d
0ca97
0568d
09cc6
0bb84
0a056
09dff
00ff5
0e116
0f9ff
007cf
007f1
0a449
0771c
0b64f
0a4d1
042a5
068af
08710
033c5
03fa6
00e0b
05bbf
076f5
0a4de
01dac
045c6
08f87
0fbfb
0f665
054fa
0ae64
0f8ff
0b54d
07038
0edd2
023ea
0be00
0da32
096ee
0335c
0a46a
0783f
06ec7
0110f
0e47a
00843
0c33d
0d26a
0d50a
0fca1
01f28
0cd9d
06d23
07742
02e64
03322
0235f
0dc8b
02fc4
0356d
0aa2e
0ac85
070c0
00d16
07d63
0faeb
0693f
03a69
06170
082e2
01d38
075f2
0f9af
0fc5c
02783
0eeda
0044f
06e08
0f8a6
06c23
00e12
0d40d
031ee
04635
01a08
00775
092d6
0bdfc
04259
01715
0f421
049aa
03168
0c845
05d72
08a64
0e5c4
098de
04103
098dc
0dcfa
08a3f
0f4d4
07cd7
04b7c
0b86a
0a47d
01f09
0d965
0a82d
044d0
00c53
0abaa
0700c
0c4e8
0e1df
03d42
0423e
00c67
0e68d
0515c
01183
0b0f0
0f410
00b9e
077e3
0a0a7
0a442
005b8
0328a
0d42d
086ae
08e2b
0a4c7
0def1
0a73d
0e4b5
028ac
0e4ff
086ee
096be
05ef3
01136
0a112
08546
01c6e
0b91e
02b7a
0bd64
0a6d3
0d6f3
0f7fc
08fab
004ec
0593c
018d5
03bed
0c980
0ff30
0a1c5
07c47
01224
00c4e
024a2
072ba
083d6
02829
09b3f
01108
0b2bf
01ab5
0c673
0f51f
009c8
024f2
0827a
08b25
0dde5
0b7fc
09e60
083c7
002d8
01919
006f0
01495
0966c
01327
00b84
095f5
0d31e
0827e
0b7b2
080fb
0ec86
0c524
06c0f
09764
0e1a6
0b3b7
0573e
0b8f9
0d004
009b0
09069
048b0
09065
0cae9
0d999
044e3
0a1ec
0e310
0d817
01efc
02a93
06284
0143c
0f0e7
0a9ad
02882
02da8
03965
0575d
036aa
0c4a3
0b4af
05a90
0bee8
01ea8
03c29
0bc7c
0a8e8
00b84
09dd6
07b03
037bb
0ad28
00b06
0e0dd
0242a
0fe98
08371
0246e
0dd9c
08c8e
0f649
0f7e8
0c649
0609c
033fa
01469
07518
05007
07eb8
03e47
0eac9
0cdd3
0f191
01da6
05306
0b975
09d55
0c062
03304
0d39b
08209
095c5
08e5e
0c26b
0d6be
090d2
0bb1f
05c2a
080a9
09dda
02b01
074b3
05ed5
02276
02d10
07bf1
0e34b
04105
08b30
08edf
0fc79
05071
0ea45
0a633
02f44
08845
09942
09c8b
00a3f
0028a
09e7b
0c4db
0adf4
08298
0cf73
07821
04f30
09411
0fd19
0095c
0f403
07ce1
0f4f3
0cb6a
0f466
0d60c
08260
0f0a6
0695b
0e7d0
0172f
0a4ac
07f18
08c62
04bc8
0b383
03918
03300
0e8be
03ec7
0d8cf
040eb
0e48a
09cfc
0e211
0ded4
0ea5b
0dd74
0d9a7
0ccf1
01d5f
029c9
03db1
06123
0bac4
053ce
0c2d7
08198
0409a
0af5d
06bd3
039f8
0e58a
0ded6
0fe10
007ef
0b5c7
0d746
0e51e
0a31a
03bca
00d64
0bfe1
0df44
06cd4
0d4d2
0f849
017c2
09b24
08e10
0e402
0f476
0f66f
038d2
08b1b
0116e
0b5fb
0e68b
0efa6
01c5e
04500
0bafa
0095a
02bcd
0b84e
0bcaf
0906f
08318
09079
01251
0a433
0eaa5
0a5c5
043ad
0bd8b
0c765
06ed5
0fb31
08444
088c3
089c5
0b6c0
0ac5b
0ac74
0f261
0c7df
0d1eb
06bc9
07bea
0ad30
08b00
05e13
001a6
0aafd
00d82
0aed4
06e7f
0050c
0e60c
05233
0f0db
0f0b7
042f0
0492b
0f319
0c734
0a76a
0fef7
01ed1
08b9f
050af
0da4e
0ce60
00bb3
07831
0d1ca
0d8eb
00fee
05ff2
0edeb
0decf
09cca
08745
0584f
09229
064a1
0b880
017a5
01cfe
0f6c1
0cbd4
03489
0dd5d
0b5b3
072a7
0f4d6
0fdd0
0ef1f
08318
04775
08e6f
0fb60
0365c
0d714
0936b
02117
03930
0c778
062d6
0db4d
0aad7
00b1d
0f104
058e2
0afab
05a13
0b043
01278
032be
0c6c1
025dd
0b286
0daab
0f3ee
01fbb
0f5f1
048aa
06a93
01b60
0f4dd
01797
00ad2
0206a
064b2
06e77
09da1
00969
04868
06ac0
0f5ed
0996b
076a1
05b0f
0dd48
059e6
08eb2
09014
03201
001ef
02e3a
0c238
0b475
03c53
03c68
0595d
099de
0d74f
08693
0142f
07e9b
022e7
036c5
04fb6
0ec9e
03059
086bd
0de89
0b6e6
0b2a0
03118
02a0a
04a48
00e13
0608b
07602
01e7e
0bc21
0c500
0dd4c
0dd8c
081f3
04ef1
06f06
09485
060b5
06a65
0f69d
0b6e9
092f0
0516a
0998d
0c512
07c13
0f2b5
0f56c
07b8e
09cec
0a625
01b7f
07cbe
004fb
05bce
0e5a8
0f325
045f5
0289c
0e86b
068a0
02634
0cd53
05117
0b72b
017d9
0a8f6
0b47a
0654e
050dd
0d95a
0e314
04a97
08e4b
09c47
07dfe
0ee84
04983
0ca05
0ec38
0f98e
07b2e
0896b
02894
057ca
0df55
0e287
054dc
0f9a5
0f5d3
083a4
0fee7
0c460
02abb
01aa0
096d1
00938
0e2df
0c240
054ae
0c11a
0c305
0a082
05d83
0903a
0335e
0a22c
0f8df
070d8
0260b
019b3
0480d
00958
09242
00a56
0871a
027ad
00412
0eb9e
0345e
0235c
044f0
08f45
07fab
07f3a
0e9ac
01cca
05c2d
0d83c
0ba94
0e027
0330a
0950b
0ca93
071ac
0b717
0a2bd
00f57
0286b
06b45
0bd74
06b05
0204e
028ae
00f8a
03a44
0a587
09ab2
0bd1f
0ca94
0e2c6
07353
02ee9
07013
0f44c
01d75
017b7
02196
0ec1e
08ceb
06190
02f3e
0e6ea
0b80b
0d467
00e37
0ffd4
07768
0037c
05ea9
03512
0e3fe
06d1c
0e802
06d18
078db
0f64f
016ad
02ab6
002ea
03206
0942f
057f6
0d3d4
0501e
0274b
050ed
0518e
085ab
007f6
0000b
0d4f4
02799
06adc
0c335
0ab55
08a33
0da4b
0ce43
01b23
05796
0a04d
02b86
08aac
07fc5
0aeca
01535
08db1
0f121
02abb
020d7
00fd7
010a9
09b0c
0ad8c
01aed
02a72
0a1b4
07c1e
023dd
0399a
0a7ec
0d019
01dc1
04d5d
0f6be
0cffd
0618e
08c4d
0fd21
0f82f
0dfc1
0d593
01970
0a798
0836a
0aa21
0c086
04ca1
0a236
0f1c3
0b32b
00436
08bf6
05699
05be2
09e85
0cd2a
08599
01d21
0c609
086e3
0d47e
03821
0fbea
0acce
08405
03637
05197
0ff4e
0ff7c
037ff
03b4b
099a7
031bb
0c3ee
01c6c
0bcf9
00ac8
026ba
0ff99
0a91f
0b54f
0faef
01586
0573f
0cd90
0fbda
0c349
0a6f6
017e0
0867a
08aaa
09452
02ecd
09916
08ed8
04659
0856a
04a36
0cf0e
0fcc4
0099d
01f05
0b16e
01656
0212d
0a824
03f6a
07464
0e062
0d481
05a82
0d248
0810e
0e374
01604
0962d
04934
08273
02023
0d26c
03b98
096f1
04cbb
002db
0e3fc
0c3a9
0283d
0e0d6
0056e
01693
0dbbc
027d6
08783
0709f
0da14
0b84b
0f1df
04eee
07385
0ef5f
0c86a
0d27d
035a4
01841
0a032
080ce
03e35
0eb00
02ac5
0a517
01355
00eff
0fd16
0dd66
0071e
02920
0ea10
0b21b
038c5
0030e
002c9
0e5c6
0f24e
08037
05ba8
09161
0bc46
0b9a5
0e9c1
0dfa4
0348e
0db14
0f765
0f6e5
0176b
0ddef
0db11
0f9e8
04330
02f47
05192
05a8f
07711
0994a
03c11
08494
0691d
00576
04d55
038b3
0b989
0511f
0e7aa
05a79
0ba22
0f876
071b0
0647e
0d87c
0ed7f
08f8f
01bd8
0345b
05755
01702
0b0ca
08903
092b9
0ee3e
0c83b
00efa
02e63
05a4c
05491
0af3a
0cf5c
04213
01f24
06eae
0d473
0312b
00774
0139c
04c25
0b721
0fb55
013b4
023c5
0ce8e
05638
01833
0cbe3
07b5e
0ea54
01fe1
073f5
0be4a
0ac91
0b417
03612
0a2d6
03f1a
0c868
0e050
0c1f0
0275d
0df06
0d3a2
04da8
0cfce
0b1c6
0cb0a
062be
0c582
01bd3
043f8
0b830
07ca8
0c05d
0f9f2
06042
049e0
01f08
04bdd
05b07
0a707
08d43
0b81b
0178d
00a0b
0c640
08955
00964
0e0dd
0ed19
0689a
0fefc
0319c
06672
09334
03c09
01ca2
01a0e
00249
0dfc0
0c76d
0a52d
095f3
0930b
07b50
0767f
00dfc
002fa
08da5
0dc76
01fbb
07346
0a059
0d403
000ab
0fe35
01388
0c483
08d45
07d6d
0f0cc
0bef5
002b8
091ba
090b7
0ef59
01a14
0a138
07c33
01d88
0868e
0f095
0078e
040c3
0fa26
00c15
051d2
0e930
0d9d4
08698
0bc95
03a27
0604b
0023e
01874
0a42b
01990
03c8d
0a7d1
0fb5c
0a824
098f9
0f6e2
06b64
0001f
090c4
05c22
0f82c
09d6a
00c79
0c3ff
051e0
05447
0a6a8
0015d
0e38a
053dd
0b05e
0a124
07288
05e18
006bb
0bdab
047b2
0b8b1
0255b
0a3a2
0bd55
01cb7
03bf0
06087
0a8b1
05062
0817b
0efac
02947
02f09
0e01c
0f2ad
0b0e8
006e4
0b90f
03e81
06aa1
03da0
088d2
02cf3
00c8c
0b7bc
02f67
09438
03422
0411d
00b4c
001a8
0fc37
0843e
0155b
08cb8
0bf53
022af
0a995
0db0b
06cf9
06eba
04edc
0f215
0d078
04a71
0c3ed
087cc
0e569
073c6
0ee51
067f8
01586
04d3c
0bd40
05b38
06845
018cc
0c03e
01a3b
0bbe3
0d357
065bb
0d2ab
0173a
0e0bc
02972
04c23
09a74
03f06
0683c
0f451
0690d
0981a
02c50
04618
0a039
02397
07193
0dc4a
0c75b
09307
0611f
0dc81
0984f
06a45
0dae4
0b32b
063d1
02b07
09cca
0a157
08f55
0bee3
0d767
03c14
0bc7f
0103e
0a3a4
037bc
0964b
0c350
07725
03730
0e53f
0f535
0d25b
074df
07ace
017bd
041e8
0659e
00402
08ff8
04fb1
06b9e
07b39
071ac
07a87
03510
0c5ee
00215
04a54
0a617
00ddf
04e9f
0fdc7
00845
0845a
002f3
00c6a
09ee4
07d85
0defc
0c252
0db83
09b3e
0ef42
01488
0ffd1
04e3f
0c703
015ed
05204
0ed9f
0a103
0f409
0d641
0da6e
067b2
0d39f
00ed1
0b6be
0690a
0f897
06316
01da2
04b62
06709
0613b
01619
0ebb8
00f20
02fcd
056e6
096d6
0eda3
0fffe
019ca
0eef4
0b94f
032d4
0cad7
046f7
03568
001a0
0d3fb
06051
0ceba
0ebb8
05905
022d3
0d8e4
0c640
005c5
0070d
0c1bd
0cc42
02068
051ba
0f902
01809
09f87
053ad
0bd2d
057fd
08853
0c13e
0a522
00be5
0d836
02670
0e630
044b1
05045
0922b
033a4
0e9a5
0e2bf
0044b
06f13
03f22
01523
01fe4
06c9c
0875f
0023e
0b105
08457
083cb
0e97f
016cc
08b1f
07e4d
06281
0828c
0d53c
0a2fa
0c119
0ea6d
0455f
0c616
01ea8
05d97
0332d
06edf
023f7
00f21
0d83f
0d851
0d47d
09864
01cba
0a3ee
0f3fc
09b7d
071f4
00c70
0ff55
00469
06c5d
0e3e8
05890
0ab3a
07b7f
0e0ac
036bd
040e1
0d627
0fe34
00bd6
0931d
0291c
0aad2
0a3db
0f925
03265
07849
0e114
0668b
027d8
09141
0558c
03d27
0f4bf
0ad2b
0c680
04669
08a4a
0f600
08d14
0810a
07e14
0648d
038f0
0fe5a
0516e
0e62f
073ba
013fa
0b426
0f487
0d127
0de91
0450c
01065
09e29
0072f
0e18d
08c69
0cd4c
08191
006f0
03ad8
0aa02
0e26a
0e5e6
096ae
0d004
0c5bb
0471f
03bd3
0f8b8
0a21a
0dad8
0af96
0401c
0a1d7
0afec
099f5
04ca4
086b0
0ab0f
0d804
0cdc5
0e8a9
0595b
05b78
01c12
0ed2b
052f3
04542
0d70d
0f1c1
08ae8
0165c
0dded
00c04
032a2
0a0fd
08502
0355b
07490
053c8
0e067
0777e
0d076
06ff0
07923
04519
067e1
0c7d2
04691
04f6d
0b75f
0817a
0d8ae
0d7b0
05f99
0d316
0dc88
02c7b
01eec
0740c
0b886
0cd8a
0bef0
0fe95
08991
01a86
09fd2
066cb
0fb31
0288d
09c5e
05265
0d222
04a93
0f64a
076b0
0bb34
00215
0cc2e
0101a
01ac5
02780
04c1b
0db1d
0d33f
0921b
0c7dd
0129f
0de2d
026a3
091c9
01290
02acb
00340
0180a
03677
0dc00
0c8d2
0b613
0a56a
09e28
0adfc
09f39
07f4a
013d6
01bfe
03132
0f2fa
0899b
0ccde
042b5
0fb59
098a2
05002
0022c
0a12c
05c9e
042d5
0ae04
0ea5e
0651f
01ced
0ff86
06586
050d1
037cf
0d2c5
0cb2e
0bf3d
0ccba
03644
01779
0e516
01e44
0cedb
021a6
03c63
0fd47
02fb8
06d42
08172
00079
04b2c
0b717
0112a
00b7e
0d075
08a1a
05a2f
04b9e
0eab1
0d74f
083b4
07d8a
09ec6
09cfb
0d3ea
0ad46
047c1
0dcb3
0b656
01f2a
0a3c7
0628a
091a3
0ff88
0fb0e
086da
028b8
029d3
0d28f
0079d
0505d
0bf7e
0b468
0626e
0ff3f
0afcd
0b7e2
0fcb1
0a202
05fe5
01e61
08549
023b6
0b043
0a573
053ca
05452
074f2
01976
032ac
0cc79
08c2c
07644
00a7b
07e00
0448e
0fd71
0ea7c
08ef9
096fe
09314
0745b
074af
04a7c
09e40
0b0aa
0e9c0
0db6f
0ff6e
09092
01b8a
09701
0f1e4
0e8a9
0424b
0860e
0c964
08c42
0f62e
04cf9
06c13
09775
0349e
00535
0d1f4
0e6bf
02621
00b27
0107b
0e274
09549
09548
058f4
05480
07ec9
021ce
0c22f
084f3
04324
03e01
041e1
040d7
0d8eb
0b603
0b282
0f08e
019c2
05c20
09180
02493
000e7
0af4d
0ba3a
0f06b
02d5c
0b92b
085a7
0750a
0876c
0b394
0c1ff
0b357
03be4
04b76
07227
092da
068be
087cd
08ceb
01c9b
0ef4e
00dbc
00a4b
0d42c
06ed3
02469
07a8a
0a855
095bd
07a30
0a536
0e64c
089f9
0a6fc
00a85
0f1f6
06b25
03f3c
04fe5
053bb
0258a
03396
0248a
05d6f
0c972
09dfc
04deb
03077
0284f
0a380
08316
08670
0fdd7
06f50
0edc5
0e955
01a8b
0f9a5
01dd1
0bd66
00e78
0e34d
00cde
0bdf7
00a38
0cdea
042a2
0c508
06f43
05efa
0e337
0cf30
05bcd
082bf
06781
0428f
0dad5
0ab5f
0e7f0
04e4b
001b2
0fdf7
01aeb
082bb
0fb6f
01487
0f668
07bb5
0e1c1
0ff5d
0fd40
0a859
0537f
061b2
0de8b
063ec
0c711
037b9
099e0
0b951
08de1
08910
0371b
072f5
0b982
0e79d
04ea6
054c6
0ccae
04b2a
00924
03382
0d6bc
0b42c
03595
0a1a0
0a097
054f6
0f69d
09170
0e485
0fcfe
0329d
0b8e4
0a9b9
072a0
062d9
068d8
0242f
0e456
07497
02478
06d23
098f6
0fd7e
0a8b0
0c40e
0208c
0d896
03085
0edf9
0c248
0b8b7
019e6
048f5
039a1
00a71
00a71
01630
057d2
0ff57
0d92a
09d89
0b6ab
0ed99
01ce0
0028f
0b3ba
03dc2
0401e
0a6b3
07461
01b58
0d7f6
062f5
030ec
0016e
0a96c
06e78
0fdec
0c422
06a98
05759
0ef71
055e5
0fef1
092ef
0c504
05fe6
05ba4
0ca5a
0f392
0a26f
0638c
02d7d
02746
0b221
053b8
08532
069ae
0fbe7
0449b
00d75
0e391
0a67c
0e462
062b8
031ad
09ef7
0997d
0808f
0890a
03ae6
0c04f
08a53
0a192
0c4cb
05a03
08680
067af
08e4f
0033f
0483f
0fc7f
0e4bd
0261f
0b5a1
0e6a3
07500
0d3fb
0a9ae
002d6
0e3af
01e19
0a417
03838
04fe6
0b2fb
02d66
03cb7
00fa0
0620b
02de6
0de7e
0e7e6
042db
009b2
0f427
0b5d3
035f8
08c3b
08e3e
0bf1f
0d418
0dbf9
02783
0d0fd
0ce0a
0eb11
0c0bc
004e4
02f3a
0aa71
01bf3
08a67
0781c
08b52
000c0
0298f
00084
05ee8
0c8cf
0be7b
0af30
0e83e
0c1c9
09bb2
0ec41
0bd83
0d6a8
0ca24
0b9ba
0ea7c
06299
0474e
0f405
0f59a
09a0a
02acc
01e08
0acd4
00163
0ddcf
0a61b
00ac2
04dc4
07b8c
07cc1
01be9
0980b
0da3a
05f23
03c0c
09f09
0f870
00bfe
0d619
03202
0c01b
0ab38
070cb
0ecfb
07080
0067f
0a4da
0685d
097b9
0546f
00009
0fb42
023fe
0d5f1
04c40
067a0
01ff4
0c173
0390d
0b407
01cc1
0f53f
0391d
019d8
0dd18
0cbd1
03e56
0cb6b
01bf2
070c5
0ddef
0eb55
01d88
0a9cf
01e01
089d3
03ca0
03d3f
0eb95
0f045
0e2d9
0dc8a
067cc
03533
091f7
0d327
0e2e6
01086
0c644
018ed
0ec20
08ad3
0d723
02371
04c24
04c95
0701f
0096b
0faec
09f37
0f02c
0e796
04e67
0830d
06eff
0e919
0b249
0ce79
0c88e
0dc92
05a9b
0e4dc
081dc
05ff2
077fa
00640
0124e
0e16b
0212d
0a61e
083c2
0f9eb
0aa78
0b5b9
0082b
03b37
06388
06ea2
0c4f0
0e797
04d82
02cfa
0219b
0a7b1
0c382
0e464
021dc
08dd6
00918
0519a
05d72
09669
0cfb9
09dfe
03cf0
07ade
0e615
028d2
0d71c
0a6f0
01ca3
08e9e
055d8
06ee8
0362f
0bf55
0d10e
078bc
0f038
02bed
07207
03c7f
0201e
0baa9
03660
0262c
07b8c
0c32d
00bff
00d7b
08d31
0e154
018a8
09b94
0dd4a
09c4d
09016
08600
01eb6
0b1b9
0213b
0a83f
0324c
0720a
0828a
04fb9
0fd30
02fad
02531
05231
0de37
01bd3
00ace
0da16
01997
0d872
0252d
0953f
09dd9
02954
0db98
0da70
0c708
03129
034a5
0f42d
0eee5
04de1
08e7e
0538d
00100
0d186
0f005
019ad
00f41
0af40
0b074
04ea1
08f6d
005f6
08288
0f590
0f813
0a504
0f7e4
05a70
091da
00376
01124
07600
01e10
06503
02ac2
0bb22
02106
0d3c6
02f4a
0e507
0b1f1
0ded3
05b2c
04dfe
09ec7
09b85
0efbd
0d6b4
08726
0337a
08a7c
0b145
06c7a
05cbf
0b9cd
0268b
01367
02a5e
00521
045c7
0ce99
076fd
06cac
08653
0448d
04a33
0e2d9
0f8ff
0f26b
01c17
0a79d
09ca4
054b2
0d864
05838
07836
0b887
0bdd0
08720
065a2
08e77
0831b
05d19
02ecc
07b69
00224
03c00
03dce
0a06f
0ad80
0f45f
0cf90
08d8c
03305
0bdc6
0348f
06be3
0b999
0bca0
07f30
0506e
068d9
0f0ec
0b925
00721
06e71
0fd6c
07c03
03c1c
0ecfa
0a3a4
0556b
0a3b9
04c9f
070d3
04b5e
08eb9
0782e
08092
04a1c
03127
068b6
0b2e9
0f711
0dd6a
0a6db
0dfd5
054e1
00352
0fb4e
06501
07204
0bf60
009bb
0064e
0d733
0849f
0a6c1
0a6f2
016ae
09c11
05764
095d0
01555
0f3a3
05187
0c211
05fd6
0bb0a
0b1d1
0e1a1
05c01
060e8
0e753
00bed
0db05
05080
0b8ef
0ed12
06f67
0c2d4
009f7
01ef8
0bc00
0b441
04415
04592
0d60c
04986
067dd
02a56
0d14a
0eb9d
0bf1d
00a48
02085
02b30
0bd7c
0655b
04577
0e602
00c85
06e18
099fa
030df
09239
0e33d
0f41f
0acc8
0c26b
0d7c5
06c4f
0f9a0
02df3
07905
0e110
0f1f0
0040b
00fe2
0aa60
07f10
05e5e
02687
05a07
04cd1
0722d
0c7db
0a902
0e7e2
0ba3f
063f8
0f933
0c720
08a27
09388
0aa12
03a40
0512b
0a7c7
0c453
04f33
0568b
04e6f
00628
06938
08fae
0d0d1
08345
089a3
04355
0c5f6
03e79
06b5d
01d1f
0e527
0267c
0c08d
016b6
0dd73
067a3
086a7
0ae03
02602
012e9
0c4c7
0663c
04dce
04822
02426
0c323
04a99
0c163
00788
09cbc
05eff
0f830
0bf1b
0fda0
0362c
01d4d
07dad
0d7d0
0619c
00662
0b878
0c0d2
0aa86
0d490
05a37
0a1c7
011b2
0c442
099a4
02589
047c4
06db3
0a361
05612
000db
0c467
00fe6
0231e
02efb
001db
0ebb8
032ec
0908f
0594d
0689e
0ccee
00d24
07d2d
0d3f7
00f06
0aad9
09289
085ab
08b42
06b39
0f9d7
044c7
039d1
06595
058fa
0dcf1
0fd1b
0fdd7
0d556
06cc1
07282
02533
026df
01c11
09bde
07743
09815
07b3b
017e3
0f01d
0f9f6
0a8ad
0c068
085d9
05a68
03c07
03e39
010de
021a4
0f1ee
08efc
0ece0
0550f
02ed8
074f0
035a7
03eff
051a8
0c5dc
0b6af
0e1ab
09e4b
0c679
003c6
06f35
01d51
04325
06cce
036ba
0440f
024f2
0fa88
03a05
0e542
008af
09de9
05aff
07d2e
047f6
0fce4
0a122
02f0c
028a1
0a28a
05561
00c60
0d43a
06ff2
00c71
085ff
03b92
0c319
0b029
042b5
0e834
055bd
0cae0
02dc9
034b2
004f5
0b031
07353
03198
015c5
00986
0238e
0eb5b
05c9b
0a5d0
020fd
07375
0cb3d
056fc
04fec
063d2
00937
0267b
06e3f
0e5c6
01060
05a6e
00f4e
02e93
09f9b
00280
02645
08df3
0c6bd
0c668
02a2b
078f1
0ce53
0125b
0ee4c
0fd9c
04920
0fb5a
0503d
01299
0908e
0ba9a
018dd
003af
0de28
068ce
0b3a0
07516
07b61
069e2
0b98f
00df0
0395c
0cdf3
05fff
0d7a9
0439b
0a6a2
022ef
01242
09fe6
08b51
0c177
03d31
0f87f
07d0e
0122c
0b9f3
02634
0ad04
03374
069f4
07153
0404b
00f02
0caa7
0e2e1
067f1
01c37
04cb6
0963a
0000f
0f49c
09e69
02fcd
0672f
0ad0a
0d6d6
0d46a
0acc4
07a4b
07916
0198a
071d0
0c48d
07358
0b94b
0f606
08e4f
066b6
0714c
033cd
0a3e2
009f3
005f8
00e2a
098cd
03435
0c8a0
04881
0c11f
0f9ed
0b89d
0166c
02f5f
09ec2
0dc6d
07b7a
03e18
08935
0c85c
0b9b6
002c8
0091b
07346
082e7
0bd86
0b8b4
094b6
0c6ea
0933c
0529a
01e07
03203
0360a
00ae2
047e8
06d5e
0569f
0011f
03099
0c027
0b234
035d7
00391
0cfdb
00819
03964
0f924
0b2b7
0108f
0e9b2
0afe5
03d6e
052b2
0c79e
0ec46
0f242
0b569
00ab3
08fa6
0cd6f
03033
0c86c
051a8
04a6d
0914a
0647e
0dcd1
0b109
0d996
0ff81
0544f
00533
048cc
001ca
083a1
0f8eb
02921
00f4b
07469
0c454
0adc0
07478
09190
0f9cc
0c0d1
09738
02d41
0814a
0953b
0490a
0f022
03ae0
0e02c
09743
0ac9a
06f8e
020fc
097db
0ba06
0bc85
0b5d3
007d8
01a12
01977
04a50
00974
0da62
0b33f
09c2a
0f0e1
0643f
0a159
0d975
08230
0453d
0e5ed
0472a
08227
06800
0d35e
02f88
01377
00cb3
051a8
085ab
0a594
01d06
03b9c
0873a
0dc78
09821
0e247
01518
04d3e
0656e
0d630
00316
0e11f
09759
03985
0fbe5
01e55
0db14
00687
055b6
058cf
0b9db
056ef
0abd7
0a560
06780
02918
0605c
0825b
02fc5
0e674
0d7af
05f79
05f98
00e6b
0b15f
0992c
02376
0fbcb
0bd6d
08824
0102b
03143
0c6d8
07ea1
0e5f4
01285
0b3b5
0894c
05456
03a2b
0e427
06038
06888
06c2d
0cfec
034e6
00d77
053c7
0d8b8
0b538
0de3e
037da
045f2
01f2f
0c3fa
091dd
0c5de
08e38
0d14d
0f582
0c086
084f9
0ed54
0b611
0c3cb
056d2
0a96a
01871
085e1
0b4bb
01dae
027cf
09c85
07ee1
04f7b
0b65d
0efe0
007fe
0575d
0dd25
03d57
0043d
049db
0b04e
0ab7e
036d1
08073
07a11
04e66
0a508
0aac8
0482b
005bc
07e02
05f0e
0d19d
0acb8
03c53
03e8f
01215
0b2a1
05f10
0690a
015dd
0ad7f
063b7
007bc
0ddba
0fa5c
07049
007aa
07330
01b2d
07438
0943a
00980
0358e
0dc8d
0f313
0ed86
0cdbf
048de
0215d
03efc
008e5
0a821
00680
0faad
033fe
0ea98
011ec
0b53e
0f856
09623
09cf2
0b25a
08e00
00c8b
0df7c
03b93
09e6a
07e95
0e8c1
0de33
0f10f
06a1d
09c41
07dca
03b9e
0a285
0becd
0d388
0fd9d
0d966
0a101
0ec76
053b6
0c117
05c30
0d160
07402
05400
0f3a4
06fd7
055b5
08768
074eb
0fa61
015f5
0619d
0285e
014a0
0a726
0d171
0cf9d
0a46d
037ea
087f7
02033
07796
09dcb
061e4
00ac8
0e58b
0cb5a
0761b
04cf5
0e34e
0c4f0
02bf4
0dce7
01118
0b55c
02c6a
034e0
0f10b
003ce
051fe
0893a
05f46
079b9
0db03
07b0a
0e203
0802e
06e17
0eccc
07faf
0172c
0227f
06f8a
02686
0868c
062b3
09311
0266f
0607b
0b05c
0f68d
03d17
0dff8
04928
0d3fe
03fa8
02179
037a1
092eb
0ec2b
0c375
05755
00ce3
0e3f5
068f2
082bb
0ec2a
0f684
07539
0b007
09fc3
03df9
08fa6
0a5b1
0b2ae
0d5ca
09c52
0e774
06353
020e0
03207
0caf8
0a754
05a2c
0cf1d
0ce0a
07679
0f263
009a4
00710
0897d
0727a
06381
01737
03fc8
098af
0bb58
0f2a5
03545
0cf27
0bf3e
0ddfc
00501
0182f
08779
02316
01353
0427c
09006
09194
0cde6
05e81
05748
0dd4d
02196
0ef40
06913
0864c
0c14c
01166
0ea3e
06f60
0de2c
0673a
02808
08618
063ea
02ff7
02bb7
06145
0e720
04473
04dac
06720
0038a
09c6e
0adc0
00375
0755a
001ae
075af
08deb
03950
0296c
0cdbe
0928c
0faec
0d328
08298
05eae
0f45d
0652a
0d072
03107
0682c
077bd
0f33b
04353
0529e
0f98a
034df
0267f
0ba41
0b0d2
06a43
05eed
0bae7
07f86
0117f
0598d
02d3f
06673
0cb88
0f92e
0207d
0d0f1
01a4a
07a1f
07d1b
09f2f
02535
0f276
0e8ff
0cead
006d4
04f1f
0fc79
09e9a
0075b
0f1b4
051d9
0d3c8
08072
02454
001f2
0ad50
00f81
07f11
02d18
0d5bb
0f627
02629
058e6
07c97
0e372
0715a
0a86a
07253
01da0
04f7e
05e1f
0e565
0315c
08c3b
0d9f5
0b25d
07ff6
0a226
07d7b
0d7ee
04c1b
07c66
05942
015e1
0e099
055b4
099dc
0d422
032c1
02bc6
0ae6b
0dd16
0518e
0765f
01a9d
0c711
0ff20
00f08
02108
08f12
0c57c
0fb80
01327
02b57
08dcc
027a8
04d03
00072
082b9
096f7
0e003
035db
05121
01305
06731
0d6f3
0419e
091e7
0e493
09d79
0a8d1
0ce2d
05f23
06d9a
0e5b8
0d9f9
023f4
0f594
07156
04286
0e779
0eb1b
0d080
00cf8
0d4ff
06060
0a9e4
021ed
07af8
0d0b6
01935
0da71
0b82f
0f2f3
09563
0261e
0d365
08084
07048
0d496
0cf30
07cc4
07e41
0f385
0be39
0d53d
02bd6
08b72
0b503
0715f
0af70
0f6b5
0e7e0
0f69c
0fdef
0b971
046b4
08d9b
0adab
077a9
0d3f7
025bd
0623a
0e12e
09551
09fc5
05517
06155
0c131
01337
09068
042d4
0898f
088b1
0a617
00239
05d65
0b3eb
0c7a5
0fe39
01fdd
04f91
03db7
0f572
0589b
0aa6d
024ab
0cbc1
03783
001b9
077e2
0e056
0d273
06aa9
052dd
09560
0014e
07211
00fd8
09ba8
06d80
0fb50
082cb
02e18
05043
0dfc4
004eb
0c02a
0a33c
0a356
03d80
007c5
0d38f
0340e
0eccf
00193
0fdf7
069f9
069ca
028ff
07846
0417c
09ba4
01086
0553b
0f120
0bbfa
094f4
05cfc
0b7ca
015ea
021c5
0ce9c
0bf38
0e588
0ba98
0bad2
0a380
0f316
09a41
0c18c
06ca3
04c03
02479
00581
0fda6
001a1
0ae87
0c9e0
01e5f
0acbd
0a10c
0f52b
06b9c
09154
03b49
01a01
0cf38
00364
00eaf
0dcf9
0c251
03b9d
0d0e8
02238
0af8c
06329
02898
0e189
0c1c6
0cfce
00aac
0543c
09629
09570
0bfc1
0c0d2
0ed11
02ecc
02b53
09632
06d04
075d5
0c62d
0e731
0a802
0ea95
0aa30
0b950
08695
0c951
0088d
0c4dd
0618e
08961
05c7f
0d5f9
00af4
0bed5
06382
0788f
05096
09edf
0ded7
0ccee
0c11b
019b1
03b0a
0eeb8
0a3f4
01288
093af
03749
09408
00a0f
062cc
0d68b
07234
09c92
0e3cb
0852b
0aad3
035e9
046b6
0c7da
03deb
07b75
0e67e
01cf0
05455
050fb
06aa4
00b46
0951a
096af
06e4f
023eb
0539f
02b66
06504
08ca2
0a5a7
0a924
0e109
00fa4
014f3
0f36f
05efe
0af6e
0cd59
0c654
0f860
04322
07fc3
01d63
0c35f
06b63
0d693
0b269
0e4bb
0656b
0e255
025bc
0bd96
037e3
01aef
091d3
032b5
078e7
0cc41
0f8ab
0e92e
0f76f
0c260
0f925
0b8f8
06748
041da
043e4
08ae9
0c41c
0f579
06fad
0ef92
028bc
0d7e5
0f17c
0a091
0a828
0e731
03c8d
043ad
00f6a
09c89
0ab41
08727
00c3e
05393
08e3f
098a5
06821
046c8
0c10f
0e4cc
0ceaf
08ec2
03dfe
07899
0c6fd
0c615
0f94b
08a00
0da55
0c81d
0042d
0f536
0d906
076c1
0284d
09812
03e91
07a8c
0a5a8
0138b
09213
01b1a
0901a
09501
08554
0eed4
08ec3
05f5d
0ea84
01b49
0e7cc
04681
0b97f
099ae
08b9e
0afea
04d16
0f5f9
0d2ed
020a3
01f2f
0ab08
0814d
0eb8d
05383
0f354
08df5
01c10
0e9a9
0a29d
02e44
07dca
03f70
0814e
0c37f
003bb
07a7c
0e5cd
05630
00fdd
074ef
0a0d7
0d3eb
03af4
00986
0be81
0fd57
0f5eb
0eb08
00037
0f07b
0b769
00f0d
0366e
061fd
06e55
058c0
0a505
0c991
0e758
0f4cf
09be4
0c9f0
07d5a
02f19
0f559
0f6fb
02254
0ce77
05cd2
0d00a
0d011
0e118
0d283
023d7
0ceb8
07701
073f2
0c8df
06a4e
03d1f
07bcb
0054c
06550
048ea
0d1f5
04278
09b28
0d7be
09b37
00df0
08177
0ce07
0cb02
0bb87
08db9
0f917
0e7af
00f85
0a027
07332
0c9cd
09808
089bd
07f34
0836f
0ac47
09314
034d4
0438f
037c6
0ee1e
0c2b5
0573c
018c7
01014
0270b
05a6f
07fc2
08263
053b8
004af
00c11
05367
0099d
0b5f0
07e00
0c548
0a487
00d40
093e2
0b5b4
0cc7c
0da46
0d668
01430
013a2
028c5
056bc
06fdc
06054
02dcf
0a1dc
0441c
099d6
00777
08b75
03ee3
0a063
0e98f
0a773
088a5
04a70
0eca1
0d8a7
0d5a0
02fb7
0595f
0f5f3
0e5eb
0650a
07ba7
073d0
07a61
0a84e
0df2c
09f15
04f33
00a33
02ff6
08916
08353
0a416
0e53f
0c998
0c1a4
02afe
0d40d
059ba
0ba5e
01b29
0d42e
0900c
02172
0071c
06d77
027d7
09d24
02041
0f942
07dcf
05c77
0d0dd
0bcb9
047f6
06c84
082e2
0db26
0bd29
0b958
09019
0dbe5
02089
04144
01f84
070d5
08f96
0d29d
0e8f0
058d8
0df06
08547
09afd
01a85
026fa
05884
03aa2
099a3
06b99
0aafa
06c8d
0ade6
08638
05c3e
0af8a
0dc0b
04030
0d87d
00131
0fe36
02b58
07f01
09144
0e8c3
0aa8b
0255e
07d5e
083be
01634
0ed28
08be2
02d29
0a274
00973
0bfa4
046f0
08557
01a84
0b108
0a16a
089f3
0d5d8
0b3e0
027fa
04324
01e71
0cd93
00bd1
0dc8c
037a0
03101
0b293
0e89e
06fe2
0e117
04fa2
0a809
07a0f
0008a
076cd
03cd7
0a195
08bb5
0c1d5
09e66
074af
08022
08afd
04163
00868
0a40d
08223
008a2
01f53
0546e
06be1
03705
0b5b8
0187d
0f1c0
0fe36
07c62
007ba
0af3d
060bd
00dcf
0136d
07ad3
08b0a
06b18
05f53
05170
0c6d8
048cc
00cda
0a961
0ba86
0bc41
0b140
0c3e0
04b9b
09a62
0fee3
0be30
0c4e5
0b0b0
0e298
07074
07578
07c63
0941d
06a40
024ae
00f18
0b3c3
028ad
0b4fc
0e3cc
0e139
05fa5
007be
0ae22
0f6ef
05c37
07c08
0e432
065ab
00634
02472
0dd44
0b904
095b6
0cef4
00913
0e6da
095ac
0aed5
0d6cf
05092
0a386
0c11e
0ef7d
001d0
06b1c
05026
0e51f
032e5
0e4fe
0b69e
0e76c
0a80b
01b5e
01050
043aa
011b1
0f8a5
0aecc
040f5
0175e
08111
0ccff
0180f
0ece8
09337
06a93
00aaf
0cc3c
084f7
080b6
0f5c3
0fd67
0615a
055e2
01536
04c4f
09882
082c3
089af
006ab
0f490
07896
033d5
0f7b2
02952
00036
03dd8
02298
05c9b
01da8
06447
0cb8d
0fa02
05c0f
024df
0ca21
0815e
0402a
0ddfb
02a44
0c8dc
0d489
0d731
08c96
0f782
021ef
00ef2
0fa38
07093
0b171
05dab
0e2cc
0aeec
0d731
0bbbc
04536
00cc4
07ef5
03679
062b3
005da
002a5
02685
0c5c3
028fc
07141
05b60
02e60
0a93b
05111
017ef
01e6b
0fc0d
09725
02390
0c430
0c14e
0891c
06bed
0134b
0c16d
00c64
097f1
04bf6
07864
0315e
0cbaf
0fb41
047d4
06cad
042eb
099f5
0c393
08117
08fc1
0f2c9
03b3a
01386
0c2f5
018b3
0c972
01f63
0dc30
0e88f
0794a
0fb9e
0e800
0543c
02511
082e2
03e97
03c5a
01426
01eb3
0eb13
05266
00d04
083b1
0f11c
017cd
0359f
030a7
0e985
01f35
0b08f
0c80a
08af8
0ee0e
0db6c
0a97e
0bda0
0e8b9
0bab4
0e654
00ae6
07357
07328
0cc03
0ec1e
0a3f1
08f1b
0fa78
02a8e
00a9d
06f54
0f756
09090
0cdef
0a104
05310
06f36
01601
00248
093f9
0a1b2
06d92
0631f
08774
06c8f
00cb3
08708
05923
00d55
0ed0f
01086
00119
00c02
04ecd
0c909
0efed
0b2f3
0acd3
08616
0e4b2
0b1c6
06796
0de4b
094cb
02dc0
0d949
06bf0
0476c
0aed8
0294d
0354c
0f134
04839
06796
01afb
06289
0b2aa
053e4
02df1
0f30b
059be
0c6cd
07343
07f13
00ef1
01b19
08437
006a9
0dbc5
0287c
036f1
05520
0bc13
00a98
09aec
09bed
0769c
01ec2
0cbad
0a31a
0edc9
0f7a8
040f5
02f7d
03329
0445f
0e3f4
036cb
0cf30
0361e
00067
03083
0e862
0d4c5
0db9a
07749
0bc22
041e4
02ba5
0aaeb
04df2
0d620
0f7ce
06769
0e738
03aa5
02537
00665
0e76c
0035d
0ca35
0d220
0ddc5
08c55
0d69f
09d41
033a2
094e6
0f200
0786f
0b328
09f29
0daff
0abde
06203
0eee7
09569
05f18
0af82
05844
0a290
0eb32
0e375
0c279
0fb8d
0f6fb
07134
0bf73
02d47
0c6ab
0c580
01169
072f8
05279
07f91
0f5f9
00f6d
0331f
087b3
008b0
0b4b4
01fa0
0e139
02742
0b3c9
031f8
0c28c
071eb
0481b
0727b
01dac
09d29
0f9af
0fb8c
04d48
0ac6f
0d64e
0268d
02ed4
0b909
0b06b
075ba
075d0
09519
02ee9
0c97e
0405c
008dc
0de6a
05ed0
02c96
0a44e
0d137
0cb92
01b6d
062d2
00dad
01db0
0b3e5
02aee
06e51
086af
0666a
08c58
068df
0d098
07fd5
0a4ba
0dec7
01f5a
0ff5f
0e2c7
07f66
09199
0f977
04a39
096ef
0856b
0302d
0d94b
0ed72
0c678
049da
0304d
0fb46
09499
07b9a
00a8a
0d06c
09275
0ffe2
09a53
042ce
066ee
047b5
0c81c
078f6
09a8a
0f74e
00c61
05830
0abd3
0355f
0d75c
0566b
014be
09fd4
0b267
08795
04f08
0c158
0479b
0e04b
0f41c
06955
0724d
03443
05fde
0acdc
0313e
042e2
0ee0f
0c965
0ce0a
07225
0882a
00398
08320
03564
0e278
0812e
085c0
0ef6a
0d9c4
0aea1
05d3c
04213
09b50
0cd47
0cd5e
0a982
03aca
0d30e
05b20
02210
0f40d
0bdcd
024f0
0ec39
03568
07ebd
0be3d
04983
09819
0a7c8
08566
0e897
00eee
0a778
003a3
00bc7
0b57a
0e116
08506
0aa40
0164b
0f82a
0d4fc
0d6c9
09ff3
0eb54
098a2
03ae5
073a1
07fdb
03ce6
05b8b
0e98a
0df15
017c9
0fda5
07841
0649c
0b346
09282
05a59
0414d
08322
0b980
040eb
092e9
03cc5
0c617
007eb
060c4
0baab
07f23
09e51
0373c
0f972
0d90b
0b4a8
09f70
0d094
03698
0862b
03289
034d6
037ea
010b1
0331b
095f7
0ecc9
071dc
028b4
056be
07878
0a073
08034
0903f
00432
032b6
044f3
0ead8
0f31c
0259f
0455b
0e287
0facc
035d1
0a4b4
0c535
0ad1b
063a7
0024d
03135
0e6db
09046
08af6
0f993
0813b
0072c
00105
06275
00ebe
051e8
05549
016e6
0ce01
085d9
0319b
0c733
0a6ce
09740
010dd
04f21
07d7e
0eddd
0d770
080ef
0a4d6
040e5
0d4f9
0a352
0e7c3
0424d
0074c
05652
079db
0c508
0a3f7
0d6ed
05b59
0d3fe
01666
006d9
0042c
0bae8
00d2b
03d80
006ea
0038b
07eaf
00006
0003c
0aa13
063e6
0e981
04ebb
0cb6a
0f547
0520c
04f25
01a2b
0619a
00529
0e89a
0241b
01f71
02002
0d923
05711
05525
068fe
0ef4c
0c1c5
0c87e
055ac
039c7
0bb88
089c9
02360
0b261
022b1
01e77
0e403
00155
040f7
0e89f
044a7
05554
09dd3
04f32
0d15b
06eee
0aa0d
079b5
09cda
055c1
0c7e8
06684
0f983
089e5
0a5c9
0b3c9
02d48
01b24
04816
0759b
07ac1
0b80a
0b9fa
0b266
0e93c
04c09
0712f
0866c
0cccd
06e5c
031e4
0de8d
029cd
00db1
0b346
0a471
0f9fb
0bb3a
06a79
0097f
04c96
0d19a
02c2e
08b33
01d3c
09866
02104
0db70
0ef9f
0a7ce
0504b
01594
05fcb
0edab
03117
08cb7
0a816
086c9
02968
0245e
03df2
0f248
052cf
08f22
0aca3
09a09
0f7a0
08a78
083d2
015fa
01695
0593f
0d77e
05e21
0cbb0
0b174
00b53
0fc8b
05eec
00af5
01c92
00b85
0b603
0e9e5
00a94
02921
0fed7
09208
06baf
0a4c3
0e489
0a49c
04b31
041f8
0a90c
0b00c
0bf49
0d7e4
00c8a
0897d
0d944
006ca
000bc
03537
0adcd
038f1
04163
06c10
0c2a6
04e00
08be0
05fdc
09638
09225
0f78c
01308
00263
04555
0b09d
03b70
0145e
0c94a
0e59e
04728
09dd4
089e3
0d995
019ea
0b815
0f232
0f81c
05194
09314
0f55a
0f802
093e3
0ea89
0c5ce
07c52
01bd5
06cdd
0aaa6
0e102
04399
00f29
03061
01d13
012eb
0d5cb
07feb
088b8
0eb9f
09d62
02937
0075a
0873f
044ec
01753
04ed6
05053
063b7
007e3
0a1ce
0f416
0b040
0e9d2
07f96
06dfa
0dd8d
05fdd
0f5d9
0c19c
0b03d
0e60d
0b847
0b6e6
0b1af
0470e
0a9e9
0d3c6
0a5c5
0c4b2
0b85d
00c87
0da36
0c4df
088e5
0f433
055ea
0cd3d
09ea8
0f229
0391f
072c5
01705
01a40
01b85
059fc
0afd2
0b467
085bb
0cf77
087b0
0ae5f
07fa7
07a32
09249
0e3b2
0b2c0
045c0
087f0
09283
0935e
0e905
00319
092c3
03c8d
09f6b
0be66
01209
0a86a
0c572
06c8c
06443
0f6fa
014ab
0dad4
0ab73
03639
0219f
0357a
0c9ad
03dc2
06549
0e1ba
0ba5a
0b24e
0a6c1
08f0e
053ba
05b38
034d5
061c4
07e07
04db3
093df
02732
0eba7
0ec8d
02c9b
02976
002f9
03744
0c13e
0e20a
0ebeb
096ca
06329
0c20e
01a6b
0872c
0014b
0a9e7
04f7c
0e081
032df
0843f
0725b
0d4cc
08ae8
0f0ce
0817b
06936
09c8d
0f5bd
0c7e7
06caa
0d5f8
029b9
0c82c
02e6d
0f605
0eb37
0c425
09d3f
0a1fd
01c8d
095f8
060cb
0299f
0d419
0a2d9
0533b
0227a
0e4e0
01293
00e2e
0a47f
0632e
0212b
044b1
0d6ff
00a28
0bdb3
0a319
0faed
0992f
01fcd
047a6
09a9e
0ac09
0bc15
0e236
0d8cf
0a459
0bfa8
0302a
05754
0d4de
02e51
0744c
011c9
0fdf3
07bc9
0e6ec
06b5e
037e8
07bc9
0b275
09d35
037dd
05793
078cd
085f8
0a7d3
05848
06755
05a56
0bd53
01c91
05cbc
093f4
0b1ef
0a375
0fff8
027b6
03408
0c434
05bb8
0ee32
08a3c
06a52
0aa77
03493
090e4
04049
0d2c4
066fe
04481
0fddb
01c02
04ec6
0693b
03303
0ede9
0834b
0110c
04269
02606
016c4
0c2bb
00179
0f81c
0c696
076ff
097ef
08c2e
06a69
06a4e
08f46
0d48a
0010d
05ce8
0c02f
06a86
07dc4
0bbb8
0cbd1
08e32
025cd
0ce92
05bc3
0fd9a
01351
05794
0a95b
04d2e
03074
0b850
02d20
089b8
0749d
0b3b6
030cd
0f31f
042eb
0655f
0c33d
0bb51
0164d
086c7
09fbd
0ba32
056c5
0c6e4
01a42
0488e
07ddb
0aae8
09319
0f0f0
04eba
05640
08350
01231
0a39c
0b86b
0796c
01746
0cfab
0275a
03b5a
0738d
008b4
0022f
0885d
0bb2c
04539
0f250
0ba42
0548b
06484
08931
01a5e
0fbcf
0124f
0bf83
0d670
07370
07018
0ab3f
0bb62
0b725
0cdbe
07acf
0bdc3
02069
04ec4
08571
06b77
0e0a5
0981b
0c772
015ad
0166c
0b0c2
0b819
0fa06
06ac0
067a6
001b0
0ebf4
04065
0cfe6
0c6d1
0007f
093ef
00524
09ba3
080f4
0e972
0bd94
00d6d
03486
0e8f3
0a117
007f2
0aa92
0d322
0c88a
0b1ab
0a57f
013ec
0cba2
0a56a
0cb37
0fe61
04421
053de
06766
056a6
09435
05d05
01592
0810d
07aff
0094a
01f5d
0cc70
07a68
020ce
035c7
01309
0dbf2
0f04c
03392
07e14
0c37b
07bfe
0ae04
02835
02e8b
09a39
04b41
0194c
04ed7
0cbb8
037b6
04464
049f0
06ebe
050c0
0d283
03dc1
08a04
00103
04361
0933b
0a8e6
0988c
045d1
04a91
085c2
04ff9
05774
09311
07ace
00b72
04c1d
0767f
04354
01c88
007b8
00df1
03169
061a0
04242
0e52a
057b4
0527d
0878e
078ba
0aa73
01f6c
0fa03
03117
07777
0abda
075e3
052d7
0a53a
0c2e2
03baf
0f829
0d25a
05e1a
08fb4
08cb2
0d0d8
0f9f4
0c06f
0925e
01cac
0e89a
0eaaf
0b9ce
06e5a
0c07e
02363
08cd6
001c7
060e1
00022
0ee0c
01459
01b85
0c8c2
07df1
07997
0c0e1
01c08
041f9
0f866
06018
03e74
0ab31
0d89c
0f094
053e6
0d7c1
02341
0fad1
06546
0dbd0
05fc0
04a89
0953c
0a47b
0f0fe
0e6a4
0e8e6
06416
05d57
099f8
06374
04ff9
020c8
08f08
0dd46
05515
051e8
054dd
05f44
0523c
07238
064c2
02a59
064c9
0a69e
05a6b
053a1
06f58
0acfa
00e4f
0c502
04a02
0f87f
00e08
09521
015b1
03119
08e48
0993d
02619
057f2
09f7c
0ad41
05220
05efd
04f47
080d6
0bd46
0c696
0e2b3
00d74
070e7
07411
0b268
011b7
08f20
0d478
05002
060db
064aa
0eb0c
08e81
039d2
0b46f
064bc
0af1b
077f4
06a19
0e4c0
0bafc
028cc
00b13
0ae41
07c0f
01085
08932
0ae38
0f6e5
0b90a
0b0ee
01e4e
05ece
0b0d3
0f439
0421a
07332
05d22
061d6
0072c
002e8
0f6cf
0024b
0d7bd
023dc
0df18
09b64
09890
0c9a2
0e9aa
091fc
0eec9
0b33d
0561c
03229
089aa
07fcd
0bbc4
0c2fb
0b9e2
0152a
0c311
045d3
0475f
0ea88
00058
0586d
0aa77
042a7
0bceb
08742
034e4
0389c
01fcb
0bc64
0b5cd
0d22a
05b1a
09b47
024b6
04921
0d87b
0d0f9
0e432
0d77d
00d66
087d6
01944
0a04b
0cdf9
09abc
0f7be
01220
07f28
06698
0d93d
08884
0574f
093ff
0a65a
065af
04fcf
00c03
0dc3f
0a3ed
08a93
07328
047cc
0d0e2
02261
09701
070f9
098c4
01e08
06a5e
0f4f8
02473
0b0c1
04c78
08871
06150
03d51
01605
02142
0ab98
0d290
07eb2
00f71
0baf5
07b46
027f3
05f67
053ba
0ba16
053ad
0cdbf
08d20
0e370
0903e
0e045
0ed55
01f9c
0dea6
0e06b
0c33e
094b8
09049
0539f
0d3c0
0772b
012f3
0eef0
00f50
0eb9f
0289e
0145f
0236c
012c5
037e0
04539
096b1
0947a
004be
0be6c
0c890
09839
041f7
035a6
03995
0f6f8
09d62
00a1c
00d10
08f16
08329
0239f
01bfa
01f9b
0e0ee
056cf
0627a
0248c
0963d
05891
00fc0
09103
06a7f
00855
0d418
0940d
01cfa
087a0
02bd3
0429b
02592
01e34
0eab6
01488
08c8a
069f4
0266b
00ef6
0b22f
0bdae
004c7
06f1e
02d23
0ba96
0e952
0a20b
013ea
0c629
0d49c
007e5
0dc7e
0e3c6
0b727
03b45
088d8
03b66
0879e
074b5
0b0ed
024d9
0aa0d
0ce68
00ac3
0b3cd
03daa
0881b
0435f
0ea68
0f2c1
01a7f
04fe9
0214c
0af7e
075ee
0c6cc
03ace
0359d
0ab7f
03e8c
03c26
02896
0de6d
0592c
0f117
03143
08319
06a65
0bd54
062b7
086c8
03946
0124f
0c928
035c7
0d7fe
0a6b7
00555
0826f
0ff70
05fa0
0a29c
0b20d
06e4f
03e33
01272
0fe59
0666f
0ff9f
02615
05fb0
04a8f
00387
0e09e
04a41
0a4d1
0104d
09cc3
0a44a
05a85
099ed
00a3d
0dfb8
011a7
0db66
041b4
0a29c
075e1
07836
0d0a5
013f4
032c1
007a5
079a0
02614
0325f
089ab
01e2a
00d2d
03a80
05458
0e741
038a0
0457c
05e95
0e51a
09c9f
0275c
0abbd
08387
04ccf
0b63e
08785
06228
09880
0a95b
01680
04c1b
0cf73
0da4d
0856d
058f0
0f55a
07c56
0ddf2
0c994
0dfeb
08e92
02006
02a80
01336
0ab26
023e0
05795
04576
0efc8
04bfc
08acc
060c7
009d8
0da25
0fc44
0f105
0fed0
07797
0c554
0e939
0eae4
0221f
005ec
0fc80
0018f
044fe
080bd
01b8c
07238
0b78e
02a9f
0701e
061ca
031b5
0b5ff
0e8a7
05b59
01c09
05c4f
07f76
0dd52
0c54b
02af4
0c656
053f4
00845
02a29
0e476
04d53
0a699
03bf9
047e5
0c341
0cd66
01dab
0d642
0d8b6
03880
02cc4
00a30
08aaf
000d7
07a8e
00dce
05c6e
0f47f
0c83b
0f781
06ec5
0d2f0
00a91
0d5b8
07501
069df
06fe4
0b160
0168c
0c841
0c836
0cf0d
0fc88
0db3e
00465
0ae44
0b55c
00a23
00d92
012e6
0adf4
018ea
01b4f
06fac
0160a
0d509
05fa6
0b8ae
0188d
01240
0b3f5
0bdd5
0dcb6
09709
09f8d
027d9
0936a
02293
040ec
085c2
06c20
0d5e7
021b4
0c8ed
018aa
0be5c
00694
05c30
015a9
0e164
0cc40
02f36
03c3c
03818
09ef9
06bc5
0d37c
0fc93
086ed
00758
07959
04492
02ff6
0e65b
0e288
08ee3
02fe9
03ce0
0f4db
0def3
0e0b5
0aa6a
0be21
00bec
014cf
08ee3
06065
0fcc7
0ad90
065ed
035de
0aa30
0e43c
0b575
043b9
05acf
0a4fc
01ad9
07ede
0c98e
01251
0654a
01e26
06d02
0d958
0fdcc
0950f
0dbd3
0e25b
0b85a
0ca90
0f1a7
0bc04
06821
0a665
02667
0a186
07f25
08475
0fcd3
091a4
06764
045f4
0fe31
00088
03595
05770
01d0a
0ea98
016eb
00d31
06a3b
0fc33
02d91
00117
03b39
00190
07f87
0495f
002d3
04df0
07a89
083a0
03194
0cf5e
004ee
00c96
0ed96
0b1eb
0fa66
0b504
03a40
0cd14
0cc13
02b32
00975
0ff53
0cae0
0857e
09ff6
0881e
01890
08fb7
0725f
093ee
0cc1f
02658
0de4b
04859
04012
0567a
0eeb6
0e348
043b4
0dcf1
03595
0098d
0ae53
08981
01340
056b8
0c35c
009e5
05c33
09ac3
0d314
0b61e
0a984
048c3
02e9a
0a256
0c420
0cd29
08016
06f37
0624a
0e64a
08c81
0b45d
06160
02074
015d6
05a3a
07770
0968b
0e1bc
0d23c
02b23
09b82
09b79
08291
0729d
072fd
0e1e0
076b4
0c167
012f1
01fb6
0a898
0e070
0adcc
07208
0ef89
09ca6
0e2b5
0c8e1
06ea1
03599
06f85
08285
05c04
00836
006ab
05120
0922e
054f6
0f972
0af0c
0506b
067c3
0973f
0cc8a
02826
0a27b
02387
051bd
03904
0da5e
0fbdf
0ce75
00251
0d15b
016a4
02d60
00a1a
0c195
0dab9
0a27a
0e43d
051f4
09ef1
04245
0bd31
0d7d4
0b897
042f7
06fe3
0a8c7
08047
01540
099e0
096d3
0ac6a
00918
07712
0cc7e
06324
065a0
081ec
0c107
0c7b5
00b9a
03d56
083d5
096a3
0c858
0164c
0465f
0cf11
0a956
07344
05dda
07224
02748
0b069
0671e
00b58
0f570
00886
0eebe
03574
015bb
0953d
0fe0c
0d983
00bb6
026c2
0b7c3
01fcd
073a8
07a3d
08de6
0a330
02410
05bd3
04c45
080c0
0b1b2
08bf7
02c86
06adf
0660a
0fe0a
03752
09bcf
0fb9f
09d79
04a16
0b33a
00c19
0ea6c
09df5
071da
04408
01776
06666
0b60a
01e7f
01c6a
0e2f6
0db09
0e4fc
0e496
0aa77
0ab08
0004c
011b2
0a446
06156
0a32a
0f7e4
0c47f
01e8a
0709c
0c8f0
0e799
06aff
06f3e
0c731
022cb
089ca
05c8d
081a3
0f18a
08fca
02b48
0b66b
02fb1
0de7d
072a2
04cb6
0a1c9
0df9b
0d4dc
020f7
08ced
05001
08762
07bf1
0d549
09a7c
0af1d
0267f
0e321
052ec
0e632
0b92e
0fdac
0f2b9
067eb
01ecf
0c60d
022fa
08557
0c833
00f18
028f9
0fc36
08284
02c04
0c175
09cf7
00d22
01ed1
01f70
04f67
0a7a1
0d31b
0678e
0a8fc
0da6e
040b8
0e468
07fb2
0f29e
0f485
0f503
0c3cd
0a82f
0857b
00013
044a4
072e6
09867
0f133
03e29
090f5
0b068
03a9d
062f3
0e745
08b8b
00355
04163
053a6
0d617
0b64f
0dcf2
0af04
05c96
0720c
0c0ba
0f515
0b950
0c6e8
05b84
0e896
0bd5a
080ee
0ae9e
08454
0071a
077fe
09c22
07e5c
0e5db
0b8f5
0b74f
0a891
07946
0cc72
098c7
056ca
05cc6
01922
08625
0e046
01137
0a9d3
0839a
0851a
0fd60
0cba1
0b752
066da
005b8
022d9
0efdf
0c52a
05429
0e47e
01ff7
08b8c
07ae0
0a98d
04b22
0e6c7
02024
0b4d4
07778
08af7
08874
0730d
00c9f
0434d
0eeab
07ae9
0a2c6
09f18
08a66
05a7d
08f83
01f12
04fc9
084e1
003cb
09a63
0d93f
0c53d
017f1
0e71b
0cd17
06612
08287
05923
0f9ab
054c3
09d5b
0e0de
0ee42
0350b
0390d
0b3b0
0e40f
0e986
06316
0f5fa
02b8f
0aec9
0d032
03ec4
0ceac
0504f
02144
0fa42
06c5a
0c194
0f28a
02bee
07816
0fd90
0651d
02048
09562
00a44
06e56
02696
03c17
0cbac
0d9ae
0d4ae
03d96
0d930
056d7
09f16
0cb52
0dcf8
0f583
0c95c
05836
026e9
046f8
05c3d
09fc1
0edcb
05cd9
0407d
083e8
0fcf2
0cf44
0d8e3
0e142
015b7
0e964
0347a
0c8eb
0e2e0
02f1a
0890c
0b7f7
0eba6
04829
0aaff
0e986
0bdbf
05856
06272
0a182
04d7b
01c3e
00d41
060d2
095aa
023ee
07206
0e209
07a75
08094
0aea7
089ec
041d4
09268
0f4e7
03117
02187
0b114
0a11e
05f12
05c88
021e6
039ff
0aa9f
02b22
0e3a4
02f24
000fc
0e6e2
00d51
0de9c
0e994
0f1be
0dad9
06514
03be3
06b47
031c3
0c84a
09870
0a01c
07cd1
06494
062e6
0cced
0978b
0529c
0b293
0a510
00427
07220
0b8b3
07d59
07c74
05983
02d55
010ed
03351
0522c
0acb2
0998d
0ce97
0e6fd
0a7ae
02355
0959f
0b761
0e5e3
0f144
015a5
07706
030ca
0f5ce
000f4
0b883
0db70
0407c
0bd48
06471
05f8b
0150c
0224a
08810
06ecc
0a8d5
09cfc
0bde6
0c6d6
062cd
0cac7
0f110
075fd
0dfb7
0ddfe
07875
0d6b5
099c0
09fb1
09e6d
03bf0
00f8b
0cebf
06352
043bb
0d334
0e59d
062c1
0477b
00de2
0c107
00bc9
08cac
047fd
096cc
04b2c
047c0
02719
02ddd
0598f
0885f
0e4cf
08679
06cc9
0aeb1
019ab
0dc9a
0f775
056c6
01e98
06a02
0f5d3
044ce
03cc1
03055
046dc
0097b
06e5a
04d53
06249
014f5
035af
0bcf8
00152
0bc2f
0b2e1
0989c
0faea
0da03
02841
0de80
01f2f
0c6c8
011a1
07997
01384
09ee7
00fc5
00323
0a749
08a49
0d70e
008ad
02892
066b0
03cac
08c64
06c25
07b01
0d523
0007f
0b727
0fcb9
08623
0645e
05f1c
03468
03727
03d4b
0b025
08839
0aa2c
04296
029fc
0f2ad
0372c
0c202
01829
02207
0784a
0c230
095e8
021ab
0faef
0d524
0a24d
041f6
00940
0bcbb
09af2
06870
0cbbc
00cd4
00df9
02628
0d751
006f5
036ff
02a0d
0ae3f
06ef1
0d52c
0093d
0c51e
0957f
06ba0
09948
0ba53
06427
08893
0fc5d
06a47
04090
01e1d
00186
0d3fe
01116
03baa
0be44
06494
0ab66
06725
00ed5
0b7b6
070dd
05bae
0b012
0dd35
05877
09dd4
008ed
099d2
0fdac
0161f
0878a
0d2d7
08d73
0a932
0a539
0b669
031cd
0cf1d
06bae
05372
090cd
0102c
0aa7f
0e6a3
09412
03311
0293e
068e2
0bd3c
065e6
03240
000c0
07809
025ae
0cafb
0ccfe
0fec7
0e197
00d98
0b875
04f72
0251f
0aa1f
0c1e9
015ef
085b6
060d6
08556
049ef
0072c
010bf
0492d
0a733
0a61f
0f7d7
06658
01715
0622a
0f4de
00c23
06dbf
0e786
0f167
0698c
02a43
04e8b
01a7e
0bc87
0d1ab
09c9a
0b5a5
06916
01f83
0e9f0
08107
0eae1
027c0
060b3
0833f
00b7a
0b2b9
03c35
08c2f
0074c
0a38b
01d55
024cf
033b3
07c4a
0c5c7
02661
0fd10
01124
00134
0130c
08d63
0b733
09bdc
037e3
04534
06275
0806d
03502
0044c
0919f
0a695
054b1
0a2fb
0a756
07f7d
0c537
04ace
0a579
0b8e7
0dcdb
02819
08b0a
089b1
033c7
04f8c
0e411
01f5b
02015
01dfb
061aa
04226
03e08
0aaa9
04a92
082f1
0373a
0fe14
0dcd5
0381c
038ab
03146
09da5
077e6
050aa
08040
01358
0cffc
0af81
04563
0d299
0271d
04370
03f34
0c6a9
0d36b
098de
02d13
01ee5
000f1
0276e
020e9
05453
06a00
07041
00bbd
03ec0
0d6eb
0e8d5
0c359
0acad
0bcc3
0c7c7
0eded
07dd1
05f9e
0715b
06262
0c6c6
09d67
032e9
0963c
07b50
09d54
09027
0c941
056f8
059b5
00b95
0f92c
08715
01c8f
0a0a8
06640
006f8
0af7b
0bc03
003cb
08a68
052d8
0232b
0df3a
0767e
0cb64
04e07
0a9a7
0e427
0fbd1
05bb6
02beb
00d74
0fb1d
05ebb
0ef08
092c8
03e9f
019cf
0bed0
028bd
0b31c
0ebcf
02b0c
0bf0a
0addc
0ac1c
02ea1
09fbc
0b6ee
0bc71
055be
0d92d
08310
07e5e
0a286
047f7
04684
0312a
0f7c3
06580
041a5
09c68
04879
0876b
0f586
057d8
01e93
052ff
00b84
04f51
026f2
0eafc
0583c
0c496
0a0f3
03675
07ce9
08680
04a8d
010c4
09fee
0abd4
0fb35
038f1
07d0b
036a0
094ff
0b9cd
0c26e
0463d
0bee9
0744b
01f01
06ff6
01ef4
046e8
08fae
02174
07070
00804
007c9
03b2b
039eb
06bff
021bf
09039
0d93c
09acf
09d67
05ead
02ad4
09061
07f25
0ee10
0f4cd
00e3a
0be1c
0abf0
046b4
0442a
0f4f3
0f2d1
00c0d
040f7
0dad7
01b2c
09c8e
0eec9
0cc8b
0f231
0e656
05e1f
0b3fc
0ce41
0df40
09c87
027dc
02095
06c62
0b200
007e4
0e54a
0de71
09475
0c2b8
0e745
055f6
0e4fa
0ce46
06147
06f7f
0d25e
00d75
01482
0e2c2
039f3
03640
090bb
0ff8a
0a0db
0186f
0b65d
05e37
0419b
01749
030b7
021d1
049be
0f798
00434
0905c
048e7
041d6
0bd19
07261
0788f
046cf
06ba3
02be2
09bec
076ef
06ca4
03931
0d004
02615
0dcdd
0cfee
0f17e
09d63
09d63
0d39e
0f91e
0144f
0f9b8
03a9c
03958
0a937
022c9
0384a
03c43
0bd7a
0fcf9
0e845
041bb
07ad1
01ebc
064fe
0fd4b
03c20
0a4d8
0bce6
0cd22
0055b
05d10
0cdff
09a54
042ad
06ba3
0ce71
05b01
09acb
0ad86
0923b
0c0ad
069b9
0e457
0236c
08ff3
0ec62
0fe65
0b15a
00d36
00bce
0b6c5
0eb46
02186
0228f
0fed5
0842e
09d16
08ee5
01921
01ef2
04ff2
0f985
08558
082cf
05708
08d67
09d1a
0764d
0e214
068e7
0cfe1
0c78a
0db04
01ab4
092bc
09e7e
0cb63
0eac5
03bc3
03d32
026ec
0d071
022bd
0566c
0fac4
0e18d
070c5
09779
0e40b
0ed63
09392
0d5d2
0e055
09557
0bff2
04037
0ecf5
07859
07c15
03466
03588
0a2a2
0d4ae
0fdb3
0a778
091de
03de7
06d5f
0ab95
08df8
0b42c
0afe1
0e059
0e9de
00f4e
0ebaa
01f3f
0f3ce
0e249
01c4c
09e13
0bf1e
0acbe
06bc3
00db8
00a17
02479
0f849
06445
0352f
0863d
0356a
04d7e
0f106
0581b
0b3f0
059cf
03785
05deb
0b6fa
0c388
0e545
0411d
08444
01ac2
0bbc3
0bb67
0af11
0533e
0a72d
0358e
0ff02
0f033
093d2
0b5df
0dcb5
0a435
04fe0
0ce9e
09db6
04fb7
08a11
06e9b
0e022
09d98
04f14
0453f
04ecf
00c1e
05ea2
0411e
01a42
08ce7
0254b
001ce
0d637
095cb
0cfc7
0157c
0ea4b
052e8
0c081
0ae50
05011
01f97
036b5
08ea3
0ec33
0d6b8
0181d
0d288
0e71f
076b8
0e0d4
05729
0bf74
0112d
01c21
07a2c
05253
03c03
0af58
0c789
063e7
05bd6
01e50
0bfbc
0008c
0d84e
0b1db
01556
0cb3e
0c6cb
03a1e
0abee
081c0
08b89
0b3d5
040d2
06f51
0cb39
08005
0875d
024f6
034fb
00df4
01105
0575e
010fd
0c026
0fbbc
0cecd
01174
0984e
01df0
0d2e7
0499d
07d6a
05f7d
03174
0b9a3
03d58
0eeb8
0a14d
03fcc
0c0ab
0f20f
05b8f
0d0c3
00e0f
0acb5
0dc5e
0b511
077fd
02946
08a8d
06c70
08a7c
05b34
05be6
010cb
0fd93
017e5
092d7
06f19
02847
0172b
0e92e
0ea32
05634
054f9
0496c
0eefe
081f1
0aa3a
0628c
0cce8
0f928
0960b
0542b
0cb85
010e2
02a01
0f8e8
0c8a4
0f13d
0e682
06d46
01d5d
03c75
03529
020a2
069c9
010f0
0b33c
05820
04d00
06a6e
071ee
0ba6c
0542c
04bbf
06bb6
0ee50
0fcd2
0abbc
016a6
08a1d
092b3
00f58
0cb89
07bfb
05fcd
08723
08eac
0cc59
0802d
0d1cc
011bc
08eb7
03823
056b0
0d613
035ac
0cac2
0bb9c
0a656
09f3a
04274
0ef25
07ec9
0648c
0f00a
01c83
043b9
03dd5
0987d
0c302
027a0
0c563
011d0
09fad
0f279
0c296
0254d
019d5
04c31
0dac2
0bbc5
086ee
09666
02a43
016c8
087c6
06595
0fa83
0ee09
010f5
0557b
0d431
0eab3
010d5
0a909
0056e
06942
0a48c
0d3bd
05635
079af
0e6f7
05faa
08c67
0cb42
0897b
0a6a7
0cb60
004eb
09695
0b6ed
02c3f
02b88
0100f
0cf27
0a3f4
0c92c
0787b
05a15
05f4d
0cefb
0f86e
0247f
03b10
02764
0fb96
0ac6f
03a65
05c02
0b1fd
057bd
0e880
05b6a
02783
0cf93
09514
0477b
04aaa
042f0
048b8
0b240
07e57
083b5
02431
0e2db
0a923
0f4f1
0c7d0
02c5b
0fadb
0cf78
0bfad
0f818
052d6
051db
08446
0ba63
0789a
0df3b
0dda3
00732
0ffd2
06ebd
07844
090b5
01865
066ec
06396
0f19d
06fb0
0c8e4
0398a
0b40f
05d71
0c733
0d44c
0cfc6
0c3dc
00c14
00b54
0f670
0bd0a
0d58b
0abfb
07a27
01a09
00cec
01953
05f71
04947
0f815
0baac
006ec
06746
0d17e
00811
08fd3
0f0d0
002ee
04f8f
01241
0783f
071b9
0e7bb
02c8a
0879c
048b5
03911
06e8d
0f1cd
093ce
0e62e
05a64
0ff65
07491
059d1
049aa
0d0b6
08e80
0a7cc
08522
050cb
0ff5b
0d54a
0407e
07e25
07e3b
0ca5a
06db4
04859
09e66
00f3f
0f152
05904
02bc3
0b0f5
035aa
0d538
0268e
00d08
00fc6
01ff2
0868a
009f0
06a6c
07655
0c9bf
05a9f
0e00b
04b0e
08991
09ab1
0a89b
04109
05f11
0f7c2
0b802
0849a
045ad
0c787
0fa20
07713
04488
0f7ff
05be0
05ee8
04b9f
0342d
0a178
0b255
079e9
04ac1
0a3e2
019b1
03152
0c8e2
0600c
05f2e
0e29b
081d8
0b915
03175
02bb2
0ca0d
0ad2f
02311
0d81b
00228
0cc47
058d3
097a3
0a665
03665
07310
06609
0d9b8
0da29
00261
0ae9a
0edb7
0a5bc
04c41
0cfec
0ca4c
09c12
0f532
021a3
02fdf
02be3
06ca5
044eb
001f4
0e82d
04f61
062f9
03cc3
02cae
086b3
0cc9a
0a8c3
0bada
01bc2
0d253
06f43
0dd81
0ae31
0206f
0c1a5
0ea8f
0d74e
0b8a9
0b5dc
02684
0c218
0d32d
0e2b9
0cfdb
01f75
05e18
0469c
06506
0c1a8
08caa
09cd9
0b1e6
03551
09421
0780f
0e68f
00251
089b0
064ea
080fe
04f66
097f0
03509
0d610
04f87
0dc12
06522
03d41
0feb1
0ef92
0f051
08b0c
08bfc
04bbb
05cb9
04a4d
03291
05f32
09a60
0432b
03726
0f58a
06233
02f6f
00e77
07714
083c6
0e334
06873
03539
0e84b
0a740
033ad
01000
05a72
0bb0f
0790a
0a763
0078c
0695d
07865
0562a
0f2aa
033c6
00c7d
098ca
0a0ce
06a1f
0a52f
02cd6
06f67
0a2ba
0da5c
0674c
096ea
07349
02181
0e105
027db
02107
0c2ed
075e1
06425
0b24c
085ba
0e479
02b94
0b78f
0855c
06c1f
07c78
0552f
0a5b5
09afa
0372b
0f833
0d201
0480f
04b52
010b1
0cbce
04412
08268
0ae96
01546
058f2
09b76
0b171
0ebf6
03cab
0d5d2
03330
02ba9
0dabc
05a1c
0bd00
09630
06415
036ab
09ad9
0a4fd
07f63
0d622
0ad6b
0331a
0668e
06f18
0de03
038d2
07231
0d41b
0ee90
094e2
0c5a5
029d9
0dcb6
03370
0dbd3
0058d
0a32e
08b9f
07b65
073fa
0e7c5
00a28
0f7db
0794e
0c3de
0f072
0280d
0410d
0ff0e
084f2
0f7bf
00214
0d5d0
0bfee
07a8a
027fd
05920
0374e
0e827
09aeb
00035
0c696
0e6f0
047e6
0da34
0e482
04818
01af1
08bb3
02d9a
0dc2d
056e3
06408
0215f
03620
0c108
0e338
0e78f
0a085
0c52f
08404
0fb98
08458
0074e
03bea
049a2
0ba2c
0b064
07e57
03dca
0e7f6
0ab74
0a704
0009e
0855f
0c83d
034a3
0de71
03971
09705
077cb
08b30
01904
07411
0ee9f
0405b
0c1dc
0f41a
0ac2f
0900c
0b0fe
0e148
0d619
01d65
096aa
02d93
08418
04251
0b629
01fa5
0b48c
0c8dd
064ab
0d13f
01cc9
06fa6
0a901
0a4ed
05228
05f41
06131
03b55
06b95
04c11
0dae1
0f8ee
06eaf
09e0b
067c4
0b7c6
0bac2
03755
0ed2e
0eea9
0d18e
07e95
0b954
0c89b
04bca
04894
0ab0f
08a1e
07402
0f9b8
0d060
0646d
0d784
0cf7c
05a6f
0fea1
031a3
02755
0ec44
03b53
0dfdb
0bde8
06ca3
0af5b
0aa69
0b1b6
063fa
089e7
0bd15
01866
0d998
0ac7c
041c6
086ff
0d375
0788f
01f4d
0ec66
04d0a
0aac3
0a689
08dad
03e28
0e4b2
068a3
09931
0704d
02b98
09fdc
03cc7
086d0
05159
02477
0b662
0813e
09ebb
010fc
0cd81
0ecdb
0c75c
04b47
09f60
04903
0b8b1
0fd3f
085fd
010e4
09e54
00b90
0bd77
05159
0f842
0ee34
00a1a
066f1
0bc82
080c2
0ec7b
0dcac
0c2be
07682
01998
0e7d2
0e214
0fa1c
0a414
02761
0003c
00e6a
0ca5b
0b50f
03269
090de
00bd5
0f9af
056d3
074f9
08f9c
0d0f7
03480
0b9a0
01560
08b3c
03c97
02005
0ff80
01988
04e4e
04d97
0473f
01af4
0497d
0a2aa
02d13
06bd4
00e87
0023d
05bd2
0b638
016eb
020c7
02ff5
09b92
0e1e5
08370
0e43b
05a5c
01c10
0b1e3
0bd83
0a4dd
040ca
07b34
0f692
06025
00e4a
08141
0fd33
0b09a
0f5ce
095fe
0a069
0c0e4
090ff
0912d
045d6
0c3ac
076ba
06423
06be5
07dc3
09d75
0d429
0af6f
021e6
01586
06a13
094f8
06650
01b2b
04697
096d4
02dab
06aba
01510
03c2a
0d82f
0191b
0cfa9
08265
086a0
01500
06716
0bb76
07c75
094d1
03ccd
0f87c
0f7d2
0638f
06864
091c4
077aa
015be
0e863
038d9
04dc0
03322
051b7
02f1d
0c40c
008a3
0de1f
0606f
05475
07081
02251
0c09e
0ec30
03a1b
02b7f
00df6
01f1a
04efa
07898
07b63
0cc59
0f595
00335
047e7
0b635
0e643
0a207
07ac3
0b725
0d89e
09e85
08a76
020af
02396
060e6
0b286
0957e
0e718
05ea0
0c808
07f7e
0c8c7
05338
09cc1
00887
05049
0768c
0865c
049ac
01d7b
07371
02400
0f324
0b0a4
0268e
085cf
0a43c
00521
016ba
00c11
061eb
0bafd
0f561
046e1
0c0ab
07ba9
0ae13
0789a
02de4
00c92
0c411
0f62f
073f5
070bb
06d17
05e5e
0e3a8
0c49b
0a3d1
06ecc
0974a
01adc
05b23
09992
0c745
0c84c
057b0
0788f
0b971
0b0af
0a993
05d66
00def
02598
000d3
0394b
0ba71
09ec5
09b00
09dc9
09ebd
0fb8a
0484b
00200
0e4a6
08ac3
01d27
0bb9d
035ae
0eeb6
00720
060a7
044f3
05712
03492
0e774
0e99b
0a80a
01bfb
04494
0b054
08095
07b71
0261c
00d56
06ae8
05a15
00331
08c71
0362e
01abe
07587
0f93b
04331
02298
01c0d
04ce4
0e863
0583a
0aee1
0e566
0a749
0b6e2
03a95
04fbf
0dcd5
06de0
0ed36
01c96
01c8e
0fcdc
0da4a
06c50
06a6b
00bd3
05c82
05114
0b2a9
034fa
0ef15
0c635
0dbdc
0dfb2
0593b
03c74
05416
0fa6b
09243
0d5f6
0521d
03282
06a72
06d9c
09b15
0ba95
0b1fb
05aaa
0bc2c
0cbb4
0b36f
0cba7
051b9
020bb
0579a
0a6ff
010d5
09b9e
0980f
02671
098db
0ff35
0ba9d
06a84
0e0c3
0daed
06456
0e759
059ca
0b29c
0d5b8
0958f
0b531
0db58
09f9b
0fed3
0dfba
0d5db
0b759
0a582
0fe4a
0f8e2
0024a
0a4a3
03c37
0d04c
0bb0f
01ac1
0cae9
0ed8c
0d3bd
08f62
0ac99
0221c
032e9
0bf84
002af
0a043
04652
0a9aa
0d35e
0e9a9
0016c
09eed
054d5
0d978
08651
0c17c
0ffc0
0b6d7
017bf
0181e
0994b
0cb7b
0d080
00371
0c78c
070d4
05df8
0be18
01036
0976c
03454
0d5c6
048d0
0edeb
0a915
00007
05355
00e21
050d8
05c6c
0ab54
0597c
03845
05e6f
072cc
00667
0595f
0903b
087e9
0c3b6
044d2
0fc37
0c18d
07ca9
0a5fb
0311c
09658
0ed96
086f0
0f14d
02ee7
0a156
031f1
0435b
0a859
08d35
0bd49
07b15
0a054
0727c
0743f
0a9b9
0962a
02211
0ddd3
0b1e4
07218
0b244
0adf3
0494b
04456
0f26c
0a4b4
02888
0426e
00397
0169c
021a9
02dfc
0fe3a
09a96
0ea3f
07fb5
02064
03eb8
028bc
09302
0d8b7
07a46
06b7e
0d8e6
00d08
0314e
01b8b
0a107
0017f
0904c
0a4fa
0c76d
03438
0e791
089d3
01f89
00e55
0b96b
0fb43
0bbea
06a76
08600
094eb
0b718
08b8b
05608
02d92
0086f
09970
05368
0088c
096bc
02dfa
05fba
0d06a
0a41d
08af9
01273
0ee30
0e2c9
0591f
0a61b
0a86c
011d5
0bf1c
09f25
03d26
0ab4f
03dd9
018a7
068fd
0ea7f
0bd45
0e53e
0ee87
00123
0e2b8
0c215
00f2b
0cdc8
02f73
0d8f7
08d1a
039b9
06c29
0bae7
0337e
057fa
0866d
068f3
0c27f
0a057
0b855
0ba9e
051fb
0f800
0ed11
01f88
0d186
04346
045de
0d4eb
03888
0bfca
0c6fe
080ef
00ea7
0deb3
00aac
05b2f
0fea2
0d974
03fb3
009f3
00583
056e4
0735c
0b54e
02766
04667
00de3
08484
0bb1a
0c479
03827
0ab2d
0f04c
06936
08597
085d0
063ac
0b132
0d8a3
0669f
068b6
0f40c
0b790
08982
02b88
07c48
0f275
0fefb
00164
039da
02d58
02cc0
03d6e
07601
077a0
0f24e
0a6cf
051d6
06abb
06771
03001
0882a
07862
05535
08d0c
029bf
0e264
00660
0ee3d
03252
04a02
0fab6
0f866
0d51f
07adf
07dca
0f87a
014f5
0231e
0624b
05826
05869
019dc
0488e
05cb2
01bbd
09c48
09058
09665
07a7b
0a2d8
03974
0fb4b
03239
0d4ad
082c5
0b4de
0f39d
0390a
0119b
094f2
0484f
0ae71
008bb
0079b
05f6c
096dd
05400
04427
08ccb
031eb
0ff43
01661
03fb1
07240
030fc
07a24
0fd25
0fc00
08d31
06b52
083cf
011e0
072c5
01e59
0aecb
0f22c
05754
0aa08
02e87
0fefb
0724b
07228
07dea
0b1e1
03afd
0771c
0d127
0539b
05312
01800
029d4
0ab5a
04fd9
0f917
0d63f
0bc6c
09354
0cede
059f3
029a4
02f50
0c54f
0e743
00473
01b69
0d589
05408
0164d
04618
03627
043f3
08920
0050c
0ea03
0c146
0dd8b
091a7
0acfa
06d19
0c71a
04e02
04178
03b87
07d8f
0aa57
01670
03369
035b1
07ac9
08aae
08338
0c103
0a706
00dda
043e2
02a4d
09213
0835e
0b641
08b0b
08e56
0e0db
04816
0b41f
096e8
0eeb1
04b1f
01c31
093e3
0fa9f
0805c
09cff
04048
0372c
0e541
0b8b0
0d2e7
0763c
083a6
000f8
08698
0c4bf
0a6b0
033a8
09127
09a24
08466
09c3e
0d75e
0b9e8
0f850
09e71
022ed
095b6
0a2eb
051f2
0a257
044ee
0c9ad
09892
0c200
0a2d1
008cb
0756b
00cbe
08000
079f9
02a17
0f389
09665
04f7d
02723
079a6
03222
07297
0dfac
0ff9d
0ae33
08571
07005
06de7
0f9b0
0f843
0f7a9
043d7
0e1f1
03e74
0b95e
080b2
04d9f
05392
083c8
03b2e
0540d
0a27a
000c4
06839
06bcf
08cd3
03225
05f40
09371
0f319
0465f
05c61
0758b
0e91e
04adf
0164e
0e39b
09854
0233e
0f74d
0b0ea
06edd
0f47b
0193d
01a9a
0dbf4
078f0
05288
0782f
0faa7
0e97f
06b62
073c5
0bee2
0518f
031a6
00054
0aed5
060dd
0eb8a
0bb3d
0b677
05bc3
0d482
073e6
05177
02cdb
08ff2
0bd36
0333f
01f33
0b17e
02fc8
03eb3
0330d
08a60
05cd9
03d7e
0fe6b
07865
09213
04512
0010f
0d2cf
082aa
06120
066a4
0a368
0adc6
0604b
09e0d
06414
0600b
0914d
0e851
03294
0e3be
04157
00671
08a70
019d9
06e71
05ed8
09503
04bf0
08dd6
06456
01059
00c80
0297f
0eb49
0732f
03922
0c09a
062ab
0716f
0447e
09637
0746f
001f2
0fef3
05766
09c8f
0824c
0f5d2
07a6d
00e8a
0f8cd
03cd7
0454e
02ac8
05583
0bb4a
0fdd4
0dd04
027fe
01985
04b00
09b48
03914
05bba
0f107
0535f
08fdc
094ee
0b84b
05a5b
0131b
0e19d
0c48e
02778
0b619
04964
06bc7
02ba7
02e17
0ed51
0fc6b
0b6b3
036a6
0da3a
0cfb6
0b770
01cd9
03692
018bc
01af3
0beaf
08d55
097f0
00aab
049b0
0eefc
0e00a
0c79a
01e41
03bf9
040be
071cd
031d1
0c726
04675
0add3
0f154
0bc5c
02f28
00c8b
01137
009e7
06e63
0c599
0d26e
0b297
0f165
09fdf
07a72
0f317
0793a
08a4e
0e6ed
02ea1
089f9
0bb71
02629
0c6dd
07428
0184c
05a4b
036dd
0591b
027d3
05160
0624d
0d068
0632b
0f2fc
044a8
0a910
039f6
02fce
04758
01004
06941
02c40
01afd
04ef7
0c2e4
04e46
07706
0e19e
00c9c
0b9d1
012f9
0c466
0e8a1
096f2
0594c
0b36b
051f4
04e08
051c7
0a6ea
0900d
0c960
0ac5f
08ea0
0fd16
0c08a
071f0
0275b
0dd70
02f3a
09802
0bdbd
0b532
01b6b
069a0
0c50e
0ad39
0735b
0b5c2
09074
0512e
06875
0e1c6
05183
082e2
0dfbc
0d928
0e75e
0c498
04059
055b0
0d195
0f6b3
0c799
025d3
0fc6b
09bb7
0e163
00613
08e13
0b619
0abb0
0550e
0491f
096a7
05765
01622
0b854
0da82
0857d
04b6d
0bb81
093f4
0e658
01aee
0c039
08b2b
07575
0f6ee
02a8c
0cbdb
0147b
060ca
09481
0f8bd
071b9
02360
03790
0db3c
017c0
03ee7
0b22a
0c299
0afba
07817
0bdb4
05ec9
02f10
03115
0a2ca
08f56
05dfb
08298
00279
02fd0
0b1d0
00bbb
085b0
06d66
0ee3d
01f21
0d4ef
00db2
07b5f
0ad43
0bd0b
0b45f
072e5
0dab4
0858f
0a431
0869c
0e58b
0bf01
0e5dc
0f75a
08517
04416
0b2e9
095bb
052f4
01d9b
09b42
06d0d
0c4e9
055cc
0f472
0a73a
0cea2
082fa
0fd4f
0a7d5
01f9b
0e7ff
0dcba
0f660
05cd4
0a287
07713
01d0b
036c7
0aac7
002eb
0cee0
0e0cf
085e8
0bf0b
03774
0370c
071e4
05147
0911a
0d351
0f6f4
0245d
04f00
0eda6
0ac22
05797
06ec6
0e0d2
03604
00a61
00452
04b35
0bc7e
0c574
0618d
0a2e6
025c1
0f8c1
0b3a4
0e7a0
01c76
0bb83
06866
05cbd
01547
07dca
0c0a6
02711
07148
00a4e
02154
093b7
09f9f
0d090
08c14
03779
0f6fb
050bf
093f4
02457
01d5c
06c33
0dad0
0fc73
0a7fd
00746
0c674
071bb
04eb0
08847
01461
02445
02ecb
0e980
027bc
06113
01156
07f31
0f815
00e50
0eb78
033e3
08769
0d2ff
0eaf1
01d38
0ee36
0f3c2
077df
0f39b
06eaa
0360e
0d511
04950
0e515
0b0a8
056ba
0fb0d
09e7a
0d3da
01838
02b2e
01615
0084e
0cca7
0e292
0f0f8
09588
01a63
000d4
0ec84
01c2f
02040
06e4a
043b8
0bda4
0cbe4
0c336
02487
00472
0c17f
03000
001a7
0ad6e
07cc2
0e854
014ff
00350
0ffcf
01fed
00a96
03352
00328
04ca1
047eb
043cb
03bc2
056ab
0caa1
06fb4
0156b
0a323
0310c
0124e
03e68
0273f
022e6
0c1f2
06451
08987
0394b
002a8
0c399
0ed28
0df6b
0f426
0212a
0144f
03842
0902f
09c1d
028a1
029c2
0d9e1
07570
05be3
04cb5
04db9
0b9c1
03961
0c324
083bb
0452e
0a8a1
0c5b4
03e3a
0dd82
0e462
04aad
03793
02036
0f828
00a1e
04fd6
0a74d
081a1
09a54
0c7ec
0a1dd
0a757
01272
05068
08d03
05038
02ad1
048aa
0a6b4
086d9
019ce
0a9a4
0eee6
0b0c9
0a849
00102
0575c
096bb
04886
080f0
046d1
0d67e
06e37
07d7e
0bfe5
05bdf
0744c
03b11
0ed07
0a404
09330
0e2a0
0fed7
03ff9
0637a
04ea9
00138
04f23
00884
0cd1e
02e21
069a7
042b1
00758
0785f
03634
0d4a4
0e633
0d9c2
0ecaa
08f65
09d4c
0559d
05b13
0fa77
00591
0ff7c
063fe
01fa1
01679
0993b
0dd63
075f5
01005
0c5fc
0d5b7
0c866
0e5f2
0dfbd
05969
0c1b6
01033
05035
0de4a
09faf
023e0
01547
08397
0fc4a
03efb
0d47e
09879
0a7c1
08399
0a436
08785
09bff
0d066
0b037
0ef80
0ec73
03c6f
07d80
0e681
038f7
0b06b
06521
08263
055a9
0ee61
06c7d
05959
0edb3
06e11
04ac3
058d8
0efd7
0c157
0da3d
0a40d
0839d
0943d
04195
0ffce
09c38
0944b
0db50
09c57
0af7e
08cde
01e01
060d2
00f65
00e4a
04f86
03343
099ba
077a4
0c4fd
0d4d8
0a718
09678
0b7dc
06709
0582a
06e1e
045dc
07f67
09c7f
0aa71
07d48
06fcd
0b2be
0c673
0d59f
052e6
043d7
0d4ae
0bacc
0f7f2
0bcb7
09b45
04c2a
002b6
07131
0005e
039e0
06756
0772c
0eef6
0cb1e
0257d
027ee
0bb19
0e9f3
0f6b1
0041c
032d7
09f14
02da4
03afb
02870
0b657
03745
0c2ca
04eba
06c79
02365
0b512
07c98
08bf1
05227
02588
039ef
0b764
0ece0
0cf5d
0acfe
013fe
020df
0c0b3
0676b
0e5a0
0ba84
00b9c
0bcfd
0e0db
04632
03dd5
0bdc4
020f3
013b2
02f59
01fce
00f94
08794
096fd
07121
007bf
0122c
0473d
0eb3a
0f9eb
07358
046d2
0073d
0c009
0abfa
0cb40
09404
04ac5
0e497
0d37d
0609c
0045c
058a4
0c3ea
06535
05475
0c982
0e3f9
0d598
073e1
0336f
02ce9
09e69
07e33
02887
01f70
0eae6
0aded
07515
0f394
02823
08d79
037b1
08842
05f34
0dd1e
0956b
0449f
07104
00fbc
0c0b7
083b9
0c34f
0395a
09004
065c2
0674f
02061
0d378
0fe93
099d6
044cb
0a03e
09f0b
01a2b
0b626
0919b
0f2fb
084e5
07e04
095ec
0fa25
0ac0e
04464
0f7f9
052e9
09c41
0aade
0ea9f
05b65
05fd0
09352
0ae03
0b08c
09717
00d81
08f23
04d81
03e86
00aeb
004d3
039bc
099b4
0cc85
03ca5
03812
0f24a
0e41b
0a4b8
08f3d
0be57
06ae0
0100c
0b15a
0e15f
0c2b3
0c4c7
04190
0dcbb
05a7b
06e0e
0794c
0ad43
07b83
0044c
010a7
04175
0b15c
0b3d6
06402
0ab5a
05dd9
0bd0c
0ccf5
0698b
0e8ab
0f998
06fb7
03605
059f6
0b7b4
050f4
09f77
0b96b
0fa9f
0105b
03efb
07117
030a0
03be3
02001
0e3ca
0b3bd
03e6c
0fb27
079a8
06998
0bacc
06469
0d290
048bd
09685
05a4b
03fa8
0ac7e
02c4f
0adf9
0db83
09e38
09f78
070c8
0fdae
0f381
023cc
0ea4b
0230a
07643
0a5b6
06e76
0b273
02aeb
01ce1
0b31a
08ea5
05924
0a95e
0ddce
0516e
0f7c2
06d04
0d95c
08fad
065f1
06779
03fd4
0dc65
02a36
04ef4
00019
0484b
0d765
0f387
09626
04e6c
0f1b9
0f67b
0a939
034af
0a104
071c8
0cb45
0e125
04606
01822
0e111
0b51a
0127f
0c485
0c041
0352a
041c1
0a0a1
0caa4
0a8c5
08cf2
09526
0284e
0d73a
0923e
07920
06932
032dd
02ae7
02c9f
0a3c2
0c356
0a2ab
09fd5
00e95
0571d
0c60f
04017
032e2
01523
0c94e
00502
07db5
0d151
07fe8
056ed
07637
0bd18
03eab
0a692
057eb
04a0a
02d8d
0dae6
0b54d
0cc46
02fc1
06606
01fa8
0e163
07b1c
0e025
02835
094fb
09408
0a483
08ab9
09da7
065cc
00f2e
00209
0edac
095a1
0ac81
0e6c5
0fa30
0f010
094ff
03e01
09645
0d718
0b152
03357
06b80
031b5
0cd81
07d2d
066ba
0599c
0bbd8
07181
07c04
0ddfa
064c9
0145b
0aa3f
0e9dc
0b4d4
0ed39
0c26d
0cec7
01c8e
0e80b
01de0
05fa9
0ac51
00be4
0e9b8
0c37a
0daf9
0da7f
016d7
0c5ea
0b6d8
009df
0b8d8
04bc4
0da63
029eb
01831
0d77b
0d1cb
0beb2
0b139
06b1a
0459a
0c55f
08260
0fe2f
08ad3
036ef
084f5
020d3
05c7c
08b46
0072b
0851e
06417
0df35
0912b
06bb3
0a2ff
0c68a
019a4
003a5
002bc
0226f
04f8e
003f5
0f9fe
0361b
0c663
06ef7
03e56
06e59
04a49
0f419
02996
030af
070d6
03629
0f4ac
041d4
03151
0d39e
0aa39
00165
031d4
025e4
0ee43
0b95d
0e9c7
0d78b
00413
03480
01060
0dcb1
0e10a
0a389
04010
04095
0d2af
04328
09cc7
02c4a
0aae6
041e4
0731e
0560b
036f7
0ceb2
0df7a
0ac8a
0292d
0f998
0fa7d
066de
027c7
06996
02ab9
0ebf9
0944c
07df0
03b3f
07a84
0a6fd
04676
0fa52
0da7b
05d5f
0b073
0af74
07e7b
0fbd4
0d89d
0bd62
0200e
02f87
0414c
0a417
0dfe4
0d904
0acd4
03872
0c449
06dd2
0382c
0e959
056c9
0f006
030f7
0a8d0
080f0
0637a
0d3aa
05824
02f9d
063f4
0931c
03e33
077f2
0aae0
00c07
0602b
06743
09106
0cdf3
00656
0f260
09f51
0d4e6
0e1c7
0a6ca
0e446
09a61
0976f
0db14
0a16f
09bf0
08182
048e9
03ad4
0fa13
06f72
05a91
03622
04112
0a8eb
0a6e6
0faad
0f130
08f1a
01479
0b3e5
01dbd
06f95
02157
0ae4e
021f0
06a7e
09ee5
0c22c
0bf30
01b97
0d4e2
0a57c
0d614
0db8f
07033
0fb14
08871
09618
0f569
0fbe1
0280b
074fa
09da8
02c6e
054a7
0adce
07a09
07f70
086f9
02cae
00d0f
0d90d
0bcbe
0eade
0454b
0e41d
0d7d9
0c3cf
0bbbe
0d7f7
05062
015d3
0d78c
0ff67
01938
078fd
07758
06d91
0c070
0e196
0f957
0e885
08308
09f6e
0309e
01123
080fc
067ec
0f030
03e77
03954
05f3c
01c24
00644
06f88
08cfc
01202
07db3
0abb0
05dc9
0f467
03a09
0f8a4
0656d
0453a
01b20
06c1d
028d2
00582
0dfd1
0cb75
0ca04
09018
0df05
0b822
03161
08897
0f324
0ff2b
0ef1b
09bef
0b306
0fbb3
0b606
0ee34
0f445
02bac
032aa
095a4
02c57
0ea8c
09660
0d55e
02252
01bba
0c04b
05a95
0735a
0b56d
0315f
00a9f
0688f
0440b
0fc81
0cba0
0c8f3
0d9ef
09a74
04acd
00915
00ab0
0753c
05fe3
0c541
0a973
01ef5
074e5
01972
0a23a
04795
085e6
03004
0317a
08b8f
05638
01423
0e2ce
0d062
0bf72
030bc
07227
06e97
0acb3
05b06
09080
0bf43
0f3e8
0dfde
01b28
07f56
0d5cd
0242c
00f80
08a7b
05444
0f4a9
01b83
09a1f
0a27a
06979
0d92b
0e370
0cbff
023c4
04975
0e5b4
0d285
0fb59
0c0e5
04dff
03a21
0646f
0aba8
0999c
0a448
0cedc
022f1
08fbd
0740f
03db1
0b05b
0650e
061e0
09bbc
0b9b0
07d73
021fd
05b43
019de
01053
0a9dd
015c8
09fa5
01870
00f1f
059ca
08f30
0353f
0e6fe
01063
06e0a
0cf14
080c8
05ddc
07cbf
0fb5a
07f1a
06f7a
027be
068bb
0990e
04c57
09f65
0200d
095af
0e131
03f71
0f6f6
0c97c
0532c
02653
0f5ed
0f027
096b2
0483f
05af5
03274
011f3
0350d
0fd72
04585
0fdd0
088fe
0444a
0296c
0ae6a
02c7d
0f5d5
0ac96
00a21
0fb0d
0d7fa
078cd
0290d
07327
0499c
08c37
01ee8
08c83
0c76a
0291c
0d6e8
0a352
02f23
0caf4
0c8ca
057e9
0f67d
02f0e
08d7d
0b3a9
0f7ed
01a60
0d925
0a201
0ddf2
0df2b
05368
06da8
0e226
0be7b
0e5a9
0eccb
0316c
0ed1c
03ef6
05b1a
021b5
063d3
02c3b
0fc3d
0c265
0f4e0
00088
0fa9a
005ca
000bd
04100
057af
0e08a
0d908
05257
08da4
09cb7
0ac75
05db7
0e289
09497
06454
0000a
00571
07057
0fe73
01479
0d710
092dc
0d8e6
0ae54
09d72
02ce4
0d447
09ba9
0f91f
08b21
06306
05b59
003f2
06b46
0484d
0556f
0c194
0ce29
0f10d
00d1f
069fe
0f0dd
0bbed
0be8b
0fb73
0bc6f
092ea
0a7c5
0f7dd
0c5e6
0a60a
06dc1
0022d
04960
08575
0d64c
09363
06905
0093f
03926
071eb
04207
04cd9
058bb
0b128
0ebc5
0bdc4
009c2
08472
026ec
046b8
053c6
0d7d7
0c956
09ca0
07a20
0bf35
0018c
08fff
0a161
0bd5f
0e316
076ff
03232
092ac
04d27
0d90f
0d801
05ac9
04a7d
081a8
0fb8d
0e075
0db60
0013f
06722
04def
01e68
0f66b
023fa
01f29
01910
049fa
08298
0a1db
0db6e
08bb1
039f6
0eb6e
07a84
0c73d
0f4e8
07d3d
0729b
067f8
07dd5
06431
0644f
0e468
0dbf0
06ba6
0cc0f
04c9f
0b0e5
03eda
0e513
06bb8
0de0b
0347a
0c1fe
0b27a
05c6f
048ba
07fbb
0aa4d
01304
0fb78
078a4
0f5b8
0fb21
07737
0b846
04421
03a5f
00cd5
0c0f9
082e4
0cec8
00f9b
064d9
06acf
09421
05a5f
0b3a5
01d72
0ca0a
0ed69
04ed4
04efb
0d110
0de2a
05ec5
02d25
01cf7
0e627
0ceed
0e177
0e9ef
0e378
0d39d
0e2e3
07535
0f6dc
02685
0229d
0173f
0b7bf
0e02d
0878f
0dc43
07491
06f35
010e5
0b91d
06e5a
0f8c8
08fae
015f7
0d953
050cf
08338
047d3
0c69c
03c15
01c54
07884
07bb4
04d87
08f2e
0f1c8
0ff06
06028
0c770
0b34b
037a4
08c28
038d8
0d155
0c972
02980
06c46
0484f
09a2f
00af9
0cce9
079f7
0ba89
0f1f2
05d6e
08760
0ef28
0ce50
06864
0b24c
0f39c
04b7b
0cb21
0a546
011ac
005c1
0ee1e
0479d
0991e
07407
0b5b6
0043e
00dd5
0db83
0de0c
05274
08915
0a043
00867
0a749
0212c
088d9
00eb2
09ef4
0ef30
0726d
0b081
0f9bd
0bfd9
08be3
0738c
092fe
0a4a7
0783e
0c36e
0965c
0c893
0335e
01f7c
0f982
0ffba
0e3a6
0e9bd
048eb
04c8b
05247
04863
0dbca
09d6d
0c1fa
02b4d
0a5c2
07be2
07950
0117a
0055d
04ba7
0fe59
005b0
04589
0eba1
0ba04
01ea9
0f3d7
0d6c5
0f0d4
0dfb0
07c89
013d0
0a36b
0376f
08119
0b779
07b0b
0c132
00500
03be9
0dea3
02407
04f54
01330
0fef4
0af1f
00346
01bfc
00cf3
0ce1a
02968
0b22a
0bb5d
0b15a
07026
05044
0498c
08448
08324
0a33c
0b63b
0df4c
0ad6c
05d8f
06c9b
05ced
0411c
0311b
09b7f
09e47
08f2c
02af7
0610a
0bf4b
02bb8
0e4fa
0cdd6
065ed
06ace
01a84
07a18
02884
0a237
0de2e
0a77f
0154b
0f697
006ca
0b2cd
0dee6
0bd19
0215d
006aa
0dcde
06ad6
0d289
03954
0209d
047c5
0f828
09521
01502
039e4
020b0
0e821
061a9
00cbb
0c063
07559
04a60
02374
08d00
0a0c0
043c1
0e1b1
0cb05
04519
07819
003cf
05fca
092e4
01ce1
0b8a2
049fc
02641
0b7e5
0183c
0a40d
0c443
01ab8
0612b
036b3
03120
04cae
0d119
01b54
0867d
0b530
0d792
0a6e2
086e2
022cb
08b2c
08b70
007e9
07bce
0db11
0b4d7
09d9e
0eb09
02386
05f9d
0ffc8
01a56
0beda
081c9
0ea2a
09cb3
0f1a0
012e8
0ac29
0cc58
0c2d9
04e6d
07338
00e0d
01837
0be38
0c8f5
00378
09e12
08b5f
0c85d
03754
0b8af
00561
031dc
046ed
0713d
0ab47
01af2
0d587
0ca1a
0bffc
0c096
0dd93
01c4f
0b85c
00ee5
0b2a3
00aa8
0b8b7
0bec7
0ea60
0db3c
0a8df
0f82a
06cee
0f3dd
07f4f
03143
09de4
0f99b
08879
07395
0ec5f
04dce
01555
061a2
0a6b5
04e08
02a50
0c674
0095b
03fdf
00dc6
046b3
0e940
0d85d
08b42
0fe82
0247a
09df1
05fe4
08098
074ac
05630
0294c
03390
02606
0192e
042f4
0dfab
0d543
0446e
07817
0f84c
0e668
06261
037d7
0703b
07fa7
003ce
07c9a
0320a
086be
0bd6f
05330
07ff1
0fb46
006b0
06a21
09e0c
0c591
06f09
06465
05c81
0e2cd
0874e
04e8b
0ba92
0d56c
0a3c8
0ce8b
0c90e
0d3ee
01171
0aad5
014db
01010
01967
0b87a
0b308
06e31
03b4f
0a7be
0f030
0beb4
01b34
02f60
0a0c0
08a03
07116
0aa81
0e87a
0368b
01940
0f636
0e87f
08c27
03697
09068
03a9a
0b1f2
03a71
09705
08acd
0daf9
0d00c
02f70
0aea7
0814c
03896
0e885
02fb8
01231
001e8
0d037
0ba15
0d47e
04872
0ca84
0c822
0db3c
0b95c
094bb
0a09d
0aa41
0784a
0cc4f
0708d
0fec8
0fe18
0d9e2
0ddfb
0b89d
0b452
01752
0565d
0750f
08d12
0902a
043fb
0774a
0345e
0db13
05cac
05e7d
0c32c
0dbab
089eb
09e94
03726
0c8be
03181
09fc5
0c515
05201
077a7
0cecb
06f93
0ab98
01e9e
0bf83
069cc
066ca
02c64
0b8b6
02a04
06639
0278b
064d9
0b0e6
0dca8
03a34
037f2
0e378
00277
053e4
0f865
0943d
0f31b
06014
0981e
09d0a
0e998
06203
0e427
05774
059f6
0740d
03871
0f715
0c2b1
026fc
0d08b
0522a
0571f
0b146
0aea7
08bf6
064e0
03d80
06e51
0a0d0
0fdbc
09bdb
007bc
0e515
09d69
0e4db
08c38
00e22
0e73b
063ff
0f40e
04d8f
0d6f9
0356d
0f965
0b1c5
0d08d
0aedf
0e0ea
0f85f
01c73
0c50d
03fd9
07c5f
0940d
0866b
04c75
0a858
03fa7
02c33
0133d
0a1ec
0857a
0aae0
0a05f
027e6
04088
0942b
0357d
0bcfe
0423b
0dd2d
0794a
09f5f
08090
0031a
02222
0da12
02c9c
0e720
0188d
0c2e2
080fb
03c0f
09bcb
09ca3
0a69e
06cb8
07dab
0fc08
0b2f7
05bc2
00a46
03157
0b804
0c328
030f6
08d5b
0deea
037e5
0c25a
098fa
02737
0b38f
0f2b4
074af
06025
0f349
0d9d5
08a4e
003b0
02d60
06739
088c5
024b6
0fb98
02339
007fc
002f3
0f953
038f9
0bfa9
0f6be
0344a
09922
0b08b
0340d
09f8d
0b784
03280
08f3e
0b7e1
0a75e
060fc
0f901
06ce4
0c46f
01293
0ef1a
05984
0c9c0
0da49
027e0
01966
083b5
07b84
0231d
0c3e6
09f32
047a3
0efd2
056fd
06408
00be0
0101b
0e94e
008f3
09f9b
0c534
08d0a
08061
0ae46
001a4
078e2
00b36
00382
0c15c
00152
085ff
0b719
03fae
0185c
02ad3
0f574
07627
06c08
01b03
00e9a
05acd
0fc67
0c156
07a73
04704
0e9f9
05ddf
05528
069d8
0fe13
071a7
0da7b
0a5e0
01e56
08600
06a42
04ad3
0c58c
016f5
0a9f5
0189d
0854e
0edbc
077b7
0b699
06bf3
0a79d
0481c
0541f
0d62e
0bb6b
08535
0697c
01ad7
0b01d
06b1e
0efbc
06131
09c46
0bd01
0316e
063b4
0b185
0de62
0978a
04a46
0d774
01e54
0c27b
01fb5
00d0e
0eab2
0500b
0ef21
082b1
005ab
0a0e6
02def
08448
07c16
03a99
0c604
094f8
02ea8
02341
02d93
06675
0de50
0bbff
0d6fb
09ef6
01948
05012
0b8ae
093ba
058bf
0db25
014d9
01594
0d352
0411b
05dc6
055a2
060f1
084fe
06844
0b851
0eccc
06010
0a36d
099e9
0bc0c
0559e
04fac
0a6ee
020a9
0f715
08eb5
0f8e7
0a4e7
05a14
08aa4
0e3f1
0eab6
0b5f2
0cbda
0bb80
0a11e
0344a
05325
0aa8f
0df0c
06758
06053
0db37
0fb1c
0d0d0
0d8ca
0b1b1
0e87b
01dd0
06b9c
0291b
001aa
02813
055d6
04157
0248c
07da3
072f1
0fc6c
0b67e
06ba1
08600
05b6b
025bb
09a44
09311
06dd0
0abed
093b9
0a9c0
0e87b
093bb
0764e
0d992
06680
0411f
0b95a
04d27
0be48
0929c
06e25
01263
06274
0aee5
07f6f
0ade3
05883
020cd
0b435
02057
0faf9
06431
092b3
0c272
0d707
00ae1
0dd77
04da3
082f2
0f0c0
0343a
0b743
0f39f
0a44b
0d497
035f6
008cc
017c4
02756
013ea
06d3a
00a5f
0531d
05be8
03487
0479e
06b57
0ad2f
0ba0e
03695
05b94
0316c
0d5c5
072ec
045d5
061ce
04e7c
0b5ce
084cb
0328b
08605
040cd
0541b
0d18d
0761b
04420
0d32d
04156
03a42
09706
08735
0a38c
067e4
0f319
0367a
0ac12
0129c
08889
0a4c9
03fd0
0c918
0fa1c
0e195
0fccb
01081
0282a
03fd3
0b4b6
0336a
06a86
05b72
0d86e
098d6
05f55
06431
0598b
0c957
0615e
0ace6
0b5ed
08995
0d43c
014cc
06a4d
0626f
0c617
06065
02c50
011f8
0aeb5
0e38c
02a6d
0e8f4
07ea3
05a1b
06687
0334c
0b540
09629
0ae74
0ad55
04679
0e87b
0f047
0dfc3
052c2
0c30c
00360
05d42
06e37
0a8d2
0dbe7
09180
00b36
07727
00772
0ddff
02816
0bf03
0065f
0f6a1
0df8d
0fdaa
0c8b1
06f45
0376a
03f25
094ae
0eb95
08bb5
0c70d
03c44
058be
0780e
02abc
0047e
0127d
048b6
09401
02e9d
0b97d
0ac77
039e5
0fd27
0a75b
0cafb
06f7c
0e7fa
06be6
0aa9d
068a2
067c8
054e6
0f270
0118a
042d9
0cdbd
0d119
0de74
0dd92
0bcea
08983
06cd0
023a2
02d83
0c53a
052b8
02251
01e66
0cf69
0b585
02b20
09c01
08190
0ec5e
069da
0ce1e
0ba31
09492
066e3
02806
00952
0ae09
0b513
0e0bd
0fd94
021fe
01722
068e9
01c2d
049ad
0ec01
0a93c
0d425
0153e
0a94d
0c41e
0e719
060cb
0a9d9
0994a
06859
082fe
0527c
0606e
0331c
08603
08d96
0aab6
05589
033ed
0566f
0b0f4
0ddd1
0173b
0d938
04724
00281
03708
016c9
08b89
01872
03b1a
0a249
03f8d
09a9d
03528
09568
00117
0b76f
01e81
0b283
0074d
0288c
07bf9
08850
0f559
08ba6
052b6
0cd96
07037
0d44b
08262
024f2
05d81
057f0
0d2e8
09b3e
0e78b
04574
0a3fa
088ac
0703c
05b4a
0921d
0ae5f
06c7b
0cbb1
006b6
09416
040c3
081cb
00d65
02ad5
0e837
090fc
08d8a
046c6
0bc1d
0797e
0cce2
0acc2
05f19
0e787
0dd71
05a96
009cf
0321f
03447
054b7
04e09
09d02
0c4b2
0c794
03ef0
084f2
051b2
01408
0f9f7
000d1
052a2
00419
0efa3
007d6
0dee2
07e61
0b745
033f9
0a2e5
027a2
0264c
0f038
0aee3
06d2b
078b2
03c0e
0e135
01c18
04542
0b358
06858
07a7e
0ff6a
0f2aa
000df
0c74f
01a55
09de3
078a9
0ef77
0f50a
0b0f0
0ebe8
05c32
0bc4f
06589
0ef33
02c3e
0fc14
046d6
0122a
03acf
0a58b
075f9
07af1
0744e
00cb4
003c9
0663e
05f6a
0ac5f
0c3fe
0d4d8
08b10
0e3dc
080ba
02261
061b6
078c6
023d0
03367
0b6ac
02ed1
0d441
0741f
094d3
09a2e
050d6
04833
0d312
0dd5d
0651e
02c7f
0bc64
09af2
06cae
00905
00f07
069a6
09f53
03c28
07e57
026f3
0b629
0c30f
0af6b
06458
0c221
0dd3c
0fe05
02d08
06a10
0cd47
09cbc
0d661
06439
0a84b
02abc
09a5b
0a64e
05668
05e14
04576
06cd2
04745
0a677
06ec3
09e1a
0a459
05fba
0e4ca
06c67
082e5
0d00a
0b5e8
0e052
0e982
0a16c
07ad4
07141
0b16b
05a41
03d12
0fe0d
00010
0c66e
096a1
00356
0ddce
093ac
02d3a
0498e
0647e
02710
0a59d
08fd0
014f2
04fa6
09dc8
085c7
0eba1
068a3
00445
0e7b4
0ab04
00771
036cf
0ccbd
064c6
04892
0feb1
00ab7
0610f
089e7
03ae4
08160
03454
00874
0b147
04030
0c2c6
0cb32
066ea
0d3aa
0985d
05592
0edcd
04e3a
025f5
05fff
0cffc
085e3
0a067
091de
067c8
0c668
0f90f
0d61b
0f64d
0ddf3
0f520
09c8e
0c79c
0f56c
05f30
0c5d6
0d111
06393
00270
02d90
07705
06989
070f2
043e3
0f9f3
04509
03073
0e787
00098
0578f
0d585
0f7c8
03dc2
0c505
0241a
097dd
090f4
03023
0b423
03d3f
09dcb
0eb58
0b599
0d84d
03f11
0d4e4
0154e
06aef
090fa
0a70e
04ceb
0cbf1
00ef9
0d663
05e2b
050bc
0eab5
0a074
0ced5
024ac
09d1b
02b54
00584
0c2be
0c3db
023ce
0bcba
056e5
06146
050e8
0acb8
0e751
01789
0ab83
01629
0d8dc
007a5
061e8
01c14
071f5
0923a
0f71c
02473
0281d
05e36
01939
0464e
0f000
06cd6
00c8d
04727
077fd
0b9ab
0a93e
031d9
04751
04ee0
01204
0edec
04e0d
04b59
064dd
01767
068c8
07c2b
0be4e
04cd9
071f7
072d8
0b7ff
0229e
0360c
03d6c
07b70
0fe87
0f06e
07cbf
0ea5b
0508e
0e0c5
0ef80
0c7b0
0e00e
05010
07de1
0c872
003ef
0960a
05d5c
042ae
0c431
0d0f2
0a877
03546
09bf3
082ef
0853b
0c0ec
0ad78
0eb44
08aa0
0655a
00c1a
0ce4d
04f79
00be3
0c3a5
02111
09e6c
098f7
03f29
0e0ca
0484e
019c8
058aa
02884
0203b
06abe
0052b
00269
08b1a
079a8
06fd8
03d41
09443
02b18
03b7d
026a2
0e043
0d207
07f94
063d9
00ad3
0acda
000aa
0e8bd
08f23
0adf5
01b08
09087
090d4
07a64
05774
0e1cd
03192
05509
0030e
048bf
08fdb
08703
03913
0d197
02c45
0c16a
06d1b
0d123
05b95
08bc7
01dce
0a930
03ab4
0db0e
0771d
043f3
07b26
03520
06441
0fae3
00724
0a3e8
0f72e
096a8
02725
01348
07c5d
0f3a0
0d264
05145
059b5
0d42b
0ab51
08916
03e8d
0a711
041db
0b862
06bb1
0b329
02ad6
0dcff
077f2
0a130
0fc73
02583
03cbb
0d29e
090d4
08e5b
0de11
0d232
08ca5
0f52d
03678
06150
05759
01e0d
03370
01e21
05b02
033b6
0ad47
0ae8f
03dd6
03267
0bc3b
02995
03dd1
01b3a
03000
0920a
0c499
0175e
04366
061f4
0bdcc
07ffd
0acfa
0cb5f
05375
0078c
031db
08a96
018a0
03a35
047fa
07c12
0ac56
0db8b
074a2
029c4
0cc58
0fd88
0c3dd
0ca59
0191f
04924
0e7ee
030ae
0cb49
05c32
0ed23
08c9f
0efe3
0eb75
02de4
02746
065c3
07587
09d45
0ff4e
0e322
01766
0b238
02d6c
00676
082d2
0f2da
07716
000db
00faf
05e98
05447
03050
06e5f
03a3b
02841
0989c
0586c
09f41
02f49
09a0e
077d7
00ab4
08c4d
09754
09e46
0c37a
0edcb
097e5
04b1a
0a7c1
0d34d
0712f
099c3
00809
00ae6
02ed0
0e737
0d6ef
073c0
07e55
08db3
0b82a
003b3
01f53
08442
0353e
0ba62
02db7
02c5d
0656e
0166a
06dcf
00d7a
0e2f7
0c722
0c7c7
0241d
0f413
00220
0c631
03668
0c687
0cdca
08907
0d3d8
09f22
0455e
00fd9
0fa3d
040c1
09e79
02447
03610
0c749
0c950
04785
073e0
08fc3
08242
0831e
01c8b
0a733
0bd61
0e13e
048cc
09e40
0ff36
0ec23
0579e
02a77
071e3
0d1e1
0645e
0ceb7
04e30
00d1b
02615
0d0fb
003e5
08b85
096ce
03812
0f442
050ad
0632f
022f4
00ea1
02004
0e0b4
01c9e
0c7de
0d8d2
0c075
07c4e
0e031
044b2
03322
0b9dd
06e50
0b10f
08019
01a1c
09c04
0f67d
0142b
0bb7c
0e9c7
02d3c
0515f
0d542
0a2a0
0c6cb
0b163
0c4a8
08e78
033a0
0db55
0a18c
0ca42
0c78e
0d6d4
0ea44
030b4
0ab9b
0eab1
03968
02a91
03cdd
047db
013f5
0fd01
00930
03589
0090f
0acd9
0622e
0bc04
0d874
0fb27
05f1c
0d18d
05d66
0b91b
0ad9a
04645
0b0bd
0ebbd
0d791
02807
0b2e9
00e7a
079ac
06004
0b1c6
0842c
01826
0d5e8
02193
0dcbb
061e2
00524
08178
06886
08f7e
04a45
05275
0fdf1
0bf4e
06f0c
042f5
03f6c
001b6
0210c
07b1b
07020
06f36
004ea
00702
08fa6
003c4
01849
07e9b
0fadf
0d73a
0b07b
09e59
00823
0364a
09baa
015b2
0ada4
0dd84
0aa68
00035
04bcd
0b432
0e674
0fa15
01315
017c7
0a65a
01cd4
04939
0ec01
0038d
08adf
0c825
062c4
0ca34
022d0
0390b
062c4
0d707
0888f
06018
0c2c2
04423
0d12f
0d44e
028b7
0d376
06340
0c717
0e3e0
0f335
02208
0e92c
0ea56
0a2f5
05ed4
0d274
0992a
05c1e
0c4fb
032d3
0b70c
08b4b
0ec9d
02d05
08791
0314c
046c9
08401
0a7e0
053e4
0e3a9
0f1d3
01226
0b925
0138b
0f1e8
0acfa
0ad0a
014f6
0a4eb
0dc23
05379
087f1
09730
02923
0c55a
0e241
0bc6a
00cca
033ed
07393
039cd
066dc
0ec2f
01fdd
0e060
08e87
02950
098fd
05623
00b3d
033d4
07b44
08d8f
09e8b
06c70
05950
0267b
09f0f
00886
095fe
0c7e4
05a92
09fb9
0f313
0dffb
0645c
0b726
0e14d
05eb3
06e6b
0d233
0533a
0f68a
07458
07717
01847
005e4
07bda
09c92
0a313
097eb
09ea9
0cb25
0910e
07f7c
05b76
0202c
01580
0a4cd
09782
0c629
0d651
03415
0f96f
0ebc6
0605a
01d4e
0f1cb
00186
026e7
08ecf
0cb28
0e44f
0d6b7
022e4
0ee45
009d3
0be94
03c77
02f72
0144a
06e47
0b3c2
0ced4
05373
0a314
0f702
0cbb1
04417
0234e
01d0e
0113d
048f4
00d3b
0b161
0e842
0afd6
0bf4b
00bee
00c45
01c0f
0837c
0987b
08c61
025bb
0b052
0da55
0c3b4
079fa
01520
0bfad
0e5cc
05011
0fe66
0bef4
0de1b
04f3c
05ff0
00b21
053d8
03a2b
0e6e9
0a37d
05b95
06c9a
00b34
0a40e
06344
0eb41
00ef8
03c2c
07422
0f4ca
0c8eb
00ec8
0e9ac
05e95
00276
06ede
04e29
08ef7
062f7
04814
07471
0ee57
0f697
0bb37
0d744
0fbaa
0f3a3
08abd
0c074
0c6a3
0a67e
068b4
05f5a
08df8
03bc7
0964a
090da
04ffa
0d64e
0120d
0f932
0e1f3
0b7cf
0f3d7
09251
0dfda
0b064
0ad72
0e0c3
0be51
0c9f8
0993d
0bbbe
02cee
05be5
08dd7
0466c
0e59a
07bf1
087dd
0c597
0413f
0b9f6
02eb1
0cc09
0b116
049ed
05dff
0fb27
06a64
0a708
0373a
02c47
0ef10
0f609
0c95f
07b26
084e8
022cb
08c27
091bd
0f4f6
0f86e
0e1f4
099e5
0e3cf
0d0af
064c7
0e43c
0279a
00954
062f3
02276
0e0af
05bad
0fe9e
0f910
0d61b
01c0a
0d1d2
0c397
0e04d
090c1
05974
004b0
0a938
00f91
0a618
0f0fb
09791
0ce8f
059d3
049da
023ac
0cf7c
06b21
08613
0d05d
0a931
02f6e
0cf33
0a2cf
03a00
0b139
07726
02bfa
043e9
0209a
0960d
024bb
07785
0402e
0f7f4
01802
0dc3f
0dabb
0a13e
03751
081c6
0df97
0d1d9
01b2b
03478
0fd00
00735
0b32a
0794e
0d45e
0ed1d
012f0
036ca
0ab67
0bd3b
05475
05e32
0c67b
09dd1
027db
04477
086a3
0c58d
0bf84
0ab71
04ef0
0b8fb
0f8fe
0e798
0642d
0a263
03abf
0c23f
07a1a
04776
002e9
05c1c
05176
0ed1e
03fa9
02a42
06dba
02955
019b2
01ea6
04947
02a1e
08e58
01a5d
01051
0820e
0e2bc
0a14d
0aa6d
0b846
0e4af
0f8c6
07e42
09489
06ee5
04ca2
05c66
07530
022f7
06060
04139
021f0
07b6a
0d4ef
0c7cb
08678
07f78
0b776
00515
08b07
0c7b3
0fe97
069a2
046c3
0e804
0a19b
08bb6
0ab78
0da9e
04889
0f2c8
036cc
0610d
0eeb6
01b4e
0498a
084d2
09903
0c8e5
08da0
0b204
00ee6
01f60
0c25b
0cc68
00e62
09805
0ef4b
06599
01bfb
0d556
04b49
0d9f3
094ff
0cf9b
0a9c7
0ffd8
05ada
08901
0892b
099df
0c716
07c2b
02a09
048dc
08f6f
04792
015f4
05873
0eac4
09c86
07dc8
016ac
02f20
028f3
04956
046da
0137c
05d03
025e1
0aeb6
03154
046e7
0b539
02812
06ba0
0c43d
08eca
01068
0a63f
094d0
03762
0c681
0a9f0
05491
075b9
0fa23
00405
000a0
0e76f
0ff0e
0f3c4
0be5b
02794
01b9e
017ac
06949
05a10
0511c
0dca0
00d9c
0f39d
07bdc
092e9
0edb7
092e9
07acb
0524f
0da31
0ef76
0835f
09e80
0d82c
08b59
0703f
027be
01fac
06aef
047d9
06fc1
076c2
0b53d
083dc
07c43
0e4a7
0de8c
0f653
078e4
01c39
0b607
0af8a
05919
02781
0d87c
08e24
0aebb
0d6d1
04c0a
046f6
08af9
0697d
02fb4
045ba
028ec
04c6b
0b620
0bb3b
06411
05638
06979
00abb
0f451
03d2d
088d3
038dd
04155
0a8e1
0ef4a
00a9e
0d33b
0e6ac
01df2
0ea1e
0ff16
05f77
099aa
081df
0afe5
099d3
0f013
0a6d9
0e04f
02388
034c9
0760b
03868
0bf6b
0d497
0f911
06bf9
03bf6
0153e
042d3
098d2
0508b
0c63f
09762
0a274
0dbc7
0762f
08f3c
0dad7
092cc
0be0b
06d6d
032f7
0066e
00774
0627f
0b140
0b09e
0f3d4
0453e
0c18a
0617c
05ff8
0f274
0b32f
011a5
05fe7
0fb54
02452
04f29
0c719
09c84
05e57
0388c
0036d
05892
0787d
0e0b2
05322
00fe0
0fa2b
07fb3
0de90
0d40f
09d79
0fcbd
0156e
0c1ec
0a033
0015a
03be7
0cf33
088c1
070f6
07ab7
0b0e4
0d3fe
0497e
060b8
0aaa7
00da1
05825
02573
02794
03dd0
0f174
002bf
0169b
0021c
01486
047ae
05b89
04172
01c30
0b7c7
078b9
04334
05568
015c4
07856
0b7fe
0c457
0193d
00f86
0953b
0d96e
0c414
0244a
0e4db
03baa
007f0
02f2f
0926f
0f0b9
05cda
086f1
0ee7b
0b473
03301
03e59
0f963
06206
01684
0c8ca
0d661
0a5fc
01dd7
0ce47
0bae9
0ec91
0dbf5
013d4
05d99
0ee00
064ca
03e03
0d974
00a2f
07a2c
0b25f
01b3d
04eb5
09c59
0ae37
007fe
0c9af
06603
040d7
0ed10
01f21
0b2ed
04f18
08cff
02d10
0dadc
083aa
0a0bf
0dccf
0997c
0c35f
0d4d4
0c1fe
0ef01
0cb08
08239
0d2ce
03d7e
08e5c
054e6
09c2a
00447
008e1
00295
006eb
0382f
06c67
0e31f
086b4
061fa
0e50a
08add
0fa6b
031fb
008d3
0f30c
07b02
05b49
06186
05c63
04b66
0a675
0722f
07247
0f636
0dae1
05430
04856
06b0c
0787a
08982
0a8b4
016bc
03b30
0af43
08d48
03cba
0f101
0fcd4
0cf4a
0bcf7
0ec73
0d7d4
0dfca
02832
015a8
019d6
0124c
009ba
0b3f7
02c2d
03ec2
0c32e
0534a
08948
0ffc8
07a3b
06e34
06987
09a4e
02ba4
09202
01cb8
041bc
0ca1e
0c71f
07359
02c21
0a3db
0b1fe
0b3b3
0187e
009a8
0f63a
0bdb7
0ff1e
0ad4b
0ebfe
0a830
03270
06c89
03823
0725d
04589
06299
0fb7f
01bc2
08fce
08c9a
08322
0c6bd
0a3ad
00876
035f7
06565
02cdf
07d36
0bbd6
098bf
037e1
09e0e
05a9b
07398
05259
0ce4f
08f45
0a577
0e83a
01784
021a6
0f09b
0e5c8
07fcc
07503
0f96c
01376
02230
0182d
0d82f
0b903
0629b
0cda2
016a4
0b126
096cb
0f908
02a74
05e20
0f22a
07745
02874
0137d
04fc4
0c6b0
0547e
0f603
0ef8d
0a089
0d638
00022
0de59
00b48
099f2
03b4d
0de08
0c6c3
00578
0b805
0c4b8
0ce4c
0335e
02b7d
05fad
04263
02c85
008e8
0f62d
0a05d
0dc8e
09bc2
07051
0b8da
07993
00b72
0fc70
0a4bf
07248
0657a
0c13d
0657e
039cb
08611
044ef
0d0ed
0305b
0cefe
03d7a
0f321
0a3b8
0ca15
0dd2c
06f96
0802c
0a262
08cba
0c39b
08f3d
056d3
05857
00eab
0d504
04e6c
0ad39
0afae
07b30
01be3
0058d
06573
0b30b
01e3d
0eb87
0bc89
0cfb9
07dc0
08207
09466
03198
01410
0b22b
0770b
0949d
07ae0
02bbf
05f72
0e19d
053c1
0e7d0
0e28d
06b5e
093bd
0181b
0fe4f
06035
0467e
02872
02d88
0c5b0
0f299
02c0b
0fb6e
0e761
03005
03d08
00376
073aa
091a8
01640
05959
01b46
0fb9d
07003
0df9e
021d1
0ff07
09f2e
0a381
0e8f6
085ff
03602
0f28c
021f8
08b42
002f3
00933
01fd4
00e79
007dd
02e32
07490
07a43
01e32
05647
03c20
08d75
0096f
082b2
0041c
028cd
02ff3
07e95
052c5
037c7
0b5e0
027f1
04ccc
0eea0
0fbea
04b65
0887b
093c1
07fe6
0e586
0d74c
093f7
0a504
0c13c
026a7
09ed9
0da41
03283
0bf21
06462
069a7
0cb5a
0a816
0e2e1
09e7f
0f98a
016c8
03562
0953f
0ec3a
03cc6
05ec8
007a5
072ce
07210
0433a
0c072
0b1f1
0d818
03e19
0f0b1
0c1d7
02416
0456f
0c105
0ce6b
0d2a6
03c82
0c523
050ce
0ea46
0e7f1
00dba
0d941
0c0ef
0b5ce
0e972
097c7
0d933
0be08
0e65b
0e277
0a3b6
0ed8e
0fb1b
0de0b
0f6fd
06d89
00806
01416
0ecbb
0a2de
01167
0d2ad
04426
06260
07f12
0f32d
07852
072ad
07a44
08edf
0ef6c
090a7
02fc9
059f6
0de35
0ff5d
0cf05
0acf8
0e5c8
01ab9
0e4bd
07de4
0bc75
085e5
0ce26
0018b
0b803
04f91
029a7
0eb79
06b93
04545
02227
07f41
06f8a
0018d
0aa1f
0e0ac
055bc
007b5
0542a
05017
0b16a
0aad6
0fff6
0cbf4
06f9c
01c3d
06e3a
0ff0f
01052
0e095
02309
00532
0d5b9
0413a
06079
02a8c
0b10c
09067
0731f
09cf5
09653
02850
0fbef
09edd
0e883
00190
0920e
0cb43
0f9d9
03f82
0393e
0e133
05113
09617
0a1e4
0c117
07aad
0831f
06771
0d851
0bf50
01812
08050
0356f
0d5c9
04855
0c899
0e909
05b64
08830
0058c
0c245
053f1
0fc26
01d15
02aaf
07e41
0490c
033bb
0be8f
0cbd8
0d902
0e5cb
01fac
02044
0273b
0ee20
03ccf
0edf5
038ef
003b7
08918
0aacf
05140
01713
0f3e1
02832
00b71
04cb9
0584e
02854
07c0d
03592
0cb90
01090
0a059
011e4
061b0
09ff8
0c503
037cc
02e04
0f286
079d0
09739
02e07
0f706
08376
02d0d
08ec2
0d0be
0b0de
0ba7a
0999d
0a7c3
02bf9
05dd8
07ea1
069b2
0ae37
0ba75
02665
0d47e
09a77
02c9b
0b2a8
0d242
0cff5
06303
00c09
0648e
0c381
0664d
07723
0d2fa
09d8e
0cc9a
0aa61
009c4
01be8
0e495
096d0
08619
06ae6
0a6b1
05bd4
0a257
000bc
020ec
02cde
0d391
0bb56
07646
0cb94
084f0
0ec0c
00a13
0c921
0decd
0daa0
0f5b3
0f88c
032bb
06a7a
0878c
02106
09e2d
0af31
04ca5
08c4e
08d09
0ddcc
08ca6
02131
0a1f8
06ea1
0b134
00c8c
008dc
087ed
06486
0b3cb
026db
08df8
0141c
0c1da
06ad5
04e8c
083d6
0cedc
0ba5c
03257
068ae
04a20
0e959
02bed
0192c
011af
09934
03519
0588f
0dbc8
08f7f
07896
087d2
0f1b0
00d3f
0322e
05103
008cd
0b988
018ef
030ac
0c431
06c2b
07a6f
04d84
07cdd
0c835
04110
0a2ba
070a7
044a8
0db63
0b8fd
0faac
03d4c
038e5
05671
0960e
0375e
047ad
06c7f
00154
00d9d
0daef
058ac
07a5c
039b0
06c77
05705
08958
0ba65
03b5c
0d431
0fcdc
02db6
0fcb3
0e679
0ccca
03ea4
0df98
00407
0fb9f
02bb7
03095
0f1d7
04802
04c75
0796b
074f0
0a70c
03ee8
07f70
06b4c
0b906
0699a
02a25
0bf26
07e95
0b456
0dd11
055cb
0ebba
0464a
09f48
0b545
00b40
08b9a
00e5b
081e3
03501
0886d
0e482
0fe2b
02e1c
0dbb4
054e2
058ad
027b0
041d5
09498
09224
0c5b7
05274
0318a
0cce4
063a1
0c033
042a5
0f9f6
00200
06c82
0dcd9
091d6
0e0df
0761c
04874
05323
06f76
04732
046be
08120
05143
0dd97
06660
0e7ef
06dff
0c915
0283d
0512e
0ae49
080b4
03543
09653
0af49
045d2
0f864
08f6b
0f421
0b1c0
003cd
08e17
0842e
0ee62
090e9
02e38
0e2b4
0d938
09fd6
06dfe
08bd2
089a7
027ea
001ca
0b038
0ea9e
0995e
01137
0c5fe
0a4bb
05d71
0b318
06f11
05a6a
07e52
041a3
08942
0990a
08988
076c0
08e36
0bf98
03cc6
0bcf3
0a375
002a4
0e62d
0f734
0a2e2
08715
0fcfa
045c7
03de4
0a4fd
0e6a3
00e20
0db1a
0d8d7
05b19
0b14b
00045
03502
0db8b
058b9
05fd8
00d74
099fc
063ef
0e5ae
0e318
03ff4
084a1
0920d
0f3ac
0547c
09041
0802a
04235
0dbfb
03bfb
0b26d
05802
079b0
002f9
0a53b
0d996
0445b
01a48
01819
059e7
00aeb
0f2a7
00235
05d6a
05793
0126f
0423d
0b67c
05a97
03ae3
00200
08c28
049d4
0641c
0b0e5
084b9
0fb73
029fb
06c54
0196a
0504a
0fad3
042eb
005c0
055c5
0a15b
02c7f
00ba5
007ea
055ed
056b8
0f558
045ba
0b8e4
0ed5e
07ec9
0aa79
08054
06c60
05671
0dcc7
01161
076cc
05b3e
0576a
0996b
0192c
00246
0ef81
0f27c
01070
0066c
07748
0f65b
0354e
0fb3f
0362b
0b1be
01933
0c273
0a7d0
04bfd
0965e
0c330
006e9
0bd04
052c3
01997
0a733
03bf0
0b75e
02b24
05fa2
047d4
0d552
0c431
01743
00b06
0e9d6
0945a
08fb2
0381c
034a2
0e252
0384f
0bf1e
01ff8
0782b
0cfbf
09765
0fa08
07f07
0f145
0406d
0b015
00af3
0361a
04abf
0a1d6
0da26
08efe
06853
089c3
07561
04547
0e217
0da4f
0fb00
02618
0aba0
09fdd
05e46
0adf5
0a5e6
0f845
029d7
09aa2
0e0ee
0fe4d
01a6d
016c4
0ef7a
02d35
02abb
0181b
076e0
0bba6
06097
07019
0cda0
0720f
0b2db
04c0e
03a93
0f0be
05bec
0676b
0880a
005a2
0ad43
02c5e
0bee6
0a41d
0de26
0d747
07ec5
0386e
08b4f
07147
0eebc
01ce9
0c032
03846
020eb
0af89
09b98
04aa3
03b55
0398f
0ad0e
08379
03ab6
04bbf
0c5d7
0a686
0abee
03c35
0f3a4
0691b
0772e
0c9af
0c7ac
0d899
09c66
03d6e
08ea4
07230
02d27
06f9e
0e6ae
08718
00be0
00050
02f89
01dbe
03bf1
0370d
00275
0d1d9
07efc
05449
05cc2
08c22
08af2
0786c
0515c
0c4d5
0b1d5
087f0
0a0e3
0291c
03db3
0f967
0a922
0a6c7
0214f
0e677
039bf
0b155
091eb
07a14
0cd29
014e3
06d51
08a18
0bbff
0835c
068eb
00ea7
09137
08bab
0194b
017e7
02391
01121
002f0
0d532
0a6d8
0cd2c
02fd0
06e90
0605c
0619f
02be8
0cb8d
0f0f7
0563e
0c759
0c504
0937c
008cf
079ad
018ab
0e4d7
0b1a8
0017d
0ac6d
00ddd
0dc7c
08e61
00a89
03b0c
01ed0
0c042
0e513
03873
01d61
03588
0e21b
0c06e
0bd32
03226
0090a
0a6ee
0530e
00d0b
0c3d5
0a804
06e26
0ff61
0941f
08b06
0b52e
0b6f9
06432
0605d
02b91
0ba88
0de86
0c53b
0aa1e
0831d
07dd4
082f3
0eca8
03645
04ba8
0d215
03f98
003b3
0f01b
0c075
07a01
05a07
01e2b
0296e
0edbf
01462
06f95
00bb6
0fb26
03dc8
0edb0
0d8ff
041d5
07fc8
05879
0a774
0abbb
03a5a
02b72
03b8f
054b1
0e137
0ed3e
0d655
0326e
0b9a7
030d4
00f17
0e652
0883c
09f43
040ed
086c9
0c72f
0efc4
0de95
009f3
01f48
08207
04723
0b0bf
0e334
0d295
0a191
0fe70
02f57
05e04
0ad5e
08364
098b5
0b33b
09a47
0e181
0b4a9
02cea
0c82a
020a5
0822f
00922
02228
0877e
00e5c
00afd
0ab61
09b67
099f5
09f5d
0d876
05705
0bf8f
04a12
03813
0d78d
0b2df
07e09
0e9db
06f26
018a7
0ea3b
0ceb1
0c7df
0cdfc
0f8dd
0b697
04db1
08376
09852
05d0c
00738
07b31
03523
0a43b
0f62d
0fcd7
004a2
0cf0b
0b1bf
021a3
03476
0430d
08e0e
0bccf
01de5
0f212
0e015
077b2
0df01
0728d
0a793
015d2
0d7d0
018fd
034b3
04732
04ae3
0eb46
03d51
0d63e
0d48b
057b7
069a2
07536
0b75c
05c44
0d6cb
000a0
02b73
0ec16
0e516
058c7
0d554
0afc6
0abea
02279
06874
0411c
0de84
0327a
0613c
0abc2
08519
045e9
0e7a0
002c9
02a1a
0418a
06d7b
0678d
043e6
01d6a
01a62
05507
0a60a
0720d
0160f
08d02
0cc51
0f12c
09e24
008bd
0e805
03012
0be90
070ae
07703
039f4
027b0
0ae24
0cea5
0970c
07099
0a5c2
0d455
05afc
0ebe6
0add0
062fb
03686
0846c
0793d
079ba
0c1e4
0934b
04d24
038b5
0b072
04cdb
0d475
081bf
0ba49
0ef02
02052
0c1a4
0c49b
06361
06b21
01823
06a3c
043e0
0526c
03130
0de3a
017ba
0eec5
00199
030f9
04fd7
02ad8
0ab37
0ac24
0fa8d
08695
02cdb
04487
0bc40
0336b
05b56
0352a
06180
063db
094aa
007ca
027e9
0f035
0250f
09bb4
08845
0af08
0bb3d
0f268
0dfbb
0c6c4
0c0ee
04d13
0b009
0673c
0d26b
0e712
034de
03470
0f894
03ee5
045cd
0161e
074d0
09c32
0bbcb
0f588
0896a
03e89
0e383
0ae7b
0c2e1
0b063
0586e
06a97
002fa
01838
042cc
05ead
095c9
05b45
04214
07641
0e673
02ee1
0ce09
0c526
09f4a
074bb
06f35
0629e
0b610
02b40
0e73f
051d7
02181
021d2
0232e
0a22a
04458
052c9
0e244
00476
06cb4
01c70
0d7e5
0f13b
0dba1
08369
04059
0184d
03bb4
02fd6
0ff50
07dbd
0267b
01489
027d4
0148a
03abd
00fcf
0865a
0c8e3
0125d
0189a
0a9c0
05f33
017f8
09f67
0ae4a
0c62d
0d5cf
0cd0e
0b15b
02d8a
00aaf
06685
0b775
06bce
0f1c1
05cf8
0455a
0eb33
075cf
05d85
0042d
05542
0ae5a
06dce
05cde
09d70
08924
00b60
0fbc2
0d184
0df15
0b6bb
0ece0
0f23c
0cc3d
0a100
09fad
06d3a
0b47b
05411
03334
0833b
0d8ef
078d9
02556
05516
09744
0af5c
07911
084b1
0e83b
085f5
021b1
02706
0cffa
01170
087dd
0ee54
03db7
050f6
04a3d
053a3
06d4d
0887b
08ac3
09443
08e8f
0e87f
09aa9
09b87
0b5cf
0ca47
09eeb
09a38
0a83a
02927
08663
05aaf
03c71
0bc67
0ed4b
047e8
02fa4
08371
043d7
0c245
01c64
0f594
020e0
07057
067ed
02bae
08a25
077f7
04261
0e1a0
0ce72
09031
0cb09
03b03
043bd
06c51
0b404
0a527
08722
0bbdc
04b6a
0ab8c
0393c
06a7e
0e20b
05878
0055f
0d396
0efeb
0e1ff
06f7b
01edc
0ebf5
00d83
07b7e
06d7e
082ba
0ccf8
0ca4f
05261
01a0b
0f52f
0aff4
06c98
03b43
02ca7
0616f
050ff
02aef
06be9
0a413
006bc
0e283
078f3
09b55
0a4c8
0adf0
00594
0b9fb
012d8
0c84c
03ce9
0b102
03016
02c5c
087be
0d43a
04427
0ebd4
0aad6
0ca62
0d05f
05273
0248e
0f05f
0c90c
052f9
0ec90
05ab3
09e99
075c8
03f0a
09c2b
089cb
0b9a6
0d1ae
0b3aa
02aa4
0897f
0e79f
0af97
0683e
011e8
023ae
09794
084e9
0c515
06cc3
07cfc
085f1
0a494
0a60e
0915d
0aad3
001b0
02db3
0400e
048d8
04792
02594
09806
03344
068b0
02865
0419b
01b7a
0b73d
07d76
01ca0
077e9
00c2f
04dd4
05ee3
04d96
01444
05470
09e15
0235f
0ffe6
0da7b
0d0a8
0e099
0175c
0cec6
06713
0515b
0544a
0c19c
0d149
0e590
0943c
01ee8
0096a
003a8
0f632
0f9b8
07159
0a7cd
09657
0d1aa
05edd
0bb0e
0b338
00954
03b02
04840
02e77
06f4d
0ba7e
0aa32
060b7
01a85
03c80
052d6
0ad1b
07188
08145
065a6
0dd01
08453
0c715
0dbeb
071ff
0ee15
01f81
0da35
0f37d
0a811
0de8e
098cd
094b8
00bb5
06bca
02c30
08926
059d9
05df0
03d31
025e8
0854e
0a934
0fcd1
05c70
009a1
0b1aa
0bffd
0a3fa
07446
05350
0339f
0cb15
0a614
0b41e
0a269
00068
04eea
0c667
091fe
0bc1a
00709
0b48d
06ac7
0c89b
01b89
0ecd7
05165
04c2e
09058
0660a
04cb0
0d008
0c6ba
00771
03227
00ff1
0ccc1
0ae58
05c2c
0b060
091f8
09f8f
0642e
01060
0a0c6
0596f
06c30
0d9ba
034d9
08259
030f2
0dd45
07794
0e3ec
00925
0ebc7
052e0
0fe42
0857a
04752
00efc
01714
0b2f6
01b1b
05dcd
0966d
00262
0e295
0741e
0e2bc
0f286
02aa8
01824
08671
0bd27
0335a
0b236
00ca9
0b7b2
087cd
05760
09781
0e4ec
090ae
0168d
09ddb
035a1
09d56
0ffb5
0357b
08543
0033f
0ed07
0f9d6
0b2d3
027b1
0a583
0cd19
05239
04481
03ab1
06628
0e986
01157
0204a
0cbc2
0905c
0070f
09dc6
0f493
0cebd
078a4
075a2
005de
09ea6
0f11f
0333a
09c0a
03477
0a0fe
05f37
09a9c
046f4
0ef3d
0c296
0fb0c
0e9d7
08e6b
03476
0dde9
0ac18
07be8
0e3a3
08f52
0d0f5
0c009
0e1ab
0afe3
0d69c
06975
0e2f5
033e1
0c17d
097d4
0791d
0cb4c
022d9
03a20
03054
0cf44
0bcf4
0be38
046c9
09f15
02448
0fd09
03c3f
0dc4d
0fce3
09a02
0fb3b
053ef
0a107
0d044
07efc
08bb7
06875
058b9
0a638
02cf4
00527
03ec0
029ec
00ddc
054c0
067fe
03c04
0892e
0229f
08a2b
02733
01b40
02b6f
02df3
0422b
01744
029d0
0e81e
09c6b
0ef51
08433
02fbd
0a06a
0f33c
0df54
03165
08c55
04248
060ac
01cec
05f48
022ae
0587a
083dd
0a4ec
04ee7
0867a
0f4a7
0047a
00cd6
0ff00
0161e
05c62
0ec35
0b9df
0e5b0
089d7
062da
0d1c7
09382
053c1
0a8ff
08c8c
05b5f
09e82
0ec72
01f1b
0582f
0c5b8
03755
0a305
0959e
0cc06
0cfb6
0df6c
04360
000c4
0f7b3
05938
0eb10
04c5a
04359
07892
03b76
0e016
00d09
0d20b
07b4e
06a8a
09aea
08da3
0b368
0760e
0e101
0b844
017f5
05843
00a6c
066fa
0a4f4
0c75d
01782
046de
09b37
08e97
000fc
04ea9
0e6c6
0667c
0d6fc
04385
0c1cf
08d45
09797
037b3
0962e
0ea64
01c47
08727
0929b
0e950
0a70c
029f4
0b143
07808
0fb29
0555e
0cd35
00929
0dcd2
00ac9
04222
07f8d
04b09
005d3
00855
0070f
05836
0f1f7
00462
0d7ad
0f6a4
04720
08943
0d807
0a0cc
0a085
067b2
00270
04b7d
04c68
05ca9
0570f
03dec
0416c
034fd
0cc25
00ab0
068db
0a3f7
06f21
0595b
04c88
0748d
05534
0fd61
0498a
07374
09c25
084a1
046c0
0892d
0248f
0c8ac
01da5
06db5
029b7
08232
08ac3
05560
05402
06de1
06213
040f9
05a58
09a29
0d996
0ca56
03d2a
0e3b0
02983
0173e
03007
0cccf
064c3
04b1d
038cb
07ad2
0741c
0e466
0a2d1
05b6d
0294f
08519
0b081
0b6e0
09a95
083c4
0e4a8
04330
04f04
0f4c6
00e47
01a40
0873c
0fc1e
086d8
0822c
054a2
059a7
0afbc
0e7a6
066ba
0104d
06fcf
0fbb5
08191
0babf
01aba
06c8e
0e03a
089a3
071d3
04a45
019cd
01abb
0cce1
00244
07e38
00102
0e8c4
0f99b
07c80
0de92
0c37f
0f749
0ba13
0b622
0e22f
0f919
02fef
0a265
0ef84
077ff
073db
07718
0aa2f
071dc
06c7a
0ff64
01315
05e62
07e48
09500
01cae
0a72d
0dfa6
09432
0eac0
0c277
035a2
05668
0ed3a
03d56
04e89
0167c
0ec3e
0cd37
04f3a
08f4a
0126b
0b4d3
05109
051dd
0863c
04402
0e8ba
0a7cb
0da77
03b4f
0e655
07dab
0e4aa
04d6d
01bd6
02861
0f3aa
00ba5
02095
03984
0e475
0a471
0a904
0aa77
0c86c
0e8ca
0eb53
096ac
0f5b7
07edf
0bc9b
03948
01615
0d657
0e816
09b7a
0981c
08556
015bc
0fb5e
03fb9
0cc10
0f9f5
0fbbb
01ac8
07857
0094a
054d6
0929e
04566
0702f
000fd
004f8
06dc6
072de
09af4
03dc7
0f5aa
03da6
0a3ea
0a03f
00958
06456
06363
01c0b
075a9
00500
06178
0bd04
089f8
0695e
035fb
07fa2
0e1cd
070a9
037fa
04d50
0bd00
00ec3
08a87
03776
0ff4d
0bade
0ecc8
074e0
046b8
05ad6
0442f
0f642
013f7
04958
07877
0cace
06bdc
03033
013f6
0d6cf
05b66
00ffd
08d88
0db94
0eb82
0d459
0649e
014a3
071f5
0208e
0c667
02282
083ce
0c92d
0f598
01400
0ef75
0c278
0d05c
08346
08b8d
08c54
020e6
03d70
0b3be
029e9
015a5
0362a
0afa4
08683
0553c
0e175
059bf
0a556
0ab21
0eb33
07505
0078b
03477
017ca
0fd18
04569
0acc7
09a54
059d0
072d1
00872
0432f
0529e
0f366
05c01
0f837
0bea2
05103
03ab1
0b00c
05608
0f96c
04b5c
07b96
02359
03dba
08866
07176
09309
022b5
0c5ae
0c475
077bc
0513f
0d5fd
0ec8c
0e0d5
0bb14
0e0db
04382
0ee24
0e1aa
0eeac
0381d
08cdb
0d095
00d9a
0b47f
0609c
09a37
0c9c3
0a9a8
0e177
092a7
01f31
0c310
076eb
084e5
0df90
0fabf
0300c
0daac
094a0
0cd14
0510b
0406c
02fcc
0feb8
0f5e8
062d5
0c778
009f4
0a6b9
07b9d
00109
020f5
02bb8
00694
00bf2
0105c
0f6da
0f118
07910
03bdc
0501d
0d136
0681e
0f404
08012
02432
0f826
01867
06a61
05de9
05f37
0a2ab
01cf4
02d4a
065d1
07636
04cd8
05261
0f311
08432
0950a
0bd01
087b9
0b335
09133
090ff
0f6e4
05213
0e32b
0fd13
05971
09490
090bc
0e03e
0eb5f
026d2
0e944
09fa5
00c26
0d0ea
0c8ab
0c664
0e611
0858e
04057
002f0
0c078
03dc0
06ff9
0f1dc
0dbaf
054a2
061d4
0e7c0
0c06d
02bb9
04306
0a261
0689a
00f37
0fc14
0fccc
00ee3
023d5
05a83
02745
05a34
02a37
0529d
0cfca
06f3c
0a1d3
0392a
0bb0d
0de60
0f4dd
02661
01134
05891
0c70d
057bc
05747
0a636
0344f
06649
0624d
0a243
0d6ad
042d5
09386
094ca
075aa
0f97c
05dd7
05e00
0821e
00e5e
032d8
055e7
0b5ad
043ea
01de2
01615
087df
07dbb
05f55
017d7
0239e
05033
03c43
04e95
09550
0f683
0cb6f
0d67b
0dcb1
0eed7
06996
00d50
062af
031ee
0fafa
056c7
08871
019b4
06e9e
0f37e
0b35c
02926
06d1d
0f945
0d4ec
08407
03983
09b2c
03413
0c2f7
0fd44
03307
094c5
0a715
022f6
04e85
00177
08b2b
0da64
0b357
07fdd
0ac05
02eaf
08655
01413
0bf15
0ce68
0947e
0b1a8
06d9f
0811d
01be8
032ce
01811
0ec70
0ba26
05964
0e7d4
0f29b
05445
04744
0adea
0f1f8
0a44a
01839
041ec
05972
0ac32
07f3a
03c3c
05021
05e8a
0f327
05665
0bee2
089c4
09225
0bb40
0a133
00615
07e9a
006d7
0e7e6
0a267
043d8
0a91b
080b2
0db1b
0f057
0e170
04c09
079b6
0c015
0e22a
0f84a
061ed
00599
0e33a
0a380
02936
0d071
06733
0024a
0cd23
0da38
05cae
0cf05
0f735
0990d
006aa
013b0
0eb00
06ad0
0eef9
045bf
056f3
03904
0ffc2
0c7c4
08c66
007b0
06f5c
0ccc8
02349
09248
0b630
09b7f
0806d
00cfe
05d57
028e0
0b960
0c3c0
0aa6e
009e5
0a658
08fc1
099fc
02452
08ae6
05bf4
040e9
072a5
0a7f1
0cd97
01161
0447c
04508
077dc
0b688
020c9
029fc
0f9a7
099a1
0cff0
060f6
0d4bf
07c3d
017a5
0b342
081a1
0c888
01108
0f2fb
0030e
08695
0752d
0acb0
035b6
0f94f
0bfc9
06207
02928
0e004
0522d
0d81c
02180
01115
08688
0a738
0cb49
066e7
0271e
0807c
0e4ca
0cb4c
0353d
05bed
0d7fa
0abe6
019ac
0f901
0b867
0ab86
0a3da
06397
0f20b
0f428
029a2
0da09
0d6a8
01617
0cf2f
0a8f9
027f6
035b3
0e409
09258
09b01
0f315
06366
05c83
02ac0
0f30d
0e7b9
0a558
09635
0a2d7
0ec39
09202
0f43a
0ec9e
00bf4
0cb2c
0144e
0af09
0adb7
061b2
09fc6
0bf1a
0d410
09131
07699
05550
0eecc
0baf7
09dc9
02a23
02451
0a4bc
0da00
0ba4e
04cf8
0f210
0e86b
01a3f
02b3c
0b045
0c400
052de
0c78c
0cd49
0299c
01d19
0bc22
04066
0e6b4
04c87
00d93
01715
0a6c6
0827a
0cbcc
079f0
03431
0d840
08e1f
0d170
01401
0cca8
0cdbc
09e3d
066e5
05241
07a3d
0f83e
0ab61
0a86b
06bd2
0673e
07322
07416
02d84
086df
07f7c
04f30
0b71e
0923d
0a63e
05444
05903
00416
0c9a1
0dbf9
0de9a
0a4cc
06a4f
08472
0ffff
0e59c
02ce2
011e6
00ae3
00afa
04da5
02a33
0000f
01418
00a07
06913
055ea
0d615
0cc62
0d196
02e19
0eed8
006b2
0cfe4
0837e
09deb
02395
0c870
0498b
0fd05
0f8f7
0d3f6
0b0fd
001cd
04ba1
0970a
052d8
0b57d
01ff6
02b8f
04eea
04427
03b9c
0b91d
06714
0bca2
067d0
0e9bb
0a7c7
05002
0f659
02564
0ed91
0ca4e
0c9eb
03b85
0c07e
0559d
093c7
045c8
0613f
06cda
00cbd
03803
018ce
0f2e5
016c0
03b2c
0e086
0ec03
0965d
09df4
0cae0
00a19
0712d
0978f
0c021
087d9
03bf2
0f988
0a599
004e1
0e95a
06787
030b9
04399
068ed
071fc
03b07
0a341
073d8
08ba0
0ff50
0c12f
0589c
034c3
0fae4
092cc
0249c
00f44
0714b
0e7b2
0b266
0358c
098a9
03680
0c271
08f75
0d113
0c4dd
05fbf
06113
0e863
062a6
042e6
0e3f8
0c947
01074
05197
09469
0d385
06e4f
0b83d
0bb95
0b62b
00899
022d4
04846
021fd
02971
0866c
0b22f
04224
0a4a5
061f4
0ac7b
0bb0c
07927
003dd
02aff
0c678
0bac6
08b0c
0f9dc
01dbd
0ac68
09476
0832b
0b8be
03351
08503
0a047
04bae
02400
00250
0460d
0133d
068df
0f3e1
000d7
0e771
0254a
07e68
0dbeb
00b5a
09379
04349
02225
0484a
032da
00326
0115a
09296
0d082
0f863
0f16c
0b514
049dd
02966
014b4
01ef5
0919e
0dcfc
0a09f
09962
059c0
0b1b0
0a98c
0dded
0c47d
048cd
05d99
054ae
01c3d
0a4fc
08855
09101
03073
0eb83
02d50
0090e
0b1c3
0c3f8
0fee9
06dfb
04981
06ed9
0d2ae
010df
0ee66
004b7
0c280
0809b
0fc25
0488f
07b0d
0ab38
06035
0aae5
02a4d
0ec9a
0ba8b
04709
01bd8
09bbb
0ede5
0f75c
00be1
01463
09cc2
06409
003bb
0e4b0
0c80e
0426f
0ec9e
07f50
05717
0b950
0af8b
06d32
050b3
0eb8b
09d2b
06e96
077ec
04fdd
0ca10
05294
04147
0acb2
01de4
0d9eb
06a9f
09bb0
06bfc
0e932
078a4
0461e
076ba
00174
02482
08527
0d259
08362
0d91b
0f72a
0ba18
00f4c
07f78
01cc5
0a748
0971c
02b90
0a177
054b5
01f96
06c97
0fd6f
035d2
01654
03de9
00a0a
08d70
08a72
06ec9
06f85
0125b
0ba25
01621
01b57
07b9a
08222
01501
0d158
00a1a
01c14
0f623
0cef0
0955d
0c8da
0bf40
0a79b
09b3a
04f9c
05355
0b3fd
05ec0
0edc4
0e133
0c7c1
0b40d
0ef64
0abcf
0bb80
0de94
09625
09f99
04878
059ce
0fd0f
0fcc5
0aebb
00bce
02c40
06b9d
04af8
0b818
042cf
0d0cd
0e1e8
09fd0
08f02
04675
05fc1
0589e
02e2b
0d946
0c550
01db4
0b5e9
05970
061bd
03462
08c99
0e670
026c4
09353
05cfe
00b23
071de
0a2e0
0e9bf
0ff5a
0e618
070d9
03d8b
05a87
081c4
019f8
0946d
07da2
0c439
06d21
0c002
04b08
07544
022cf
0fb12
0ad05
0b3d2
0687d
06fa9
0ef15
06673
09858
0f75b
0ef94
0dd0e
06f75
01ff2
0de6d
0a3fb
0b64a
04924
0e877
0dcb9
0b65e
0999c
0c6d9
022ba
0b0cb
0fa89
0702c
00e9b
07d5c
0fbb5
0a432
034ae
08963
09fb9
040f6
0661a
0d104
0ef57
0d1d1
03a9a
00acc
0eb83
0a061
00c13
0a239
0caaa
0283a
032c3
0b1bc
0b4c3
0ba45
03199
01634
0fcca
09918
03ec8
0cd86
0c323
03574
02c3b
0be94
00e16
020d6
0f9da
024d1
0e073
0408c
0e997
00403
0288b
05f49
0d44c
06d77
03bd7
0b655
0cfd9
0565d
08589
05f4a
01eda
0c7db
018dd
0bfa2
02368
0316b
0cebc
0f681
0d5bd
00560
0afc4
08805
07e58
0aada
04de9
0cf98
04031
02267
09840
0e51f
02ac8
000a0
04311
07e9b
058a2
0fe41
035f2
01078
0f29b
07e2a
04083
0ae20
0e740
0bb1c
047b9
03da8
05ca4
07aed
0124b
067d8
0993e
01f74
0a635
0d1c5
080a6
068a0
029cc
0e2be
0467d
02840
01d65
08f46
0ca4a
06b47
02223
0246c
0c5c6
0e8e7
00846
0221d
0fd68
06b21
0b31a
00a3c
0a390
09a10
09721
0b926
0610d
037ef
03694
071d7
030b3
04c18
0b7d0
095a8
0e2f0
001d2
0ffcf
062dc
08306
034e7
078d0
0b73b
00af0
0af1d
08e7d
00339
0e62f
0d2d3
08220
0f730
03819
0c4e8
04281
08a3f
0623c
0d16d
038a6
06100
02d21
09756
0aa84
077c2
0901a
00444
0efe1
0447b
00b8a
0e19b
0801a
0b186
08dd5
0a894
09a46
01bbc
05a83
043aa
052bf
0e310
0f788
0c1f9
002f7
0425e
0310c
01bd7
0d8dc
0de18
0f844
040c4
0abe7
05a8a
0e5bf
06246
09144
08245
08ac1
0b3a6
03eef
01394
0cfa8
0e14e
0fa42
09821
04998
02174
003fa
06270
0079e
0d4ee
06acd
08da9
0972b
06659
0fadb
034a7
009ed
0832c
0558b
0a9d2
0e383
0b114
08a05
05edf
07548
0eb9f
07a02
0acdb
06be7
08424
0e99a
04048
09f7c
0d6bb
0633e
054ec
05297
0aa3b
0713a
0ac5c
00d72
05e55
05d28
0e502
0e452
085ea
0ca84
003c0
0628a
075c9
08274
0fbfb
038ab
0707f
0f420
004de
0add2
0fcfb
0fb6d
0ab80
047e0
05347
05d66
02a3e
05200
0171c
0112d
09c5b
00640
04cf4
06df9
08ffd
04406
0182f
0601f
073c2
0f507
06bef
09a79
0bef1
06b9e
0b7c3
010d5
01bd1
04023
031a6
0a0b3
0d29f
07ad2
06583
0ce4b
0c152
0d4bc
08f44
060a0
0d06f
0ad7a
0c021
09bbf
0244d
0f592
0a465
03a7a
07090
09e81
09667
0a161
0a438
07ec9
052be
0c79d
0fef9
0fea1
06139
0fbb3
0a168
09f8b
04ff4
06b00
02d6f
0c9ac
037b2
0cb8d
0d66a
0ccd3
0758b
07cdb
0994c
05e9a
011c2
029d6
031de
0ada7
084e9
0398d
0c21c
0582f
09735
0edc3
0e9a0
002ea
0b664
084af
03a46
0242d
08574
0102e
0db74
0be13
08a60
0fcf3
0cb21
0b4ec
030f7
05ced
0d91f
0f707
08c09
008fd
0ea82
0b682
07387
0b265
033e5
0668e
07f1d
0857a
0bb3c
0d392
0541a
06ead
0712a
09a9c
0a681
0d80a
0a953
03799
0ab58
04e9b
04f4a
06d64
01afd
09942
0f950
0cd5e
0129b
0af2d
0da93
0e51a
0d10a
0ba62
0dd90
02ae1
055e6
08bdb
06fdd
075d5
098d9
08438
031fb
09fe0
0c387
0f8b5
0c4d7
068cd
04ca9
0be45
0547b
033ac
09290
0728c
0f266
06d28
0ad7c
051b1
0186b
0730a
02b07
02918
0c815
0d7f7
0e536
08721
086f6
0e562
0dfa8
0e69a
06618
04326
001a9
0ea3f
0206a
02c5e
031ba
0cecf
081aa
08085
03ab2
04941
0c9ab
0ff07
02a0a
0ef12
01d1e
03a51
0af87
074e1
0ecb2
08948
00aba
0b394
08b32
0278c
02111
09934
0a302
03e26
03e8b
0f64a
093ca
0565c
0c7ec
028e8
09f7d
04317
048a1
0e345
09edf
00e90
097e1
0b73b
029eb
055ed
05537
0a87b
06ff4
0eb9e
00f56
03b04
01952
078c7
0b0fa
0e7e1
08d5b
07293
02cb5
03bb0
012f6
00f25
09f6e
05bde
082ab
0cdd5
012b0
03db4
04d28
0b7b0
084e4
0ea46
05b7d
0ccfa
074b8
0334f
0ab7e
01aec
02480
00408
0dea0
0dff9
0e27c
01b06
0897f
04233
0b7d3
0e5dd
00972
06d04
0a4f7
08eb1
01796
0c653
08aae
04ca6
05147
071c6
0b845
08f4f
0f870
0cbfb
0284a
0d65c
090ae
0909e
026d7
059f8
02934
04c17
079c8
0903d
0c258
011e2
0b349
06892
0ffdf
015ae
0c8a3
04adc
0ed7d
04951
0739c
0ab0c
0474a
0c85f
08a6d
06b63
0c35a
02da6
038c5
07dd7
0f2ce
01d95
0a401
0f046
0348c
0dd6a
052ca
08f74
0feb7
0bf59
09acd
0fc5b
016e2
01afe
0dc7b
0828b
0d2df
03c58
088a9
0c02d
08f20
07d57
0b476
0cf52
01699
03ea8
0de87
0d86e
0ad58
0d3cb
0e8b6
0e101
0aa76
0762d
04636
09d23
0e6aa
0ac13
06e45
06b1e
01518
07433
0c80f
026d2
06ac6
04074
0c192
00b0e
07eec
0cb4d
03928
0be06
0e073
0921f
043d3
060e8
0c931
0663e
0e61a
00460
06feb
0e77b
028bb
0ef42
02543
0ddda
0a4d5
00aed
0e986
091de
0ce76
03b84
04b0d
01420
080af
0d3db
0acfa
09ade
0a734
0c174
0a291
0de42
0c798
07131
0c55c
06b65
0c80f
063da
03a09
06aee
04932
047f4
05a1b
06bee
01dc1
0917e
05dbc
03194
01d01
07639
0fbf2
05f39
00fb3
09abf
0e457
06e08
0ff2c
01786
02f5e
0594f
076a7
066da
0ab99
0e50b
06f79
0fd17
0f13a
0b1ad
00380
0295f
05b82
0427a
04273
04f3d
00c51
022c7
077ff
06b13
0e34c
0076a
09255
0a467
0f2d7
088c4
0039b
0a4c9
01945
0f1eb
097e9
02814
02962
073a2
04f92
044dc
06481
0d2ae
0d856
09fd1
07aa5
04ba9
0dd83
072d2
02cd3
07a27
0071c
009de
06fab
07fde
06539
07868
0de0f
0e977
065bf
0cf25
023eb
0992d
01ffb
09155
0ff75
0d3fe
02730
093bc
0bac7
0d759
02ca9
0a39d
03722
038f0
02647
005fb
0cbc5
093b0
04d60
05e68
05409
078cf
02082
0fb19
0af96
06bb2
04b5c
01574
020e5
013d9
0266c
003ad
0f628
0510d
07597
04bbc
04889
0fed4
09999
0e12f
07959
011b9
02e69
09e32
088f0
03f4b
00303
0682a
09d34
089f1
08030
04d8d
0adb7
07f0e
0f8b5
0954b
046fe
0888f
099a4
02f28
0fdea
0a9c0
0869e
0f37a
0ffb3
0162f
04f82
06e27
042dc
0612e
029c6
01c4e
021aa
0bf95
0e0db
02314
02ffb
0056d
09595
07ae4
0e3a7
05994
07acb
09edb
02e71
00e69
04e18
09a04
049e6
0b246
01795
0a4e0
0c7b3
0681d
03678
01caa
0c0ca
050b9
0d8fb
0963c
0902f
021e9
0efe5
0efa0
0dd24
0d47d
02cc0
0f024
0daf3
0e037
05fba
0d586
0402c
00a28
09a4f
0571c
0fc1d
0bbe2
02d1d
01db8
02fdd
09e00
02071
0180c
00ee0
04cd2
0b02c
05ba4
06c56
0183c
0c618
0b065
03180
03b4a
0f51e
0d3bf
05275
0a667
03cdc
0a3d4
04dd1
00d62
01588
09eb7
0d545
00c9b
0bab9
08c71
0d67b
00c51
0bf2d
0160e
099e4
0ab1f
02c9a
0f30f
0075b
084bd
04064
01971
090cd
0f56f
06bde
00b30
0e149
0e1e9
0a9b5
040f6
0c5e8
072de
05276
054af
08236
09753
03b37
07742
07621
06250
0a4a8
01be7
0599a
025d6
01e85
06e7d
0f5ec
0f405
007b7
00e62
048ae
07a37
06dd7
0a2a4
0475e
06588
0a949
00c05
0df8f
0590c
0efd8
09ed3
02a55
0bd72
0f25c
01b49
06742
055af
0c94b
01249
08719
03104
0c2d6
03328
09f8a
07312
0aef2
08f2d
0708e
09bdc
0397f
04d6e
09d62
0b122
0a178
0e7bc
0929c
0d768
09716
0771a
06447
0760e
01ce7
08b61
0083a
06f19
01693
0ad86
029a4
03c90
0b87c
0b31a
078ef
0afb6
001a4
0dc10
04038
04dd2
0b8aa
0111a
08d4e
02042
080c0
07afc
0e2ee
06443
079f6
06d6f
02269
05a32
068cc
0c316
0b4a8
0ac2a
0ce53
0ae99
01e5b
0500a
04606
004fe
0093c
0bf98
06146
0981e
0fdea
04e53
0e65a
0bd38
02171
06cb9
05e4a
08f5a
0cadb
0a68c
026eb
060b3
0bd4a
032e6
08290
0de99
03a02
055a0
016d3
03a8a
087dd
014cd
0e827
0739e
08c91
00954
002d6
0e640
0e3bf
026a3
0d7a2
01eac
03332
00ff6
070da
03835
0e1f0
07bb2
09e35
0dc5f
067e4
059a6
030cf
0bc75
0b803
0716f
07b6c
0eda9
0a413
06772
03416
0fd16
0a799
04336
0c052
03339
05eaf
0512f
082c0
00bc9
01817
010d9
044fa
0a025
06507
0fcef
0ab11
02ad1
074b8
0aff3
0139c
01719
05ebd
04a6f
0f226
088e4
0068b
0fb67
0be73
0f9fe
085ba
045d0
07534
0b15c
02981
01379
051f7
0de1d
09f20
05ccc
03899
09a68
0476a
0980a
02532
0c67a
0770d
08e8f
09227
0fb7f
0efcb
05fb2
0f847
0d507
065c0
04d2a
002ee
0b11f
0bcc6
02939
0bbd1
0ee3c
002da
08084
0b5c2
060a2
0764a
005af
09432
07030
08013
08b7e
03926
0b92c
04936
0c73f
0f0de
095df
0950d
070e4
07a64
0fc25
0699c
03908
086bc
005cb
0491a
00acc
07460
00a4c
019ef
03668
003cc
071b4
02e7e
023f5
03b79
0996d
00661
0fbaf
0b04c
0bf56
0efb7
0dfb7
05620
024ca
0d527
06e0f
08134
09c7f
0936c
077f3
01e63
0aacb
06d32
09a30
08582
0f520
0ac5d
0b585
00ac7
04baf
07559
04a7d
031e7
0c9cd
0290d
0774a
0ea12
02ba5
0a778
00ec4
0fb2d
07393
0497c
0f817
03e7c
09d7a
0c2fe
0724f
0b287
0afbb
096a3
048f5
09c65
0de9d
0d405
06dee
0e347
05abb
01aea
06b26
0556a
06618
07222
04f50
040ed
0f681
01f00
09fd6
085ee
07a66
047fd
0f42e
095c2
00e8c
051e8
0c26f
0b483
0af8a
0a5bf
05c71
0864d
0bbc0
019c2
054bc
078a4
07ee6
03dca
00eea
032e7
0b562
08f0d
00c38
0a6cc
02f92
0819d
078a6
05a05
0f28e
0736b
0f9e4
0887c
0179e
084b7
08f66
0fea5
02ea8
021c8
0675c
049da
097a6
0138d
0d018
04cb0
024b4
091ee
0d176
0309b
076f8
06ee7
0b3c2
08571
0e02b
060d6
07e97
0f1b5
01e1d
05669
0a4aa
0a4e7
0b1ba
0c80e
061c8
094e2
03d44
087c0
03aa9
0b4fd
0ed3c
0e8a8
038b4
01cef
0e672
080e0
04520
049bd
06083
0db88
0d402
0b8a5
045f3
0bb39
035cd
0849c
03671
0000d
05c6b
0e545
08e63
0a25b
0e7bd
08ce0
0bf0c
0d2ae
0b2ac
04ce1
0be2c
0091c
0f9c6
0dbde
06170
0742e
0f339
0760b
0d4b9
093b2
06703
0bf5e
07611
0fdac
03977
05c8c
03239
09582
0c9cc
07ce9
01b27
0ff83
01ebe
01db1
0a843
06989
00a9d
083bf
057ea
0c8fb
06f14
04c64
07abd
021ea
01971
05aaf
0cea3
0b7cb
0a3bc
0fe8c
0900d
0f441
08745
0951f
06671
0caa7
0c973
0fb22
074a8
0a6c7
04996
032e0
0ccd3
0083e
07e8b
09884
017a4
0557f
0e985
08f06
001ef
06c76
06835
08875
0c844
08f2b
0f36e
0648b
0ba49
0701e
0ac03
0c774
053e1
035dc
0a639
09505
04c92
0d560
0445e
0d3cd
0e8bc
02981
050e4
0d1a9
0f48b
01f7e
02dfc
06ac3
0dcbd
02170
02f3b
0d323
0c65c
0e0e8
07004
05f6c
048eb
03d9d
0ea49
0e54b
0b28a
08dcd
0224e
098d1
087da
0f91b
0f552
05b49
00c59
08f65
0aeea
0737e
0729c
0e285
0c64d
0e9a9
033d3
0ded1
04678
0eb9e
0cc2d
04cfd
08be4
07d47
0d19b
0199a
0cd43
0710a
013c2
013c5
0ee70
05887
06a64
06eaa
02707
0f2a1
0fb35
068bb
0badf
0d664
07127
05ec6
02604
03786
0e85c
034fd
0c4a0
048b0
0c424
0f465
0e025
07093
0a81e
03bfa
01882
0b4df
0ecad
06ca5
09907
099a6
0d2e7
0afb5
00105
012dc
0969c
0e58e
085a7
0e9ca
053cf
077da
0cc1f
032c7
0c6a3
0d2ba
04ef0
014c6
0e3c9
043f6
0c990
0c43d
076f3
0da8f
0fad7
0e7e7
0daf8
0761a
0c015
0c578
075e9
0be8a
04194
0f341
07a34
0ce59
005df
00974
0e7d8
0b8f5
0bc4e
005b9
0837f
004a2
08d28
03a7d
06439
0767e
01a0d
03208
021f6
0eb3b
0a27f
04c62
04319
00249
0f033
00627
0fe9b
0f77b
0cdd1
03f4b
0592d
0bf52
0d418
02322
0d413
0da50
0859e
0148c
05799
001e0
04320
00d61
04a1c
0577c
05bec
09a0f
0969f
0c69f
0ddc2
02ab2
0d393
0a6c8
02f5a
0f229
0b803
0dda4
0cbc5
0d187
05dc8
0ce8d
0b5b0
0fee8
01ade
098f0
06fd1
066f7
064ed
059e3
0653a
087b6
00cf3
03c9f
05fde
0ca6f
027c6
0e90d
0cf79
08279
0bb0e
0e544
0e388
097cd
055c0
0e373
06b5b
0a155
08613
01c4d
0e9fd
00d39
0a4d5
09995
0efdb
04f07
0189d
0444e
0ddde
08927
0c6dd
0a79e
04889
0d361
0eb2a
0809e
0f151
038b7
027cf
0dbdc
0d1cf
01648
0faf0
076f0
03a9f
0178f
00eb6
0288b
0e553
0f128
0f092
0cdae
0c425
017cc
01ad1
05b9a
051ff
00707
00cbe
07ffb
0dc34
09dac
042f0
06f31
05560
045e2
07f18
0aff4
0a39f
05c81
04832
00f28
09f20
033ee
05494
08514
0ac20
0cd86
05f33
0379b
04bb5
00bdf
056b5
0b8da
08401
00d7c
08150
03639
028d1
060de
0ce31
0aaa6
0859f
0b23f
0518c
0a89f
0a054
031f0
0e3a8
0c76a
0a395
0d4d9
070ca
0d7f8
09b3b
0a5ab
00d5f
05a7f
0d0b2
04b87
0f6d2
0bdd1
0fb6a
04e22
01e67
06218
032db
092d1
06499
00521
0cf88
033cb
0994a
07900
05acc
0bb7e
0947f
0e7d5
01403
00aec
0d43e
03a31
041d7
07231
0f1df
02496
01ea7
08405
09b4a
01e20
0fd69
0313c
03586
07277
0d82c
081ff
0d909
01ba1
0c51e
0ef1e
0a0d3
00d26
060f6
03374
048d3
0ebd4
0f7c7
01309
0ac35
061d7
0ffc7
0aa6f
026d6
0ae86
06cae
080df
05c6b
0e72e
01b8f
075b3
0ecd2
0fcbb
067f8
076cb
001a4
00fa1
0816d
02e48
0832b
0632c
05479
0d5ef
09ff5
09a02
03f10
00413
0872e
04440
06915
04838
0072f
0112e
0c602
0ba81
0c013
0591f
06144
07247
084e2
0f8c0
02249
07543
098c3
0559d
02fbf
02090
091c7
0e03c
090b9
0cb26
0effa
0a133
0f901
0705c
05683
0a226
02b4f
08028
037cf
0aaaf
0d6ea
023d4
0e9ac
06138
02c21
05ae4
08f45
073c7
04c9d
03b4a
0ea97
04ec4
08160
0f289
0cc09
03a71
0ecc6
08c39
018d6
074f4
0a7af
06899
0132a
01403
0aa12
0c463
08ab2
03f60
0e5dc
04fe5
0fa8f
06baf
08ac3
01c8e
0c832
0fb14
0a8d0
08682
03bde
07450
05d36
0c48c
0634a
002dc
034a2
0a3cd
01c10
0437e
04353
0677e
016f3
04da6
04a07
026ac
072f1
069eb
0ede6
00fa1
0818e
0a4d0
01542
06ee3
0d1be
0083a
0fe12
05427
098f2
06341
011db
0d200
0476e
0ea39
0601e
08c7d
0ab82
03f3a
046c4
0bd01
03bd1
0e21c
04ab2
0abfb
0aa93
0c46c
0ff9a
07be8
03d2a
0c242
01447
04f10
0f218
0d9ac
06475
09784
0e1de
0d6a1
0b921
0c8b7
030f0
0443f
01c57
0d103
0b27c
0a2c9
050dc
03ffc
035f8
0123b
0a982
06c91
0287d
0cba0
03847
0ab1a
0c3c2
0c801
0f1a2
0acc4
0e323
03588
06c01
0894e
02533
03a15
042c6
04b78
0225b
00464
08a40
0564c
06cc3
0a625
05ca1
081cb
0e6e4
0ccfc
0a399
0b723
0947b
0b5fe
0160e
0a5a6
0a56d
085bf
0abfb
01679
0c623
019c1
09ca2
07b09
0f33a
093c0
09bea
08f56
00090
0ca8c
013da
04ac8
0c6bd
011e4
0bb48
09d6d
018d1
0b0d5
043f7
035e8
00975
05fe9
00074
0fe7c
0ee0d
0ff5e
06353
01a27
02e4a
0a8d0
075ac
00a3c
05359
070d9
069df
067da
0c656
0ee0c
0e5cb
01f08
0b0fa
0483c
0fc82
045fe
0b4f3
077d8
09d7b
033c6
049d5
0e5d2
03539
072de
04971
0bf5d
070d2
07f46
047a1
0b708
08525
008e5
09b8f
0286f
0d849
05879
0f8f2
08cef
05acb
04636
031c2
041e3
03962
02d37
0a6f0
09a27
08b09
09ebd
0b377
007e0
04a9b
098ea
0d0b5
02578
0095e
0241e
0c71a
02fed
001ce
0fd50
0345f
07e5c
0f6cc
0f81d
0fabd
07683
00791
0ab72
030cf
09b68
0c99a
00554
0e4ca
0616e
0fca1
05808
01d31
09d85
01456
07c95
05b25
098c2
004a0
0914b
09b56
00a7f
03487
05100
02690
0e3d1
0af53
0d978
06914
09eea
06664
0ccc4
02381
08c3b
0ac9a
0bab3
010b5
02b69
05010
0081b
080a5
07a47
02a74
051a5
0de98
0d985
0db10
0ea19
0e094
0b0c2
0c44d
09640
0cc7b
06709
0c3fe
07bf1
0699f
04d28
011ce
09080
03070
0d019
0b597
06195
02bb8
000dc
0f1bb
01103
0226d
09bcf
0c2c4
039de
0f071
01d1a
053c3
0f3e7
074f4
04240
08877
0c7a5
0ec51
07661
02da5
09c12
0c6b7
08f74
050bc
0aaee
00ec0
059fc
079ba
04860
08794
06590
0d262
0dd1c
09c3d
0e546
0fb33
06d0a
04c0a
07f8d
0fbf1
0505f
082ec
05451
054d5
02c69
07e70
07605
046c7
09c8e
002b8
0c96f
024d2
0ce48
093c1
0cef3
00a49
0b714
0cad6
04c8e
0e546
0812c
0bde8
00dd1
0bb99
0d036
0b790
055f8
0c3c4
02abc
0dbe5
03085
0663e
08d94
071e4
02427
04ff2
0ad8d
01816
05eed
0a3dc
0c8aa
056a4
02aaf
0e288
08a52
0f35d
0df24
01855
09975
09818
01dd8
0983a
04b55
0885e
03794
093c6
04afd
0d53e
0a154
0c01b
04f58
0d845
02402
0ca4f
01c0f
08344
0cec9
09802
07e17
00da3
00ddc
0e09b
05206
09c74
0ed13
0c96b
0c620
0053b
0b6c0
06f90
024bf
06f80
0f619
06b67
0eca6
0915b
0f49a
0c0a3
0c279
072d2
0fc65
0f1df
0f688
05ef1
09c39
05a3c
0838c
05676
0f722
09fb0
024ed
05a32
0fbae
0d30e
03643
0446a
04a0b
0da73
03612
051a5
08f26
0ec52
0e586
092b9
02582
09f8e
01309
0d069
03e59
05ae2
0ea8c
0b1a8
0cdaa
02e36
00578
096ae
012d9
0d9cc
0f1c4
06010
04951
0a5b1
0c917
08841
024b8
00f76
0c1c1
051c6
08d43
0eb98
02601
0c63c
0b1e0
0c884
06372
0d6b6
0a244
0239d
05d5e
00d1d
0ac2d
08692
038c0
0b5ac
041ef
00d7b
0f78d
0d798
09948
0eddc
0f788
003f8
03a27
0d735
0c02a
046ea
00877
04d4a
07a92
062de
0c2b5
04042
0fbb0
00f84
0ccd0
0be0a
07cfc
024f1
06ab6
0f1c7
0a97f
0c634
04673
06740
0a7d0
096d8
073a3
0bb18
022bf
0534b
009cc
09f71
0b802
0d4c8
07028
0b542
0ba4f
046a1
0948a
01896
0add8
01405
01d45
08e1b
0a1cc
02ce1
00b39
0cc5e
0c332
0d09a
0067e
0bf2e
016aa
0a1a5
05011
085a6
06c1a
02ba2
0ac7b
07e09
0537e
04f7f
0bfd2
0fa6d
01cb6
0564d
038b2
036f1
0d2cb
0c7ed
0ce04
0162f
05248
05d27
02ffb
083bd
0c9a7
0b321
0de76
03061
0f6e6
03884
0bb4f
0842d
06046
0c491
02c66
0234c
0a1c1
07b8b
070da
071f3
0c175
0c6f9
09c78
091df
064b8
090c3
0eec2
0905f
07519
01ada
0772e
096c2
0488d
0dc45
0ee6c
08957
0aead
0ca9d
0de55
02109
037c5
0a87e
0b343
0cc43
0277c
0d170
001b7
0c40a
09d5f
01d75
0bd78
0e0a1
0fc9d
0db09
0d5c4
00e0f
026fb
0f127
050ad
0c300
0311d
0918b
0f130
0747d
008ba
0e7aa
095b0
00e95
04c82
0e9ac
0fefc
04487
0fe10
06795
0066a
03941
0dacc
09c0c
0ca60
0bef4
04e14
0361d
0f34f
09595
0be67
0c87a
0a0ed
08866
06402
0d8f1
09778
09b4d
073e2
00b8b
0c895
08c19
03673
09b79
0bf6a
0eeb9
0b516
0b1cc
0e8b2
064dd
02199
0af45
0d928
0e76b
0f009
04317
0292c
0b002
0d949
02af0
0604f
00aec
0400f
0740e
05280
0f64d
0ce2f
06e65
02e39
0c9e0
09170
0ffab
0698b
0e6d4
0c95a
0ed7a
0c44a
0bba3
0d12a
0974a
0ffc0
037ff
0290e
0f6f6
0b679
07437
0884c
013f2
0dd51
03726
0e1e3
0b03c
03a18
02c90
0f88b
0a1d3
0d69d
06fb1
090f8
08f05
01ded
0d32d
01987
04e02
03c5d
011d6
033dd
0c405
05d7d
0ddd9
0d4a4
0d6e1
0f5f8
0533a
0e8ed
07a51
06deb
059a6
05b00
0c231
06a7b
0fbf8
0661e
02158
0d37b
05940
09bf2
0630d
0d740
02481
040ad
017a1
016e0
0dc6e
0f209
0e5c1
050df
0d81d
0ead6
03dbe
0bdad
0d80f
02c2d
09a7b
0eff7
0079c
02553
050bb
06c3b
082d5
0b6aa
095d9
0283c
0c383
08d26
0c5f3
00df4
0f995
0370b
0b3cf
01597
00097
0dcf0
0c961
0b1cb
054eb
0a9cb
06681
019a3
01028
0854c
0a7d3
0bfbd
0f05a
0ccd6
0abd1
05d5c
04cd1
04d93
04082
01ac0
00970
0c50d
0b163
0f4e6
0e74f
09c90
03b0e
09803
08b55
04563
01cc7
02a7b
00148
06bf8
09209
049b0
000a7
0c1d3
0ef37
05890
022a6
0ffc8
00e0d
08fa8
0dbad
0d5e4
0f1f9
00e17
03de0
0fa56
0c68c
04887
03fae
02940
0de15
0f781
037a6
04b2e
0786d
014d9
087cb
0c776
0af99
073b1
0cb63
0bac6
00128
0312d
0d00f
0d48b
0b747
0341b
07305
0d806
0d0bf
053cf
0558c
04e65
013b9
0c097
0203c
00e1e
0475c
03371
079a8
00ab5
0ba1d
00c8a
0c30c
078f2
0853d
0f840
0636b
096dd
024c5
0883e
0cb05
0033a
04a78
08527
0e349
09a9e
007ef
0efd4
09ae0
06a4e
09f1a
09f91
091fb
039ce
0ef27
0bce9
0c0d4
0dbc5
0c561
02dbd
0cbff
05f24
02cd4
071ed
0572a
078be
05c74
0bf3b
00510
03aa4
0f770
0c4e6
02a0a
01468
0637d
044ec
03467
0c8bd
0ade9
00259
0eb48
04cd1
0c1c9
0f3b3
0115a
0a9fa
026c1
03a9e
072e1
06d8c
01fa6
0097c
08a8a
0aee8
02cce
0ca10
0f0b2
05f8d
02a37
07c74
00505
08ac9
04218
010f3
02cd1
0bb35
01f72
0b319
051f5
0f4cd
0745c
038dc
0280a
0e084
0c981
0b3c0
0d27f
0fb89
05f12
05f1c
08c99
03706
0502f
0c776
0abb2
00c1d
07f2b
09fde
03fed
01bf5
0311e
0b537
05f9f
051b8
05cd4
08778
05b37
08aee
08275
086fe
00e04
0ccc8
0dd3f
02be4
0b0f2
05a82
04183
044bf
01af8
0fb3b
0c518
08e0d
0c5f7
021b9
06051
05606
0b26b
0acc7
03cd6
096d9
07052
05a61
02613
03a8e
0f71d
05746
08f05
0b339
0c140
01f08
0b029
02775
05989
01c64
01396
0d3ec
03a4c
0e75d
00113
0fd25
038d2
06642
0ae26
072aa
09d25
0e27a
0647a
04c92
087c0
04f59
01e77
0b748
0edb5
01e4c
07251
0dc92
0ba46
0bf82
05fa4
0a1c1
0f4d3
00d2d
0fc28
05fac
0f57e
05073
000f0
08608
0dc65
024d7
02396
0e002
0496b
02bfd
074b0
0f5d2
01a36
05cb5
0dcbc
02485
0c40d
0fa73
02f48
0c5c0
0f338
05c9d
0febe
01b62
04d59
04a36
095be
02894
01362
054cd
0d5ec
052f4
031ee
00879
069b7
006ca
069ba
05f8f
00992
02c5e
09b90
073e6
03e84
079bd
082aa
0220a
0a8b7
07eee
02e47
02315
055c3
075a5
01b7f
0f6a9
07661
028ca
075f1
0ece0
0490b
0f199
05bf2
0e69e
0ec31
0254c
06bb6
014e9
09af4
0480a
076fe
0f024
0cc59
00b85
00385
00731
0f7e0
0eaf4
0da92
0903d
05086
0ebd0
0e9da
011a2
0eccf
0bc8b
04c61
0bf06
07de1
0219b
0605f
0a531
09de0
022de
0739a
03ebd
0ebcd
085b5
08022
0ab95
03e2e
0b79f
08168
08ff8
05744
07222
0690d
08538
082d2
01538
059b4
0befa
0b9a2
0a9a0
0208b
004c2
04df1
034f4
0e32f
03127
000b6
0e7ff
08c00
0a673
07c9d
0290f
0add9
0dde0
09328
0cb35
005b0
0e5aa
044fb
0ad6b
08074
0ffb3
0fde7
0ff31
0a943
078ec
03c95
0e65f
0dea7
0730c
0bcb5
06137
0423e
08cfd
0f172
028cd
03954
005ea
03c9b
0daaf
04d63
03a76
0f5ee
082ca
091e6
0d7c2
0672f
02e16
0d68a
02d7f
0b09e
02584
0c6d2
0932f
03ad0
009ac
0fcab
01825
08ab4
08e69
0aeb0
03b63
0c0e2
093c3
05c92
07a3c
00cc9
0c2c3
0d9fe
02162
00700
03aac
0f524
08b18
09636
053f1
0a3e3
052a4
08999
0d176
0ed96
03d1a
06f9e
01fe7
0c3f4
097c6
0f9a7
065c5
00c87
0f566
0b495
0629f
0ae2c
06856
052e2
08be5
06abe
0a8a9
0b8fe
03a16
078b0
061ac
073ee
0236b
0d123
0bed4
0896c
0648b
0444a
07d49
05de6
08d3d
0d4a1
07053
0b394
0b641
03f21
0d63c
0fe18
063e8
0fe5a
0f277
0f6bd
050d4
01b69
09db4
075c0
0fed3
03dd1
08bc5
0488f
0ee45
038e7
0c079
0d9d7
0a1f7
0d51f
0904f
0b5e2
0b800
06f98
0531c
0858a
00978
06806
0885d
0f950
0dd7c
0cd89
0997d
0bdef
08862
09cc8
0003a
0d5ec
0c93e
09983
04c8a
0ae1d
06efc
052b3
060ad
0cb34
076e4
002c9
00f68
0259a
03232
0fa8c
05986
03a0e
0612c
060d0
008bf
0542f
01253
00ef0
0b52e
0db29
0aed1
0e515
05429
067e8
0db8e
03f05
0d0e4
01868
02706
0dbf7
023c5
03750
07ce1
0dcc4
08a99
01e51
0d382
0aa4e
0106c
0b8f6
02690
09eef
017c3
097b4
0fcec
0f9c1
07b8d
0b557
01256
0789a
03dec
09a9e
0eb82
09628
020be
0c690
07289
05d76
0547c
0a021
0b591
0d013
07276
075d7
0d842
0d0b4
00281
05e16
07235
0abd4
04b2a
02f7c
0fee2
04485
03613
03c4f
05940
02388
07ee9
00e01
0a523
025fd
00a61
04f60
0e820
02bf8
00908
0b408
02cd3
087ce
0eb64
0d6dc
01a41
0aa68
0c104
047fb
07c85
06f11
01206
082db
0eada
0e691
0ced5
0ac6a
08826
0651b
085af
0c55f
08c31
0a653
04fa9
0a5fd
08473
0ce49
0695f
0f425
06a5f
07f20
07070
0050c
0156b
07209
00387
08b7a
0e9a1
032bc
0c325
0cf5f
04d9b
0789c
091a0
05a6a
0bb60
07eb1
017eb
03de3
04061
02da6
09385
0061d
001fe
0379b
02df6
045a9
0b01b
044b6
01a66
0f9e8
03447
0fd76
09587
03208
09b51
0c5d8
0b225
0d50b
0d5d0
0790a
0e6b2
016bf
0fcb8
0130e
0857c
078ad
0f31d
063e8
0e970
0bc18
02982
082ad
078d5
0bf5a
07a92
0a470
0b3fa
08686
0db24
054a9
04085
04e00
099de
0ea98
0cf20
0c625
01237
01cdf
0f952
09d1e
000be
02eb5
04eea
0c2de
0373a
073ef
0bf3e
03241
0bcd2
033d4
09856
03172
0bdde
09833
01d0a
01d8a
09f24
0cda0
0ab99
0de95
003fc
08002
0c5f4
0bce6
08aab
08b55
0a0b7
0c173
0ef03
0ecbd
0b89a
0bcb4
0db59
0220b
05225
07de8
0955d
008d8
0173e
029ef
0a7dc
0445a
05b84
00d76
09665
00cfb
02dd4
0b6f1
00d1e
0f727
0dc64
0547a
08a66
05761
00be6
0324c
04bab
037ec
0eb03
045fd
05ef4
01591
099e2
071e8
082f3
0591e
05ff6
00c84
0465d
0981f
02b54
0b80a
0ed2b
0e93f
0f303
06c08
093df
03884
07a99
0e44d
04c50
06a75
01436
0e9f6
073a8
0a179
0fc6d
032f9
06c83
0c7c7
0232b
0e3a7
0eec5
08213
0fea7
0b83b
06af0
0ba1c
0537c
0a451
0a337
07e63
0a302
0a5b1
0ae5f
03d66
0a13d
08a5e
035f3
09541
07f0c
0d78d
01baa
093ee
07ad5
0fc74
0411a
092e5
07877
0012a
0969d
0cf0b
010ae
0da35
086ba
03cd8
098c9
099ba
04ef4
0b9bf
01980
0c36e
0625b
07f17
0fe67
0a9f6
0f8b8
018f6
033aa
0a71d
0b601
00890
00082
0db26
06776
0adf4
0939a
0aa25
08b08
0b1c5
00374
0a428
05c9d
0c727
0b01e
07a55
0f71d
01782
0822b
0f2be
0d262
01f81
0b54c
0caf2
07888
0a02c
01bc0
0b5fc
0320e
0796f
08d8a
09dae
00f71
05d50
0ea62
0b98c
0b9bf
0860f
0fb12
01b14
03fbb
08d46
05ad5
0addb
00a87
07b07
06705
0db0a
07d41
0c2f9
07328
09929
0122d
04f26
0348a
03f17
00ec2
089a3
0b110
0989e
01516
0934f
0c725
00d78
0ca0b
0b80e
06008
09cdc
06d08
00a8b
0d891
0d255
0dfc1
0650a
09eab
03fa2
0d49c
0c07c
01b93
0bf61
0a57f
0fc67
0e635
0615e
01470
0859a
0b7b3
0ac40
0976f
06255
0d521
05f51
071ae
062c9
02947
06c58
025cb
04fa1
02618
017fd
03fac
03c2e
014d5
06f0d
0fa6a
0f14c
061e0
00d5c
01135
0e46c
0ffba
03029
0ce4e
0e7e0
0058f
0d526
0c569
0dc17
098c1
0665d
0647a
02d45
0ddf9
0a411
010a1
06d77
07347
021ce
05c1f
0fb13
047d1
09639
016d4
03756
089f4
01be2
0b849
09c19
06602
075de
08f0e
0c0d2
087c8
0f4f7
07d8d
09052
07f0c
0a214
06de9
0f96b
05b1a
0bc2b
0067f
02e44
0ac29
076df
0bcc8
09009
0d390
04e3a
00911
0120f
068b0
05d6f
07303
01212
05325
00596
0392a
04579
0c25e
0cc1b
01eff
03892
0fb7e
0754e
0b5ae
0a585
0ba78
0ba18
0b534
01940
0b0f4
030b8
02f17
0eed5
0c0f9
02ef1
09a0b
05185
0c5bb
0d6ae
046f0
09779
09c81
07406
0d2e4
0fd2b
0f477
00196
083ad
02df9
02c73
00820
0149e
01b51
05b7b
0c93b
08d12
034c9
067e2
0a4ab
0f400
0846e
0b7de
0cf25
08825
04781
0be67
04cd7
0fbba
0ad74
06df9
02e32
0e2e4
0fa07
023ee
0036b
0b9b9
07637
0e232
0598d
0b75b
0d1f6
0b029
0c511
072af
06aaf
0fe4a
06554
083c2
0620b
09d62
025fb
01efd
00ce9
00fdc
00c8a
05645
08062
05a9b
00b5b
024ff
043dd
0e603
0eca3
0c041
00e60
0c73a
0cbb5
04404
0bf19
0bdac
0f114
0f1d7
09779
098be
038ec
031bc
04237
09f0c
092f6
0596b
02fda
0f7d7
059d0
0f8fd
081ca
04c0f
027d3
0832d
01c24
09311
0f219
02c28
067b9
0dd76
0f5b2
038af
0df92
023e3
0d5c8
096d5
02693
04e35
0c485
07896
040f9
0e720
09df9
02c57
09cea
0b368
0b035
001a1
0ee63
07a7f
06c09
06433
01788
0f404
017c7
0718e
052b2
08c42
05701
0b876
04fcc
0fe10
01e76
09597
0e440
07671
08e2d
09cb8
09c95
0c79e
06b48
096ce
0c410
08593
0f63f
083d6
0ddf7
0ad2f
03e12
07fb1
0327b
02a88
00767
02403
0bea2
04114
054b0
025e5
02fc2
0b3c5
0b5f7
024ff
053f1
0640c
0d9ed
0d2d4
0c4b6
010f1
0589c
076e2
04bd9
0796e
0be2d
033c6
0249c
07e28
0a848
05481
05866
0a537
0876e
09284
0b923
0e630
009dd
06b06
028f1
0f075
0cde3
03497
01ca2
02c5a
06ddf
05112
08e6f
0f08c
01b92
0f639
06044
01d01
032a5
095c7
02850
08e07
05c6a
07217
0e0bc
0b758
0e05f
08d28
0afc8
08c3a
0bf89
03eb2
0e218
076ae
06337
00297
02265
0d01d
0ad69
08642
0e93e
0c8c1
0bcdc
0e5bd
02e44
0be3d
025a8
0d766
0c82f
0b4d0
0abe9
02f98
0e089
04a43
0c616
08048
04eef
02730
06ef0
0de4b
01b20
03a3a
0f5d8
02fa3
09ba7
0f7a8
051fe
058db
04043
0916b
0a949
0669f
03297
0cf96
0a27f
029a5
0c4d4
09068
094c8
0326c
007fc
0aab3
08942
0055d
00e48
0a67a
07311
006f0
08be2
051aa
009bb
0eeb1
0cbb6
036ca
01318
0ed13
0da16
0a885
028d6
073cb
0338f
035e9
0ffc8
00b48
0eb24
0272a
0aabf
0e533
08597
03da3
0d833
0f8d4
0227a
0d8e2
0a41f
0ddfd
0f1b9
01926
0dc3e
0dc5e
0fc09
0a8e3
03c8a
0d9d5
05b15
00bd6
06711
0bc3f
04aba
0bb58
0efab
0990b
01ee6
021c9
0aca1
093af
02ab1
0bc43
00947
0cc45
0ae0b
02dcb
0361c
02ea8
02934
0c2d3
0faf8
0fad7
0663f
08b2e
01c7a
0a409
03bc4
08138
0cebb
0d298
0e7d6
0bfbf
0ea82
03344
0c2e3
0a207
094b2
00c6f
047fc
0624f
0300e
066cf
0930f
05e63
0c51b
0648b
0c3e7
0b02c
0ec7d
030af
07092
0b4d6
0ed8e
00b37
01743
03670
0d848
095a5
0b1fe
021a6
04aad
05633
08ab4
01fc0
05929
0713e
0e3e7
060d1
016a6
067f0
03b07
0974a
0ee4a
0c8f0
01a48
08cc6
00156
0cad1
05e31
0d851
049d6
05229
04d1e
0b2f7
0b6c2
067f5
0e265
0da06
05617
03cd0
002d6
0b826
06608
05ccc
0e3c7
04242
0e0f9
04588
01492
0dd6f
0cb36
0ed0e
0bcb9
08c62
007a1
0ba46
0fedb
06d83
00878
07b23
0e9e3
0a5b5
07bc6
0f1fe
082c6
0bfbd
01f1b
06851
0020a
0cd24
04709
0854d
03efc
0e25f
01a6a
08e78
0d6e8
0f9ea
04c45
098dd
04570
0e452
02b2b
023ff
0dbaa
06ca8
0e76a
00eff
01249
089ee
0e513
04ad5
000c9
0554c
05666
06d59
0e2a9
0f9f6
00162
0e173
0f3c2
013fa
02360
0a1cb
0561d
099af
05884
088f3
09139
07f57
02cae
016bf
040ae
06f2b
0490d
03074
00b15
06dfa
0ced4
0f189
0872d
01208
01231
05e67
0ae6d
086eb
04b44
0fe6b
00c43
06e34
03739
03e70
01f0c
0796f
08e9f
0604b
00f05
0e9f2
03593
09a81
06f39
01574
0a93b
09d47
0b0c6
00cc1
04398
0fcf6
0b75c
0cb0d
0bccf
03191
0fc88
08f6e
09904
0d524
0e0f1
0843c
04fff
05769
06142
0578b
0cc14
08208
05485
0ab5d
00442
09b04
0d0ac
08eac
0ec6b
02feb
0f886
095dd
04702
0c610
0b940
098cc
01b5c
0d082
0def6
02b73
04cdd
08a2e
0b09e
00d0d
02ab4
023ef
0ddad
0135a
03377
0505e
08a7d
03ab9
035ce
033d4
0d1a2
01b05
0e9a0
0cb61
05b71
033d3
00bc3
0ccb3
05373
0d141
05cbf
02f49
0c0d8
08ae0
0f01d
05c78
00980
0501d
01824
0c265
063cc
0238c
09fbf
022b1
011cd
042f6
08ffe
08383
06dc0
05d30
0b6ef
0981d
00229
0b025
0df02
0c7f8
0921e
04bcf
0c9a2
03f2f
0fbad
05884
08ddd
0ea77
04667
0fbf1
06ad5
022f6
0fb4b
012fc
0de44
0185c
09e0d
088d0
0c752
048c3
008df
06bea
0e2c5
09034
09377
0b52b
0f378
02587
02700
0df68
0f429
06661
0902a
04bdc
025e7
0822c
04a07
02eda
032d2
08e8e
00caa
0ed56
027bd
07642
0df9e
0c2c5
09ff3
04385
0051e
0fd3e
01d57
06221
07180
0957e
0588c
0ecb1
03aa3
070be
087ad
04934
09864
0fa9b
01d0f
0d509
0983a
04474
041a3
04171
0a10e
0e3e3
031cc
0d7a2
094e1
01960
00e7a
08f72
0b858
05379
086f7
03c01
0883d
071b6
08fca
0ba3c
0db9c
09d90
0d105
0ca06
06fb8
0f651
028b4
01584
02e14
04767
016dd
0c575
06a29
07b65
0b52e
0fcf8
0b6a0
0f459
08bde
0ef66
0a182
0cf3c
0ebd1
0b644
0d64f
08f85
0c1e3
0d81a
0fdf8
0c117
0cb24
0e1e0
082da
02f80
07081
09afd
034d5
0c937
08e81
00631
06ccd
05502
09a7f
0489b
052a3
038a1
0d8b1
082ff
0b4cf
06632
04587
09140
092e4
04433
03d6f
09cc1
0cc57
030ae
006c1
0085b
0916f
0621f
0a17a
015f7
01b05
0ab30
03352
06240
0d84d
0bb40
026ae
095ed
0ccf7
01d58
0a536
02bd4
0742c
0f669
0d352
0b4f4
068b4
0ea20
010fb
0129e
0a440
0eaeb
06eea
082d5
02eb6
008b7
01950
0fef1
0b741
0125f
0a9ef
01e2a
06c5f
0a59a
08b76
0beac
0397a
06b41
0dc0f
08cec
01321
04067
098bf
059bb
04c6d
01650
0aa4b
0a483
00152
061e5
03302
04a31
0318e
0b841
0ac7e
0b6ac
0bc9b
05880
08936
023e5
0e0fc
038f0
0dde3
0c868
0ad17
0a532
06ef5
0c216
01796
03c75
02c2a
037e5
0f0d7
00025
068c4
04279
016a5
07f6b
04d63
0b5d4
066f5
06648
0cb38
02440
092ea
088f7
03e03
0f082
04fe7
02425
0d63b
0ad05
02582
09f83
03dc6
0205b
032f2
096a8
0d11c
0ff4e
05b00
0c23f
03b23
03c86
0fcbc
07816
0f4d8
0076a
05894
03e85
0bff1
06aff
083cd
0b33f
01549
06880
0b99c
0a6ca
0cb67
0ec38
07282
02d0f
065cd
036ea
04dbb
03c05
067e3
02625
05e8b
09ee0
0654f
082a2
0c32b
0c257
0c6c5
0419b
038f6
06714
0c118
05b4e
02812
0ab52
07438
08d4d
08407
00768
0c49e
00121
0275c
09537
0d693
039c7
04322
004ca
0afb9
08cea
09011
083fc
0e74b
0be9a
07092
06672
0d9f0
01f91
00e41
0f585
097ab
037d1
06776
060b1
0bd2b
0789c
06c17
07d37
0db75
08cf6
02042
0e2de
0b345
038dc
00f0c
001a5
0e58f
0b31d
0c5e6
0bc2b
048ae
0ac15
0a7e4
08596
07a3e
0da01
0c05c
02d2b
04823
065bf
0ae44
0f914
00117
0ad17
00252
0f565
06955
01575
01fa9
0f664
0412e
08010
0a0a5
0c5d1
07f24
0c604
0da27
0cec2
0e24b
06336
03215
06d6b
0cf0c
05b67
0cb05
07e7c
06894
0eaf3
0ab05
09d90
0fa90
00bd4
03c62
028ad
05cf8
02ac1
0931e
064ca
0b798
061b1
07465
084e6
05286
0e3ce
05722
04c56
03da5
0b3d2
0d556
0bc64
0c38d
00708
09676
01b86
059ef
0ede7
0902d
09c2c
0ebac
0edf8
0098b
0c4ea
08fa8
02846
06949
07abf
0aca7
0ffc6
05122
04f7e
08949
09164
042e9
076ad
0a674
016bd
0cfd7
09fe2
06e38
07edd
07221
0c75c
00d92
0c8b7
04a39
0d834
06485
04b94
075d1
03823
0464e
09762
0f0c5
0f105
08ea6
0b5b2
0834a
0b844
0d6d9
0079b
0625b
03e5b
0d2a1
0c565
0b89f
05dae
0f31b
09f03
03a59
05a69
0d311
096f5
0a4f0
091b9
04289
0ebd4
0fdae
03ff7
0b1fb
0294c
03e48
086ce
038a7
07461
0cc6c
09851
09ed4
0e40e
0f102
05252
03163
03d1d
09114
09ef9
01634
03b85
082f5
0e4f5
000fc
05a8b
065ec
02d12
0c107
03874
0f18d
0494d
0b4ac
0445f
08450
08655
0575a
0e264
03c08
00eea
0877d
0b8e0
0a6e5
02edb
059fc
0bec1
03b55
05286
037e8
0f46d
09c92
09ddb
0e31b
0bf9a
0d8f1
07554
0c877
0af0c
03f8e
06f75
0f047
00c15
09b2a
0eadc
0159e
053fc
062bc
0e803
03f0a
0537f
0b9bd
00b95
0c0ea
05ed3
038d0
0464c
003c8
07020
0bc7b
03d59
07b00
0e398
0a97f
02a7a
0dd77
05d32
08725
0bfa7
04cb7
0877e
01006
0bb67
0b96f
0ee8a
058f6
07747
0b9fd
02075
0a0f4
0b756
05028
056c8
04fcc
0e0b4
0f717
0110a
05d34
0bade
09123
0b5d4
0a3ab
0a0f1
091dc
045a8
050c4
01379
0a48e
096bf
0e783
05b07
038a5
05f23
0cde4
0e557
07a04
07f37
0bb6c
078ad
0e972
00ea4
0db5e
06e56
04ad0
06985
01a31
001ce
02607
0e180
02bc8
0b52b
0b64d
0f438
0dc3f
060ba
043e0
0bf96
03d22
0c935
0d3f6
040a5
02421
0b224
0d8a7
0f20c
08a36
0c0bc
06908
0fe5f
090b9
0fb96
01a10
07939
00859
06cd9
0d3e0
0c94d
07c97
0dadc
01b99
04144
0c59f
0e8f4
03bae
0e9aa
0aac9
08404
00a2b
0aad7
073e8
0222d
0d028
0a9fb
0a6ca
05d6f
05f6e
0f02a
0c7d1
03f0d
0e469
05053
0ec9d
08b99
0d5a9
01dab
00559
07de7
09696
02e04
00007
0bf53
0585c
0e6e5
00e5c
078a1
0befc
02d6f
0f41d
02c3e
089d9
0e3ca
08418
0ad69
007ba
00a64
0f417
01976
0dabf
088e2
0840a
019c8
0f20b
024c1
058e6
0a405
0751e
09365
0d606
03677
031a5
0a653
0a83f
0ab34
05d61
0853b
00f69
04662
0e0e7
05e77
01b8f
03a22
0b94b
020af
03aa2
0754c
00f66
074ed
0b395
06192
038f5
0262d
0de02
0a585
03f2c
0b469
0413c
04b34
06903
0869a
0a7a3
01c0b
0d862
00eed
0f5e1
02661
06f07
0f9fa
0c44f
0c42a
0ef60
00632
01f81
0c4a1
0051a
0db21
01b22
0afdc
01eac
0d6ec
0945c
00e53
0b5a8
030e4
02d1c
0754e
05b22
08d0d
00b43
031cb
0967c
08f97
014d7
0e89e
00a62
08bfd
0677f
06238
0a47e
07343
033d7
0e8b6
0615b
04af9
094e0
0ddd2
037e0
0b3aa
0b773
05007
04f67
094a2
02916
02229
07f0e
08561
02868
0964a
0353d
046d3
0d461
04438
0c4f3
0bd65
07033
0a7e8
05957
0f185
07acf
068c8
0d1e8
0a5d0
0d0d6
00dc5
0d18b
08968
0a66c
0cfb2
08c33
0e0ce
01a70
06e31
02947
0bfe6
0fbb9
0db9f
0a92a
0351e
05c60
07cfd
0817b
08377
0828f
06f71
00288
0ed00
09e2d
0a862
0e8bd
08643
0803a
01fb8
05657
077bc
01de0
0f5eb
0f2d6
03aa2
09e81
0c5b8
0a8e3
01030
04c8f
0d805
006b4
0266e
0270b
07ff6
0e39f
0d132
02279
0102a
02539
031d1
07025
0f20f
01c2c
0399e
038bc
01680
091dc
0eb07
001ac
0890e
08de7
0818b
082b2
0a1c0
075ea
044ae
0b2bf
0cfd7
0f099
0448b
02dc4
020eb
0a9e3
026d7
02c4a
003e0
08b89
0b97a
04382
0cdd4
0b50b
043f8
02447
0d02d
0aed0
0b6a1
02d50
0999f
0de06
05862
0059b
00014
00385
0f165
0d7bb
098c4
036af
09dd9
07adc
0ea6b
0e3fe
054c4
051f8
05b85
0bcc7
0a6e0
0dbf6
0613b
02807
08ed1
0769a
0b5c4
0931e
024c9
016fd
0fc08
066d1
04947
0ed47
0d516
024ef
014e0
07943
0e524
0f178
0e711
07e7f
02d43
031df
004c9
0570a
0a357
062ea
0e8c0
0a305
07046
06ab6
0a90f
0a09b
03a87
0b1a3
022d4
0975f
08c54
01422
00a3d
0fd60
08794
0dcf8
0f22a
044c9
07462
0ea8c
029b5
0354c
049f5
03148
0180c
0e0e3
0c16c
01072
0a5f8
0ba1a
0a2e1
0ed22
01714
080e5
049c7
0bcb2
07255
0e040
0efdd
0d005
0d01d
0f4ff
07fc8
0430f
0bf19
08add
0c8e0
0c3a1
00f69
0f8c1
003e1
05a1e
0f068
06dee
0fdaf
0410e
06b28
00e91
0b8b6
0e955
03bc9
04fcb
03b53
0ce5c
0df29
05c19
0c4d5
0c5ab
05cd5
0f485
0752c
087bc
05695
01e12
087f5
0571b
0cb45
0a631
0951c
094c8
0c9cb
00187
0ce72
0a9e3
07a7a
04a86
02400
0277d
07579
06092
01028
08e4b
0983d
040c1
0309d
0f4ec
0a692
06ba1
0996b
0b150
0d525
080e6
0b33a
0073d
09101
09fd7
0d452
05633
08433
00cb1
09e53
09516
0316d
0cf38
06e73
02ef7
0d97e
0c5ee
0935f
030c0
0f94c
01c25
01b35
01ff3
07106
07019
0e19a
00820
083b7
0e1a0
08811
04002
03bc8
043ef
01406
0d9f3
0ca10
00aff
0bff3
00d63
0a6e4
0d66a
0034b
04377
0318f
0feec
01ab0
005f9
0e0bc
0480d
08d0f
04cfc
01fc1
0f46a
0a8b4
0784f
00920
0e3ac
0ec82
04ab1
04d94
0c22a
0d8ef
0c876
0e3d6
0738e
08ec9
0a155
0df64
01fc4
02dbc
0a644
01254
016f0
0be41
0a52d
08ac4
02283
09519
0c71b
0b346
02292
0df93
0fe20
05649
03891
04934
0e1dd
0215c
0a3e8
04895
0cfc2
02f7b
0f75b
03ec3
0d680
0f0cf
01ec8
0dc51
07b09
0f2fa
047d7
00ddf
022a9
0dfc2
082b3
0a141
084ec
0ecda
0280d
07e2e
07002
044a5
0a6fc
02ee6
0d0eb
06ae6
081df
02e1c
074cb
00948
0122d
09b7e
07bc9
0c492
04986
0be76
0c82b
03aeb
0aa8c
07dd3
07aa8
003ea
0afec
0291a
0ffd0
0c280
054a0
09073
001b1
08fbe
0db67
0c183
02f48
00e31
0208b
011e1
0de98
02152
0b1f3
022d8
0c061
02ee1
067c8
04c0a
0dcab
0a601
062cd
0db10
0c512
039c1
0990e
0b697
008df
02759
024b8
0f58b
0b9e6
01d24
07453
0ed82
09a04
067d5
0c502
0264c
05a85
0adc0
02196
091df
05505
0c63e
031ec
028b9
042c8
09f82
02072
0a7de
051e2
0222e
04fa5
02954
07af2
06cb6
0e8c9
069e4
008cc
01719
0c5ca
013ed
07845
051c6
0e345
0b7a4
0ec11
07451
0efa2
0ec59
0bc28
0df0f
097f4
034aa
00b13
09db5
0bd68
0469a
0101d
0f520
040b6
0accd
08b82
0032f
062d5
0fd95
0c540
0863d
0990a
028c3
062fb
07928
00bf0
08247
0a380
0b8d7
04fc3
04530
0bfbb
0a5c0
094a9
082e1
04023
05690
0aea7
02466
084bd
02ea9
07858
0c8b9
067c1
04bb9
0b3c6
0a16e
0dcc3
03793
0786b
06c12
0612a
06d57
00586
0b211
0dae9
032f6
0745d
0373d
027e2
03f68
07cfe
0fc3c
04784
069cc
0d742
0f051
01bb5
05c5e
03fd9
06c2f
0bda9
05a12
04dbd
0271e
03c00
02737
0352a
00f57
06e9c
01900
0f6d1
06d30
07019
069c8
017ea
0205e
06061
02a37
0d874
00ac1
052cd
00927
04e76
0d064
03c88
03d08
0882c
078f1
06869
0a2b6
0d7e3
05bc4
07f0c
0bd0f
00448
0b984
0e760
0f8d2
0df0b
01288
0ea20
0d0d2
0fd68
01a5b
05b55
08f17
09142
0d663
085c4
08bf8
05127
06636
0b052
0c35f
08b28
08bf3
00e77
05f1c
0f18f
00efd
04a5c
014b0
0f819
0beca
082e4
04a30
04e4f
086f8
012ee
02e68
09a33
0ed61
0c613
06a0e
0cda6
06165
0372c
0abf6
0c885
0b6d3
0c018
0d549
0369e
08bda
01bae
07e31
08ad7
08119
0ae46
08def
0a612
07bbc
0d7bf
0e8cb
06066
0583f
0d54b
0614f
06f88
0856a
0b06d
0e3cf
01dcd
02406
024b3
0f2a9
0b7fe
0c16f
0d0e3
02c7b
0952f
09c9f
0d90b
0c729
0bf0e
08947
01e07
0b364
0f0f1
03eeb
01928
0f77f
01625
0c4ae
03b93
0311b
0837f
00742
05a0f
05560
06d9a
0adc5
0d5e9
005e3
0c107
0b396
0ab62
0b42d
058e5
05b02
0b975
00bb8
09a0f
093d0
06dcf
0deac
00983
08aeb
09350
0ca30
021f4
037fc
0fdd2
09185
0a570
0e117
0a1e7
0e1e3
0ce28
0428d
0dd52
06d5d
0de04
00615
01296
0f3ee
077d3
01834
07106
0d913
0b5da
011f0
0ee28
0efd1
08cc8
0d8f9
0e00b
08067
06e19
063ed
0984a
00352
0e9b9
01b7c
0a414
0ad09
0acaa
00f37
0386c
06624
069c7
063ae
094fb
07466
02daf
0f09a
044a6
0f941
093d3
0d840
072b9
03175
0b65d
07801
083c0
00a5d
04a60
0c84e
03f99
018e0
03ea4
0a9d2
0a3c5
04de9
0c321
06a47
056a4
06a83
02ae0
0178b
0e3ce
0ac40
0f07a
0f28e
09009
0d66c
04835
01060
0be59
094ac
044d6
0097a
02ce7
02e3a
0d6ca
0c8fd
05891
0f097
05454
0cc6f
07426
09b58
017a8
028be
02f09
090cc
0e077
0e130
08323
03755
0262e
040af
0ed24
028be
0b62e
034dc
0631a
03851
08a8e
056cd
047c8
0ef0b
0d474
07016
08a49
06b7b
086ba
0dd44
0774d
0be04
0e4b5
03577
0cdc5
064d5
0a27a
08f66
0f1ed
07637
0eeeb
09234
0aa6f
0ebf4
038da
09f59
0e4f1
05ebf
0e587
0873b
0e91e
06778
03f73
00d3d
0e267
025f1
0418f
07edb
0615c
0d910
0e2ee
034cd
04a3f
03705
0a9c1
0b58c
08a6b
051c1
07058
0e0bc
07d88
0e74f
0e777
00a5e
08acd
034bb
0803f
0ac25
0d3cc
02ae6
06ee2
0ca23
08a3f
063aa
04d3b
07cb2
0bc5a
010be
0cc06
07c10
04154
0ea51
0e74c
0a42d
0adb7
08523
0926e
01330
007f8
090c3
04cc6
022bb
001ee
0f8fb
0aae7
0eb10
0d097
00256
0235e
0cfdd
0d5e1
0c7e2
0e26c
068c5
05fe4
0fca0
063ad
0c6f8
01068
0fce1
01544
0f94a
05daa
00862
0ffef
07813
07c93
02402
006be
0375c
060e3
0cec0
042b7
08f9a
002cb
061c0
029d9
0ab29
04cbf
0c1c9
08581
0ca5f
0f6ae
09262
08126
0a491
0d284
062f4
05b28
04a02
0a86a
00b80
0bb1e
09c3a
0c38f
0ee9f
0936d
005e4
0bfa8
0a997
0862d
0f553
092dc
05ca9
003c7
00e90
04155
04c65
072ec
09b88
07117
0e7d0
0302a
097a4
059e4
0918c
06292
01eca
03ed8
07de8
0ec2b
05b32
08b8b
05056
097b0
0104d
0ce5a
0d6aa
0a20e
0fbbf
0721e
0ac5a
077a7
0ee4a
0a132
037dc
05a02
04d52
00619
0f834
04637
02bf7
0a2a4
0186a
0a8f0
0c4b8
002d0
05ac9
05e27
04cde
089c4
0fdf5
01228
0763a
05667
02b0c
0793f
061aa
0ed8b
008a1
01e7f
0c6d4
09e19
00542
0d167
08e36
04bfd
0762b
0b961
0a73a
0bb81
01420
0e0ac
060b1
059bb
003c5
0136c
0444b
04181
0997f
088e4
03e08
0709b
0143b
0c459
033b8
00013
0bdf3
0a2b0
0f8c5
01c06
08f0d
03e0d
06075
0d0aa
08260
000ee
0c3a3
08c5b
0327a
0bfcf
037db
03f6c
045e2
05d02
0571d
09330
039b2
072dd
05483
0bed3
01f9b
027e4
00d0f
04119
07d4a
05b97
063af
050ef
03dfd
06f40
04580
0a11f
03da2
090f5
05f8c
0fd64
07787
0a246
0128b
05818
04666
03322
0899e
02b6d
0c8fe
02faa
01ad5
02b35
0adcd
07284
048ad
02f04
00008
0a841
0f576
09827
05bb2
02d77
0962b
07e5e
0a5b8
03dbf
09bfd
03e8c
0efc8
02c62
0f895
0d029
07bad
00b08
03653
03480
0374f
0b211
08d7e
06b02
03a5a
0deb9
0e449
01a8b
0281e
095b2
03828
000a1
09a71
0463b
00e04
0d017
08654
0b224
0c2c8
04a91
00f33
00d1f
06078
05a55
0fd54
06184
0dde6
0bc75
04a48
068be
0e945
042f9
0bf1a
040a6
01a4d
0a17c
0c1e9
0b398
0d2f4
0edbb
0306d
0d9ed
0e3ac
024ba
048e1
0ed86
09f15
08ac7
009b1
0319f
074e1
00b20
0b241
0e6ad
042de
0a471
0677f
07f03
05485
09e76
0e8c2
01646
0ea95
06530
0085e
0cac5
0d9c4
0f1fa
0dfb4
03b4e
05da9
01f19
045df
0482e
0b073
093ec
01717
08944
00729
04875
0ce85
02f45
0db6d
0c7c4
082e8
0a3ae
01f18
03357
0a376
0dd14
0428f
054f9
0af56
08617
03ae4
00926
0d0a0
006bb
094b1
0aa26
05f25
0e0b3
02145
090ff
0f291
01239
0aed9
0de78
09a2b
0ec0d
03132
0f7ac
04a89
03f69
0572b
0cce8
030c1
0a092
07cd6
07215
08a8e
0b7fb
0735d
06244
09873
06ab1
00ab5
046d1
0d5c2
0e84c
064fa
06b31
03c5a
019cc
05a44
01993
0ae83
04e35
01629
0b9f8
0ccd9
0847e
0ad11
004fe
060d3
08435
082ca
01a85
0ae6f
0b760
0dfcd
0b681
0baac
0286f
0f10e
0839d
07cc5
0b0fc
011c8
0808f
097e3
09a01
047bc
008f4
0be7a
08f5e
0a3ee
0bb03
08a6e
02c79
05d7a
06be8
0250c
0321f
0e7cb
091dd
0967c
08a2e
04343
05e13
07922
04803
0ab8c
0eb08
09781
04f81
0e069
0d217
07068
001cc
08e76
0a43c
0aea2
00be6
09bbd
0e208
0c279
091f3
02261
0de58
064fc
05642
02082
006db
0ac3f
05255
0b20a
0345f
0540b
0359b
03d8e
0908e
0c325
05187
07d40
035e8
02ac3
0de3d
0c083
0bd06
0bcd8
0c7c7
0720d
0da1a
071f6
0003c
018c2
0973f
062ff
067af
0a3b5
014c1
0285d
0b262
0caf9
09734
00680
0eaba
0baf5
0a8b6
0ce80
09249
02efb
0877e
0c7a0
0e2d5
06bda
0ae2f
04a84
063ed
0c425
04c1d
0bcb2
0f2fa
0ea18
0862b
033f2
0c93b
03ebf
0d8c1
0ba58
0d514
0c95c
0a182
0ed13
0cdd2
09eb0
006fb
0cb7f
06cdd
07cbb
0c403
0b712
0ae3d
0c8b8
03aa7
0e52d
03b49
02b20
01c81
0d848
0d14c
0eb4e
0c7c0
07371
05e0a
08fb7
0d037
04f02
07404
09f55
09117
066d6
0d89f
05823
0a190
02ac0
0b077
0d4c4
05f0b
06993
0fe47
091a1
0e351
0e509
09453
0236e
0ffde
06e7e
0725f
07e9d
0d454
01c91
03b46
01b3f
0f086
0d999
0f4aa
0c425
0171a
0bc42
06def
090c5
0ab69
012b5
068e9
0a80d
0331b
0db3d
0b99f
09e62
01c5a
0c918
037db
09f9d
0c39f
09a60
0fcee
0c0b7
0032f
0bdec
0e753
0c850
09c9c
0dbb2
00d21
0684d
0c06d
067c8
05680
090f3
042b3
0dcb1
0cf3a
05b70
0498b
0ffa7
0326d
04890
02ca3
0e9de
0728a
0d1f8
0c649
0ac5a
0ded8
0d669
0ea02
0769c
01c9b
0c177
016ab
0fa27
05149
0fee7
0fd58
05380
063fa
0d3b8
0bf36
0e47f
0d303
0267d
08487
0eb48
0dd6e
0d28e
0b48c
0f06d
03c85
0d556
082a2
00e58
05016
050ca
0ca37
03854
0411d
0643c
082c3
082a6
0adbf
0e5ac
0593d
08888
0866e
02cb8
0e92a
0dc68
08ab1
05e23
0d86a
03156
09a3d
0256c
00d34
0ae2e
0f4e6
0245a
07d0f
06843
008a9
0fb72
0066d
07132
07a5e
03b53
0b391
0c999
0d5e0
0f773
004d8
0ae2c
062f4
07f34
0149f
0a808
02c5e
06604
0c55c
01d71
0cb6d
0ce21
05d92
09d7b
0ba67
0d558
02c44
02085
015f8
0637b
006e3
0e1bc
0b78a
0c512
06d02
00e78
08462
01c27
097d4
0892e
03201
0c701
02614
0cac2
0cfc0
03205
06704
001d4
0cb74
066e4
0a7df
09175
0b2ea
0633c
0d6b6
02d21
00697
094dc
00a2b
0031e
0a103
0f4fa
0862b
0f837
0b86e
08194
01b62
056a9
099a7
07cd6
0eb6b
0221f
06e56
048d9
0eaba
075ba
0ad39
09003
086ba
08997
0ac5d
00bea
0af10
0e014
0678c
01fd6
03fe7
0a50f
043b3
0caa7
0265e
08df3
0b483
0e3f2
05743
09712
0bc4b
0cdbf
0d965
074e5
0de7e
06db3
01810
0b7a9
03894
046cb
02ae7
0d28a
0640b
0e02f
0def2
07508
02db3
0ebd9
07c15
064c1
065b6
0b442
0cabf
07ff1
0c9f8
0aab6
0e511
0144c
01eb2
03a9e
0a893
01159
07c1e
08a7a
06894
03d2b
0db58
04e9f
05aba
066fe
0a4b9
0cf6b
05e4d
03f5e
07a2c
08615
06382
07a85
0bd40
0e4c6
02d47
05896
0087d
0a538
0f98d
09ec4
041ee
02341
0703b
0d981
00155
0c281
05fb8
0e6d3
04427
0e5e9
01103
048b7
0812c
0bd76
0cd81
09e8b
0a799
0776e
03d06
019a7
0f0da
0cbed
01c7e
0f48b
00f35
007af
0c571
014d4
0df50
0ee03
09cae
0871c
074a5
0a552
073a6
08e36
0ba5a
0fc50
0245b
0d01f
039da
0b9b1
0d9f5
069d2
07de4
0c754
009ab
0d0cb
02986
008d9
02850
07c33
053c7
06d15
0239a
05c11
0613f
00b06
074bd
0cc53
0fe77
051ae
0dac3
090f6
0e1e1
07521
0141b
02c36
0d278
015a0
0653c
0af6e
00eab
06a1d
08b2d
04180
01677
0ccfa
04aa6
0afd4
00487
08c92
045f5
0956d
0a902
0330b
0274c
0dc92
07212
051eb
0255a
02161
09ff8
07e24
0c143
0fdba
0b13c
0e736
077a8
0635c
0875d
0c5ff
0c1ce
0f706
0db62
0cc67
041e5
06a5c
01be1
00d7b
0f9fc
06ae3
0f195
0077c
07ae9
0e7ec
0fcfc
094ce
0dd73
0899a
076e3
0aeee
008a1
0558a
0be79
0e6e4
00fad
090a0
08803
0ac93
0b25f
081e7
053da
07dd0
0bc04
0f571
0820c
0580a
031e8
0180f
08873
07781
016ef
0b259
09020
0e915
08729
076fb
00360
03d6a
0d9e4
0195c
00eac
0effe
0bc37
070b0
0756b
0b8ac
0c06b
0e722
0d8ec
00493
00ec3
08115
05cdd
0f54a
01463
07ab6
0d288
0abca
09557
09980
064e7
06eb3
0043e
0bbfc
06f27
0d26d
0766d
080e8
0e32e
028b8
0c646
0fda6
014d9
083ee
0e35b
01fa7
0b07e
09ebc
08030
0b230
04324
057d1
0bdc4
05f6d
0862e
03710
092f2
00368
0e572
0848e
0a717
05886
03184
067a6
0320e
01457
0b171
0f604
0c716
0ccb2
08393
0c285
0218b
08f27
02a60
0c4b2
0a504
0ff0a
02004
0852b
0351a
0ff79
0e7b7
09fd8
03c9b
00f50
0a75f
0cd64
0d29f
06357
04268
0d2b8
05b43
08d9b
0d881
06fac
01052
05c47
0ae24
0fc5e
0d43e
0ac8b
07726
0aba1
0f60a
0c460
0d692
0c83c
0eba3
06d48
0da61
00e65
07016
04a58
03162
038f0
05531
08df7
0a4a1
0dbe7
02a00
0b744
08ca8
0f709
098c9
087ef
033dc
0b237
021f5
0d278
06829
0513e
0f632
0d683
04841
01dd2
0499f
0705d
0f84e
0381d
00e26
0bf57
0d66a
005c3
0542c
06508
073a4
00a67
08d88
0e433
07db2
04dff
0fb41
05def
041fe
08b9a
06156
0fa97
0a19a
0321c
0348a
0da1e
04498
0b018
0c7f6
0e477
02118
0bc93
02419
03cef
0896c
0e22c
0e213
0ee71
03d08
0c486
067b5
03b8b
0a1bc
0658f
019d4
0cd98
048df
0ede3
0c9f2
038fb
02fd5
02188
05458
07605
08f9d
08977
012c5
042de
0de0d
01744
0730b
0aa6f
0edda
0906e
06cb5
0bfd9
09c5b
01f1d
0a14d
09492
0517c
000ba
0995d
0b98c
08088
05bbe
0fda0
0c6fb
0ef6d
0ad95
0ddf1
0e708
0a1b4
0747b
0d193
0d168
02702
09fae
0af5e
06cd1
0429d
09d05
02c9c
06659
067d3
0fa12
0684d
0604e
058ad
0ca5f
09b27
01a96
0317e
09933
09eca
092b6
01ecb
04aab
00c3c
097e1
047ec
0ef65
0779f
0b68b
037e2
0416e
02fa7
0a19f
0f3f9
0db23
083af
08d59
0538b
0ddce
02898
055e0
00673
0a052
04be0
0e50b
00e02
01238
03d8b
01867
0c0da
050cf
0926a
0da78
0bec7
04deb
021a1
04089
04d81
0b49b
0cf9d
04ea1
0813d
094b3
07013
0ec16
0d466
04e7d
04ffe
0137c
0d901
0d659
0b35e
08552
0bbf2
0d440
0d751
0fda2
01b95
06118
0e179
01891
0e133
01810
0225c
01a26
0bfda
0baea
0f797
0b4e3
0779f
0421e
0af72
0e7fd
08283
06967
0eaf9
02f9e
034a5
0f37e
024bc
0b36d
0ce93
036bb
0200a
0f1e2
02969
0f9b3
0a875
02d45
0b806
03d38
0dbd2
0472b
078c1
06928
0eed8
088de
01d33
0ed04
022a5
0ba65
0f421
02877
0b07b
0cdf9
05a88
03659
004e6
01903
00987
08447
0f96f
023d3
09531
016d0
0de51
0a833
0dddb
0adac
013af
01c32
0632b
0e36e
0021d
0d57b
02062
09aec
0d896
06917
02a21
01baf
04890
0eb76
0963a
058c0
06f39
0f114
06360
0e46a
0d8db
04696
07958
038a8
08cd4
0f183
0021d
02f86
04a8f
0c99c
00937
0bd8b
0d054
05055
041f3
0ce4e
0c681
05322
077b6
0c683
0449f
01aba
03015
076d6
09405
0486e
03415
080c1
0ffa4
0dfd0
07559
00ff0
04b62
0c9b8
04313
03819
02981
00921
0677d
03d46
0c800
0a8db
0625a
0babc
02354
0623b
0b2c3
05f95
0db46
07fcf
0fee8
09050
0e4ab
04873
09812
0a99c
03fc7
0ff29
039c2
06ee1
06d3c
03daa
0fbb0
04c12
06537
0429f
050c4
0733a
05dbd
0ea34
0a3a7
09cc4
02f73
06827
0f1cd
0195e
0beb2
0a346
0923b
0901b
00dc3
0abc1
09839
0f8fb
0a55b
0b42a
06262
05da4
09704
039bf
06725
0d78f
014c4
0f420
01184
050f8
09947
03c0d
08e0a
035d6
00673
0f080
03233
0f1a6
0eb12
0d766
0fdd1
0b668
0684e
0c3f0
00547
00047
08d49
0a075
09b8d
0af05
0ff07
0905d
04785
0fe12
0bd4d
075e1
0ee9c
06de1
0e8d4
06a4f
05515
0cb00
0b0c9
066f9
0e6eb
04b61
082eb
09fe8
08c46
0f3de
03da5
053ac
05169
0c15d
0a102
0256f
09488
07bf8
0d52a
0530b
017d0
01ec9
0315b
0499f
0b11c
0bf5b
078b1
09fbb
01a2a
044d2
0f80c
008a3
0b592
078df
0f1bf
00b4c
0dedd
0851b
011fb
02739
0691f
0fcf7
089fe
0c8b6
0ffe0
042b0
0db5f
071fc
0fb04
0c2af
040b1
0869b
0cb9e
02373
00337
0a96f
07cc0
0392e
00bc7
096cc
099a8
0f800
091ea
00d22
0a7ba
0137e
0a7fd
034f1
0aab9
08be1
00688
0d17b
01f13
07c2c
0a902
0d6f3
05287
0ec2f
00575
0c53e
0269e
00914
0b957
01445
01dcc
032b7
0f88e
035b5
0ba06
07d40
0e1b5
04c6f
03131
0ec25
0f742
08630
0031d
09f79
0f266
0e201
0ba1e
06ca7
0265a
03c26
0b99e
094b6
0a50d
020cf
0d795
09911
06dda
07ce9
042c4
07844
0c580
0ec76
000cf
014c0
0e905
08119
035c8
0d489
0464c
0fb7d
0b484
0faa5
03125
0eb6f
05fcc
06302
01a9d
0e0d7
0ae95
0b1ae
0f25c
0d04e
03031
0c253
0a21f
0811c
03358
064a0
0035f
012f3
0689e
0526d
05404
00b22
0d0ca
095a8
0cdbd
05b16
00b04
0d710
0db3a
0f9e9
0580e
07b15
0d55e
02b77
09c47
02a2d
00ed4
05cf6
05ae8
0ce7f
06709
00256
05a70
0df04
09fc0
04ead
01bec
0763a
02628
0b166
036f0
05286
056ea
0dc95
0a17e
02b97
0e221
0ecec
05965
05e7a
0b09d
0efbb
064f6
0d933
077dc
0d4ae
036d2
04140
071ef
008e2
0a699
070bc
04c08
0a796
046db
0d9ea
018e5
014df
0230f
02d65
036c6
05eca
07d26
0087c
0f5d7
06cc6
01f53
02725
04896
0553a
02cb3
045bc
0871f
065cb
0d4a3
0b349
0415a
030b5
01ed0
027a5
0103f
0e2c8
08ba6
0aa48
05b60
0181d
0b22f
01a3a
011a1
028f2
02238
0ec4a
03bc6
0a4a3
00e66
0be32
03f2b
02aa7
0205d
0a54a
00be7
09b06
036ed
054c1
052bd
0afe9
01e83
026d0
03a20
05547
0e946
0a9ba
01eb4
05d08
0ca62
0ef5f
01545
063e6
01c26
0f854
07e18
0043d
0e0ad
0307c
09189
07b31
0fc57
03706
02fbe
01022
08d3d
0bd60
038be
09b21
03e99
082fa
0c34b
03de5
0fd58
0a2d9
0d1af
020e0
01592
0b2dc
0746a
09779
07a95
0adba
0217f
05181
0ef65
0abdf
074a7
0d584
05ea7
09a33
0f22d
01ca7
0b53a
05dcc
07588
062c5
09da0
0f3f4
0acd9
006ea
023da
0f7d2
062f1
0b64c
0d7ea
06205
0c118
08a4f
011f7
0bcfa
0a942
02568
03361
0be01
0b351
0e681
0f347
02b73
0f119
00bfa
0e290
0e712
0b8c0
0f1d8
0da3a
0dde7
04379
0ec7c
02483
01ddf
0c7a6
034f2
01144
091f3
05857
010e5
07ff1
00abb
0f20e
069db
0b2a4
077d2
0c7f2
049b3
02188
0a4cd
0ef0e
00ad5
004cb
0ef12
0c4ad
03b9d
0db95
00058
01fcb
0a29e
07da1
0856f
0eec5
0a78f
0a11d
01f1d
0e0a7
09858
032eb
0845c
09929
09c80
07955
08639
08fb8
0d249
05616
0ccbd
0cc36
0595e
0d400
06eef
0b008
03109
0370f
074dc
07768
06091
08f00
09bc6
028ac
0a340
0aca2
05c4d
05181
0ec9f
0ec1c
0f125
0e860
02d93
06163
0bd30
0d2bc
03c19
0c8d8
00bf1
01dec
0296a
068f9
03574
03bad
07c29
0fc31
0e3c7
0228f
0f16e
0ec24
054d1
07ba1
01dea
01d72
0e6c0
0f1a4
04813
0a39c
098fc
018e7
01a86
002bc
0d44c
05fbb
0a98f
00d49
08b34
0d10d
0c4b3
0ca27
001ea
0ab26
000f4
0d522
00d77
05d7c
0ba0c
0bd40
05017
0e908
0652d
0eb8d
086d2
00d15
0e244
005a9
086b3
03ae6
00dbb
058c2
08956
03dc6
0d214
03552
0fddb
0e544
045fb
061b5
0ff2c
0e17e
0754a
01078
0079f
0a844
072dc
063ae
01cb4
03b56
05205
0a8cf
03fa6
0dae4
0907f
0e56d
00a03
08449
0bed4
0a28f
0176e
05755
06887
02a2d
07f34
0e64c
09666
08a98
0fa1c
03d92
0b063
0c1b5
0b761
01a82
06fbd
0f264
032bb
0a59e
00fe1
00576
0f7ea
08367
07175
04c44
0df54
04a1a
01c46
029ec
04941
011a0
049f6
0370e
0a32d
0495c
0cf1e
058d9
01894
0f7af
0d9e0
0f192
0bad9
0fc1a
0a046
0ecc6
0353c
0ddd5
0e5a2
04808
0bc19
0080b
00de3
0df58
0eeb7
07d48
0d8fe
0af79
0e586
0859d
04bc7
06bcc
03d27
0b17b
0377e
0385e
00417
02827
0fca9
0655b
0281a
074ca
0a8f1
0eac7
02451
01e18
064eb
0d1d7
0d9bf
0388d
0f7c8
0d1aa
0b893
02bea
07ada
0ee46
0c161
00b00
0d787
022a9
0e6be
0279d
043b6
0b5f2
0aebf
01c53
0e6c8
0b03b
087ff
06435
03bbf
0f513
051b2
0d688
08836
01dd9
064fa
08a18
08be0
09d1f
06a0c
08c96
01f73
05dbd
0ab76
0a025
02b78
01ce9
0e9d5
0e7b3
0376d
0fa1e
0a0ab
0df98
0c17d
07e76
0a07c
0facd
00083
063ac
02316
0d924
0675d
052b2
01f3b
004e2
0ef74
06862
0c91f
0a86a
09469
07777
0e3cc
001b5
0360a
03ebb
043ae
0c98c
05b81
0eb05
045d5
0444f
0863c
0e3de
0d0a1
02e20
0702d
09ede
0fd26
0f2d1
0c35d
01656
0317d
07193
03426
00b67
0db00
04365
085aa
0ba26
06506
0289e
03f20
0a0c8
0fc21
03662
04754
0c7f2
0abd4
044d7
05c56
0e977
03bdf
004c7
0ce0e
08510
0d182
0d8a8
0df5e
0b6f5
0d5bc
0bb7b
08018
010a4
09121
05e03
02af1
01fd4
06e17
0e293
088b7
0e708
0631b
0d93e
0994a
0b9eb
0d47c
0fdcf
025b8
051b5
0284b
052d7
0994a
0e438
0dd7c
09a05
02648
0a49c
0b419
0f2c9
045b8
03e0e
07efe
02176
02a81
07ebf
0c1ca
07bc5
0187f
0566f
051d5
0e703
0ddb4
0f8b2
05a57
05b7f
0085f
0fd9c
02b22
0274c
06e43
0bb5d
00e30
0747c
060b8
0d047
0d34e
09322
09377
04812
0fd39
06940
0da4f
0f385
0f66c
08eeb
097be
0fb0f
06003
056a2
0946b
0a9db
0e731
03a89
0a910
0bb2e
08ae6
0dece
0818f
0f384
0508c
0e9c9
0cdc1
015bf
08565
02358
0591d
02f7f
0f4d0
0fff4
03882
0f8da
02e28
0c53a
092c2
08b1a
09eb4
05edd
06056
0c1cd
06d26
058e1
08b4f
0fc6e
01489
005af
09edc
055c8
0be33
0a4f8
08ad1
0f056
03b13
05498
0196b
012a5
0e1c9
076c2
02d27
0c407
015d1
01660
0c2e3
05ccf
08a38
04833
07d8f
0f2ae
0e02e
0c893
0f6b8
0a3cc
06564
0411b
071ad
033c7
0f5f9
0ae5c
01a3c
0b9a0
099eb
03bf6
09ea1
05de6
08d23
0d5ba
09751
03b06
0222b
0020e
076f3
08a09
0cd7d
0e756
01760
00935
0d865
036d2
0d856
06df2
087d5
0fb17
07a21
02558
00f02
0caea
07d9e
0ff1c
0024e
0e0e2
0560c
02417
0be84
012bf
04163
04614
0c95e
02137
0cc9f
07f0f
09d09
0178f
0aff6
09056
0c78c
09243
0a749
00a62
03949
0f3bb
0b1c6
0574e
09e64
01f59
00406
024f3
0e899
0bb71
0b96e
00c95
095f6
079ef
0a6b0
0e658
03af1
093b8
02fee
04d77
0f18f
0f893
00c3c
026c2
0b8b2
07abe
0631a
0fd62
04533
07a39
0563b
03fa8
04ee4
07b4a
03f5f
02921
0fb0b
08e52
0172e
01c57
0fdd1
08109
07268
0496a
0c5f8
0543d
08145
06c87
05598
07286
0f903
0c4d6
0153c
06d08
0a390
0c108
0f2a2
046f5
08ef8
08c00
04a81
0924a
0f663
0582f
046dd
05081
0d8fc
092b7
0f52d
04c68
07eaf
07d6c
07046
09c00
078dc
05133
0c1ee
01686
06f06
05c46
045b4
04cc6
0e418
0a91f
0c03d
0335a
0ff6f
0b531
06da0
09c43
08b50
024aa
0e9aa
0701c
00cf7
02ade
02ab4
04966
093f5
048d7
08f58
03808
05753
0dfe8
073ed
0b660
0fc0b
0bdb2
05267
04654
074a9
04c43
00ff2
070d4
0faeb
08602
01279
00d98
05a37
07604
0d0a4
0e2aa
0e0ad
0bc49
02a7d
08d1a
0b2f5
0afef
08a0d
09f94
09177
08bf6
09ca0
04822
0ed31
071ea
0fa7f
04b2c
0db52
06056
053c0
07657
0688c
081e9
06d28
067d6
0f86a
0b4bb
0be6b
0e510
07011
0fc33
0ae38
02f4b
076b6
0644c
02716
036d6
0c75e
0a8e8
06e60
03a4b
04a48
0d718
08129
0b154
0c330
0c1a1
0e3be
0b438
0e2ea
011e1
0b56b
0f493
036d2
0f528
02fed
0b92f
02c77
0723a
075c1
073f8
076f0
0bb6b
0ca7a
05573
0be6c
0ac6c
008c3
03eaa
06960
0aba3
09c34
039fb
01c2d
07c4c
08550
02a94
027f4
0774d
0e1d9
06297
0471a
00c18
04193
043bc
0106b
02a81
0e901
074ff
05992
0408f
0dc35
01420
0cb2a
0c9a8
0d3e2
0d7a7
075f2
00060
0f612
00871
0d388
09150
0d0aa
074ea
0e7f0
0a020
0dbc0
0327d
0568e
0a9fe
0296a
02c3e
00937
041e6
09c42
06a49
0614c
0a3c0
00747
07d59
04af3
0e2f4
0bcfa
0617a
041ca
0c6f1
0946b
0cae9
061da
04044
01c40
029dc
07c2a
006b1
0caeb
0a556
064f5
06733
057e4
0796b
0c8b6
0243d
0320a
0c128
0c2a4
09e43
038c2
025d6
0ad8b
02fb0
0c54c
0963c
08115
0d360
0aa9c
04b63
0623d
0d4a9
0bfed
0f1de
04d7c
0dd74
0099f
01a83
00790
001d2
09049
0e920
00197
065f1
05fe9
0520d
0d518
01483
00690
09cb2
06129
02967
06705
088e7
0eb45
07d86
03c42
00afc
0baf2
06ce2
0717c
033a1
0526b
0042c
09f3f
08b76
05295
04a26
079f3
0d783
03fc4
0dcdb
01107
02bbf
00aae
0fbec
04beb
069e4
057c4
0231b
040b8
03062
01414
031da
0b94a
032f9
002e9
0d477
0181e
0faf4
09ade
0f6dc
00d62
09021
04f10
01131
0e00d
0ea6d
0cf8d
0da7c
07b6d
03482
010f9
019d3
09eb2
0ab0b
066fb
02748
08e91
0477a
044d8
06dee
0c46e
0a770
07a0d
05430
0f218
028b2
0845f
0f693
05b77
0b131
006a2
0f6b5
0c18b
04e0f
06460
074d4
04138
0eaab
0beb0
0143d
08be6
09e06
084db
071bc
02a95
0fdbb
092ad
06da3
0d493
004a6
025a3
0cbe5
029d6
0df5d
0f2e7
0c456
0726d
00fd8
0f845
06673
0ee27
05344
04dd2
0a1da
0f64c
0be8e
085ce
07b63
0ce42
06ac5
03ce6
0e349
010b7
0345a
06c67
03428
00305
04985
0a480
0e220
040c5
058bb
06ad7
076d2
0ac66
0dbd6
045c6
06dbd
08c10
04881
04333
07494
0955b
04323
049d0
0d5e8
09aad
026fb
00887
03e43
0845f
08ca2
04840
06275
002c1
0b9ff
0c316
0c7ed
0acc8
0e03b
0e76b
0d7a5
0066e
0cec3
0374f
04d78
0b6de
03f9f
0f8d1
08423
079e8
09a84
0584e
03fdb
00e5a
09f52
07810
0665c
00da9
07f73
03357
0dedb
0d2e6
085c7
0c791
0dd27
00553
04ccd
0c8ea
0f370
0957c
0b0ec
038cd
03499
0e40c
0d92e
0daa3
03aa3
04b73
08f87
0fbb6
0c057
0a6e8
0e98b
0c18f
0d9fe
09aae
0db0c
050b1
0ddb3
0bc36
0148d
05daf
051f2
0f23e
0e8ee
09847
0d238
08e36
05dd6
0aa02
094f7
0a07a
0ef85
0c212
07c87
096c0
096fe
0e783
057bf
014e8
0187b
037da
06215
0fb11
0c5d3
07e8b
0b95e
05186
02798
07814
0f85a
04216
08726
05881
017ac
09352
0d6cd
0bbbe
07460
0a04a
05117
0220c
0fc29
01fa1
0acc7
0f356
044dd
0c186
0fd6c
0e8bb
062c3
0165c
0184f
04a40
01911
06277
013b7
08974
061b9
066cb
018f6
0f8bc
0ed61
00915
00e4e
02f23
042a5
02d8b
0b883
063e3
05c69
07e04
09e21
01fe9
0ad7b
0bdb1
0ad53
00504
0dbc9
0529a
0f897
03ed8
03f32
01a01
0c4b8
06655
02444
0bb87
091de
08d28
01b91
0dd20
0c729
0e661
0c344
08ab6
0dda7
047c6
010df
0d7fb
0a528
02027
0cc4d
0b235
02bb7
043c1
0cd72
0a370
08009
0f3f0
064d4
0f707
0130e
08b8e
0541d
02118
09b52
03d15
0ba05
049f5
0789d
0e652
0e083
0fc4f
01e71
00dc2
00331
0aea4
08acc
0b118
01cac
0d04d
06908
0ae57
0f31a
0cc04
07afa
069f6
03bfa
05f54
06368
0a5de
0981d
0631f
06da7
0dc3e
017e6
0c91e
04f24
002ec
069c0
0fca5
0d365
01cba
04246
013fa
0ff06
0106a
0e42f
07e33
0f08c
07981
0ca8c
0d6aa
01632
07bdf
02e5f
0de65
0e26b
0deec
00850
0e5ce
00739
08980
0c4da
0dcf6
00b2a
016b2
0ac5c
0aba4
07911
0212f
08e9f
06056
08c25
0895d
02292
0c70b
02bbc
0ba5c
01658
05f9b
0e09b
04de4
0d540
05880
0475f
0a61a
0ac32
0aa92
0e413
09bfa
036f0
08591
0b089
01641
0138d
0de23
0c486
00cd1
076da
0d4c7
07743
08802
006c2
02d18
0c2e9
02804
0d503
06fbb
03f25
07da1
06534
07f30
0c160
066c6
0953d
0a54d
0585b
00fe6
0899c
0706b
060b2
05b17
0c5c1
083f8
08e02
088a3
0bfbd
030ce
0cf7a
09a9d
08bf7
0d4e5
0311e
0a817
050f1
0d1f9
03a0f
0a7dc
037f7
0b929
0d34b
0eec2
09a73
00953
0f933
0812c
030e4
0e0b3
00ef1
0d8e0
00867
032c5
04741
0b01f
0e119
01fc7
0c92b
00fb1
04f84
054d3
04bb8
087f5
0e031
02244
09fc8
0f3b0
01a54
0d1c9
0f9f4
0b2e2
0c8fd
0a89e
010da
0095c
009ab
05d79
039f0
0e6d2
0e43a
0d7c5
09b5b
0e3cb
00395
09edd
0d1bc
00eb3
02a04
0ce99
0aebc
0cbf5
02381
0488d
09eed
0df72
0d2cd
044de
0aa1b
0d30e
0b192
020e5
0480b
0be4f
02206
0d80d
0455e
00f0f
0599c
0c394
037ec
08cb0
05bab
04de5
095b5
0ff8e
092f2
0c4e1
0f92e
0b009
03ea1
06bc1
0d82f
025b8
08c57
00b33
08cc9
0887c
0c098
076c3
0ac5b
013f8
015cb
044a1
0e67d
0462b
02fe7
0e4a9
0341e
08882
03fae
03612
04494
037ee
05c71
014d3
0b17b
09529
0228d
06458
0c817
05638
0c009
06bba
02e7f
07175
09a53
082ae
0d918
00e12
0eeaa
0234e
051f9
0acda
0418b
0378a
078e8
0af63
053d2
04492
0550e
06fbc
03e46
0218a
09f48
05ed3
07316
0289c
0289b
0b997
09f21
0f75d
0e77c
0045f
083e2
07490
02804
0590e
008db
0c1ed
0123e
0a0d7
075c1
0af23
09eb2
07d2e
05577
08dc2
0b197
02730
0429a
06b07
0ea8b
08a6b
0675b
02744
001b7
0e05c
095d0
0290c
08688
0e6fe
0d440
08fed
05b70
0e239
06f0d
00250
00320
0556e
01ab4
033e6
0f8da
01f25
0d626
064ea
04ba8
04ba8
08b17
01c9f
028c4
03aeb
0c13b
0587a
00a70
02cf4
0d4b8
011a1
0edbc
07bdb
057f3
03599
0ed6f
0bbcc
01062
0e8c4
0fb46
04cf5
025fa
00978
0dc98
0d6a1
0b34e
01c9f
0ab20
0d9f3
0b92c
0bda6
07778
08f22
00bc5
019b0
04cd4
0def3
0fc77
02a4b
0d2f7
02329
0e8c1
04505
0ea2a
0e3d5
0a290
077d2
0a97f
084a5
06b8a
02fec
0db01
0301e
025aa
0d077
038ce
08eda
05827
03b26
0bd7e
05c4a
07ba0
01a64
00cc2
09712
08c8c
04a21
05044
08876
0d34d
0efb3
0cd52
03432
0d0ba
0d27c
03fd3
03ba4
0be8a
0ed3e
01297
01951
02fe4
00a69
05051
01ea8
0f34e
0763a
0e2df
0df92
0cda5
0a4aa
0b7d1
0f25a
03b07
0ac03
0a9a7
0f70e
0548b
015ed
061bf
087da
0236c
07597
0d624
0a088
024c4
0ed8c
0c4fe
0fe37
075ca
0f477
04c19
0f858
05733
0b066
00e8c
0cbef
061f6
0b045
07025
03df0
05019
03c08
0b83d
02609
017d0
00f87
0376c
0596d
05d0c
08bf6
0dd75
0301c
06f9e
02aab
031a0
0000d
0614f
0a712
00d71
0e8c0
0ee2e
02bc8
01d03
02f39
05508
01da0
081ec
0aed1
07589
0f394
0b84f
0c0d3
07398
09ae8
0a4fa
07fee
0a6c5
08d1b
0c82b
03a1b
0d5ae
0c4be
05892
06265
01833
004a2
06186
0e32c
07755
0c82a
064af
0ee5c
0b029
0f4f1
01256
023b7
0a995
020a2
0064a
0e929
0fd73
073e3
06dae
0da81
05ec2
0d229
020aa
094d1
09b0f
0cb05
0874e
0b5f2
0ba91
0e57d
0b379
071be
02212
01f8a
0167c
04597
0d207
0db16
0e30a
09ea0
05d86
0f2e4
0a361
0e392
02440
08bfd
02023
05a13
0beed
0b30b
0434a
03206
0cf96
0b0b0
067cd
0fdbd
08012
08d1a
0e726
080c5
004fa
021a4
0aae2
0d360
0d58b
090aa
057ec
0e3a4
051c5
0b8ad
08322
0a975
056a4
060ea
04c49
08c7b
00ef4
046cb
0606b
01090
02560
045d0
052fe
0906c
0639d
0e149
035da
0a03c
0128d
036cf
0186f
04c0d
07e62
098d2
03b77
09e01
042c7
01cb9
01f9a
09af4
014b8
03e3c
0e239
0f738
0853b
031f8
05990
067be
047ed
0976b
0bd7c
03198
03940
0031e
0da7c
0e723
00fcb
05ab0
0979c
020b8
02583
0d402
0724f
098d8
0ea1b
0e7ef
0ed32
0d413
0493b
0f1b6
08bbf
0c74d
0e1c3
06afe
00103
0ec72
04b36
03c60
0f8a6
059e8
02586
045cb
0f7af
00e4d
01c72
0cf0a
08181
0c97b
094c7
05afb
0ffcb
07ef8
09a22
0bb43
0e251
0c629
061ad
0bb06
0eb00
062c2
031bb
02cb1
02bbc
06e20
0bb4b
093a0
05c55
0a083
0c3e7
0f087
08c58
0a3b2
0d0c6
094e5
09fe5
072e3
03d60
06938
053f6
0388b
0bf40
0c5bc
027d1
067e4
0d702
05f0c
07046
0789c
04a62
0118c
09568
0dc74
001f5
095f5
0c5b8
0e252
09844
0112c
0f0bc
0443e
09357
0177b
037a9
0f497
0f76a
03467
0f9ec
00b59
08215
029a1
0a32a
051c7
0faff
0e740
03640
02508
0b7c7
05301
0fc9f
0a4a1
00734
0ee7a
068ae
0d9ef
02a67
07a4f
05feb
0122e
09b88
01d03
0cba5
07ff4
0535f
0576e
0634f
0c649
05803
030ea
0e9ae
028bd
03576
02a03
06c9c
00d7c
0f31f
07540
0d748
0c66b
02e1b
0cf51
0ea45
03827
0e117
0dcf9
0e06c
0226d
0c2f3
058a9
0cd66
0c263
0fab5
0306d
08aab
020d3
0ddfb
058f2
0d061
0ba27
0fc68
01503
01bd1
0e3ef
06e2f
052bc
038d3
046ae
0e771
02579
047fb
02b9e
0b569
03f25
0e368
009bf
0ce63
04eb2
0eada
0701b
037f0
0db8c
0f320
0681d
08160
04cac
0848f
049ff
0dcd6
0f9f6
0d40b
02f3c
0e51f
08f3a
004c8
0a5e9
099b8
0b279
039d3
0418f
008d8
0d0c3
03634
040d8
0c14d
0f3d0
07f75
0f097
00677
03678
08a7f
0884c
0e997
0f7d4
033d5
0bbe8
04046
0fc3c
03239
04a63
0b702
077a6
06e06
02744
0fba5
06d87
0d6ea
0d755
0882b
0514a
03c33
0a1d5
022a7
0294f
0446a
0c81b
02213
00384
021e8
04522
04d40
0f55a
0f96e
0a169
0c14e
0b3ea
061d9
06cf9
0fb57
0db11
0ef2d
074e2
05048
0d7d6
09d3e
052ee
0df0e
0d489
0e67d
0e29f
06c65
00e32
02c88
08633
04413
0677e
0ae3b
04609
0f8ba
08911
07a8c
090b5
01327
0ea59
02512
0cfeb
04899
0f874
0cd3d
0df3a
084d1
0f62e
09d7b
0de56
00e69
0a177
0c48d
0807b
03c44
0757b
028c4
00bf1
0cd3a
0cdbc
0c966
016b6
04e94
0fdf5
0497d
09b7e
0aac6
03c3e
06793
0b59d
0d241
00347
01aad
026fe
0855f
00741
0cdf4
024b9
01df9
0dbb4
0ad6c
0ba9a
000a6
06873
0cc6c
06f53
04b57
0dc24
057df
07419
0f31c
0a50e
00b17
0abb0
0967b
06b4b
04edd
05ea3
0d6b7
00527
05113
0f6a6
08c56
0c735
05d59
09104
01c79
0c046
068c7
0e762
0abf5
0848a
0b689
0f775
01bd9
049d9
06d63
00951
0f12e
0215d
0160e
0a815
0c0ff
09c8b
0153e
00b76
0d342
0e67e
09c69
03642
0bed8
0c518
0fd87
0a2ec
04320
092e5
00b91
0fda9
08be2
032fb
0a1d2
0bd54
008ae
0e85c
0a9fa
0fbd6
0d45d
08474
09cc2
0c09e
07ec9
05d86
03113
09bbd
03d73
0c9dd
09f04
05515
08d0a
01f9d
090bb
0641e
0cd16
0bb4f
094e9
0a58a
02892
02632
0da3d
019c1
019d3
05aa9
046a7
04db6
0daa1
0a96d
0d80e
0fc66
0504f
0d702
0c038
044d2
09acb
0756e
08e59
031c9
0ed58
0214e
09aa2
015bf
0c74c
0b89c
0c391
034e9
098fd
0d092
04dd6
03ba5
02765
071d4
0c34e
0edbc
0b989
0f533
08cef
02e2e
05741
058ed
0f263
0db79
0f8aa
0060f
08055
088b7
09dda
0f2d1
0245e
0c62a
097d8
02090
07476
01a88
08205
012d1
01ac4
0d0ce
047f5
07687
0a284
0a7b8
0f696
033b5
09039
05e3a
0ef0c
0102b
06f90
02aee
02a9b
05d8d
020b2
04d1c
0abc1
0ab83
07555
0ab89
06dc9
044fa
0938d
03d12
05440
0d91d
0d438
0ce69
05b0c
01731
0d9f8
0a72d
0c8b7
0d328
0163f
001ce
04df4
0a996
09b84
02322
023c5
0277f
03cef
04364
00ec0
02e03
0b7af
01145
04f35
0c06c
02e0d
0aba9
0bd29
08232
04d74
0ed6a
0e45e
02ea8
08bc1
02115
01a84
09f89
0b737
045d5
0f185
0d004
09499
0dd13
00af3
00cf6
08124
0a400
04ffc
0c2e6
00e2b
0abbc
037f3
0bcef
09623
0c4db
08d96
03007
06764
0f8f6
04a60
036f7
03603
04157
055bf
06af3
027c6
09b1b
08636
0cfe2
0753c
0d4a5
0d8b4
010fa
059b7
0a29f
0bc33
0892d
0afd6
0e4fb
0a892
05e51
0d2eb
0b17f
0fa61
01378
01d11
0b154
0d22e
0476e
09451
09148
062bd
04ac3
010a7
02d18
02fb4
0da28
01637
0d26e
05b23
07e08
0a72e
0de05
02ed2
063b7
0c3a4
02fa5
0a604
0345c
00451
003b1
0683d
0fdc9
0840b
04bf0
03f87
04ce0
00499
0d6bc
0c5cc
012a1
0192c
0fe04
0eefc
0a7e3
0e4fd
02fbd
0b940
0b966
0a93f
0c57f
046c9
06078
09163
0fe53
0d503
09e0b
0d12c
0203b
09063
0aca2
0e9c3
0bf85
00385
0ac2c
03d7d
00ed1
0a030
01f4a
0b76e
0c090
0090e
06e2e
0419e
0c78d
0cfc6
0449d
0ae20
031c2
01c07
07736
031aa
0ba79
07f03
00ce7
0efaf
01123
07a43
0742c
00065
0530f
08d7d
0d211
0f7d5
0f5f8
0d67b
0d706
0e43a
002b6
0d98d
09660
02df6
01cfe
01b5e
021fd
003ee
0f08f
04fe7
0de26
0fdaf
0579b
05a18
0914b
0ad6f
0b3da
03b1c
0aeba
0e561
01260
067c1
08436
067f1
090ff
02f7f
0e0cf
02746
0199f
01b0f
0776b
0af7b
0fc14
014e1
0ab4a
07432
07044
09db9
08fcc
07d17
0f9bc
09199
0fb3a
0bfef
01e26
0dbf7
06a8f
0cdf2
0ac9f
06ad0
05e3f
0cc47
068f7
0c06c
07704
080e9
028f4
020ad
0ba4e
0461a
0b64d
0d64c
089bc
033e5
0cc70
0b51e
01935
0dcea
097fd
06c48
07472
00d32
0b0c6
09704
01f39
0cee0
0d9f9
0bd50
03327
08d47
0481a
0c536
05a57
0e984
04851
0ad94
0d012
07e31
07ed4
012e6
01ff9
04bb8
04f6c
08e96
0252a
02ec6
0f2c3
0f288
03c87
0bc3c
0b434
0624f
0dbaa
0fb3a
07bf8
039ac
0f78f
094fe
05042
021c9
03558
0af30
043b0
03453
05167
0dde3
07991
0d6f3
003a9
0fd96
01431
0f0ac
0615f
0bde1
0ba58
03348
07718
02ffa
00c0a
07b2c
0db56
0dbfa
06394
0aa73
09701
03368
0480a
07351
004e5
0f1d8
0b621
0c1f5
0e609
09a7b
0a019
07f9c
0ee56
0fa9a
01275
0ca71
081d4
04fae
045fd
0bbfb
0d3c0
06ab2
0ba4e
022c6
0de8e
00e9e
0658d
0380e
04f08
02093
02992
0998d
08793
043c2
06238
0285c
09f91
0a9b6
08d3e
01d08
07d5c
046a8
0f424
08b2d
0348d
0af6a
0827f
0ddc5
0809c
05dbf
04f79
0ba58
0bd55
0474f
045d9
0ffad
025e3
05dd6
004d5
0f0cc
09af2
08cb6
0280a
03609
09652
0c50f
053c4
0f948
060d7
04326
09246
0a571
06287
03b17
054be
03fe7
0de38
0de27
01d4a
089fd
0061f
00e05
07344
0d88d
0e5eb
01573
021ed
0f0ad
04a29
026fe
0bc34
02c72
0874a
0eea7
090e9
0849a
01559
01fca
01eef
0a2ae
081d1
07fee
02e26
052d4
0410c
053a3
0d5be
09929
05f1d
0717c
04fa2
0e26f
0549c
09819
09dc8
0b7ce
01180
07189
06ae7
09bf7
0f671
0d94c
08f5d
0a429
05dd9
06009
04d70
0a367
06602
0f224
0f362
09789
05c7b
050b9
0d28c
0e25a
02052
0c2bc
09364
082d4
07b8c
0b01f
03e60
092c6
0b7ff
092b7
0cf26
044ca
0c792
01476
0a54d
0af83
07522
0b9fc
0b5c3
0b319
0ad22
03245
01ff4
07080
0891c
0f187
0eb1f
0810c
08c08
0b2e7
0ab32
06c53
035b7
03f52
023fb
0723b
01bfc
06a52
04a2e
029f9
05f69
03599
0da83
033d0
0e7a6
0d6d3
0475e
0b682
02ed7
0e943
069f0
03326
00f6b
04bc7
07f3c
06fdd
0303d
04976
0dfc7
0a6d6
04856
030e5
000df
01c48
0e39f
0911e
0f556
026ab
004e5
0b667
082f3
0955b
012fe
08c46
07dec
01b2c
01d51
0c2d5
0d175
0d237
0a958
0278f
0a10d
06aee
07f0a
0c18c
04fb2
04ac0
07bb6
07b57
06bf1
0c51b
08d50
0dbda
0b2f1
088f6
09f2e
0dca4
0b829
0497f
007bd
0b9b6
099e7
0b971
01a53
0ef5e
06cbb
04cf0
0bc86
0ed32
02cd8
0d147
05e94
01d27
0f638
0f409
054cd
0d49f
041dc
0ba99
05f71
06b86
04239
0145f
0cf41
0d5f5
04aef
0e77a
04444
0ae1b
01128
0f949
005c5
02383
04544
01312
00666
0918a
0176b
0f380
0bb0e
0525c
042ba
04a9d
0f53c
04109
09ff1
0a443
07299
0206a
0fd6a
0ab31
0f101
0f787
06916
08bd5
01b31
0b3d5
07738
0cab8
0f570
0cefb
0e0e0
0e947
0063d
0607f
0f628
0612f
0e270
0cf4d
0f379
0487d
0140b
067e2
0d148
0e2ff
03eba
08070
0ceec
0bd05
010e8
02d29
05f62
062e6
0ac4e
0f75c
04a91
05945
064d9
08b29
0ec03
012bb
070b9
09cb6
018f2
0de93
04db1
0c089
04813
0bcb7
07690
0cafb
09ff7
09e2d
0257f
08ad8
0f285
0fae3
0e15e
0962a
0ad71
08d1a
03e2a
07471
0c215
002b0
01fab
062d5
05517
00a17
0e0b1
0c7ae
091fc
095b2
0214c
0f39d
0b5ef
0b5b9
04258
0abd9
075d5
021f4
05d6d
0b3de
0a4a0
046f5
0a454
00e6d
00e1a
06289
01a00
0ee9a
0669b
0f381
0d1b9
019f6
05954
0f0d6
0f2ab
01cb9
065d9
07ff3
04438
03a2f
0ad6e
06b36
0cef0
06a9b
01455
064ea
0404d
0b093
0dbb9
0ee4c
08af0
0729b
0c4e8
00b8c
0957f
07829
07b8e
0c8ca
0465e
03a73
0e0a7
0a21d
00349
0dde0
01458
0964a
0edf0
02155
00685
0c794
0b0d6
024dc
07700
02b24
03e58
08d0f
053a4
0d011
0e566
066a2
007fe
0e4ba
0817b
0c838
0c732
0689c
0c146
097cd
0c714
02732
01f22
0e957
032a0
057f5
0e727
0e9ee
0839b
03eac
0f13e
0d95f
0a69b
0a3cc
042d1
070c0
02152
0d191
04a3b
0f714
0119a
0966b
03397
091c4
03ce8
0b9eb
0d511
04176
079a0
07949
069a1
07929
03841
0cd81
0ff5d
05bf6
01801
011d1
07821
0e793
047f2
09d12
0fb8f
01e3d
08220
03cfa
0b72d
02c33
06425
01ad4
0fa16
09850
0a786
0bbf8
04b57
011b2
0041c
06563
0b390
0568c
00a50
0bbb1
0f4d3
01175
06490
0434d
04f7d
0d4c8
07bf7
0011e
0695b
01ba8
0fe4d
077d9
0fe74
021ef
0d1a4
08531
04b8d
08d05
0ce32
033b5
04b02
0b4b0
0fa17
03ee1
054f3
060ac
06138
03c18
0d7eb
00eda
065fa
01a5e
05eb7
0be5f
0ce2c
07b29
028de
02cbd
09574
00b03
05714
03041
0b30d
06b71
01989
0078c
090c9
01c51
05231
0eb00
0d357
024ea
0eef9
0fa46
033e4
05663
07ff1
07da3
0439f
07039
08d20
0bf03
0835d
0466a
04ab9
0693d
02ba9
0f476
0ffac
03837
0c6ce
05afa
0393b
08c6c
051fb
0f343
0d48e
0b9e5
0dd13
0ad5c
0e03e
00b06
0f49b
0d926
04d3e
02297
0824c
03dcb
0d13b
06fe9
0a048
01c2b
0473f
020da
0914e
05fe0
02a32
00baf
0c127
03d94
03e78
086ec
02376
017e4
0c78a
090f4
0a4aa
0acc0
05f5c
00358
00cb4
0826a
020ee
04112
08a77
081d1
0b7fb
03fb5
0c02a
03192
09d51
0d0aa
0aa4d
07eae
0edf0
00140
04ded
06f82
0f121
07810
05db7
0722f
056ca
07cd8
0c2d7
0e1d0
0e100
00c8f
0bdc2
0684a
098a7
04b0b
0b549
021f9
0fe14
01eb9
03e58
06261
0a233
02eb9
0506b
03dd3
0bf2e
0bf8f
0b341
044f9
08737
07fd9
000be
0f1ef
03f15
0687b
006b9
03449
0cef9
02ef4
00dad
09e0f
02336
0350a
05cda
02188
042d1
0c520
03ec5
0198f
00251
0d9a8
03c9d
018d8
0460f
0c79e
0f178
088f2
0d638
0f076
0e0ba
00ceb
06334
09180
06386
035a6
0df1c
07738
06e26
09b9c
07886
0bb9d
0b9ff
0e226
09fbd
00f1d
0aee9
0e131
09979
0f9a7
02ab0
0fb68
0e290
036e4
0a3b8
0ab31
0d1e4
09566
0c0ab
08164
078ab
04e1f
04d57
08609
0c8c5
0c5d5
07726
036b2
0338c
0a68c
0d746
000ff
064c7
051ac
0c6a0
06787
080c7
0647f
01aa3
04ca7
0dc81
050a0
009fa
090cb
04520
080d7
00a39
0390c
0b1d4
04a64
023fc
0e6a7
06a2a
0387a
019f8
02288
0e3ae
07a14
06951
05d93
091c6
0f459
0326f
0af3f
05327
0aee6
0cc0d
0f37f
077ca
01eeb
0613e
034cf
0c681
0e422
05a43
03454
0bd48
08032
01312
0ea01
07bcd
09407
0752e
02a75
00a74
0b591
0e55f
06ca3
08d63
0c9fa
0dee7
0ec2c
0adee
0f28f
01f1d
02fa8
0a8d2
092d8
04dc2
04434
0fc79
01442
0bc4a
0bf9f
0f384
0e916
05036
011cf
01805
0a46c
077fa
0d47c
01ab9
0dd41
08bfa
070ff
0a07f
07dfa
05a3b
01048
03465
0f019
0fa67
0d37e
0e755
02884
053d1
089a8
0812b
02771
02382
0bd8f
07101
00111
03722
04ca7
0fcc1
01cde
0e3a3
06300
0c57b
0ccdc
05b74
01a72
0d1a0
04d7d
0fe4b
04000
0845c
08e9b
0e893
00603
0db9c
0f0ef
0851b
0bab5
006eb
0e832
0212b
0dd0e
04a50
0773c
04f6f
0b697
04423
0deb8
0b1ce
0baa1
0aa40
0e362
0ad7d
0e356
0d0c5
03ecc
038c6
0534c
003f8
01290
0b727
0d6b8
0a42a
0a210
0b11e
07cd6
018e7
0810b
00a72
0f6df
08e69
065fe
0686d
0ead2
050d4
0e615
004f0
0f368
0b910
06de0
07457
0b437
05a2a
09270
0559e
063d2
0996e
08054
0424d
07e6a
04d00
00671
031a7
0f166
02001
012c8
0cb05
06713
0f93c
026be
03e8f
0dcc2
07c48
06c01
0afe6
0855b
061c3
08ddc
0aa99
0ff93
027d4
0446c
091d4
01c5e
06faf
08696
01fcb
0bc78
0ed86
00356
080d9
02f6c
065a3
03a56
0ec37
07036
04278
0775e
0625c
0a740
03427
0a840
01a8d
0d41f
047e4
060c5
07e28
09c01
08bf5
00d3e
0ba4e
07d18
07810
07c72
064a5
06b8a
0e43a
0f92a
068b1
075a2
0a726
01e34
0a710
052bc
0add8
022b9
090f6
0062c
0a59d
0ab27
0223f
0b332
0af35
0d231
0f9ef
08c61
0ce86
09a1e
04446
05da9
0ecda
065d7
01ac8
0130b
0d485
07ab5
0c86f
09608
0ed29
01389
08e46
0f52d
01eaa
09663
047f3
016f6
08ace
037ae
04824
09542
08a4b
0e2c5
0d810
06dd0
06426
0e920
0fa29
07aa5
009b2
08222
0e594
014db
03a18
07ccb
00485
065ff
0e849
0dc14
00598
08a6c
03788
03239
0fc7c
0ef96
00aed
0a9d9
0e910
0e546
06ed7
0330b
00a79
01ab9
058ba
0f9d9
023a5
074c5
0d825
0550f
05d37
0a29b
0bc27
0f8ea
0908a
024c8
004bd
07f98
04c1a
041b9
04485
025f4
03bd7
070de
0da66
022d2
0cf44
0dde3
00f79
0f1cc
0076c
09df4
028dd
0a4c8
0fde9
051a6
08168
02d6c
0d272
0ae62
08303
0b35f
06ad1
0c7ac
025e7
013da
0b2d6
06636
09e46
004c8
0ba31
071a9
0967a
0fe69
09261
05d8a
06c9f
0154c
021cb
019b3
0f136
076f3
08a62
0b54a
0cff1
0b71f
0249e
072e2
00d82
0f051
05644
0c6c0
0e8d1
099d8
0a50b
07f82
07343
0c037
0437f
0a246
02808
0e1a5
00f02
05d53
0f633
03264
0a279
05f3c
04730
0e7b7
0782f
0f6a7
05296
0475d
0d3c3
0662f
0d827
03929
0ef85
0386f
0c2b8
02065
062bd
06103
0adae
0351a
0fc01
03081
00eef
0b7c4
04e87
0989e
0a430
0065e
0603f
0a0c8
0e844
06c58
0bb9d
09f10
05b1b
02499
03ba2
06673
0ad1a
0f266
0ca35
02eed
09eb0
0860f
097f0
00bd6
01ef5
0a85c
0ea5b
0f9ac
09b11
070f0
02a63
0ae91
057c1
0534c
0f875
02b2a
0386d
006a6
0eebd
09c28
0dea4
0b3b6
0ae96
014b2
0cfca
0bd2d
0792f
004f7
05be7
00377
00d0f
0d8d9
0cf6c
0b1a8
0534d
0609d
0501d
019d4
09b43
04599
00b58
093fe
051c7
04bd5
08e9a
0ee0a
004ea
085f1
05023
0979d
0a1e5
018df
0268f
066ff
0ce94
0f713
0468e
09766
0ac23
00a3f
0795e
04815
01b59
00b42
0a26c
0e2aa
0a565
04a26
0213a
073ce
051ef
0c430
09860
08db0
0c000
09ce1
0707d
032b2
00a0b
04078
03b6d
044f1
00dce
0fa8f
0df12
0aede
06d98
0b7c5
0fc62
03a67
0f0bc
0d8ca
045a2
00695
0580f
0ea04
0fd5c
06245
08062
06d18
0593c
08126
00871
0fc19
087c2
04803
0cdde
00483
03d1a
0e50e
0b453
01f3a
030cd
0eea3
0f4a7
0b241
08e32
0e722
0b210
01094
070dc
026ff
0d61d
03ebf
0b722
0ea5a
061ef
0dad5
0db57
09f40
0072d
0d5a8
0036b
03b42
059e7
00d48
009ae
06bac
00a9a
03e78
0ebd5
01d78
09d41
0e2d8
0cfd4
0ad69
0aa1d
097f5
093e1
01350
0abaa
00580
064f3
0fb2b
05339
0228e
068f0
00ddb
09d35
02f09
008ba
098cb
043d9
0d0c1
008c5
091eb
0d6fa
05043
01c8a
0ffa8
076c1
09c18
070ec
04715
055fd
0330d
0bb84
0c850
07614
097d7
065f1
0f8ed
0d762
04907
0b377
041ba
07ce9
030e4
0af96
09035
0f253
09d3a
06b5b
0578c
0b66c
0a699
0e538
0b527
0a037
079c8
07551
0b983
00ffd
0df04
0b05d
08143
024d2
060ae
00f76
0f161
08c5c
080a8
07f29
04148
0f84f
043aa
00159
05f1c
04600
05f02
03f33
049fb
0784a
0e7d8
00438
0759f
04fec
046a7
0f2a4
01e4f
05ca9
0de1e
00f88
01da4
0b448
04723
01f4c
0d8d0
03ab1
00f9d
09311
037ee
00c60
0c58c
0fdc9
0f2a7
0ec88
0acab
06052
0476c
07c05
0c924
06225
0f7fc
0f0e9
0693c
0ce64
0974f
04a70
03b8e
0e26d
0ab54
0f14f
05226
056ab
009e2
088a8
07268
0cac0
02df6
0e0c5
096e9
05fd8
06c86
01b24
0df22
02d7b
02a4e
01b6c
0353a
0f2f7
0994c
0a363
0a881
04309
0e620
0a3dd
065da
0fdda
004ff
00c5b
080b2
038c3
01157
058b8
066a7
0703c
0c5f2
051fd
0c1a5
092a5
02851
0232a
0c8c2
04076
0fb43
0f167
01950
07ce8
0773a
0245e
072ac
0dad0
0842f
00a94
07cdf
0dd17
0a79d
0e6a3
02698
0d8cc
0fa90
04b9e
0716c
024e6
00f61
02698
013f6
02aa7
0b284
0b480
08b08
005c6
0bfef
0f843
084d3
092ac
0f8db
00bb2
070e9
02bf2
0fe7b
031ec
0f7a2
0890f
0f795
094ed
00b68
0f2ca
05d7b
07cc8
048fd
0bd75
067df
0782b
0f78e
07f33
0cb0e
04af6
065c8
00ca6
0a95e
0e3af
0cd76
04d47
019af
0ec94
0554d
0c591
0d005
07c2d
03e8c
0bb22
0addd
058ad
033dd
0deec
048b7
0bd28
07183
0b75b
0c7a4
06d6d
08717
0fbe7
0905b
05f2b
0447d
08233
0685e
0958b
01d5f
066dd
08207
048fc
0c5b6
05006
0d189
0717a
09d3b
08264
09959
06bab
00347
08096
03916
00950
0bdb9
09dd6
0acb1
0c79b
00591
023ed
0736e
0e82d
0fb0d
05691
0c768
0ff9c
0a249
0de34
0ceee
00c14
0fb97
063a9
09e83
0ad4a
0eb23
03fad
00bef
0eda1
03585
0ea81
00b5e
0d106
0b408
0a5bc
0132f
0580d
0dad4
09b51
0f3e0
044b1
0445c
06742
02750
085da
0d302
09622
04efa
0179d
04da9
00681
0e459
0ca00
0b775
0f98b
0dc77
0ca14
0e908
0b2b7
02948
069cc
0994e
074c4
097b1
08ac1
0ed55
0e238
0c2a3
05635
076b9
0cb20
0c504
0d0d6
07edd
0e496
0dadf
03d48
05d13
002ad
0859b
0b4fb
0fcba
0fe7e
0d1f1
0f6be
08152
01d31
0814f
0b27e
00f9b
0cab1
05551
0b2aa
02b8f
03fa2
02c77
0b1a2
0bf06
0db8e
0afce
05ade
04812
0e907
03fb8
0610f
0cf7e
0499d
