040b2
017b0
04183
0448a
016be
022c0
056be
05478
029ea
091f8
0433a
07c62
0d850
09d65
0e5f8
015c0
01610
044a1
004c6
00bb8
0c1f5
0c3c8
0b444
0fa1c
0d404
0ce45
0d71a
07369
07d9f
0f366
0f9ca
0156d
038e0
0d63a
0b733
0c386
0b5e3
0a907
04af3
02aa9
01923
064c7
0452c
0054e
0772c
0b373
081f0
0dfc2
0f62d
00050
03e65
0727f
09e6b
0a8f5
08ad8
036aa
07a81
0522c
097ae
08865
04d96
0348d
0bd74
0f10b
0bd4c
07f61
0e26b
05161
0b762
0ef41
03a4b
0ecdb
07ea9
03c1f
06d25
0daf3
0365d
0b306
0b105
0f45b
0c81a
0a6b5
068b7
0b29e
06d0e
08a56
057a4
0bb6b
0f1eb
0c8a0
03971
01400
06522
0014b
0177d
050fc
02006
06ca0
03981
0ea50
052a7
05f9e
08a15
0471e
0fcec
0c142
05982
01933
0b304
0addf
03249
0a27c
0e6d9
03fc2
03217
0baa2
013cf
0e621
099dd
06993
0bd41
04d53
0bd2d
05197
06a85
05da2
0c46f
06e53
0f025
076a1
0903f
05e66
0d04c
0df1e
0bfc2
08833
0b51a
0bfd4
0bfe9
0fe64
00c95
071d7
0b504
02431
028b3
03217
0fc9e
0bcb9
08a52
03177
071e2
0c697
0adf0
0b16a
0f5ae
0bf38
0db04
0e897
0f04a
0c4f2
0ea98
0e45b
0944a
0f255
0e34d
040ed
01555
09a41
0baf3
0d4d6
007b6
031bf
081e3
02eb6
0fd70
062c1
0e087
0134c
06205
0b9a6
0ff43
00849
0ce7f
06f58
0d7cf
0aea7
0f275
0a782
0db50
09573
0e585
07444
04361
0264b
0af79
06012
09796
06e7a
0da7d
0ba1c
015de
09fcc
0702f
07f01
06a73
0062b
001e2
0ad71
0540b
0294c
0cab4
0ea2b
0a3ed
04602
0260b
06970
04e64
0ce77
03444
0d39a
07b72
0a966
036ef
01a4d
0a6ff
008b9
082f9
0f4e9
08ff9
0f691
06843
0d0ba
05169
0f971
0cd68
0bd23
05868
0ef7d
0e24d
01435
00cc3
0653a
02dad
08514
019f2
05f87
05300
052a9
0820b
0e376
058d3
0e5cc
048b1
0a589
08541
00985
0eaec
094c3
05f76
0c20f
01745
07596
0d39e
00a5f
030db
0cba4
0b2ec
02db8
08670
0a3c2
00f09
0551f
05dff
0f6a9
03766
0ea4d
07475
050bc
0cec9
05b66
05489
04190
0ad58
06b66
03009
004a6
05d72
0d1e4
04c22
0ad2f
04d07
0c57c
0317d
0d5f4
0e21f
0f2d5
0784f
03a43
051a6
08ca3
0368e
01c23
0dbf8
017c5
07ea0
08c9e
00a5f
05e4b
0d7b3
0b168
0235b
00ea0
0fdb2
0e4f5
05f08
0e47f
06932
0023c
08fda
072c2
033da
0f825
02073
0973c
0654e
00787
0d557
02f01
0cb4e
0a33d
075b1
0476f
01b6e
05684
02012
0be13
0d16b
0731f
09ffc
0ef49
014ec
08690
09aff
0c1b2
05e3e
0907c
0c5d0
0a868
0c0d8
00269
02889
019b1
0c908
0fc22
0e8c0
069b9
0921a
0a4d5
0d685
059a8
0abdd
06e63
0f197
0b4d4
04f00
03212
0ee9a
0ed4b
0a96f
0e503
09111
04b17
09d2c
07a8e
0f7e0
08f17
0b999
00cd6
0eee3
0456f
02c32
037fe
05ecc
07aba
0b6f1
09f6d
07c89
0f46d
0c525
0482a
0fae1
00a16
0c3c0
0954a
09679
0b011
0ed78
09ed1
03538
00e2d
0521d
0d5ab
0e3f6
038d0
0ce99
00fdd
02d48
0eed8
06ddd
0837e
089b8
01db2
07db1
0e062
06f72
0b612
09ba1
0ac50
09193
0de25
0271a
0d14e
0fcbe
06e78
09699
04e33
0939b
07fcf
0e9e4
0fe5b
08d90
00279
00387
0a54e
0631d
09e23
02c02
073ae
0716b
0cbd1
021d4
02e33
0d904
0d4b5
034c4
01f60
0b85b
0ee99
09a1c
08b1e
080f6
05c3e
0435a
04bf4
08ccf
05523
006a0
0acf9
08c8d
08617
05453
03e5e
0c65e
0406e
0a6e7
0f6ed
084b5
0cf16
08f6e
0ebb3
0d960
0bdb0
03a95
082c7
08db2
0cb7a
021d8
01686
03c41
00747
06f2d
072f9
0e5a7
0724d
0d24e
0a877
0ba0a
0d6a1
081d9
0ae6c
0119e
0edd8
01257
0ab3f
04192
05059
0ea4e
02318
018f1
0f002
065ff
08273
0a7d4
00a56
0ee7c
0d281
0371a
06e68
06228
02f9c
01703
0ec0d
0bb2c
0c978
0773d
0c2f9
0e3b4
0fde9
045fd
09d0c
0aa00
03a4d
0397d
02357
07dab
05710
0fdc5
0dc4d
0b4ed
04ea6
05caf
0f55b
04617
0ea68
05dca
022e0
0fddf
0c16c
0fede
086f4
04828
0e603
0face
05442
09f91
0f747
06b61
09e64
09844
03980
0a3c9
070a9
070b1
029e4
03c11
06d5f
0745e
0b8aa
0e98c
0937e
07abc
0a918
058ff
0da1e
018bb
00bd2
075f9
04303
00fb4
0bde7
07a80
07b06
0e818
065a8
0b008
030f5
0cda3
08fd2
0577d
00de3
0d88e
03325
01464
0bb8c
03dba
06e38
0ef80
0013d
01860
0333d
0289e
0e575
0d7c8
0488d
06f1a
04464
0ae51
0d1d1
0ff80
0e57a
02574
0baef
06faa
0b077
0f31a
014cc
09ac5
01d5a
06a93
08eff
06181
04d0f
0a150
076ee
07fc4
01696
08663
0f5cd
0b6c1
09c15
0f6a6
0d826
0f04f
09128
06707
0642f
0d273
0e152
0a6c5
0c496
06076
05431
05e78
00d2c
0cf98
04006
05fa2
096c6
0452e
0a3ef
0a4d0
054b8
0471e
0972e
08205
0cedc
06d79
04e27
052eb
003ff
05b3c
069c9
02c43
02274
01cad
0edfc
0595d
0dda4
0c5a8
0b853
02635
0a00b
0de1d
0d76a
0c4da
0b31c
043e4
0c511
07b20
078d7
0b5ca
00881
02204
09630
00fec
09a18
0544f
0ecf7
0fd70
0f174
0a0cf
0d8cd
0a30b
0a952
0079c
0fa16
0cb46
0fdb6
07e82
0dcb7
041e3
0aa2e
06681
0cb8d
06a3e
03b39
020ef
03a0b
02ce4
00cb2
04d08
0eee4
02b4e
0ca71
08241
0e4b2
0680a
0415d
08dbb
0773f
01437
09256
0cb17
02fa4
080a3
03233
0ca46
0bed7
016cd
01319
0552c
0cc23
0bc56
06328
0b4fb
04019
0935f
0e2a1
0172b
06f4e
0c525
0b96b
06ded
0fb32
0739a
002ac
09c23
02385
06ece
05f19
000e2
0363d
0da41
02785
04de4
0169b
0221c
06156
04535
09875
0329e
05d07
078e7
0120c
0ca7a
07fb6
01f2c
04b6d
0ce45
097ca
0f63b
02b0f
0a182
0073d
0ece7
084e9
09a72
08db2
06df2
06287
061eb
0a742
0c8cd
05a49
01890
02409
0d245
05768
07dc8
0401d
0f743
08703
0e9f3
0257b
0794a
0bac8
0f7d9
01fc1
0922e
02923
062de
05f97
0712b
09266
0bac0
095f0
0209e
06c72
02c3a
0f582
00012
082a6
09728
06f8b
096b9
05499
054b9
006c0
0c67c
05a1f
08725
0338f
01b52
00932
0fa01
035ca
0908f
0f228
08e15
099a9
04fa2
0bc53
04e80
06bfc
0ceea
01937
08a57
06324
0f497
023b1
0f5bc
0bea5
05cce
0881c
0bdd0
0413e
019b6
0deef
0b9bd
0112c
0304f
067ab
0b852
011c7
05be7
0deea
087b5
077ba
0f1f5
03a6c
04009
03b55
0337b
0a878
07d31
02884
0b5bf
0c78a
0d75d
082ba
095b2
0dd3d
01f5f
051bd
016bd
0e338
04017
0d166
01afe
03da0
0bbc6
0e854
093e6
096f4
04afb
05fa7
01096
0baa0
09575
0dd81
0149b
000f0
0a568
07dfb
0ebd2
024f8
0b298
0c7ba
074a2
0a486
01053
082f7
0183f
0c713
025a8
04d45
05b8e
0076a
0f446
01e51
0a6e9
0c169
05b07
0a7b6
0a329
01fe3
03421
0c892
08fb4
0ce0a
008f7
059c3
0ad61
0b57d
0cd2e
0f84b
03935
054a1
07e76
08654
046ae
07821
075b1
06c23
016d6
0f917
083f8
07a6c
0599a
03568
00dba
08cf1
0ed12
0e0de
038db
03c87
05709
0f023
00748
06a68
0853b
03d06
0bbe1
033c1
04449
0163e
05789
0b727
09235
03856
0d236
0ffd1
02da5
0c9a8
0236e
0e254
08206
0c07d
0cd66
094ca
07924
05b83
0d26e
0ea63
0eaf6
01c5e
097ec
047ad
02baa
0332e
0ecdb
01e4d
03cd5
0f9b2
06ca7
02343
02f9a
0c22b
06b2a
01ea0
07efe
059a3
0c5e1
0ae39
03df2
023d5
00bd3
0c072
0f799
0e684
0781e
06265
04c45
0a33c
06afb
0830c
093a3
00941
092c1
04a1a
0a58f
032f9
06ca1
01c01
0e04c
06f80
03dba
04802
088a5
055c6
07732
00008
002d8
0fb57
0db4d
02c5d
0bc21
0e9fe
0d2c5
01aef
088e3
0787c
024e6
01c91
04d7f
03c2d
0ef13
0c8f0
0daf0
0ef28
06680
063b8
0e44f
03217
00784
09451
005dc
048a0
016f1
0d6d9
0d41d
0f2eb
0bd95
029ee
0e386
016cc
0ed1d
0f35f
02e06
07dfd
0f9c7
0da51
05468
0e41d
043ce
05665
0a0b5
05f79
09b72
01f39
005ed
0a61b
03b3b
04ee4
0d044
002d2
0f114
0dba0
0569f
00c0c
0c174
00593
0301f
0d6bf
0aa5e
0fff2
0d6a1
02217
046d6
0ffae
080f5
0b470
0e10c
0b48a
0a56c
0506d
02c31
072c3
0dc24
045d4
03dec
0ae6d
07e98
09ca5
0f02d
0db9f
0e2bf
0502a
0130e
0eaac
09c2e
00f67
01eef
010cb
017c1
06720
0f98a
0b95d
0bf13
09607
03af5
04ed6
087e2
0b8ac
07bbc
00986
0dd3e
0cf44
090ef
0b920
0bf3f
00752
03adf
07773
05794
00b1d
09770
06fb5
08e36
0a709
09e56
0e09c
026bc
0a1a9
0f4c7
09191
08f18
07cf3
0c6d3
03c82
06829
0d47d
02aa8
02736
0d7b2
0838c
0d869
01b9c
04240
06cf3
0e14f
08207
0163e
0db5b
0477d
0d3cd
08a42
0578f
05132
02a29
0b3c6
05645
0a4d6
06549
0de36
0b271
0ea88
0629b
0e736
0b0a2
04528
04e50
0abb7
0eab4
06ba9
02b46
00193
0c3c5
0fe86
0ad63
04bf6
0872c
00abd
0b4d5
0df96
0d3bc
0b97b
026fe
04050
0f3b8
08151
0ece5
00bdd
05c85
09426
0f001
0f0c6
00fa8
0b503
01967
08cac
0ba0d
07877
0d833
09ae1
04ffa
0b7e8
0cc8b
0ebfe
020a7
0211b
0ea28
015d0
0571c
0294f
094b0
06680
0d3b7
0ca59
06a2c
017e4
0bdca
0a1c3
09f30
0ebc1
02ed0
06343
08cca
0549c
0b99d
0ea66
05763
0bff0
021bc
09b0f
0bd9b
0e912
0f00f
060ff
0384c
02883
007d8
0623d
09635
0f2dc
0c332
033e5
02e1d
0859a
055b1
09587
0c771
0e3ca
01a21
06946
06de2
0ac07
00073
022e6
0557b
0e83b
02b03
0de17
001db
01b08
0f3d2
01b0a
081de
083bd
09625
0e084
086f4
0e8ae
02bb8
02d7a
048a2
0fd0d
0dc78
058a8
0d124
01388
04539
0ae92
046b9
0f572
039d5
0834e
05c52
07215
09fe8
011fc
03071
06fe2
06d0e
0f7f1
08bbc
061f3
0ceda
04eed
0f2e2
0be16
0d91d
0a589
0a93a
0ae0b
09a45
05cfe
0af33
0a026
0285b
06955
0cba4
0c104
09790
07df9
06831
009c9
08f94
06e5d
0527d
01b02
0fb64
0d5f3
008a1
00f45
000fa
0679f
0a60b
06ba8
00292
02d72
05b3a
01cdf
098b8
01b21
01aa5
03697
06239
08fdc
0f7f5
06c83
0ffe2
0d4f8
003a3
07dba
0ba06
05d32
0962e
0ce84
0d212
0a73f
01cba
09d45
00044
0cb72
09eb3
0a4a7
06434
0c380
0e025
07224
031f7
0496b
0b1da
01044
016d4
0ea94
01e6d
0f812
0452b
021a2
0964b
0173e
06600
0dcf0
097e3
05efd
0c494
0dd1c
066ba
031db
06302
09d98
0b940
070a5
075b2
01883
0f08a
0c67a
0701d
05c99
02b1f
00367
020dc
0c9e8
0f388
0e4c2
09bc6
0b67b
0b5ba
0501b
02c4d
016a2
0ff98
05f25
04d45
0c061
09f88
0db4f
0df40
08f5a
07a2d
0d0d3
03d1d
02767
002f6
01067
08a55
0ddd3
0f476
0d8f1
089c2
0ac0c
08120
04da1
071d0
02143
04cbc
047dd
0065e
03f6f
0e396
0adaf
0e8ae
00694
0533e
0617f
0b091
02427
0507b
0ec07
0e7cc
04c5f
07617
08216
08b87
0560c
0b936
03b88
0511b
03bff
09f2a
0a4ab
0c0d2
0d499
0eab3
06a63
0395e
0d1a3
05a77
00a84
0bd10
04f9e
072cb
03fe5
03c19
0b3f8
0ce1d
0d4cb
00a6a
0520d
032e6
0e232
0cd3d
071c5
07e43
003ca
0c1bc
0f682
01e12
0eee0
03210
097e3
0020b
09518
0b4c5
069ce
0c9e8
04b89
05eec
0be27
0146c
0da9d
0707c
08763
07467
01e81
06a38
0eb3c
0c7d5
0cb79
0f632
0df1b
028b0
0f5a9
0f53f
05c93
0cb88
0ee76
06ef8
0819f
0af76
080a7
058d1
0f029
0d337
0c8e0
03b1d
0f608
036ae
0c071
04e30
00f4d
01f3b
0795e
061e3
0afb1
05aa1
0a203
02cf3
0dfe7
051f1
0c708
07e5a
02977
03266
0e4c6
0fb55
05de4
0de72
0774b
05dc4
047c0
0dc12
0d2a8
0c0d7
01ab2
09cfe
07ced
0147c
005f8
0f172
06b50
01946
03eae
0a571
0ec63
06c4a
09e0d
04fa4
0b44d
064f0
04525
0c319
09674
01a7a
0c6f3
02cf8
007f5
05137
08abf
07b44
06b8f
0c489
00327
07ae7
0c24e
0567e
0de35
0dc7c
05dab
027e4
05815
0d30d
0e494
053d6
019ae
056f0
00a30
02745
08aed
04bc0
0ae2e
004fa
0850c
07f3d
0cdb9
09663
09aa7
05c7f
0969f
006a7
05104
0b103
02340
0e320
01f1f
01624
0c5e7
0c596
09320
0bc13
028a6
00159
04526
0757a
02f58
04095
075b4
0eec2
073e6
085d5
0780b
0b90b
0abf6
0ae97
0839b
08cee
0c618
0d355
0836f
0cb93
07440
05eb7
0b64e
02471
0c6c1
03c93
09a14
00c1d
0f493
0e5f6
0d76c
0407f
02971
00040
009dc
0deb6
06120
0efc7
0eca4
03d88
07b8f
0092f
0841a
01014
0f901
0edd0
0e98a
01648
03b38
096c0
06f32
0b8e5
043d9
069b6
05c8b
01466
0195f
0a285
0c505
0228c
0552b
0fb37
0e51d
08bad
0d5fe
0dc95
0632e
0963c
0a1c2
096b9
023c9
09b6c
03253
038a5
059be
0208a
0f001
0e805
06fc0
02f20
04cd4
0f215
0149c
09d68
08b6e
084b2
063ec
0638f
096e0
0c246
039d0
064f0
0e681
0e0e7
03c75
08dbe
0bec5
0b2f6
082f8
08c8a
08015
0cc8c
0436b
0fa93
03fa8
00c35
01ec9
03c6d
0f04e
066c6
0e8ea
07ab6
0cda3
0ef3a
013cb
0a454
00b0e
00167
05d96
088ee
0a64f
0d2e2
02941
062d9
04477
00128
0dc23
09f87
06e52
0cde9
03ae9
055b2
0803c
06b45
06528
005dc
0e31c
02776
084ba
06609
073c1
05f16
06e17
0eb90
055b2
0249f
0cb35
0349a
06d7f
0e31b
03987
060e8
017ac
0464a
0b26d
073da
00603
0d41c
0b79f
0664e
06897
00a5e
00b4c
0cbae
03d78
0c09d
0ce47
021e2
0639a
09fc1
065af
04786
003c9
0f0ff
0b486
08424
0fb3b
0bbdc
0cf20
082fb
07b85
0b1fb
0b5fb
0313e
020c3
0ce46
06940
09299
04baa
0e83e
0d046
07381
0b9b4
0d008
03b16
02b13
02003
03890
09c10
029a6
006ec
01aa2
063ad
0b593
0d9a5
0e980
0b394
0d486
0f835
0ada8
09f9f
0f2e3
0402c
0eec4
0938b
063bf
0accd
0dd82
08b62
03eba
0460a
0955b
0f67f
06a3a
08fd9
080ed
091d6
0c2fd
0bbed
08fb2
0ba6c
06da4
0e08c
07173
014a2
0d499
0bc7a
0b4d8
09b51
0c4e7
09ee5
069a4
036d3
0f69a
0ea34
0eb47
09875
0b417
0169a
03ec1
03f17
02a89
06486
02af3
0ae60
05a73
0e5b0
0e708
041d3
039f0
0b9e6
03f30
05670
0b63d
005a2
0afb9
0b13c
0ce42
07099
0e41a
0ff78
064f3
0796a
0cc96
025d3
02006
02e2d
099be
00d63
09c52
09463
0d5ed
08e8e
012d5
0bacc
07865
00b7d
089e0
07ce8
06f14
0e74f
0ec99
09849
0acb8
0356b
0c052
090b3
04abd
082fb
04470
01e4e
0c3de
00fbe
0ba37
04ea2
09fa7
069bb
0fa72
05343
0d49e
007f8
0d52a
0c1a8
02eac
04c09
060b0
0ca3a
0018f
0a578
06ff7
01ca7
07b44
088bd
0e246
0b42b
09343
0ad71
0af5e
07ff4
0c469
0e58d
06b5f
0d67b
0054f
0338a
0ec5b
0a832
0453d
0d40b
029f8
07cc7
09075
0d805
00400
09fe2
02f60
06abb
001d2
06365
069d7
021f9
04eab
0b3a1
0915c
09816
0b422
04330
0aa70
03ff5
080bd
0cb57
04fb3
0d56d
01174
0b0d3
00103
0a693
0c8ab
0f1be
00a06
0dcf4
0ca43
05a87
02230
0e7d4
0203e
065c3
05c76
01981
0c3b9
00ad1
00440
01a16
0d305
0d46b
01137
00f9e
0970b
0ca45
0938d
076c0
080db
09b43
08603
0a72f
0723b
038b0
048dc
01180
01f11
094c1
0d2b6
09689
00404
07ac0
0c396
00e28
06348
03e1e
08770
07657
05dde
0a0e8
0758b
089fe
0e415
06f3f
09660
08a11
03bc5
007d2
090ff
06c30
06ff1
05dcb
0232b
0b8bb
07043
0ecfe
0ffd0
0ac77
0c05f
07374
0ba1d
00c5b
0925a
0f653
0c463
0c84d
0343b
04ad1
02046
074c8
061f6
03d40
04729
0f5fa
0daad
07ebe
068f4
0fba9
0857a
01a6d
05847
032d8
047d6
05025
0117d
0ed18
0134b
09c4c
00523
0d8cc
0417b
03e51
06f67
034b6
058a3
0436e
02717
02a2d
07e9c
00526
04f81
05c73
055e2
0ae15
09122
0fb84
09fa3
01d42
035b5
012c5
071be
08412
068b6
01352
0b61c
037f0
0d6d0
0e708
007b5
091dc
073b1
0973e
06250
04691
0b628
0ec0b
0f054
08a70
0b2cf
0f7d9
0c9ce
0f6b8
04319
0c6de
09a57
09375
08cc3
08eb2
09fe0
01284
0622e
0e63f
058e6
0d653
0d918
0f69c
027e4
0b947
001b6
07c79
0d9a2
0e7a6
0efb9
01f36
094de
03b10
051c1
0b52e
0a570
0e532
0248d
0169e
0d232
00e0c
08f8d
01102
083a0
0f206
0ee05
0bb9e
0ea4e
0a496
0e159
0a82c
0c131
01500
0f6f9
04a0c
08fb2
0ed70
0e447
0af43
04e95
02a94
0fb43
02064
0af75
00b29
0f170
0aeda
03050
075b3
01f0f
087df
0dee5
070f4
038e6
08091
0bcfa
0758b
0a68e
09fdf
07894
0178c
03c6d
0190c
0db37
07e0f
068c8
0472a
0ad1d
0d697
0b700
02498
0c587
05d65
09ef3
06da1
0cee8
07cc9
0a4f8
0069b
00401
00b79
0412f
08ac9
0382f
03aac
0d5ab
0a88d
0fc97
02125
00d8c
02c8c
09eb5
016eb
0d905
0687e
09f7a
01cb9
0556c
04480
0d9f0
0fe46
08eb2
0c38c
0faae
03058
08fc2
07429
0916d
0e6c2
0cfc6
03c31
07d13
0a062
05cbc
0e393
02e5e
03cb1
08766
0d693
0e9ae
0b48f
09ddb
0fe20
0f184
0bfa9
03330
0fb41
0796e
07148
0bc91
0ab73
0b2fa
044f5
0e38a
05933
0f071
0e1ab
0d500
03940
07be8
0a0da
058b5
0e659
0f8ca
012d3
0a811
084d4
02ef9
08093
028f4
083db
0a969
0b62b
022a5
05d4e
0f48c
0de54
01f1b
0a84b
052e5
0b74c
0a6e0
09fc5
08149
05f8e
0e3d9
0701c
086b8
0096f
0638a
07467
0dd2c
06a8e
0fb82
0be93
03360
0d12b
036f9
004a8
0f185
07c87
0b644
0036f
0a5ae
03151
0e8ed
079e2
04dd7
09135
0d194
0c78c
079af
04cd2
09a3c
0c93a
0957b
00c0f
09956
06fd7
0733e
09fe4
04379
0771b
0b66b
06e88
0b8a1
0e2b1
0bf6d
04721
0d397
01085
09687
0903e
0559f
01144
0b1de
09af0
0d00c
00798
0dd7a
02f6a
00b52
08f42
09535
0f844
02d76
032f2
02b67
09717
00834
0348c
0be50
0d7e3
09b23
0a2fe
05d89
0b483
05b3d
0e7ee
06df9
00f1b
0558c
09ed1
0b085
0daf0
010c1
0ee37
0f21f
0916e
0802a
00799
09b84
04b4e
0dccd
02073
0713b
080d7
04633
015dc
0338a
05dcd
0eb31
06c65
028ee
060ac
07e20
04abd
07f45
000c6
00fd6
060f6
0b294
059a2
04b66
076c7
0df85
08640
0e679
007aa
079c2
0165a
0c6ff
09122
001ee
00679
0491d
04cb0
01b51
02642
06eee
094fa
0e8dc
07ce3
09d6c
0cded
03549
01078
0b375
050ee
05127
0b0b5
04c49
0a50a
09910
07bf8
0143f
073fb
03b45
098ee
07157
0cf84
0deb3
0fae7
0318b
0438c
05949
05112
0c927
026df
0c8f4
0eb66
06e4d
0753f
07468
0b4cb
07891
00f43
06022
00441
0e6c1
041cd
06608
0d14b
03bd7
0e483
0327e
0b5bb
008e9
0f073
00784
081dc
0b3b1
0535d
06b2f
0310a
05783
0ede7
01bae
00418
08d1e
0f2f6
00953
0cc7f
0d82c
0f3f0
031af
037ef
0f5dc
03c75
053bc
0a687
082b1
018d2
05495
0ca7c
0181a
05868
05b88
0af1d
03437
0b172
09fe3
04db7
0e4d5
0c45d
0e3dc
0122e
0f969
02601
0ecd3
02317
0f7f7
07cea
03191
04908
05182
0ec89
06ec9
0bfe5
0d108
02021
05b99
0424d
0f2fe
00d79
079e0
049ce
073db
0ac1d
0e18d
01299
028d0
0b281
02db5
0c633
0b8cc
0df43
054ff
00dab
0a1b0
0e2e3
0cf6e
043c2
090f9
0cb37
063fc
03518
06114
0ed95
072fe
07392
01762
09bca
0565e
08a15
0b012
09c71
0e183
0d34b
0bcdc
06f2c
03bfb
0728c
093a9
0cadd
0cb88
0bb83
0d951
03d3f
023a5
03459
05d09
06026
090cc
04d39
090c0
04f15
02c6f
08035
0aa19
0e0d6
04c79
09ec5
0f7fc
06016
090c9
00d7f
01374
094f5
04015
0f7b9
02a57
09787
07b89
03888
05e97
004d1
03e43
07d72
06dd2
04fee
0a5c7
039fa
04c99
08c87
03466
0e6b6
0a4cb
0d98d
0dbb7
06be6
0547e
005bb
0befb
0ffde
0d72e
0a4c3
01da5
04927
0933c
01361
02d76
0fd7f
0bd33
0fa64
0d094
04837
0bd90
0c20a
0108c
0de65
0cfad
09822
0899d
02c07
0b7e1
05b47
096bd
0c328
04c9f
055b2
09c31
0f353
05e06
0059f
050ea
0a60d
0c739
0a2c9
0aa5f
02978
0a39c
05f84
0cd32
0d5bb
0ef20
00cab
029b4
0ab98
02ef1
00527
0f26c
0b025
0c0e0
09a1b
0beb1
0a7d6
0002e
0ff59
0516c
095f1
06385
09348
011c7
0ca8e
076ce
08a42
0edc2
08af5
0a1fd
0521c
0d883
0def0
03bba
0060e
090c2
0bae9
04073
00d39
0f44f
0f9a6
0848e
04b0c
0e9ed
0d2df
0309a
0dfd5
06d94
00079
0ab71
08f2f
0c1e8
0c84b
0c8fd
07999
03952
076bb
02e88
00b76
079ac
0b732
0d365
01de8
02df4
00f8a
09609
00dee
0c212
0a5cf
0c296
0636f
0b4ed
00136
0aa62
0c118
04d0f
0755a
0cc73
0f930
0acb1
06aed
00355
06246
07e50
0465f
0b27b
07710
03a7e
0e606
0f365
0869e
0ae28
0aa39
0a171
0b299
0e6b2
0cea2
0b98b
0127d
0feac
01add
03254
0ef43
05d0b
02937
028b1
0b35a
04143
0e289
08780
03832
05906
08941
061ba
0955a
029e2
0ffca
0b26f
0414f
05851
07d3d
0285a
0a901
04705
08036
06850
0e206
0a864
0774c
0c478
025e6
09dee
006a7
0e869
0bbf5
0100c
0b0bd
0ed62
0e218
081a7
09184
0d941
01889
0d4e8
07ba5
0430a
0ee1d
00e26
0a6e8
0d7ff
069d4
0867d
07577
0e53a
0275d
0b29c
0ffd0
05386
05eef
02394
06ce7
0fbe9
0c625
04055
0d354
014be
02480
0a096
02091
0e63f
036ce
0ebf0
0a2ca
0ea8d
0368c
07dd0
0562d
00656
0939e
0cc81
04754
05c56
0962e
02076
04a25
09738
008d4
0f699
00c33
04ada
0d51b
09f46
0ad2f
04d8a
0af7b
0d0db
07f75
02f5a
081b5
02c38
020b7
00f1e
01801
0495b
02806
05e5c
029fa
084c5
03804
06e60
0625b
06f6a
017cc
072a1
04537
056fa
0aaff
04e68
04104
06a99
05c91
04b5b
02eef
024ac
07689
00db4
0f0a0
03ff5
01645
043d2
08c54
02877
09a77
0981a
0c19c
05c87
065c4
06226
068d8
0d65a
0f28d
0c28e
0810a
0656e
00a04
04e71
03257
08b64
07375
07b52
090ae
0d7ce
0ce56
0b8f2
092fc
0723a
0fc50
0a5f9
058cc
0ecdf
0fc4b
097eb
02763
0ee0b
0b961
0ee03
0b8a0
02c7f
0b030
00675
0fc79
0f4ba
0b2a3
014e9
0b168
0f7b2
0406b
0d4be
0b2e8
0b065
09f67
0eead
033ae
0cb26
02d2d
020c1
0b5cf
022c3
0d810
0368b
03b15
0f2da
0944a
0ab82
077db
0aa11
01eb2
0bf9e
0c128
03955
048ac
06223
032e7
0abf6
03ce3
009f1
02e54
0ace1
02cf6
07946
0951b
08121
04c75
07e15
0a50b
03caa
0820b
0a6b1
053ff
0b0ce
04e1c
0c8d8
0e0d5
053c2
04663
076a4
02151
0ed03
0e3bf
0f3d6
04e1b
0bbb8
008a1
0b7f2
02c6e
0020d
029bb
06d2e
0257b
0f293
0600a
0117b
0ea1a
01a22
03d88
05458
0edba
07dcb
0c0e5
0756a
0cf37
09da8
07134
08892
00e5d
0ee0f
024da
02ec4
09095
0af0c
008bd
04d5e
0ae00
05dba
0d8f9
0e74f
09d87
0305d
023a5
0a6ed
09c4f
0635a
00b70
0cc19
0bc28
0a0ee
0e936
0ba20
02b05
046c2
0db28
046eb
00ee5
0fbbf
00999
0b915
00d3b
05e6b
0230f
0f037
0ec59
04164
0f062
054be
04fab
0363f
05c82
02597
0bdcd
0a14a
011ac
0b613
0be3c
04506
079c7
0f573
09a0e
00678
0ab09
08397
0b850
07419
053e5
0c198
046e6
0ec98
0400c
00d62
01cdd
09d9b
021fc
0b31a
0750e
09bef
07ca4
07e22
001a5
0eb2f
03f32
0740f
0975c
0497b
07741
07f0d
072a6
0a8e8
0e4e3
0ba16
0f434
09291
02e64
00548
03e8f
0f465
074e8
05501
0cf95
0e9ec
09267
03d27
02982
0f44d
08b26
00a16
01265
0ec56
047d6
0263a
08e14
034fd
092da
0a66d
081f2
05b6b
0fc90
07018
0c69b
04fbb
02415
0547b
08ef2
00f4a
00ecb
0f099
09f06
00d3b
007df
087c3
0726f
0c074
0528a
04240
0e9fb
003f9
0e57b
0d8be
027d8
07fbe
0cafe
05979
05324
0f77e
07a3d
0d20c
01809
08cd6
07018
00e31
0053e
0bdd0
0c98f
02dcc
0a766
01e14
02c83
0e48c
05f54
07bdc
0cbb9
02a88
0ed5a
049dd
0155a
0a8b9
091cf
068fe
06e00
099f5
0e4b7
0c8d1
0fdfa
048d1
0fbff
01bbb
0dc4c
04cce
0e62c
0b74c
0be94
02b05
0b82d
0a601
00787
01e34
096e1
07f82
0a6c6
0df3f
0c544
03490
0608f
02af4
0f7a1
09884
0a345
0f961
0a3a4
0fb03
07a6a
07b41
0340b
06132
00248
0b843
0469f
07924
0a129
0e922
0b751
0ecdd
08bb5
02280
0490f
05b2c
0624e
08fc8
08e98
025f3
0c0f0
05ff3
0ac3c
0a756
0a9b0
05d39
08de5
03c06
0cbe8
0da27
0acf2
0e6f2
0faf1
04edc
06635
0393a
004e3
074a4
03b9a
020f7
0e600
0240e
07654
0cf61
0703a
0d5e9
00416
00e1c
09cb7
0a5b6
0ca9c
0b759
01db7
03c78
095d2
065af
0ce5a
0b6a9
0511c
0f153
04727
0c280
03a0f
04913
02e64
06b63
0b6bb
04d14
00d21
071e3
0cd58
03836
006d5
0dd8e
021a7
04c18
02f02
09b7b
0b546
040fb
0918a
0fb7c
098f5
084a2
09c77
052dd
057b0
0d959
0346f
001bc
06c23
03238
0f9fc
05dd7
06bd2
08139
070f7
09d77
080f5
0cc07
0216a
0a93c
0255b
012dc
0915e
0b848
08c7d
0bf68
00520
01313
0429d
0d829
00b36
0d876
03f5f
0e2c5
034d6
0915a
0dec5
0cdb9
05352
0ff20
01311
023ce
08f44
01049
02c36
0e7e0
008cf
0950d
0625a
01818
004a6
07094
0622a
043bc
09d6d
09d0d
0e8f5
04fe2
0ec39
0db2c
0b5f5
0a7ea
094a3
01170
0f290
02ae0
05897
0a61a
0520b
09d3d
056f4
0a0c5
0fe06
0d8ca
06369
0ac2c
06a83
031ca
095cb
048a9
02a9a
04f42
08244
04d02
07852
024b9
092f5
01d1c
0c73c
0181d
0624f
0d66e
028a3
03492
02a85
062ba
0c35f
0131c
02598
0081e
03045
0c00f
0ab36
08977
03041
05a87
00aa4
0b36c
0aa9e
0a534
0bbcd
0b68b
0b2cb
071f2
0da0b
0bf1f
0047c
03497
0c488
0187d
0e6a0
03448
006b7
0424e
0eab6
0c97b
093d1
0a37e
06281
0bbaf
0c610
0fdf0
02257
0c6d2
0ec2c
06fc9
03dc8
0bddd
085df
0486f
02032
00047
0e453
0939b
02310
0f469
024b9
0091d
0c189
0f513
09ad7
0b69d
0ceec
0cd0d
09545
074f3
0d03c
0201c
02fd8
05198
028b4
0eec4
0ebff
0bff5
01af2
09358
066d3
0d818
0b4e1
0f6fa
0346f
098a7
0cf84
07fb3
0be49
07c00
00a81
0e62d
0fdec
0c486
0b090
08702
0d604
00275
08f08
08de1
03455
065c1
0c984
01c15
09355
055cc
03535
0f345
0a5c8
04ceb
00b58
086e0
0e6d2
0be0c
090f6
07a70
0ceca
05f14
004ae
0e8b4
0bb69
048fe
06b78
09ada
0c29e
07547
0c0f9
02686
04bf1
009bf
0827e
057dd
0c8f3
02ea3
0e26d
03abd
05512
08013
0a396
05caf
0cdf2
0a545
06f81
0f559
029ae
0dc8c
01449
0fa6a
08310
06d56
09387
0465d
04583
00fb9
00fca
05f76
0b0a5
0756d
07c72
0eb38
0777e
0c422
0a6f0
0d008
0453d
0a304
0bb52
0a74d
0cf59
0cdc6
03a9d
04ccf
0ad8a
0302a
02024
0a952
04d07
067f4
04f29
02e8e
09242
0b13b
0bccd
0c835
0982e
02ea2
00ebf
0c292
057eb
0e5ce
0dee0
0a0d8
07aeb
0b719
0ba94
0bdcf
0b49f
0f0c4
0dfdb
0ff2a
02733
02523
05108
0a65d
0fd99
0f4f9
092d2
0cf2b
0279b
036e2
0f5df
057f7
096b2
031b5
0a2f1
06e93
03889
0f240
005f2
07fde
080ac
0d596
07d13
0fe44
0ef67
01358
05b2f
0915b
093f9
0dc50
0a42b
017e4
09a14
03943
0aa15
0e5f6
0495e
0716b
0003c
0ffa9
0942c
07abd
0c716
0fa97
002bf
0526e
0a70b
0e4fb
0e2f9
01e57
0345c
0d77e
069ab
0a764
0e171
0290e
0852c
0b10d
089ef
01610
0e1de
0d568
03578
02550
0426f
0c4d7
06827
0c2f7
05a70
03212
0fcce
0d3a7
0d7b4
05b33
0c256
0257f
0ebcd
06fc6
07a71
078f3
0b062
054af
0ea4e
0e3cc
0c00c
063ef
0dbe9
0ff9c
00b2f
0c9f4
0f6de
06979
03046
05133
09e79
041f1
0d843
02acd
01d6e
01271
087ee
0b859
01d5c
05123
02228
0c8c3
0f052
034f3
0d5f7
08324
04c41
0a99c
07c27
0602d
09e52
08117
0cb7a
05c61
0441e
0328b
0607c
00ad3
075bd
01afa
0a61b
01f5c
00307
0aac5
01c12
00c37
055c1
09846
0a93a
0ba61
06ab3
004b6
02465
069c6
0de04
002ab
0c596
0d00a
05c9a
0df0f
0de93
04031
0ee11
0c585
0392c
0174c
0c81d
0920a
00648
0205b
07f54
0a2dd
08346
0ec14
0e1fe
060d2
01120
03703
06e6e
05300
06cfb
09c07
05af2
0a867
0bd34
0b312
0238e
0ff93
04b04
075f9
01687
02e67
0cedc
01dd6
0fc75
08d81
07713
0151c
0bba2
06871
031f8
01f25
0126d
04dab
08989
020e6
0f3dd
0dfd9
02a39
0580a
00e98
0f734
01c49
05f1e
0cd25
06528
03c5f
073e9
0ecd2
074ce
08ff7
0bd80
04358
05f90
009c5
0aa8c
01805
0813c
05480
05c9e
0049a
06bd6
03aab
09d04
0bfa6
0b468
06055
01d93
009e6
06a20
07eb6
0b94a
02ad8
072c0
0f126
01adc
0f940
0aa5d
04459
03d22
0b181
055c2
04036
01d16
078a6
03a74
0d078
027d5
01e6f
09295
0c7ba
00d36
0705f
01913
0ec5b
0fb54
0510b
0b3e6
07ee8
0c7e8
0daa3
07d10
0c101
020b5
0c195
0fb47
06ffb
0fb25
04e64
03b1c
0c20b
0cca7
0c9e6
044ba
02688
09d9c
0b662
069c1
06e2d
0065f
067c9
0d733
0ebbb
014fc
08a5d
046c5
052d1
032e7
0be8b
021da
009db
07186
0122c
0582e
0f206
09fef
0d7c6
0ba71
05b52
019dd
02b2c
00857
05de1
0df32
069f8
07c42
01a6c
089f7
03a1f
0580c
004a7
02b96
03b2b
0035f
051e3
0fdb3
0d1d7
0ee53
0b871
0cdd0
06023
0eb86
0080a
08fe2
0276f
042f4
0ce94
03431
00169
05133
06004
0fb62
089da
0e03e
0c92e
05c2b
0a6e9
0222c
0ab6f
0fb0a
0d98f
09d32
0baba
0eef2
07e5f
0243e
0dd30
0b4df
02e04
07de6
0da41
0613d
03469
01d62
00a2f
010d2
09fa6
009e0
0d26e
0efc1
0b865
06da5
0309e
0121e
09ecf
0ded6
0954f
0225f
0f4e4
0c5c2
0d54b
0ba87
0e620
0b387
071e5
02006
0fcb5
02a1a
06936
095b4
03b82
0e40c
0ef36
0c601
0f13c
0cc38
086b2
013c5
0c575
0108e
0ddde
0c2a4
0b3e7
06f24
05978
03660
06855
08137
00807
088b9
0259b
0b1fd
048bb
09eea
0419c
0cfce
04da0
071bb
0e97f
05103
0dbf2
0250b
0fa6d
09dda
09249
0c962
07919
0f47b
0343c
072a2
006ea
06bc8
0cee5
08c39
0f254
05373
0c5fa
04a3f
02294
071ae
047bb
07a25
0ca53
0ac0b
0d47f
0dea9
060ed
0805c
0e32e
072c4
06b2c
0d1c0
0658a
0c144
0a03e
08ca1
02c8c
088e7
0c126
0db8d
0987a
0d97f
0288b
0b663
04b19
0f353
0234d
0541d
0d325
0406e
059f9
04cec
0addd
0292b
082db
02d59
0accd
090a2
0b156
06126
0f576
0e9f6
0a9b2
050f9
054ed
0dad0
0db65
02de3
018a9
0873b
0a5bb
0afef
05422
0131e
01944
0a10f
08eb0
0fbce
0b3ae
007c3
02a91
088d2
0af64
075cc
02565
0f24c
0aae5
0c546
03c53
0d456
0a15c
05506
06916
0de29
0c884
030b6
03d0c
02178
0c32e
0c4ef
08541
043e0
04795
0b0f7
0cb48
07719
0b5e7
00da0
0c689
058bf
03b1e
0a8ea
0cffa
0fa69
03334
06028
0966a
0897b
02b0e
088a3
0d70d
003c3
01a01
03216
030d4
02713
0f0ae
03476
0e33e
0e78a
0a0e5
00c2d
0b595
0a00a
0628e
0dfd1
00b12
0015c
07a54
09363
09e2c
06e48
06f24
06e05
0998f
0738b
00558
026eb
08b62
0acf3
03ac1
0e33c
0e309
0147f
0a22b
08eb8
0df7c
04c1a
0d96c
0241b
089ca
00105
05eb4
02e62
03ac5
0bc10
0c2f2
06598
0cdd6
096eb
074b4
0bb00
0d454
0f252
0fc54
0d461
0ed54
04d65
0f118
0fe68
05070
00432
079df
04f7b
03b18
06120
03d5f
0507a
047ec
0ee65
0f17a
04c0d
0d861
012de
02fb4
0f355
0f54e
00df3
09285
035f1
03a6f
04557
0d82d
00989
02922
0b5c0
04e7b
0cea7
0893f
0398c
0ce33
0f1ff
01453
0850d
00af9
0c172
0b100
09faf
04894
02db8
0e89d
0ff05
0eb5a
09737
08310
01f48
0d899
0c9e3
0c099
063af
08310
0b09b
0a1a1
02660
033a2
0b196
0dc9e
0e33e
0a4e2
0a5f5
0ee5f
0a20f
024be
093bf
0187b
0b8b1
0cb14
0fd4e
0d38a
0b6f2
04e12
08134
0945e
06b22
068f9
0a688
0ef97
0711c
019cb
08074
0d8a4
0c24c
0bd3a
0a87e
02b3e
0ca39
06131
01eac
03952
04308
08f30
0bdfe
0fc94
00e53
0896b
0a1c5
0067f
0cb71
03f7f
0bebf
0528f
04576
05008
08c5e
05874
0726a
0c4be
0a6b9
09eef
0099b
0b31d
0acab
09907
0856b
01301
0672f
06303
0a8ba
0b2d0
0ae67
0704d
0181f
0cab3
041f4
0e5db
010fd
0f854
0c131
0a566
0c22c
0500b
095c4
02106
010b1
0c049
086b9
03cb1
0537b
08054
0b7f5
0a27b
01248
0b4fe
07d20
0e671
0e4c2
0f49f
0c956
040ce
0707f
0eb77
01186
008b5
0c609
042ef
0049d
0a22f
03623
0de8c
04a05
07543
0da58
0791b
09555
0ffd9
08665
0c113
060c3
0f616
01430
08688
015f7
0dcf2
0600a
028b1
0a017
03200
0fe62
08888
0e437
0a811
0a57f
0bf41
00304
07e45
0bcb7
00fd7
0fcf1
0aeab
0ee54
09b1c
0d0c4
016b5
0c25b
092cc
053cd
02d1c
09f84
09ce7
09da0
05007
0e612
0d2e8
06d62
09930
02df7
046dc
0c5c0
0c405
03ada
09142
05491
07d14
0921f
048ba
088a5
078f9
0c70b
0c9fb
042ee
0b48b
03560
07073
06c3e
0fb6e
00963
00411
058f4
01eaa
0dd08
00a4e
047f9
0e5f2
083e8
02e13
0c514
02699
0cc6d
0733e
09da9
0477a
0f065
07bed
0a063
0f012
0a763
05a47
0b578
03580
0c899
0db0d
006c2
0f24f
040a7
05fbb
0004e
0902c
02902
0c995
038c6
0d80b
051dc
0030b
0b118
04e2a
0820b
01848
05abf
09bdf
04971
0ce5c
03a31
01099
0de4c
04819
04e6c
03ce3
0ef8d
0ad14
06e25
079e5
03471
00fda
08e40
0f141
0b275
0b614
0e29c
0bba8
0aa26
01b4e
003c7
07fa7
0ad29
0fee4
0d1be
09f2e
0e639
037e7
0eb6b
03ca6
0568a
0400e
0ba84
0a292
0122d
01525
01252
0bd00
0d58d
0615b
08e43
08526
08927
04c95
0fc7a
0b784
0ceaf
0541c
0a4e0
0deb9
0e32f
08fef
00cca
0a3aa
00772
0bccb
04718
0d135
06801
0de78
057bc
0289b
0c533
09ec3
057e5
08c67
072ab
0a412
05063
0d956
0324c
07e2b
014b4
0968b
0692a
09a7f
008ef
006a1
0dedc
037d6
02321
04dc0
0857d
09602
02b0f
03a7d
0bff0
007bb
0cb9a
0ff89
06388
09222
032cb
0ee83
0a219
01dce
0dd81
0e658
07725
0ecad
0ef89
02f7d
0a141
09c6c
0d6e6
02c70
021dd
0d6a8
0e408
0e94d
0df25
0a8bd
0e030
028fb
0ba73
0b1b5
01804
0d8d5
0cbd1
024bd
07241
0ff2b
05733
0bf4b
044e7
0ce96
038bf
054eb
0e655
0f42b
00add
08414
008e6
0aef6
08f9f
0d34f
0d140
053f1
0acd3
0d219
0e9ea
0942f
057dc
0f857
03a25
044bb
08e6d
0b344
0eb89
0ecb6
0a972
0ead0
0987e
0e559
05b31
053fe
04a3f
0fb75
071a1
02571
0c806
0674d
05cce
01891
04859
06dea
07017
06912
06dfe
05081
05f86
07c70
0e0e5
00ca4
03e4d
007e4
0a60a
071ab
05a94
0dd59
020ab
02211
0e4eb
06055
0d645
07b98
09ce7
012ef
0253a
057a7
0aa71
0b036
030b4
0a8d5
0a91e
01b47
07323
08701
08def
0d4a0
0490b
0b8be
0d7c5
066c9
08c60
05bce
0b947
0bca8
0eea6
0d8ca
0b78d
0df83
085b5
05006
0dabe
065b4
09a73
0a680
0d88d
004fd
0432b
0eb06
094cf
04352
0db01
026cb
07241
0f4c3
06b02
0eb85
049df
0d1b4
0cb64
02727
0c7bf
0b623
058a5
03889
07386
0dee7
03c38
00744
07839
0b08e
047ef
0e17e
0de32
0bc7e
05119
0755c
01dfb
0a775
041ba
0d3a0
0fefa
0d554
0958c
01d23
04486
01c38
02e14
0cadc
09df3
02c31
0987c
0bc18
0f21d
03d96
02601
03464
0fbef
08957
06a9b
0f994
06aba
07432
0739e
0a5d2
001a8
0eb3d
00017
0f39a
04a9b
0e20e
03b5e
02bb8
0c4f1
0a4a7
08ade
07276
07e90
077dc
0b986
0b1d6
0e31e
090bf
02add
0bf5d
02db3
02bd9
049de
011b6
09a27
0910e
040d6
04545
0e19e
0ecec
08ad2
0d9a9
0c91f
05485
04c4d
06584
0d8e4
03037
0b918
080f1
040c8
05569
071bc
043fa
0fe85
03745
08b26
0a100
07ca4
0b02e
09e0b
0ccc3
003d8
0cbb5
0ff38
067ce
0c300
0c548
0dc00
0b293
0a3d2
086e6
0409c
09e94
04b45
04fd0
00b66
0c012
04e08
096ae
0bd2b
0a6ef
0dd74
0ea68
00396
0a18d
0aa1d
06217
06ff9
0596c
04f07
00825
00625
05c34
03f6d
09003
05092
0f534
0a448
07c30
06638
02cae
0be3b
0d3ef
0638e
04f0a
0cdb9
0dd92
0c533
0c5cd
0d2c8
02ad8
0da9a
00bea
0da93
024c1
0d82c
0b71e
0ce86
07b3b
0e4e3
0eba3
01135
0a23f
04cd8
00f26
00678
0bb54
05420
0ea01
09817
05878
0fd98
0d241
05518
0232b
0d6d7
01420
0da9c
0dd8f
0c410
03337
03216
04ba9
09cdc
05947
0847c
0aeb6
0b8ee
0457c
00277
071de
0435a
0a9a9
06519
02849
0dd6a
049f1
03fee
05b1e
02807
07ba5
00580
0f9e3
0ad9b
0ec88
02f74
0168f
0e0b1
0f2b0
0d6e3
04b1b
0aa44
02aa6
0ab09
085e1
0fb2a
03e4f
0f7ee
03804
0b63c
00e4b
05709
0b9e0
0d513
096dc
017ad
022c4
06e83
0662c
07ecb
0f742
06c13
0aa99
02f9b
04161
042f9
0208f
08d16
00297
034d4
0676f
0c47c
045e5
0c06b
01da7
0dc96
0886d
02c2b
0a888
04e88
09b08
07289
0db90
0f7d7
0f2f8
0f2d3
07309
0a3e7
010b3
01e61
03fd2
0e035
07cc1
0641f
07c20
069b6
04357
0fe81
0f355
07dc9
08ba3
0d46a
04f31
067b0
05fbb
0cd8f
033f4
04105
0cd61
071c0
02903
00813
0f7f3
02b00
07371
0f391
0ef0e
07bee
057fd
0b40a
0cd98
0f2a2
068ff
09b3c
0b99e
08382
01e52
09007
0b2ce
0f9a1
090a9
09414
062ee
01df9
0724b
0c375
03647
0b366
03447
02e73
02ab3
0f0f5
03c76
04d03
05880
047f8
01197
0b5a8
01d36
03e77
00719
0d4e9
09fd4
0d2b6
0837a
0a88b
09fc6
0733a
00c85
0612c
07d71
044bd
025d9
0103b
0312b
05943
06450
0a951
0f076
02984
01b15
0b306
00a21
082f0
0b63e
046fa
05b26
05337
0f548
08d86
09fa1
01b14
0abc0
06ca4
08bb2
0e429
03145
06e78
0fc7c
06e32
063c4
0a9cd
0e60b
0e745
0f274
0d9f0
08f86
03c61
00d3a
01765
08f21
0699b
05a79
06e2a
0fdcf
0cfae
0e326
00d12
07820
0b39b
0121b
07ae9
02eea
0ba68
055f2
04c6f
0cb2e
0dc57
0117e
057a2
0f9c6
01fff
07041
021ee
0e1c7
08972
053ef
075f4
09de8
0c701
0d1c2
09226
0e334
072f3
08f46
0eda3
05d5f
08be8
0fd33
0ec3c
06892
0d22b
08a03
0bb7b
09ba3
0ec40
0a805
01dfa
0faeb
0bd08
060e5
0856a
05d3c
00d81
08ec6
04702
0b0ef
059b6
0eccc
00f54
015e4
082bd
08a2d
09aca
017cd
00417
019de
0e674
03638
0a97b
061e5
0306c
0e8e3
05c05
0bcfe
033f1
0df9b
0b456
0ff77
012bd
083d6
0a315
00672
03dcb
0539f
0537f
02971
04d29
09bd0
08be4
01a99
07ec8
0276b
06dae
0c5d9
09cc9
0da2e
0fe0b
02d4b
01038
0171d
0f593
01f6f
0e8c4
0ffbe
0fa4a
0a007
09e86
00d1f
09e75
0e2f3
0df4d
02b50
0219b
0d905
0ff17
0832e
0beb3
0cea5
0619b
0dfb7
0e46b
09cc9
0696b
07498
006cd
03a4d
088db
0f9c5
0bf15
0328a
05f49
04e7a
0fcc4
063c8
0df84
0e32a
076fe
0d60e
02168
05a67
04494
0da81
027ed
03494
018b6
03b78
0c5ac
01bd5
07dc7
0682f
0e634
00388
0093c
04173
024c9
0dd51
03d54
0e2e1
0c91d
0c531
07a5a
0a37d
0e289
03003
05489
09748
07af7
036e6
08ce5
04837
0018c
02c74
05176
0db4e
0fe9d
0d7c5
0ac75
06aec
06df0
02d21
068d6
00825
01fb3
0c2a4
0499f
00956
0d590
040f5
04626
0f73d
0948f
0a339
0362d
0774f
04ded
0b8d1
0c397
0b42c
01dc4
04255
00b6a
03275
04703
005ea
07b21
00f5a
0b484
0d15b
0e842
04f27
08edf
006d4
033ec
0eaa7
0b6f4
00f20
0fbf0
03051
0a99b
0ba4f
0579e
07d2a
0255d
0aa54
03e19
01320
0e2a3
0924b
031f1
0ee9f
056fe
07f54
0e290
002c4
07c61
0acfb
00215
00a01
0b1ce
0cdc1
00112
0bccd
042eb
0f36c
05636
07b0e
0ab54
0b0c9
0effe
07fae
0d440
08067
07466
089f3
04dc9
047d5
0746d
0903a
0d494
0d383
08ee8
0f1f9
0a922
06eb4
098c9
08c33
09a06
05795
0575b
03b92
00b3e
06f4f
020cb
0dca2
05505
094a2
06c61
09701
0d123
0b5b4
06bb4
08f6b
05110
06d08
0963c
07150
02a5a
09589
0a5cb
07e30
0607e
04a32
04339
08d17
04ffd
08c3d
03e56
0bf06
0c387
01e76
0aad8
02c16
01a16
052f4
0a539
0621c
09361
03093
03182
04f80
0bb13
0c768
09ee9
062dd
040f2
04943
00d8f
01d84
03cbf
09dd2
0fdd9
08985
071f1
077bf
0a6ba
0bc8e
02833
01d75
01747
0fda2
011a2
06e91
03c2c
0486e
077f4
0110d
04434
07887
052c9
0aa58
01c31
010a4
05f58
04e1c
0d6cc
017ee
08eff
07c72
0fab8
0ed35
075e2
0ca92
013f6
0bec5
0c6fc
02558
0bca8
048a7
03852
07cf2
0fbe4
0d4b8
087bb
01506
0dc1d
00d27
0add9
0a500
09fe7
0e1a9
05651
09f7f
0d80e
0eb4e
0ac63
00b14
056ec
0bfaa
06571
08864
0e33b
02a55
053bd
022dc
02313
0d654
0bfa0
076a3
09397
0a340
0a455
0f22b
07a9d
0df19
0e02a
026be
03c88
07fd4
08886
08ca5
01344
0c93a
0592f
0c1b3
001e4
0c9ef
032bb
05af6
01331
076bd
0c7fe
0958c
0ba60
0dc72
037b7
0a897
0254b
02a38
0ba95
09189
0f80e
0a74e
0f6e4
01dae
0c735
0e621
0bc0b
061d8
0a1e6
0a0a5
05ddc
0be05
021f2
0b64d
00b6a
05a91
026d7
00190
0df24
00f6f
0e4a9
0868b
0b3b7
03912
06d8f
00214
0a7ca
07c4d
098d5
0fc9e
0284c
04251
01bba
023fb
098f6
00e12
0b3ac
039fe
08ca0
089af
03017
057e6
0a2ea
0146d
01042
00040
0b6c8
066f7
0105e
09c32
0658f
0dc29
0fc20
0fb10
02e2f
07233
06c4a
0cf8a
0aeaf
0f832
0ea90
0ce83
0cc24
097f1
0bfd3
0de69
0a19c
04143
0d16c
03376
070cc
0f8ed
08d44
039f1
0bb33
0a9af
047e6
0fb67
08164
043e2
0fc5e
04094
00734
0f41c
0f0c1
03dea
0b4d9
0aa76
0ac67
0f70f
0fa44
0ffd2
0a49e
0c241
05820
0723f
0b118
039b1
0453a
08b48
0b14c
095da
02957
05d3d
078de
0a478
0f4e4
0f5a0
02912
0c5bd
079ca
0208a
0bd0a
02668
06e51
0f6e1
0af19
0b2ba
02fed
01c2e
0d27a
0b96d
05db5
018fb
02cc1
080b8
0a719
0b21d
05eca
023df
079be
076ad
01d81
0071e
014c0
03ef0
0e9a8
0cf7a
04401
069ec
0460c
0cb01
085f8
02e59
026ad
0653f
03067
086dc
03236
0a25e
0143e
04598
0bdd8
0290b
04c4d
0b597
0e214
072b4
0e19f
0fd18
0f91e
03d37
076ce
093bf
00833
06c20
0ffad
04ea5
03f8e
0741f
0e26f
081fd
09ba5
0543a
08310
02bc2
041de
0c31b
0b560
0e3d5
0a133
02269
081f2
068bb
07e8c
08b55
0873f
0fefe
02374
0fd3f
064af
0726f
00a41
06c83
08df0
06796
02d24
05313
0dda6
047bf
039ae
0cba6
0dbec
08943
0a072
05d39
0b07a
0ae11
0cb6e
0fb1f
0fe3c
02f7c
0cf6e
07191
0860e
0ae88
00894
0b677
0b8ba
09dd6
06e85
087f3
05bf7
04d76
02c51
06329
0104a
0b231
08783
0b445
0b8e0
0bebe
0d01b
0b0e5
0de79
0df85
067c1
024a3
00e0a
09921
05be1
068e2
0e22f
09267
07a64
052e6
05eae
0c4ba
03d75
05c77
0abbd
035ed
0d19b
04210
0569d
02a52
0671c
08c24
09d45
0759e
06899
0d8f2
0cfa7
03a06
0c7a6
0fa53
087d6
045ba
064df
07361
03c97
08bec
0dfc1
004be
0bcb2
0c44e
03110
0ca31
0a764
0fb4b
03303
0e7bb
05a8a
0e7b6
0e13e
0585e
0383d
02f21
01643
05678
0c9c9
0c6a7
068b0
004f6
002a7
0625a
032ed
0ebe3
02e53
03403
0be86
0ace2
06757
09f4b
0fbc7
056d7
0cc25
015e2
0f635
0d0a3
0f5c3
01c75
03ecd
0f3d8
022a2
04123
01ae7
090f1
08096
00fd7
08380
01a79
0e89c
08235
05579
0e7b2
02187
0b8c6
0c787
0afeb
0cadc
0f90f
0343a
04042
0fb93
073ac
00822
0544e
0ebb0
05345
031a7
0fc74
0acf8
0de4f
01fc2
06c96
0dd73
0b3a4
0ff5d
01e34
0621d
020e3
08500
00153
0a720
00a39
04296
0418a
01768
03529
0211d
0966c
0dfda
037f3
0c38e
0ca09
0c0e9
002ad
09b1c
09812
02822
0d5ea
08f74
0767d
070b4
0e37f
04c27
07a06
063e5
01ecb
064cc
030ed
05e93
0ab57
015c0
04eac
0a794
0c663
09d5f
0b888
063f1
0292e
0b375
0b2c6
02730
071cc
0d933
03ee3
0c050
0d36e
0fb36
01d1f
00e0f
0d0fa
04b8a
04cc2
0bb86
0f9a4
0ed82
03939
0dc42
09886
06ccd
01896
021af
0b77e
01495
0a027
0dfb2
0c6e6
0a9a5
059ae
0fd28
02599
0f20e
0d237
0a89b
0d338
0f678
08b5b
06b24
0c1bb
0455a
0278f
00f6f
060d5
03152
0177c
0d131
01fb2
0064b
0c0f4
05b12
01c52
0733e
00759
06bce
0f92b
0d818
06771
0007a
06040
0f20c
061b9
05ee9
02fdf
09e98
09507
03a7a
014f8
0acc7
0a19d
03036
06a5a
00dc7
0df9b
00884
09459
01cd2
0e6a5
0c06a
0dbc3
0b325
06c70
005fc
0287e
09d1c
03ee0
0f70b
09595
045ec
0dc5c
00ffb
007e0
02b86
069f8
0d5dd
0e2b0
007c5
01c9e
0d262
05980
0f392
01ded
08b83
0d563
0d840
045dd
06df4
0b609
0ad67
0620a
088a4
06406
04b2c
06e5a
004f8
0c8dc
0c158
06b36
04681
051fa
01b8f
07f0e
0767f
0e955
065da
0c08d
0db89
004a2
069bb
0f40b
0a67c
080b1
04b4f
0a8a8
07f10
02896
0858b
021d7
09293
057f4
0828f
06ef0
01996
04412
01252
05fb2
034c7
016be
01e70
0ab3f
0020a
04027
0ff86
0d62e
0b6e1
09335
07f1a
0b938
077b6
0de62
060a3
0d6c7
00b3f
093ea
07421
072b4
01eff
0e7cc
0c059
0b3be
020e9
0a45e
04897
0a2a5
03ad8
0536b
0f4f5
05367
0b273
04da2
04f76
09f8a
07434
048f9
04a8e
08630
04df1
0c55e
04dac
02a28
051ed
0e8d4
05e80
0e72d
04a20
0acef
07d3a
0f65b
0fa33
052d3
05d28
08c38
004c0
0e545
0e8be
0147e
0c40e
03594
07bbc
06822
09334
0e712
0cddc
067a9
0a361
0fc98
09a0f
0c194
0a5bf
089fc
0b181
036e5
0c761
0bdac
07d98
0b902
0adb2
09e84
039ce
0aa00
01dae
07521
00661
028b4
0f907
07cf7
0ad88
09e5e
0f556
02c9b
0d432
0e6ad
0601d
0478c
08c2c
07e9c
079cd
06931
07be6
0b313
07952
010e8
06e55
0698e
03c7e
0e7f2
073ab
0590e
0781f
0baa2
01da0
0425a
015cd
09a6b
054fa
0d48c
0a0ad
09fac
08fb3
0226d
0c0d4
08715
059cd
04ae1
065bd
01379
0db91
08f8a
0cdf4
048b1
01b62
0eb3b
04df8
0daf5
07fce
037c7
04c00
09191
0bff2
07a61
09a28
089ef
0d115
07612
03d69
00220
0c61a
0377d
05c8e
04cd4
0935d
057c7
0ab51
0e9aa
0d1cb
093e3
024b3
0aca0
074a4
0b869
0cff1
0f6b7
03785
008d2
0af76
0e898
0dda4
02f58
0fe90
05d44
020bf
0c223
0f9d9
00e01
08fb2
0751c
0bd9d
0a3a7
03ecc
06ab1
092f3
09c5e
0e610
090f5
06afa
0f6d3
0849c
04561
0ee99
0b31e
0b59f
02a22
099bb
0f1fd
060e1
08c08
06d5b
0f00e
012f6
059d8
0c3f9
00e2f
090ad
06b7e
0ba92
0d540
05473
0fa7e
0ffdb
0f4d7
0f5e2
0b472
085ad
0df86
0ebbb
01139
0d023
01f18
04ee9
02dbb
0c062
01e9f
002da
09897
03af5
077ef
08178
045f4
023cc
0b521
03333
0a115
08492
02191
06012
03f57
0192e
02cbf
0457a
034ed
02fd3
07116
09de3
0cbff
01209
0a400
08e2f
0e1cb
08271
039ae
0f152
0566e
0fa26
09000
0f629
030ed
03d20
09411
05d02
0ace5
007ca
06f0a
00b12
0edcb
041ef
05093
0dabd
092e5
0a6f9
03b7d
0971e
0f63a
05de5
0b3dd
02a33
07a0a
0db32
0f56b
0adec
0d6e1
07c95
00315
0cb96
0fba9
0b8c0
0467e
05480
08174
00584
0f1d9
051f6
05427
0233d
03689
0699a
09495
0b47e
08431
0e4ee
0ea98
0fa5e
090a6
0ddc1
0a948
06da4
0b47f
01deb
07a01
0ed19
0b6d9
00cd7
06d60
0ad76
03470
01e1b
0007f
0ae94
0f51a
0c73f
0dc25
05a17
02a3d
06b61
0f38c
0df68
08466
069e8
04da4
0b26c
066c7
06617
0ae2c
0ec2d
0ee8e
0e402
0200f
0ca90
0af38
02ce4
0b811
00796
06aad
03396
0ffb0
0f2f9
08439
0e54d
0c6e8
08129
04c67
04ca9
00356
073fd
0a68f
0765b
0fbd8
0751f
07ff1
0c107
02c09
0816f
0bed4
017d4
0e5f8
056f9
0c290
07348
0908d
024dd
0966c
00daf
0a8c3
05855
09f10
0d8f8
042a0
050fa
006b3
05894
02e61
05e2a
07b09
0b3dd
00b00
068e8
007b4
0151e
030dc
08345
035b0
02c22
0d650
0f37c
03117
0ff36
02922
08d97
0f163
0fd33
0c4e2
08409
02690
0e559
0a37e
05b94
02b2e
07244
0f534
0f03d
050e9
095b1
094e0
08198
07bb9
02331
0f51f
0ba8d
08ce4
030ba
082d6
00714
0f103
07b78
024ab
04a3b
0ac0f
0edc3
012b9
0a341
0391b
0773d
0f21c
0c908
0bbbc
07aee
0a73c
0ed07
0f344
0025a
068ba
0328e
09199
0a609
07013
083ca
0345b
08655
08d81
0a5b8
042f0
0a591
0599c
0cfbc
0da0b
01f38
03515
0b905
04e16
03a23
0418c
06d4d
06783
00eed
0f62a
0783b
075c9
0f96b
0de9e
0a026
081d8
02fa4
020be
0aa2b
0d3ff
048a3
0640e
05fc2
0cd86
0665c
0c7fb
0b7d9
0ec5a
08006
03568
0a2c4
04dd5
07db0
08d13
0824e
0d0e8
0f668
08b08
0d076
04b18
0789f
04d21
0a8fb
09d06
0be8a
03d07
028e9
062d3
014c6
04e4f
08306
0619f
03553
08605
01ed7
01fff
03372
05721
031e5
0034c
0dd3a
0d1d0
0af4a
007fb
0ef91
0bf83
0038a
019cb
0bc03
08b3c
0158a
00895
044f2
0b93d
04fa1
0b28b
00333
039ae
0a4b6
0c6b2
0642a
0b51f
00a29
0c0a5
0e245
0a828
05bf5
0d03b
0f084
08159
02b86
043d9
0a1cc
09b03
0e797
04627
01ff8
094e5
0af28
0fd2f
0a738
0d0bd
0c8e3
0eeab
00838
0b519
0938f
0e8a5
05fe5
0de9a
01e81
01a61
0ebe2
08938
0ce94
0872f
02c38
00fc1
01ae1
0c2e4
0897d
05b0d
05fff
075a9
0ed60
0409d
048b7
087f3
0749b
09935
08949
04ed9
03570
09e8c
0f609
0dd4e
010f0
01913
0eea3
0da48
07a5c
04750
0cee5
0d727
0cddc
04316
008bf
0b95a
096b9
02e44
001d0
0ce29
0c976
0b96e
08a56
0ac25
06a9f
0f97a
02e7c
08617
06026
079e9
0be9e
02bc0
03f2e
01613
0db3d
0a85e
0a1b8
035d8
0c117
0b74e
07547
07234
0a1de
00893
0209b
06ede
0baf5
05333
06285
023c2
073d0
04ffe
02a1d
07c44
01797
0d647
0aa20
05727
07b35
02204
0a4ec
012f7
00aae
05d59
0020a
0f19e
0d312
0ce50
0e2aa
0893b
003ca
0b08e
0c8d1
0580c
0c521
0e731
09ee1
0fe73
09d86
0f8ce
05db1
0562f
039e6
09688
002b0
0ff08
0aab7
04ad8
03566
0412b
01826
036b1
0aa2d
0c4a1
06f15
08b5d
0534c
080cc
044ce
0543e
0c451
00d86
03fc1
01a61
0ecf5
0c89f
063b3
01d34
01471
049dc
07bc8
08134
0e1a5
0e285
03e41
01a6d
04966
0ffc8
02bb0
0d564
0e31a
0c174
0c4f1
0bac4
083bd
0edee
0e3c5
0419f
03b05
07956
0089e
04a57
04293
016b8
02172
05884
07ab6
07a17
043e4
06904
0db23
0d6fe
09e62
0c696
0f730
0ba24
0a410
05bc9
05d44
0716d
0520a
083a1
013c7
0f2c5
05e66
0bd8c
08781
07da1
0ad4c
0a264
0d4cd
03751
0b06b
0bd01
0679a
084b0
0efde
08c0f
02ad6
06e6c
07d80
0f173
0ce28
084f1
046e6
0b4e6
04bbd
08150
0a2b0
0edcb
0c3f1
03ab8
0c579
04af7
00e3d
0d4c2
002a9
0d8ff
0c52f
05312
0e520
05a7f
00a7e
0504b
0502b
0c902
04302
0cf92
0cff6
03922
0a732
010c5
0c825
05673
00b99
019ca
08ae7
0ce88
0c32f
0ea61
0b200
00a8c
0f2f0
02cfe
01d9b
0bc0d
001e4
03473
0729d
02963
04fd8
0739a
0f092
028de
0bc9b
0fc80
07f7c
07c25
06fc2
06691
067fd
0db1e
0ce86
003e4
044e8
05e77
0ce90
0a5cb
0a76a
01ace
0e999
03963
0bbc7
0956c
07308
04e3a
0d841
0c17e
0a9c3
0605d
01fe9
0a145
0a34d
0fd32
016be
0742a
05b45
07f6b
09707
01f5c
0e48c
038ce
0121e
06b58
0afa2
05dfd
09775
0e815
0f113
0de83
004f5
09658
0913a
0acad
0fd8e
06946
08643
0bfe2
09d6d
00f0f
026f2
00f3d
04f73
0ba6f
05b40
0715b
09fe4
08036
07b62
08a86
0a04e
02a45
0240c
00fc3
0d1e2
0865f
00f24
03ce5
04140
0ed42
0108c
0af9d
0f727
0d62c
03f62
054f5
0ee61
0e8cf
0d286
0eeb3
0023a
0dea9
0d991
04006
0f28b
00ce6
026b6
006eb
047db
010f4
0944c
0e134
0bd6f
098fa
0f667
0cea8
0c352
0ec38
0d72e
04bc3
0bde1
099f2
0306e
0f82e
0634a
0eb92
0c457
0a4b0
0ad35
0fc5f
027d4
0e66a
0aab8
01161
02e07
096e0
07338
0d11b
05cf9
0d7fa
052c9
06ce9
056df
05793
0b2a9
03c57
04fde
07293
0dec7
0d180
0684e
08046
03797
0c37f
03203
0f3b6
0164a
0d916
0a1ca
045cf
0fe22
05666
04161
0762b
09e50
0de31
0d4fa
05ec8
04aa5
0e511
08f49
0bd33
00107
04fe4
0d302
00fd7
027b7
01389
04596
0a2cd
06b50
0f8ae
0f0bb
010ba
0249e
0a1f7
0c117
0647e
08388
0c279
0e736
061ee
0f431
00577
0feb5
0ae68
0465e
0ea22
0165c
07ea7
06262
07f13
098c9
0325a
0bb17
0b360
0d1ea
02f9e
0d727
06e1a
0b2ab
0aaf8
0e89f
054f4
0c372
036ee
0e4ab
0be08
02d5c
06adb
0e281
0f374
04b2f
04bc2
02071
0f1aa
03598
02e64
05b9f
0e102
05bec
0a4af
024d9
0bb7d
0067a
0971e
05b0e
039a9
06d1f
09077
02f78
0e77f
0d5c7
0b55b
03799
094dc
03de4
03162
07d48
0f169
0947a
0d791
04d34
0d1ab
09dfb
05dbf
0fbb5
0d686
0ee9d
060b5
00a7f
0cc52
06451
037bb
041d3
09f1e
05140
02022
08c9e
08ed7
0012f
01b42
08d3e
0ed4c
0a00f
0d05d
0788b
0a81f
0b2a6
0af2c
0b6b6
021d9
00508
047f1
0da1c
0dd4c
03160
0a2d0
01eb3
061ea
0757e
0a1b2
04afb
01fbb
0769c
04dfb
04a01
02252
000a7
0abf9
09b3a
0a1ab
07585
06d86
0d4c2
03159
093ed
09dc2
00aa0
0367d
03e8e
0a99f
02a90
08b24
06a33
0734a
0c4fa
06fd0
09452
0f2e2
06252
0f96c
02901
0b69f
0ae29
033d9
0a972
012c4
02820
03b7d
0b8e3
006c0
07e06
0c0e8
0a8f3
00f7b
04a3e
053bc
01374
0d529
0adea
08a1c
02e45
02444
0a9d6
04393
07abb
07e07
004d7
051f0
0308f
0fc6d
0c2dd
01b1d
09276
006d4
00c45
0e567
00e81
06ff0
0a46d
0024e
0501d
0f5f8
013b0
04a2f
0146b
0e351
0dbb1
08a20
0d249
0b90e
0fd89
08137
0455e
0947e
098d3
05439
0165b
0ca3d
01b15
0c803
01f67
0a707
082b9
0de41
078a8
0bf2a
0524c
0e9e4
03e77
00506
0e18e
03817
09895
0852f
0a423
080bb
07bd2
04864
038d4
0bf5b
0a846
0b03f
0a7b7
04a01
03747
0683e
0f43f
06156
01805
0bc98
02e75
0f601
0a2d4
0a7aa
0b555
0cb46
00192
05918
008db
09a25
0eafc
046ea
08a7c
00c0b
0369f
0e1ad
0c503
0548e
04fac
0c1e9
02969
0e536
0f545
0f71a
0ad37
0c33c
0fd4d
086e0
0d1e2
0f86e
0f323
0abbe
03a2c
01ff3
0d0dc
0e0f1
08018
0f947
00e7b
03ba7
08c78
03ef3
01651
0c4ad
0de08
04598
034e1
04408
05dca
00152
00918
0060e
0a294
03c2f
00739
009f7
0c066
05b63
051c1
044de
071d2
01f59
04902
08253
029e9
00af1
0e58f
033ea
03a19
09a4f
0646f
08ddf
0467e
06c5e
0dc8f
0ee43
09e20
0b919
0fcb4
0f30a
03b36
027d7
0f1ca
0b570
03e9e
083b5
01d79
08d0d
01026
098c5
096dc
08c9b
0224f
0442a
025ee
00b7a
09663
07ee3
0bae6
0baa6
08f44
0b2db
04064
083da
05ff3
00ab0
0abe0
0f5d5
0fe74
0893b
0e82a
082d8
0f57a
0540d
04acd
00b2d
02a4c
0b246
0840f
091aa
0588c
0ac16
037aa
05352
01d10
0d264
00bf5
031d2
02d65
0bf96
0b649
029b6
06595
0af7a
09e5e
026b2
0d1ac
0ee33
067fe
018b7
054ae
04322
0952f
0ba7b
02c4c
006e2
0557a
0b597
0d78e
0e5ec
0a2b9
0620a
0bcab
03d5e
083d2
0cfc4
0260e
02938
02c79
06b23
0ee98
0e04b
09c23
00063
00d41
040af
03d9c
0eb46
0fcd2
0e747
015bb
05930
05022
09a46
0c026
0ec3c
09546
06a53
0909b
000fe
086ed
0d7d0
09636
0531e
05d1f
02368
0606e
06dd9
0146d
05fa5
0a6f0
07425
09e55
07b5f
03ad4
03e40
05ed4
0940b
0e9c6
02e08
04f53
0dbef
0f753
0487c
0b8ee
0df35
009cf
04542
0c309
0efb1
0a2de
029aa
05c49
0c4c1
0d70f
0175d
02794
0dbec
080c5
0d491
01214
05edd
030cd
09151
045c5
0a2f1
04d6f
0b8dc
0beef
07546
07b03
09404
02616
061f9
0eb5e
0fcbb
0bd0c
0bcb8
0f881
0a73e
0ef2d
05934
071bd
0d665
0b670
0cc36
0894a
04a9a
01edf
0d456
01a88
09fad
0a24e
08000
0e3a9
0a3b4
02520
0aa83
00a80
0fa59
037da
0920f
00e75
00405
070e7
03bd3
0ba6d
04d8e
0269c
03523
05721
07951
0c105
07ef0
05cbb
0b674
05743
0870f
04896
05b0e
0299b
074e4
03ed0
0ceb8
02ad6
02d8d
06b0f
0734a
046a7
080cc
0da3b
0a71c
0ca90
0ec32
01e67
0f8ac
074e4
0cadc
0129f
0cd39
0e16c
032bc
00685
03081
0eb6e
0891a
0009f
067d8
05727
0bbc4
0319b
082a3
02e18
05642
01b19
0d032
0fa6e
01606
038c2
01cbf
0a52f
06a0c
05c83
0fc00
0b66e
07e1a
04e82
06668
07599
056bb
0d506
04ccc
06182
014f2
01a32
0b854
07615
079b0
0e695
0c23f
0444c
0e843
005b5
02bdb
0971b
06e34
0d44f
0f241
05dd3
0aa4e
04f27
01930
034ed
09d10
03b12
01588
09ead
0e326
07da4
07aa1
0bf5e
00da1
06da9
05884
0e1ad
0abab
0fd3c
02689
04058
09b5f
009a0
0636d
09028
00ef2
088f6
0d68c
0265b
0e949
0a4cd
0046b
07c85
0ae13
0d301
00825
099ec
03ad3
07b36
0184d
0c314
0bd81
0fed6
0a74f
078c3
02d6b
08a6c
0e72b
0d8fb
05db6
01b99
00679
08221
09e1a
072e9
011b2
0b485
0afaf
0ac73
08030
02128
08c04
0c7ba
04b33
06b04
07a06
0cd16
0a310
03d6d
0b8ef
0fe21
0daa2
005c1
09e1e
0db63
0f2e6
0322b
00815
0a673
05b7f
011e0
02066
00447
016ba
01683
01605
0f331
0c184
045aa
08eca
07d46
0c0ea
03240
057f7
0480a
0154c
0d068
05d81
009c0
076ef
08bbf
0be31
095bc
0ae56
03999
0eca5
06b89
090bb
04388
0b9b5
06487
0ad02
0b13f
0028a
01312
01cf1
0bdb9
067b4
05726
07417
0c16a
08f21
0058b
06a2c
077c9
0994e
085c5
030b0
0f283
05428
095fc
00b11
0905b
0b522
05e98
0d8e6
0e9b6
0adfb
069af
03a49
0d032
0c250
04547
0da87
0cc90
0e21d
0a609
05496
09951
0e567
036b7
0123d
08531
0fcce
0a048
015f5
0b2d9
07e23
0f6f8
0adfc
0d3ff
0cffc
059b1
09b91
0666c
047b3
02a3f
0c531
0a30a
0db06
0b8f7
0571d
03b4e
0bf8f
040d6
0c7ea
029cf
08800
0c9f2
053c6
07b48
08d08
0a517
027e6
0dbdb
04fdf
084bc
0c647
0d1a4
01dba
08bff
0de26
00b73
05a52
031ff
06202
0d8e2
04303
0935c
0ef9e
0aaee
05e8d
053b1
0e556
00899
0e895
032e5
0fead
0a5ac
018e7
0719a
0c106
0ba9f
03707
095c1
0e12d
0920a
0ec7b
058b7
04170
05428
01d59
06e72
0a90e
0806e
08c98
0ea95
010ce
06b5e
07d54
02c62
042c9
089b4
0af01
0b01e
0875f
0f65b
0ed22
0ce25
0db96
0f36a
083c6
0204a
09092
08842
0891e
0a457
0c33b
0f455
0948d
0d5ce
0494d
06e2f
08ed2
0a122
0f2b1
0d82f
01351
043c6
0c7e2
0a505
0d7d4
0dcc4
0d83b
020bb
02d2d
0cb2b
0dee5
0d664
09cdc
0c568
0ccd8
0ea97
0bb6f
025b1
07f73
01ee2
0eb33
07dc8
06bde
098eb
08a5f
0022d
083bd
083f6
0aa0b
017d6
0eebb
0512f
0d5fa
008a9
08610
0003b
0ba5f
0559f
09a0f
096c5
0310f
01e8d
05dec
0a24f
0284b
0dc4d
0dc91
0fefa
0a734
01568
0d2fe
0629d
09b91
07960
0b925
0355f
0ef96
0682b
0868c
05b8b
06f2e
0392a
0c677
0cb18
00dff
06d8d
0027c
0ae83
06f3a
02e88
05cde
0c15a
03682
01b09
06781
00bd9
0593f
07e5e
08204
05a01
0a97e
037bf
0ee5f
083bf
02e5d
001b5
064fb
0d62f
058fe
0c7cc
0bdfa
02c58
03b6d
03fdc
009ac
019db
06ab3
09c22
0a5ed
01215
07119
064e6
02da8
05941
07ad9
0f542
0cc16
05135
011b1
00408
033b0
025cf
05760
0cef0
0db38
06005
0c934
0a769
0c13c
0fb3b
0fdff
0aad2
01dd9
0ad25
00876
014a9
01aee
0727b
013f4
069a2
0b31c
020f8
0b759
0a1bb
04a9c
08e86
098eb
0b6e7
01fd3
03d22
071c4
0a022
0c28a
0f240
0d83a
09879
0069e
0bc92
0e446
02466
056ff
04464
05fd6
037af
079d3
03a6d
057f5
0bf37
04fa4
0fc1a
056fb
099ab
0a8b2
097a1
09f5e
07e85
0b825
06b57
035c0
0b0fd
00c09
0b9d5
0697d
04c39
0fa20
042a4
0e407
0b1ad
001aa
03768
07306
03433
08a01
0e6f9
0a436
0f59b
008aa
040b4
0c0bb
0fa1c
067ca
0298c
08947
0f974
039ca
0e7f6
026a9
0737d
0d21a
085d0
0b28a
018e1
080ab
000f8
02c6a
040f2
0dadf
00d13
0b3ab
0a130
0bb1a
0f8a2
059d7
04e61
0a556
075bd
00f20
0302c
053b7
06b49
02401
02a9d
0e220
0950b
0f13b
0e38e
05b28
01ae6
028de
05010
09d4a
0952f
0ebae
0a9f3
0140c
00811
01ad2
0f832
025b0
042d2
0a189
0ee9d
05062
05ce4
0160b
03a28
0066c
056dc
08d62
00b58
0f127
05a54
016b2
02b9b
06aa9
03bd0
0f554
034a0
0e671
0804a
0af50
0ec03
0906f
0ff92
0dd94
08300
0b22c
0aeaf
0e279
09257
01992
0e442
01290
0660f
09a68
01db1
0de26
01cf1
0c504
0d822
01f30
03d1b
02fa2
09eff
02f17
0bf92
0c7a2
009d9
05822
09243
04251
0f340
05a21
0b19f
0514e
05022
05e28
08137
07d94
0ffa5
02622
0b6f1
01571
0894f
09399
07c33
088af
09e0f
0522a
0b35e
03f88
02f83
0cd91
05e3b
01a5b
09d26
06302
01bf1
0b30f
0b5ba
017dd
0a672
02171
00259
059db
045a6
0e003
00519
0120b
0251a
013ad
02f3e
05362
0dde3
0dab8
0b5d8
0b301
078e9
0ebb7
0f843
02008
0e252
03bd5
01e90
07646
0fb27
0d2b2
030be
0b4fb
0fba5
0ce64
0fe12
0e734
07cd2
0db05
085b1
08ba9
049d1
04c6b
02209
0992d
00aa1
018e2
00fec
0e786
0479e
06b7b
068da
0441e
0d764
0b411
0128d
04ad3
0ff4e
0a5b9
008ad
0759f
0c4fb
030ed
0b082
0700f
0256d
0a7f8
04765
0ed10
0b5a6
01805
0e306
0b337
0f024
0f0ae
0dbf1
01bf1
0f501
06ff7
01337
01343
0139b
07e90
0e0bc
09abb
00b9d
003d2
0af00
031fc
004c1
05068
064ea
0e8f7
07d1a
01d4d
01ee8
08708
04835
0767b
0ea9d
06b63
01fba
0ae23
0680f
06e8a
01afa
07874
0fb2a
02b1b
0068b
07960
02d4a
05c6f
041bb
00726
047f6
00c33
073f6
07314
06af9
081a2
0ec71
06bd2
0e945
0ca2b
05396
0dcfe
05234
0a4b4
005cc
0ad64
0fd25
035cc
0585b
03930
09f7c
0a5e9
01716
0764d
01997
0ab89
0649e
07c0d
09e57
022ea
00c5f
0ee44
025df
00423
02592
03d45
03557
0afd3
0e557
09929
0f06d
0985f
0869a
072bd
0420a
0a303
01708
0e673
0e0f7
07b46
0e178
0668e
07fc0
0e70a
04914
0b5cd
03ecd
06b1b
03abe
0a958
056d3
0e1b6
0464e
08b57
08102
02316
0d9be
0d6dd
063a1
099ef
0f792
01ba4
0538e
05e41
086ef
07a9a
046c6
033f7
01034
03f24
0609d
05274
0347e
0363d
06e30
04e87
0ef74
0191c
0f886
063ae
0676b
063b5
00ab0
0f44f
0b672
03f95
02363
08157
07caa
03537
09ac1
018c7
0c6e6
0ea81
097d6
02927
0f8cd
0ff59
086ab
08b83
0d180
0c126
035e3
00b10
053d0
05c8d
0178a
077ed
05744
06123
09cf9
045cb
095e2
04976
03cf1
06cee
0b5ba
04119
0c298
08912
03a01
00a86
0ded3
01a7f
00a1e
0e20d
0d047
0d48b
0a42d
05dd7
07b4c
07113
020b5
0d63a
0644e
008c6
020bb
0c67a
001bd
05ea5
0e68f
05144
06aed
0daed
09a34
011c1
03b7b
0189f
0d859
0d6e5
03714
05a24
055ca
06022
0b2b1
0f83f
0fce5
0f5a7
07968
059fd
055fa
04280
02d16
04cb2
00813
0108a
0db7f
0e827
0b308
05731
0a90a
0ed40
0a064
0f612
0d30a
0b7eb
07adf
0ea8b
06983
0d155
000a6
0b30e
003e1
0a943
0d6f1
0e464
010d0
0506c
0b8d2
0c3dd
00659
027dd
05221
082bd
0ccb1
01a06
07ce4
09a5a
0a761
01f4f
018af
0bcf8
07350
087ee
0d81c
09416
00433
07b0e
0a45b
0ea5c
02123
0f6c7
02cfe
0874d
069c1
09d55
036aa
089bb
05384
0de11
03fd2
05b9d
04e3d
0dc93
0c3b0
03bd9
0a405
0b6c4
0475d
0a4db
0823a
09d4f
0b11b
0f633
058db
06c8b
05c1a
09ef7
0d5bd
0ef17
07c35
0950b
02469
042b4
0f5c9
0971d
02f83
02dfd
08a66
0ec97
005dd
0c359
08380
01823
0acc4
01ad1
03036
01b31
02a4c
033f5
0ea27
0d964
032d7
0355b
0a902
01759
01f91
080d1
0d5f1
0d13e
02ba7
03b56
0edac
0ec2a
09d4a
04e45
0ffa5
02890
0c6aa
04c45
038ff
03c39
0ca50
0aa62
0d44e
02d53
0f3ef
02e16
03b40
03065
09188
00270
015e6
085e0
09c45
0e26d
07583
047e5
0376c
0fc9b
0569a
08a69
07395
06628
0ba68
0f8d9
079d7
03ec0
0aa10
080ab
06082
02f91
09c15
0207e
0d920
0c351
0a740
075c8
0b842
01f5f
01179
0f905
03a8c
0bfdc
0de56
01284
092fc
041bc
0be0d
01b08
0258e
0cbfa
06685
06ada
0db8e
04a48
07b51
00bab
09e6e
0814e
00d21
0aa4d
04159
0f3f4
0137a
047a3
014cc
0606d
01c5a
073ce
06570
05673
0e4ad
02234
011a3
047f7
01558
0206b
04492
00f47
0a264
0ef59
0a24f
018ef
0a227
0d5c7
0452e
031f5
0a9dc
0214d
04376
03778
03d7f
09a0e
08333
017c6
00fd8
09462
0a150
0f178
0faf9
07b81
06d85
000d4
0f604
0b1cc
0da0e
0e3a8
049ab
00825
07936
0e831
010a6
0b109
049c6
02814
0724a
0a102
03555
0b11a
005bf
05dbb
00326
0d07c
0280d
09809
0dcc1
0612f
01b53
0ee74
04819
02aca
00bc9
08257
0e107
03617
0d65c
02c87
0dc71
0e65a
0a565
0bbf4
0bc42
051f7
0273a
0816e
0bc44
097a5
02131
092e9
01cb7
07e0e
0922a
0e610
07a34
00625
010cd
03ce7
05b1a
0d230
0a267
00a9e
06d00
04c7b
005d4
0f86c
0c439
0a7f9
07080
087f0
05fe0
07fed
0388d
0c70f
0471a
0bc0a
01572
04d48
0ffb3
0db58
07e34
0d678
021f1
05cc2
056ba
0c21d
09deb
0719e
0205b
0e5cb
0a57d
0f47d
03534
05cea
0f48f
024b9
07681
08a22
0fcc2
07ffb
0d467
000ee
0a24b
0eedd
07990
0e94f
0680d
03009
08acc
0c1bf
069f4
02bb9
0f7f4
0c08b
04543
0e62d
038a4
052aa
0793a
0e062
0ccd2
03831
0d34e
05537
0cd4b
05171
07e16
01560
09cba
0250f
05a12
02aaf
035b8
05c97
03ac4
08106
05c0f
011b5
06bf2
0dc4d
0c4e4
06088
08ac4
09361
0d4ec
022f4
0094f
02f3e
00a41
0cd0e
05598
0eba5
0ca34
054ab
0bd3a
0ac9d
0a448
063b5
0a3c1
07bba
0719d
0d444
0bf6c
0fa18
087ff
09c09
042eb
08569
0fee6
05ead
04c8c
07b0e
03752
04cfe
0bcc0
04930
032b2
0b0bd
0c692
08839
09132
0a862
01cfb
03c0d
03914
09bac
019c2
02892
0f4f7
0c160
0a118
05401
0abf2
08411
0b6ad
037f1
05532
0d9b9
0b882
08270
0ee3f
0d78a
0896a
05b52
0725d
05619
0d90a
02b91
0bb17
002f0
035aa
08f19
0488f
0a311
03d6b
0ecdf
06282
044c5
062c1
03264
0427a
034a1
072bf
00a31
026a9
03b2f
01abc
04ec9
003a0
08a6c
07fc6
0faed
015ed
016d3
03085
031bc
02c39
02b8f
0c722
06908
0bd6c
06ffb
05c6b
0fa15
0f099
0deeb
06f02
05768
07c0a
03349
098c7
08ec1
06c3e
09fcb
02524
00cb6
0536a
09dad
03b4b
0085d
070c5
0c0f9
064fa
03ca6
04780
0003f
07d09
0eda1
06317
02941
0e4d8
07a7f
06de3
0e735
07d20
07240
054cc
01de7
0fe3c
0d765
0298a
0e44c
073ce
09d38
02e3e
070fe
04101
09223
09220
056b1
0de6c
00592
0b916
007a1
00756
01efe
07d52
0c101
08247
0158e
0f372
0a6bc
0430c
0e326
05993
023fd
0786a
01d44
03552
0e920
001ea
00711
0982f
02993
04286
0e72e
0ba1b
03353
04f8a
0e8e1
04546
0ee1b
050d8
0ec61
0038f
0d278
05294
0739b
03aaa
0fa20
07255
04a11
0845a
043d3
0bbe1
05944
027f1
03bf8
003ee
03871
019ea
0dc9a
0dfa9
0bd29
0c939
0c9d5
06f08
0ac98
07778
0edaf
06d72
0fda0
099aa
0255d
068c4
05e25
01989
0beb5
08004
07fa3
09a5c
07365
0d4f8
053f5
092ee
00ed7
0885f
03942
0a38e
018dd
0abfe
0a717
00131
089b2
00011
01f2b
06b6f
04846
0e44f
0ee68
0cdea
02d70
02cca
01b2c
0c832
0200b
02792
02b58
052a1
0c461
0c143
0beb0
04036
0420b
04784
02958
09bc9
05c82
028b2
0b89e
05000
06321
0e607
0a97f
00c21
0a591
01544
0e618
0c781
05248
0191b
080b6
06f53
0b7f6
071dc
07b04
040b0
03dfd
0c854
0077d
0880d
0f9cc
07155
01a04
0c14a
00554
0c60a
07dfe
02eec
03b14
0962a
01ea9
0f7a7
0d693
03837
02c08
05ce9
0086b
0eff0
068ed
07fa8
07d5a
0aa61
04269
04d82
0c864
0ac49
0a665
06760
0298f
02a4e
01fc8
02403
0f536
0e47b
07d45
0f25d
0d876
0c271
04446
06dac
0cc39
0c302
0d556
02dbc
0ccaa
08213
0cce2
0c264
0f583
08181
05b70
0c892
0b8e4
0fdc4
031f5
0134e
0850b
04ffd
009a5
0f573
0f8b7
007b9
0b82d
037c8
08548
09c7b
00567
0d025
0a536
01e92
0638f
0d0c9
01059
03683
02517
0671e
04546
0e698
08d64
0f07c
0f0b2
009ee
074a8
0b413
0ee46
054f5
05f61
03cc2
06d40
0201b
0b9ed
0957f
02b7d
0e28b
0366c
0c543
0eb70
0c84e
0266f
006fa
07479
07458
0dff3
05eaa
00c49
0327e
0586f
0a5e3
0cf3f
040db
0663b
0acff
05795
0e31e
07319
04fe2
03aa6
05340
054cd
0235f
0df7a
005ef
083be
0f162
05ee6
0e3de
0acbc
05f01
01f55
0e98d
06b26
08636
0e047
0749c
09b49
0405b
0aed7
0af05
00120
0288e
08161
0213a
0cea4
058ce
01910
05e52
0c1bd
010af
056a8
0ec4f
0fc06
015fa
04b3c
03e74
07d2e
0a078
04c02
0864f
01fdd
053df
0c9f0
06f97
0df7b
0a92d
03a40
0e80b
03840
0736e
0d1bc
0b12a
0f41e
0ed7e
02502
0874b
0f72e
0fc76
0de91
0db64
04df8
0fb05
09411
02af6
01f0f
0637c
0624c
0bbaf
02e0d
0b92b
00e3c
09545
0b8bf
05be3
0b1bd
05264
05dae
0678b
0bdb8
0109c
05068
0e99e
09f17
0f2ab
0e779
01d33
0d742
06679
0a27f
0d672
05d89
039bd
0f6d5
0a139
016d4
0cb93
01fcf
026bb
060c5
0475c
0f7fb
05f64
0c6f8
02d78
0d42f
014ae
0df04
0125b
029ed
0080f
0cdec
00671
070c3
0a49d
01d46
029e7
0ff1c
07d7e
0ada0
05415
05021
0a710
088fa
05b45
0c19f
07340
09603
09c22
0cbe9
07d39
02010
0600d
0af19
0e88f
009bd
0c115
0d2a0
03ce7
0fecd
0a70e
02b41
0ad72
0ccfd
095e8
0106f
0d3e4
0e0c3
0302c
0ef58
081dd
0dcfb
099c9
0e8c9
021ef
0acdb
07b5a
055aa
0a403
08fd9
0b55a
0aa23
0c1dd
06b90
039fc
053ce
07bbc
0ec3e
069f0
05c0d
0e2b3
033ce
0e579
0b9fd
0f891
05fcf
0b151
08780
0f59f
0585a
0c6fc
016ca
0b943
00a11
03e57
0013b
0fb40
06537
01de7
03e03
05be2
0b0a9
0e1b0
01931
0cdc2
009da
069b4
00a53
0c96c
08a32
09f67
0272d
05485
00ef4
0a976
01e7b
05eee
02544
023ec
05e68
02104
03d0c
0d1d9
06eea
04e98
08b9f
0854a
0b9a0
0feec
0e211
0b377
048bd
0ca8f
0879b
036c2
08197
0839e
077c8
05cd2
0f984
0d826
0c8a0
05394
022ef
023da
0d3ab
0faac
087ac
0b72f
0397d
0cf8f
0f8db
0c9f9
01173
010d1
02c87
0cb90
0265e
0f48d
0d454
00919
0fa0e
08e22
0caea
0a267
03cb9
0162c
0ac39
074b9
0e183
0ed8c
0aafd
0f2f0
01dd7
02a28
0c3c1
02d05
09503
0e924
09087
0bb44
07cb6
03f31
02aa7
0f27a
0eff2
03f29
01c93
0002f
0447a
0fc13
0191d
01c6f
0318b
0f062
08e57
06dcf
07ead
02be1
01657
01956
03751
02d13
01d12
0f63a
0287e
0cc30
02954
0b6b5
01707
03d3c
09d55
09b8b
0baa7
07d65
0c1d4
00de1
065ce
04242
01ea5
0093d
02d66
03be9
06da7
02baa
0be88
041db
03fb1
0e02c
0cb44
0d34b
0afbe
0b9e4
0aa7d
06961
0a914
05b7d
098fa
012cd
0bba0
02f2c
09e6a
09a06
069a2
0c99e
05d97
0f3c0
0e3dc
06201
0748c
05ce4
0330e
07a31
02366
057f1
0c18f
0e670
06717
09072
02222
0ade7
0d834
030ae
0be5f
0ca5a
0f751
0e3d7
0167a
00345
0c3e6
0ba5d
0c979
0f69a
02f3f
0d6b0
0f966
071ca
021cd
06f0f
0a10a
0e455
0af4b
0b70b
086ce
0d27a
05c7c
02931
0da1d
0cb09
0a480
05f00
0bbac
04720
0e0ab
09311
020dc
0e226
0b508
06dd1
0e5f7
086de
0b36e
034af
06735
06b2f
0d854
0b2f8
0a2f1
0e843
0591a
01f8e
0fb2c
09f4c
0a6c0
028d6
0db72
07528
0d437
02e61
0de9e
039e5
0f6b4
0c271
0aa90
0b3f2
0d418
0c7de
06c7f
0171b
0b9bf
0b936
010a4
0c4cb
09814
00b95
0adb3
04f00
04e2c
069c7
09773
0ce21
0b18d
03b45
07b00
05109
0be16
04ab9
03d46
030ed
09d39
0fcf3
035ff
0de67
070d1
06266
0d595
0d4e8
0bd6b
000b2
0ec18
0da15
07205
0e36f
0e7d0
07365
084de
00c64
052e6
0306d
0dd06
06d11
0c960
0bd57
0a179
077a1
0fa87
08704
08599
09b9c
01ef2
0b809
0a7dd
0eecb
01635
09a70
0320e
064c5
01824
0db29
05bc1
037a4
04648
06eca
0e816
056d4
0137d
096dd
0ccc0
00f14
0363d
0139b
0017c
05801
07766
08968
08d8d
0dd2c
0adb8
05b2c
022df
00e66
0e357
03d2a
0f6e3
0651a
0766a
0d4f0
02256
0f123
0c28d
0a819
0b756
0418f
0d21e
0edc4
04b3d
02b62
01470
01b6a
05ee5
0dc3c
09dbc
00b75
0fbd2
06ef9
048c7
0fbe0
09007
02628
0e8d8
0dbed
0e967
088e0
05d6e
0da94
06984
080d4
0e9b6
06d50
0afae
0e0db
09d5c
0271c
0f2dd
0f7e6
022ab
04571
06482
0c66a
0a706
079fd
0ee6a
020e6
00df3
0a679
043f8
04b31
08b88
0caab
0378b
045e9
0387b
09700
09106
08199
008b0
000f3
0c015
0f5d6
0749d
08343
06278
08b65
0989d
0612a
0549c
0536a
0759a
0169a
03557
0549a
0830a
0a3ae
0f189
03ecf
0b334
0c1a9
0ee6b
03912
0824d
04709
0ccf1
03767
0c7b5
0812a
07d8a
024e4
01268
07cb3
09fe0
00685
0e1d9
0f5a0
00841
03def
0f7b6
0771d
00d21
04c00
0f5e2
0bb3e
043b4
0ef93
07985
0a347
02e70
0f6d7
0fddb
0db7a
059e7
02e1d
0224d
0f8a6
09245
044b0
0fa3c
02f57
0f25a
00d31
0ea4c
07438
0c536
0aed0
0894b
04fe3
0e0cc
050f1
0023e
07f66
087fb
0a434
0c37f
04353
0719a
09429
0448e
0a823
040d9
01ed7
040b5
02cc7
07443
04daa
0b35c
02938
02d41
07cc8
0f097
0eaa7
0dda4
030e2
0c080
04f0d
03af0
00de0
05aa7
01086
06945
08301
0517f
02587
01218
04431
01afd
04dd3
0200a
04e23
07b32
02c7b
02a44
04027
05251
03631
0fc4b
0c287
045b0
0c35a
07efa
01218
0d431
06f08
0997c
0d959
025f8
025b1
0bb15
0d681
07f6f
0d223
07663
007b8
0074f
096fe
09d98
0a387
0362a
03158
0ece1
09c11
008c9
0447b
0d932
05b50
0c297
0ed99
08ead
0397d
0f80a
02f2f
05768
059ce
089bf
0c9f2
008ed
0f499
0acc2
062c8
0285d
0603c
02be9
054fd
0a439
034a3
0a3ce
0754e
02677
0ea4f
01ba1
00e69
0c124
0cbbc
019fb
00f81
0602c
03d69
0affa
05803
02c2f
02889
02357
0d0cf
03ca3
0b811
044a9
0c752
042c3
06fe1
0e228
0a340
0cb49
0f6fb
02d78
00acf
032dc
03bcd
002c5
000a6
08625
0d7f5
0bbd1
027a7
0c205
0e111
0dd0f
0586e
070d4
02db7
00496
01d7a
0dc11
0be7d
0781b
0a8f9
0472c
07146
08451
05f17
09bff
0b66e
04aac
0b095
03bb5
0689e
0e549
00bef
08a4a
02a43
077b4
00e33
00bd1
06936
0165c
043f5
08c7c
0e398
05ac1
0f7e3
06447
0de27
08817
0c536
0a0c1
0bd2f
02b7e
00677
0e4c9
05d49
055cc
04f02
0df0f
0e23e
0b744
0125b
01d18
0522a
03d05
0d21d
03c96
0a520
0551d
0f7e1
04963
04c1d
0b679
01144
05ef3
0419b
09aa2
0deb5
03e98
01a6d
0a903
06a95
06b29
0ce98
0931b
0e961
04654
000b7
07d02
0889f
04828
08af3
09325
00ec9
06228
02838
0e1e1
0b78c
000f4
0f9b1
0b153
0c1c1
0875e
08295
06348
0fe15
0546e
02809
05f0b
05bb1
0bfb1
0378d
0e88c
0d573
0a1ed
0cb35
06679
0c252
0760f
0e543
0ca2a
0bba5
05a59
0a859
07dc3
065f5
0be83
00f23
01891
077e2
03e7b
0d498
0d6e0
035d7
0aada
0e0ad
0e7f5
0bba0
0e953
0212b
07455
0a015
02e2b
0dbb7
0dbc8
07334
010fa
0aeb4
08ad7
06f57
0976f
0962b
06b8f
0e135
09c82
01a93
09f48
0e542
07166
05469
086a2
0d416
0511f
09957
02c94
09937
043d1
00199
0d58c
0786d
0122f
0aac5
0d901
0f7ea
05c95
0f19a
07490
0010c
01a04
0a8ac
00b06
04edc
0ec8d
0ca49
0f6d4
0a303
0a416
099c5
0cc55
0f0be
0f0ae
0a0f5
0ee42
0cac6
0479e
0a490
088e2
0f4c0
071db
039a9
0f54c
0bb93
0cb0f
02973
09ce6
091fd
0f8dc
02b63
0a67a
0541c
03719
06c5d
0a328
02c8b
0f143
0ecab
03a6a
08555
072b1
0efb2
0ddcc
09fbb
01c7b
0c4a2
02cee
04f0f
09e1a
0d7b9
08c15
0bdcc
06b40
0a150
00481
0c64b
04f42
0e9cf
02145
07791
01050
00509
0da9a
08a31
09fa1
0c536
08f43
0a8de
069aa
03dd7
09cfd
0b0dc
09e9e
03b26
0e34b
086ef
08d6d
09af6
055b4
06514
0e6da
06b96
0cbee
0eb59
0ac7c
024f7
08f7a
0655f
0b143
04caf
061a6
05da4
076aa
09e71
02c8a
0c0c7
0f15b
08818
0dcf9
0e5fd
065eb
09b2a
0b664
0ea26
0536d
0652a
09240
06f63
07115
0fa73
067b8
07738
0901e
0ff5c
014de
0149b
0949c
0eb87
0aa0a
0f2ba
0f390
00032
0b3c3
0d309
021ff
04e8e
09a5a
061e6
0eccd
089cd
0fb28
0a68c
0ed93
0e230
07344
04b8f
08296
0410e
0b849
02ea6
03df9
006fd
038f2
0fe63
01af3
0a976
0af28
0e181
0a3e3
02c31
03bd2
0676f
05e9f
02f7c
0c2a4
0762c
073f1
0b02b
0d4e2
0ba3e
02f70
0eb41
0ea9e
0d325
0d38d
07ddf
073b4
0f0a3
00c77
05d67
0b229
06acb
0b4f5
04a95
076c7
0390b
0afd8
0ff30
01676
049c9
04cf3
0e92b
0ec4a
0dd40
0ca38
09609
0e738
09db9
0193b
07a69
06d3c
0db55
0fae4
019de
07d65
0f914
00c3c
04894
08fd3
0b3ef
0ff67
02120
08052
01b43
098ee
03076
07620
0b67b
02c00
07127
09231
0b4c9
0415a
0c36c
02a50
09d61
059ab
0a208
01d74
07ce6
063e2
05ce0
07c19
06a4b
00e78
0a6dc
0886c
06563
04774
039bf
06bac
096e9
06a43
016f4
0846f
09b58
07e7d
0832a
01d55
0b72b
0f004
0bc7b
055c5
02db5
0b17e
0b93e
0e719
09ab7
0c8c4
0d69b
01c7f
0aa3b
008a5
0e30e
0b5eb
0fb29
0b310
04934
0f4ce
0a03e
075ca
097f3
09114
00874
0003a
019fd
01e41
0dc6a
018fa
02d32
099cd
0b5ba
0e3d6
0760d
052e6
0a51a
03f46
0a3d5
0bc34
0eda9
08c0d
0e0c2
0b334
017ef
0a4db
08f98
05e3d
0abf8
08a75
093fc
092dc
0a667
03acc
087f6
07a56
0651d
093fe
0f5ed
0441b
0c0a0
0a0fc
049a4
08cec
0302d
0d4f3
0a205
00318
0344f
0019b
046c1
031ff
06bd8
05d91
0e103
0449e
03b0d
0f0df
0b31e
073cd
07a4c
0df95
02445
0766e
0a0d6
0aee3
0782c
062b4
0044e
075e6
038d5
0399b
09c03
07bdc
039bf
009a8
090eb
0fc58
00f5c
02507
0b89d
09e93
012da
01385
04960
0bc00
0a2e2
0a532
0c51a
00408
06423
00fb4
03771
00fd3
0f41d
09351
0c184
09f69
0c39e
0e8fd
04169
0b72d
05e42
08932
04dee
0bf34
0e762
026c9
08863
006dc
0dec8
05dbc
05970
0cc4e
017a2
011ac
01db3
03836
07e6e
09c58
0ab17
038eb
0d874
0c757
09a56
02a41
0ad29
0464b
09cf9
0a4b0
0337a
0dce9
040b4
035cb
0e6dd
0145d
0f694
00d84
0e955
01188
0143b
023a3
067c4
08456
09d0f
074a7
0a99d
01e30
05cd4
01a81
0bc78
0ddef
06e88
043e5
0a959
06249
047b5
0bc75
041bb
0197e
0e961
01f8e
01df5
0d66a
0ecfd
042c5
0f09c
0bf37
09641
07922
068fb
02f15
07ab5
07fa7
01283
017d6
07b7b
09902
09a92
0a8fc
0b1c3
0e462
03756
06506
092bf
0cb98
0dce8
0158b
0c729
06fa4
0accc
092b8
0d3b6
0720a
00cf2
08276
05616
02b35
0a1be
018a4
0db42
0f04d
02619
00d83
0692b
01be9
076c3
0e4db
04321
00e03
00090
08e1b
098bc
0d5bd
0994a
01a5a
03e22
02e0d
02d12
07bcf
03e0a
09adb
069ec
0ea31
01d19
079ce
08684
07010
02acf
01c78
03a08
07803
046ee
099c5
0eb2c
08ce2
0418f
0c913
086e3
0b1ef
03c32
07491
0ead3
01428
08da4
0d9a1
09e5a
08107
0ea4f
0c282
0c323
05104
00116
0ab1c
0490e
02e16
0ff6b
056df
00572
09899
0a798
046a3
03ace
06664
02082
0c30f
07aad
0708e
0a0ed
0b14e
02c7e
05752
009cb
098c0
0e8b2
0b106
0d7f8
0bc2a
04f84
04471
0c580
00d4c
04246
06ad2
00ed8
02513
07793
0ff3c
00418
0a433
013cf
0716a
0543b
06964
0c0fb
00025
03343
0d69d
08a18
025f8
02ff7
072f4
0c4a5
07e38
00a3a
0931c
0a1bf
00805
0677e
0e160
04cd4
0af6b
02874
006f3
0b18d
0a139
0db3c
0467a
0dc04
0954f
0fc34
02ef5
002eb
0d29f
0b818
0f092
08c4d
0e170
00669
0df54
086ac
0b7e9
08a55
0e9e3
048cc
0f104
037a1
05d8f
02e54
075d5
0e062
0b534
0a597
0a73d
0c3c0
03b68
0c98a
092e0
06275
06e88
007bb
0761b
0bc94
05c7c
06387
0bc1b
0a60d
0c9a6
08090
0890d
0ca4f
02657
02989
06b73
09d05
06504
0becc
01092
03a02
01be7
0629c
0a975
06b56
0741d
0bcd7
00fcd
06714
017eb
087a0
0f31a
0f441
060bb
0284d
043e9
02e62
00398
03bcb
02e5c
01f2c
056e9
0e6c3
000f9
07693
0ca90
05540
0faf7
00f37
070f5
0aafc
0524a
05908
0a9ea
0fe76
02cc1
0fbe5
0bdb0
0eec5
0e23a
04ac9
02019
0b40a
023d8
0847e
09e90
053d1
0d391
04a84
09027
0ecfc
014a5
0daea
068eb
0f41b
03c32
0ab73
07670
01176
0cf46
0912c
06a18
007a8
0f4b1
0e996
01277
0802c
002ad
029d5
05970
064c7
0db45
09a96
0035d
0503f
024dc
0cf96
00158
0ac94
0029d
0187e
0f3a4
0c118
024d8
01596
0c75a
07fe6
0e416
05dc1
0dc62
03f60
097fa
06839
0976e
011a4
055b5
00d69
03996
035c7
0fc75
02f27
0a517
098e6
0a5cf
019c8
074c3
05660
0be28
0aa6a
0e4a0
0e710
001c2
02a45
041b8
0ffd2
0c662
02e22
0ccfa
0ee90
01afa
0bcc1
06bae
0378b
0d443
0f249
0c5f6
02b6e
0c97a
082f3
09589
0ad86
0b586
07601
0794b
0b152
022e5
001cc
0637c
06fc2
00aba
0f88f
0dbc8
08a0c
08ac4
0d929
0f0e9
0f835
0294e
0af28
03076
039e0
05955
0e216
0d884
02108
0c28f
0b573
0a757
0f5ed
0881a
04224
0b99b
0c24b
086ca
09c35
0f5b9
0b608
056c5
08aea
057b7
0ff0a
02570
0aa9b
09f97
0b247
0248c
0ff54
0e42c
0909f
051e7
0dc2c
0fd5e
07300
0b723
0ceaf
022c0
0846a
077d9
080c7
01686
0ac4e
0acfd
0d23a
0ddce
0f3b9
0bc5c
06603
0a66d
0beb5
02461
03580
03f83
0c1ba
05412
0e806
07987
04629
02a7a
0480c
0b398
019ff
09806
01c94
0ecf1
05178
0f972
0d957
0ae88
03873
00ad8
058ab
0ea3f
00767
02585
033a6
02373
05252
0091d
0acc2
05572
0a145
0c647
0ff38
0309a
02c20
0f21e
0ae1f
0012e
03cec
0c115
0f665
0f789
03a2c
0e2b6
067e6
0ce90
0f445
063e8
0a7fb
06f75
0bb34
0ec3d
03013
016b6
0bacd
03d11
0d82a
053a1
04485
0f5c5
05cf8
0ae3a
090c3
057ca
09fdd
0ae1f
0c83c
0cd67
07940
0eb2a
02e33
0282f
04744
0a99c
0bba1
0f9a1
05be5
0ea87
01134
0fd2a
07dd7
02e9a
0be24
043c1
02ff7
063e1
071c0
07fb7
07824
00c16
0708a
03408
0273d
06175
0b63d
08b5a
07d22
0b4ef
03004
04603
06155
097bc
0ef61
04674
0a6b1
0c7a2
04a05
0f9a9
0cb72
046cc
0140a
0fbee
0df66
0ca3a
0e76f
08d60
06280
055ed
063c4
09ebd
08b1f
0e787
0e2d9
0f308
0e9f4
0eff2
023da
0bfb5
07bef
0e636
0961e
0499d
0312f
0830e
065b2
07fe1
0133c
0ba75
04025
062fb
036f7
021e4
0ac69
089b3
07bcb
09bf1
024e7
05fdb
0fbbf
090c8
070fb
09780
04ec3
0a10b
05bd4
0a366
036d5
04641
0ab25
0cd8a
079ec
0c8f2
09b45
0ba7e
02936
05752
03aa3
02f67
0fb30
03895
05410
07c40
08fb9
028a0
031c3
024cb
05c54
0e4f0
07f0b
0c09a
043ee
0eea4
0f522
02d1c
037bc
0fef5
0e7d7
0a358
06dc8
01d42
051d9
0ba1c
0124a
0a84d
06b4e
021f8
0a8f0
0e2c6
02a89
04cc0
0f3c9
0555e
0e648
0fa9b
0f2b8
04058
01861
0305e
091fc
075ec
037c5
0a67d
0992f
035ae
01678
02f7b
0c4b5
0659e
08b33
0ec2e
072e5
04bde
0bf5d
04075
0d046
08498
067eb
0756b
07ebd
0d9b0
09f8b
0d471
06106
04ade
048a2
080f2
0bda0
011d9
0ec38
00200
0b93f
05d1a
06a41
00cf3
0f558
0dd59
0e533
0acfa
093dc
00f69
03e18
0b42f
0cc86
04ca4
01351
0e88c
096bc
03b50
0f5c1
0887a
00e7d
050a6
036b6
0d653
0e408
011e4
037e8
0c965
0f198
06001
0b5b9
0b321
0c6cb
0913b
0d060
0d6d6
030ef
07f0b
0d208
0acc5
08597
0bcf2
024c0
04fd6
08e29
0d51b
0fb6c
0a431
002a0
04edf
0f0f3
056a6
0911a
070f1
0493c
0d346
033ce
0d542
0ef8d
0eea5
0a0f4
0f4ff
0e13a
095d7
032fa
05634
016fb
00b7c
08437
00b31
0b688
06cdb
0e7b2
0f440
0af22
0b36d
0527a
07567
05a1d
051b6
0874e
0cb51
0125c
019c8
08114
0da35
096df
02c43
036ef
013e6
0b45a
076a3
034e2
0c9a5
0571a
086e1
0bc33
00f13
0b1c7
0d94a
018e5
0b2b6
05426
08424
06fd3
0e0ed
07853
09bef
01082
0d2b8
0227a
0d399
0a29f
09d83
006b8
01d22
01b87
05b6e
0ffb8
0d146
01aa2
0934a
09812
06da4
009da
0a2d9
04517
0b69a
06c23
0ad2b
067da
0a5ac
06e4d
02dd9
04e7c
02397
082f2
0706f
0ea7a
05a15
0a317
0bcbf
0e342
0f33d
01277
081de
0662c
01045
0b31c
0101d
0d692
0b304
070d3
0433f
0dd73
0a25a
09290
08691
0f057
01f00
0a1ca
0ef94
08181
0f913
04734
0d385
04a0a
0288b
01f8f
0df62
08709
07f04
016bc
03683
06875
0fb9e
0ca51
09f0c
057bb
03444
0398f
046f7
09442
02ae7
0e614
0e134
00e0c
00e2c
071f7
0ebe1
06d41
09bbd
035bd
0dd7e
06afe
01632
0bb33
0ddc9
0cd3b
08398
0e585
05c19
0839c
06bf5
01705
0d1b8
08540
01330
07e83
00c59
003a5
04cab
0c54b
0b095
0aaaf
0e370
0e7dd
0d823
05b2b
01e64
0d013
02162
0d3a2
07b45
0a114
05755
0ed9f
0e7d3
07f1e
0b000
008b3
0292b
00204
0a974
049b0
09dac
0afcf
07df7
0e43c
01962
0f707
09902
018b2
0dd15
0505a
0d12c
0a119
03e0f
0d2c4
07524
01b55
0a07c
0a52a
0d3d0
010eb
02fa9
03f65
030b4
09f41
09f95
0fb36
0a341
02887
0beec
0bc3f
03b07
0cfe7
0cf38
0dc49
05cd8
06312
0cd62
0f172
05c4b
03d97
0a8e1
01198
0bf29
0a0d7
04a16
019f8
0442f
0e26b
09dac
04ddc
0fce4
0a2f3
0f924
074bd
0ece6
05c8e
04f9c
07400
0e74d
05f90
0e78f
023a0
01f02
09c5a
0180e
0c21d
0b3ec
0ba67
058bf
03dec
096e6
0617d
09a47
0504c
0dde7
0f6f1
0402a
0b442
0ae3e
087cb
0ec73
08e67
0f3d4
045fa
022bf
06d5a
034e6
0331b
07872
05e91
03fc0
00c1b
0a85d
00b53
08d62
0e278
0f6f5
085b2
0ce0f
082d7
045d1
0f228
0a6fd
0bfae
06a4c
0fca6
043f6
04ff9
0ddfa
036b7
0ce06
05ab7
02533
050d3
06316
04b18
053af
0453d
0b112
06918
0fff9
057e6
0a72b
09ed8
0a172
0547c
0332f
03fb8
09030
03bcd
0f4fc
09ae7
0bca4
01edd
054ce
060e9
0c490
0b152
095e3
093e2
005da
0e59c
05b01
0ffaf
05015
0b602
0fe06
0d3ef
01e82
064f8
00d9f
0e072
00f56
0fd51
04dc6
073e3
0e60b
01309
0334f
07bb3
0d894
02d82
0677b
06052
06a14
02f48
01ba9
00e6a
0193a
0966c
091e1
001c2
08fb3
0f1ee
0b982
02bbd
0114e
05dbd
05cb3
01ec2
036d1
06db8
06321
0c66a
0ee22
006a8
07ccc
0bd88
016f0
0617d
0f73f
09b1e
01796
0fb3d
055ec
024cf
0a3b0
088a7
0f2d2
097da
0cc9a
074e0
03546
02748
0f989
040d4
024cf
0d19c
0b098
0d9dd
0aa33
0f619
0fd43
043e0
09d27
0fec1
02cd0
0dc6f
02a23
00ce4
0d073
0bd06
02362
00e05
0f918
0d87d
02bc7
0e10e
024da
09ad2
0902d
0fd8e
08c41
0b1d4
09e0e
077da
076e9
0b99a
0691f
0fc46
08233
0b2e2
007da
04985
0e008
04138
0c657
0c562
09c70
0d61f
0fcae
0701c
0840b
005dc
005ad
0fd76
08d1c
01281
0e56a
04e5c
05bdc
05ed5
00f4d
0db8e
0427a
06e13
0add8
0bfba
04720
0ee6c
0e6ae
0d94b
0f790
089e7
08412
03af0
0af10
0b872
09a90
007f6
04880
0ad43
081c0
08275
059f8
05a45
09f0e
0f2e8
08a15
0abaa
044a3
01cdc
0b3d5
0ac40
033a9
09ea6
0c3f9
0f3aa
03c28
08f27
0d0dd
0d50c
0751d
0f644
0cb6c
07891
0d0b1
08769
09efc
07647
033a9
0ad59
051c7
0358e
06093
045f9
09ecd
0f12c
0a0b8
00c13
0e677
0690f
023f8
0001e
065f5
02736
0c1e9
0b9b3
0c205
0505d
02800
04272
0f325
0b056
0df7d
0f91f
0102b
02920
0093b
0e6da
03cd8
08c68
0b087
041eb
038ca
0486b
02302
05fbb
083d9
05ab4
0e255
00d1b
0d516
0ff5c
060e3
003df
099d2
0102f
04ab4
0c97c
0601f
0b9d4
0aefa
0228a
02433
08d27
0b456
0be78
0eac4
08186
0e19d
06f95
04d9b
04a7b
018de
04573
01092
0bc11
097f6
0c7dc
08495
002ea
043cb
044c4
02cfc
0ab86
00929
01ac9
0b5bc
0741d
012eb
0dab5
07ec6
01938
044c6
0f45f
0a9fb
0d403
0f40a
0f7e0
032a5
0f3c3
03bf3
0a865
02256
07a98
0ef68
09c6f
003f9
02026
09046
0bc9f
02059
02d25
01c44
01377
01a5f
006ea
0e99e
0393f
0c34b
0a506
02bb7
0a455
0153b
08497
0dbe3
00705
0e6b5
0f23c
0f050
04950
0ca01
009dc
0390f
0a374
0a725
0a6b2
0bd98
04651
077c1
0a125
0ed9f
0a5cb
0af07
0f320
0f7e5
02b20
0cd84
0e189
085f7
0b124
0ade9
0f57a
01239
08a3e
05d52
0d542
00da0
0d617
0aa21
04634
0ffef
0a2a0
002f4
05d9c
094bd
0e02d
0d5e8
0320b
0565d
046c6
0dac9
08553
00b36
065a7
06e65
0867c
052e6
00dc3
036bf
085d6
0884b
0c0dd
04e4e
01a48
082e5
0ec3a
0cdf8
0e62d
0add1
0f44b
08ad1
01e92
0bbe3
0209d
0a292
0dec5
04062
0e968
0915b
07fee
05e95
0d9df
0d525
02397
044fe
0bf04
09e94
03b2c
0a293
026fc
02364
05c08
0c65d
0c0e5
023e0
04adb
05937
02ca1
00979
006d1
07061
0153b
08035
097a4
09794
0a01d
05d58
092b0
06e0c
01b64
01abd
04330
08ba5
05459
02269
0cacd
02f76
03543
04f9e
0423e
04333
04fca
0209a
09593
093a2
0a58f
0fb10
0359e
06e3f
01a96
0a5e7
046fc
0c1a0
01a02
0e4eb
0fc77
05b69
09ffc
08b7f
06e67
07903
0985c
02c4a
02468
036f6
0b676
08499
039c5
0c5e9
0e8b7
042e0
05548
00b9a
09895
031a4
0ca0a
0b485
0d86a
07fb5
00dd3
0aa2a
06a30
09e99
04d02
08048
03553
0bf7c
08eb8
0722d
0ab40
0c9fb
0c1cf
090ad
0176c
0a9c7
0083e
0cc90
0501a
09766
080dc
00cce
080cd
07ba8
07d87
041e5
0a73f
0749d
05bc4
0d79f
00bc5
0fa17
0e7fb
023c0
03323
074ea
0e29b
04df2
0e47c
07d62
08b55
05f4c
0cf11
0b005
0e3a9
08bc6
00588
007f6
0c9eb
05ffe
0d19a
048e3
0b7f1
0e6eb
0e682
0e8eb
08198
04d0b
0af01
00e07
0e120
037dc
00e21
0cfe2
0a6f1
005e7
02230
00da3
0657b
064c7
01298
0a1ed
0b06c
0c0f8
0fe14
06c43
0bb27
0e5e6
03162
0b709
090dd
0ce19
05237
0d261
001e8
0988a
049a5
01318
0bf3a
0fc4f
07fd8
0df76
019a4
01a8c
068e9
034bf
03a09
0a4e4
005a5
0e842
00db5
0890a
0639e
0c08c
00fb3
0b856
07f2b
05fef
0d94d
0af26
0c880
0e09b
05ded
0691f
00275
0b6f5
0d947
03f52
0294d
05edb
05482
07386
01dc6
083eb
0ca5f
0b290
07b00
0cf6c
04f01
0163a
085f3
03a3a
07566
013f1
08c4f
0964f
06605
09c61
09f33
0ddfc
09d5d
03b96
0d472
01efd
03132
02d9a
0f987
095e7
053cd
03e5a
02497
061d9
0b5c0
0d910
00165
04cb5
0653e
0d7ba
0730d
05f90
0dc14
0659b
06fe9
095d0
06de2
07545
0297e
0abaf
0fec0
0b703
0e16c
05130
0d139
00e10
0d4fd
0a8a6
0e7e8
054dd
0da7a
04e30
0b0d9
0ac07
0812a
0fec0
0318e
06db5
0e2dc
04a06
063bb
095c9
0cd0b
077e5
0a658
09f86
0fc99
0135e
0ddf2
0a13b
0fbb9
0304a
03e90
0f8f1
025af
00145
050c0
0ecf9
0e903
0cc23
002a3
0c2aa
06d72
00930
092dc
0cc96
0c33c
09381
04abd
05962
04717
0ef6a
00aa3
0e3dd
0aac1
03e8a
0fd5b
00e12
080c0
0d545
0e482
00335
0f69f
04b0b
0ed0f
0d652
033e3
0c536
09a25
0c3ed
01953
07731
031bb
0b555
028c0
0b484
0229a
0c81a
07494
085ec
02034
04c1c
0f07d
08bf2
06681
05ca6
0c3d1
0122b
0d5f0
048ce
09e0d
0882d
01c4b
09368
0d2f2
04d13
0c842
07052
02c81
036f6
0d5f6
05843
03cf0
01d89
0df19
0a4c0
02bb8
0e931
0d037
04ebc
0bb9a
07a50
0d049
01373
0bb44
0a351
0345d
07220
045b6
06584
08901
06755
00738
08f26
09836
0374c
03698
0a71b
04c09
0520c
0c201
0ebf8
0cbde
028a1
0a4e2
08783
09fcb
0beca
016d4
053bb
0dc0b
0a990
03394
02841
069a5
0d89c
08730
094a5
0b40a
083f9
04420
00547
04fcf
0f72c
04b19
08b50
0d479
0429a
0e5ef
0548f
0e6b4
00f99
077b1
0192d
04483
0d805
095d5
0b797
0b39b
06f64
052e9
05213
0b6e9
073ee
0c7fc
06ec5
0543c
043fa
0e3a8
05112
0f0a4
03f19
04a7a
04fca
0332f
011da
07351
04801
0160c
054e8
037f3
0a6a1
01f1a
006f1
09764
025ee
0c6d9
01f41
0e563
026b7
0f20b
0e86f
03ede
0fbe6
0af94
049a2
0e60d
0c853
09b2a
0d44d
0eeae
0015a
0e78b
08d20
03fa3
0e25d
0ff7f
05758
0690a
0919b
03888
0376e
09023
02eae
0a54a
02f4c
0734f
0a51e
0da7f
03335
0a884
0ecf5
04127
0c965
03c84
032f4
0470b
0f860
020e0
04110
014fb
0d664
05dd6
04984
09511
0757f
02069
09623
0178c
0ea9f
04b6e
0a185
075c7
0b17f
00aa7
0f797
0e1af
0c2e4
0c71f
08230
05e72
0b120
0cf2a
0669c
02924
04f89
0f65e
02af9
01c57
043e4
02447
019af
016c6
033d4
01a00
0f1b2
08461
02f8c
05854
017c1
06b7c
0425f
07893
0a5de
0d34d
0648b
02a5c
0dab4
06641
0b3ab
078f1
021c3
0d59d
0e63e
020ff
02d41
0508f
0e4e9
00e27
0472e
0be6a
00f77
01f17
0429a
07c4c
08e53
01ba4
09e1b
050b0
0ee23
0299a
0342b
061d0
0d844
0ab11
0a683
0bdc8
044df
008dc
06f2e
0c466
0da8c
0202f
0c10b
0162e
0bacc
0f21b
04dfb
0ac8f
0ebf7
045a7
082e8
01c4c
0789a
0a2d0
080e3
0f04f
01e99
096a5
01ede
0dea8
04af9
09ba3
0c6da
01821
0b88e
00415
0498e
0e248
0cfcf
0dac6
0fcc2
07e4e
0a5ea
08b70
07f30
0ee7d
04233
05267
0761c
0b307
013a9
0e988
0dcd8
06dc4
0a10b
034f2
0fb44
0a416
05c06
0f7d7
0013e
05df1
0aeb7
0e7b4
0a3d0
00f34
0877d
00e04
0cc90
0b667
0c76f
0e0a3
0b9b2
05139
003e3
04585
0ceb7
067c6
0ff80
0df87
07434
03d36
02480
00371
0df17
00c74
061fe
0f923
09d8f
07dd7
01063
07e6b
08050
09320
03ebf
04bde
0ba2a
01ace
00679
0726d
02a9e
09884
057ee
0b414
081ed
06cfd
04b19
041f6
0512e
017c3
042e7
0c228
0c76d
05e7f
02828
01fa6
033ce
00344
0376c
080e4
0dd69
044f4
0dae2
0c91c
0abd1
06dd6
0e40f
0a539
04b0d
06935
08537
01dd8
08393
09e81
094a5
0a6dd
09912
01cc4
093dc
0aa0e
00bab
0df02
0bb3d
03bf8
0acda
0cf4e
0ea7c
0f030
0fa53
09964
0bdc3
0e019
005e0
0a529
085e8
0bec5
059bd
08fef
02c7b
07ceb
02768
05a41
0e6e4
095e5
07a44
0a8b1
0b446
0f319
01a89
0226a
099b6
078f5
0a922
0094f
0fbbf
0074c
00d5a
02331
0d2a7
0e9c4
0d7ae
03798
0f595
0e40d
06085
058c3
09715
035d9
0e85d
098b5
01fa3
02408
0d7d4
099a0
06684
0bb3c
0fb35
0be86
0fdb2
0d8db
0de19
0aa9d
0a658
0517f
0c6e9
01636
06941
039eb
0a2c9
0bcc6
05328
03b55
03cf0
046e2
002d8
09713
04778
0ee15
07427
0fa4d
0f8b8
069f3
08216
0ebea
028d0
05845
0b56b
00606
0df55
0351f
0c98c
05c5b
0fbf5
05d48
00a36
04a77
0b839
0c590
08700
0923e
0a954
0a13c
0526a
00bfc
083d3
02cb5
0ee39
09ea4
0b705
06cb8
057f2
05ada
0d437
0d874
047fa
0ad73
0d4eb
0cc06
0be5e
07dd5
059f8
0124b
03ccc
0efeb
05bd6
05f76
027fe
026eb
06e19
0c9b5
0fb66
0ab88
0e40e
0f502
0aabb
08f1c
0dd43
0a20b
03014
030f4
08d9d
0b41f
01f0b
0ff7d
0fd66
02c07
0db9f
03eeb
06dd4
0be08
0eef9
0886e
028d6
0e7f5
02e1c
00167
0ac11
0de41
0255b
0ca67
0f914
0af81
02a94
06151
0e68e
0293d
0bc85
038da
0527e
076b1
05a17
0bf05
086e7
08acb
00182
0e6fb
07dc2
0834f
0f6e0
04db8
00e6b
05886
01497
08a84
0cf98
079ca
0a1ce
0ed49
0a8f5
0850b
0a5cb
0f46a
04d81
0e24d
03ac6
0edd4
057d5
042c8
05c1f
057e4
0f442
07ceb
0f426
04061
0ebf8
01558
0f2eb
04b89
08ecd
06a62
01902
01ac3
08a4c
0021e
0df8d
0537e
0a8bf
0d864
0b74c
087c5
0bb51
062cd
05c33
00adc
08e75
0892d
0c8f7
01cb7
05c59
0c5a9
09a2a
00a63
0ff8e
0fe88
05420
083dd
09a14
0242d
010a9
0642e
0b59e
0bead
0f9fe
00537
00ec7
04a01
0320c
0d58c
07440
0c593
0fff4
05ca8
0fce0
0b8ef
08a0c
04a12
06584
02bdf
08e4e
08e78
00995
0ed6c
0cfd8
03c82
065e7
0583d
0819f
06d01
092f6
0fd21
0e729
0d4f4
055d0
0c6f6
0ee6e
0756b
03201
08e3f
0b416
045be
082c0
009cd
07d76
03ecc
01f61
0baac
03cf3
0525d
0c72a
0212c
04c55
08f9a
0c680
078a8
06ae2
03e1c
09219
03a3e
072e3
0bbb8
08e06
06776
0e279
0525f
04a43
0381d
0b22e
07cc9
0d69c
0c32e
0e220
084a9
0b828
098d1
0ad4d
03beb
05242
0db7c
0c37f
05807
0b13f
06d2e
0e05a
08515
0cf5d
0f161
0c71a
0fc59
03e3d
0e07e
0ed76
0a942
09a9c
0fd7e
03b03
07fcf
0d3c4
0ba8a
0a78d
0799b
075e9
07bf2
0d94f
080a3
04298
07f2d
0b533
0fc77
02894
016b3
0eeb4
03b53
006d0
0948e
0f84b
0efd1
038d0
055e2
08705
08277
0fb04
0db6b
02511
0f74d
0bdf5
04756
061ca
03850
01454
08448
04844
06189
07a9c
08cf2
034de
0dd5e
0bd96
02899
01070
0bbec
0d2ad
094cb
09ef0
011e5
06a73
072d6
0166b
091e5
0a652
021b3
0f249
0a8e2
005e9
087b9
0c6e0
07525
074db
059ee
09e4a
07207
00136
0ccee
08e9a
07d69
06faa
0e245
028ac
065a1
000b2
01f1c
05126
05529
0fff5
01b5a
01670
053ea
02429
0e790
006e5
06567
055b8
0173c
017cf
03f06
0c86d
01016
0c999
0e892
0f436
02ea4
0218f
09a08
0c47c
0f9f9
0cc70
0f04b
0ee99
0f5b3
06eca
060d3
09cde
01532
0d182
0d983
098e8
0d419
00208
0268e
09d80
0ddff
00c34
0df37
0db83
01dfb
07f16
01664
04461
08e63
0e921
01249
09d92
01d21
0c18b
0b704
0794e
0e928
02957
0c4bc
08402
0daa0
0188d
02a14
04322
0f143
07a1d
0c0f5
0cda2
04682
01f46
06189
0532a
0fc42
0efd2
00464
03fe3
01ebd
0f652
05a49
0c977
021a4
01728
0b7e2
099e6
03f64
0d8a8
075ab
0cc7c
0ce78
05b19
0efd0
04ff4
06f96
0bfbc
04da9
00ccd
0f288
0b4ef
07144
065aa
07eb8
052da
06344
0e97d
040e2
0dfa9
03a23
042cc
0a07e
0ce5e
0ae6c
03583
0967c
02d5a
01a8a
02753
0e162
01834
01134
09f05
0324a
03198
0fa9e
0176e
033e6
0823e
0df94
00a13
0bb85
04376
01963
04e11
04846
0af07
060c6
0e5a1
0005a
0f511
03370
000d9
0acf7
07afe
09f8d
01576
08701
058b7
08a26
029cd
081b8
055ce
082e6
08422
00226
0e5fd
0d25e
0e0a6
077ad
0b911
026bd
04144
029c2
000de
079b2
0bf45
06268
0d3fb
04c98
006cf
0708d
01bca
0d1ec
0bb94
0d6a0
023a0
00c0e
00a7e
0c021
06122
0ce8a
0ab40
02f51
0011c
05dbf
0e58a
09088
0ca69
0c1b6
0fac8
0a7ce
09c81
02b10
04cc9
0e074
0cd89
0b4ad
096d5
008f9
064a0
05bf0
0a99d
00dab
0c05c
07c59
0dce3
0b2d8
00c7d
0cf70
04bbc
01a33
047aa
0052f
0fcfd
01f9a
0e24a
06899
08f6d
09d69
035ff
00f2e
00d6d
05e69
062fe
01eb5
038dc
0a260
05bf9
0e727
0ac75
0f564
087f4
07dff
0e52e
024fd
02dff
01a58
099d2
0ca00
0cf59
0bb12
0ac10
07a3f
0cc79
06bea
0331d
0f048
0ed83
06edc
03ee4
072cc
060be
04a46
0d87b
0093e
01789
06623
02f75
03a0d
0b800
042ed
07e2c
0dc73
0fdc6
06a5b
0f90b
0c556
0d0d5
0e93e
020b6
064e1
0a371
01798
04821
0a639
0becf
0df61
042bf
002eb
06fd8
05cd4
0bc40
006e2
0c22f
0a8ac
09572
05e48
0449e
0e043
0ce10
04bee
05ddc
0aef5
0d911
08b60
0dbc1
0d208
0ff93
089f3
02149
0aaea
0a2b0
0b86f
0eb81
05fcc
007fb
07330
0c2cf
00b47
08ac7
0cf47
0e075
09785
02bef
085a3
0d5f4
070fa
0a85e
01f51
006c8
0506e
04070
0cb6c
032c1
078c6
0c053
0a505
08f28
0889d
02f79
0061f
0fd62
07b30
0ba67
07462
005b0
090d9
02ee3
08154
0f5e3
0767c
043d5
0a01f
0ffc6
01e03
03f54
0f49b
0ba97
08531
0ead5
0ffbf
0074b
05cd8
02474
02d56
08c14
04f79
0916f
0abc8
0be4f
05d3d
03213
0ccc2
0a3b4
0e1e3
04719
036fd
09cd2
016ef
035e4
0e78e
01d29
0a47c
0df24
0d896
075d3
0fa61
09da1
099b1
0c887
02e54
0caa9
081b4
0609f
06def
0e8ef
00f21
0027d
099fd
057c4
0b309
09441
0fecb
0612f
04b8e
06e44
06e61
0e533
09066
02420
0bb3e
0eca2
08d1b
0de3a
003da
04e4e
0d12f
09ec5
03e3f
0f026
0afa1
04483
0bacb
00b67
0ea8b
04143
05ca9
0c71e
038df
01ce1
0d028
0253a
0f8a6
0016c
09d96
0c6d7
0e9b0
0b5a8
0f288
07479
0ed6e
0610f
0321c
07cbb
049ab
0c94e
08238
06dde
0dd2d
0c56a
04d44
0294e
0feeb
02694
027d5
04232
04b14
0adf9
0fa63
00545
0f452
0aeaf
03691
0626d
0c750
05ee5
0cb5f
0ae6a
095f9
0b1d6
0bef9
0c39f
0f9c2
03ce2
06a6d
0c2d1
0f147
048e6
09329
06c10
0f807
0f471
05d5d
05e71
03085
08339
053ae
05070
03521
0b131
02516
01c76
0a8f0
05028
0213f
078f4
0e4d0
066a0
02c29
0bf17
002db
0cef7
0a6e9
08b9f
0e614
09c7c
0ca53
03f0e
0d835
06191
02e25
039ab
0069d
07c88
06422
02d4a
09f75
05864
0a386
0e81a
03892
00a06
0a0cf
07f5e
0c6bb
08488
0a595
0d28a
0e0bc
067bf
08b65
0d1c1
0109e
0d2ba
0ee4a
03501
0a562
056c2
0991d
0c51e
02c2e
04d79
0e9ca
04c01
0091f
009e3
02d22
01f0f
096fc
0090e
0a52b
0e7d1
09e40
0a025
0e571
0a3a0
0ce7f
0c7b5
03d25
02cdd
0ee66
0ae04
085b4
0b24f
03fd7
02e0a
0abf9
03250
01f1e
0035f
02c63
00ea3
09b6e
0e2c2
0d53a
07ebc
0107b
0a26c
0c657
07d3a
0cccc
0e937
0b61c
085ac
0f60e
0dd9e
08de0
0a64b
04a15
0e101
0844a
0a547
09d7c
0410b
09bfe
015ca
05cdf
03496
05184
0d8f9
045b1
09cdd
00fd7
0298c
05448
00e17
04a8d
0dec9
0ba16
0bc48
00863
09cb4
049bb
0fb6c
005ef
005df
00a17
0c681
02b74
077ac
0c5af
04feb
0c826
00aed
0cbff
08fd0
0ed7f
0a27d
0c1d4
03e05
027c3
0c42b
0fda7
03140
0e299
0f374
063a1
0b3bd
016de
01a5b
083f3
0892e
039bd
09813
0b97c
05fc5
0f14f
01c48
08d7d
03daf
09fe4
0b98b
04784
0c8f9
0ffe0
03136
07c9e
0838f
0bce6
055fc
0b2ba
0344f
0ed3d
07d2f
079f6
08c98
06892
0b648
05732
0c8a7
0bd9e
0077d
0c03f
06d4b
09807
0602d
043ca
03a54
0f911
0a173
0cf8f
07ba1
067dc
0144c
008dd
08fd6
004c7
062ce
0b70d
0c7c6
0b7d6
05b76
06ddb
0a441
0ef9e
07ab6
09f91
05c60
0fe61
06fe6
0b6e9
06afb
06478
0418f
069be
0041a
04602
0df15
08d39
01f25
06e19
07b33
0d0b4
0375c
03d36
06809
0454d
0af46
0befe
007b7
0dc3c
028d0
049a8
00ee8
0e1fb
06003
0a17d
0d9e5
07da0
0e335
0fa62
06c4a
07b67
07867
0f78c
065d9
0bbf6
04234
03462
08344
0e10a
0a649
0e042
03bcb
04dc9
0cd50
005c5
0aed3
03401
09cbc
003d7
0088d
0928d
07e0d
07042
08748
0f9dd
0983f
06da0
0e515
03456
02270
0fe53
062c7
0f047
03e7c
09c6a
0ff98
0c703
06c3e
067aa
0cfb8
0887c
0a401
09fcc
08185
0db96
08e28
0fcea
09385
0eb75
065c9
07dd8
06ff9
09836
0f201
02c7e
0eefb
0687b
0e384
07f58
03a1d
010e4
08b22
050e6
02ac0
0a73c
09b18
068e2
064f5
09d2c
09c83
07dec
0d098
099c1
0f8d8
0a0d3
00edf
0a689
00f05
0a477
032aa
022f4
0552a
079ce
06a45
0d7d1
04adb
04efa
0a2c8
0b219
0a97d
0f41d
0a794
001de
092d9
03b15
03f05
0b77c
0ccea
0b6b9
05e2e
0cdf7
05d4c
0a3bd
016e5
011ea
0e68f
0bbb2
0e5b2
0879e
07fc3
0b5b0
0de8e
0c68e
0eb36
08fc9
0414f
0c7b8
0829f
0e144
04b1d
023bd
09bff
07aa7
02577
06c06
024e0
07662
0df1e
0e58d
0aa6f
0cf30
0902d
0da44
00aa6
0a24b
06b9c
009c4
0e75d
0d3f9
000bc
062de
0d3a3
0b3aa
04cd4
0f842
0dee8
06e98
0015b
0bba9
07c47
03cb0
0d4c4
020b7
004d9
07775
09e84
0f83c
01f34
02c13
092b2
037fc
0bd2e
04b6a
085dc
012b1
0d7de
0411a
0ea2f
0c40a
04310
04658
037dd
08a3a
05c64
011b9
0b293
05637
09c25
078d1
014d0
02865
03e7a
01abc
0aab3
09e2f
0d78e
0d662
06016
09892
04342
048f8
0d3ff
0482a
05396
002da
0a499
06074
0106f
05895
054ca
0ec49
08dce
02869
0dc42
0cb0a
01453
0ba96
03c69
0b141
0be47
04de4
0844f
02335
02ac4
0271c
00792
09416
09193
08190
09b29
00ace
07e16
01562
03f28
0c778
032b9
02880
06ca2
0e5f3
0b1f8
0606b
0a4db
02aec
03c25
01c9b
0d751
02ffe
0fdce
00795
09fb5
0ff65
0eb0f
0bbbb
0a35a
0cc58
02475
0e750
0a5ca
06b06
0c157
01f23
0f4a4
051a8
0aa71
087ae
06abe
0a880
084e4
0ed17
0795d
01b1f
01ef2
09d23
0d7dd
0e037
027e8
00577
0f2c5
021c4
06dd1
055ee
0441f
0f3e2
01432
0e77d
047b3
0a074
04758
079ec
041f6
03b50
04f3c
0207e
006f0
09b88
014ee
06ba3
0a0a8
0cd65
05c65
0d62e
06780
04956
00415
0fe3a
0bab6
0f8e2
0b7cb
04eb6
056f4
09a78
0f76f
0c1c3
0d0d9
014ef
05bce
04844
00f5b
07548
00b80
0e434
09a41
0e0d8
02c6e
0a67a
02508
0d38a
02a87
0afb1
065c9
029c9
08cea
0775d
012c0
05880
08540
0dde4
0545d
02a00
0243c
0cea5
00048
0d2bd
0db05
09c44
08c77
091a2
0c718
02ce5
0787e
0fbf5
02f78
0aef9
0ac1a
03e67
0ec3d
0aecd
00581
09f6c
022bf
065d5
0d166
0fb85
091df
09b67
066cd
0b6d8
0b12e
0b11a
0e8a3
00e95
0b38f
0b6da
03970
0aa2a
0e90c
0511a
093fe
017fc
0cd17
0605e
095d0
03c71
041e0
06fc3
0202f
0a23f
01533
0312c
0b627
0b522
07d11
01680
02a97
06f0e
0bb10
00233
0b696
05427
00fd7
0a307
0cb52
08d1c
063cd
0afe5
0b350
08eff
02209
0e558
0ab1e
0da40
032f6
09c3a
006ee
0dada
03d3c
0ff6d
008ac
09c95
06e3b
05226
0ea74
089c2
0b64c
0782c
0d610
072ef
09376
0e63f
0d8f2
02056
06a90
0931b
0742d
0d97e
0462b
04c49
015aa
0abc9
0fb79
0a480
0f3d2
0ca68
0d61f
0a15f
093be
02b35
042f2
03ac4
02a95
01a5c
05abe
00fc8
0ed59
01b2a
07c25
0be03
0e64f
08878
0633c
0d56d
0ca98
0125a
0450d
04211
0ddad
06cbd
03c30
093e5
0e251
00c48
01e6e
0db7d
0dedd
03b52
09911
01b73
04458
0e38e
0b8a1
0fd92
009b4
00a88
01d0d
0d389
0abfb
0775e
00ab3
0b815
0c57c
0d1e3
0b7ea
03457
0046e
01776
08124
0a406
04bae
072d8
0d893
006a8
0cd76
0e175
01b96
06aff
078a6
015da
0a1bd
08c3f
03876
07454
02c20
0f7e4
0597c
0c323
06445
08ef0
0257e
0599c
009a7
0cc3f
00282
01734
00cff
0582f
0400a
04542
0f36d
03b33
0dae7
0241a
00b97
01ef0
011b9
0dd4a
081ff
06293
06f21
0dd91
0d0cd
06e5e
05074
03eaa
0616a
05dd7
023c0
0d3a2
03ada
03870
01a70
04de7
099b5
0d869
05ca0
0cf32
07007
0bf1c
0e610
0bdc1
09ffe
0c368
0aa53
0706a
05119
01b93
0b35e
01ae1
0da70
0cde6
0f889
0ec9d
0fecb
060ea
05089
04825
0a22e
08e25
0dc23
0ee1d
0ca6d
0a393
0ca4e
0327f
0744e
0408c
0391d
04bde
0b6a2
0cc5b
0ba6d
037a3
017e4
087fc
01697
08c2f
01545
0c8cc
0979d
0761c
03401
015dd
0d4b4
0cc2b
022bc
00783
06f7c
07a93
07416
092a8
0fc60
0c809
0ed63
001e9
01cec
036ce
02a26
0b447
0086c
0f59c
07f9c
0b52a
0f98e
0af50
00943
0143c
08ae4
030eb
02a57
0f9e1
05e33
0599e
0e63f
01d6b
0c02d
0f19c
06131
0cd48
0e500
0e545
04e77
07121
0be91
09ddf
076c9
04035
0136a
0b45f
0fc4f
0e274
06048
01f17
05347
0a6a2
0716a
0d073
03691
08309
0cfa0
01981
00489
05eaa
064c2
03398
0daa7
052f3
0d6de
02506
03292
07d63
00071
0942e
02878
0e8a2
05a6f
031af
0d771
0bdb8
05c0b
07f11
08148
0739e
09434
0f9e5
0b47a
04a0d
071a9
0b207
03b04
0a325
0fd26
01c19
0ac22
09bbb
0e9f0
0471c
05b99
0a977
09549
049dd
07cf3
06d05
07908
04ad9
06ff6
09566
095eb
076d2
0e042
0904d
08394
00aa8
085ac
091c5
09bd8
0807b
0c251
07ba2
05b82
0d155
0892d
0fd44
08603
0938a
0f3f2
0d157
0f8a3
03db4
0bbf7
06a90
0671a
035a4
01473
00988
0303e
024bf
031cf
02347
055ea
0922f
0b217
07e9b
06330
075db
077a1
0b094
01597
0196c
0ceb0
00087
075a9
0c08b
039ee
0555d
02678
00bd5
0a014
041ee
00e8b
00ea5
06b7a
00676
01285
07e50
0fdea
0e730
0acd3
0b4ee
07627
00590
0e04d
0a37c
0e1ee
0e5c9
0cb55
0fb69
0da44
02208
00eeb
0811e
0d359
03028
0d75c
0e255
0fabf
064b4
0a29a
01718
063fe
0c03b
0dc54
0d562
0b263
05eb4
03c10
0f625
0a69d
037ec
03205
02507
03a65
0ed17
0a42c
0db04
096e7
00391
03637
08ee4
01dd2
0786b
09e06
0468a
0039f
035c5
047d2
05946
03163
0e2fb
07a75
03902
012db
0c72e
04f14
0e507
0096f
06491
09651
007b7
00ba6
074ef
0b64d
05d06
07455
0f2e6
09e85
06b52
04bea
00324
018ba
02c8e
03c40
097a2
02615
090e2
0974e
032f3
02049
0b04a
09ecc
025d4
0d7fc
03f99
0d59d
02826
03f40
012b6
048b9
046e2
0e1df
0280d
07ab5
0ffef
00c0e
00a63
0e5a4
07079
0945a
019c5
01587
0db66
0d3b3
0a75b
07508
08964
0d88d
0ca1a
09781
01ef7
09bff
02957
02d3d
07b97
07367
01fec
00714
08752
0de39
05b85
0d7de
02aac
0f055
0a278
0f9fc
00081
0c1b5
0cd09
0fd99
0f5d5
0a6b3
0b9a0
02509
0a218
069f4
0dd04
037bf
07bad
06550
0d311
0c9e7
0300c
041ea
0b8eb
0663b
02912
0fa92
053a4
06bb6
020e6
0427c
07121
04e51
052d7
00169
0b324
0290a
0cb0f
0ae6c
0c3a5
0062b
03ee8
04743
02d58
0e0c1
090f0
0b7d5
0509a
03fd2
025dc
099f7
04b08
0c006
02551
0ff76
031d1
054cf
077ea
00273
0afbd
02e73
01353
017d3
00283
061a3
0bc5b
0112f
0d850
0cd22
064fa
0942e
00e92
0c5d2
040e8
06a3e
068a0
00b8c
0aad7
0fe0d
04252
0b2d6
083b0
09dce
01109
044d1
02cdd
0a811
087fa
0daf0
0cd7b
0479a
020f5
0bb3a
0e7ee
0bb7f
0a5a1
01af7
02c9d
0fa9f
023ac
0ac4e
00ccc
00ea1
0f3b0
05b5c
071cb
01c1e
051ae
0fd0f
0ad2f
0472b
07d62
00019
0408b
0d86b
07f9d
0e143
0a99e
0cdf5
06a21
0fe5e
02c15
04478
000de
0c006
07c16
0498c
0843d
0961e
0ac0b
0113a
0dad9
0a972
0511a
094fe
052f2
08a13
0a5e8
0ce12
0f0a9
0a2db
0b366
0fa2c
084c6
00aad
076e6
0baa7
06dd1
011eb
0e845
07bc4
05a26
03cfe
0e284
00579
018c4
01cce
0956d
0eb63
0c764
01fdd
027d3
02c1f
077cf
02286
09a11
059b5
0d606
0a137
0f238
05218
04f1f
040a9
0d6e5
0aa11
01164
053b8
066c2
06eac
04d22
00113
091dd
08df5
0e232
07dc2
05208
0e94c
03329
0f805
002ef
0a963
02072
0804f
07dcb
0af32
0e8b5
0f9fd
061e7
027a1
07a55
0d23f
02edc
0c80a
08821
0fe12
014d4
0a771
0586c
098f3
073f9
0e74e
0ab9b
0438c
0dfdc
0010a
0a28d
04043
07e53
09cc1
0b79c
0b441
0ae9a
04862
0bea1
0fa4a
056b0
083cc
077a9
033ad
09177
092d4
0b58d
00a8d
08cdc
05b06
08db0
0f9d9
08371
06f3f
0e531
06cd8
05733
0bf7d
0a3b4
0e992
0dd24
05a45
04aad
0d7b9
09a1a
0460c
00089
07e8b
0b11f
012ad
0ba51
08cf1
09136
0e9d4
0e71d
05141
0ebfa
0bab4
0ed65
01e12
0c5e2
0bec5
065c0
00cd0
02e2b
0de91
0e9a9
0b3f1
01e82
0113f
01ae8
04d07
099ae
00827
00dc6
08661
08572
005fb
03b07
087dd
0ef01
06c2a
0520c
0ad42
0362b
0f9f0
0d3d6
0f660
056ba
09e5a
0a073
08031
005a5
04e2e
051a2
02f9a
09912
0d1ce
0add7
0219d
0b2f8
07b11
05276
04681
0f44e
0fecd
05db6
0a304
05cfa
06422
09e28
08b8f
03588
0af0a
08cfb
08838
08f5b
0a96c
0b4fc
0ca0c
08d3d
0ff22
0645b
0ebbc
00f2c
018c3
03c8b
0f56b
0ef01
0615e
04e6a
0ef19
052ab
01c02
08585
064a1
0594e
0d147
0cb4e
077fe
0859f
09f47
01f83
0fbc0
085c0
0f7b0
00263
091dd
0785c
0cc4d
07bf9
03923
01e0e
02f9c
0a0cc
038d9
0e692
013d9
06300
00235
068ad
04996
00030
03734
00dac
0c6b1
03456
04b6a
061ea
0c2f5
04441
0d025
0dda7
0d72f
0f910
0e22a
0a572
0c7f4
08e89
07109
097f2
0d8c8
04e09
0396a
01654
06f7e
04cbc
0d3a7
02650
05d06
00c5e
05848
0457a
09862
01e7a
0cb4a
04b39
0ac64
0ed69
0164f
0443f
0e590
095f5
08b5d
054eb
0b7b9
04146
05b70
0c678
0629e
01eeb
0deae
0c492
09ddf
0b627
038b8
06897
066fb
01e77
0e4a5
01f94
02b55
0528f
075e3
0ace8
0c5b8
02538
0cdab
093af
06363
0b569
03b0c
07987
00fea
0f563
032c7
07ee4
09742
0c9b0
02e04
0a34e
0a24f
03419
06172
0fe06
0e51f
015a2
0f3ce
0a909
0185a
0cbbe
0c8d7
055aa
085b9
0c5cd
0f57d
0e68d
01988
03a2c
02345
00f56
0257f
09b0c
0f5a5
036a1
0f973
02923
03845
0278d
0e7ba
0aee2
0ff1a
064a3
01e30
0912c
0aba1
0d98f
0b844
00293
044c4
0b54e
04ce1
03873
09ad3
06c5e
0df76
0ff77
0816d
04181
0cc6f
06fa8
07353
064c6
067c5
0203e
08547
0936c
05eb3
0d971
0069d
0a80b
01ba5
0091e
0503c
0d9e5
06629
04833
03104
02f86
09275
0fb2e
0f482
01442
0f6a3
06936
0668a
0fc1d
0aa04
07ce3
0eb1b
08cc6
0b77f
03ae9
00a14
04f15
0d18b
083d2
00e7f
0ed00
0711f
025de
0d742
091ac
0042d
0e524
041c3
04b74
0ca16
0ad5a
0d997
03bdc
00705
01d0b
03f09
01a4c
06887
09186
0a116
0ca3c
0b08a
06ac6
00dc2
05177
08679
0a9fc
00be4
03334
05c42
0ed4f
0e707
06d0a
0b8a2
0710f
02529
0bcff
00843
05b90
0557a
08f80
0db4e
0b352
0cafc
07eb5
01c16
099fb
04149
04d30
04766
0508c
0dea6
0cd0e
0ed63
02bb9
05e48
0c315
0bcec
01348
0a4c8
01ada
042cd
0ded8
0a83e
0d895
0b977
0d167
0af57
05be0
00b02
09699
032db
0812b
05f6d
0bb7d
04838
0073b
056c8
0543e
0c3d0
0b3f7
03649
06801
0fb5c
0769e
08f4b
0cc70
02ec7
00634
0b5ea
07652
011f4
07f67
05883
0048f
05b16
06ce8
00483
01d0b
0b5db
0e04b
0c517
042b0
07d09
08865
0f7cb
0dd7c
03232
01315
0f7dc
0c279
06778
03e30
0e5cc
0a238
053f9
04923
054f9
08bf4
02786
06c6d
0ebab
03c40
0b039
0ccf3
0a431
008e3
001fb
014f4
06f4f
055e1
056ab
0fb5b
06dcb
057ac
0b6da
05c21
0b10b
00188
02cc0
0e8af
04d8c
017df
0df0e
05184
09e59
05b63
06010
0346c
04fa7
0b4e1
0649e
0653e
0a40d
035b0
09d1a
03b4d
0418a
02825
069bf
029a2
0566b
058b0
0d1e3
0a351
03dac
0deab
0db30
02a14
09ac5
0c8ca
08817
0b728
0c208
0970a
08274
0ad14
0e93d
0502d
09545
03331
05795
04f67
0cd40
02bff
0f89e
05e39
0d961
0785a
0dae3
0bb5b
0770a
0bddb
0838d
0342c
018c8
0ad87
01dff
02c95
02b70
06b06
059ca
054fb
055c2
03df0
046ba
08c85
02370
0d003
07c3d
0c751
0cf74
03f7c
01385
037e4
00add
0e369
0508f
074c7
0735a
01582
090ab
0de94
0a557
0d0b0
0fd37
07197
09dc8
00979
01099
03780
035b0
08c8d
0616e
0d91f
07825
0ae17
0f328
06030
0714c
05b92
06a56
01327
09975
03942
0285b
04f2e
0c5a4
0b7a0
082db
04fd7
08fc3
03bbd
0d1ee
0ec85
0f938
0791e
0f2fc
03c7e
071b6
037b0
0634e
01396
07ad5
01b5e
0693a
04fe6
0bae2
04a63
06c95
07625
013fc
066fd
0a9b8
0fde6
09820
0ff68
048b4
038db
03c98
0d31e
006d9
08859
05f88
05519
0362d
07f37
0574a
0eacb
048f9
0e855
04119
0e9bf
0e72b
0b679
0b4b0
0e6a7
09ba1
040c8
042ae
02fb6
0ae4e
0ba8a
07d52
05a50
0cf96
02717
0f43b
06686
0d09a
0d325
0a950
02ea0
04c54
01edb
070bf
09b46
04947
0b414
0aa5d
085bb
0ac8f
0793c
0aedf
087b3
0710f
05207
0ccc6
0e874
0eef3
0beb5
0ce35
0a6f5
0c6a7
0b5c6
02d3d
0fea9
03415
0c58d
0c2d3
00bb9
0f083
055fb
0d838
0c787
0197e
01ec6
07707
03a5f
097ea
0cb8d
06e33
0d204
04c56
0f516
0b7af
0daea
03fd3
02a40
076d8
0be42
04aee
0db34
010e8
06df4
0f89c
094e2
0e729
09e44
00ced
0d6d0
03715
00dd7
0a5aa
00fdb
0bf15
0c98e
07507
02fed
0941d
0020e
00fb3
0395c
0d223
0ba67
012df
0398b
03d3c
0561e
0a832
089b6
0523c
05b09
00c51
0f024
06ee3
0cf5e
03ef6
06868
0d061
09490
04c58
0766e
0493b
0a385
0db70
06f46
0f69e
0c048
0f11c
05775
07c8f
00fb0
0672f
067b9
0005d
06b24
08718
077c6
06d52
00202
0298e
070a5
0ae3e
0c2ac
04ba7
08282
0aa86
0d063
0baa4
0bb3e
0947d
02902
0baf7
00d4a
0ce01
0771e
03b5f
04636
01f93
02421
0ef61
0b1a8
01167
01102
0a171
08a91
074a7
0bf73
0ef35
03730
07bce
0b220
01489
0f66a
03467
0f2b4
09678
0ae84
02f6a
0dcab
02d29
0991a
0b96b
08842
0c950
00055
0e16a
0ba9b
0ca28
0d78c
0de3e
0c959
05886
0f35b
0e945
05981
0dd55
0b90c
0b175
09134
099ee
0665b
01789
03472
06f50
083c2
03d60
0b233
0efae
0c53e
05b01
0360b
0c214
06a6f
09fa0
0e9d7
0ec0d
0ff9e
03271
07342
0d7d4
072f9
04f10
0a062
012f9
09df6
004f3
0f294
0aa36
0cf77
0aced
057c8
0aa85
013d0
082e2
05129
04dda
092f1
0eb1f
0a1a8
0b786
0866f
04921
04d2e
05f8a
037d6
0cc80
0eb94
03a42
03381
03641
090ee
0e2b4
0ac39
0635f
0655f
0716b
0a994
05386
0c57e
07d5c
0accc
0910b
08943
0c281
00536
0b886
03005
024a8
0757c
05252
04122
0ab59
0543b
0e6cd
0ad82
02635
02d8b
0defe
02da9
0075c
01a4e
0b77c
08741
09876
0e3d2
08490
02dc4
00c0c
0c93e
0abb0
06e70
06b01
036e4
0acee
0cdb1
04f11
096f2
07da2
0ace9
07fbd
041f7
0f426
0c119
04a5c
0c349
0dcb7
00975
09d06
0b007
0a620
06f6f
0d383
03bde
049ee
00a39
0b0ee
0832f
0bc3f
0c213
03589
0a78f
060cb
0828f
01d86
0c8cc
03749
0bc6b
01dd7
00e61
0fe91
081cb
07489
08be0
02f7b
0637d
0c6e6
05ee8
08a27
09870
0fa6b
0c49e
0ed6f
04395
086fa
0c560
0a6f0
0f777
05346
0b303
02aa0
0d521
02d94
05ea3
06864
003d3
0527b
0afcd
0327e
0ed7a
09ea1
04a78
0df48
09939
0dff0
06e8a
04652
0b072
007b6
0a2fc
0b07b
0933f
05767
03ca0
0bb06
04316
09b81
01643
0d235
075c3
0a61d
0ef44
00b81
0034d
04d78
02542
00d2b
080d5
0b495
0c1a6
0bbf6
09a41
07a28
0d548
0d8ec
0fcd7
00aa3
0afae
0cfab
0b3c8
04809
0ce3e
03180
0cf7b
09cba
06f75
0a7d4
0ec56
0b316
0330a
05ffc
0d699
0caa9
075c0
00ff3
0c47d
0d4c1
0dd73
068bf
086b4
031c4
06158
0a30c
0c67d
00ff0
0fe29
06657
0a06d
05e17
02a30
0b280
03891
04dd6
0c29a
06982
0bab7
048f0
0e063
01a8d
0e2e3
07eae
01b84
01a91
04785
0088f
0d827
0f8f0
00a7d
01ca8
02cce
0c436
01f9f
05526
0c98d
01e0c
0a2d0
09497
062f0
0ac48
0c302
0e310
071b0
07ca7
035fa
072e0
0a7b8
041c5
0c3b3
0ae33
0fa08
06c8f
01f36
0a575
0fdef
03362
0d69f
036db
0dc36
0fcb3
079dc
02b59
08085
0d21c
037ad
06b58
007c6
062c8
0d828
07b05
05954
0369a
0b61d
050db
005ec
08297
03443
007bf
06682
08a51
0eb7d
0ea43
0a7f5
09fe2
08b33
0345f
07c86
01938
0f114
07f67
01274
05abb
0890f
09672
033ee
087f2
0a7bf
00c73
04695
00599
0c30f
01cbc
0a758
0f5f3
08b3e
022fc
03752
085f9
02f89
002a1
0b7d0
011a3
016e1
0f988
0d12d
07959
0166f
076ed
0e64c
0ee79
07722
07c99
0350f
0c000
0e962
03345
05fc5
01747
0f69f
0dfb5
0732d
0f282
047ef
0a90d
08333
04b49
0f299
078a1
0bdfe
0d87b
0c908
04b3d
0a150
06ad9
03e83
099b4
0fdc1
076d7
0ef12
04cc1
0ab70
071e3
0ef51
0adb8
0551e
08943
05a08
00a79
0cd88
0c7ee
09b08
0d5c1
0d8e3
0c890
014cb
06cf4
01300
043d5
0de62
0548f
04c2b
0e292
06212
030b3
08027
00513
0539a
019c8
02ca8
0d3f3
0deaa
019f7
04e97
03390
05569
06eb1
08339
081d0
09515
032b9
0ebc3
0076d
0bc06
0702e
09fce
095d6
0fe1b
06e8c
08a71
02c92
0a846
094ed
0357b
04fbe
08ac6
0d0d2
08f4a
0ce29
03ae7
02138
0894f
067fb
0c023
0dcb9
002b5
0dd47
0f7e2
09eab
04b1c
0a5ad
06814
09e1d
0465f
0e19f
05d08
0b198
0d91b
02f75
0838e
000e3
04d1c
0d528
03af6
08568
06dfe
09fb3
09ee2
0903f
00c5d
03cbf
07047
08ef0
0f9e3
09d24
0b1cf
0823d
05b0e
0bba0
0f9c5
0d9b5
08e8f
0feef
06830
04901
0e83e
0056a
0e066
071e2
0966f
028a2
0d3c8
03151
00823
0db02
0f6fd
0042f
031c0
04f31
046d2
0958e
07917
08f5e
0ca1c
01e7c
0ce4e
07ce1
0f1ec
073bf
09cb5
099d2
0b838
034ed
0b7f1
06f00
068bf
02d77
08734
00294
02704
006cb
03c4e
029b2
09ad6
0bb14
04baa
0a761
08a2a
0ac58
07fd4
0f024
068d7
016e6
0e856
0c64e
0356c
0c2d0
0e593
02f9e
091bf
0e325
02f76
0ee55
0ce34
01125
06b24
0775a
0acd7
0eb2c
0a8b1
0f189
0dbbf
06011
0ffbc
06470
0d20f
0e7eb
0b1ac
05ced
02c52
0a012
0191a
0a28c
02d13
01d1c
0e22f
03b73
0d7e3
04239
0b007
062a4
01e58
05ab0
0b5dd
0bf3a
0c0ae
03470
069e8
0ae6c
02837
04573
0cc1d
020e7
04009
0476e
065d5
09057
0551b
06ce7
011ba
05861
081d9
00586
08941
010c0
04d6c
0ac90
03152
0eeb7
0aacd
09e9f
00798
044f6
08581
0e44c
084ca
0f476
09fa5
0a0a0
0e792
0b1e1
008f5
0920b
0a861
09b19
0a640
0537d
05b79
06cda
0e4f8
0df89
052e3
05ee6
0f621
00f73
038a7
0758f
0fd5d
03ce4
015a6
0351e
09606
0e22e
07d0e
0ce87
0540d
080a4
03849
060d8
0a05e
0da7a
0a6f7
0a762
0606d
0cd60
00c72
07b2d
030da
0634f
0369f
07e9b
024fe
0ea0d
0d8e6
01055
0fd2f
057d5
005b8
0da18
02e03
08fcf
01ec6
0f06a
04c5b
0d9ad
07e08
0dcb9
04ef3
04dd3
02fee
0bbc1
086da
0bc39
00df6
0af66
0a505
0c266
0ecac
0d1e7
0966f
02958
00c65
05ee4
07f2b
0e226
0fee5
03f2c
0ca85
03459
0f22a
050c4
09b8a
01d31
04b38
0ccce
05fc9
056e7
0d239
00a8f
058ef
072f4
0c8c5
0b003
0e7a1
07ed6
02b8d
06d78
0c819
060e5
0a3f9
039e6
0bbdd
04f6d
09fa6
0a1ea
0ab11
0d0b0
0522a
0eda9
0d9a5
0205b
0119e
0cba8
06527
087f2
02137
0e73c
081aa
08b02
09dc9
0d78c
068ae
033ce
05c5c
0f615
091f6
0be22
0c2e0
0ef25
010f6
0ae19
0d75b
0af23
05ba8
04d70
0eee2
0750e
06e0e
0e6f1
08374
0aa1b
0a268
00fff
06547
09796
0330a
0a32d
03237
0ebe2
09a28
0caea
0228a
0c8d6
012a0
00cb8
006cb
0bf88
0544d
01fa4
09128
0d2ae
0298a
0458a
0dcfd
01e3e
0be48
05fd3
06c87
0f437
09d70
08395
0e3ce
05279
0c9c1
0cdae
0ddec
057e0
0853f
0c056
01007
01f91
04e5a
0d536
00ed3
055e2
0057e
0e70f
05a71
001a5
04efc
0562e
0c813
0e2a2
043e9
0f8c8
02040
022cf
02092
07aa0
0bcec
0e37c
0d340
06bef
09154
02848
07aa5
01119
0a811
002bb
08acb
007cc
0fd36
0bbbc
0e3ce
023ce
07369
0702d
0839f
0ddc3
06eac
031ca
046f7
02a86
0bfbe
0fd97
0057b
0fb4e
04466
09dad
02a59
07833
0348d
0d6a6
0c5a4
05c66
0f8b7
0f06e
0e7bd
0d60e
06e7b
04fbe
0304f
02066
0a877
02df0
0a379
0c5c7
0b10b
05b02
09ac3
0894f
0374a
06989
0c9e4
036e0
08fcc
02f53
0110a
039e0
015e5
0e7da
067ac
08c6c
0a0a6
02fb5
07930
0e055
00072
0419f
0709b
06c3e
0e7c6
0e0ab
0aa40
0f03c
0cb9a
04c27
0d672
0868c
08312
0b8d4
02896
00e05
02684
04f3d
09e61
0c5de
07d95
0dfa9
02104
02170
0279d
0acfe
0566f
02598
0865d
02d90
04543
0fc17
0003e
08b87
06cf1
02313
0830a
09f79
0b912
00232
0c5a3
07476
078b1
0f594
05d22
01fe3
00a01
0fbac
08f02
0af06
008c2
0a034
0a324
082a2
04274
0319e
0c5ed
00b9e
0ec73
0d87c
003cb
00cb2
0cf20
0b77a
08454
0f768
0d685
00f95
09e42
02d11
09ae3
061bb
0ed1e
0a256
00796
0529b
00c7a
0aed4
01b89
06459
02db8
067af
0390e
0e543
011c0
05328
0b9f9
09a5f
0e392
09199
01100
07732
0d37b
0e30f
09cb7
0701a
0312f
0c83f
005eb
0747f
0eeec
0a4ea
045e1
01acf
023b7
0be8d
06f05
029a4
04e30
05692
0c40e
02f86
002bc
0cb37
08d76
0470d
0a56d
079b9
0ad42
0133b
06c5d
06275
00753
05e9d
04724
02c44
0aa64
0995a
08a8e
04ecf
0ed5d
0ca99
0dfd6
0cc38
0eac9
04ceb
09994
0e76c
053ef
0a327
070b3
02e2b
0f6b8
00a86
04b1b
0980e
05bb6
01852
0ff6a
09e8f
0e5c2
0e738
06bbe
0ed91
09563
09285
0004b
0cf67
01df3
0b327
0544a
01edc
000fe
010cd
03e89
0ed53
00d2a
0d826
0b8af
0eb9e
0f1ff
02dab
0b647
0fc0d
02f41
0601c
03f80
04e95
0bc31
010b4
0c265
0b110
094a9
0d54b
09c2c
0b5cb
0cc0c
094a9
0eb94
0c643
0d912
0b2e3
0e74f
0d1a7
0ec33
09dda
0520c
0bfa9
0bbb2
07d97
0f36d
0e5f7
000d7
0c642
0b7c9
0602d
0ac16
09f49
01bcf
056ef
0f903
0777d
09e7a
03d93
0997e
06bfa
03f3f
06b94
08d22
0659c
0b947
01ad0
0a1e5
04880
0a173
0048e
06c4d
08ba2
0dd64
0eeb6
0f855
07dfe
01b2a
01878
0a682
081a0
09ce6
07c82
04ba5
054af
00b19
02450
02bc2
0ded7
05cf3
02414
0edbf
051f6
01049
030be
0ad3f
0fe25
006e3
0e557
01c4e
052ef
02457
021d9
0b1f6
0ada7
08f0f
08edb
0bd9c
0f23b
05f22
06b5e
050d5
05df3
0175f
0f112
035da
017aa
0eac9
03daa
08c4c
0dde3
03be6
056b2
0ad5b
055a8
0ebb8
0ad3f
09769
08d02
0c9a6
0166b
03222
09abc
0fc8a
0c14e
06cb1
09d9d
04d7e
08f39
06078
087fc
0dc00
084b9
022e9
07bfe
0e96f
08467
0b973
02b85
0e249
09804
0c196
0c8ec
02d65
0f719
0dbb8
08d0a
05663
094a6
0ac0e
02ca0
04ef4
0bc42
0190c
02084
0736e
0c1f3
0aeae
039d5
065f5
0b09f
088e3
0ac28
0775a
032d8
0b8ad
0d878
0d253
0da7b
0362a
05280
05c59
0b3ed
04b42
0e89c
099db
0d53b
0bf8d
0a2b0
0d822
0447d
0f07c
05358
01487
0f792
05266
0e00a
09b54
02992
0cd62
010a7
00ea8
0ea2f
079bd
058fb
0917a
077d7
08fe4
05e96
0cf78
04f8a
06a72
0ec3b
03fdd
0a9a9
08431
0a5a5
0271a
0161a
0f5c7
06662
047e8
07497
06e44
06186
02bc5
0a1cb
05e6a
087f5
0d1bc
01e1c
01d26
0b943
0282b
0a0a2
058de
01268
06bec
036c9
0068e
06dd9
07d45
0385e
077fa
0356b
0f32e
0c658
078ee
0547b
005b2
0764a
0243d
09920
0b987
00ad0
0cf86
059df
0d30b
03e6b
05c82
0382a
0c737
01dc9
05284
03c72
0dda1
03aeb
0df6f
014fd
062ed
0a3ba
04348
0c335
0f82a
0ad41
05102
0fb47
0c60d
0d880
0c9e8
04bd6
06509
09988
0aee2
091fa
086fb
0a453
05e9a
040d2
0987f
05145
0e652
02f28
0d431
07b5d
06ba0
06f0e
0a48e
037de
01af5
08291
0a8ab
07bc9
0a4ec
09e1a
07abb
01656
0adf3
0faf7
0337c
0d6b4
0d70b
0260b
0e543
0de7d
0d63d
09296
0e1e3
0befa
048fe
0560a
01810
0b2ec
0d730
023db
0b065
01393
00738
053da
0e08d
02451
066b7
0baaa
002b5
01c91
0792f
0218d
0b442
0741a
08a4a
0adac
0180a
0b7f6
0a238
0b6b6
0709d
0f55a
0ca58
01590
03e46
0fa78
0b27b
02f15
0c557
000f5
0fbfa
076e2
0198a
0a499
001d5
0e80d
01c5e
07272
06570
05c9b
0e9f2
01061
0552a
0673c
08d88
0a526
03991
0fa90
05d9c
07c56
0b67f
0ec50
088e3
0ec75
02da8
04028
048cb
01760
0470f
09f19
00ed4
051f7
05e43
0c9be
00ea0
041d8
0a91a
02199
0534c
0c5ae
0e797
01546
0df7b
0dd35
0baa7
0d943
0144c
0c143
0bd30
07970
0cb5e
0ea98
08df6
00d1d
04a70
09f13
0a76c
07e77
02d4d
0176d
0c276
016e4
0f593
0aad8
0196f
0a3eb
0da1d
0e976
0e731
00638
0ccaf
0aa67
04a43
09154
077a1
0e218
05e6f
0ad93
027be
07b23
04d44
048ad
02f0f
0779d
02141
02675
016e2
02ed8
0942f
0b1c1
0b5d2
07c4b
08a28
08afc
04b8f
0cf98
0c12f
0375b
03e8f
01a25
0c993
033a6
043c1
05e71
0387e
09ddc
06d39
0fd90
0967b
0992c
0cca0
063e4
0d1b8
0d69b
0dac7
06142
068d7
0d4ad
00567
06c1d
0d148
0cc24
05a7b
03c7f
093de
0c3a2
0477c
09f30
0ac65
0d5a7
0581f
09fee
01757
0c018
02f58
096ba
0ecaa
0a87b
00074
0eee1
094b0
0b522
0052a
05d16
0db92
0fc6f
017f8
08d77
038c9
0c73b
0df02
08e75
0dc8a
0faa7
0dacc
0e3aa
08bdb
070ab
0ad8e
0ac38
03510
00109
02b47
0306a
0bb9f
05480
0ef6b
0d184
0ade7
0e7fb
04c76
02dc7
072b3
0dc4c
05048
0239e
0a4b9
01eb1
0465d
0d319
0d976
095b2
0d3dc
06bb2
02b97
029b6
0aca7
06928
020ac
06327
0fe03
08720
0fda1
0fee1
0fa03
0752b
0b02a
05d3b
061cd
076a7
02a2c
0c6e1
05204
08b45
0b146
03d85
00902
01f79
0c59d
0d5da
015f7
0c465
0e115
0e364
04cc6
03e53
09423
0f876
06aad
050bc
0dd3f
0fd02
0aa7e
03e1c
09f7a
08fa4
063e7
06650
05991
06566
0ba87
0b26f
0e7ab
0e296
08f0c
0f0e7
07e86
0fafd
022f7
0cad2
008d5
0d198
07dec
0da33
0b836
02b43
05bb5
0ad35
02850
046ef
0cbf8
0f420
0e5e4
0370d
0e279
0b463
0087f
0159c
05556
074a9
0179b
05050
02254
0f844
02045
05ce0
0659a
0b17a
05b80
0b222
04dea
0c439
0dc88
078af
00144
0c5cf
02ff4
033e3
0824c
0d219
0dc5e
01658
0bc17
0c030
0c6e8
0b36a
01f49
070e9
01721
04b19
01bd8
04375
076f6
015bd
0bf2f
0e78c
0dbf3
0d09d
0e7c7
05d5c
081fe
006d1
046d0
01ab6
0d368
0dc64
00253
05d6a
01613
0e393
0d6f7
0d674
0c169
031ee
0c5ac
00fd9
0dca7
0a084
0ca98
0002e
0cfef
072c7
09f6f
062a2
036dc
0e5df
09380
0f0b6
0b693
09719
00a1e
0cbbf
0b0c7
0e512
0e0a7
0f600
0d4e7
040fe
0d77b
01e54
0766a
0165e
0f438
0fc05
0ff90
00471
06146
0f40c
01a67
0edb3
0c86e
09d28
06ef5
0b2f7
03cbd
0a366
0e7d8
03ee5
0ea70
0440c
03c95
0ab46
00e76
0a29e
02974
0573b
03530
0e6b4
0ef94
083f2
0ed25
04694
0fa50
09116
094ad
00320
01822
0eb73
087a8
031f1
07a34
00d03
0fc04
0e362
0e93f
0e434
0d894
0972d
0119c
045ad
04c91
00386
0431f
010bd
0f809
0700a
083f9
00d77
0c4ca
02341
0071d
05811
064d4
0a86a
0fb0a
01b95
0f7b8
03f41
062fa
0506d
09cf2
03762
0eee1
0c382
0883a
01736
04a80
01b9d
0c678
0386d
05238
0e0c5
0e376
0fff8
0f4f0
0fbe0
0e5f7
03f17
0c5ad
0bc1c
01253
00d8f
04117
08e5e
0bf1e
03af7
02624
06afc
0fc53
0c03c
06559
0039a
0b945
0dbe5
09308
0584f
01db8
04725
0a8b6
0f370
0e4e6
05a7f
0a34e
08287
0adf1
07a93
0f6fc
0e1df
0f685
0b591
0b8d0
0c5d3
04ee1
0db22
09651
00c77
06864
02146
03599
0ec0d
0cec0
0cfd8
0a4ef
03de4
0f9ec
070e1
07f54
04cd7
0a2fc
0995d
01f59
09b77
0d63e
0dc90
01b66
0cfb9
0f34a
0e871
0e000
01f58
0642d
0dfbe
02a33
0a548
06a86
056c6
06e8e
0a894
0d303
07d0f
09887
071fd
08752
01c8f
0e116
0a3b7
013ad
04a6c
0ab96
00efd
0a0ac
0e17e
05234
02b54
0b4bb
010a4
05393
0c973
0d60e
019e0
08515
0f772
0d593
0aa00
05558
082f2
0e82b
0da7c
0d02c
098b7
0af45
0fb97
05e46
0f135
0c09f
0246e
08377
0f6b8
0232e
0259f
0f1d9
0a726
04f78
04fc5
0f5cc
0afa4
00de2
0b8d0
09d63
062f3
0fa2c
07e14
0aa0c
03371
0def4
0a3fe
00ae5
01e9f
06bbe
0eae5
0df8d
0456a
035fe
0c720
06275
0fa03
0717e
0a988
04ab5
0e094
0e6ed
0bdeb
081db
07fe2
04fea
00f8d
012f1
0054e
0c286
062ef
09875
06c80
04c33
09e7a
09cda
0a718
04e02
00bdd
0f48d
0e913
04306
009ca
0629b
01036
0a7f8
04692
03264
0781f
0273a
09b52
06423
0a6a9
0c00d
0eedb
09394
05aea
08d03
000b8
01269
0c112
02b4f
0e14e
000c8
0e5bd
0cfd9
08db6
0305d
0fd45
0976e
01682
0e7bd
0f209
0219c
08317
043bc
04428
0a253
05953
0e24a
021a4
01cac
06254
06c18
06a63
050c0
02921
0e25b
038aa
07d7c
04024
0b6e8
0cf9e
0583d
0165e
0d40a
07eac
0b1ac
07935
0e801
0ea4a
02e9d
01df9
0a2cb
0b080
04ebd
0d660
0e103
038e8
0c5bf
04688
071db
0ddfa
0b46d
01300
075f0
08c96
04144
01182
0c627
0e469
02b6e
01aa3
0ed89
05cc1
06863
04653
08276
035d9
0aa60
09e44
01591
0ad62
0b95a
08911
0ddb5
03324
05637
0714b
0fffc
02fd2
0e7b4
01cec
0f061
0343c
0c101
0e21f
0eca6
08905
0fd03
00123
04d79
02ea0
01965
040f4
02568
09785
0cae7
0d517
009b1
0508b
0425a
0d301
0efc3
03872
0a908
06ce0
04593
05361
05287
0aa0a
0d46e
05178
0ff45
050f8
02b36
06698
0836b
00735
0ee83
0a42a
03762
0519d
03d63
05035
0ba52
06499
06554
04bfc
0d494
0d004
01de6
08a52
08ea6
01290
0cd43
0d54f
0b1a3
02c80
045e8
09484
0a16e
040eb
016ee
0a24e
0e25b
020fa
0bd11
0f51b
0e0cf
04f4a
00417
08879
08a1d
056a8
0d66e
06280
02bf8
00f18
09731
020cc
0c579
0a6ad
0f258
0c25b
0e899
03811
0112c
0dc0a
055cd
08150
089d2
09816
00ea7
0f7f5
0ae24
0c4fc
0da44
05067
0ab75
0cdad
0ed02
04a32
0466f
03f33
0ed92
07014
022e2
0ef46
08ff7
04565
0875f
0ef66
09dee
00775
0cf60
053b4
0225c
09e9f
0cbc7
0c6ed
08559
07986
05c04
0dbcd
075ee
0fcd4
06e4b
0d667
0c37e
067ec
09885
0418d
0d9e9
09527
0864e
0f67d
0d4f9
072d3
02fd9
085d6
01a6e
0bc4b
01024
092c5
00b51
03b25
092b3
02d07
067e4
032e5
0fd03
0c885
0730a
0ce79
04123
01884
0de74
02737
08fa3
0a4e2
0976a
05acc
055bc
0bd9d
09dd7
0401f
00434
09611
07bdc
013ef
0f368
0a752
04e08
0085d
09b93
0eb5c
06bf7
0c5ef
0e6cb
0cd51
01200
0ee65
04772
0e631
01582
0ed06
0fded
032bb
00a36
09476
0db3f
0d52c
0ec94
0a33f
016aa
01a9f
02bcc
07085
0908a
0d55c
0bd90
04f75
08aa1
096d4
077e0
0310d
0cc69
0bad9
03c8b
04292
05579
06a5b
0007c
07c95
01c73
00f30
0b36c
08b11
0ec22
04611
0b38c
0929c
03ddc
0d09d
0d63b
039d0
0185e
0e7dc
0e28c
0ae88
08cba
0fc25
0dfd5
018ba
0bb1b
0222e
0532c
03255
042f3
0dcad
07e04
065e2
02861
08632
05e50
04c0a
0f78c
0a104
0e187
0216c
00607
0dd6e
0016f
062c9
04163
0019b
0e286
05ad7
0f5fe
09e0f
0e061
0f827
0b8e5
0d96c
02266
06348
0dda8
009da
09d12
067e1
0f126
0fd2b
03a63
09b7c
00c5a
02d32
0e0ae
005de
0f37d
0eb2e
0a565
0b31b
01136
086a0
0e5c2
004df
02ed3
0d32c
049ef
09b8e
04568
090db
063a4
0d1df
0136c
045c7
0d79d
0eaa3
07fb5
0ac8c
008c0
06937
038a2
01434
02012
02c52
00ca1
08153
04b19
053ce
024e9
001c7
0c8b7
0b384
0f98b
0fa6f
00852
08df0
08573
0d576
04717
0ff55
027a8
08907
06ed4
02abd
0faa8
02dd7
0cc17
0f3bb
0912e
017a6
084a9
03bec
03194
0578c
05a03
0f0a7
0f169
00f44
0629a
05ee6
0e7bb
0a6a9
08da6
0e2f1
0ed9e
004f8
0b93c
0c02e
08b44
065be
06d0a
0e419
07ee4
0041a
0e44b
06d08
0a18c
06345
0ddc1
08b8e
0c1f0
013ff
030ec
09480
0ddb2
06354
09ea6
04b78
04064
0fb9b
033a3
0c8c7
06bf0
0b8bc
0989f
04987
08823
0e9d9
0f7e1
0dc3e
02bb6
0c5be
0350b
0f914
0a850
0dfc8
0b501
0a191
0715a
0e7eb
02e86
0949f
01d39
0eef7
0a246
044ce
0390c
06986
0ee74
06a41
0976f
07858
0cbf2
07ec8
0b9a5
0486f
09aec
01a6b
0a28f
01a82
01bb5
02b67
0eb19
05222
0cbf6
0aec4
00fd2
093d1
048d9
0110c
06928
02203
0f7aa
02c9e
0304d
0fa8a
0dd6b
0137f
0f22c
014ad
0b6fb
0d0ef
06b61
0b79c
0078b
0e0c6
06918
08188
06842
06a1a
04059
0dffc
039e6
0d4ca
071fa
00176
0c5b3
0317b
0880e
04505
0fa93
07119
0cefc
04e41
0caf3
076a4
0dafd
0b711
0e09f
0e690
09d0d
0c84a
08bde
0c863
0fa5b
034a3
09fe0
032c6
0c9f7
088a7
0d0af
0b46a
0a489
07c34
00570
04bce
0c42c
09498
0c5ff
0ac19
048ef
08b59
0f587
08830
0c992
06dc1
0e438
0ba38
05e3d
01074
09629
0ea21
0cbfd
0373a
086a3
0b650
0c7bb
031cf
0f1cf
0be36
0adfb
04b1f
0d991
057e0
03b22
0e135
0e90d
0a98d
0ed89
0b35f
06425
0663a
0669d
0d9e6
015de
02fcf
00cb3
07d03
0af88
02281
01016
0b9b9
0c390
07470
0aec9
0f055
057a4
013ac
08752
068a3
07171
0e395
06b6e
04848
07112
02f2d
07a0d
02d25
01866
0baa5
0eadc
0ccad
0860e
0b69a
03d7a
098bb
0c15e
0f732
0c623
0e6db
02c04
0502a
012d6
0988a
080fd
036b2
04f0e
08937
03392
0dad4
040f7
00cbb
0143a
0bd27
0be13
03d61
0a299
0ef0c
00b69
03aba
0ced1
0c110
0c822
00858
0228c
00304
05b3d
06ed1
093a6
0f1e0
0cf68
08a2a
04c07
063ed
01f00
036e9
0242b
0464c
096c0
02264
0eb22
008e0
01c9c
0ba2a
01d5e
02b22
09402
050aa
04805
0038e
07367
0e8e9
095a4
0dfa6
0423c
047d8
0aa6a
0a5bd
022c2
06afe
0de36
05c46
0fa16
0a31a
0488a
04abe
0812d
016c1
037e5
0be9f
014e1
06fbd
04847
0a6d0
05664
0f670
0c66d
0cfc5
0c72c
01c71
0fbbc
03937
024f1
0652f
0ebfe
018ba
021b2
09e23
05d81
0f732
09a24
0c3bf
0a3a0
0e857
00691
0ea8a
030b7
0f68c
05ee8
0237d
0ed90
03841
09d5f
053bc
0856f
067e3
024a0
02bbd
0a7fd
0168e
0ca13
0955d
022ca
07215
0771c
06629
00cc3
0f531
0e86a
0099e
05e7f
0ad13
0971c
09734
03065
0b072
0e237
0b962
01779
06a84
03d8f
091cc
06574
0e308
00f12
04a7a
09496
07249
02124
09a52
0d101
0880d
0db7c
0d5e5
05cd6
023d8
01c80
065bf
061e4
0a89a
031d8
0df81
03414
0673c
06584
0b0b6
0977b
08315
09bb6
056f7
021dd
024e9
06dcb
07847
0cb6d
0e797
0c834
02e42
0cc36
0655d
0be1a
06607
08c4d
09f28
0405a
021b0
01c62
08e80
07bc8
0ab45
0a686
00a18
0201a
0acdb
0bc8d
022e9
0e216
0d8c7
03d72
0c321
009ca
0b27d
03416
07455
0533f
0698b
00aef
0bebd
00edc
08071
0a18b
0e22f
0a788
0ff52
0a609
0c2f5
00f1b
0d302
055fd
09fca
0f40a
09022
022ae
0eba8
03d61
09785
0bf3a
05bd8
065a4
0fc1d
0d2ab
03999
0c38f
04c3c
09c7b
063eb
06ce8
08242
028a2
0a30a
0f6d1
09833
0c68b
057b5
0528c
01951
01751
07716
09bfd
09b09
0c1b5
046a3
058a0
087bc
099cc
0a936
0892a
019e7
05a05
05182
02fd9
03b1a
01b98
041e8
00b3c
0149d
00d33
00a86
08499
094f4
05b77
0f42a
08bed
0134a
0c654
09484
04282
0e2eb
0f309
08583
0d0cb
0079c
07da5
01dc1
09dec
0981e
0af71
0f479
0255f
0ead0
06bdf
0caf9
0dc39
039b0
0bd27
024f4
0cbc2
06dda
060aa
0369c
03b59
0b6ac
02ea6
03655
03875
01a97
0b69a
03421
00b9a
00f20
0c244
0bb60
046cd
050a3
0f4fd
058d6
0dfee
0812a
06047
094d3
04257
0b4d9
03f01
0b6ac
09caa
0f3e6
0846e
00ad0
009b9
05346
05830
0e0ac
00056
0d9d6
01d1e
0fb77
00a21
00d0b
0535a
04b46
07f04
0c05b
0a972
0bbfd
0a3b0
0cfbd
0c469
008ff
0cc60
04bf4
017b0
037c3
08834
0e0db
0700a
095de
09279
038d3
0fa8a
0fe83
09658
0276a
0693f
017d3
0f674
01655
0b33c
04126
06c2b
0d194
0f822
00d95
0a150
0d38d
08f6e
0110d
00169
0aae0
03dda
006e1
0a86c
0f508
03cfe
0398c
031b7
0a9c9
0d9f4
0951f
04b89
0f420
00419
0810d
08b82
01e1f
0f47a
07deb
0c3ec
01c84
04f5c
0e610
08c84
01c45
0546f
05ac0
06703
0bc17
0a939
022ad
04ac6
01483
04df9
04f22
0b6dc
0742c
049a2
0945f
0cbdb
08245
0b89f
0706b
06bd0
01f9f
0dc3a
0bbc6
05314
07878
0ad48
0105a
0286c
0cc12
048d7
056f5
024ec
053f5
02e9e
065ac
0a436
0d240
097b3
07fb2
0ed7a
0678c
07f75
0f303
0e592
09b35
089ab
00d03
0997d
09f65
0f630
0aa19
0465e
0f11b
0873c
07911
0a093
0a71a
0e029
003eb
0d212
0a039
0f93e
0010a
0aeb0
08bc0
04d9c
016d7
0b1d9
0cdc5
0511d
09a47
0f6ce
0cdb1
048e5
02c61
03858
013a1
06b2d
0da08
07d32
08b1a
09645
0ae8c
0d6ac
02643
080ec
042e6
05db1
0f20b
0bbfb
0de6e
03bc9
02d82
00ef3
051d0
00f44
01ecd
0b58f
0f23b
0bc56
0e120
000fb
01fa3
098cf
022f8
03d9c
0a832
0788d
022fa
006c5
0aa9d
0687b
04770
035fd
0acbc
0a41f
0bf4e
05027
09309
054eb
02c73
04057
0d0bd
07903
04578
0c22e
092c8
0ba05
08794
0b57e
034c9
0215b
04a54
0f48b
07a14
0d2d6
09114
03383
000dc
082dc
02e62
0cfcd
0ddf6
01592
0fd64
0c50a
0fa73
09d59
05e4f
030e6
0e8fc
0a39c
0cc24
0dc0c
038e7
0cbe8
0112a
06d94
0d59d
06845
053e5
01c4a
03db0
0b0a0
0d1fb
051be
04ed4
00f98
09737
09b34
01056
0df96
0defb
0c9ba
029df
03812
0c32a
01f76
08fef
0e300
0f3b3
03bbf
023a7
069a6
097ed
0c361
053fb
09de7
0a485
0d9e4
0dfc6
0929a
09c7f
02683
0de64
05aeb
02ab6
0fffc
0dd2d
05d62
071ad
04bdd
06968
09305
0ba24
0ef14
02c33
0702f
0ea86
02016
071d0
0c34c
0821d
09c8f
0ef44
0ab2b
04567
0e473
0936d
04986
05dfb
01b8e
09839
06f0e
0a875
07233
06a0b
02616
0a61c
0c0a7
028b1
0d31a
028f9
068e6
08dae
0720f
02b83
005c4
0eb15
0ae2a
0ce55
0f083
084f9
0bbaa
0f3b6
015b3
04668
0ad9e
02e39
00b4c
06b24
02a18
0a5a5
05a15
04565
0f8bc
029e2
0bf50
04ad9
017ef
049f3
0dc16
0ffbf
0dd13
02cce
05a50
00eb5
040fa
0e1fc
0953d
0bdcb
0dd65
0d1be
08b6c
03865
0959a
0a515
0b6bf
01439
01510
09618
092a0
09e9d
06154
0727b
03c1d
083c5
09a18
0cd0c
0fe25
02e1b
03402
0a290
0ebf1
00241
035bc
004e3
08ed5
09024
0365f
0dd2e
0607b
0dfc4
098ee
096f0
0768d
0f88f
0be10
0cb16
07c8c
0b09c
01513
0dcc8
00ebb
07421
04882
012ab
062d8
0a424
0d342
0cc53
07083
010a0
00a3a
03e7c
09955
0d091
07816
07e46
00104
06a01
0cf88
037cd
0cd56
018d8
0391e
028b9
0edef
0fa6f
0b90f
01d8b
0e447
0648e
0300d
07813
02f10
01aaa
0e128
0fb9e
0150e
0fe05
03e17
04aaa
05f8a
0bcb9
038d5
03de9
0db52
024c2
0d03a
072f1
053ec
0451e
029c4
0dd54
077c4
084c1
0e64b
023b1
0b8b2
085c6
0063a
0cff0
090e0
01a39
04e83
0e014
00b91
046dc
01841
0ac65
0908e
0da5b
0056a
07555
023c7
020a9
0b6be
05291
007fb
02a52
0f477
0b0a2
0ece7
02b94
01150
02c6e
03010
00b9c
018ae
09e2e
02d93
0615f
01ca3
01fb8
037c7
0392d
0313c
0bc25
093d4
0ec58
05514
02a8d
015c3
07603
07483
0a729
004d2
0c318
0dab4
0f059
0a1ac
0d9f6
065de
07392
06e26
0f25d
0cb07
0deb7
072b5
04e18
058ac
05552
02342
05a9c
0ad24
07273
08aa9
0c6a7
056d3
0bf2a
078f9
081ae
08c5e
0ba85
0d192
03c25
0f08d
0edf6
0a863
09e1e
0e01e
0046e
0fbf3
09c90
0b14f
0a55f
0cfb4
00c8e
046b4
0ae76
06c2b
09956
0a662
02b0d
08bf7
03e59
062b8
0ee4e
01189
08b62
0bbf8
0ac07
0de05
082f8
03460
028a6
02ed2
0c082
0fe86
05d87
0d514
0d6e3
0a0a7
08b9d
01059
0b7ad
09163
091a2
03ca4
0f95f
008f5
0aca6
055e9
0205f
0545b
0d89c
00744
0f8d8
0332a
09f84
0be17
02ccc
0e639
04c70
08b74
0b4f3
0d37e
08a7b
08df6
0a3f0
0ea2e
0fc38
05823
06101
021f7
0a42c
01bb3
09c0b
01bad
0870c
0969d
09fb8
0c42a
01c67
0739b
01510
0ea31
075e1
03dbc
0a8c5
0c7ce
0d034
062c3
03114
0b01c
0f4fc
03599
0d48e
0f5e2
0275e
05279
04938
06478
0a9b3
04e1d
04368
06cfa
0d279
01724
0fe65
0f927
031e7
056ea
0d046
01d0e
0fb38
099d8
0282d
04e50
0e3cd
0583b
07972
044cb
0e1a9
01eb8
0abce
0767e
03140
091a7
00428
087fd
04dbc
02ec9
0073f
052cf
00972
0315a
02612
0027c
00310
05bd6
02214
05bfd
080b8
01d50
0f4a8
04b6f
03e2e
0020a
0c6d2
0753e
0fbce
0087b
0b992
0c14b
0c239
043aa
075f3
04bd3
075d1
04ba9
0be68
02596
039a2
003c2
0a865
0512b
00a03
04213
01eca
05cdf
074c5
02186
0c1dd
06bd4
06a7d
09e73
046ec
0f9f3
05f31
0863f
068ad
01e41
01ab7
0f965
073b9
09714
0e756
0b9a6
03daa
0d486
0d97f
0b07a
0490a
0ffa8
0f015
04aaa
0278d
05047
0c90b
0fffc
0b9bb
0d1ee
045c2
0a683
04b76
09e1f
0b342
02e4a
0e4b4
0c6c6
074ee
008ab
0f039
0acd7
0866a
0ea4b
0716f
0ba80
0c134
053b4
093ac
0e10f
06bb2
038f0
00598
036ce
0de04
041cc
039fe
03659
07d78
08dc2
079dd
0db39
00c08
050d1
0fc56
02824
02a73
0d0c2
0f4a9
04c7c
03ab2
06b34
0a340
024ca
0b5ca
046e6
0c76d
0328b
01648
0704f
0c147
03c45
017b5
08a52
074be
0d953
0ce6e
04f6c
01ba0
0c7c2
04ffa
015a1
0ec34
016c3
0bd5f
05ba3
07ba2
06d22
0d65d
09134
067a9
06c0c
03c54
08e5c
0776f
0c5ff
009c8
0878b
0ec4e
06448
01a7d
08ac3
08757
0fc31
02a31
044b9
053e9
040c6
07fc5
068e2
072ea
025f5
01d4a
0dfad
03028
01d86
02b47
038de
08e5b
014a4
0bc1f
09210
08fbb
0c83f
0a38b
02a77
0bfe4
06b27
0c7fa
0b4a7
085c1
0a4ed
03356
05051
0676f
0db6e
02a8e
00ef2
0339b
01e79
05fd9
09123
097b7
0a7e6
08dac
0869b
06050
0a962
06225
08719
0888f
06011
09258
0863c
0b5b3
042dd
094ec
035e2
04831
02f19
0501b
0838a
02893
0dcb8
05961
0b100
0e66b
09aab
0f896
08b77
0c751
0eded
0d40a
0774d
09ea8
0873e
07ab1
0d30b
04e59
0382c
0bd9e
0b202
0960f
0c1d4
0d0a9
0f044
0a86a
013ed
05008
04c17
064b1
00ecb
0d590
0a98b
05924
0de8c
0bb58
0bcf3
04df2
09f6c
0fa23
0175a
028b0
0c674
03c83
068ce
060bf
06ba5
06e32
0761f
05b40
087f3
04a32
0e087
0efa7
0e872
0dcef
0ddb2
035a1
0bb98
06a6b
0937c
02b93
05660
03702
0c1f4
012fd
099e3
04620
01ca8
05db2
02ba8
0202c
0fbd3
04e0b
031bb
0d87f
03d7a
0b737
09993
0c06b
025d3
0d3fc
092bc
0259d
036f4
06932
0c39a
07403
02fcb
0b010
0c784
00f30
0e1f7
09b5d
0a792
0162b
062fc
052e6
05409
0f17f
02fd2
0c249
09321
06a8c
0a603
0d5bf
009e3
0b47b
00186
0ebb1
0f712
0c7bd
08dbc
04030
08195
049ea
03964
03fbb
02562
0e1c2
0686b
01066
08072
0e1b0
088ad
05114
0ee4c
0417a
0b4c3
0fe1e
00d09
0dd25
07af6
0ce6d
0a895
051c9
02fef
08690
0cde6
0f09b
0350d
08018
09737
066d5
0afa6
07cd9
0f0e0
0acbd
0d55b
0e01d
0654f
07009
0d9db
03654
0f6a4
00bdb
0018e
0728c
0ea66
04a38
0f76d
0582e
011d3
0d258
06336
02f33
0859f
059da
084bc
0eb45
08aa0
051f5
06567
07020
0f957
001df
0a44c
0b87b
0537d
04201
0bf44
01125
026cd
0d77c
03fdd
074b3
031d9
02622
0cf33
0aaae
0269a
08989
0d864
0f52e
0b140
0cf32
0f5be
04bf4
0b94b
077fd
0d3c2
0810e
05f27
0bf14
046c1
0e8ce
0a84d
0a890
02012
097ee
0d82b
036f7
0fd7b
0f19c
0d851
04aa1
0a720
0230d
0a852
0c9a8
0a0e0
0ed1c
001bf
083b2
0e8a0
03a3c
004bf
076c6
02ed1
0f643
0e17a
09035
0f158
09de6
0223d
099e7
0ab0e
0a0ce
00e1c
030c0
0e142
0b945
05e1f
087bc
0b6ee
0d5aa
04c6a
05ccf
08fd1
02e19
0d8bb
06de9
0b092
0fbb7
07200
0b46d
064a5
0b758
098aa
04656
0c158
0e348
016b9
0efde
0a786
0d7ea
009a8
07078
0705b
0aa2f
0c4d1
099c3
0ea86
09299
07aac
09499
07c8d
00653
01011
026fb
05e00
04d7e
07148
074bd
0a35b
0fe85
07d66
0476b
01471
0642c
023e8
0b276
0c800
02b54
001b2
0e79d
0e5a4
043ba
0cf2b
03c6c
0c121
0f2d5
0d26e
09fb0
08fc6
0f39f
04001
0fbb1
06932
04953
048c8
08537
00463
01a81
0fdf1
06c3c
0cc6b
0d6b4
05c46
00e56
060cb
089be
0473c
0ee17
01d13
0a679
04780
06e1f
09341
0be0f
0a05b
0ebb5
00b6c
05947
0c0e1
0d731
0f6b0
0ecf8
0684b
014cf
09980
0027d
01357
0e03f
03567
0c152
0ce53
07825
0d7f6
06f3d
0dcb4
02fde
03982
041c8
09e15
01577
0b980
05082
0c057
0e040
02ce4
03251
002ba
00850
02b33
04d14
08f89
0f73b
02a5d
0b225
01900
0b967
093d6
07fea
0a5c4
00215
0be3a
07df1
0d55a
092c1
0ad5d
0bd57
0a7c9
02316
045ae
0a62a
04a0c
0afdf
05477
01725
01ff8
07b4b
04475
08f31
02005
0be0a
044a3
01ea6
0ac9b
0ece5
0c81b
06019
0d2a9
06580
0a85d
06fba
09d83
00f2a
0c818
04f98
0d7d6
0bba4
06364
0066b
0c943
09950
0293c
0723c
0351e
05405
0f1d8
0f92d
009dc
0dea0
0c8da
0acd6
075ed
020ce
0e231
02a41
05905
0674c
0016f
0b135
068ec
0dae3
0741a
0aa41
078cd
05d96
03d5f
0e9af
03bfa
0417b
046dd
05586
03197
01aaf
0f1cd
06c2f
01d47
094eb
051d9
0c7fc
05079
0d81e
0d370
074cc
04a6b
03c8c
04b45
05514
0c0aa
030fe
0be0a
05985
0287f
0ad00
01905
027ce
03b06
0cff5
04dc1
09423
06d02
02e80
09b0c
03803
0470c
0e15d
0f950
04ebb
018ef
01e68
068d5
0d540
05da2
003cd
0cf12
00985
090ce
046e5
06e80
062d9
02714
04506
0605c
0a93f
0b162
064e7
0dc50
09861
048bd
07b43
0f595
0b717
03af8
097ef
06f19
0fd16
08ecc
0a41d
09c8e
0fc3a
09917
0af93
018f8
02840
0d809
06774
039b9
0a79c
0aa92
01d8c
05ff6
0ab3a
0e394
06ed7
0a213
00ea7
035df
0d750
000a2
0db04
05b82
0fd45
0ad44
03ded
0d271
0a649
06d6c
07c8e
0ed21
0d8e1
09088
00672
07ca0
07798
0a53b
095eb
0a656
0c602
01829
0a9b5
07b19
0ae49
00baf
0504a
056b2
0b2a6
07e4b
035c4
06937
022b1
0bd73
00b48
070a5
02708
05ab2
0acb6
0ef6f
00409
0b121
0abe0
0d8ec
07f3e
005fb
0b9e2
0286a
0007d
0dbf2
0bc31
0263e
0743b
05c71
0657f
07d69
0918f
08890
0eb37
0a107
03310
08e70
0e3c2
002d6
03097
0e629
0a2f6
04ebf
09da0
03293
02415
0e007
086ca
05776
0d0fb
02890
0275c
098b5
09765
00e3d
09c5f
058ae
0ba44
0e579
0ddae
0fb4e
0675e
00ab6
008b1
011be
07bc8
0589c
04d89
003db
02200
0fb37
0a97d
0528a
0675a
0ca3a
03115
074dc
023b7
08dbf
03de0
0b06e
0e641
083a5
01074
0c72b
05360
06c80
0d397
0bb6a
0f2dc
06f48
0568d
0da98
01c03
044d1
02277
0ebef
0fbe3
005b5
0937f
0a9b1
0632f
00ce5
0d30f
09174
09b3e
0d574
00868
05723
0745a
091b3
0a12d
08f85
0240e
0c347
05433
05d14
04a58
05979
016e8
0188b
0b66c
037f6
07044
0d857
03487
0e6ab
04f4f
0ecb2
01221
0fe66
077c3
0f15b
0cf78
0d90f
0407e
09538
07ad3
0a80b
00aa5
0f84d
0edc8
00255
05f9a
0d6bb
0b87b
0ba94
094c0
0979a
00bd7
043bd
0fd85
026e7
0643c
04739
0c2e2
097a1
0cb8d
05568
03035
04371
0dc52
0be72
08db3
0fb7e
0a486
06af8
0d4c2
0383e
0e8e7
0665f
0fb99
00968
00d81
06be0
0436a
0b659
0a107
03eda
023f8
0bade
04b43
02418
0656a
036d1
062ab
08808
0fafb
028ea
0da1d
0e9c7
0d395
00330
096bf
0ce08
02397
09f3b
0f9ea
09958
0d46a
0655c
0e92b
02c7d
0d329
0b816
0d737
036a8
09046
03ac9
03559
02293
007c8
050a0
0306f
0e71d
08ddd
0cad2
0f060
02535
0ef86
03626
06265
0158d
0d54e
06666
03df8
0ab0f
00e83
02a6b
023f8
08ada
0b5c9
02da4
0bd5e
08373
06322
016ca
06a40
0958a
072a3
0189c
06787
0006a
00260
0fb70
026d7
0d45c
0414a
03a5e
05abe
0913d
09090
0a2c8
0e07b
0b31e
01d4a
07a93
0d8a5
0d217
0e1ce
04486
091a0
0a26c
0730c
037c4
007c6
0ceca
0a137
0fdc8
0c592
03a51
086ea
074df
0983e
0f509
02a0b
07aa6
03c9c
0cdaf
018d4
0eb1b
0dc81
012fa
07e07
0a1a4
03329
02e97
07892
0d991
0b92c
0b158
001d6
02931
00682
007e2
06c24
0ffc9
0bf3b
023a6
00cd3
062b7
0eaa1
068fa
0057e
057d5
0f76a
0d918
09271
0312f
04e2d
0a771
04aac
0665f
09599
0013b
0601d
07e23
0b681
072d7
03ab1
013a6
07937
08406
0705c
0aecc
005f6
0f77d
0092d
00cd6
0ec3d
015bb
0bc66
07dc9
06d7c
01035
07051
0f906
0c01c
0d95a
072b8
02723
06867
0d4db
0e4f0
0ec15
028db
05495
09833
04782
0c359
017df
088fe
07a45
02594
0df3d
0aa5c
08d00
05e1f
0865c
08bbc
06818
01f2a
0e511
02a0c
00afc
0953a
05f57
0c622
064e1
05b16
0668b
0cf52
03a41
03a49
007f4
0336a
0d4e1
0298a
080f7
0f3eb
012c1
0fe66
0c4aa
0f8fe
09865
0ac3b
00fe8
0c2dd
027af
02bb4
05425
0b910
0f0ad
0b24f
0ac8a
089fe
01825
020f0
0dca4
084c8
06d7c
018e8
04b38
0058f
0255a
0e8b9
002cc
018d9
08df1
0b06e
0faa4
083a7
0486a
0e6db
050c0
0d22d
0f1d4
0c1c2
0148b
0c224
0564d
0a9cb
03349
0888c
0a77e
082bd
0c256
095a3
056ac
08181
047fb
00801
00b27
01685
00391
010bb
05bb8
06ad4
0e9a0
0da41
03b4c
066d4
02912
0da40
07cd3
0deff
0055e
07b9b
02a1a
07c5f
0bc6f
08fd1
05ba0
0b7b9
08cf9
07c3f
0c652
04483
070fe
07dd2
0ea05
08910
0250e
01298
0f27b
0ef1d
09d8f
01b68
0d719
0e0bf
0dcf2
05751
0641c
076df
050f4
0a3bb
0d220
0bb3d
0be9f
05be4
064d2
06dab
0c95d
0364e
0cd58
013ef
0cf96
0b019
0dc01
03099
0ec08
019f4
0fa3e
08d95
0368e
0e33f
0ab1f
01739
0adb0
0626a
0f5cd
06fdd
068db
0441a
09bbd
0080a
0e9ff
0495d
0f9dd
016ac
0d4ea
02134
05f47
05722
0719b
0a70a
07bbe
0cbb8
01f78
0c639
023a7
06d89
01627
0cc7d
0f0dc
09a5c
01a9d
0316a
0dcd9
0ffbe
0b2ee
02fe9
0312c
0d656
07f83
031ff
03642
01e5d
0d7e6
0d10c
0ff28
03bf5
02e8c
0fe35
0577f
06ac6
0ef8d
02e8e
0ee98
08644
00eff
02127
0b6d0
0987c
0fd67
00692
04dd3
0c2b2
0ae4e
099a3
087c9
0b34a
090cb
004a8
02e81
03710
01571
0c455
05a59
0b1de
047cc
000f8
06be2
0ff96
0e1ce
03290
08f89
02c34
08b07
06bb3
07c5f
0edf9
00b8b
04ca4
0ea4e
090a0
00887
045d8
0f2a2
0bf27
08c29
03506
00374
06831
00f1e
05929
0e34d
06eef
07280
0c0e6
04f6f
0e5c4
01872
0c5b5
036ab
0c4f7
04a1c
02496
0c96c
0dcbf
026f0
0235f
06cbb
01a86
0930c
086ae
0be67
0867e
022fa
09b76
05c49
029d1
07774
0cb9f
0efc2
0a249
05561
08a94
0d86a
03282
0e562
036e2
086f7
0f076
0b2c6
0472a
043aa
0d522
0e527
0a693
02ae6
0bc75
0b742
086bd
064fa
00ab7
04c5c
0b8e8
00853
04788
021e7
0f16e
07297
0d061
0c78b
05088
00cf9
09fc8
0ed57
0a430
03e71
029f2
0322f
015a1
0b81a
091a7
02f34
03c0f
02d3c
0c0e7
0214e
08397
02604
05032
09730
07b58
0a284
07209
0fc90
06be1
0a6a4
05104
00f77
006ec
04609
0b583
0f832
0d9b1
0f3c1
033c9
0ba89
021a9
0aa95
02852
0203f
08338
06719
0351a
095e7
0bb14
03344
044ef
0782a
0a6d8
031c6
0bab4
0d943
06e9d
094c4
0868b
00c69
0b4f0
050b3
0e96e
02b10
0ae9f
0ef89
0af72
0e09a
0cd21
0c01d
07c25
04f80
0e55a
00924
07586
03864
0f0d1
084f3
02727
0be46
04f64
0d7f5
05eeb
0325f
0f0fc
08585
0f189
03074
0245e
07080
07db3
062a4
0dd1e
05684
08cbe
00879
04858
0a8bd
0aea9
0a3ff
01159
02e98
05ed7
0202b
0524e
0ca6d
0530c
082f4
0a546
01bb6
01217
0cf42
0201c
05251
0346d
0894f
0fe3d
0e0c1
0c256
09403
0f312
0c398
01b13
019d9
035a8
00210
06fb4
088a0
0f533
034dc
0dfd1
027a7
07455
06064
0fec8
000ca
03560
04b95
0dbe0
0bbfc
063e7
062b0
028f5
02813
0167c
0e8c6
0c456
0aec8
00d70
088a9
03ce0
0f8c9
04a5f
0fee0
01f67
0748d
0ec23
06e38
00f4a
0b87b
0322b
0c01e
09207
00b86
033bc
0ed10
0ed6d
085b1
0b96b
0dcbd
0be29
0f6e0
0afb4
0a93b
0e9c1
018b1
08830
0110d
0549a
05dd3
019fe
0a23e
0cf04
04f93
0e5db
04ffd
086d1
07779
0faee
08cfd
092d1
09ec8
044ce
033d1
0b841
00ea5
0b9e2
086c1
045e9
0af28
0921f
0a538
06ec5
0f395
0ce85
05b51
04a38
0695c
06b69
00e6a
0bb4a
0e674
03dc6
09cee
06b98
03a11
0f436
078c6
0e8b7
0f8e0
0f1eb
03b1e
07135
015d0
01bbe
03a7d
0f451
0182d
02615
09df2
02dc9
01470
0c95a
079fb
049aa
01eb1
08403
06da7
069a4
034c3
0666d
086bf
0136e
0ee4c
0719f
0c3b5
0dd49
01341
03924
0332c
063ab
0d6c3
08466
09deb
092ee
0630c
0f126
087db
06cc5
07b99
00358
0c8c7
05587
0c812
06f32
07a70
05132
00aec
033f5
096ab
0c219
07d92
07299
0e6a2
080a7
05150
06cfb
0ba5f
0382d
06bce
0b262
04edc
049f7
05bb0
0fadf
0dc75
02354
051e6
0495e
085a0
0cd60
06b64
0cba1
07037
0e226
071b1
0ff2b
076d9
00f97
041a6
02ccd
0c6bb
00d99
08ff9
013a5
02f14
01531
0f9ae
00023
0b901
08bf4
01758
0a06e
09fbc
067de
0ea51
0b2c3
023bf
05df1
0d4d7
0ddca
07e64
0ed23
0ccd7
035ec
02dc9
07f4a
0bcac
0d3fd
04b4c
0f1bc
01a55
004bd
0e063
0af46
07704
0c04a
03f92
0e5bd
09c78
0cb52
0cc4f
0c687
02c01
0ebc4
0f883
0aed5
0ca90
09f9a
0705c
025d0
06369
0a5cb
050db
0620c
00dd3
09661
08042
0d5cf
066f4
0e3fc
01c6b
0b34e
05389
09100
04f8c
09d13
0d00f
04af6
06bf5
04c66
0c304
0df97
0191c
0a9ce
052d0
04ead
012d3
0003a
037f1
01d3a
09c8a
06006
0e215
0a4c1
02b38
03092
00488
026fe
05f69
0987a
049e8
07375
07613
0051a
0b2d1
094a5
0548c
027db
0e748
085b3
01789
0c32a
02577
0832f
041e5
015b2
03a48
0f3a0
0039b
0b90d
093ec
097a7
0ee48
09850
0ad82
0edce
0a529
0a8f7
06e13
03762
061a6
0ce23
074ac
09724
069fc
02a7e
0b7c4
08b4b
063ac
03fe6
0f237
0b7f8
049ff
098fb
04abc
06abf
02b57
072f4
02c42
0693d
08893
051a2
0ef0b
02780
08313
08e25
0a58e
062b5
0c3b4
0a90a
0075d
0cfd9
06dfc
0b3ee
02cdd
09a33
0c89a
0a51b
09996
09388
0252e
09be6
08371
0a3a9
09216
05271
056bb
0a3f3
01414
0984f
0fb43
06f3b
092d0
076d4
04d8e
0336e
058dd
03675
0b283
03bec
0abd0
04776
0b7b7
0ec92
07d1d
01de5
03781
08626
00667
03c65
00136
0a344
0384b
01b22
0a0b4
0bc01
0ab1e
05951
03859
09073
0652f
03f6b
0b36f
02eef
0af11
03e5d
0480e
0a112
077e9
074b4
0d480
0c4f6
0b47e
057c3
09a52
0d0fe
05d1b
006e2
011db
0fb12
080a0
08aad
09d62
0800e
010ea
076da
03dc4
091d0
08f43
0bab0
0d74b
05b3a
0be40
09daf
0c266
07bad
051fe
08121
04b41
09eae
0f03f
07022
00db9
001ed
076f0
0f348
0b295
0ac6c
0b339
0a058
06300
06151
086a9
02b64
0ed88
0d242
0ba1c
078cd
03d18
008f5
0b7a9
08468
07af3
0b998
0909f
00e4d
0e6cc
0c1ea
0e810
0b43d
0ec8f
0ab19
0994a
0eb44
0a2a5
0ebe6
0ee26
02f87
0ed47
09c28
05337
0057a
034e2
077a6
01443
0f6ab
09b38
07829
09ed4
05762
03e94
00db0
00b44
01795
0bc87
045a8
0d71c
09bd7
00e3e
08808
0aa01
0561b
0c22b
01eb8
04bbb
000f6
01ecb
00255
0bdde
041c8
08a3d
09c45
0d1f9
00c6e
06fed
0fbbc
08c55
022f5
0cb40
0c871
08e4f
04b92
060c7
060e5
0d77d
05a62
094a1
0c054
0fc0f
0bbe9
07fdd
04d59
0a655
038f5
08212
0b31d
083e2
0df38
0f52a
028dc
0a3da
0b324
06a5d
0bd92
0361c
0bcbe
09f78
0acc8
0f630
053b6
0e768
0d1a7
0208d
03071
04f8e
012ac
024af
07a02
02f59
07bd9
0b730
011b5
0e3e6
0cb02
0a6e9
04cce
0d3bf
0bbfb
0264e
097cd
05d98
012bf
0f97c
06650
0f61a
05cd6
07472
07422
0a652
0d156
04a92
0caf4
05a7e
0870c
0509d
07b07
06e4c
08afe
0a9f6
0f461
01338
02fe0
0edcd
0554e
0952d
00a06
00977
08729
0c9af
0b8fe
015e8
0e189
053d2
086ac
0e844
0e322
033b7
02a67
00cb7
05732
022d5
01fd0
0710a
0a868
07a74
0d201
05cdd
07af7
09e87
0d6c9
0995d
06282
0609b
0118c
04431
042ee
06304
05a7e
0a928
0182a
0a95c
036d6
0990b
010cb
01c2e
0a9f0
06480
06c5f
0dfce
0417a
0d93f
02f48
0eb22
0e8a9
0c062
03795
06e36
069e9
0313a
05cd7
0f657
0ad41
05e70
01437
01638
066da
01053
063eb
0599a
06c10
03f67
01af5
0cbe5
0ff34
08cfd
0f051
0b6bf
06b45
0d3b5
0cd5c
028d7
0ef4c
07804
00491
05d1c
00b30
0195a
01b47
0ed83
0d7a4
09e72
08253
0c130
089fb
01007
07f77
0b7eb
00754
02d6e
0f109
0c0ea
0c66d
034a2
0f5a7
06d9f
08afe
019e3
00b98
0cd70
05810
09459
0966e
0a9d4
02e00
07f69
06208
07887
06f77
0a0c2
0bded
05a46
0b748
0223d
07a79
06a22
0fc5f
01ff8
013af
076d6
05747
066e3
09bcb
0c8ed
06cf9
0881f
058e8
09493
016dc
055d8
06f32
00eb4
015b6
03f1b
02428
0d991
0d30c
07537
0a469
0eb21
0fd60
0de0d
031d1
076b3
0289d
0b602
069ac
0434e
04c1d
06895
0322c
0cf3b
04da4
04042
00401
0c1d4
0d6cc
0e411
0e0e5
0150b
03bba
01483
00a10
06aa9
0ef56
00b07
0869b
06c44
05a94
0e5d4
09af6
0a6f0
07383
03b85
0b8c2
0350f
0a668
04f5c
0d61e
09997
002bf
03b8f
0393f
0b4cb
01b29
0d20f
07dbf
08aeb
0cc56
09b93
01960
03e2f
01324
09587
099ea
084c3
0f18a
0d2fd
039d3
0dda8
0d2da
0ffc3
03427
05ca1
0f4d8
0a894
081e2
0da5a
0e79e
05b0a
0927d
08fed
0f846
0fe95
06c40
0ca39
0a9b6
02501
0d343
0a93d
04729
07a23
09b9e
02e0d
0026d
05411
01c64
0cea9
03e87
0bbab
07db2
0ed2a
0bdc8
037e1
0795a
0dbf2
0b0d3
0bed3
06dab
0dffe
00f6a
01aa7
0161f
094dc
041f5
094aa
0ddbf
009f5
0dee3
0edc9
028c9
0589f
0338a
030d2
0d466
0d1ce
07d21
0843b
0ef38
07ff5
07fdd
09238
01530
073ea
0b93f
0cb94
0b55c
0488d
08ea6
07583
0506f
05aeb
04247
0a2b7
07b3e
0c3f9
07549
08ae6
071be
043e8
0a244
0de64
00cae
0d552
0aa1e
06e14
0a8a5
03139
07e8f
00b04
0a2c3
0c343
0496e
0915b
0c2f8
0c02e
0b9a6
01e5a
05eef
063a6
006b6
02f64
0a8b5
0a590
04651
08bcf
00fae
09edf
06345
035c6
08c27
054b7
00fca
0dde4
0b164
0bc98
00a91
0e5d9
0280d
0cef5
0d878
04216
05b87
0563d
08720
0e5ba
0fcba
01d4f
04e14
05f9b
01310
08e1d
00532
0ce78
0403b
04c3e
01129
0c9a7
0fcfd
07fc1
0f4ac
01c7d
01332
06e3f
0f4d9
0c515
0f876
0911c
0b59e
07b8a
09324
0000b
03572
07e81
0f1f9
068ac
0c157
06c94
0bddc
01230
0c06c
0adfa
09b8d
0d919
0a866
05005
0f218
0dd53
0c97c
02b56
0e557
0b249
0e293
0a11d
0903d
053d6
02529
0125f
037e4
0f03b
0a216
07c8e
02413
03005
0d443
02c9c
08d53
0dd9f
04f3f
03d21
08de7
050bd
07122
0a758
0d7bd
0f5bf
0681b
0a4e0
082af
00ecc
0d21b
002f1
0ec92
0d50d
0e272
0977f
0983c
0a199
03868
02aaf
03f3f
0817d
0c271
09332
05532
08a9a
0cbb8
02258
002b3
057fb
041d3
07b18
0c444
01cb9
0f337
09900
09cf2
0417b
00b44
0f852
057c7
0990b
05516
02b50
00fb7
0d990
03827
03f88
0d016
00445
01143
0cea6
08cea
0c9c2
0d2ce
09a5f
04836
0e82c
06565
0cea3
02a24
0cd34
05b9c
03a2b
0013f
0cbc7
0abf1
068ef
0a4ae
02492
054ba
0db43
086a4
0c747
0f8f1
0b413
0eed0
05483
06914
0fded
0c92d
07671
0a746
0aa73
0406e
03d14
08ee8
039ba
077cd
06553
0b9ed
0f9f0
09429
0b53d
0a9e8
0bf75
06d8d
0d503
07899
02d72
01c62
08684
00bb8
0255e
03895
00f23
0ef5d
0c310
0b7fc
07224
06ed8
06cc4
08045
0bacb
054aa
006a8
0cb4b
0c08d
05d1f
0bf00
01bcf
020b0
0ebb0
043b6
0222a
04dee
0cc7d
0ba60
0ab37
0cd2f
0f5ca
07a88
036a2
0ad0c
0e806
0be85
0f599
0bc92
055b4
051e1
05d2b
0d239
06fa6
024a8
0555d
08607
07db4
0a77b
05e44
04037
0401b
0d68f
099b3
03c58
06ae2
094d6
05935
028e9
0d9e0
01821
022e8
0c874
08594
0ec95
0251b
0e99d
0854f
0a7fb
069de
08e61
05aba
06d03
092be
03274
0426a
06d1f
086f0
0e289
01c43
0a91c
0b23e
092b5
066fa
04b30
07bf7
0ec9b
06ed2
092f4
07a82
040ab
0e7aa
0529f
0e20f
0115f
05856
09475
079c9
070c8
07439
0506d
0d2ea
023db
0a836
0b8b6
03147
0f13d
0e8d9
0a02e
0adec
0e2ea
08016
0c489
00d1a
00680
06cee
0c92e
04553
07f2e
0c75e
0e985
08a00
096a1
078b1
0961b
05cdf
061b9
0b009
0ff4a
026e6
02d4d
0be1e
087c7
0314d
00add
05883
0254c
04716
07e04
0a03b
073bd
0ed4d
026ed
09eb7
01a8a
04e2b
0ab69
0e5ea
0101e
0fbb1
06290
0a4ca
020e3
0ba89
03761
0a8d9
0c3b0
053af
066fe
0214d
0628c
0bf9a
026d0
06540
0319f
04d57
04bd4
0f513
04577
06412
029f0
00fe8
0db0b
0f873
0d7d2
0eaf3
058c9
09447
0d9a2
0a084
00fc1
06012
08cdd
07ae9
0e399
004ae
01212
03cbe
0faad
06d3e
0cd03
0a72f
0a2c3
044b6
054f5
0229a
08679
01010
00a34
0dc11
09e45
082e6
03fe0
0c970
0799e
0a015
06436
0d900
04d03
02eba
0e9e1
050c4
07646
0b8ee
05723
00b36
01b1d
09d5a
0204c
089d3
0a8d7
04061
03979
09b40
06c17
081f3
0dd0b
08d34
0593b
073dd
017ed
006d9
0fc6c
0f820
0e8b0
0dd42
0f803
061d7
0e2f1
0f283
09562
03f5a
07f5e
0b728
05f09
06551
0ecd9
0064e
04fba
02b20
0c74f
04781
0966a
0d939
0962a
08f5e
09847
0d10c
0ea35
02c3d
0ffeb
07b33
01a13
0d9c3
04827
0808b
0a717
0fe42
04d43
01017
0c62a
061a2
013a1
0a542
0cb71
0665a
009b7
0cb3d
0bf6b
0eab1
07d82
0504b
0c704
055b5
06ace
07cc4
0aa2f
08d64
02a8d
052e8
07cbc
0b560
0a6ee
0dab1
0a10e
0b577
049af
098c1
084c2
0a498
0e7de
0cbcd
09471
01992
01713
0a248
0650a
08ae6
0bd5a
04558
0e647
07132
0bb63
081d3
0ee4c
0481c
0bef6
04e80
0bcba
004ae
0b981
07ac8
048df
05d69
03921
0163b
04a46
03c7e
076d7
00d16
00dc4
064c2
0e0cc
0ff43
0daee
0fe7d
08002
0ac9c
028f0
0a5fa
078b3
02a84
0fea8
0a8d5
0c58b
05be5
06a13
0f2bf
07893
03b38
024f3
0700d
0f7e9
08e2b
0cf6a
0694b
08f7c
0bead
0fdec
069ed
0ca69
0fc8d
0b90c
07239
0d319
033b7
0cc25
03dff
058d4
055fd
0b32c
0c319
01f10
057d6
06191
05a02
05611
0053e
0993c
0cea8
07847
029a2
0eb73
007bf
09af2
00ef7
082b8
009c1
04922
0cd1f
02568
0e582
0a763
06676
0012b
0e134
092b5
0b868
0fc09
09027
03f5e
049e5
054cf
07526
08bc8
0ef0e
0fcc3
0a10e
05a02
00aed
06a79
08047
06cd9
04dff
091ee
00c77
06f54
08583
007d2
02793
0f763
0baf6
0950a
0eb5c
061d0
00bdf
0e36a
0b786
0b2a1
0ed7b
08b41
0dd03
0d9b1
0fe51
08db6
089ca
0d011
011e4
0f63c
0ec0a
0e3d5
0ca8b
08f06
04479
0ee52
00921
000e3
05498
009e6
00f42
0fd41
0aeeb
09e66
083fb
0aa0d
09f4e
0c820
0c454
0137e
0ca98
06d53
0845a
0aeb0
0fe05
08411
0ea5c
08910
0c33a
0e20f
054b0
04481
0bac2
026c3
07e9c
09cd6
05402
0272c
04f4a
06489
0318b
07ccd
080de
05285
06694
04d95
00a10
07cc0
07c72
02e21
0f3f1
03577
0c2ca
0c309
0fe98
03f77
0d373
01f8a
0131f
0ac34
0fe81
07fd3
0babf
0c8f5
02d1f
04617
06c49
0107e
09b04
082ff
0b91a
097c0
06d16
0cae6
04a95
0aa01
06ccc
06d13
0f8b9
0e176
0b9e4
010be
069ef
052f1
08a6c
0cb26
04bc7
0c323
0dcbf
05336
09671
0129e
0c8b7
0beb1
0a5d5
0f56a
0e353
01115
033aa
049d9
0db7c
09bbc
01149
03aa8
063fe
04b3f
0510a
04eae
0cbbf
0f65b
0bd47
02dde
0a2e3
06b37
0782e
07d78
06993
0d0a0
0e604
0cef4
0e2e3
0103f
0d9a7
0b34e
029ee
05f7b
0588d
0f3fc
085d7
07a18
0b72e
09eac
0e126
07f01
0cfee
04161
00f89
05d69
0c0f5
05ac8
01bc6
06747
04352
0843d
0146f
0a0ff
049e2
0e0c3
0a178
06f8a
0fb0d
0463e
00afa
056b1
0ab3a
09c53
09fc9
0923b
0fa72
0819a
0ac3c
0c3b3
0c1c0
04855
072c1
07b6e
0a6c9
0fc36
06fbb
0f0aa
00a2a
07614
0a881
05d6a
06b66
01b75
0134f
0f4e0
0402e
08867
09392
0292a
0186f
0f93d
00502
0f7cb
012f0
081f3
06948
053b4
0f366
0da20
08f4d
01bb0
00edf
09a6a
02520
0ec7e
0f4b3
0fb44
00b4f
095e9
0d31b
0645f
010d4
00bf7
02159
01e62
09e5b
05ad9
02431
04129
0b985
03086
01b31
0a61e
00548
0ed4c
097e1
026c8
0b39a
0bad9
0d4c6
06fb9
03942
093cd
03cef
0308b
08e6a
07488
0787c
07a36
08527
0ab72
0e655
0b853
0f7e7
067fe
02d13
03f56
01229
0c100
0be5f
034f2
041fc
0f70c
05aa8
02e3f
0aa97
005f0
01921
00f97
04ffc
0b461
06e84
02a12
03706
07b71
0dc0a
0d497
09fc9
058ae
03019
079cd
00a76
00f31
0fb05
02b84
07595
08bbf
01eed
06d5e
00ead
080e8
0bb91
0b8dc
004d3
02bf4
04584
017ea
0a7a3
084de
04124
0aff2
04fd1
08c85
081bd
03679
0f66c
0334f
0111a
0b60f
04ced
07f37
0170d
039e0
04573
012e8
04948
059d0
063e0
09174
04864
0cd6a
0a628
0b3b5
04b1a
04e3d
0a1f8
01957
02d42
03139
01450
0eb52
031f5
0b88a
015dc
07990
0ac33
0f768
03c00
071e0
0314c
003d6
0f569
06ad9
089e9
05e3b
08ed1
0b5c1
01b34
0f14a
0d990
0b292
07b20
099ee
0814e
03323
03787
044a8
0639b
01698
021ad
0e16e
04880
0fd7b
01126
0622b
04a5c
02578
0e920
0c97d
08daa
060df
09126
0ed00
04d20
07951
0c2d2
03e11
02ced
0a24d
0d484
0509c
0b378
03939
09b0e
0f376
0e6e9
0bc63
037da
0863d
0f65c
0dfc6
098d2
0d66d
04631
0f1b3
0f79a
0560f
0b449
035e9
0382d
0061d
01488
0e967
0ecf4
014b4
006ef
0f82f
0d645
0965a
04802
09326
01f6e
0289c
0d5f3
085a6
00176
0a151
0f9ed
08933
04994
0f8ac
02835
0114a
0aa2a
0b2cb
02bd4
0db8a
0fc3d
09bed
0ad5c
0e73c
0bbf9
0c152
06e62
01599
05b98
004c0
024fc
03da3
06fd8
04beb
0955d
03af6
093e9
0583e
088ea
016ec
03d5b
01268
0710a
0ad4f
0780b
00b20
092b0
02db2
08827
04695
08a73
09653
0029a
05acc
09f27
05ddd
033b6
0777b
0dcff
0258b
03ea1
01bc7
0f91d
0926e
0ac9c
00766
0abfb
084a7
09331
0afeb
0d79a
01b34
00855
0ed5d
02698
06cb4
0565d
0215d
0ef0f
060fc
09924
01f58
09284
021db
0567c
02d22
0a2cd
0198e
08da5
0806a
0dea3
072d0
074a0
048e4
0d882
0e6f5
0574a
0fb74
08eb8
0535b
04c71
01756
0ed09
02efe
01f58
00a26
07a4c
0ed99
0faf7
08df9
06ac8
0e0f4
0995b
00212
069bc
0172d
09a96
07692
0ac10
0b7c8
02c1f
030e5
031df
061c7
0931c
0c60d
0b7cf
00255
0d8d1
0cf52
0564d
0ea39
04839
043a6
0e22a
063d5
0821f
0023f
0899c
0ee8e
07d4a
0de27
09723
0cd42
0edf3
045cc
0e79d
00d32
00bca
08c4b
0a768
058c0
06371
0259e
00de3
05665
03a7e
05e79
0a99d
0ad76
09b42
055fe
0b17e
0da5e
028fd
0d0fa
02cfc
0ceef
0a0a6
0166c
04aa6
0cbc8
051ef
0eacc
0c2fb
07029
0a2bf
0d9a4
06e3d
08252
0741d
01b7a
0b441
0e78d
03802
026d3
0690a
048c2
06003
04e96
0a83f
0437d
06e68
0cff0
01f4c
01d99
0daa9
06ae2
05efc
0349f
0f159
0dd51
0aa76
0515e
04b18
06167
03964
0678c
00e9e
0580f
08539
0904c
08337
080a4
02059
035a6
02246
0f4e2
0b4e7
0db30
095bf
0f3ac
0da71
0854b
02037
0cc54
05ade
007ed
064b0
00a6c
006a1
0dc1e
0d42b
00678
0dbe1
04ecd
00c19
011a1
09a3a
01f26
0e1af
0d7cd
06c2b
0a7b2
01ffe
08eda
0858b
01ef1
0432c
03ad2
0b36d
0573a
07a51
00a47
0e0fa
064cb
00266
05758
04db1
0d58c
0eea4
0e140
0fd05
04d3b
089b4
09275
017f3
02050
067c2
06e9e
0d844
05989
0f534
01c20
040bc
0ef00
015fc
046ad
0b7a4
01c42
05e87
0cdfe
0ed9d
03fd9
06ca2
02301
0e56c
0b667
04230
03191
00c64
07e0e
00afd
09b70
08684
0e720
06af1
012b5
07748
0034f
0fa7b
0f176
06cd5
0d4f3
070b2
06233
0225f
0eab4
01c01
01bb2
058f8
0a760
0559d
0ec2b
0ef93
0f521
0a614
06747
07468
0433a
0b694
03146
00a3b
0fa39
03c9f
0fec0
0a527
0e6c7
04461
06535
04c91
0f7d2
02b18
080f5
0b736
0721d
091b5
0d628
0fba8
076a3
0e736
0c12e
00004
00c4f
0c6ef
0bcf4
0b658
0a68c
04b65
0dfa1
0a6e5
0764f
0a14b
0c80f
0663b
0ff9f
00d13
0669c
0978d
00946
09219
0255c
07345
058d9
09aaf
0a3ce
05cee
0fce8
0924e
06ae4
01619
002b0
0097a
002c9
009ec
0de10
0e925
0eb63
0fa48
0e65e
0289d
0b41f
01e4a
040e9
0561d
0a387
0e89a
0c684
0bfde
09ce9
0a834
0b017
074e8
07f9b
05aac
03a42
0d46c
0ef53
04f8c
08850
0df44
0b3b7
08a7f
0a611
050c5
058f9
0698e
017fa
000fe
02e60
04cd6
06f11
0e33f
0d941
0a616
000f3
0852e
015c5
08812
00371
06dc4
0f394
0cf24
0abda
0ea2a
0a9ef
0a69b
0ad76
0b7d9
050c0
00925
09943
0ad93
0847f
0a384
09b32
0ca21
0dceb
030fa
06e64
036ca
07b5b
06e24
03200
0eb54
00948
096b6
095dd
0faaf
0121e
00a9e
05555
0b85b
03e38
0dc80
0cdb2
09e90
0cc2a
0a3f7
040d8
0aaa2
0c15f
0ac49
006c5
04776
0c74f
07940
0a8f4
0b0e3
0defa
0d392
07a32
0dd37
050c8
0c92f
0215f
0e66b
08ca9
0122c
084e8
0b588
0264c
0c8c9
0b553
044a8
090aa
0bb75
08f6f
07a2a
04943
00058
0f8c0
0db94
0b1fb
03700
024b9
03f15
06d8d
0f0f2
0beae
0e108
000b6
080df
0adb1
00364
003c4
04883
085a9
07ee7
0268d
05755
074a3
00930
089a6
09cf2
08c1c
06dd3
05c01
0b07a
0af2b
0f5f8
0d5f9
0fc75
09ad7
0eb81
09818
0b8f3
0180a
0b386
07ce4
07465
03de3
0e2dc
005f1
067ab
024aa
09155
0cbb4
08c5f
00350
0833e
00914
0ced9
06bb4
04b14
04168
0ee42
097d1
001aa
03990
08bec
086ac
090ad
073af
0bb60
0ef5d
01dde
00cab
0a110
04b20
0e6a8
0f9da
07936
072ac
02dc4
0575c
0f1ce
08fd9
0bfbf
066da
02bce
09cd7
0455a
0f9b5
0551e
0d8d0
02ad4
080cb
01bb8
06d83
0ea85
07517
0632a
0a383
09c0a
0e051
0bfb0
0c0e2
0c1b5
0f492
0757f
053c8
0d4b5
03d55
0f51c
03486
0b729
0aa7c
08de5
09344
0c465
0301a
05cd4
0d298
01aa7
02851
06fa0
063f6
08350
02ffd
05ce7
08f87
0d2b9
00432
0a5e8
0f6fc
0ca85
00d5a
07acb
00292
00c67
01f5d
08bbc
0e0fa
09e04
0e4a7
0ec18
07b2b
05e0a
00fd1
080b7
0d0cb
0f9d1
0fa73
0af81
0d2db
09862
08b9f
0efc1
07b7e
08167
075f9
018ef
050c7
0440c
052f8
0f9a2
0bc2f
0c5f9
09cff
0fc60
02fa8
024d9
09056
0534f
018c2
0b132
02372
03ff3
0504a
0db70
062c4
0173c
0df26
09b37
003cb
01c2c
05bcc
0cffe
0a51f
09883
07a3c
0e5e7
079e3
032da
0b721
0b395
0b556
0abab
08a42
0b2f1
05ca7
0b8d8
0c4d4
02570
09391
0a5be
0b1d3
086ce
004ed
0cf7c
055a7
09abb
023c4
050ba
06bc5
02499
0c057
09d87
0a663
07508
05ccb
0c687
06836
03931
014b5
00add
0e2e3
090c0
0b3d0
00803
034af
0fc6d
0a972
036a1
04ea4
0efc1
02f17
0ecd1
04bd9
0f399
0fd69
016fd
0c552
0e9b6
01a6d
033f3
0cec2
090bf
03b1d
0fbcd
06ece
0545d
08587
0551c
0b764
0a91b
06ecc
0ac81
0c713
040f2
05341
02987
011e3
09284
0ba94
0ec32
0ca81
03b85
06839
07bf9
004f8
0def2
00512
00c86
08513
06f94
0a124
0e62c
08cc7
07f92
072ee
07a23
0590c
0d6bd
05878
0f963
0f0bc
09469
023d9
0184b
0fe2d
0f523
0894c
00c53
0b458
0265a
05bdb
08108
0fb8a
05165
0211b
0ded2
0d7e5
084dd
0fb51
0563c
0c36b
0f666
0cce7
03ced
0dc77
07143
08a97
0b1eb
0b0e5
0e063
0e31c
0e6df
01625
0c95c
0bdf4
0b674
000b6
0fb2a
01c3d
03ebb
0d0e9
0f951
027c3
002c2
006f1
03683
0a2da
051e4
09ca3
05676
0d264
01dd4
0cace
00329
05a43
03e2b
0b5e5
03d38
0d110
0cf63
03d93
07603
0ab29
01823
06998
00035
093ec
00a26
0081a
0a9f8
076ff
090de
05f55
09fbf
0820a
0f10d
03ddc
0a32e
0580a
0b7d2
0ac73
08397
02705
00204
0507f
08f36
0c69b
0da14
0ce49
02fe5
03e19
0bfc9
02ee5
0f7e0
0722d
015c2
0a667
07f92
0e128
0a0fd
06886
074e6
004a9
081bd
02783
078f0
07337
06c4f
0982c
0e901
065f1
0a74c
0cd1c
0c475
0ebb1
07341
0c715
0fcbf
01343
08629
0318b
0d100
0cb69
00af3
003ec
0cbfa
015e2
014d5
01a95
0d15e
04e81
013be
0365a
0e9d8
00ebc
094e1
067b3
05d3e
07270
0005b
09b98
01eb8
07f80
0094b
03782
0724f
0c8f1
093bf
0ca53
0849e
0b959
07fe6
0b8e6
05ffe
04b5d
0592b
01e3f
01fca
00b3c
0970a
02e2b
0cfc6
0977d
0a5f8
068ae
08f43
04058
07dd9
0d928
07bf1
0c0bb
0a285
06e8c
0da6a
027d4
0c51e
03e05
0b81f
00f09
0eab1
0eda0
00f77
0403f
0b9af
01cc5
0db20
080d8
00e55
0538b
0155e
01eb5
0d8fd
072bb
01f34
0a4dc
03890
0cfbb
0e5b9
06617
068f5
0c16f
02fe0
06594
0ebcc
07144
038d4
0454d
0f1bd
07690
006c1
0950b
0e62d
0ea88
0f693
0b64f
0e46b
05551
026d0
0b626
055be
0b0ac
0e2bd
0f58c
01726
01009
0375f
03701
0664c
09c3d
0aba6
0dc0b
06fc2
092d4
04f1e
089e1
09509
031c7
0faef
02d50
0c52b
09eab
04323
00f3e
0714a
01c81
011a9
02bd3
0f916
053fe
094bb
0b73a
02172
0adf0
07742
005e0
0d58f
061dc
06862
08853
09981
06ca1
02513
03e6c
0cede
0816d
08848
0c330
0b756
03fb7
063f8
01145
05b55
0ed68
0eefc
0ec0d
09645
0d060
0182a
018c4
06e02
08e39
022b3
07cb1
030dc
021d8
051a1
0ed18
0d190
04201
0afc5
05616
0db9c
014eb
086df
0b0e3
0528b
074a4
04923
0b507
05964
0feca
0abf5
08a1b
00696
074ab
0b6d8
0c70b
058f8
02b1f
08aca
05f07
0d192
0ce34
058bc
0f76f
02a20
07939
00f44
09b19
07499
06608
0d82e
09bd6
06f9c
0ccd8
08ab1
044ef
0b2de
08b13
0fd3f
0b406
0caab
026fb
07b83
0ba1c
03bff
0cc95
06fc6
004f7
07ac5
0d321
02f1e
0c433
066ea
0a29d
0bc65
06ae1
046c4
0ae98
072fa
09846
0d2c7
0514a
0a578
03b83
020ee
0c0ad
0e38e
0e746
0bc2a
01aae
0c36f
08f54
01375
03f98
0bf7a
07c2f
0c63b
051d0
00091
07c92
0c8d3
0cb96
01d67
01984
02613
04eed
07e6c
00596
06ea1
0d64c
0fe34
006b9
0d04a
0ff6f
0b00b
0d9aa
03912
09dbd
0a2a7
09974
00962
054e3
0e354
079e9
0ba5a
0e910
043c7
04546
0de82
017f9
0f6c7
06b7a
006b1
09214
03872
0c091
0fcd0
01517
0010e
0b1d1
03cee
0b77f
0e09b
0d093
04a94
056cb
0c96b
03af0
0e996
0e379
07f1f
0e33d
0b196
0f5e5
00508
05376
0c070
020c7
04fe0
0c814
00afa
08412
04d0b
0ddaf
084c6
08c49
0f5c4
0dd62
025bf
06898
0b0b5
05abe
05743
03ab1
0164c
0f36f
0b1cf
03c2a
06218
011d7
0ec52
0932d
03b15
020ab
02084
0a10b
03255
03d36
0626e
0367e
0df5c
0ce59
0c3a2
0ffd6
02a82
00988
00249
00925
0c68c
0f1a7
0efa6
066e1
0d720
0b6c9
06e77
0ca93
07c25
05277
0d1f8
043b4
02887
0d904
077ee
0f285
0144c
047bd
07ae7
0c8c7
05723
03818
00e77
0bd94
0872a
0b43f
08fda
044db
0716b
09a98
05458
059b8
08f1e
0376a
0f902
0b5d1
05c5e
06dbe
06129
05f47
0441a
09764
09bb8
0d7da
075b7
0722e
0c8a8
00ed9
0f515
0df4b
070bd
01214
095b3
087b0
040c0
019e9
0fd27
0d67a
07221
09ea0
08821
0b11b
037a6
0ba6b
0a0d9
04dad
0b357
0c8f8
09b91
069bc
07212
01355
02961
0f613
02e13
02a06
09bf7
09c36
08a48
0d0ae
04f51
0f885
0e35c
0ae87
05a5c
081c9
05686
0e2d5
01378
0ebf5
09897
01aeb
051c1
0928e
0c50b
0497d
09ff1
00d07
06391
02c62
03922
01108
0de1b
08df8
08252
0f60f
046e6
0ac19
0ebc5
0e329
0b6a2
0cb6d
0e616
082a6
02ea9
0748b
074a6
0f35a
095d8
0b395
00e6c
08aad
0c772
006b9
0b629
0f8ae
07862
0b605
0e98e
09506
07777
0c0fd
0091e
05e40
07180
0eb29
0f34b
031ac
03611
01d12
05343
04ea3
0e37a
02712
06433
06516
0be06
0e3ab
07ef8
0cf77
00344
06520
084c9
021fd
0dedd
0a143
000ab
0a7c0
0e346
09bb3
029ac
06492
0611c
02780
032c3
0839f
0d66d
04fe0
00bbe
0a21e
015c9
07f27
0a073
0243b
07f92
01341
07bfe
02cb9
0a0cc
07f9a
0cc94
0151a
04bc9
07c5c
0f064
082f0
05c88
07022
01742
0a290
025eb
0f6c9
025f6
0593d
05603
0d120
013be
0b333
053d3
08ac2
0c5f5
0b535
0daff
0bf0a
06622
039e8
0942f
0e836
038d0
0c42d
03869
0337f
0a259
03e26
0ff50
04b2a
04070
09795
08a4c
02eac
00f96
0f7b9
0257f
0506c
0fcc6
0312d
075aa
00ff9
06e3a
0d959
055e8
00620
06a7a
02dc8
0557c
0605d
0da5e
00501
06248
05cbe
0bb6c
08a20
0fe74
0eaa6
055eb
06794
09960
0831e
0700e
08e2e
0bfa1
0369f
03765
0b229
0b32e
035b7
0dade
04af0
08fb6
0d439
0a17f
099ca
01dd6
0dc92
037d7
0adcc
00b32
0b098
065e8
0780e
03303
0004e
059e2
0e8c9
00879
025c8
0b4bf
03490
04481
05341
040a8
0539d
0ce40
0d63c
08d77
04f96
079f9
01dc2
004c5
04eb8
085e2
070e7
0c081
05f8e
03570
0b2a3
046cf
03196
0cec9
005e9
01093
04c8a
02612
0cb96
05f1f
007f0
0722c
06d01
05e3c
0893e
056f0
0e847
09957
08a04
030ce
0d137
06738
00a1e
02f62
094be
01a2f
0aef8
0d3a3
09d55
06c99
02b9c
09ddc
040cc
09e6a
0fa92
060fa
0c23a
08826
0283d
0293d
04d96
0152a
0e3f1
02fcc
0cbbb
0470c
05a41
09a1e
0d97c
0ab1f
0cc42
0b69f
08650
0a285
0d763
02df6
041a4
055d8
0ac03
02c68
0a9ff
0563b
0f73d
0b61e
0a287
03777
0b93e
0fdb0
0a2b6
09632
0550c
084c5
0bf6f
0bf46
0f5e2
04cdf
06461
073e7
08ca1
0e811
0179d
01abe
0dc1c
02c2e
0bb49
0be70
04d1b
052dd
0aba8
0b8a5
087dc
06164
0e923
02d88
0f6f4
00ac8
05504
070e0
06c89
02a9f
07b0c
029b4
06976
0230d
017a9
07e36
00a19
01155
06cd9
07d75
0b5bf
0edae
0cb0a
08c2e
0d9be
0c8dc
0064e
0ed5b
06ac8
0bdfc
0e832
06a2f
006f7
00c8d
08b46
063dc
0d651
0f25b
0d03d
0e571
0d4dc
0e342
0a7cf
0bb36
0cd13
0fbe7
06281
0382b
0b5c6
0cfe4
0228c
0a331
0e32c
0ecb6
072cf
01c36
08aed
05157
0a8c8
08e3f
0330b
0bff3
017ec
0b771
08772
03bc6
085e6
0542a
0a06b
033af
00b13
05993
08204
0e116
0dd3e
06f28
0f9a4
081e6
0d5a1
081c6
041c2
0c3e4
004ff
0290e
07a5d
0a068
072f9
0155a
033e7
0b294
0d3ae
05030
06213
06285
001df
02a9e
04424
07954
09372
0e66e
0eb84
0e239
06990
0a8c0
0fdcf
0a0a6
0713e
0f529
0b528
01b6a
05de6
02934
0b309
0007a
05a04
0d12b
0d5e2
0da85
0323e
0edfe
03b5d
087c7
03197
012b5
0a021
0e393
0875c
0c699
00915
04165
09cc2
004b5
0d665
0f3fa
093bb
09d8d
0adaf
09e55
0fade
0bccd
0bf58
0a9aa
06d7c
00a66
0cf9a
02745
06ed1
0a21b
08d03
03394
00013
02e6a
02b5f
0f3fe
0705c
0eaac
030a7
02d1a
0490a
0117b
0e7d7
054cf
0af65
04f33
0103b
08726
0705a
09b93
06ff5
031d4
0ab8c
03a19
09d84
0a0ec
02cfb
02704
01617
0df4c
08114
0dceb
04b6c
075af
05927
0338f
031e1
0d94f
00a44
0480d
00a0d
0a25d
0fe5b
09670
03a4d
09d15
06865
0b33d
012cf
01212
0d3d6
07554
07e52
0dd82
0e24d
07938
0b8d6
061e5
07bd5
0d46d
0d6f7
0f448
0daac
0ceaa
0840b
022a8
06f3d
07227
05ab0
03d49
06f40
0de41
06375
071fb
079b0
0efbe
088f1
070e5
0a599
0d16d
076b6
079ba
051d0
0b482
06999
0ecbf
0a757
0cc47
01d70
0e67c
0afbc
0721a
05e4c
087cf
0b0b3
032b5
0304c
06b5e
0855c
01c48
038dd
06999
02e22
0857d
09b7e
0499c
0f1e9
09453
0e3d5
08b12
01871
0bbd2
04e96
0e119
04fff
05682
05fd5
0d30e
0c14c
056dd
0bebf
04578
0b95b
0ff26
04210
0e7cb
0a848
0e7e2
0232c
01e33
04a86
03d69
0ecb7
04fe5
04e3f
0b17a
01ffc
09bd4
038f2
07061
09f3b
07ac1
09c92
0052c
03269
044d2
040e8
0c981
0cdcd
0797d
04be8
0e750
0f3df
0e3a4
00f9d
09ec7
0fda3
02710
05f40
0127c
0e6a1
09cac
079f2
061af
03800
0b200
0083b
0e8a0
0bd16
0e856
03d5d
0abe0
06b2e
06f16
046b9
06268
0ffa6
04203
0b14b
07ad7
0f470
0e1ff
0f541
08824
0d463
040b6
0defe
0f7fd
086f1
0f916
076e9
07c93
0c260
00065
0a664
067a4
05f97
0e833
0b7fc
05380
02614
0a4df
0a7e9
01058
008bf
0aab4
0f0d6
02ea4
0532c
0d0ef
013b5
0faaf
0b4a2
02852
0f8dc
0e8b2
0b52d
0c47d
00092
0bfe4
0864b
041fb
0db47
045cf
09883
0fb43
032b2
0d300
0f047
0d5da
0f3ab
0db32
01aa8
0cd55
05235
0670b
06bda
07665
02940
08e50
0205b
07017
0e7a6
06597
0a3f7
0e917
044bc
02f8e
066de
017e8
09633
06718
015b0
00e7b
03647
09f70
0854a
075a8
0cf01
0bcd9
0e138
04ba5
0e7ea
01122
05e52
09c54
0a112
01fff
0c743
08ee2
087b7
0e402
00a5c
0e664
0c09b
0fa52
05fc2
0d78b
027b0
034d0
07594
04898
064a0
0a0a2
09d76
0ef0e
0e80c
0fe01
0dd06
018c0
07800
05945
04e19
08b6f
04871
0f6ed
030bc
09658
014be
01aee
00b7a
0d32d
06f1d
04d03
096a9
0df48
083a9
0099f
06065
0a79d
015cb
02359
041a2
0006c
03677
01421
0cc69
02ba5
0084c
04a04
04afc
08763
06d2c
04596
00667
0a471
0d3d7
0b64a
0b639
0a1c1
0a23b
089af
0dabd
034af
0c7da
0be03
05d28
0f6d5
04a44
0d3d4
01372
0512d
091d1
03fbf
0ab35
03c2e
0c83d
0ea72
0f4be
08c45
05f77
09069
07896
06a97
02fe8
0475b
00e45
0b53e
0f28a
0865a
09ce7
07500
0da6e
06050
0b5fa
0f6a3
0ea35
01cb0
0f8cf
0525e
08b59
0d38e
05e90
0a005
01595
033ff
09fc0
0fd68
0c5f3
03f07
0dc43
05c83
087ff
009b4
0d084
0686d
0a14c
0b39b
0c0a0
0ba99
0d646
0b70f
064e7
03d6f
0f177
0c319
02b66
0db68
078a2
03e87
083e4
07b03
0a53e
00205
0419d
04711
0ec42
056d2
07877
0c203
0991f
02c96
0d5a6
0e44a
08dd7
05dfb
00e32
08f27
0515d
0ec3b
07fe9
09f8c
089eb
03eb3
02470
07264
0e111
08424
0c26c
0d4d3
0443c
056a8
0ea12
03991
025db
05d1f
073db
0e5a8
0baf8
07ff6
0dbed
0b9d2
03e47
06f6b
05861
0603d
0a4e0
04ff3
0a7a9
04326
04262
065a1
05618
03573
0f4d9
0decf
004f1
0fadc
06305
0452a
083e4
0ff70
0e99a
0d16d
07429
0babd
08c9b
067ec
041f9
07aaa
0de7c
0fc77
030d1
04c6f
062a3
08747
0c822
0be3e
0d2ac
0bb6a
044b6
028b9
03d81
0194a
0425e
07366
09eaf
0b1cb
0c030
08772
0eb4b
0d46c
045b4
07065
041a8
0f4ab
0d531
043a6
0df9e
00d5f
0540e
0576f
099e8
0a1e2
04ac6
037fc
0e219
06181
0d483
0945b
0c8aa
03146
096a3
08359
07116
048a3
062cb
0b8da
069a1
0beba
0a9a6
054a5
08439
0af9a
0a8ce
0b48d
08963
0ad68
0330c
0a800
0bb32
059c8
04b87
02f3b
0b7fb
07618
05eb7
01943
0528b
064f8
01651
0095d
02713
00d22
09627
0d59d
0bec8
08908
00431
05379
0e10c
00986
0a6dc
01236
011d1
045f7
082aa
03185
02ebd
06b0e
09518
0635d
0af80
03663
03691
03ca3
02e46
034f7
0c9fc
00860
033e3
00452
0b7d8
03174
0eeda
01a34
0277b
0b350
0d183
06f8a
0ffc2
04df4
04989
0177b
01b49
03754
0f915
01f34
0dfab
0e724
001d6
08589
00e09
07ae2
03316
0cbf9
04326
00d67
09899
04f64
01b4e
04bd2
0de0e
0c571
0355c
07072
02ca0
067c1
05eec
019f2
02bfc
0d670
03d59
067ef
0d7d2
0acd6
02a23
0a56d
0eb8f
03987
0f320
07705
021c2
03606
0feeb
026b5
074f3
0ce4a
08885
001c6
0b0e3
07966
05af9
050b9
0f1cc
079b7
0ebee
09dfb
0fb2f
0c5a7
09a44
0e791
01008
074ba
000e4
0ce24
026d1
0b5e9
0e171
0be39
0d1b5
03311
00549
071d3
0bc3e
07cca
02afe
01245
0d0bb
09974
0cc58
096b4
0dfaa
062f1
04f36
0860a
0f46a
0cf19
08dd9
08d55
0633f
015ca
0e9cd
02cf0
04e6f
00f26
00008
03c23
09fc7
006a1
0ecc5
0ae5f
06ecc
02b8e
0a922
04803
0409a
085e9
03bd5
09db8
07993
03cfe
088c5
0efde
0c637
0f56f
0d571
0362c
0b82f
0a382
0ca67
05936
08439
06201
09462
027e8
0fe84
060d8
09870
0d9c0
09f4a
0869f
02b50
0abaa
05957
06cd0
008b1
0cc5b
0d7c0
07946
0facd
0e820
02da4
09e91
00476
09920
0f701
0bc24
06482
0d915
0e314
01534
0e278
0dd4a
05f27
0cd13
00410
0ac43
08b16
0f47a
0741f
01c66
02b35
06eb6
0719b
0d232
0226f
02b98
0e82a
06a2f
0eebb
0ceca
016e6
030f1
0f08a
07196
04fc4
077df
037d2
0616c
0d00a
03808
09676
01d5e
0786b
0b7fa
0124a
0b847
03105
00e58
0796d
0e20b
054a2
03737
097dd
0a2a7
0356d
0abf9
06077
074be
08214
0c09f
009dd
0fc18
07c6e
0e278
0752b
0a832
06636
0881b
0ed3a
094c2
0c374
045c7
05875
00bce
082df
09a0a
0ccda
0d34f
0c4fa
02e12
08c60
03019
0b59a
0db71
00a29
0b2ba
032de
06b5b
061cd
0f45a
0f74c
070a7
064ef
055cc
02aa1
02190
0091b
0b2f5
0319d
01a48
08b7c
04dfc
067ab
07a9a
095fa
0e3c3
05b0c
09170
0fe51
04102
0c938
01b1b
00bd5
07e7d
0c565
09647
08dea
030ff
0243a
0f88b
02b6f
00a9a
0439b
08daa
0a1b4
0a18b
08245
0e307
05338
0a5e1
0951c
0ab38
0d669
04898
0a34b
0c2db
01822
0a3a7
02d7e
065ac
06632
0608b
09404
0c868
0e75a
00cb4
05014
0e76e
0194e
0e95f
05001
03bac
0cbb4
02a59
03c11
0e6d4
092f5
0e202
028f5
088e1
0ed69
00304
0bd1f
02bd1
02b8f
0fb2b
09aed
004ec
0cd69
0d027
0be9d
082c6
0c672
04e89
083d0
0355e
0d7dc
077ea
0952d
0d47c
08f34
0838a
036c3
0382a
0a9e1
0e512
076d0
0a2a2
007fe
07d6b
0ed0f
035fc
05ddb
0e52e
048aa
051ad
08b8f
01b9f
0c67e
035d8
02860
0e129
044ce
0c997
0336b
00a4b
0e68c
08442
0c959
02311
07172
0a0f4
09b7a
05908
036a4
0f0ea
04d75
0cc8f
08e38
060ad
0575b
0d1c5
09868
0256d
020dd
0db8e
06c34
04b99
03ef7
0bbd5
05b26
04d7b
02f78
00f6f
03dd3
01b01
0258e
0fcf2
06b99
00739
06bbf
08844
0439d
045b0
03995
02e18
0cab3
03960
05ae0
07312
09788
086ca
0f9b2
0a791
000d4
01e46
010f6
0d0ff
07e31
07272
0fa0d
0cb3f
03cb6
09fbd
097a4
010a7
0b9b3
06bf8
0af0a
0378b
07c19
079ad
03b67
04d18
0424f
041cb
0bd08
0a1af
0ccb4
04615
0ee89
08558
0112e
0d224
0bc47
08b52
08adb
0c005
0b1e6
0beba
00f77
0b6fa
077bb
0272b
00670
00ccb
0a4c0
0cf8c
04c92
0441d
0bbfe
050d1
0a8cd
0b69f
096d3
0c408
05f4a
08115
0832b
041ae
02022
0eb9a
0ed5c
09eae
059b5
04240
0d065
05968
001b7
0904c
06d1f
0d8f4
0f9d9
00f6c
0a170
0ef96
0d507
0b15f
0114b
02237
07545
058ee
0a060
08a37
0af71
03013
0d806
02937
0eb1f
0875d
03ead
0efe6
0cde6
06b5c
06d18
02956
01dc0
0f620
019c0
0814d
067aa
0367c
0bd62
0aa84
0954d
00250
0a188
01eb0
02450
0bde9
0b492
02a0a
0dca3
0281f
05a39
02d6a
00958
03f74
06bc4
06e27
0aacb
0e606
066a3
050c6
057ea
0a8fa
092ae
056cc
0ae55
069ac
081be
0ec61
04ec0
0a28e
040d8
036f4
0e341
09629
03de9
0fa9b
0d213
0cd5e
0f119
0bd6c
0d4aa
0b15d
0dcd6
03e28
0f0a3
0d628
0e67a
0115a
040ea
0b536
084c5
03a52
02df9
037cd
027e1
0a2b7
05fc1
0351a
04a6d
0db60
02214
0d7c5
09c6c
0c710
0b1b3
008d0
06730
0da1b
06381
05a9e
0fb35
0bc4b
0873f
049a9
0ee6b
027fa
0a9bd
00dd0
09d12
0fec2
0a635
0f6c3
0a9fa
0e36d
0edf6
09c64
02016
0c30a
027bd
003ea
07b7f
0fd62
0db96
084fb
0df28
02c74
017d6
01d23
05217
00f90
05666
09181
013fa
0a4f0
0c1ad
0d28f
0f390
09d8d
0098b
01ac6
04f65
00bcd
02f81
05976
02782
05913
006a3
0aa80
06a7b
04a03
0ac0e
0986a
03a92
07205
046b4
003f5
0ad43
01fcf
062e3
09072
0a104
036f8
03340
05db6
079c3
0e881
0c9e5
0fa84
050bf
0893f
054d9
016d7
03e69
07af2
08a5d
07f36
0f926
01282
0c935
06a18
02493
02eeb
091cd
0eb7b
05edc
070d4
059b2
021f0
062e0
02608
05e0b
0c1a5
06c8d
0e056
0bdd7
070d3
04f75
04f9e
0b0e9
0299e
07e6a
0eecf
0f3e4
03ea2
06172
02334
084a3
01bfd
06634
06dc1
0cadf
0486b
0f18b
0fb5d
0bc6a
083ae
0114a
05bdf
07b58
07035
098e2
0a702
09b61
056c1
09050
0957d
0a6e2
08ef1
0df94
0bb99
0c01d
023a3
0e2bf
04a0f
0808d
0f747
0c0d3
0d5d0
0cb8c
094be
05f18
0caa3
0872c
04841
032e8
0e9ca
07b47
0cbb4
0aa54
084db
0c710
095b0
02f9f
08a85
02bdb
0b254
01ddf
07e63
058b1
03bee
0373b
02913
09e43
009c4
0da4d
0e617
0e9c0
0b145
0c8b8
0e610
0980a
0ae35
0498e
0098b
0c641
09b76
0cd9d
0cd2d
0f1b1
02711
09933
0d148
0eba9
02081
0cca7
0a07d
067cc
0085f
0a1a9
0d905
0f6a0
06068
02cc0
09672
026e3
0a75d
02c01
02206
08a86
09e10
0c413
0495b
0246a
0a311
08428
0919a
0efb4
047f9
081e5
0e30b
059d5
038b9
07bcd
048a0
091e7
0cf73
095b3
0c549
092b0
0e923
03051
09273
05640
072a4
09845
02a3f
01529
07435
03af5
099b3
02495
050ba
0cc01
03f84
0f642
01f38
08c7d
0184c
0f4c2
0648f
0869c
0c437
0044c
0c96f
0dbc3
0b0da
0b9b4
0cdcc
05f08
0ebe3
0f289
04741
054e4
0ebe6
00911
089fc
03257
0c134
050d1
0e365
00cc1
095e7
04c7b
0f424
03f42
04671
0471f
0646a
04c1c
08d8a
0ee98
027aa
00198
07c17
0d7cb
00e0b
04a73
03dde
00e6a
03f1d
01bf5
0753a
0318c
03923
09251
061c2
0252a
012c5
0e690
0b857
00036
058fc
0041f
05a82
0301d
0e9b7
04936
06820
06580
04e18
0c668
0855b
0aca3
05863
0ce5f
0316b
0dd40
0f084
0352e
0fdef
0a453
07bb8
0bd57
0dc54
0e024
02d71
09bcf
000da
0e9cc
0f6a1
09810
00074
0779d
07c55
0c35e
09f1c
00569
02c54
09f7a
0553f
04599
0ff2d
081ab
0557a
0d33f
0c651
09000
05b4d
04e51
032c1
0ab46
08534
093c9
02d90
03c1f
01343
0f49f
0e6e2
07280
08604
06137
08521
00470
08b44
059c6
00594
06c13
0e108
06335
03df5
020e8
091a0
00880
05a79
0e7fe
000d2
00141
08ade
060ae
0afe5
06e13
0f33a
001c6
03667
04f8c
01399
0a9c2
00f40
0a6c4
0afbc
0b6b1
0fd56
07e98
09297
03203
042d8
0c1f6
05820
0a99f
06be0
0b99f
02978
0bc00
0cbbe
07d87
05919
0d75b
0f8e1
01863
08325
06dc4
02739
032a4
037a0
06a5a
07111
0cd6e
0c606
0e0c9
0678c
0dcd2
00702
08f5a
01fd1
07845
0c490
076e1
0b38f
004e5
08505
0a120
04580
0eabc
01f87
0ac87
0f77f
02e8c
033f8
0ab73
040b1
047be
07d94
0cd9d
08c5c
07585
0141d
0466b
00e78
04160
0b8ba
04880
00911
00088
02e5c
0d683
0adff
0107d
02bfb
02aa7
0ce52
01ebb
09094
06ff8
03cca
0a8c7
0f57c
09c34
0d5f9
01367
04f96
0158c
06ea6
08c3f
0f96f
0d769
086d8
0150d
01a84
091cc
073e9
0470f
07984
07dd7
071b5
0baa9
00567
04b59
0ac81
09752
05ab1
07c2c
07ba1
0300e
01cfb
0a5e6
06270
0e1e7
0a735
093f0
006ca
0734a
00895
06ccc
0c0ca
0b0d1
0a15a
0e25f
0a23a
0dd06
06668
0acbc
0f622
09ad5
0cdf6
0033c
00f19
02dc1
0ec4e
02291
020e1
0443c
014d4
08ec6
09ef2
08387
0b47a
0b638
09e85
06cd2
00b4b
09609
0285f
02785
05915
0aca2
02a98
02868
04478
011ed
0b2c7
0c71f
08990
0df32
05ad4
0128d
0c407
0e4a7
07448
0d4a9
068dc
06c70
0220b
08ff7
06d78
085ef
07a35
077d9
00261
028f8
04e6f
0ae8b
0fc99
04899
045e6
02e92
085e7
0f4d8
0878b
0f6fc
0d835
04a44
05006
0aab8
066fb
07665
0993b
07955
0f43d
05269
0c784
0514a
09a69
0c8ca
0eada
039ae
06811
0cfab
0ba74
0493c
0c78f
03b22
08f8f
05a92
05d55
071d7
0c79a
043be
038e2
0b4e7
066a6
0a80b
02a7a
052e5
02516
0be86
0b846
03a58
0f02e
0766e
01f18
00cf5
0cc8c
0af3f
06560
0a4b5
04524
09eb5
0e443
005b8
0f391
0d57e
05fc0
0b8a2
00d31
02065
05684
0b7b8
0ede8
0e4ed
064c0
06249
04589
08782
0408d
052b9
071ef
01d3e
04709
0d3c8
035b9
018c5
03ed3
072be
0a49c
0c440
08f24
06f1e
0a20a
038f4
0dc16
0bef1
014ba
0e9c1
05b1f
0130c
039e0
0fc0b
0e027
01ef6
0566e
06953
08390
035d3
05f10
0dcc9
08f49
09c08
04881
0d69a
00c37
0cccf
02616
05ad6
09642
020ad
017e7
0caca
0e964
02da3
0a19c
0841f
060d6
0342a
05daf
0fd75
0f0c7
09161
07450
0a90c
06887
09394
06318
0caac
01143
0c1ae
0047c
0d78b
0e605
02f93
0ba02
0225c
00cc6
0c05d
0aa1b
07909
08a58
0ea62
0d90d
07ed7
0023c
07324
067c3
0f2c8
02618
0ddc4
08363
0b6ca
00edb
01451
02f86
0018f
02579
0e469
0b2af
068d0
08c54
0d3d7
0652b
0184d
000e1
0af28
00677
0c772
0fa34
0a723
0938a
01d36
0b89d
0d9d6
0f7c1
0036a
07db1
0c1c0
0dce4
063ac
0482d
0f6b4
0b05e
0d278
01dab
0d345
0d7bd
07276
03dee
021ad
00e6a
09ad9
0647f
03ddd
0516f
065bd
0d7fa
0b771
0921c
0bde7
071aa
00a11
0ae77
073a8
0a368
05cc7
0b66d
0b925
0a17a
0c4f4
0d1fe
0b14b
0fcb1
092e0
0ae38
00eca
09df1
03b79
03adb
09914
07ad6
0c0ad
00fa0
0e2dc
02cd6
0998d
08d2d
07668
06fe3
00f66
0c0c1
038fd
0b38d
0a78e
0c227
02d6a
06e52
03d54
0ee37
0a3fc
034f1
031c3
058e5
0121e
0c60f
0e40c
090ba
03f8f
0a6f7
0a596
0a333
0c250
01b8b
0a9dc
0d5b8
05660
0573c
00197
0b315
0b836
02071
0e01e
0788e
035be
068d3
00cfc
012a4
08e00
0e367
0b08b
07666
01179
06487
04680
0634a
03fe1
0889d
09237
01d31
060ec
0306e
0fa93
07510
0e62c
08399
061e9
045f0
0c7be
052dc
0b36f
04a2a
02baa
08a0c
0286c
0fc0a
02f04
09904
055dd
004c2
00a97
04708
01e6b
07648
08bd1
09c19
01b39
03e80
0cd1d
06821
0d194
01d9a
00c42
03ad7
06762
0e03c
0c593
0fb06
0adc5
0f82f
0985d
00361
06e19
0740b
0b0ca
04454
09d6e
0b96c
00868
07e9b
05ee0
06992
007d8
0d0eb
0ddf2
0d19d
0ec29
05d4f
0846b
07539
06358
0e31d
0382b
0936f
07423
046e1
03fde
0b6d3
04c6e
04d83
00c57
0fd34
0833b
082fb
04c4b
02e54
0d47e
00ab4
0ddb7
0bbb4
068a9
009a7
0c7a8
0cd2f
05d81
0458c
0dc5b
09a20
019b1
0e3da
0b1b5
0aff3
06bea
09bfb
03cd2
0b96c
01a2c
07923
0f30d
0008f
09ee9
0f62a
0b9f3
0e382
02589
06e53
08dfb
03d6f
00e33
08606
0b2f3
03aaa
0f2eb
0b655
0ac28
0a5e5
0da33
07d15
02529
07b5a
053b0
08701
02bf2
0785d
04339
09e02
01bc5
081ec
06f39
0c6ba
062d8
040e8
0d320
076aa
00f47
0078f
04271
0e18a
0786f
068e6
0d9d0
08659
085ac
0c6dc
0bc7a
030b1
09281
07e19
08b7f
0d5d6
0dd33
0173f
0f631
02f41
03390
084e1
04ad0
015c3
0093e
0539b
098c4
08803
078e5
0dea9
07289
0fb4f
01313
0007b
0c911
03b19
08777
07db2
05a5e
03b8a
063be
0c6ea
06d7a
06196
00e00
02a17
0d3f4
03fe4
01961
0840d
029d1
08c97
004c2
07504
017d9
0e909
049e2
062f2
0c0ea
0512b
0f0f1
0ca42
0cb47
04378
0452b
019b0
07cd6
08796
014ce
079c1
02977
00f6a
0f831
08c0c
02893
0482e
0e9e2
02ef1
0603f
06bd7
0ed92
0babd
0482d
0081c
072b3
08dd3
00018
01917
0c9fe
06d91
0e2f3
053d1
08024
07dd6
0f629
0755a
0e5ee
029ec
0511d
0947f
09f74
08a63
0ada5
0ca9c
01b93
078db
01ceb
049e1
03550
0fe86
07e46
0069f
0a00e
0ab84
0cf7c
0d764
043b8
0dfb7
0a9eb
01687
0c373
008cd
0c6bf
0e336
09835
0e187
09607
08905
0a995
02670
03590
0149e
0f180
05ffe
06f06
05bd3
07bb4
0a150
04913
08fa3
0b856
0a048
0e45e
051af
01f13
06b9e
0383b
01823
092e5
0bdc5
073cb
04c0e
015ca
00fcd
09b03
0156c
0ce89
08d5c
08659
05b46
0b0c7
05de1
0df6f
0920a
0c0b8
08c21
07766
066b3
0ba47
01a70
0ccb7
0e6cb
02137
03697
09b38
0c909
0eaf6
0337a
0ef25
016b1
02f6e
0f5a3
0d441
0bc05
0fa2e
0f20b
01e49
0d8fd
02b5c
012a1
05b13
01a55
0d978
038b4
0f38f
0925d
04e45
07e4f
04374
0aba4
0432e
0867f
0e58f
022e8
0b61f
0df7f
066ef
01412
064e9
0ce8d
03814
051cb
080d7
02a1f
0ca51
09c0f
02ecb
03f5b
0e0e9
03fd5
006e1
00b32
0da7a
0aec9
0d381
00db9
0585e
0e025
0a775
035c4
06194
06b1e
098a1
0cec2
0603a
0c888
0a780
0ca4a
0a96d
02dff
09589
0e349
09a9a
0cc20
0e7e5
03217
0297e
0a93c
0a8be
06e41
01108
0f9db
083ec
0e946
06ce7
0cc62
02021
0f988
01c28
001f1
016bf
04588
0ecb4
0b9f3
0c007
0659c
0f24e
0c2e3
0ff29
09f11
029c5
0c7da
0f5a1
000a2
0db70
057cd
064e5
0b17c
039df
0741f
0c2f3
03298
0188a
0cc16
0555f
0c42c
0da6f
092a9
03eea
0e9ea
07eac
01ede
02a31
027ec
08412
0bf83
0b582
0967b
04bbc
02e73
0bdee
06af1
0eabb
0b144
02d8b
087d6
0e881
02c25
0c335
05a36
0bbba
0c1f6
06f32
0ec94
0f417
0d355
0e241
05d65
03d34
0d4d6
06eae
0013d
0eb7c
00ec9
02716
08587
0ff43
0d3b0
00216
0d1aa
0d0b2
0dc04
0db4a
07a0c
0d444
0d286
0c0fd
0a7f6
08afe
05b06
09e0a
07d43
0b1ef
03e39
009eb
077dd
076b3
0ecea
0efa9
0dac1
0a636
043b8
0fef6
0c605
02cb3
02a72
0436c
07afc
0074d
06ec4
082da
0fea9
0e49f
0b70b
0fd74
0597e
0df3d
00bb8
0649f
0642b
0072d
0ada8
08f77
0028b
0625c
09515
048d0
04a99
0d62f
048a7
06729
0896b
0e459
0a79e
0f681
01062
0346e
09f53
02812
00571
07673
0a42f
09c17
08071
07816
0450b
0a020
0cc49
06989
07301
07ad7
04eb5
04638
0faee
03075
0b241
05078
0aefc
0c9f0
0b62b
0bb0c
0731f
071a6
080cc
048a6
01c6f
04b14
066f6
0e591
0f8b8
012ca
06ad8
04dcb
02083
046ab
0c680
008e8
01f4e
0ebfd
00d8c
05962
05762
03e2d
070dc
0a524
09f89
07882
0eb43
0054c
082b9
09ec3
0a5ac
013dd
02950
0c660
07a25
00ab0
0380c
07161
0fd07
0cc94
06a38
0b683
04059
021d0
00f33
04384
0b046
0a28f
0d988
0cf4d
0d9eb
0a1eb
0d39b
08243
0b401
0493f
08941
0c512
02a0d
0db2e
0111f
04a66
07d3e
01b35
07a2d
08051
071b1
0f4fe
0f01e
0cb81
013fe
03257
01a6d
08b01
0f333
0f69b
0ae29
06c04
0def0
0d40f
0ed70
0a27e
0d404
066cb
06fc6
0720e
0faab
0eb89
0ece1
07bcf
09f0f
0479d
00e0c
07392
09de1
043c0
01e0f
04988
039f1
0d1bf
00d56
0227f
0c7aa
0a53a
01722
090cc
0fced
00e4b
01f08
063f6
0df95
09a16
026ea
057ba
0d9cc
0c007
09bc8
01b29
00a05
048c5
085e6
01dd4
064aa
04074
09ccd
0e93a
0842a
00596
0c1da
06ce7
036a9
0485e
09171
01417
0eb94
0229d
0cc01
01490
0328b
0c0d0
0a1fe
0d0cb
08afa
0010b
0d19d
07e30
09e60
002b9
0b5f7
0c9fa
031eb
0f893
0ae1a
05176
0aa7e
05a3a
0bf28
09e49
0d52a
0cb4a
0d18c
09355
07089
0388d
0d9ec
061a6
0d948
0e547
06dfe
02e2f
05a25
046c2
05af9
04104
0816f
0f060
0e6c3
09c93
01082
0d630
07a3a
025d1
05bd3
078ca
09034
0417d
06a2a
0009c
0198a
0d973
0273a
0e68f
044a4
06f62
0340d
01002
0e23a
09727
08755
0b7f8
07e1b
04cfb
0db42
07dac
0245c
09c04
0d924
05a47
02144
0fed9
07322
07500
0557a
0e844
0a782
0fb7c
0cb92
0350b
058c7
010c3
088cb
01fd3
0eb2c
08ebc
0f727
038d8
073be
04aea
0bd85
08b47
076b8
062cb
05e9f
031c1
0f0c4
07e7b
07f69
0b295
019c3
0cebb
0bf77
050b6
0a443
04edb
0c6d4
076fe
036ca
0b591
04d98
0e6d7
0ed58
0b2ae
0b110
0ce24
0d422
024f9
02bd4
04b02
0a4a4
0b14c
02a34
0bc2b
017f7
0f37d
087e2
0b95e
0a7c5
09568
0cb29
02caa
040fc
0f1ec
06da2
00600
0e907
0a46e
0d206
08e78
04326
0cd9a
08737
05b6c
033e0
0cc55
060d8
02293
05c07
05c2e
0e351
00283
0574e
08105
07d21
0db45
07aa9
0e92b
0af41
0be5d
0ab03
0640d
0253d
0ce83
03bcb
01953
07f96
007a4
008c3
0001a
0a697
04649
0eb06
0cadf
0d86c
02dcd
02dff
0dd06
00517
0af9f
014ef
02dd7
0894d
0b16f
0f5b3
0135a
0b800
0b843
09b2f
0d6ac
07f07
05a8c
0cbdc
0bb10
0c777
080ab
01da2
0ee26
08c34
0b053
0f248
0123a
0e47a
01f83
060ab
0add8
07ee3
002d9
02b2e
0df66
0b718
0fac0
0e2df
09ce8
07104
0b71f
04088
0e490
0490e
0b8af
083f1
06a5b
054a0
0c78e
0ee64
0c124
0b3e1
010e5
02fb9
06e9b
043d8
00bfb
06bcc
0a5d2
09bae
0867d
08b38
0a295
02910
0ff87
0e8dd
0c355
0c758
055b9
0a754
0f4f2
022c7
0a276
0cf97
0a735
04b18
03f02
0058e
09b0a
04f91
0387c
0227f
0db99
0c504
0e645
0b06f
05f8d
00229
0db8a
07b77
0ee27
08283
0200e
0340e
0fbd8
0f16a
07088
09a50
097c4
07572
02d60
06899
0ab60
04a5a
04a51
04e3e
07c12
0fa22
01955
073b8
0b223
08f3a
0a500
047db
0db8f
02f77
0a490
0eff0
0481b
097e4
0303d
00f18
03b41
05e43
072ff
0b30a
00026
0eb04
0377b
078e7
005cc
032b7
08638
0b62e
01a8f
00b68
03146
036de
0aa12
0f0af
0e37d
001a9
021d1
0df29
02c24
0eb6f
052a4
059cc
093ee
03162
06654
0aa12
009c3
044a5
0bbfe
02ae9
0f946
0c640
0dac5
05ce9
04253
010ee
0f38d
078d9
011d3
0aa02
00eec
039ab
07701
0aec1
01c9e
08465
0eb76
031d4
072a6
0d583
0c0f8
0888c
066b6
016f1
00f8e
064e5
07cb3
0358a
08cd1
01de9
060de
0fcdb
0fcc6
0092c
0c45e
07816
0f2ca
0c167
085da
0ad68
009b6
0004c
05fd9
01f91
0bf39
0a1a8
0ac45
01145
073cd
01fd1
0f4c0
0260c
057a1
086d6
0be7e
0dbb5
0939b
0c092
05dd4
001bd
0fbc3
033f0
08808
02fe8
0a051
0202b
07115
0dc02
036b4
03ff1
0b569
08086
0f497
0627a
03c92
03fd6
08b52
01d3c
0c310
09970
0a0d1
03a09
03484
0fd64
007c0
01fb0
028b6
01a21
0d33c
000d0
0c022
0f589
0a84b
0a0a1
04ddb
0a72f
02805
0e1db
0d65f
0b48c
0b445
0f66c
05855
0dae3
017a9
0f8a5
0b1ed
0765b
034bc
06cc6
0cb5a
08def
07974
04b46
08cf9
0f86d
0c8dc
0e46c
0be1e
094e5
06c33
0c398
0b300
0ca8d
0b0bd
0652f
0841f
0475f
08656
0588b
05968
00401
085c6
0771b
0a94d
018f0
0d96d
0a0f1
0008a
03825
09f28
015cd
09095
00c4c
0ac99
0e293
0e481
06728
0e3fe
0e1e0
0d1b8
00f71
0d8bb
0f872
02e37
043da
0c074
0c006
073d4
05c0f
0a610
0e156
0d2ab
05896
02ef9
0fe61
0918b
0a5d6
07a75
06eea
0c68b
02b7f
0ab9d
0359f
0e6d4
04945
06182
0e7bb
072db
0ed0a
0bf72
0d393
08b60
0e40d
0d962
0b1a7
053b9
0f94e
080de
000d7
0793f
05ed3
054b6
09742
0d3ff
069a7
00ba7
0609f
08718
06987
0abe3
02ce7
0b142
0d357
09563
0385d
0e99c
091bb
03dec
0bae5
0370b
05b9b
0a491
070b8
0f19a
0fe48
08433
0c388
00725
0a49a
0d375
0edfc
053dd
0fcdd
08aad
04420
0c115
024f6
0e447
0a05f
0f38a
0245d
0ebb0
097c6
04975
04fb6
052e4
06249
08db7
0a938
056c5
0d739
0a5ca
0b6eb
08ea4
035cb
02c92
09ca8
02136
077ca
08c23
04d2c
0cb7e
0a4e7
0fde3
0fb55
08578
01e48
08171
0e271
0f908
0937e
08b1b
00378
0b7ea
0c8d6
08fe9
0ef65
05993
041fe
0de0a
09605
0d0fa
08ac0
04703
0638f
072cf
03590
0c74f
088d0
02774
02c1d
0d64f
0bb06
0ac13
0c146
063c2
01bc6
08dbc
0d664
0d8e6
000b6
07469
05b66
0619a
07691
0a97c
0fa05
009be
07bc6
0357d
045f2
0b43a
0fcac
09b69
0b675
00197
03c54
06a0e
07b1d
06f11
0fbd9
04dfe
03aa9
0fdb6
0fd08
0c2e0
046bf
0784e
0fce3
03e2b
036de
02409
092f0
0ae56
02451
070f8
0d148
08c64
01ba3
0f20b
01086
0bdee
0d214
07f3b
09d65
07058
069e2
094dd
0bde8
09892
063ac
0586e
0f896
081b0
03d19
0cd27
0a3f2
08697
00600
04257
09a2a
02eef
00eec
0d799
066a7
009b9
00e58
03ee6
032f3
043ac
0b79e
03e69
031f5
0b062
0401e
00bfc
0fb0c
05fc3
09564
061d0
0c270
0c97e
0323f
09b42
04c07
0eaef
0714a
0b1a3
01423
0868d
00dc4
0c39e
0ef9e
0ccf9
0bd99
01754
03f37
0ef28
0b582
02bf3
047b7
087f4
0919d
06285
0fe94
0d2f4
089e6
0ac76
0730f
0fe57
01ce5
05ec6
005d1
0e4f3
08011
0b39d
0cb1b
0d763
051e7
027bd
0e46c
0a886
0bd73
0bf24
03f43
0a26d
0c04e
038cb
03319
0a9a0
01087
01c54
005a3
0758e
03790
00ea6
050e2
07c5c
08ec9
09e13
0d772
0a37b
050f6
0f3b7
0ab6e
0916b
0e136
0bf54
0b6df
0964f
0387f
07d0e
089c0
03cad
0f49d
0dabf
092ab
09746
0ee6b
03aa2
099c4
03199
055c4
0fed7
094cb
0a183
0a2a2
01917
03950
03648
0ef6d
0c16b
0c403
0a459
06d43
02c6a
0b19f
0a88a
014c3
0217c
0e302
03970
03461
05257
00d3e
0a2ea
09809
055c4
0df80
07698
0f872
03981
01e8e
00142
08f74
0d2c6
03f8f
0f6ec
0d82f
0bb74
04a1e
04126
02d69
02228
0dac8
0dbef
0e9dc
02893
08a69
0b713
01b29
07319
00ebe
0ba12
0e8f0
05136
09085
00c70
01d48
09844
09766
028f9
008b1
06945
00e98
0dcc2
0caf0
015a4
0e4eb
098b0
03010
0b4f9
00659
08bc3
032b7
03dc2
008cd
0134e
00fc6
078ba
08e8e
06606
08db3
0a70d
061ba
0a3e3
0e86a
0dcf5
0bd9b
0951c
00533
0b63b
052d0
0c3bd
081a5
0f921
0e324
04efe
0a7c6
03fca
0652b
01e37
0d9fd
0dab4
07a44
052ad
00f27
05144
0fb23
07834
06282
0a2d8
015b8
0f25a
040d5
0b442
0ff85
0ebd1
09e01
05629
0aa69
0c1ed
0b50d
0249a
06bce
075c8
03c6b
0b0be
04c43
0a3b2
07539
0d816
0b727
0b7c0
0930e
0ebf8
00007
0b95a
03859
016d7
092f0
06095
0301f
09c7e
07455
02b80
0ef0f
03458
0b10e
02786
085db
01387
0407f
015de
04717
0cf7a
0dab6
09a98
0d15f
0c465
0c5eb
02c8b
04c69
0c0b9
03541
06d71
04728
00abc
07511
010e5
0be6f
06b2c
0e48a
0fc6f
07600
0d53d
0ce38
0a737
034ef
00c0a
0e3fd
06ee1
06512
07f2d
0da16
0bb18
0f2ce
01c46
03ba0
083d6
0f7c0
0cd2e
02b88
0b83b
0bde9
0d39e
0ea5a
06e90
0cdf0
08649
01227
0505f
0ee16
019a8
0953c
0ca89
0efd1
09a68
02429
0e20f
0a361
0abb2
0e0de
04ff2
0e680
0a0e5
095fe
0253a
076a4
04aed
0d139
01835
0a23f
0131c
0d89a
08ec9
0bee7
0787c
0f6dc
030d5
00db0
06fe0
01e46
023b6
08828
04c07
0e9a1
08ded
05ff5
0d954
0e9fd
0e617
04e26
0c2d9
0b8b3
0a65c
0f22b
0011a
09172
065a8
05fd4
0b1dc
00e0d
03125
02a9f
0e2b5
004a3
09237
062f8
08af1
00196
017c2
0b872
0d77f
0a4d2
0303a
03645
094fa
0399a
0231f
07826
01bc8
02a03
012c7
040d6
09354
0c2ac
0ed4e
0e623
0cc02
0df14
01c29
0bbbb
00a95
05860
07669
0b6a4
0d84a
03ff1
0c815
00557
0e826
07953
04c99
040ef
0d9d6
09665
0ae55
00ff9
0163e
0346a
0ca87
07b8b
010d7
09f37
074cd
0aa11
00542
0b4e1
0b327
0251d
0e825
01fa0
0519a
0c2c0
05d6e
06782
016af
063b5
001da
05f0d
0dd24
0c491
0a25d
007f9
04c0d
06dfe
05c31
095bf
05abc
038b5
0adb1
09656
00303
0b076
09c8b
07d0d
04ee1
0b4a1
009ee
05805
04020
0252b
03131
0f4e2
07e37
0be5b
07242
03f55
0bd0a
0b25d
06c11
0440a
04fdd
002e5
0c104
09565
0e849
0eaa0
01dd0
0891d
02e84
0f402
072fc
00c26
00389
0f5fe
0f01d
04cf8
0dab7
00ab5
06756
01cae
00ae6
0efc5
0d753
05b3f
076f0
0349b
0ef98
0581d
0e2a3
03a5c
03169
0c379
05b7f
080d4
01b2c
00e0b
08b15
07c87
01505
0e68b
0711d
022bc
0fa78
08f81
096b9
0bed5
0bf73
08a89
02f49
0bff9
087b2
09194
0af01
02d33
069b8
07ab8
0efe9
0908e
03fea
0fd98
0ed46
0e9dc
03f96
03174
0d280
09b00
03788
06152
061d1
0ba73
0c7f8
01656
05697
0aaca
0939d
098a3
0850e
0a86d
0f37b
0ef9d
0b769
07a1e
0514c
0e760
0b2a1
01a1f
0e632
0c6d3
0a99a
01239
07e09
05dcb
02c91
000b3
063cb
0ef2f
0a237
0fed1
0430e
0afd7
0abda
07fa2
0e73f
081df
0b669
055cf
0b42f
054fb
0d028
04ce6
053e8
08060
03272
0d053
09521
03ed5
02c84
0cb42
08d98
00d60
0bf68
0ff0a
0ae72
0f614
094f6
0f4dc
0a8af
065af
05f52
01e97
0ec50
017f1
089fa
031cb
05f0f
0e522
09ce8
0f2a4
05dcc
02f40
0111a
0a9da
0ffeb
06747
0726a
09dc0
0d853
0b921
0c816
0f26d
00450
0b543
05ca4
0d682
08bfe
04c2d
089e8
07cc1
0ee1d
05867
07009
0746c
02f56
0015f
06160
0cf82
058ad
0b55c
0eaea
07253
0c82c
08972
03f92
08647
0ecdb
03ce9
0dd4d
0055d
0ce47
05948
0f918
01dde
0a97b
0740f
097c5
0180c
02624
0b4ac
088bd
02da6
0bb27
01bea
00ecc
0c543
0bcdd
0d373
03150
00646
0f14c
073b6
0c4ac
07c77
01bf6
0d94b
087a7
037a8
02f25
0aec7
0e32b
0b52a
0e93e
0419c
00cae
09bb2
0e3ac
00754
02221
038bc
07871
07b80
0c198
069e6
042a1
05f41
05870
0eafc
01139
0c071
0f7ac
0f967
0ee40
07285
0504e
05a01
00c91
03d53
08a61
0d7c1
09312
04b87
01968
0560f
020d8
0e19c
0886b
00d52
09a85
0bb21
0d307
00ca1
062c1
01cbc
07b55
0268c
091f7
0a2a2
01ade
09c66
0265e
03521
056cc
0d381
04b3c
020e7
05a4a
06481
08bfc
06ff1
0138c
0b92a
080e9
0d806
01b79
0b3d0
0ee7b
0eb88
00710
064ab
06ac1
0df59
0bc35
0cbc5
07600
09cbf
0e019
01c28
0f639
031e0
0e8d9
09285
0428a
0dcc2
010f1
0c659
06a34
0b8a7
0f091
0947f
0ce15
0378c
03d31
0e8fb
01c66
0948b
066a8
0124d
08feb
09229
0ef33
0763c
02788
0ef06
0e467
0f2d4
0ec8c
02e10
04e67
0a0ac
054f3
03a37
05267
095be
04c44
0a27a
0a656
04d71
057cd
023e0
07bc8
0a239
02f2f
0e1e4
032c9
03024
02b1f
01348
0c4df
04064
03221
0190d
0b31a
07f5b
0bfdb
0c1ed
06491
02ef1
01009
08fb0
01d24
0ea49
01a77
01a0e
09a4e
0abf8
0546d
06708
0cfed
048b1
0fb62
00947
09dd9
0fd44
0a674
00f9c
0703a
09a24
09cec
09503
02f0f
00c9c
068de
02ded
01b9b
0e2b7
071f4
0336a
0a1a9
0d7a0
086a6
02335
0e800
064ab
004e9
080a6
02eda
0dd34
0d8ad
0a034
0ba58
0f2fb
06325
09a29
0ef6f
003c5
0113f
04a42
0ea85
07917
087a1
00103
05676
0b06f
051ea
053d3
03031
03572
09e24
0376d
07309
01f67
0dbfa
0b146
090e1
082f2
07f7c
0f118
0a643
026a9
0f910
0897a
05f7c
04080
03e0a
06c3e
08861
0787e
06a22
0e9a5
0d4e0
051a8
046c0
00014
06ace
05bc4
0ee6a
00751
05def
0797b
03c01
0bd23
02a79
08ff7
06584
05fa2
07ac9
0b747
0b940
07780
0d9c5
0f5a0
028cb
0473f
001e0
0f468
0c28e
0d22c
03b21
0df9a
0c4ca
012c5
081fb
02a50
06289
0dbb9
05bb1
03623
0362e
0c3d9
0fb6c
068d3
0b3f2
08d2d
042a1
0c013
0145e
023bb
05121
0edb1
035a1
04780
0f235
0a95e
0dba0
002ec
0a1a8
01485
08710
08e65
07ee6
000e0
0e2ff
0581c
0cc19
0c8f8
05149
0988d
0b020
062a6
0116f
04ee7
0c24a
07b2a
0a740
08142
072db
0d404
03c66
045dd
04f7d
00d3a
0a02c
093af
0e343
0f504
0c658
0f5cc
0a529
0e432
07c68
0a517
075ff
06a54
01fb0
0bc23
02a9f
0d0f9
03eff
0afa4
06227
04348
0bfe2
0d696
0bebd
0a69a
032ea
0d9ba
04288
0f182
025a5
07e88
084ea
0512b
03c27
022e4
05298
095cd
0e0a8
080de
04d40
02e33
022a2
0ed9f
0d3c1
0a854
09fa0
0284e
0a789
0213b
0a6e5
0195f
0774a
03deb
0c872
02a73
07f04
052f5
0541d
0564d
0773b
0a119
0182f
04a8d
02373
0a77f
0729d
09dd1
0b0c7
015e8
00262
007bd
00469
0aabd
0d483
0c1fa
06b79
0a245
04005
0e7c3
06e89
04200
0fa60
0bf94
0f6d5
0c630
0621f
0b38f
03992
056fd
01cdf
0ec16
084d8
0f586
0ea1a
0d3fb
0bfb7
0dbaf
0e68b
05fb5
0075b
0aaef
0c020
0f431
04db0
0cc32
0063a
06ac4
0c94b
0a9b2
0b786
04ca6
050b7
0a3e9
0eafd
03c61
062c5
095bc
0e2bc
0f0d7
05fc5
059cb
0a3c0
0d7d5
074cb
01125
00036
0e143
0b84e
0c6e6
01ece
04c6c
09f42
07076
03c5e
0ba0d
0a8a9
0d28a
0d770
02000
0551c
0608d
0f2b1
008f3
0d9e6
05e18
02356
02246
091ed
0d00a
0c755
0a0f9
00d63
0c81f
0e08f
0575a
0f0f3
0b9f1
06a80
07f1b
01f20
0cdd2
0c90b
0c586
0601f
06a59
0b6c1
0ce67
024f1
06bd1
06dfd
09f92
098ae
05d0e
00e2b
09818
0fd0a
081f9
098eb
0d62e
040fc
0349a
0458f
02d65
0ed44
02d0d
0ede4
0f845
015a4
07250
0cb4a
0b5ef
0bde4
02541
0cdf1
0746b
09bfe
06087
03d49
0cbf1
01003
02954
018a9
04b2d
02bb7
01628
01cef
04c54
032e5
032fa
0b541
0f288
05861
0fd6b
0818b
0fec8
023da
0af47
0cbb2
09926
01940
067e0
0a125
0df4f
0565a
04269
06e54
06fd0
09a92
047a5
09a8c
0e3ca
00f40
0f94b
08b22
0dd3c
03de3
0e7af
00f5f
02a9d
00de9
01272
0b550
0608c
0beda
0eba1
08a11
0ea3a
0cb8f
00c06
0b193
0666f
041be
05630
04b6b
0f8ea
09a80
0f1c6
08ae7
00d06
064a1
006fe
024ea
070cd
04ca6
03d69
04731
02086
0901c
03cb7
000ff
014cc
0539c
08988
052b9
0821f
06aaf
06755
04085
01a92
01825
07c75
0fa9c
04906
02209
03305
0086a
08fba
0beeb
09172
04763
06bec
049a2
0d8cb
025a6
0a736
02d5a
0e044
02266
01f76
0d499
06c2d
074b4
0da0d
02ccc
0f99a
02482
098b0
040bd
09565
08362
073ae
054c9
09efe
04e2a
071d8
05cad
0d60c
0cf4c
0729f
0433b
090e6
06279
0fd71
026a4
0b203
0dcbe
07cd2
0a04d
04045
0ece2
0cddf
062a8
0ab77
006b2
032d8
0dad4
0b471
0f370
09c36
0f5d5
06db7
0d265
030d8
04963
021d4
04fc4
09eb0
09e3f
0ff68
0d20e
0ac36
08593
00c28
060a2
02504
0673f
00a0f
0f9d5
04b40
00821
01208
079b9
0f87a
0c929
0fda5
02e6e
0fd1c
081be
07dd7
06c9a
0c2ad
0dbae
02f2c
0b361
08df1
07387
099cb
0c777
0b6b3
0b724
0d5cf
0bc0a
01c99
0b283
046bc
0d536
0c1a0
0ea6f
07c64
0f81e
0e54f
06d98
0a851
0fa62
0dc81
0c3ec
0ad13
0bcf5
08062
0619b
0d43f
08365
0f21b
09af2
0f1da
0af61
097bf
06fe3
051c3
08c62
00d3b
080ad
04f76
0ee03
013bb
03b59
05dd4
0f6d5
0ce2b
0a469
06481
0451f
0cfd9
029df
0a68d
0cab6
06e2c
01457
0a642
0101d
0fd25
00631
0f289
05bf1
05926
0168e
0d773
0277f
09ae5
0e0ab
046a3
004d6
0e1be
0fef3
0d84e
0eb56
0cad6
0c3c1
0eac1
0d12d
0709f
02e92
07492
0a65b
07643
0f568
02de8
0a515
0f24e
00bc5
02437
0a6d4
0d199
039ec
074eb
0222a
099d3
06350
03967
02883
0c57a
05033
0bafa
04482
01e61
05bef
03803
04c36
0695d
06185
06aa2
07915
002fa
0fd72
0c657
0a7fe
07f00
0c612
0d408
0720b
0991b
02731
06fe5
00f92
0bd60
05384
00b5d
0f1ad
0379b
00245
03277
0ab98
0d371
024a3
00f89
0b012
06555
0f252
0bf6b
0cc6a
08920
08949
0965e
04e75
0fdb7
04082
09749
0649e
0c95f
0607a
051c7
08c8c
05dcf
0e0e2
0bbe2
0464b
0388a
09b64
0a471
00e31
04990
052d5
099f7
05f2a
020a2
0a01e
0e076
0e6e7
085fa
097c2
08ab7
010a3
06ba3
0f1cb
09a3a
0bd09
08379
0fdae
0e72f
06c25
0ee27
05456
0afa1
0b797
0e321
0ccdd
0ed4d
0d133
0f3b8
0ac45
03a64
0db22
06fed
0d971
01c62
0d5af
09bdd
07358
02bef
0f296
06b86
066ce
0d989
0a6f2
0e42a
08caa
04572
0ca1f
049f4
0d020
0544a
0eacf
0f0de
00308
0a73e
0f5f9
04997
0bfc4
0d815
0b531
0e04b
07620
020d6
0f62e
0dded
0ab8c
091ac
019e5
05c49
09a8a
0c211
09ef4
083d2
0a09a
0f897
004eb
0104d
00c23
04014
0c0a9
0b6a3
023c9
08de9
02cef
0a410
06288
03bc4
066b3
0751d
04586
04e6c
0812f
09d62
01480
0009d
02dbb
071e9
03932
0c29c
02f68
05ea9
0d0dc
0a1c5
0df43
0279c
0db9e
0cdac
008be
08159
0139e
07352
0f2ea
0bcc6
04b92
09054
002a6
00f4e
01362
08f9a
04cbc
093c8
03668
0b869
00d29
076d5
03f67
02cd4
0c37f
0f850
0e3b8
01acb
0b7ca
03ab1
03529
06ad0
0b4fb
0f9cc
0d157
0d2d4
0ef9a
08ef0
01bbe
0c920
00085
0c3ba
0ade0
061be
0d33f
0aba8
068f7
0d3b6
0e576
0d2a9
057a5
0131f
06577
0dd39
0c43e
04a4d
01850
0f403
0e392
0118c
04218
0ff45
027d9
0f0e2
06c16
090b0
075e8
03c4e
0ad86
03690
0ff51
02429
04648
036c8
0c697
0eb66
069ca
0b909
0ed1e
0b18a
0704b
0c0ce
040c0
09667
0c53e
06e73
0a59c
03a21
0ea7b
081c9
0bf86
01d61
059ca
01204
04f08
0aee7
09252
0f93e
0bbff
0d548
0b170
05edc
0c798
07d5e
0e82f
0eca4
0c9e7
0b632
0cc3c
0921f
0cfe9
03c60
0c785
0d7eb
0d9db
0b019
0df5b
0ef47
00acc
0569c
010ee
0eafe
0d41f
025b9
06a33
08084
086c9
0b2b1
0c9af
08d17
0caab
03557
0fa18
045e1
00a67
03054
0ad76
0e9ce
03be4
06f89
017b1
011ea
0f63f
0ee84
07926
09b1e
00520
0e336
01a74
0d094
0a657
0dd8d
03289
060af
01495
0961f
0e99f
07c9c
0b71c
08d50
0ef9d
0332b
040eb
05d8f
01e04
0d6bd
0e34c
02deb
0a87a
0682c
018cc
01cf5
05285
013e0
03345
0280d
083bc
085ba
0d710
0808c
09e3e
05f06
0943a
0e279
08d9b
0ea3f
0145b
04ed1
078ce
05643
0a1f2
0a174
0d5c6
0e80e
0452b
09185
008fd
05bf4
0a358
0fe44
08a53
0a956
05f96
046bf
09ed6
0864f
0c39a
0dc7f
0f5f8
005e9
02434
075aa
08821
0dca0
010d2
02f69
0b541
02a67
0cc6b
08fce
003ce
0db01
093fc
0a92a
0426c
0a52f
01d57
00165
0bf3f
0b926
07f9b
076ae
0430a
023b6
0cf3e
02c1a
0e5b7
0887b
0426d
0e2cf
0117f
0e16b
069d8
05387
023af
02aab
05f29
0dc7b
0962e
097cd
02a16
0ff13
09054
06422
04d2d
0814d
0e1d6
0fead
08f37
0c7cf
05432
0d9c5
0f8a4
0fea6
023b4
04137
0cd91
07c4a
07ce5
0ceee
0b888
02aa2
0ffa4
0879d
0b7eb
064ce
0c000
0ede0
00571
01663
045ca
095c5
0905e
02810
0ba04
0c07b
0e3c1
03c02
0d228
07cd2
0d24d
0ab27
0830e
046de
07b0a
01285
07776
04097
0604e
0d160
02f20
01fa5
0d874
0f462
0f069
048a8
0519a
0db6b
04aec
04b95
0268f
02578
0389d
08d4d
014c4
07483
0a3b6
04af6
004d0
02774
00c5a
080ab
09ecf
0e9e0
05d0c
07c23
00328
0fb88
0ca03
02a22
0aa18
0167a
06848
00c84
06f8d
026ce
0bbe6
0dc97
0422c
0d29e
0675c
0cf72
00e94
01a55
05c6c
01f33
09903
0deb4
05c1f
00751
07051
0b2d9
05287
0d434
04c7e
06d94
09ddc
0d345
0039f
099a1
0b2a9
08fdd
015a9
0a452
00190
0ac9b
05d70
0f2b1
0f8a2
021d5
093a8
0677b
02206
08a37
00337
00a07
084f9
08746
05ecf
052f6
04012
05682
00720
07599
019b1
0c080
05985
0d9c2
0f1a0
0e19c
0dee1
0fe59
0ebc9
04021
0edeb
022f5
0a731
0f0ad
02a71
0944b
08e02
0e97a
0656d
0f3a0
0d398
01357
0fc86
0303c
0f4e7
0bb95
08e0f
0fb50
06d94
0c71d
09fcf
0bc87
01ab3
05cb6
0fd68
09dbd
0e271
0a363
0021c
093cd
02fd9
0d4ca
0c2b9
0ca96
0a96a
044e3
0949e
070f3
0e9d9
0e605
06076
0bd1e
06464
03896
03858
0ecb3
00b09
08407
09fde
0989f
08360
022e9
0355e
038d6
06cc8
068c5
0db87
06982
01066
0015e
04f65
0c051
03c82
0248b
05b3a
09339
04980
0ae09
00c91
09989
0735d
06182
08d5c
0cac5
0741f
0791b
02855
0c09e
01479
01f64
0b11e
061bf
02f8c
0e090
08c11
0c80f
05525
088a1
0a200
02a89
051e8
05533
01504
0a367
01bfd
0284f
03c95
003d6
01533
0a701
06054
0c293
02203
0696e
06e9c
0d240
0aaa4
0a393
04507
05872
08f08
06be3
0a4a0
05d88
0ab55
07dfa
03322
0a791
06fc3
05c8c
06795
07e01
02106
06559
0cb09
09a4e
0b257
09794
06eba
04563
0aa45
041a1
08172
0d34e
02502
0c11b
0a323
0bbfe
0ea6e
0bac8
09027
0adf6
0ef09
0d904
02d1d
0c8d7
0a296
0ec97
0e988
02942
0b50a
0c0be
002c0
01030
0a791
02aca
0371c
040b2
0e757
002b6
0c832
055ef
0adb3
0b91b
06512
0b809
0607d
0dcd8
071e1
045af
01b51
0bb0d
02d48
07938
03bb5
0d73b
0c9df
0a635
02b2c
00897
09f9d
0fbd9
0c127
0e764
0bb1d
04f19
0db2d
00ee2
00b46
05467
034aa
0f1dc
00513
07fac
07168
04195
0d7cb
0f7f7
0b7b3
0e84f
0664a
0dfa0
0bbc9
096b0
02ee2
008c0
0f470
0086b
01577
0ead1
0f310
045bb
0e678
06a1a
0a8bf
02e9a
044ac
074e6
020e2
05be3
09068
0fbf8
0d6ca
0eb76
0a2d0
0cc80
07927
07038
06e39
0d5b3
02b90
0b213
09ff8
009b3
09a3a
04dbc
0a762
069ca
05780
01f1c
05406
080bc
064d9
0e2a9
08739
045ed
076b0
0ead2
032db
0106b
05902
0978c
0afc0
00e76
06452
02b15
04eb8
0388f
03309
0d513
095d2
06fb7
062da
0d102
075af
098aa
01a94
0aa74
0bf75
0f37e
072e0
0d522
0bc53
04230
0d782
0c434
0fd3a
0dcd4
0d007
0234d
07cd1
0ecdd
0d61a
075eb
01198
0c588
0ee18
0045c
08236
07215
01393
01324
08ca0
068c1
0d3ce
0422f
0c8c3
0fefc
067bb
04383
03493
0ebbe
02aaa
0cee4
095b6
08ab7
03ea3
0ae86
0de90
0d60e
062f1
0c81f
0a67f
0b9fc
02888
0512b
07a16
03aca
00478
0cdee
0976c
00504
073af
0eedd
0f647
0b64d
0dc7c
07926
0ccbb
0684a
09283
06d6e
07050
06390
09ad5
02368
0d4f5
010a8
03ea6
020db
0100d
0ede7
05984
009f3
07b4a
07ef8
086b9
0c949
0390c
0e1de
02d93
0ff01
0158a
0d6b2
094ca
09cbd
05422
0454e
0bfa0
0633d
0f413
0902e
008b9
0be74
0ec24
06fcd
08919
095e7
07736
0f068
0c85f
090e0
09849
0f929
048d6
0bc9f
0a414
023cd
0fa30
0a0cf
03eb2
0fa70
07e9d
0a27c
0f9e3
0b04f
0c2ba
03c48
0d458
07494
07ddd
0df86
0cd17
07afd
0e26e
03e3f
0306b
0abdb
097cf
055d4
048d1
0e2fc
06aec
0fbfe
0c771
02a6e
09971
02496
00b9e
04624
0beac
04bcf
04bca
0b3db
03c7d
05b15
0ede1
0ef6c
0a0c5
0cd48
04cf5
078b2
034e1
0f20d
08e46
01032
0fb8a
08ffa
0ca95
0ef34
0bff4
0cef0
02dc7
04576
02813
03a5d
0885f
07f91
0f827
00942
009d3
07a0d
05987
09422
026ec
03e81
0ced4
05afa
0e3be
0add7
037a7
0372a
0c6bc
07b7e
0ed2b
09bee
0521e
08df9
0860c
021c6
0aeec
03687
07248
072e1
082d7
0cde8
0027b
0fb62
0a1c3
0ccfa
0b966
045ea
0c64f
06c28
070b9
0fd2d
0923c
06701
05735
0233a
029c4
056d0
03aa6
0193b
025f5
0fdc2
0b618
0f4d0
099a2
00a81
0bf6a
029d6
0abcc
019d2
006a6
0f067
0745c
0feec
0b51c
01b2b
04d5f
0e6e5
085ad
09ee1
09fc6
09443
0cc54
05439
0b2a2
00fab
07c60
05b11
06a47
0dd86
007c5
09e44
03704
015e4
0abb3
0cfc1
05b8e
0da91
0c3c3
0d867
06fef
0c23b
065b9
075fa
02431
082b9
0f7f9
0230c
09e4a
04842
09dba
08a0e
055b2
0d3b1
04e82
09d97
033fc
04585
09085
037d7
0d0d6
04fda
02136
064bf
00eb2
01080
0dd12
0c3a8
04f39
02fc5
04616
051f9
04498
085cc
05b93
0b0f1
0ccc0
06378
0347c
0917c
033f2
0ab51
08679
093fe
090cd
0e462
037ca
0f894
0d8a8
098bd
0a1f5
0b84a
0f98f
05514
04e36
0d99c
040f8
0ad93
07f17
03077
09ede
04364
09e0f
099fa
00193
03bb6
0e0f8
034af
0fdd9
07990
09eb1
0817b
05c86
092f2
0dd6a
0f118
03045
0a4bf
01f37
0e0e8
086ab
01349
0413b
01daa
0017c
024aa
02596
002a9
0df88
06708
00009
0669d
0c771
03ad1
026d3
0c959
09ab5
0b290
0edb8
09337
03abb
07fa0
0c6f5
046d6
0d05d
02a96
0c984
0b5f4
02c80
06b29
07df1
092b0
04b49
0ccaf
03280
0ee64
0fb8e
03728
07e45
0d7cf
080be
07a52
0945a
04261
0c8dd
08ebe
0f214
0da32
0fd93
0f5b3
0e895
0e04e
02600
0d20e
0a1a2
099dd
08b37
0732a
00aa8
03e4e
0b595
09c3d
06fdc
067b2
09040
0f517
0b78c
0528b
09b73
09365
0911b
0f773
02bc7
03f0d
02d7d
0b7ac
0a5cf
0f884
0cfcb
00954
0005d
0d4be
0d947
04e88
0d765
0ab1a
08ed0
0a75b
0454d
088bf
03817
05d9f
0a5e1
0ccf7
0e57d
0802b
052ad
0ab39
0318d
011e4
05f38
07b56
03589
0abb8
05982
0d321
08d6d
0eb93
0caf8
04feb
0ad43
0b469
09e02
0ebc4
0731c
0b7eb
0079f
0df5d
0872f
03381
0aecd
0db56
00295
00f19
0dd7c
02c40
04ef7
0eca1
0fbd3
0c31a
0709f
03671
0ade7
08201
0701a
0f0d2
017d9
0dee2
0521a
02c3d
04bba
0163f
0f9bc
0c111
0a75f
0baed
0055e
02b40
0e985
012b0
00b91
077ad
01de4
0b22f
0e564
07b5f
00f6a
03c30
08c22
0775f
09418
0fe9c
03164
07699
0b7cd
09568
0c479
0e1ee
08df4
0263e
017bb
0f186
0e379
08f21
05a0f
0cba3
0d194
09bea
06fa8
0efe9
086cc
0edd0
0eb52
044c9
0e2aa
0fc8d
01c88
06333
001b6
0e326
0cfce
07fa5
0e5f1
08298
0d165
0bffc
099c6
090f7
06594
0ee98
0633b
0f2ea
0e3c2
0bd3d
06861
02607
094b7
05532
0ee30
0679f
0e851
0017c
06f0a
093e7
0f13e
0cd8e
0a65e
0a8d8
0f550
07624
0b4b3
0ffd6
07433
0b40d
06a94
000f5
017c6
0a1bd
0129c
0401e
095da
0a017
04a37
0bcb3
0fd24
00924
0a0da
0af90
0e018
02e03
02b9e
02ed9
0d244
04fab
0ce64
0f66c
0293f
03327
08288
0b8c0
0a6b7
07c95
086c8
03e45
0b7fa
0d6e4
063ad
090ea
09801
05f5c
04f8f
02e15
0d00c
0d6e2
0cdb5
0a934
07d39
0569a
08a20
084c2
0b2d2
0d105
04135
0592b
0f25f
0a7ba
03fb2
0e573
0556c
083ed
03515
0f06d
05c5d
0f733
0e184
01a94
0e8c6
032b8
067d0
0f8ae
09b4b
0ba2c
08d86
0add3
0a018
02710
05ff6
0a3e4
08ad8
0dd94
0479f
07c1e
0466a
04b01
03216
02939
01cf7
0ae8e
0ee17
0cccf
02001
0408a
064ca
0263c
00133
02a63
0467b
0a6d5
04afa
0e815
09426
0d511
02de5
037eb
0f92d
00bde
066f8
04f4b
03cdf
0a74e
0b923
0a87c
0fec6
0cc19
088c7
05699
06098
07afd
0ac82
0b16b
0c425
07edd
0f887
01c9b
07159
03a8f
02b7e
01231
0d6d6
0643a
0ff81
0192c
0e26a
00f77
0375b
0877d
01a84
046d3
0fdf3
02727
0a2e3
06146
00f9f
03d8b
042a9
0f7bb
06ccd
00fd7
09f9b
03367
03592
0fc9d
09903
01b2d
07004
029aa
0e0c3
095d6
0a36a
03b90
072b0
03ef6
02d09
01092
0798f
0ab46
07c9c
018f7
0a28c
09f0b
0561b
088f3
07199
0422b
009ab
0ec2d
0e3f0
0fe52
0929f
038ea
0b3e6
073e6
0d82f
04940
08e52
0488e
080c0
061dd
04b00
0b4e6
02db3
0b5e8
0959b
01d59
0fa4a
007ee
06706
02814
0de4e
03927
01a6b
0ca3a
0a89e
03c09
09871
0e77e
023ba
03b0e
052a2
07ac4
07feb
052fb
0bb8d
0ce70
0373b
0649b
05da4
0d680
01fb2
011c3
02220
07e25
01ca9
07f23
0440f
0a4ab
0a138
00549
03255
0d3e8
087c0
0ec0d
0fda9
06447
0cca7
0b8d9
05e6f
0335e
03ee9
0ad8e
0a2bc
0fcc4
0ceeb
09c66
09b10
0466c
00428
0e2d7
0e002
09733
0eeca
038dc
0fb35
0ec9c
03051
06cb0
08922
0363c
07476
0da4d
078a3
0d64e
09354
0e202
09d4f
0d7e6
0cd10
056a3
06dd4
0bc4d
09095
03e66
0210c
04c15
06ff1
0b9e3
00825
0f8c6
08cf9
0a902
023d4
02940
06ce2
0e1ec
0cd55
073b0
07103
0f03a
07fd3
00591
06f41
02485
0cb47
0a05c
01a0f
011f2
03efe
0773d
03475
00624
0aff7
01cdc
04dca
0b4a8
02616
06891
099f5
0e79a
00736
07750
0ec8e
088a7
044f2
03f67
0f29b
0faaf
046ca
0b884
03b22
09af4
0a4e4
07c2b
0fad9
0c12f
0189f
04f5e
06154
0df97
0cd5e
0c125
07088
0f554
0930d
0b5c4
0fd1f
081a7
041d8
01519
0ce47
0cd66
0c947
071bb
081a5
0ec90
07d03
0e69a
08e06
01715
02110
0c825
05df5
0ad90
014ca
03566
06d50
0b7a1
07fbe
0d172
0ef54
0d560
0de19
05c52
0b6c1
00b14
0fe32
091d5
064e0
0134b
0cb04
06653
0927a
0224e
0282a
08d0e
02928
0ae36
0b670
032fb
01899
07f30
0e474
08691
08810
03882
07814
09510
02d81
04995
0eef4
06f84
07b6e
03aa6
055ee
00829
0be93
0a6ae
0576d
06c0c
0e1de
0f8eb
0b17c
019fd
0b26b
07b80
03838
0d741
0798d
0941a
026f5
0daf2
05def
0bd82
07c2b
0640e
09620
093f7
08cba
06acf
074ae
04a86
00328
0f222
0bbc7
0951f
0ce82
0ed04
035ad
0a535
0cb9b
09e4e
04673
0d631
0ed29
03e68
0dece
0c14e
045bf
06679
00573
0b8f2
059b9
0e613
07f31
0449b
04787
07145
0a295
0900e
04d0b
00f06
0d19a
0717f
065a9
0740c
01070
0f4ee
0fec8
06b5e
08aee
0c1f0
08e76
01f79
0ad3e
033be
0bd52
058c0
0c052
01d22
0a018
0395d
08146
01e80
030f6
0e417
06d57
0494f
0aef9
04575
00816
03af7
0218f
0598b
014d6
03988
0a20b
04700
0a4b1
0c85b
05954
09d33
05225
0826f
0a63f
02ccf
0884e
070b9
0a390
0a2f4
0cc0e
01ddd
0487a
0fa23
0fb48
0fdf0
0a35c
0e1f6
00b5c
0582d
00857
0e1e1
02023
0453d
0f7a6
0fccf
08b12
062ef
001da
0323e
07475
0e51f
0d5c9
0ee83
06e8f
06979
0e23f
0f144
08469
03430
04ac9
07bb6
0df0c
069a1
01afd
02429
07ba0
0b3f7
019ba
08d95
0944c
0f99a
00bbc
0f15f
09c9f
0b098
05ae0
07050
02b48
0b4a7
00f85
08451
03064
023f4
0a8ab
0fd8c
0c06b
058e1
06e09
051b8
0cfe1
08366
0c9c0
0ef15
0400f
07837
0cd6d
02e75
04928
023a6
08f44
02cce
037b3
08234
0f99d
03c85
08f07
00b38
0e3bc
06327
01e9b
02cb3
08275
09f27
0b1e3
0a752
0dfb9
0c1dd
08af4
07df6
077c5
0a3ed
0d86f
0d6c2
0e97f
06874
07794
04377
05f62
0f6d2
0b3cc
07db5
08c52
0ea33
06353
0ad8e
042b5
027b2
0018f
0ba94
044df
051c6
0fdd3
0ca59
0c3c6
09685
06b30
08e2a
068fe
092f6
013f8
00d18
06bcd
0d829
04f24
07a4e
0f678
0de8e
0162a
0f092
0aaf8
03ed5
050e6
024a0
07ea2
05fb5
039f2
0c478
0e6a1
0e2ad
082a3
0ff5d
0f51c
02dd0
06cc0
089da
0f06b
0117b
03e84
04381
070dc
0ce0b
00d31
097c1
0e9bb
04fc0
047d6
0b517
03542
0b128
0002f
07212
06aad
0b3f5
0d500
0cd10
0a3df
0aaec
07819
00a83
06622
0029f
0f73d
03e74
0fe40
06012
01ceb
0d5f1
0087e
0a10e
024b1
041cf
0be76
06260
027bc
0e10f
0c9df
0562f
0d7b0
0210d
03dbf
0ca96
01195
0da8d
0d072
0e6dc
04469
09c94
038fe
01b99
054e3
05ac9
02453
08484
07872
0ebae
0a8ca
0e7f4
0dddb
05049
0f294
0aa7a
0d3e5
06f80
041b7
09873
0db7f
01e1c
0c034
019ce
0b465
07911
09848
04e0b
0ef90
06eaa
0632e
03da1
03b85
07cab
0707e
054fc
0236d
02e3e
07336
09a32
01381
000ce
065a3
07311
07431
0bf92
0b322
021de
00de1
036ac
08923
07ce3
0216f
0e47d
069a9
0fef9
0493a
019a9
035ed
00202
096fd
047a1
0e1ea
03c4e
0db56
0d913
0c915
0d143
0c8a8
0f0e5
03228
085b8
0b4c4
0ebb3
02c55
0eee1
04aeb
0769f
0a8cc
0a5de
05578
0922d
055b1
0bc55
01f9f
066f8
00dca
06a2f
0075f
0b5a8
06969
05ecb
0c444
00147
08cf7
00f32
0a647
024ad
0551d
00799
0c9d6
09a6c
08191
04566
0644c
08264
07ada
07dde
0ac97
012ba
0fc77
0f1dd
092b1
02048
03895
081e1
07546
05049
0009a
0fb68
050c0
0118a
0d2ff
0737e
0b6aa
04004
05efb
0e714
0b276
0155a
045b3
05c3e
0774a
08c9e
012df
03c34
0fc85
00165
0f6c4
0602b
0de5f
0ff87
01d06
07811
05270
05def
08562
0064e
0a6a6
0b364
071a8
04b10
037d3
09b02
02db2
0ee9e
05d0e
083db
0a518
0f175
093db
0eeb3
03253
0ac48
0367b
0911e
09672
02966
0ceb5
04b23
07136
07dc9
0f433
00288
062da
0a910
00913
04f60
09d78
06e66
0e111
08c36
000bf
0094e
0f96b
04f1c
04a78
08335
0b05c
0e521
0edfd
0a26b
0b703
08c20
0afa5
0cfd0
04ede
0d9e7
03028
0abe4
0befe
04f74
0cdd9
0034b
06707
01e7d
0b731
00fd9
08ad2
05405
0521c
0d7b8
08b73
0d61c
08216
04276
0fdec
043ce
018f4
0c55a
0b25c
0f416
09a44
0ee2b
01d04
0b041
06ecc
0926e
0b1c0
00600
0c821
030f8
00059
0c1be
07a5e
00e0e
0023d
0d3b7
0d3d8
08ea1
029dd
0d7d0
03cf1
0b926
05cd0
0360a
06af2
08fda
093bf
01bcc
0be95
00cfd
05f34
02976
0181c
0334c
0c224
0b117
098a9
0d918
04646
058dc
0b128
0dde6
0a8d1
050dd
0fda5
02ec7
05449
0372d
0bc88
0820c
03ee4
01957
0e0ad
004a6
0448b
0e32d
060e6
06c01
0acb0
0d4ca
01dfc
0488d
01d70
0f342
035e9
01b71
03dc6
0ec9b
09d6a
088c6
0a14f
03f5b
0ad1a
042cd
00a8a
0a266
0a032
09c80
0e4e4
082ef
09391
0164e
02480
0e013
00c0b
00965
0aae2
0de5a
01d3d
0df3c
0ba5f
07c53
07ab3
0a5d6
034ff
08c81
087f4
0e2af
00f80
03120
0734f
02612
00696
05e3b
01293
0796e
03a48
03bdd
05750
0bee8
0bdc0
0f322
0a372
08c9a
0955a
01cd9
0aca4
0f745
094b8
043f7
07136
09f97
0fc62
01b63
0e3a6
0fded
0492b
05a7b
08cc9
0f1b8
0effa
0a2e5
0d3ac
09078
0e300
01e64
086d3
0d13a
05bd7
08898
0c92d
07c42
09839
0b9f1
03228
0f024
04157
0427a
08eba
0eae3
06c2d
07ca6
04ff7
0b976
028a2
06e83
0312a
0a8c1
01411
0aa62
048b1
0f0e1
00b65
003bc
0b19d
0f882
07849
0ef29
0e26c
0b998
01f6b
010c5
02e3c
03dac
0c8ad
00ccd
093ec
0aba8
05aa4
026ad
0bc94
0e056
072a0
00d81
07cf3
0c96b
08f4b
0fa36
077a7
08c7e
0f384
05dc0
0e0e8
0a4a6
09038
0a10d
05f15
09328
0e008
06c17
0994b
05953
0f653
0d706
05343
0282e
0263d
0df27
00d0f
025f8
0377d
0484c
08661
0b2b7
066d5
01fb5
01b43
05913
0ba63
0cadc
04256
01566
04035
0fdf2
0c7b0
099de
0b18a
0cbe8
09d3a
06699
07927
01180
07ce6
07cc8
00fed
0c770
03004
05e78
0907b
00798
0620c
0438d
02c42
02f34
00f3d
0055a
04cb7
0aabc
03d7f
0a2d1
0ad1c
0b0be
00eca
06c21
0c7e7
048cd
04952
023f1
0ea63
08253
00ba0
07638
0b27a
0723f
03c1f
083fd
01c89
045ec
06ff7
0f2f1
06396
0c164
01d53
05627
09483
054a4
07ca0
04459
06160
0aaaa
0a9bc
056a9
000a2
091a4
0077f
0e922
03ddc
037d0
084ab
011cf
055ef
07ed2
0afbc
0ed4a
04196
04ff6
091ba
0e799
02698
07226
0b80a
08020
0793e
0dcf0
0f9cd
01fb9
04127
0b7b4
0db31
0f302
00c59
030eb
065e8
0d754
02664
037fa
0863f
04dc0
04c32
06b55
09982
0f547
0569b
09005
08f89
06ee1
0711b
048b2
0fc76
0ce5d
0bb9f
045d7
0ebc7
02a21
0d7b9
0effb
0d55d
001bb
06911
0e5f0
02982
0c87c
052ef
07471
0932b
0b46a
0081c
093c7
0703e
09d26
0349f
08684
0c140
0fa9a
09561
03242
02f1c
0d144
0d687
0b0ce
05c3c
0b224
07c81
02af6
0553c
040d3
0db12
05340
0f7a4
041f7
01e38
04d71
07bf8
0ac9a
01ed5
0a019
06991
04327
00fc4
0a7d2
069af
0b817
0b5f8
04ed0
00608
08a10
014fc
07bcc
01575
02cde
0e14c
0b2b7
099f8
060f4
02460
05366
0d240
028f1
0e688
0c59a
02ce1
071f7
0d46e
07177
0dacf
0592e
02ab5
02d13
06ad4
0f31e
09868
0cb4b
05e86
0f72f
0ea6b
00955
0cf2b
05c56
0761d
0821c
0e92b
037f5
03a09
03e89
0433d
018ce
09ce3
059b4
02cf5
01882
0e712
01279
051e6
031e8
00a80
0c8d3
0fa5c
022f0
04390
03a6c
062c5
0c993
03a07
05fd6
05003
0f244
0d426
01ac6
0f7c9
05998
09f9f
0156b
02d12
06646
0895a
01e85
0e862
0ad15
00eeb
0d89f
00e6c
0976d
00f54
002b4
0995f
00b13
0e938
09135
06999
00aed
03281
02740
04b42
0b790
08975
0ccfd
07e2b
0bae4
0d371
08a40
0e270
07e80
00f50
03acb
0d29f
018ba
0420d
0683d
0d154
0f13e
0a254
06dc1
0e6ac
0b06e
0d73d
06120
04a0b
099a6
078b4
035dd
03599
04834
09542
071d6
05a10
09836
057f6
015ba
0cb92
0a7b6
054c8
0a1a7
01abf
01825
0b84a
01e4a
0dcc0
091f0
05bee
0f527
0096e
0ff14
09ecf
04f21
03b8a
02f10
06d2f
0530e
0ddf9
0a05b
027d4
0f024
09c41
0efdc
0dd7e
04f49
08287
00989
0449b
0ecbb
0b313
0a16e
03ef2
063ca
0e538
0234d
0cd93
0e4e2
06ca7
09b10
06593
01546
0f82e
06f00
0b08f
0a35b
06971
0319b
0f39b
04ef4
0a2e3
0e3f1
07e25
0c76f
07610
0385a
0b3f0
0c58c
0e9a0
0894f
0da92
060b7
0b396
0912b
0a109
0bf30
09a72
027f1
03f47
024a0
05b99
073a3
09a23
0364e
02f40
0616e
06f06
065d0
095e3
0e060
019e8
0b88d
0fde7
04de1
0cdde
010c8
0e0ec
03201
088bf
0b02c
0af24
01049
09724
0765d
05294
0e1d5
0ad21
08262
05150
0c056
06ff6
00013
07b52
09976
05987
0625c
0e590
04b71
0e186
03b36
02b0a
00621
0963b
01b8c
03d85
0252c
06c83
0aa04
0018b
05529
09065
09031
0a61e
02e55
08011
05661
0708c
0a09b
03d28
0a1c6
03910
09b60
04579
0fc99
09550
0db14
011b6
03bf4
010d1
062c8
0092a
06595
059d5
0e676
05b03
049db
04743
0e8be
00e6d
030bc
04d49
09803
07b99
01be1
07c9b
0fced
0891c
06b09
09383
0ad39
01b5d
00d91
08339
078b0
022eb
066d4
04ee9
039e2
0860f
0c12b
07694
0c6b2
0dc8e
0e53c
045d5
070c2
0c1e7
0d90f
0c9a0
0b40c
0186f
0068c
0adb3
009f1
05366
0ce17
0c4ad
048ef
02be0
08b56
059f7
078bf
07ffe
0df6d
0abec
02ff6
05e85
0f3f8
0b598
03a6f
0dd86
02ed5
09081
0da99
06f5a
08c4a
05cb7
0d323
0a4e4
05d0a
04859
05412
096a0
00fe7
020ca
0451e
006eb
008b9
0b0d1
0c27e
0efd0
0a86e
0edba
0a5bc
0eb3d
07818
0bbe0
059e7
0730f
0ebb9
02eb3
02685
0cc32
0af84
01765
0e821
06406
07445
0e607
05597
0c4d9
0e3cb
00b30
0df98
05298
0b5a2
032b8
0e6bf
00a33
09dcb
000b6
0451c
02515
01058
07ac3
05a89
05a78
0e6ca
0d23b
06f8b
00e9e
0bbe1
081dd
0a3b9
0a367
0f4a2
0d9f0
0a8f4
07c2a
0edba
0752a
0cbb4
0cc13
0a9db
07d40
0eaf0
0b37a
09a09
0e355
04cf4
0ac6b
01a7f
093b6
02b28
0fe57
05d3d
0c336
0bdab
07b5e
007ba
07e0d
055a2
0682c
04727
05c8e
08827
04d66
08c80
08fff
03026
075c1
0bb7b
01665
08d1b
05b42
09d54
04659
0e6bf
07951
0606c
09244
067bc
05744
0e547
06f0e
0acee
01896
02341
0e145
0fe2a
0bac8
0aca8
0eb0b
0f4d3
0307f
0e470
0a8d0
0d58b
05f8a
09a34
0fe48
0e4e9
0f025
09071
0bf7e
0682c
05157
0936a
0c71c
03be7
06fd5
0a11f
0c7f2
06b01
000d2
013b8
0c8ed
02414
0a0f7
0fc3f
09ab6
06727
0a9a8
03869
0237d
0722b
08f20
0d3dd
0bcdd
0b977
0b66a
0a46a
0af5c
0d391
060e8
0c6f3
0ae5e
0869b
095b7
0fd45
022ae
0ae5b
04a8c
0fad2
0039c
0f1e7
06aee
09cbe
0c567
09f5e
0afa7
0523e
047e3
0c288
00f55
0b18f
0e6af
02995
018a8
0b7ea
09072
0828e
06938
0ca2e
0618a
0b17d
0f6bb
04dcd
0ce7b
00398
08a31
0326b
002f1
07e7c
064a4
0dc44
0691d
006e9
0864f
0ccbe
098b3
0a91b
06916
0ee31
0fed3
031cd
074d0
0ec09
034bb
03292
02443
01aff
0f712
0cec1
0f5c1
0aac1
0ffe9
0a158
0e108
071c6
0159c
0e3b7
034d8
05f1a
028bc
068d7
03a80
03144
00858
0760d
01d4d
09b34
07607
0b409
0434a
00372
00a14
0a498
0a62d
0ccd6
0f5cf
0c8a8
0ac5e
03569
0ac4d
0756d
05a56
03f96
09d33
027c9
08114
0f9fd
0617b
065dd
035a0
0bf6a
05744
02dd4
02c45
08555
0674b
0c8dc
051d1
0c514
0a494
044e0
07634
0d203
0713a
0e8e0
037ab
04465
03d59
094e3
04e26
01894
06b0f
0cba0
0c811
02806
03d41
01377
01b4c
0e993
0fc63
079ab
0ed28
08283
06036
0146c
04aaf
01828
00d7f
06980
00c2a
09d2b
0043a
0ae96
080e2
00db2
0d7f1
00475
01186
0ca16
0434e
007bf
00a6f
0fe03
0f926
0184c
01034
0026a
070d3
0eebb
0d297
0a11d
0a1d5
02a17
06bc4
049b5
06e16
07385
00700
07d75
0a836
0a424
0c9f2
0ab58
023b2
029b4
0787e
0f324
09d43
0f161
0fca5
07e58
0dcfc
0c33a
0af2c
09e45
0a5b6
021fa
07e42
0a1f5
07e98
0e798
04c8a
08e44
07e76
09aea
0da94
0e102
0ec76
03d8a
04dc4
020c3
0e482
0e491
02027
0585f
0da83
08cf4
02414
07865
00013
0c069
0f16a
0f81d
07573
0d15e
05d84
08501
09d89
0bafa
091ef
059fc
099c2
0ef6c
0bea1
07515
0116c
0507a
080f4
08b2d
0befa
05d45
07cbc
09107
0d1c5
0c45b
0d63d
0b05b
06280
08d2c
027c7
07fc9
07aab
0f2c7
087f6
098b3
0cd1c
09855
0e388
0cd03
0d3f0
0f2a5
007cb
08149
08ddf
088c9
0163f
01690
00695
021d9
0cf68
070a2
0351b
06017
0da6f
0fd58
07328
07fb9
0d5e5
0317c
06cce
0ab4b
02d63
05944
0a710
0ad8c
0238b
0c297
027c5
03be0
0d6dd
0378f
022f8
037b2
004c0
0025f
0307e
00ef7
031c5
07729
02d5d
06b0f
06ecc
01a28
09b14
08cf2
087bb
05f3d
0f06c
01e85
0be3e
0492f
05054
00abd
00405
01f49
0ffd3
0ab62
0c815
09be7
0faa2
0f725
0ba3c
0f4ad
0634f
05f27
01b9c
06df5
0dd99
0b1bf
01bce
0df4f
01cc8
0bb1a
0ceba
020c7
093b8
0d7bc
071e5
02d89
0b197
0136f
04b29
0c100
0f4d3
06420
04de5
0fbc9
00b66
09fb0
023b3
0c752
063dc
0b2c5
0193e
03154
02d8d
05509
05557
082ed
0e51c
0f42b
075b2
04710
0f951
04546
02105
062b1
0eb3a
07f70
00dcc
03c86
0d7c2
03fb0
0afe7
0968d
0f475
0c694
04831
06eaa
0e002
05120
042fc
0b536
06e56
0cc72
00472
09e08
0a7bc
07f40
04dc8
0de50
07473
04d17
016f9
00e2c
075f1
0a4e8
033e6
0fe55
07a1c
061a5
0f481
0d098
091a4
0283d
0d12a
05710
0704b
09a29
041ea
01736
0d22b
02e57
0fc97
0876c
0b011
01bb7
06768
0b31f
0d877
0c779
0089a
0152c
0f53d
02208
0b55e
07713
0cbc0
