03777
0ed98
028be
006f1
0a51c
0cfea
05df3
0cc2a
05c31
0b20c
05baf
08da9
093e5
0273a
0aeea
09ab5
0223f
08268
08297
0d9bf
074fc
05022
0acd9
0b137
0705f
0cbc8
0e85f
0c348
053f9
0efb1
0bf6b
0a15f
03fae
06206
01fa9
0a685
0f3a0
0842e
03249
08c06
0d431
0c587
02de9
05ac8
08bb3
02502
0283e
0d66a
022f1
0fb5a
075ad
06f69
01212
03b70
09b1e
02e20
00e73
03df4
0426c
0ac86
0e7e9
0071d
04261
00e85
002b7
0ab84
0be4a
0923b
0c491
0f6f8
0eccf
06926
0c2c4
0ec17
05f02
0f47c
089b3
07b0c
00cfb
0f67d
0850b
04e17
06d87
0b90f
07635
0317a
02e7c
09fdc
0fe10
0db6f
0476d
082a2
0e34f
04541
080ff
0db46
08a95
0b642
07bc1
0d29c
00de8
06510
0edfb
04708
094d6
057d1
04d24
0c948
09b56
0691b
083f2
0b75d
06358
0c757
0827d
095d0
08a6f
0627d
03475
03486
07379
08123
0d2e9
02c3e
007cc
0eeb0
01496
04745
00675
0ce0e
06cfe
09edd
08aec
0cc4c
03fd5
02af7
0d59d
080ba
022ec
0658f
0c5aa
0a023
0639f
04ab6
02bbc
0572d
0aa11
0d5b6
0c2b2
044b3
01803
05d14
006af
0e198
0a92b
0660a
058f5
09205
03018
06b33
0ee90
061ff
07a7a
02525
0ab2a
06290
033d4
05e73
0f2dd
04a93
041e3
0fe3e
027c1
0c6a6
07cfb
01e5b
0e873
048d9
0574e
0ea29
0f724
0607f
02fc5
06c71
09750
02298
0730f
06ad2
0ec17
008c3
05655
0c5f9
0956b
0e518
019c7
06320
0c698
05268
061c9
0874e
02a18
0829d
014fe
0dc76
048bd
08948
088dc
0d233
0f14d
096da
0453f
0539a
04bda
009d4
01d84
012cb
057c4
030c8
04ffc
081eb
0fea1
05cc5
0f4b5
0bb5e
06630
0a453
05de0
09818
0e6d6
0bc2b
01c27
02361
0b1c5
08229
0eaf5
0eb02
0e3b8
010f0
0aa65
054ab
0d1af
06866
0e99d
0d31c
0b5ac
0f907
0e7f9
08ca2
0b8a3
0acd2
03c75
02cb4
01377
02b6a
03faf
0e1c1
0e40c
02b08
06711
0f8da
0f723
00438
026f0
05f30
09afb
08bd8
0ce35
09c89
09f73
0c27d
023d4
0bbd6
0dd29
0b0fa
0ca8b
0c895
08376
01781
04306
0fef9
0b552
02ed6
0bcbe
00161
0df83
04603
00bf5
0321f
03299
0452c
05a36
07c9b
0fda6
03c88
0fc9d
033d4
0bb3d
00d20
0c3e0
00322
0f8a1
05422
0b091
0e003
0ba17
0409c
0f4b0
064a3
0f9ef
05884
0ddde
039d4
00ff6
0ed54
0ebc1
0627d
0cf47
0c5b9
0c867
0ff79
0c190
0a17f
0ab73
0082f
01499
05086
052ec
0cc1f
06ce4
07a85
01bbb
0cd37
0f375
0f795
0faa9
0c46b
03580
0078a
0fc6a
06533
00f4e
002cb
0c5fe
0260d
0377c
0928a
04009
0a899
04d7f
08aaf
04d47
07a11
0e6a4
093f2
027cd
075c7
0bf32
0649d
01294
0a6d6
0914a
0088e
0d908
0cfcd
0baa5
0bf45
0c8a8
091f4
0a2a3
0db9c
050cc
0daf1
0ad91
0c250
09a54
009b8
0fae6
0e50a
04789
0c999
05a2b
05992
09108
093f9
0476d
04545
0b2ca
07de8
000b0
09a9a
06906
033ee
01610
04836
07d5d
0bed4
03df2
010b0
0e9a1
0274b
01c14
04772
0d9d7
0c878
09d07
0749a
0a458
0b882
0fa64
0c856
0148d
09373
02a7c
0b436
0f3bb
0f501
07c60
0efe7
0988f
0bcac
082d2
0cf45
052b3
030e0
0c927
0a72a
0c8f8
026cb
0d660
05844
0f956
0c905
077bf
00f54
0a5f0
00484
02ecc
021e0
02b05
064dd
05fbb
0dd4c
05f30
0254a
011e3
0de0d
0a853
02733
053e1
0a7f1
0369f
02a7e
0b2bb
0f77d
0fe14
0a4d1
07f2a
0b00f
08a51
0a73e
0e57e
082ff
0d101
00fed
09b64
06262
01d35
07f29
07110
0d277
0acdc
073fe
0abbc
0404e
059c1
0995a
063ae
0ee18
01c36
0681f
0386d
04866
0f157
0ada7
07928
07b62
02732
0951c
01d79
0f6f8
0c075
09f89
0a00f
0c2ff
0f1dc
08800
0d016
00806
0fcf2
0f54c
0793f
08784
015df
033e2
0215e
00551
04976
08b0c
05a30
0cad7
0a5ec
0d3b3
011a7
06d15
0a46f
07da4
0cfbe
02591
0885b
0e357
0c9b1
0289d
0f4f1
09c5d
07861
0d17f
04bb8
085a5
0b763
0a3d5
05c57
0bb7c
0ae06
089d0
06857
03b3c
0734c
0d0ff
0b5a3
058a6
0e623
0c805
06149
051a1
0699c
0c626
0c145
08111
043d3
0287d
0ca19
03b3c
0ca20
06a20
07e7e
0b992
04540
01ea5
030d9
07b25
05927
034b7
0ff5a
00e11
0c47b
0a8e6
09c4b
0dd6a
08261
09ea1
0e87e
0b034
0cba6
0b016
051f5
04e58
0e791
08e07
05932
09377
0c230
01b0b
02721
03f33
0da74
09a97
006db
01b7a
09156
0894e
08aee
08523
0899b
0e8b5
0cc99
06447
0019f
078c4
06e04
00478
0b778
062ea
09c62
05193
0e85d
0b237
08535
07518
0062c
0ac41
01ead
0626e
03c6a
048ce
060ea
09bf4
0e327
07015
029cd
01206
051f0
071a4
0db22
063a4
0f13c
090fb
010c9
04412
0a526
0b8a0
0ba5f
0e58e
086cb
00620
0d132
0b63d
0d28f
0f18a
0623c
0c090
0a819
0e5aa
05637
08ec3
0e5fc
0cc1c
0af13
02634
0adbe
0cff4
0913f
0c331
0325b
0117d
0b38d
08b82
09392
0a23c
092fb
0786b
09629
031e0
050bc
0843c
032e4
049b1
00c4d
0e41a
062dd
04f5b
0fd83
04bbe
00b85
06b45
0048c
0c3b7
0a0a7
0025c
0bf13
0ec6c
0e307
05fd6
0dfb4
0e6b3
09a05
0b98f
0be50
014b3
09fa3
00e89
0b323
0e865
06d6b
0079d
01480
08784
062f7
09084
0a2db
0d090
05275
0d878
0e876
0d897
03cb9
02bdf
013bf
05c20
0ae34
013d8
08bdb
0cf2e
04b81
05d3a
0a415
0d5bc
08c96
0bd58
04aa0
0c75f
06ab9
0c1f7
04acf
0d5bd
0631d
06d59
05ec4
09c17
02351
063ed
024c5
0c17b
0bd35
0f21c
079fc
00496
0f25c
07860
07fa2
00f66
073e2
0d3a5
024d2
0a1db
0a30c
05853
01820
069c9
0c1cd
0be63
01f5e
05981
0c5b8
0af91
0e7fb
0bfb1
090aa
00b43
0e0e6
08174
08612
099e5
0ff3b
0db31
0525e
02db9
041a8
0bb9d
05792
018c3
063e6
0c948
049bf
052a1
0ed36
09325
0ab43
0acf2
0137a
0198e
0f303
0a8f9
0866b
0ec9a
00473
0dd3a
07397
0b432
02b92
02594
01997
0b019
03e41
09101
03f6e
0f718
0b8c9
0b850
07df1
0d9c3
0fcbf
076e2
0b2e6
084d8
076f6
0d332
0dbfb
0dba9
07d40
05c93
09a96
05a9c
0a832
0b313
000c9
0cc4b
05687
0d1e7
02f5a
06f01
016ab
0ed40
01013
05716
0ca4f
0dfe2
070e0
04704
08188
0afc2
039d6
0a69e
09cad
0a98e
085cb
0f876
0daac
01ca7
090c6
0d681
071e5
003a1
0f95d
073d9
0d882
0dc86
016ad
099c8
09851
036e3
09aab
068c0
0a6d6
0cf76
00453
0019c
05d6a
061c1
09902
0750a
09faa
04561
07fc5
0506e
03337
05486
00e32
0ad52
048ca
00045
0a13d
0211c
093cc
05591
0910a
0f90f
07e91
0d7d7
044cc
04d38
0138a
027b7
0c362
01ca2
06c26
033b5
0c502
09089
0a90b
04858
0a5ed
09eff
0825f
0f6e3
07c86
09472
05b0c
04410
0fbc1
0dbe4
0b3cb
0abe0
08b94
002a8
0b585
0b020
061bf
037db
0c92b
0ea4a
04dce
00188
02f2c
002a7
0e646
07fef
03ab5
0b563
07061
0d00c
096fc
0a36f
06e5a
0a280
0af4f
08bab
04dda
04de0
0f1a8
0c203
03ac5
0f1ed
0d4f8
07f55
08160
0cc29
0cc6e
0622e
04609
0cd76
03648
005b0
06530
0971b
070d7
09c60
057dd
00cc9
0c01b
0f840
006a9
0ca28
0cfac
0c35a
05c17
01d4a
0471b
03ddd
02340
05924
0afe1
0b5d2
03bfa
0cc34
04678
0179f
0a9e0
007fc
0bb60
0022b
0cc86
0c4b6
0674e
071bd
00a3b
0c4b0
0dad9
02903
03bb2
0ec97
0456a
0fc8a
08d7f
0a1bd
0b995
0d876
07b91
0c461
0d70f
0da62
0674c
00072
0f2c2
0fd8d
0eec1
09444
07864
0dcf2
0641b
0f3ab
06d91
09a2d
0842b
0839a
07ca2
00f06
0ee69
00a9e
0ef8d
06f1a
06bff
0e8e7
03b3e
0a64d
0460a
0c019
0426a
0c791
0599b
0128a
06da7
094fe
0d1a9
0326f
0d476
01039
0937d
0246d
03069
0ec4b
00ba3
0bfae
016bc
0113f
0db7c
0da6b
0d548
03b83
07616
0d6e6
03aad
02762
025b8
0591c
0b053
04269
0acef
01421
0fa8f
07c2c
00f96
07777
01d54
00e14
0b013
06915
076d5
0c2e2
08e42
0337c
03516
0c1c9
03a54
07cf6
0587b
04377
0037d
0acd2
08eab
0a7d7
001df
03f2c
05571
05959
09a7f
08dd6
0f773
08071
07bc0
030c1
0cb56
0397c
03c02
0861f
0068c
0dd11
0d599
067ec
01eef
0427f
06feb
0fd42
0ffa5
01389
02274
00e7f
03938
089b0
0db87
0b969
01f15
09e57
081e7
02664
02991
03bbe
09939
04c77
07c2d
09542
0cf37
0f24b
0cb05
03dba
0f3b0
07f8f
0bb52
03481
0caf9
04e53
0f7bb
060f3
0e2b3
0f304
0d7cc
08e6a
0a6ef
04ca6
0e7ac
0a3e8
05ee8
04f59
088e0
0b39c
0a309
01458
0f197
095f1
00aaa
0e8f0
06294
02dc6
087cf
0c8ad
023c6
03051
0803a
09476
0a9a2
05b7f
0bdfc
0f0fd
0e3de
0f603
03a37
0df93
0a5ff
062a9
030ab
07844
08e89
059a3
0b16c
0fe5e
029bd
0925e
08189
03c18
03aa9
029c2
03a7d
0d9e1
05a7b
0f7d9
07920
0d360
03902
08575
08ce7
0c4ab
08fa1
03f5d
094ca
03a43
0c0fb
0f531
094fa
08804
01330
0fd4b
05505
0729f
0a70b
0c64e
07852
08ae0
0fcdd
06fec
0ff83
0a432
0d28b
0a889
032d1
00da2
00dc4
05267
00aed
04eb6
08908
05d4b
01b52
00e60
04e47
0db87
0fd7f
00075
06643
0eae9
0c853
0b232
0ab42
02e18
0a064
01d34
0de71
01ad5
01f69
021d0
07859
0486a
0985b
037cf
07025
04642
0648d
06404
0bf85
01e8b
0ed20
0c904
0e199
08353
0615f
06b82
03746
0d153
03d9d
038af
033fe
01378
03b04
01798
0c4af
02c15
0efee
00924
0be68
060b9
0e8cc
0eddb
057ea
09354
0a45c
0dc42
0eca0
091cd
0628a
00334
0d91c
0ba3a
05c43
06666
068fe
023c1
03151
06896
0625c
07a45
08d88
007b9
09514
0ed16
07475
05fff
0de72
06ed4
0df47
004e2
029ad
0ce4d
0e100
001b8
01add
0f154
0469e
04609
088fe
0529c
0d71c
0f73e
03043
0c274
0f42e
0e59d
06272
0fd9b
08cad
0dcd2
0497d
0fd4f
0dbf1
03564
0b698
04192
0b431
0aa73
041dc
013c3
0bb31
0eea4
04df4
0fcca
01aff
0abd3
0cae8
082a4
0bf25
025ed
0fcb5
08f61
0ad80
0fb6b
0e6f5
02cad
07cf1
0a8c2
0dc2c
08bfb
08aba
0abba
097b9
0295c
016ce
05c41
08f67
01a44
08a4e
029b0
06832
02d8f
09028
0d31c
07cf3
05c77
076ad
087d2
08870
06fae
0dd1c
09ab1
01a32
08d59
06ffa
0449e
0ec56
063cc
05135
06ac2
09a35
00e11
081a6
033c6
0aaa4
02834
01e46
0b0c2
0e65b
0d532
003e0
01523
0620b
02ecd
03bc9
0a2f3
09b99
0a6ce
0e6e1
00acf
0edde
04a56
00c9a
06fb4
074be
0f823
0a150
0875a
002d2
0ea88
0ccc1
0b03f
0fa3b
075a0
09725
0e439
046fe
05c00
0d65b
0b51b
07c49
0aca2
07dbe
08621
07b5f
08058
0cd3a
00a3c
02f11
0fa66
07113
07da1
0836b
0c3b1
005b0
03db5
01b83
0baa7
0bd1c
0cf65
04611
06016
08322
0c876
05f7d
02eb0
02a3d
04c14
0b6b9
08c73
01430
07f11
04b65
01118
0651b
0545f
0067f
03f30
05674
0a9ec
00543
00bab
0a9ae
0ba81
04909
06a42
00e3c
09e97
01b78
0b815
0efb5
0a9ed
0678a
0d968
05302
0ef33
07906
0cedd
0546d
02c27
0817a
09ae8
0372b
076d8
06082
05523
02890
03016
092c1
0fd08
055de
08d84
09994
0409f
03a89
0ed7b
08946
00e0e
06a8b
05637
03ecf
0fea8
0b1ba
01171
096cd
0ce95
0584f
02687
064da
03c9e
0a2c6
00e76
07933
08d75
04055
0ea8c
02010
08c2b
01d87
058c4
04774
03eae
0a95a
02294
0faf4
02424
0bd1b
033d2
0c7ce
0e2b2
02afd
090b8
04f65
02cad
03eaf
0d4f4
0840a
0a791
04e84
0dd24
06a1a
08868
04300
09bcf
06084
08151
0f1d9
0632e
02e43
046f7
0a49f
09b8e
07447
02ad3
0bb11
0d2b4
07131
0701d
03787
0d7ad
0b31a
041dc
078ed
0209a
0df35
080ab
0713a
05915
05feb
0b6a3
01268
0970b
01074
08481
0b211
08d75
0e290
037bc
004f4
05ff1
0162f
0a257
0c560
06dfe
0a61b
0e79c
09354
0dfe5
056e8
01296
0c8da
004be
070f2
032dc
0f15c
09fe1
091e9
08064
02e99
0b9d6
0677f
030db
0bfd8
0e980
03ff0
01437
0f680
08a47
049e5
0be72
0752a
01305
03b7b
0bc4e
0ecea
0cba6
037bc
0cdb6
038cd
0ae3e
083f9
069f1
062f4
02b9f
0c382
01b91
066ca
05ec9
03a75
0dcf6
0df33
023bb
02447
09d93
030bd
0ba3a
0745e
0f0e7
03252
093ce
0f372
045b3
0c5f7
0d21f
086be
0f844
0c830
02051
04003
05fe9
05b24
09149
07bb5
0029d
013db
051b9
0e91f
0b1bc
0e0fe
0d81e
06860
02ed3
05574
0c4f3
01a28
049f6
06c12
0b67a
028b0
0e08d
066d4
003dd
0aa8e
057f5
0b005
04248
0ccf1
082b1
08c42
0f320
04c18
0f9c1
0101c
06e9e
080c9
01e94
0195d
0d03d
0ce4e
05fd9
0fb25
0cb43
001e7
0294c
0cde7
0834e
09439
0ad9e
01a27
07bc2
05c99
0b0b9
0c04e
05506
0db57
05261
0c498
03568
03842
0faa2
0e479
008ba
0e550
03a1e
05cda
00beb
0ba87
08545
088c9
0e7fe
05745
03250
06e7f
0b30c
04a47
07c31
0d564
0b92f
02a64
0b5aa
07e7a
02081
03d6e
0a769
051c2
01114
01444
03b3a
00c01
055ea
0eaca
0e6c6
06cb9
07ca7
021b7
0a8ed
07774
003d5
089db
0483b
02fd4
05a96
0ad6f
015ab
0dda7
03477
06ec8
0ef17
0d1dc
0f1ed
0f0d8
0af20
03a5c
0c15c
067b1
0b516
067b5
00f6c
032e7
0045a
0b798
0db7f
08cd3
0808c
03f31
0b406
0df5f
0af6d
01f88
0c634
05592
0e3e9
07c24
03bb6
0232e
0e9a0
00e6e
099dd
0d9a5
02919
069e5
087fa
0fd75
07efc
06e12
01576
05749
031ef
0fbee
0db87
07ed6
0393f
0fe4b
09182
06c10
0985f
02eac
07634
0ab32
0b798
075fd
0b19c
06b91
075bb
01460
06859
01537
053e1
07b20
061d4
09634
00254
0508a
0c7f3
022d4
0e92e
02a34
0cf15
01aac
0a928
008ff
07274
026a5
04868
06607
03fc3
04cfe
01e9e
008c8
0ec97
0aa50
02fbb
0abe8
0db40
0d274
0d2df
0acc1
03910
0b289
0eac1
07221
0543b
03d0e
07323
0262d
004af
07a75
0db37
02791
0c6ad
03673
03b0e
01bcc
06279
07057
0d694
04d6e
04a2e
01f97
0a716
078d4
09733
02f92
0d9cd
0f8e7
02061
00c8c
0bb42
0cc5e
0c34a
03e69
0b9a0
03ad8
03160
0ef89
042d7
0febd
01929
0acc1
07b55
04a86
0b81e
0c5d6
065aa
0b422
03d4d
0da11
09648
0c85f
08325
0f3b0
06cae
0ae97
0faaa
01589
09f17
05551
08d7e
05037
037a2
0d043
017b7
051e7
02bfc
03fa5
04828
0d685
0d958
00d17
06ce3
0a84d
06984
04149
0542b
0c66f
08a60
09dc1
00dcc
0bed1
0dd07
08f55
06379
0a82d
0f5e9
09071
02cf2
08df1
0a082
09388
0fc71
01c99
00f52
0174b
0a6f8
03b76
0f120
03668
0fb29
04873
0cefa
0822e
0401b
0eb4e
0a6a5
04353
00e50
0767a
0d945
053a4
094dd
0ddc4
0b134
0bf10
0df73
0d223
01545
068d6
0bb6b
066f7
0ae62
0e72e
087ef
0292a
0843d
06d4b
076c1
01abf
055ab
0bc6e
0c1d7
0060b
08061
04e2c
04122
0e57f
01cc0
05d30
019e9
0c8fa
0e761
083d7
0cee7
061a1
0847a
07eed
0a503
0d48b
099ec
0188f
02715
0f3b4
07da3
0eb18
01903
0035b
0f683
08083
0b09d
0d9d7
007f2
0fa4e
0bbe7
050d1
0e410
0f400
04d0c
0db23
04036
06dea
04bd8
03ea3
0a9a0
00311
04fca
03e9a
0e2ef
0b335
0b363
01d6f
013a9
085ae
0ff2e
01ec8
003e2
067d3
0a7d2
0952b
0aa8b
06094
03f8a
024ab
0340f
0a0db
04002
0ea86
01564
020c1
0e31a
01adc
00065
0f018
0ef42
012e2
0e99c
076a2
04b3d
08084
0c066
02e84
0722a
0597f
0a964
01a45
05e50
00afb
03a2e
06c89
0975f
0adc1
04832
00476
01c77
0d5be
0e49b
0bdfc
009bc
0df7d
03bb8
0511f
00a5e
075d7
08d9c
0ad70
0bbb6
06e81
0f7c0
01bba
07e2b
063f7
0cee5
002ee
03ce8
03abb
003b8
0da21
0528e
0249c
09c0b
09d97
085c7
0c4bf
07bb4
04639
0fc71
02abd
0206a
09a93
06ace
0931d
06e5b
08a34
069ff
0650d
00d97
0105d
0d219
02a63
09315
056dd
0b6f9
07ce0
028a1
0d7ff
0a865
0c352
0fc30
0efd0
0126e
0b606
05161
0431a
0933b
0aa52
04535
04ef5
0ad5c
0ec48
0e47d
0fad6
0b87c
0a62d
03ae0
09f89
03266
070a6
0b06d
03d99
00591
09a82
0abd3
0d22f
084a4
00b04
03b8f
00888
0e394
0bf10
0fd2e
02247
0aacd
0a7f2
0ce62
09650
0d35c
01216
04b21
01495
0e55d
0388a
08e7c
0a680
0ff81
0a343
0221a
0d808
02165
02126
07e85
07f4d
08fcb
0438f
0e2dd
068aa
00f31
06e4b
0fd04
0b6f9
0b0f5
04be5
0267b
0c6ce
083d7
004b1
02daa
0934c
0ed19
04774
0cf95
00cfd
045d8
0b232
00b8e
0d627
0b143
0075c
00656
026a6
07651
0d789
02ad7
0c0aa
0757e
045f2
067fc
08ded
0147f
0b7b0
0bce3
085a5
06b88
07821
03264
0b565
0ffcb
0dc2d
0c03f
02df6
05b7c
0d0ae
07649
03e33
09596
00dda
0feeb
0b790
0c189
0cf15
0d722
0c8ec
089d1
01fdc
01ead
00d1e
0d9a9
09857
04a4e
06366
076cf
0d715
09a2f
04c40
0ba0a
09e89
038b5
098ca
0a8a7
0d5e5
0c725
0794b
05bc1
0dc20
0f1ab
002d1
0ab7a
051f8
0954c
065ad
09401
07927
0a6ef
01825
09513
0e093
0fd65
0e363
00a8f
07b24
01a1b
01369
06289
08c39
07ca7
08e23
0c63a
06ee0
02211
073f3
04c73
0d4d3
036a8
09b99
045f9
02204
05e34
05983
00619
039de
006ac
038ca
0eb57
044f2
0eb87
0a7e2
0c838
05da6
08f8f
0eaf0
0b712
0e9ba
00f49
07cbf
0045a
023d1
0d0e0
0827e
09731
01bb7
09f1d
0431b
04795
0725c
01270
08aeb
034b6
0898a
0cf6b
0d473
0b73a
0f19f
01f64
0f443
056f8
02177
057dc
04dfe
0ec21
00e87
01adb
08004
01c50
07f4c
0b2aa
046f9
0dca7
0be5d
08eeb
05963
07283
0e896
02168
0dc65
0f243
05c78
006f0
04ab1
047d4
0b8a2
0bfac
098c3
05b6c
09b01
0801d
094ed
099c4
06dd3
07499
019da
06fb2
0f14c
0b726
0783d
08692
0d18a
0e227
09eb0
00ef7
01704
01741
0fda0
02a55
07cd6
0ecfa
06881
0e170
0b1b0
025fd
07ab8
09209
06060
04f60
01abd
0b4e5
04dde
02704
0277a
0a44b
09f72
0434c
04f38
01112
0a65f
01eba
0b58f
03ed9
0ebd6
00c5a
00c45
01188
04d4a
0aa57
07e5f
0c16b
00a91
0094f
05f2f
0c40c
0ae7d
06900
02fdf
0e09a
0d7c9
019ca
08cb7
0dd86
0321e
076a1
00943
04865
0be7b
0ec93
041a7
0b479
0fa96
00640
09085
0aca5
0d408
0f91c
08fe0
04c6f
06470
06003
03b09
067ee
05800
06e62
0fee0
08e61
0f15f
01ce7
0a1f4
01323
01aa0
08b5b
02c4d
0c8cf
07f38
09c07
02cca
098fc
078a3
09f9b
0882f
09787
0fccc
08d6f
00ea6
08f71
05236
064f8
0cf6e
047b7
0e8b5
09d2c
0bc0d
013fd
0fc8f
06bef
0f938
01476
08a0e
0ae3e
08b8b
01abd
0a8d9
07359
02e27
06a85
03a37
0eb35
0b906
01956
0c53c
0c186
07bb0
0240c
0b19e
08b45
00bae
02bad
0dc3f
07e90
08d6a
002cc
03c87
0998c
05f07
023e0
042c1
0d585
0bec6
0ee96
0a4c8
00a20
063ea
0eb5a
0d2d6
09112
0554c
0df63
0dc7d
0fc5a
0300a
0522a
0c831
03bdc
00dc7
028ec
0f460
08e1d
0ec63
0e305
03ba6
0f13e
0c4e1
09b45
0781f
0bc1e
0cbb6
0364f
0f146
06fec
0d6b9
01a30
0ed92
08b6b
02c2d
00d8e
0f1d5
01992
031b0
01df4
082f2
0768a
0aca4
04207
04248
04d2d
095ce
0a789
0d5c6
09837
0a56f
0fa68
03f96
057ca
0f918
08b62
08b0b
099ac
07388
053dd
0bbb1
08913
03379
0de5b
0143e
0c3c3
05fec
07420
05702
060c0
07924
0782d
08b8a
0bcbc
0c8f3
0495a
017ac
090b7
0dd36
07421
05414
004dd
0ad47
0d03c
0e697
0d781
0e2ad
01a7d
007f1
08029
0dd78
00e6f
052c6
0d973
03a23
08066
04f8e
044dc
04bdd
06d07
060e8
0261b
004c3
02922
045a5
0245b
0490e
09f7a
040bf
0e52d
05c5e
047e0
09d8c
01dd3
05132
05f5e
00bac
0961c
0383d
08d7d
006ae
07995
06093
01a97
03e0d
056d4
0d6e7
0c716
03098
043b1
00da9
0d8d3
0458f
009dd
0a023
08290
0d7a9
00ee3
07b8a
0f1c8
06cb0
0b301
0a882
0288b
0002a
00151
03e4f
05740
03a29
063ba
0ba4b
06d90
05859
0b298
053a8
0ad9b
0a2b2
0d85e
0e021
03314
0d0e7
04bb0
0071b
084c3
0b242
0a99a
07ad5
0edd4
0cddd
018ea
057e1
0fd9d
074e3
0b5e6
00c49
0f54d
0c3d6
04bdf
0bd34
061bf
02e0e
09af8
0b1ba
01fa9
0910a
03126
082d8
0a74b
08416
0359f
0e2c4
08060
0e603
06e11
0414c
092e3
0e513
04b11
0f3a9
0b673
0f6bf
01660
0b89f
048cc
0e926
0088c
06178
0d6db
0031d
0ae42
0a548
012d4
04b7c
04644
01672
0ca54
074b4
016d9
067c6
0ebe1
0b1ed
0ec46
072fb
0930c
014b1
08d95
0334d
0bdaa
0f235
0f610
0b46a
07f91
0ce57
03bb6
0e954
0af94
0d2f8
0f428
08f6b
04b84
08917
076d9
0b411
0dafe
0e0c7
01309
0ba7e
0c9bf
0ee05
03eae
0979c
0ae55
0c733
0be2b
091e8
0b675
08214
0c0aa
0d333
090d3
0efb2
0aa13
086c2
0d35b
0d1aa
09021
09475
0e9aa
0ffaf
09393
0fb1f
09e3d
05276
0bd0c
05d95
07841
0acb6
068b7
07cef
058dd
03c05
085bb
09d0d
043cc
004a6
0f71d
03ae5
03e86
0a736
02ca2
0790f
077f3
0faea
0d1eb
065eb
068ef
03fbf
068c9
0e386
097c1
0b001
0936c
06d9f
06da3
00c20
051f8
09296
087fa
0f2fe
0f2d6
0688a
0d616
0f79b
032e3
0e74a
0ac81
0b833
07d61
0e960
07adc
03d2a
0aef3
069f7
04d0b
07b6b
0c5d2
00b14
023a9
0a5be
0562b
02d53
0c956
0d4bc
0f03b
0dff1
0f898
07715
06d10
013c8
0bbd7
06bef
0e32e
002de
0823b
08138
0cf35
0d1ac
0c1a5
0ae6d
05361
06998
05cdc
01e9c
0931a
04b5d
05d98
00275
0603e
0451b
0cd97
04f0e
067a4
08bcf
07838
0f47b
05ebd
02f66
02c6a
0752c
027a2
0ee4c
0b2c8
0cd23
03950
00ce9
0e524
0d65f
07472
06f4c
015ae
0f8f6
0506d
0b07e
01065
04bbe
0d91b
00ec2
09fc3
019ac
0f8b0
0cc75
028a0
04747
0e66d
07a51
0582f
0bd29
00621
006dc
01886
000d3
094d1
05fac
0b1e3
01b16
06b7f
0b7ed
0e2c2
08ec3
0e169
0637e
0451c
07174
01339
0ce74
07f23
01838
05243
0e7a2
02fde
01cbe
0affb
0bcea
06536
0db57
091f3
0b1f5
056be
07ffb
0dc67
02dfc
06d97
03e9d
0ec92
0255f
05992
0058f
0f691
074d9
07e12
0d33a
0e9f8
0efde
0f25b
002c2
0e4e4
0e9e5
030e8
08c17
06eb3
060a2
0ba8a
0d239
0dfbf
024af
08c11
04d98
0c0db
0d090
045dc
014d7
01567
02ad9
02f50
0ee67
06be1
04e1e
0ce2c
0f080
05a84
0792e
0187f
0bba3
08836
057c1
04d89
09792
010d3
0f156
03c64
002eb
022cb
072a7
02f37
0a701
04de7
0e6d2
01a55
0e531
04355
06962
04566
05c3c
03c20
037dc
00d9a
0e220
04c45
04b55
05f3e
0c727
08302
0e85e
0afdd
07177
0b0a6
010fd
07d03
0231f
0cb5d
0c974
0f7bf
06a83
01a22
0075b
076f7
07ef5
01e48
0310e
0e347
0ed60
02b63
0af8b
0965d
0baf4
0fd12
00f4d
01740
0ab31
0a345
0a7c1
02a31
06170
08a74
0bd55
08e52
025dc
049d1
0c176
06f98
0fea6
022be
0556b
07d54
0687a
00254
04cb0
02068
09586
0694b
00e82
021d9
049d2
04588
02474
014da
01fe1
00a68
02925
0fe17
01bbe
05a49
0703a
04888
0ceb8
041c4
01b0f
0d5ff
0eb40
07656
0ae0f
05475
05715
0485b
094ae
0e418
06b9c
0ab1f
0a372
04fd3
05b8b
0e77f
0bd98
0072a
07ef3
082bb
092ed
05b72
0c5e5
0626d
0a61c
0d60a
0c1e6
0b6fb
04ba2
092b5
0745b
08d4b
0657e
06d3d
0d63b
0cf83
0790e
08492
059f6
06c88
06475
02da0
0c334
0b48a
0ced2
0113c
0d4d3
046f0
0813a
0da84
0fd63
06590
06aa7
0c0fd
0f7be
0f978
0324d
0ab98
0c3fa
03e62
0a82b
01e86
015c6
0b196
0d4d3
072bb
02d30
05c77
0f0fd
01b4e
076ae
055a2
0592d
022a8
08184
0f727
0d827
0f0f4
075a2
0c0a9
003ea
05cfc
072d5
0c9b1
0e7f0
0bc68
0e894
0842d
09145
0e972
02fa1
0f04e
0bf92
0a9ab
03932
0e0b7
08dc2
03a71
08a68
010f2
0d8c5
06155
0f562
0969b
08d83
0cf2f
00810
0094f
0da38
0c679
0a41d
05bb2
0b543
06354
03df0
08f3c
0dbec
0d142
04086
06b3d
04f81
0f757
047fa
0cd75
085d3
02a20
0eb06
01690
04763
07f2b
03230
02266
00660
07512
0150a
0ed19
09561
0e511
0e404
0c772
0d15f
0524c
04fa9
05717
00a4d
0d329
0388c
0f106
03c2f
08873
02fdf
092c9
06f6e
05c39
0579c
0cd9b
0e6ba
06d64
01b33
0c4bd
00329
07ce7
00144
0f0f9
0d683
07e36
05349
0f555
04c7f
03709
0f2b1
0dbb4
0a1ac
082d6
0029b
0c59f
0c511
06243
04178
02f77
02ff3
06be9
0a190
07c05
01c2c
0f7bd
0fec0
0eb18
0ca77
0cc95
0e0e7
0f120
0d793
054e5
0d587
0418c
01c34
07e50
012bd
0ef60
04f4c
07ead
0c812
01f91
0ad19
0cb1e
0dfa5
08176
0a477
0dfc0
0d425
0892e
02ed4
0eaf7
0259a
05980
0910d
06384
05428
05119
04700
01810
08e4d
025fd
04a14
031eb
0cbeb
0093a
06a96
03596
0fd29
01a9a
0c680
0e06b
009f1
0e404
0e117
0c98f
041f3
07b06
008d0
0780e
00204
03272
0ac4d
0e4c9
0cad6
0de1a
0f442
0c588
0b84c
0fe69
09071
0f208
079ed
0ef55
0ad44
013c4
05f70
057cb
0f8b5
0ce5c
0e18a
0e2a5
0e53b
0b9c8
0539e
055b3
05d8a
0ff29
09833
0f46e
02fa3
0d94f
09257
0d98d
0448c
00a2a
03867
04f03
0be47
07b68
0d7ac
0c36f
022bd
0d9bd
0c29e
0af5e
07d6d
06fc8
01024
07c84
0e9dd
03aee
013f3
0ff5b
055b3
09a62
01e22
02137
0cb75
0a112
0c3d1
0961d
0d0a0
0eaf7
01282
0956b
06ebb
0c7b7
0b6f9
035b2
05edc
0cddd
061bb
0fb30
0867d
02281
01b9c
08fb7
06173
0ccc6
02b92
00d1d
0ecd0
0edf1
086d1
04afd
0d48e
09757
01deb
07665
0a6b9
05b1f
0fba2
0655d
03ac9
0f9e4
01b80
0ea49
071f1
0d2cb
082bc
0984d
0fee6
096ec
06ce1
02fe8
031ad
05ad2
09f17
02de3
03e1f
04170
03171
0b758
068f8
0982c
0a3f7
0fc9e
002c1
0b0db
06cfb
01d7a
0e69b
0309a
02da0
09f61
08227
0d06b
0be3e
08548
0246b
0be7b
07b32
06022
0f236
0e893
0e7da
0a939
0a159
055ca
0524e
07f77
0306c
05b05
0ea81
01f27
06bbf
0d8cb
07c2a
072dd
0588e
0ed2f
03e65
02b06
03133
0181d
088f3
04662
09c5a
0cb16
066db
01851
041c7
03cf1
07ab7
030bd
0a819
04bf6
06dfa
052b8
048a0
0d8bf
0212e
0e373
0a6bc
09d5a
0cb6a
097fd
0fb9d
0380e
0e7b4
09dcf
03b62
02cab
0fbac
0789d
0d453
0e884
05853
0449d
0d242
0e93e
05dfe
0d9e6
0fa7e
04913
08984
0c453
07211
0666e
015f6
01af8
0c6c6
082e0
0c7bb
0e07e
075ba
05965
0bd55
07f41
0ca46
07418
048bb
0ce28
07f4e
02af3
09038
0dbb7
011e4
01222
0f449
0ab66
0af03
0e233
0a425
007a2
0609a
04275
02277
01fd3
0460c
0e0ce
01fcb
09228
09000
07f9a
00105
0c110
003a4
0076a
02101
099e4
06f35
08834
0f1e6
08e72
0eee1
067ca
00555
0aeab
08533
044ff
08f9c
00d8b
0ce41
03fc2
0f84c
00976
0c6a3
06a51
02bf2
084d5
0a269
07acd
01df7
0364d
065a5
0efdb
0a077
0c4c6
04f9b
0c04b
0a428
09b22
06756
06964
0f0ac
00fed
0d5a7
02249
05fab
02dee
05604
07f0e
06e79
062e8
0ec48
0b82d
0efe1
02408
03678
09505
03204
0158f
0f1f8
0a1ea
02f0b
03bea
0bcb7
07c23
0f8d5
06f4b
0b37c
0cdf4
09536
00f05
06ba6
0762b
05654
0da22
0f8f8
06595
0ca73
0ad92
0ee33
0cf4a
04373
07210
074e1
09c41
007ae
09f90
072e2
0a6b0
050e8
0cbc3
04a58
09933
0c76f
05101
06421
05215
0eba5
03496
068dd
0f534
04767
0244f
05b65
0463d
030b3
0be40
0ddd6
02e06
0de21
05c75
07740
02562
01759
05fc2
08a5b
04ab2
003ef
01c33
0ccbf
043b6
0c051
09d55
081af
03ee0
0027f
0fa35
0dac7
034c8
0af17
0b85e
04faf
02663
009c5
0aecf
05882
090ad
030c3
046df
02ff5
0048c
03453
0fde1
09eba
04ba0
01f87
0c61a
09ba4
09208
038f2
0ba68
0b77e
0968b
0cebb
0bc6b
0cea7
091fb
0edea
0048a
0507e
031fa
0cd60
0b97a
0513d
03135
0c309
0f05e
06973
077d8
069b9
0f050
0c6e1
022c6
06418
09b74
0ee50
0135b
01ef0
078b8
02b9d
03e56
0fa34
0e18e
0a35a
022d7
03b74
09dbd
058a4
0bc53
0094d
02933
0ee45
00dd6
0c320
07abe
02db3
0ef86
06366
027b9
09ca7
013b5
03826
00294
091a0
0c908
05893
09cfe
08e66
0ea02
08b65
08e3d
0f5f6
0a172
06b6a
04cb4
0669d
04b8e
0fe16
03291
0b945
05245
09878
005fa
00a09
00fc7
0a154
05993
0b9e6
02d66
037ed
0faa7
0a3da
0887c
0db6b
0008a
07e0d
02af6
08d25
0a66f
0ea1a
0268f
0fb4b
03813
03b76
079f6
05577
07ba5
079d1
00cd8
068b5
069f8
01c25
06f4c
09783
0cc1f
0f85d
01106
0462d
0b281
0b38d
08234
092b4
0b142
0a6fe
0904e
0f4b8
07754
0bfc4
0fba5
09bf8
0281c
01b4a
0d6da
0ca08
003b7
02167
07692
02eb4
04943
0233c
035f2
038fe
0c94c
06741
0821a
07ad0
08863
02bff
06e4a
08652
055f2
0f4a6
0c887
0fe68
0580b
03e70
01aee
0b564
08ab6
0e6e2
095c1
02acf
0aa0e
0533d
047a7
03fc1
0456c
0e33c
07323
04a53
06b84
0cd06
04b4f
035a5
0fd75
01c43
0f1b2
0de03
01cbb
03e5e
0638e
06d71
0064f
08193
072ce
08b7f
06900
0c83e
0b72e
0e183
07131
09b6b
0be2d
0e435
0ef44
07dff
0387c
053de
03729
0b1c7
0ac95
09a24
0d44c
0dbeb
0534e
09dc9
086ad
09c1d
0ba18
0db13
09595
0cfbe
0094e
0122f
01a67
011ba
01862
0a73c
02d58
05d5d
0fcdd
0cc03
0b85b
0b1c4
0568e
034d9
05778
08897
013b7
0fbe7
04007
05e81
01be3
018df
0c291
02085
04c73
0f2b1
0e681
0c114
07996
0b558
00a86
036fb
0aa76
03876
0eeb9
03244
0c6b6
0826c
0de4d
03292
056d4
0919e
0cff8
06f5d
09f31
0efc0
06cb1
04da2
02855
05cd2
0960e
0aff7
08881
066fd
0307c
06df5
0bc72
00f8c
0508e
0728a
00264
0ca4f
0e1e4
0fc06
07ec6
099ad
03a0c
0d480
0537a
07a1c
0a9d3
06bd6
0edda
0433c
08459
096a4
08e44
05c92
03dab
0cb6f
0c287
0ce15
0e740
03b21
0b563
02223
015e9
0d05e
0962a
0d5e6
029bf
0d217
03d2a
02d55
05836
00ee0
0a287
0c2b6
0a8cd
0f685
05e87
0b801
0051a
06f2d
0f794
0d205
0198c
0f869
0cbd1
0d03f
020fb
0f967
02aff
06eb2
0f218
03d09
048b3
0f387
0bf7e
0749d
0aa35
0bbe0
06350
027b8
03f34
00a47
0ebc6
099d2
09cab
054fd
07c62
0a31d
04703
0bb9d
0ab29
00613
0ccf2
00da1
029da
09c5d
0b0a3
0b59f
01588
0a4e6
0e56e
07791
01e2d
001c0
02abc
04718
0bbb2
0b507
0f235
055a2
0673f
03523
0e453
04921
09809
0e119
0db84
0d7fd
0dfaa
0e79f
0793c
0e710
0c7ae
03e06
08b8a
017a8
009e8
09031
0d1e4
0e3e8
0b3f6
0389f
074e5
01047
087cc
0bca8
015d7
0a051
051c0
03078
06eb7
0e502
0dd5a
0481d
0b2fc
0e19d
0110d
0ef7d
0747a
09b84
0a348
018db
07ba7
074e6
030a6
0dca4
0067b
0d94c
007eb
0c6c8
0812e
0fdf8
0e291
0d904
06dd0
03f56
0b955
080b1
09529
0a681
0924f
02da2
0839b
0d3e8
0fef2
0d6ca
0ed15
0928c
07210
0a732
0aec4
0fd72
0045a
06c3f
0648d
02f73
04382
09da7
086a9
07471
08039
04653
0b16c
09545
014fd
07522
04569
0fd19
09d0a
0cc7b
0ab2f
0b809
05edf
0ec2c
03dc2
0b769
04b0c
03793
02a8d
05c60
0c698
0498c
0d6c3
0e752
06353
078b2
0058b
058e5
0234a
02186
044f7
09770
075a5
05d17
08165
04944
0f711
0088f
069eb
0d0c1
084a4
0fff4
0247c
08029
04a6f
07532
0dac7
053d7
06500
0877d
088ce
02029
0d367
0eb8d
05705
0ec2b
0266f
01183
0392b
01ae6
0958d
02733
08ae1
05a41
04d6a
058fa
0cc0d
07e7d
049ff
09950
06af7
05df9
0870d
05418
07bb2
039b8
0f5f5
00e74
0cba4
0a980
059b4
095d0
0efc5
01c9c
0d404
0b133
05faf
07915
0cdaf
08eed
05510
0126f
03e67
0ccfa
03d9c
0bdeb
00a90
0d9cc
0fc77
09657
01a83
04dd4
00fc7
0846a
0af03
04c36
0761d
02ab2
0d6fb
0fd1b
00562
0b4be
0c702
0a33f
0638b
08d73
08fae
0bce6
0c3db
0d140
0486b
0969f
08f75
0f02b
074a9
0325f
06c3a
0200a
02bc7
0d122
03e57
05a11
03eb5
04335
0e292
09c0d
070b5
036f8
02757
02596
09141
0fd64
0d3ce
01d29
02142
08321
0f2dd
01c0e
0b2ff
0ec17
0ece4
0d33e
0fb40
02de1
0c72c
0370e
0e057
0f96e
0d057
07bc6
0bb6e
0483e
065c0
05c60
04862
0c3c9
0a063
08cf7
0964b
0d608
00125
0f026
0590b
0bd31
0f9c8
0a08e
0d0a2
0288e
0878e
0ec2d
00b2a
06eb9
091bb
01826
05af3
0dae4
091f3
07284
0442c
0e294
0a611
09e80
071ac
0eb09
003fc
0a1da
059e1
0fd84
044d5
04725
036d2
038fc
0a8ef
0b416
0d823
03297
04c91
0448d
05c5e
079a0
0e887
07ce4
007df
0a181
00e39
0b71e
017db
0bc90
035e2
0d12d
0d43a
07d69
0e234
08575
03f99
041d7
0dca1
02526
0ac87
0c371
036a9
056ca
062ce
0370f
08e82
06cdf
0bb15
01b73
0ce5f
052d1
0c7ee
091a1
0e3ca
0a9bc
041ae
0bb77
08228
068e0
0c9d5
046b1
0c477
05818
0a76c
0ad1f
03089
07630
0f6ea
0ccc2
03bd8
0ca0c
04028
03865
0b3c2
0141f
0b975
0dbba
04203
0c80b
00635
04391
0a67a
04eb0
042f1
032cb
0f8d7
09ae9
0dc73
061eb
06b40
0b06c
0f82a
0d97c
00644
0d061
0cc21
0e7cf
05ab2
0afdb
02fc8
0aba8
080d1
0079e
0c98f
08ba5
074a8
092b4
08bac
024d5
0e4bc
0407a
0a35e
0663e
0c371
04604
08e36
09de9
09951
0ce2e
0b877
084fd
089d1
0bdef
08f53
06fad
0ffe7
08aad
0219f
02b01
0c7b0
0575e
054d0
0e9fa
02e4a
04e50
038b1
029b2
0a1c7
0d62e
05e09
053bb
0e783
0d418
05dee
0c9d2
0dac5
02b7f
0ac5a
06bb0
0524d
0c316
0e00d
00bf6
04269
09128
094b7
0e823
0622f
05189
03966
056a1
0f2dd
0dc5b
0af22
080db
01ec9
08c70
012e4
01874
02410
036b5
05d87
04044
061f6
05d2a
0167d
056a3
08f44
0c88d
03be1
04bf4
0a0a4
053e0
0de91
00f54
08195
0ba00
0616c
0b225
05b4e
07d2c
0920b
0667c
07190
00978
0373d
0cb60
0e88a
02ee1
0ed6f
085e2
0637d
0eab9
00574
0f76b
0f283
09840
03773
0d94c
0f9a6
04883
00f48
0d4bc
000c9
0d847
0bba5
07dd5
0fc1f
0dda0
01406
0aaf4
007b5
02f84
0f5b6
03f42
0708d
06c53
0b917
01cdf
0596d
00296
085b1
0072d
076a7
0c41a
0032e
0fdd7
0d561
0f8ba
043e3
0f94e
0d1b8
0713c
0a427
0272c
0d553
018ed
013ed
05c32
034aa
03281
08449
0e2e1
038ea
07fff
0c15d
0d5c2
0680c
0ade7
0a7f6
08896
03d7f
045dc
0501a
09ab2
0dc5f
0b8ec
096f4
073a9
0db30
0c645
0c326
0b49b
0665b
0fcbe
0cfc9
0a022
0182b
0dc9a
007c4
0a54e
03115
08579
096b6
01175
07729
0304a
0dd23
07339
046e2
07eed
063ff
0d4b2
096c1
0f303
06e51
065d1
0c7a3
0cfe7
0c25b
047df
0d47f
0d25d
0a428
0d297
044d6
08207
06585
01959
00082
0d5f8
0d16a
06934
0cd97
098fd
08ef8
0771e
0f87d
0ba1c
04719
09bc5
0f695
01cbf
01435
0ac28
0429d
06164
05189
0b674
01e5f
0112c
03d35
0ad8b
0def2
09707
0b8e7
01d18
07e83
09d05
0ddd3
06f9c
01e88
0603b
0432d
00894
09159
0a142
0e2d9
060b2
0aa22
026e8
0a40f
0d537
07221
0f629
00f15
06008
024a1
0d6c2
07cb3
0a2a6
0ef73
0363c
0d6fa
08761
074ce
0221f
0db8e
03758
09104
067bb
0e7f6
0d6cc
0255e
0f452
0d1fb
05a64
0a65c
0e254
080c6
05f9a
08d75
04241
07b3a
0810f
04be9
0f4d2
06ccf
0e1cb
07789
0413a
00a38
00c65
01297
06e31
0c59b
0cab5
04e03
0814b
06a13
0299b
0cb96
02a47
0e44f
0254c
0684f
04c7f
07052
0cc08
0d7ad
0adac
0ecd3
0e3d3
0d5d7
02e38
0c6ab
01b78
0ac42
08fec
0d608
00c4c
0edaa
0d48f
0b688
0419f
02ae8
0c76d
0a24c
0cc18
0d04e
08285
01b59
00fb2
030ab
01a28
02e47
00b07
0b273
0bb71
0dc04
0fe65
0cc02
03533
07ce8
01982
04ffa
02d87
0531a
0acdd
03280
0d528
08aff
06529
08e8a
0d903
064f7
0d101
017f9
0a0e6
078e0
0d751
01abc
07ce5
0faaf
0b903
027f3
070fe
05e37
0721a
03b56
0952d
01fc3
072f9
001ec
0c46f
04b61
00beb
0e426
0d36d
0cea4
0d5b4
00f66
0cfb3
049e5
09c28
0cd60
0b830
097ff
06449
02f29
037cd
0947b
057fd
01c8c
068e9
03f6c
0f054
02256
09027
076b6
04257
0d721
0a665
0e406
04e3c
028a5
01749
0d112
04bdf
09fed
010e5
0dc8c
0e129
0184e
02e17
009b6
041f0
08b85
0ee47
07a9f
0eb7b
05a13
0fcf9
0eb38
05c60
0b90c
08835
0dc29
0ce77
047de
0368b
03428
03167
0092b
0268c
02f44
0e893
0e264
0d0b4
069a9
0a50f
0b520
0f2e4
0f1b4
0215d
0a0b7
0fa03
01e60
03f50
08fff
0f804
03f1d
0b07d
05a06
0a686
00547
05a5a
07454
08c2c
07542
0b2f3
0b32b
0eb4d
04198
093fe
03024
01c81
0f169
00a97
0527d
0bedd
087b5
0a3c6
0ee23
07500
0a144
03f80
04a22
05c35
0a26f
0c579
091f1
0d6b4
09cc9
09c7c
03181
0ceea
0acc4
0d59b
072b0
02307
0037a
0799c
0797a
041fc
06b28
00a9b
02654
01736
0997a
014cb
05e55
0488c
0ec79
02d79
0a60e
01744
0f830
02592
0c179
06ebc
0d57b
087a4
0b2fb
059d6
0a750
082a9
0e9d4
025db
0884e
03e9c
01bbf
01117
067c3
049be
05b9b
02a24
011b9
0a9c9
0bdd4
0ed9c
04d9c
05dc6
0a0d0
0a40c
09551
08f70
09fa6
062a3
0ffd8
08fe1
0c32d
07e81
08aba
0e3ad
0be89
0877c
0d72a
0836e
0de23
08b36
0efa2
0b3a0
05d4b
06389
0eb35
01567
0360f
07695
020b6
015f2
0558d
0ae85
09d8b
0f69d
02a03
0ae53
07074
00122
05ae5
003cf
02510
004b5
096f6
065ec
0c97b
0a2da
0fb96
0cd41
0126c
0ef84
0a1c7
0108e
0a042
01953
04391
0038f
076d7
0d689
00508
00a32
09880
077b1
07403
05b92
06f13
0d5eb
0227c
0f406
04c1d
08c5c
01d80
04db6
0d74b
06a77
0a4f7
070f0
086d0
0a521
021d0
08bce
0db2c
0094e
0509b
021ff
0fa77
0b6c4
07851
0f7f9
08bd5
0b8b5
0ef42
0131a
0c4fc
079fb
00cd3
0cbc3
0a8b2
083a4
06633
09bdf
0c3b1
0b5e9
0fa08
0dd56
0c652
0d16f
0f428
0b8fb
06f7c
06541
0335e
0b5e6
01cb0
06daa
0db44
01b11
0e04e
0547f
0fb08
07dba
0c39d
075c4
02d88
0c29a
0c24c
04284
0ae02
0f30c
0691e
063e7
05ea5
099ac
07f20
0eaee
0fcb6
0dbe1
0db5d
0a6e9
00ad0
05a0e
08b8d
0c27f
03cf8
0b9db
036c3
0a8bf
01e18
0d018
0b2bb
05b34
0dfde
04600
00a3c
07997
0246a
0d369
04a2e
08a60
0afe2
0274a
0edfc
0edbb
05337
08c34
0a6fe
0b558
0bdd2
0a725
00d9c
0a4ea
032fa
08008
023d5
0e052
0b244
0c681
0d874
061c9
0f594
0a14d
0c3fd
0a7b7
0d815
0eb26
0985f
0c3b0
001a4
0730b
0f43a
0fde4
00e4f
00283
07b89
0f990
0c802
01db0
0997a
010ab
04b0f
0af8e
09b2d
012d1
075fc
05df3
010ab
0ae0e
0f28c
02330
0c711
09364
030fe
0b0ff
0cbe5
050f0
04943
06bce
02607
00807
09f6d
0e535
07cce
0af51
0e52b
08864
05103
0b3d7
0ada8
0c196
00b89
0e52b
02a92
0ba82
0c4d7
08e8f
0af73
0aea1
0eb94
0639c
0b663
095b4
0cc27
0f193
02cbb
098f4
0b35d
05622
0a458
070e8
0e4f2
0bb09
0430e
02906
0e39e
09114
0ae92
0da5a
016e2
058ab
0522d
08529
0c28b
0348c
006c6
06eb4
0f7c6
098e0
07fbf
019a9
07d5b
0e6be
0a518
042d8
02b28
03520
03789
03113
0441d
0360a
0fe38
0a6fe
099e9
04895
04300
0d56d
07ce0
0522a
0fc12
0de2b
02f9f
0fde8
07336
03215
0a7cb
07434
0d02d
0dc6c
098c3
0578e
04d7d
0ff18
053b2
0f292
02732
048be
0a323
0062e
0bde7
00eb4
0f69c
046f7
08cbf
01484
03f21
06318
05047
09742
052b9
03d51
0fd44
052b9
085f2
01c11
00802
0f445
06227
09b28
087ce
0941f
03dc8
08f76
0ba36
08a8f
07d1f
099a6
09839
053e9
03a6c
006b4
0c3cc
0ba1e
04120
0ba77
08bbe
05ede
005ae
070df
0319e
0b22c
08f67
00450
0e2b6
01a9b
026f4
03862
0fc2f
01aba
0c08c
0d35a
02cd5
04abf
0b19b
03d40
05166
078d5
029b7
081d4
0bda6
0aba2
02476
0327b
0a606
0677c
06e87
04494
0a26d
0a2a3
079f0
010d4
0b499
00469
0bfb7
0fc61
08e16
0c667
0b2d1
0eebf
0d44f
03ba4
0fc3c
0d8bd
09d69
0ca25
08773
0a0c8
043a3
0ef9a
0b882
02dea
070e5
00d97
05ee4
0cacb
0907c
08846
02ea0
0fadb
0f4be
06d5f
0c2b3
0873a
07219
03eae
08e83
0f45e
09e07
05a81
0858a
07d4b
0174e
08bd1
0aa7d
08b3a
06226
04ef8
0138d
0f513
063d3
08f83
09f36
066c6
050d2
09f80
040e0
0709b
014eb
0e752
0e21a
0a627
0ab5e
09934
09bf7
06c60
0be7b
0d170
05f83
0637a
04ec5
0bf4e
0f18f
05eb7
08a77
028fb
08aad
0e550
05b97
0e4f1
0debc
068b9
0ab21
0defc
0602c
0019b
09d9f
0c0f0
0d557
0a36e
0ffa2
039e0
0c5a8
0c9b5
0d5d4
046aa
01513
00068
0ad65
045d5
0a6df
04d06
0bd4b
0ad64
04b21
01dd5
09af0
0fb8b
073da
08f11
0700c
080cc
03fb5
0697f
00531
0a982
06669
09e7a
015d2
08e2a
05f6d
0e0bc
029ef
0e8ed
0c9bc
0287a
08dbc
07fe8
082e8
0da4c
0146e
0b5df
0b470
010cc
01024
09cf6
01145
049f0
0d985
08c3f
0f604
0e21c
00387
06f17
00e5f
047fc
0f5ae
04488
0128f
05f8c
0f0dc
02b67
0df33
011b1
08dc3
09ae3
0b00f
00b21
03332
08ad2
05ed1
02cb2
0e2a3
02982
05ebf
05935
060ec
03e70
057f0
0d6ed
07e74
04a1f
05afc
0b23d
00ee6
08f21
00ca5
0241b
047ef
0d2c1
02a8d
006e5
0fce4
0dc78
0c30f
066a1
066b9
0b9f6
04b05
0d205
0ebaf
09589
02125
037f9
0abe6
06008
0feef
0438e
0bad3
0d806
0ce73
03732
03379
07b1b
087d3
046b8
0421e
03bb1
092c6
0e33b
0620b
0bf1c
04f24
01b1c
0134c
09c37
04c1a
053b1
0a177
07ac6
0edaa
064f7
026cc
0e106
05c64
08f62
0a455
0b756
0731f
0faa7
02726
00af0
0ff5b
0eb20
043ee
020d6
01176
092f2
01855
0ea7b
0bc42
04c27
0f734
08426
09041
0dbf9
0935a
01cab
06e73
0aead
00a16
0d6b8
0f518
0d402
0a670
08459
07528
0b83e
06480
0546e
0e072
0860b
089ef
092fc
080b5
06cc8
0754a
088e8
09a75
02bda
0ebd0
000cc
0eed6
0adf2
0e0f7
0b13c
0eb0f
09ff7
08fae
066eb
032c1
048af
052e0
00c3b
0f238
01385
0d783
06f03
06cfd
01e43
0d68d
07baa
01171
00e1d
05afc
04a8a
0fa6a
05ff0
020ef
05e70
047b7
0450c
00839
032ba
02d49
05ee9
0efa9
03a49
07150
094f1
0b9ea
061a1
04423
0e791
07bc4
0c93c
0cfaf
01e0d
04b80
03d0b
0d843
0a51a
0c3ba
0ccb2
06fa3
093b8
01c86
02a12
0d609
08dd8
0e9ee
0f354
027a5
004cc
0d651
0236d
072f5
0733c
001b0
04272
0bc02
035ea
0ea2d
0766b
03ce6
0dc9f
041a1
04154
0e92b
06457
06855
0219a
079ad
082c7
0fa10
09578
0e86a
0f7ae
07def
04029
02a2a
074a4
08439
0fd9e
0f647
038fb
0f3d6
097a0
0d48a
09894
01972
00999
09b7b
0b08e
079f3
08bcf
0db15
04606
06a94
08272
0ad72
027b2
068ee
0943c
0ea9c
0fbae
05e83
03943
0f2e7
0cfe9
0f772
0443a
0e5ad
0e8d8
0155e
018e5
0b85a
01a50
05b29
0ebef
00025
03157
0e7ac
06e89
0be84
02b67
02af6
00005
078a3
0aee2
047cf
0c242
024bc
03921
0a0e3
04884
06df9
0ac5e
0e46c
0b76f
08e1d
05031
035be
0571e
01e90
0864a
079f5
02625
058b3
0b021
093c8
05d63
001d2
06494
0c351
0713d
06584
0ad45
07e2f
0d43f
0b2fa
0db36
09647
05e1b
0f168
00c26
0127b
079ee
0047b
0a822
05d36
0b472
087de
0e406
03a5d
0a47e
08df5
06a70
0e109
060d4
054bd
04678
0c1f0
0b707
08bf2
0b072
085bd
0881f
082ff
0ec32
0c000
0cf92
05029
06af0
0176a
06fef
00433
0e9c6
04a8d
0c5f8
0ef52
0f774
0683e
027cf
0a791
00171
02048
02fbe
003a4
099bb
032e1
03b4a
04fa0
0b990
06531
0f4e0
0a399
0d7f0
0fb4a
02175
0a2fa
0b1cc
0a3b8
06116
05f44
05e9c
0d7c7
0d0df
0b786
0da49
0b3a0
082b5
0d160
0def0
0c698
0291c
0fbdb
0304e
0e506
03889
0a350
0c30c
0bdf4
00e10
0ae7a
08561
0b087
0a097
0c75c
011bc
0458c
05af3
0fe62
079ad
01f47
018f1
001f4
05037
0e473
03724
058d2
0c1e4
0f705
0cee5
0407a
08f5f
07aae
06eba
07b8a
03f6a
043f7
0b1c5
0782f
03184
0af3d
003a8
049eb
024b9
05cdf
00f13
08f12
076df
085c4
0ac25
00312
004f0
0a519
01393
0e068
0fba5
01c34
00fa3
09349
063cd
0586b
00d01
0356b
093bb
0812f
0d3d6
06303
0bdb4
0d4f1
0c9df
0f4b1
00a11
043f0
00e0d
08e5c
07a04
0fbcd
06cf4
0422a
0a1aa
0b503
0cb35
002eb
0e218
01cf3
0f85a
0035d
04da4
09826
0a63e
00eaf
0f81e
05e59
0943e
069ac
0fad0
0f240
0db51
06220
0724a
0806b
0f0d5
00d4d
0c4c1
0cb18
0595f
096cc
09b42
0ba06
01854
00daf
09fd1
07450
039a3
0edea
08af7
05e6e
045b4
0f9c6
082ca
023cf
0596b
0672e
01c98
09f66
067ea
089a5
0491c
0c177
0993d
0e798
08c87
03cd3
09d0a
04bc7
0c4ea
0b27c
07f43
049ce
0062f
0baf5
0a8bd
06d7b
005a8
05995
09e32
06354
03a64
0ed34
036e0
09f9f
090ac
00b92
020e3
0a899
008e2
00e27
02eb9
0ce15
0a84c
05258
05634
0b904
0c96c
04d9f
0028f
080bf
057d0
0e7dd
09eb7
07fa8
0ee1a
09ced
064cc
09bd5
0de72
007fe
08652
09a4f
01ebd
0e4d9
06707
0e9fd
0eb28
06018
05820
0728f
06106
07b16
0ed55
0e242
051fb
05507
0b6fa
05e9e
0da86
068ec
0a462
0e556
0dcf0
0283d
0000f
0ac3a
0b721
04d7b
0a8f0
03b21
02476
032fa
03685
001f6
06f1e
03e27
01968
0737e
09c3f
04dc5
0ebca
010bb
071a7
08f09
001c8
00ecf
0dd7a
08db8
05067
0e4f5
09142
0d10f
0da65
09aed
039f2
06c92
0bd35
0685e
03718
08e20
03754
0198c
0f2f0
0321e
0bc22
0cab2
029a8
06081
0e633
033da
082d7
0020e
0d1b5
04144
0905e
052ee
0e7f8
07794
0ca0a
0fe2d
00f3b
0e09a
0fb59
03caa
07b4d
09242
0f233
00a41
0395b
06edd
0e6f4
0d405
046a4
075a5
06792
05e18
08aaf
031df
0df68
0cfa7
0fc11
0e9eb
0d54c
07734
04191
09244
0861c
02152
01c26
0c086
030aa
02c35
02af8
0c693
0029f
0ddca
0bfe7
0cc1b
014a3
0722e
07b40
0043b
0782e
09405
02a0c
09678
07918
080ea
016a4
050cf
00227
0c0d2
00427
0b17f
035a2
0e233
04bd8
03e27
05f64
068c7
00a6d
057c6
0d706
07cbf
0f3d2
0d376
08034
0025f
03b26
0c8e6
072a5
08408
02950
0a7a8
02a3c
0da95
04950
0b7f3
0e2a6
07753
09685
0ec7c
0b939
0bcdc
0ed5b
0984a
0e20d
05eb2
01585
068d3
0b19a
005e3
0cccd
097ec
06131
070fa
07481
03d9f
0a3c0
05739
09df5
04766
0d748
00e10
0b57c
0f93b
021ee
02a02
0acfb
0a80e
078b3
06e97
0c175
0215e
04c96
06cd0
09448
0e66f
01bd3
08224
0e0a8
09c1c
0ffdb
0dcc4
0132a
09f2d
07ff2
005af
0afb1
042c8
047f1
0f62c
056f6
01cf5
04b32
0d964
00f62
004f3
0430c
019e8
0026a
0b1ae
06020
0d453
03871
06317
01287
0b6b4
01e11
05212
0387c
04c43
01bff
0ee17
01f5b
0de24
0e2bf
08ef7
05bf0
0e273
02afd
09824
02cdf
0ae54
00f95
020d9
059f3
0fe07
0077a
08685
0e433
092f0
0a9a3
0bbf9
0827e
060e4
01ffd
0d5b1
0425b
01a05
0c662
002b1
06ee2
0257f
0c249
0b618
01057
01eac
01680
0d663
0a8bc
0c4d5
0784c
043c4
0f627
0ecaf
0bd80
0fc17
0cb8b
0edb8
05ff2
0382d
0963b
0cb75
0b380
07b1d
004ef
08dba
06ab6
0900c
04523
0077f
0a8ef
0fe2d
0e040
0e98a
0db58
02b37
06a01
04b78
08000
0a940
0d864
09798
0aa8f
0d11d
0f96f
0ec06
070ed
098d6
008ae
0cd66
0eb9c
02c34
0cfc9
0b4a0
01ae9
028cf
057ef
047de
05d86
00311
03c61
093ef
04b5a
0e8b4
00387
09bd6
02faf
06b4b
0d0c9
01f20
0308d
0083c
094a4
0cc6c
042c3
05e36
01e1a
087a0
0a9a8
0a24b
0bf30
06728
030dd
0c993
0c66a
00483
038a6
0a984
076ec
0d3b5
0e62b
0b0f3
0483b
0bc0b
0a88e
0d214
0cb52
07aa7
01bef
00d7c
03ad2
0cc8f
0013f
031cf
01745
066fc
0446a
00798
07348
0e773
0fadb
08bb5
0ec37
026c3
0bac7
0ce3f
09c16
04e4f
043b7
074a1
0aab7
0a675
079e7
0fab2
02ee4
0b3d6
0899c
0444d
08b72
04536
05ab2
09c39
0674e
01387
0df01
08098
0c3d6
02287
0e486
0d789
069b4
09e6c
07ddf
09988
0fa18
08ced
0910c
01a1d
0cc90
0e55d
0ecce
0495d
00e89
09417
0fb37
0566f
07493
064ae
0ef9e
02a5e
0624f
09774
061e6
07afa
0d956
00e48
03953
01a0b
01925
0a2af
0e503
02dbf
057a5
0acc3
05401
04042
09317
0320b
0a4f5
07501
09cd1
0b305
0baa0
0c57f
096de
0ec02
0679d
08058
06213
0fa8c
02f60
03cb0
0196c
000d1
0d041
02699
09581
0e7df
0c35b
0fc4c
0886c
03bbe
0bb32
0d3cb
08434
0402b
02792
0a5b9
0d756
00aee
03ad5
06a57
0f9d9
0f948
051a5
06b3d
0a89c
03416
019d1
03363
03849
043fd
0b236
054d6
0c1e9
083ac
02096
0b147
09edf
0b7fb
01569
0b4fe
0e931
0ef3d
00a04
084b3
0c359
08a77
0e0aa
0efff
0f2b5
09c4e
05b56
08cf7
0ffa9
07e50
0611a
0516a
077e4
0dc60
05f33
01107
02ae8
03630
06e88
0b6fd
04a1d
03814
0f671
07e7b
04b5e
083ba
06fdf
0049d
0bbb0
05e26
0ede7
07441
0772b
0c131
09bce
0667a
0cd3f
0bb85
0444e
0db3c
042fa
00a96
0d1e6
014ea
04ca5
0f5a8
0896d
0b03a
0ee4a
0000f
0ffff
0155a
01aea
0bbc6
0299d
097df
0a7ac
096cf
07155
00345
0f293
0d4fc
0f845
0eb9e
02a71
08b3b
07434
05eb8
09d1a
06f75
0a131
0cbd5
0591a
036d0
0ba87
0aeff
03e8b
0103e
0ac08
085d8
083bc
03673
04339
0ee52
04c57
0d567
001ba
02e91
0111d
02837
09837
06db7
02d3b
0d4f1
09ff2
02eb2
00f67
0e0a4
066b4
0737d
0e5b7
07c85
08f9c
05879
00505
0584c
0438b
006f0
0fb28
072d4
046c4
053e1
00029
0d55b
0cdd6
09b40
0874a
02d51
0f41a
055e7
08d09
0c1f5
0a1a4
0975b
0f094
0a36d
03eae
0bae8
0bba5
06131
00be4
03b79
0ffc3
0a173
0bb94
0f8f0
05604
0d3ac
0c838
01bb6
0adb8
0419b
0c995
035d0
04988
0ce02
0d4b0
0794d
0b64c
08323
0e04e
0f307
0595d
023ab
0868f
04e20
0ee45
05812
05a88
08525
07142
0462f
0f31c
0b934
0b012
020b7
07630
0ff37
08687
0abd0
041cc
07d42
016a0
01f03
0bb82
08028
00009
0eef1
04fb9
08812
00b77
0bbd9
0a992
0b129
05315
043d8
05920
06432
044d1
0f3e0
02c9d
01b55
002f9
0ac2f
078a1
0554e
099df
0e43d
0b9ef
0bfef
08538
0cb4f
0b5b3
019d3
0a99e
0753e
0c498
09f98
06cfc
08894
042ac
031aa
01583
0cc56
0401d
0e236
0f25d
0e2e2
0dfb6
01702
0fc6a
051f3
07398
03f82
0fe65
0f4bc
0c3c8
04ba3
001e2
05ac5
0e773
0276a
0f930
0f779
0c077
0bfcd
0e9a1
019f1
0f754
0e3da
0b8ed
00fb4
07107
0bce9
01721
05176
00f65
079cf
0bcf8
06357
05694
088e5
06677
0304d
06f17
0dbca
0f8e7
0acb6
07e58
08b8a
0413f
0c0e7
0964a
0d906
07692
0dfd4
092e5
04d76
0da08
014de
0cec1
033a5
09694
0d5c7
0ba14
01cf4
07489
099eb
044e3
0b959
04802
0ae07
0e11a
099d6
0cc31
09d93
02de4
0d9e0
0e942
04dc4
0b39a
0bf2b
04729
0d3a4
0369d
0b144
004e7
06e65
0e0e3
09a80
0adbb
04db6
02238
0cf51
0c93d
02bb9
0f0e3
07d3f
0b93a
05f94
08a77
0eb09
0af44
04251
0c683
07cae
0bc5f
0f32a
04247
02148
013df
07949
042b0
039ec
01e43
07cfb
0e050
02fcf
089b6
0faa0
01d14
09dd2
0802e
00d6a
080ea
008f7
0df4f
0169f
0e5d8
0b631
0ca0e
0edd0
08c4d
030f1
06289
070fd
09e9b
0c83e
03e86
03bb2
00780
0405c
0a538
077c3
05ee7
05c7a
016b1
09f69
087bf
0acb6
0245a
0a320
0c0c0
075df
0fbfa
01d14
01dc8
07d99
00a5a
0e783
0f5fb
010d2
09824
09e4c
03669
009da
02a57
06ad1
0a9d4
0bf03
073e8
0b0a5
05688
0d4ff
038d5
09ca8
0f578
09d0f
0d4ed
0dda2
09ff8
03781
0321c
0dfae
0b725
02543
06402
09451
01802
0a4e3
0569f
0abd9
00f33
0c00f
0fbe3
0c266
0640f
021e4
02e65
00a62
02fda
0baed
01d0c
0c0c0
06600
03abc
03148
04f30
0eac8
028e4
02806
08b2b
0529c
0d673
0ee1b
0ce0b
0e59d
069af
0a954
09b61
01cfc
08cec
0e84f
0988b
0d464
0c18a
04a30
0e6b3
08658
0aaa1
0d73f
0e825
0364f
085dc
00254
0b4ec
095c6
0c9a2
0a33d
0169a
03385
0a4c5
0aa0c
07c08
072c2
03fda
057f2
02004
0e636
05cc9
05520
02adc
0e0c2
0e608
0043d
08d13
058c8
09a75
0fc29
015cd
04a9f
02e30
07a42
06cce
05986
066d1
0b0f3
01117
0d2b5
0f751
0e1d4
074e5
0d4f0
08f02
031e7
04049
0c3c2
0a5fd
04ffc
05c1d
019b4
0fca5
0e8a1
0a9fe
04080
07ada
0d1c3
05038
05f68
0e845
01ea1
011a6
01810
09e4b
0085f
01630
09c5a
081b4
0d640
02936
0b013
0e837
07d22
0b364
0465e
02b45
0ff1a
002a2
0b9bb
0ba24
0cc4e
0907b
09429
0737f
07f9a
0f48b
09ac1
0bc66
045c3
0ed67
01513
03396
0e6eb
0aee8
09735
0c8e3
08fb5
050a7
0bd37
0a3be
056cf
0da78
06d61
03705
04f3c
043a3
02d39
0a1ca
04779
0493f
035d7
03731
0a396
091b6
0c2c4
00d27
0d334
03e40
0514c
0651b
06ea8
0e2a4
041fd
0cfc8
0a706
0cdf7
06be4
014b3
0fed0
040e4
06493
0368b
04ac4
04e29
0ecfe
05568
0853e
05295
0804f
001e8
0bdcd
017c6
051dd
0b717
01b24
0576b
0d4f5
0218c
07084
01138
0b763
0a563
0cd16
08957
0ab08
009c1
08c21
0a0b5
0b007
0ef1d
0ef61
027b5
0fc3a
08101
09b92
08cac
0600d
0d9c4
017cc
0fbdd
0c4d6
083d7
05302
0ea20
0e5a1
064b9
081a9
0dc6d
0b11e
0dc70
0833d
0a7db
03a40
01cbb
01cda
08fbb
09f31
02f2c
075b8
0976f
03810
029fc
0570f
0c131
06466
0832b
0ee48
0cc69
0bc2d
00aab
0db9d
0ac3d
0efca
00daf
0d718
03c4d
0085d
0ac82
071d9
05041
0ade7
080a8
0f2e8
0742d
0357b
08eec
0d9d5
0dfc7
06962
0a625
06add
0aa7b
09053
02e82
03979
0d1a1
0bdb4
007b1
0f4b4
06f48
04d36
0e1ea
0b44c
0b887
0498b
08d17
0b76a
0f11c
0d2e1
07334
078ab
0b7ac
0ce34
09f52
08dbb
0843c
0bea2
0254a
00fa4
01739
03645
0dbea
02f17
05ca1
0cc1e
01dcc
0051d
0c62c
0f0a1
049a2
0c8a3
0197b
0c4d2
02d22
084df
0c291
01156
098e9
07704
07c2e
06245
01bb4
0c342
0680c
08e21
02e69
02177
04de8
06a16
0736c
0f6c2
0caee
055ee
082c6
0c90a
036af
03aa8
0cdbb
00f77
0e252
05ed4
0a734
06a08
006de
06c15
0c928
04aa4
07b72
0c469
00379
0b376
03f30
04adf
0b3e7
04965
0abb6
01914
06118
084c5
0b8ff
0d995
05a2e
02dfe
08643
01c24
04081
0f69a
0933c
0edf0
02229
0bdcd
06b7c
02a19
01ea7
0fab9
0b918
0d1b6
083b0
0ba1a
0dd98
08c77
0e63c
075b5
0fd47
0e9d4
04bc9
0cb52
0e661
0e21e
01740
047d7
0980e
03ad2
048ee
0e2f7
0937d
09265
019c0
0fc2b
06d76
02f90
02f3c
0966d
0d773
0769e
068a1
0b62d
031c3
037a2
0a514
02cb9
06059
051e6
05b42
0e3a4
0bd0a
005da
0efe3
04b03
0c0ab
0fdd0
03208
03c9e
062e4
019c3
09d14
0fbe4
04bfc
04b2f
0636b
06947
0f9d5
0a5fc
0e12e
00ea7
0909f
09e9c
09ac2
0cc4f
09631
0c83a
07f3a
07f39
08bd1
04f7b
0bed0
06517
06a27
07fd8
0217c
0500e
0245c
00343
0e78a
0104c
0e482
028ce
03bf7
04c84
05afb
01600
08ea1
0149b
0e1f6
048b0
049b3
08e15
01e89
0be4c
00c0f
0fe5c
07c7e
05718
0e09a
01708
0f9a4
0f566
0ee7a
0cedb
089de
0c897
00365
0e5bf
07b04
05154
0abd0
0e538
0bff8
0bfe4
08412
03de4
0a005
05de0
0536a
04b75
033f0
06423
02743
06cc0
03860
0bfd8
0af0a
00a72
0849b
018c3
0e443
09b9d
08b8b
0f62f
03fb3
09f17
0b2ef
04d02
07337
0bbc8
09c9f
04c1d
0af77
0fcb8
0d70c
0ac63
08534
02768
0de55
07f63
01095
018f1
08dc6
00eb0
0ebb1
0db4b
06c27
07dc2
0907a
077cf
04ebe
0a959
0528a
079d9
0ab8b
0e1f2
06190
0af99
07a40
06204
04832
05418
0eac9
05c2c
081b8
02117
0265f
0642c
09724
0d0e2
082de
02b03
00a67
01604
0e7ee
0c058
0d9e3
021ed
0423f
0ceca
0568a
00502
058a0
02737
05011
0057e
08539
004e9
04b1b
07a78
0858d
02783
05248
030a9
071f6
08d90
077a4
04e97
02ef0
0801b
05f8e
0f68e
02604
0471c
030ac
0f14f
0aa6d
01b67
0e736
0bdd7
07ef0
0155e
08884
0c04e
03790
0646d
0b17c
059b7
0794c
00751
098b7
06344
05fb2
00680
06111
031cf
0d5b6
0f82a
06891
08303
04248
04aed
0fd29
0f0cd
0e848
0223e
0ade5
091bb
04a80
0fba7
06805
01ae4
009ee
0c0eb
0d119
0a4a7
01786
07b2a
01dcb
08f4a
0e317
0d0bf
097c2
03ef7
0bc3d
013fa
00b9b
0cf9c
015d5
096ae
0f5f3
0484e
0cd8c
0454f
0edaf
00f07
027fe
0d79c
097de
01404
08478
04bd6
053e3
0d1c7
094ab
0843a
07622
0a6b1
0dc69
05e78
06dda
08419
02843
04d97
0457b
0e6f8
05a2a
04798
06cd6
01678
0f288
07de4
0354c
05bf8
09521
03e4c
0d05f
022b9
09ec4
05868
01d7b
0ca13
0d5c2
03eec
0545a
0e858
020e5
0cd10
0741a
000b7
0391d
0547f
0a18a
0e4b5
04c29
04feb
06af3
0b097
01186
09321
0a92c
02903
09662
0ddc8
0262f
07811
0c429
0203f
02cc8
02592
00b7b
0169e
0055d
0eb1f
01d7d
09023
0fcde
0bfba
025bc
07a85
07b95
0f1ef
06c26
06956
01056
0c66c
0213e
044bd
0e9e4
07913
01b43
00e14
04c29
0ad2e
079de
0ec76
0ba5d
0fb21
01ee8
02767
0fcb8
0146e
076d2
0f714
06b89
0898b
0968e
0a23f
07b80
06afe
0713e
0eddb
05d51
0a034
00cb4
08775
041dc
0eded
054ff
04bf1
02e62
08950
06cc7
0a38f
0018b
09c03
0fc77
0c927
07fce
030cd
08634
07258
05b3b
0f354
03005
0400e
0156a
03baf
07713
09cca
0a2aa
021dc
006fd
0f5c4
0b775
0869b
0ddf1
0ecc1
05fd2
089c3
0b369
04af4
079c9
02a79
0d767
0ed17
0f415
0d50f
06c89
089bd
024cf
027f1
0806e
07554
09e67
0ab78
04123
04345
0e9f5
0e1aa
0e059
09d46
06212
045ec
0c6ff
02dbb
003c6
05e50
0cba1
0e4f3
027b6
07416
01aed
0fb6c
0ef84
0f85d
02d7f
012ab
0c2a9
08eae
01a8a
022a9
05062
0c0c6
02664
032cb
010cd
0b865
09131
00acb
08bb3
0aeb0
0fc8f
05991
00220
0c23d
07db3
04cf7
0bbc9
03a36
0fb07
04f9e
0544e
0dd9b
09b85
0eada
0d1c5
095b1
0ee47
0983e
0e81d
0d5ef
099d7
04b26
0af72
0fe70
0ee33
01947
00e67
0ddf9
0a966
0a4e6
0a43b
0ed4a
0aed0
0cd39
03f01
0b84f
029d4
0921e
0998f
02daa
0a2a2
08225
0ef62
0687d
07e3b
0495a
03d16
08b59
0a4c1
072f9
0c5dd
05d40
00c8f
090cf
04809
06b14
0b0ab
0d061
0470f
00751
019ce
019d6
05504
04308
0e103
0b070
04340
0d2e3
0384f
023d9
02147
059c5
04a08
07512
02c87
01756
068dc
0769f
0eac7
0fe94
09288
064c1
0befc
05eba
0136c
0d65f
0c1cd
03d92
03ae4
07bad
057e4
0d57b
0c9ee
0c080
02dbf
07224
0135f
08bd4
06eed
077d6
0d77b
0b2dc
0f0c8
09186
0fc7a
0e146
04009
0ea22
05c1a
09257
0d30c
089e4
09dca
0a28d
0f683
05a88
0afb9
010b7
03671
05170
050e2
0d6ce
0a849
053d9
05960
02eb0
08fc6
06049
0c125
0353e
0bf2e
0f92f
02a77
03e67
02309
0144a
0b23e
01d7d
0b6c6
0ffc5
065e4
031f8
0a07d
00a93
0b8fe
01d5a
0d80b
0424b
03bed
0b574
019ff
0c072
04695
02373
081e9
0bc8d
03294
0b55f
0f858
0b130
0b24d
0d236
00805
0843b
05503
0e083
00c88
0df7c
047a4
06a5a
00c9e
09f83
08250
07cf8
0b799
0e056
0d2e5
088e8
057bc
008aa
05c59
021d0
02603
00afb
05df1
0044d
05673
09866
04aad
09b0b
0990b
04fd9
0c710
06b1e
02bd1
09a71
062e7
0c01c
05680
0ba61
0fd5c
0788c
0552f
0e737
07873
03cd6
097ed
09504
0ba57
03ad6
06129
00e98
0634f
01a85
08a7f
02cc8
08930
0747c
0cb0d
0ef01
02a5c
069f1
019d0
0f367
0ed16
0c31f
0c875
01d90
0d395
0e688
0c61c
073bf
0118d
0b203
0ac0a
04b4a
08e02
038ce
01be3
00b4a
0fd1d
0420f
054b3
029b5
0c9c7
0efdd
0ac67
056aa
0c528
0bebf
08411
0b673
00417
090c6
09be6
00c96
0d205
00e84
083a3
06a0d
08b78
0c407
0bec4
0b2e3
05d09
07f63
039fa
08b62
03dbe
0d1d3
00499
0b6fd
0c10b
04dc1
0a2b8
02385
0d835
09452
029a5
0af55
05037
07f87
06253
0c845
09584
0dc3a
0214f
0c0c7
030d9
06eee
09b82
052e5
03f7a
080e5
04028
0a11a
0ed35
08109
00a71
06870
00614
00697
0288c
0fd89
066ab
07932
07e94
0a6bb
0456b
037c3
0095a
0d381
05aa5
0ea3e
0d773
07670
08404
0c2d7
096f9
0cb16
0db01
030cd
0b644
02577
039b5
0d724
0cef5
09296
0a433
0ce03
0e224
01942
08b4f
045dc
0dd83
011b0
06f61
0d37e
02582
0028d
0d2f4
08083
0162e
04798
0dad6
00bdb
0f29b
0bbc2
02ec2
08b5c
0727e
0ae59
0620d
0ebb1
077a5
02973
06086
03ee0
04df8
07ce3
0a08c
07c49
01e04
02784
0c7de
07550
092eb
0aef2
066f4
028db
03ab4
0ee91
04e21
0f782
06b68
069fe
015eb
05dd7
0f33b
05798
0eafa
00b96
03ef0
0d996
071ba
0827e
03827
0a41e
09195
066ce
07de1
082c6
05c08
09185
0ad04
085a8
0dd83
077cf
094ef
07e63
04fbd
0e52f
0cbf0
0e516
0382b
0143b
073f5
0518b
09afb
0a6c5
098bc
0efa2
07859
07a75
04564
0a70b
021df
0538d
03b4e
0ca87
06b17
08984
0279f
0247b
06d95
0b202
0a108
01b40
0cb58
0f224
0366d
08363
0b623
0e93d
0578b
0add7
00168
09c11
0a173
0ec8a
01953
0a752
05c30
0a56d
05c42
060f1
0fa69
0d579
0f0b2
09b1c
0ede8
017a2
0f81e
0d59f
0bbf0
04fb7
02db6
0225c
0b061
0e5ed
0c44c
087e2
06ad3
0efb6
06b14
01f18
0c9e7
0e2b9
0c70f
0c1be
04531
09886
0df2f
070b3
0a1f1
08b67
035b7
01b7d
08064
049bc
0b3cf
0aab8
03cbf
0a080
0a63f
01c89
0bc41
0093a
01f5f
084b2
0860b
055e1
057f6
0e627
02eea
059fe
0c7be
0e45a
0d715
0cab8
0a681
0378a
06fa1
084d5
05954
0a058
07a8d
05171
0a088
05c34
03115
004e2
01124
05330
06195
01758
0df2a
04110
002f1
0d58d
0a923
0d7fd
0e9d9
0948b
00608
08767
0d1ce
0b385
0047c
0965c
0c680
0c953
08628
0cd5b
0dcdc
0e3ea
00ca5
0d4cb
09be5
09bc1
0402c
06b2b
0a7a7
0d1b3
02321
02d39
0dd20
072f2
04d6c
0f8ba
0e98d
008ad
0a957
06689
06b6b
05033
0d603
054aa
049dc
05eda
038e2
0d42e
03578
0f599
00c46
0cb3a
039cc
0b4bc
01094
05b5a
077eb
0db9e
070f7
0aab7
08afd
003ce
05986
09886
00e64
05d51
0168c
040c1
0db9c
06c3a
0c2b4
052c8
00332
08862
04db5
03189
0e817
0ee34
0993e
04c74
0bb6d
09ec5
0a44b
0ef80
0d0fe
0c13b
002df
0063f
09ec0
021e2
000f6
0babd
0f4a4
07f61
0cc30
046af
02af0
03e49
0059b
0ccd1
07c17
094a8
03c05
0964d
048c0
0166e
0f6ff
0ce67
06a45
08a66
0b9be
03e07
0bc6e
086c6
014e7
0c2be
02575
05dbe
0103c
0efc4
02048
0249c
0b26c
00b9f
01e5a
0952f
00d82
05a35
013df
0ee4e
01805
0dfc6
044e5
0c3f9
053e9
09b72
0cf99
034d8
0258d
0d6f3
068c3
06d43
01ee7
008e9
07ce8
00a2b
0992d
00522
09e96
00c8a
0a1b5
030b9
05414
0343c
0a508
0334a
05570
0cc7e
0b1ba
0e82b
03718
0d10c
046ac
0a569
090f0
09799
06f8c
08a19
0914f
07e4e
0d0bf
065ac
0af40
058f1
0d4ae
0e3f4
0011a
0ea9e
0469e
0aa31
05b57
0476d
01172
084d7
0eb4f
0cf76
0a5cc
0bec9
02756
0e300
04674
0ec4c
074e5
0d351
03df5
0a08e
04860
05e57
03f75
0fed8
087be
0f23a
09840
050e8
0620e
03a3f
06d16
0195e
08d7b
0a7f8
08a55
00a15
02102
07f67
04611
09e6a
05916
0bb05
0ca9f
005ca
0f402
0af86
07c51
09bb8
0338b
0f192
0b6c6
0a43a
042dc
01452
093ad
016e6
0fc1c
0f276
07ece
06a0c
06483
0a490
039b5
0235c
01573
07b96
05ebf
0b970
02d5e
03467
0c5db
0efd4
032db
005dd
0605c
0384a
0e608
00f27
0ea32
033e7
07ef3
07323
0bd1c
0876e
003f0
0baf3
07b7a
0cc4c
02dc8
07111
00613
00298
0a4e0
0c741
012fa
020ad
061fb
0d7a5
01df5
0f174
0094a
043f1
03fba
0977d
0b0dd
038af
0aace
0a393
08a7b
075eb
0e76c
00eb2
03223
0f3d4
03bfa
0ab0c
02cec
069ce
0ec78
00ad8
0bbf3
085c4
05bbb
0424c
04c86
04fc2
009cc
0be3a
05aca
09c72
06da2
0e34b
0688b
0ce29
063d8
0ac69
0ab5c
0fc6b
0deaa
018f6
0d85f
0a695
0e9d9
029a7
0ed68
0af74
00be6
071b8
0472d
0b2d2
0f765
0d990
0c418
00e23
05058
02225
00cc0
07efe
0c807
0be6c
0551f
0d69c
01596
08ad9
0928e
072c5
07799
0f0cb
0d0ef
0ded9
079ad
0df66
0673b
0d49f
0fc95
06f18
06345
0adc4
04f90
0bf7d
0558f
0ffff
06876
062c9
0ef1c
0d20a
0d9e1
09edd
0592b
0348a
0703d
0fb65
0fe8b
06115
063a7
0cc4b
00bee
04d1e
0f6fb
0ca6b
0d5b7
0059a
07a1a
054a4
08e8a
0b6a6
0ab3b
0c4cc
0fd33
0030a
0167a
0c54a
0877a
041ea
0c54c
00ab0
0e494
02cca
01b05
08fa1
0c917
08548
04789
0a195
0c1f0
0838d
0e00d
08ef4
0b04b
04e3d
0f40e
041d8
04f79
0f018
0a22e
0b537
0f87f
0a5ca
0a697
05a82
0bd7e
0efb3
09108
028d1
0ca5d
09915
046b8
08853
0a36a
061af
03072
0f16f
06dd7
0c456
0108e
00055
03471
060b6
04041
0a9c7
0226c
0ab1d
0386b
000a2
059b1
0dce2
05cf1
0ea96
07031
0c4e7
0c423
039d8
0273a
014f1
0a89a
017ce
0763c
0aacd
0df59
0073d
0bc5b
08cde
04ae6
0ed81
0f5f4
0317d
00652
06fde
0992a
00566
07093
0980f
00cb9
00e19
0ee3d
0525f
0de1e
01245
05f6d
06a0f
00f38
00121
0b75f
0ac55
09db6
0a908
07f66
09c4a
05c46
0b71c
0a7ca
0dde7
046f8
04096
0f4dd
01767
0f29a
0b534
0c476
0e52a
0a4d8
03a90
0939e
09a43
09fc5
0ba14
02d3a
003f4
032b6
017d7
0e7c6
0e5cb
067dd
09a37
0b1bc
02d0e
03239
0d648
089c3
0afe3
0c287
02a0e
048b6
079da
0921b
08e7f
0104a
075b0
05c80
0abb9
080d8
09644
04466
062f8
04764
00281
03d68
02d5a
08ca1
0c146
08194
0124b
02827
03b97
0803c
0d684
0ca11
0728a
0711a
09bb5
01f89
00946
06f5a
022ef
0c4c7
09bb3
06689
06f15
07d4d
05b85
0368d
0262e
08658
0fa3c
08755
086d9
0a0d0
0bcc3
0b63b
006bd
098bc
04052
08ca8
059a0
03a4f
08715
08f57
057ef
0c57f
0abe2
0815b
00304
014b3
01c87
06fb9
0aa72
05591
02c80
0d779
0de52
0cbc2
04ee5
0727f
0ca8a
0a225
079af
00c22
0887c
08807
09042
0eb30
09c00
05a65
011a2
049dc
02dfe
0dca8
0e2f1
0ec59
03696
001bb
0e95a
08cd2
00c53
06b89
0e52d
01393
04dd6
0756c
00d9c
08b04
0ea76
0f3a5
05213
045a2
0d01c
0118e
08e33
03ae6
0325c
050b5
0bd9b
080af
0dcce
04a1b
045dc
039fd
0c214
0d9ce
0e566
00797
07c39
08523
083f0
0f6dc
04f1d
05bad
06d8b
04912
0c16a
09c7e
0a55c
034d3
0703a
0dd73
0a29b
0a570
096cd
013af
0f062
0d613
0940b
0bbb4
0f215
0c6fc
0021b
044dc
0d1a4
08057
0699b
0de00
0942f
03ef5
039ef
01fff
0a85f
09ec3
0e506
00f3e
052bc
0423f
0120f
04cbd
00528
018ab
0914e
0d5aa
084e5
019c7
03137
082b9
093c8
0bf43
09655
0bfac
044aa
01684
0e4bc
0107b
00e48
02453
070ea
0ce30
00630
095d8
09eb0
0e4d8
069c8
0448c
0be55
09d08
02c1d
0ccea
00805
0b2c3
0a21c
0fbda
06544
04baf
02b13
08442
0d69a
0475e
0c79e
096c4
00ff5
0cf46
07ed7
0a8a4
09561
0430f
0b1e5
03f76
0af92
0ca3f
07031
005cb
0f352
0379e
0d614
039c5
0b334
015ec
0a3e3
0a6f0
032fc
06d43
0e5fd
05249
008f3
0d508
04ef4
0d033
06e6b
0c340
080fb
041ef
01802
02b86
0d2d7
0dad7
0ddf8
049d2
043b1
0ebfc
0d59e
0fa59
03074
06f63
0678d
00767
00667
001e1
0c98d
0ce43
0db9d
0bb7c
0c4b5
045cd
08c29
013a1
0b2ae
06ef5
0d638
0dd31
09642
0884b
0b9b7
08b01
08f04
02481
06bf2
0e98c
03324
00ebe
0dbaf
0b8ad
06a68
0b6cf
0cdee
0d028
0e115
09bd4
041e6
091cb
0e082
0b29e
00e19
0e0e4
0dad5
075ed
0bcb9
05ea5
0b870
072d0
08b60
0b22b
004e0
05b79
0e3dc
03c7d
0ca28
0b5f1
0aaf6
07aad
07b38
04acc
0afd0
06fb7
0d486
0bb4c
08131
0811a
0bc6e
08901
09b7f
09cbf
0af6c
04278
0b3c1
02e9a
0dfb5
04869
029ab
0a1bd
0e1d9
0ef50
0b44b
0f17e
049f3
09ba1
03506
045a7
0f6a1
04161
01931
0b18b
0f036
0c07c
02050
0920f
06cd5
0cda7
0f250
0b1a2
0d379
0bccf
0d4cd
00375
0ef55
05930
015c8
0e081
039e5
0e297
00032
0a657
033d7
09f74
0e588
0fbbc
0cf5d
0d60e
032a7
00453
09cf9
08777
0aa6a
05ff1
0ebaa
0b769
082d0
0f9c9
0c2cd
0ffd9
08e1d
03557
0d863
0e6fa
061f8
0662a
0c1f7
0d259
03e65
04c3f
0ed29
0ac08
08a18
0fe4b
02256
0f9b0
0bf72
09e19
0844b
007af
0565b
03db1
06d73
0e9e8
0c7ea
075e0
046d7
061ba
06814
04fff
0e46d
0e683
002c1
06710
0ff37
07c15
05065
0b514
03d44
05e51
08366
0eded
07d79
063b9
0a66d
034c3
0539e
0928f
05d46
054de
0a091
08771
0cbf5
025e0
0ca0b
08ccf
0464e
03ff3
019a1
0ecc6
08234
0a67b
02af3
091d3
05399
0a781
030db
0de67
02a9e
06cf6
0da80
0ad2b
08d44
08b51
0743f
05577
06b05
04449
031ed
034d6
0e94e
08621
01782
0809f
096b3
07d35
09638
0006d
0c1c1
0fa8b
03a2a
0f9bb
0baad
0911b
0d3fd
0df7f
0cca3
08f2b
00957
062f4
0a5dc
0bf03
03e3c
0e033
00fba
0b5c5
0804a
00747
03dfd
07de2
0b720
037f8
0f5dd
0fe3c
0c30e
0089e
0fc4a
018cf
0e893
0d719
02bad
0e7e4
09a9e
0d219
0a39d
08770
0a133
02fe7
0827f
0283e
0efad
05ac3
0a125
0c722
09ea4
08e1d
03466
0a35d
0b922
079af
0ee6a
07693
0e9ba
019a9
04e6e
09888
045ab
01170
0e52c
035e6
0aab0
00862
0877e
065b8
0afb7
08cbc
0e231
047cc
076bc
0d63b
0dd7a
03d73
012b1
0d245
05ce6
09050
09b05
00f25
0bae4
0d7d7
0749b
03664
04094
086a8
07fe2
0881a
03da0
06e28
04359
00c10
08ecf
0f334
0c05b
04b9a
019aa
03c9c
06c8e
009ec
00d64
0b789
0b31e
0d13a
01ee7
0427c
01b31
024c1
0095a
04749
04411
0d7a6
0c1fc
06363
085dc
0d673
06ba8
02ed9
0cca5
03c7f
0126b
0ce4c
08881
045ba
05dc4
01a5f
04e41
0f034
092a6
082ba
058b3
08693
09887
0afa3
0dd63
05a53
0a1f1
076ef
04ef9
068ec
0a614
0b839
03e09
0e16d
0b2f7
0ffcc
05095
01feb
0f658
0dfce
0b6c9
07367
06919
00be4
0b209
092b7
08cbb
08a74
0cdc9
0a152
050e2
00537
024f5
02057
0ff95
06f75
0473b
05b70
0348c
08c8f
0a032
06c3c
06404
0f99f
067a4
07d6b
09cab
035b3
0f1a4
06f36
02184
04fc3
0dcea
0bfd5
083cb
0f976
05e5d
09c28
064c7
01f07
02667
09b1b
029e3
0dbf9
00e3a
07322
09e6c
0e876
00aa4
045f7
0f7d0
00ef5
0da98
0059b
0d641
07e8c
0d713
00152
01661
02f33
07ec6
0acc2
0212d
02ccd
052bf
0304e
0cb20
0855f
0ed86
0db66
09d38
02649
042ac
0d651
0ca80
001bf
0ef20
0d81c
0a7f1
03a5f
04009
0f629
049f9
07a40
0ca35
044da
02c3d
01a38
003ca
0c4cf
0d78c
098c7
00860
08a00
0a466
0488f
0ee7a
05036
0f50e
076e9
062a7
039ca
00d52
0ddbb
07ae1
0eb2e
028cb
0b200
0fc8f
08910
07cf8
0356a
067fe
0fd58
0e82d
0cb9d
0a69c
01530
0ac5c
084d9
02772
071d4
0bd76
0255d
0949b
06ec7
04838
0d462
036b7
084a3
05ff2
02994
0f20a
0dc24
04a38
017f1
02ad2
0b514
0c9d3
07d0e
01419
01e84
019e2
083f2
068e2
05190
0f6fc
0d9a2
0abd3
0e430
06a09
0a424
03e5a
095a4
02943
05483
06817
0824b
0e259
00482
00406
0679f
0dce1
0ce2b
02e23
066f3
010ed
0ddbc
03743
00bc8
00935
0e42e
0b2bc
0c9a4
0a500
083ce
00861
005d4
041d4
07b23
0ae81
0e1de
0c170
0cd5a
070f7
0fe9b
067bd
03da7
0ebbd
06d98
00048
01980
0313d
00f46
006de
06c08
0e1fd
0b82c
0d1d2
01903
01182
0a8cf
05b5e
04764
02dd2
0ef2a
02207
09505
054e7
09090
0e41e
07644
0742e
05255
0509b
031ed
076e1
00764
0a083
020af
00c6d
0f7c4
0ce2b
0e23f
0c4b7
0e52e
02e4b
0319d
06ee8
0b500
0d9a5
080b2
08eb4
00177
09195
05883
0f6bd
02c45
048b3
0974e
0297f
07dda
02f44
00aa5
0e958
0ead7
05dcc
0cd3e
03472
0998d
0f8c5
06dd1
0f417
07fa3
0003d
059b1
01527
03912
0195b
0b6b8
03205
0bb8a
02493
052f6
0bb74
0829d
0f682
026a7
0f226
0a295
05c66
03706
0eab4
06441
05135
07645
01403
0dc69
0f31b
0344d
0e8a0
01349
039b2
0f1c8
039ae
09108
06431
02fcb
0ba50
0cba7
093d6
02079
0ccb4
0c418
07c4c
07049
00ce1
006ea
09a11
0f037
0eae5
0db86
00f1a
081cf
046e6
0f114
03277
06ef7
014c2
06d78
03f54
06dd1
0e0fb
04d15
09e66
08f24
0c466
0665e
0a271
0c280
0d5fb
0c200
062a9
09d87
04c7b
0f107
09793
03106
0212f
09182
07e26
06444
0404d
0f9a1
09951
07dda
05248
0f54a
04ecc
0fa7f
0c8e9
01d93
0c607
0c184
03899
0e7aa
0af3f
0e4bc
0ad2d
00e58
0db7b
09d61
08bf0
08e7b
0e523
03f24
08302
09710
04cf0
01126
0c285
067b0
0ef25
02f2d
0e9cf
02137
0ab4a
0e547
0e2d4
04062
097c3
0964e
0b911
0f4e5
0be39
004e0
011ed
0f66e
034d9
07ea4
021b5
0767b
05dfa
06195
02049
04635
075f4
0a5a6
04941
0b87d
0f4ea
0a0fc
05c4b
073b9
05010
01317
0c032
0e4c3
09468
0f9c5
000d2
09009
0d222
08638
080b2
0566f
0eed6
0dbd2
0de41
063d0
0ec8b
0b1da
0d5a3
073a2
024d4
02254
0498e
04836
03f17
03141
0f3cb
05079
01712
00c48
0a70a
0441d
0f2c3
078c9
02350
037a8
01258
0c16d
0df7e
0cc97
055a2
03cbf
079d4
0f4c5
07955
0f5c2
041c2
02c12
033b1
091a2
02420
09764
085e1
0122f
013d9
0687f
05ef3
033e6
0db17
0c3b3
000d8
09244
0e8fc
0d61d
09cef
03df2
02d7e
0a5a3
06ae6
0dc04
04d82
0df32
08269
0750c
0a718
01563
05485
0a621
0fee2
00ed1
05397
06c11
08238
07eb0
04867
08afe
007eb
00043
02454
05d1d
04078
0728a
0f5df
0a36a
06c49
041aa
0f639
08062
04213
08104
08cb2
03fb1
0e9c6
09a87
06d7e
08729
0416d
0fcda
0814a
04624
0a978
06daf
0583c
0a88a
04ed9
02d61
0896f
035aa
06407
063b1
03f9b
0200c
0bd21
0b4f1
0a330
04b1b
0f59d
0618b
06ee2
07ed1
064fe
03e41
0f541
066cd
05e71
0963a
02183
0e145
0c2bd
01004
0e1e6
04116
0b682
026e8
05b09
04684
0b122
0daea
04625
011f1
0e552
07e0d
06597
0feed
046f5
045fe
021ec
03e47
002df
082c9
05b88
0fa15
0ecfe
01eb7
0adf3
00f8f
0049f
0d071
0630a
0ee07
0ce3a
03f29
0168a
0fc04
0ecff
0f38c
0b38a
009f6
08f25
0c6d0
0b591
0be59
09c84
07915
03149
07ecd
0ed9d
0e609
017f2
07697
04444
0d2f7
001b1
0ad95
0385b
08a67
07135
0dc6c
0a0d4
0d54d
04999
07a23
0747d
04271
0aa2c
087f6
05739
0e128
08d02
0fc5d
07efb
09119
03d8c
09787
03863
07aef
01e43
06133
0950d
09ec4
0f286
075a3
0e43a
05ded
0126e
0f422
05141
07295
057b6
0afd0
0d67f
0d2e6
08c97
0fedb
058c8
02ee3
01dee
0a54d
0934f
04bc9
0c49c
0c40c
0ea54
06f36
0277f
0bfeb
0c507
0ee94
0078e
094dd
0afb0
04b8d
0a8b6
0c4c4
02b7c
0e1b4
062f8
0aad9
0a877
03ac0
08b9f
083be
07c3a
097d6
0387a
0e726
03fa7
0cf9e
0526d
0d495
0362f
0ddcc
09e86
0815c
0df10
0cb7f
0d968
0969c
0377a
0eeed
03db9
06681
0a8fb
0dc80
008d8
0fafc
00f76
0063e
073a2
0449b
08134
04d6b
0cfeb
075b0
04d46
0d95e
0f0c1
0c3f7
00fc0
07213
065a9
0b470
02983
0a915
08c44
0412b
0aff9
09041
040f2
05fec
057de
0445f
05a2b
0f74f
023ea
03587
07cc4
025f9
05081
06a69
0000a
0b5ad
0c84e
0be1e
003eb
01a35
09101
0d566
05b5e
03152
058db
0c7b5
03907
06586
0ea10
0035a
0dacd
0cd30
093cc
07cc5
010d4
0518c
0a2c3
032ca
00e94
0bf81
0a11d
0d963
019ec
05a2d
014f1
0bebe
01e3f
051c5
0fd78
09c98
0d236
0fe50
0fe6f
0fa11
081da
04529
0c16e
0961a
09b8e
05b54
072e4
0d652
0a7b6
0a70d
0505d
0c3cd
04fd5
057d8
0076e
0faf8
0a22e
0c027
01063
07e88
0f03e
07e3b
09d33
0e2e1
01b07
0b1e8
0674d
05e2f
0deb0
0ac5a
07220
01902
04917
04435
082ae
0d1fa
01c1b
0266b
0f4d1
0cfeb
0cf42
0ad20
0cd7a
04a49
0ba4d
08211
0d40b
05faf
0abac
0df02
05aee
0a548
01c56
0542f
08748
05bfa
0e46f
042a4
0af1f
0e1a1
04811
08f15
02d68
0d426
05824
0b66c
02915
0fa4f
0a1cc
0c1a5
01cbb
0bd50
0af6f
0b69b
0ceca
0bc39
0d731
0e512
009fa
0c3f5
0994c
086fa
039e3
0b237
07e9b
012e4
02f46
02d43
02b41
02562
03030
0dfcf
0fd4e
00902
08905
04d3d
0e88d
0e58b
05ef1
04b20
05f48
09fa0
0d392
0cffb
031c2
0f65d
06a9e
01bc4
095a1
01757
08c75
0ea2e
05b01
0a0be
012f4
05a59
0e326
01321
0732a
0261e
0f695
01c4d
0022d
0b3a3
0c510
0edd7
03618
047bc
044d6
07f33
04cae
00e1d
08d0f
046a1
0a5f2
013f9
012d3
078aa
0b70a
0f6b1
01d10
0714a
09c3a
09a55
08c28
08ac6
0489b
0bc8f
0a837
00f96
06c1d
0ba8e
03e5f
0991f
020f3
0cb48
0a4f8
0b883
00bef
0b758
051d4
03bbf
08a86
0dae5
06a5e
0ae9a
0a288
08512
08a89
07040
05bf6
0c3bd
0609f
0033f
04067
02679
03fc3
0598e
085dc
0d294
0f1b4
06afb
0eafc
0531f
0e4a2
0ef79
072c7
0560f
00dc5
0a5a6
00781
0fb4e
06c4d
066fd
06178
0cc7a
0c050
0e6b4
0af06
0598c
02164
03bf7
0b8fb
09fcd
0d266
0c09d
03b73
0a515
0dff6
08bc6
09633
0d489
04aa6
03302
09966
06563
0e957
06655
0392e
01652
00df1
03cc8
0dd1e
060c2
07673
07287
08d11
0769c
01222
081ff
07921
0839e
0f05f
00d33
05436
0694f
03969
0e924
0fc9a
0d736
027e4
0bc41
094e5
0d680
0f1ec
05b9c
0c6f1
033c1
09d21
03d57
09f3e
09630
03e11
08108
0a3c1
081d8
01f86
009dd
01d0f
05a83
00403
03167
0a653
0db73
0060b
01d6f
067f1
0cf1f
0a653
0b6b2
0d32b
0e8f0
0ce1f
04dea
043f8
0067e
0bc3c
0232e
08dcc
0212d
07eea
0559e
0055d
0817b
0b40f
0797b
08639
0982e
07dcf
03389
0874c
05202
0daf2
061a8
00a5e
0a3d2
0e201
0597e
04cef
0fbc7
05436
06972
0caca
0f837
0fd61
01d44
0b99b
0353d
0f987
0a50c
0c555
018ab
018e9
02231
0f221
0d310
09312
0e8e9
035c7
0e74a
0c153
0f415
0bb72
01192
00e79
02c56
03bdd
0b55c
012c3
08c29
0febb
016b3
05bae
0cb93
07a49
0e1b9
00ac5
0b946
0c929
06d55
0af22
0c1c0
09994
09284
097a2
0dc36
016f4
044f7
0c16c
0f69d
064d3
0a1a0
0af4e
0546a
01905
040b3
04472
0c5da
00466
0298c
0682b
0284d
061eb
073d6
01367
0489a
0e9a3
08f77
060df
0db1f
01a9d
04c0c
056c1
05bfa
0195b
0fa87
0feae
0ca77
0248e
086cd
02050
02f07
096c7
087aa
0f59c
03a2c
0728a
0ee5f
0d67c
0bb42
08193
025aa
08699
00fdd
07ae7
04216
0e71e
01bce
0d698
09efe
0caef
06c2e
07d67
0e81e
02494
003f5
0c959
031d4
0dc6e
0f594
0c878
03e0f
0cb40
0dc75
0471f
011af
03046
03993
0cb20
0dd97
0085a
0b4d9
0bdc2
071f5
0f074
04368
06dd8
0d634
0a31e
043b9
01dd4
0d20f
03ae9
07c70
0fd3a
014b9
0f752
07c5b
0de7e
03cfd
0bacc
060e7
06b7d
0e0d3
0a276
06704
059f5
0b0b1
01db9
0f432
048d9
051f7
0eb11
0adef
06bce
08109
03210
0dc84
05853
025c8
0f6da
09ea7
05600
08f40
0262f
04d64
09abd
088fb
00289
08757
0bc27
012b0
00e95
0faa6
030f8
0327c
07b69
079b1
00538
080f1
08670
0b613
0aa47
05e8f
0b2d8
0dbfb
0d70b
03d53
0c297
013ca
0019e
0ef14
02d14
0e273
06395
033e1
02608
01573
0ed01
0463c
03af9
06455
0effe
03623
00a2a
0cd3a
0e2e8
0102f
07317
0b162
06c32
05e8e
09163
0b859
0ae03
032cd
0c62c
09aee
073b4
0c109
07fed
09101
094be
01b2f
0b0cd
0196b
0ba82
0fd6e
038b4
05f01
08edb
082b6
0640f
088d5
04e11
049d5
02799
032ed
02ece
0294b
07238
02702
084f1
0d708
09b36
0a714
09eed
0f761
0dd02
0efd4
06d2f
00899
08e6e
0a538
03ec5
07b54
086f6
00280
0dd4b
013a5
0e855
003fb
09e92
0d1c1
02121
03099
0bb10
01c61
0f6d3
0efc0
0d21a
0e268
05c16
0de15
02461
08368
02cd2
0ebc0
0b792
0af0e
06e0d
0a49f
00eb6
04198
05a31
0ce1f
011e3
07385
08d7d
0c4a9
00e97
0efba
0b231
08277
0a432
09cd8
0ef26
0b8ff
0bf18
0d29c
04c61
00fee
04cd2
0486a
03a99
04e4a
04ee5
0e5c5
0feac
08bc6
03f68
0ef20
01860
01d77
04bb7
0ada6
0b9d4
0019f
01353
0ab5b
045af
03c0e
08e4d
0e2ab
0bbaf
0eba6
09dde
0f0a3
0b2fe
0d4c7
0afb7
0eedf
0fe18
01ef2
0e5f0
0cbf9
0f1bf
03579
03905
02360
058fc
027c8
07039
0c15e
0e26f
02d42
0c7cc
0a1d2
03ead
03f36
01932
078c7
00ff4
03822
0e589
0218b
077c3
0eded
01cc9
0c893
041a9
09638
07048
09636
065bd
094ea
08ea8
058b7
052da
03e24
00d22
0429f
08b50
0cc54
07cdb
0ef47
050d9
07705
099b0
0c815
0a7b2
0051f
0badc
0eb4f
0ccdf
0e50e
04daa
0b2ff
02e34
0ca66
06b36
07445
07323
03005
0e9a9
03052
03c85
0e452
02422
0bf58
0c151
07785
034cc
0ac94
0bfc8
0d80f
09b15
0f218
0a864
00452
0f4dc
02aad
05745
0953b
0b973
078dc
0cdad
033ea
0dce7
05f23
0690a
051ff
0cf8f
0b300
0fe0b
09e49
03caa
02870
0da6c
0119f
025ca
04e98
0b987
0f251
01690
07483
0fcbb
0c083
0656e
04db4
09c13
0d942
0923c
0d3c9
06719
03d3e
08caf
06c4d
0d8af
03fa3
0dd6f
0ad1d
069cf
0b035
099a6
0f1da
0ee87
0762b
0c61e
0d928
0cd22
0297a
0a54a
0f5ce
0a9ce
0af20
06cc6
06d83
0c302
01899
091cb
01671
09afd
061dc
01ab5
08d65
0b755
04684
007a7
0df9d
06a5a
0a386
03e13
079fa
03076
092af
0b061
06dda
05162
047ea
0c404
0640e
0380f
02dc0
0591f
03382
01471
0053c
0fc7a
0daa0
0fc80
03533
0f931
0143e
082c2
07cc3
0819c
00b27
04b23
08a0e
07680
08cd4
01d3c
038ae
0814f
0f9a7
0e122
08512
075b5
0c7b6
03f72
0393a
027e0
0399a
0c3a4
01152
081ec
002a1
0f920
0e610
01780
0ea10
011ec
0dae8
041ca
0c682
0c6fc
05e62
02839
0a9bd
0ee91
01b0c
092b1
08f02
07edc
0d2ce
09ad7
0e662
02292
0b4bf
0276f
05b59
04fc5
07737
0a57c
036ad
0fb11
0c069
02df3
03737
07793
0cddc
05cbf
09cf7
0083e
08c2e
0c909
048ae
08305
0dddc
0fce4
076eb
016c7
0f196
03a46
09b14
0d78f
066c7
0c704
000a9
08553
093cf
0bc96
03f9a
00425
09ce9
04473
0460c
0d115
07dd9
05675
0ac7d
0f893
00e85
0723c
056c2
049fe
06bc2
05bb1
0f31e
061eb
088ca
03cde
04489
09381
0e537
0b5df
07c81
06a3e
00033
0f895
02a18
0fefa
07ce2
0083a
01e16
00710
0deb1
05f9a
06496
08e60
0f208
08084
04b11
0e605
03cb7
010b1
03f85
0ccf5
09d72
0b250
095d9
0d0ec
0478c
0563d
01738
0be68
08126
0bea6
09e67
03eeb
0f8d4
0e6c1
0efc6
0c5c8
08e91
0b96b
02140
06b48
0951d
0aad1
04a42
09ead
03f86
00a19
093ce
0919b
06b7c
0fa65
0e118
0424b
01320
0e6e4
01f44
04ba5
0e853
080a4
02ee6
0072b
020c9
039fd
08e7d
09f8c
0654a
065ed
0f3a6
008c2
0c53e
03d85
0c73b
02d62
093d4
016ff
00186
055f0
0a370
03190
02565
0d880
0d4d5
0cde7
0d123
0000c
0326b
0719f
05e5e
06378
0254f
0a574
078ef
09e79
00ee2
0a2e7
052df
0db1f
0d8eb
037d9
00637
04e0d
03463
0e6d4
0f36a
04f83
07d01
05f1b
0b931
09bc8
0d595
0803c
0a8f8
01784
054bc
07e01
065ad
01968
012f1
048e9
0751f
004b6
0533f
0d59a
05433
08d89
01f98
061a0
047e6
0466d
02f9e
06e3a
03c4f
0db0e
069bd
06cb4
0d382
0aaf9
05d72
0f2c6
0eb59
0eb3d
01851
01fec
0a7ab
0d2cf
0c39a
0e606
0a332
0e5f8
07942
0c91a
0f45d
0a4a9
05039
065d6
0da4b
06932
01889
0abb9
0c513
035a1
08067
044a6
0b75e
077db
06438
0c80d
0827f
054f2
035ee
01482
0ffac
0460e
0bf7a
029c1
08492
0bfdc
0b0ca
0a263
0eda7
05d75
0c559
0100d
0c527
0ec87
01287
0a0e0
0d82f
0f198
01a43
0c94a
08ef7
04838
05664
0b060
0f098
095ec
06715
0ff2b
0b039
010a6
0e9b1
08013
0223d
0b994
03ee2
073dd
06055
08ee8
0377a
09a3f
0be3b
0d798
00e59
04f90
01511
0e6c9
0b33e
0371b
041f7
01fd0
0a218
019b1
0627e
0f127
0a1b0
0e456
0b524
04b90
03aff
0e489
0c98f
015d4
0d906
0562f
0dd10
027db
0ec52
021fa
0dfa9
03cee
007f2
0b8a4
0f432
045e3
0683e
0a139
0b700
0ac38
03aef
010c0
04fbd
0cfb8
0192c
0f2ed
08e07
06f4f
00b30
0317d
0091b
066e6
03aa8
077ee
05717
00272
04d6b
0d848
0b93a
03af6
06be3
04203
0aa8d
07bd2
0f371
03a90
021fd
0b386
0c8d8
074eb
09985
0c26e
02353
0f486
05651
091a6
08433
006e1
0637f
016f7
07f7a
09ca6
01252
05467
0f84f
0886a
06788
0fe91
092df
0da96
0cd38
02731
0b631
05f8b
07659
0f786
060fa
06002
0b1a5
06008
09d6a
05be6
0058e
09f54
0372d
06c92
0e75b
01337
0428c
08813
01d50
0067a
040f9
09375
0b1fc
0d6ba
04b4e
06df4
03c75
0c587
00d0f
079eb
076d4
0cc8e
0aa81
09ab6
0c17a
0d5eb
0287b
02e75
0e0c1
0f80b
05df1
03c5a
0a11a
0979e
0e7e8
07b39
05deb
04bce
07820
0da73
007a5
0d829
00c60
035dc
0002d
0f7c9
0d9a2
0b4d4
043a1
06215
012cb
0e6b2
006c0
00af9
050b9
04287
02338
0997d
06aeb
0d297
0ed34
06b7f
0a19d
06b17
0d91e
06c0a
00420
0e372
01787
0dd6a
032fa
0a135
06d0f
017b5
0a2a6
04ae5
0212d
081c5
0e142
07ef3
0eb76
0d96e
0cf12
0a7ff
0fb01
03f85
05eed
0a60d
05e10
02bd0
0e72f
003a9
0e972
0a713
01d8f
0cf06
02f1b
0fd38
0cce6
07e81
0fe7a
0d463
08a42
0f7b6
0109b
02886
053e0
099b7
01770
09eb4
09d63
026e1
0204b
0b90e
0e873
0ab1c
0eb5d
0de5d
0df0a
09370
07ec9
02e9e
07efc
06ecd
0fcbb
0c9a5
03c43
0d43d
000c8
09e46
0d2b3
06596
04d90
09681
05c9e
0613a
0da96
055fa
092fb
07cf3
0d2c4
085d8
076cc
0eb81
02ec2
0cafa
03073
0ca94
02ae2
01d70
00f31
00fdd
0526b
0c6a4
0f3ab
0a93d
017f5
0ab6c
0777b
03b4c
0a6b1
00f51
03dda
0ecf0
0799b
0a5a0
043c3
0a1b3
0d55c
0af33
00ab1
040ca
0be0b
052c5
0f1b2
0dfba
07b5d
0ced3
0b800
0f6e4
0a1dc
02242
0079e
01f12
077e9
0e134
02c72
047ac
0fe26
05a72
05d30
0f9f2
0acaa
0f3b6
0ff3a
0535b
00dae
0ba09
08c87
05666
0d88d
0c36c
0927b
0e68a
0112e
0d7e0
09561
05d9f
02412
0797d
01ea6
0a773
07183
07fe7
07456
09707
0e5b6
04a59
0ba5b
01fd7
06d26
0007b
0a418
0788d
05f4c
09618
041d5
0d4ac
05d8d
02f8e
01f2e
0fa9e
02041
02a45
0776e
05f29
0e8ba
0450d
0d495
0c8da
0764f
04d26
0d167
0a78b
060ad
0a768
006a2
08535
08db1
02a3b
0f95e
0ef2b
08746
063b3
06631
025c0
009a4
0e28f
070dc
01c3f
0216d
0a3cd
09365
04d53
0420f
0dbfa
061da
02a11
0904f
0c0b9
0e603
00a2e
05a42
0fd14
06689
02575
03c1b
05e47
0149f
06293
0bea3
0ffa1
00c08
05814
0c761
098ac
025a3
023aa
06e65
0264a
0ee41
0ca44
0ecb2
0e3d6
0694d
03fab
0b708
0e8cb
0e737
0ff05
0c060
01684
008ed
0e4b4
043c0
04517
00a4e
0f12b
0aa55
043c6
025b5
0a82e
098cb
01e42
017ab
0dffa
01e9d
0ac3a
0a432
0e1a9
006ba
00369
04d14
0c995
013eb
0b8aa
0c8a1
0ee2f
052e3
09c20
01954
0e1dc
0fdf6
0d374
03e25
0df64
093dd
015f8
0bbb2
0bcce
0ec6a
0fa0b
0f59c
01ed1
00750
069c4
0ecbf
072de
0ff78
096fd
0ff0c
046c7
05219
0da00
0e24c
06d80
02614
0544c
0567d
042e9
0fc27
03b24
0a759
097a2
036ad
02b92
05123
0dc0a
02acc
0355b
00ad8
0633a
0d34b
0af73
0c595
036dc
04dc7
03638
09442
065e8
0d3f3
05478
09719
03c04
03183
04579
0cfd8
0dc4b
03f55
0abdf
0fb9f
0935a
07eda
0ed3f
0fb7a
02ef7
0775e
014ac
05ac6
05404
047cb
0c22b
00596
0178c
03b91
07b73
077b5
077ae
05b93
0cf48
030b2
023e5
08c1f
0ac95
072c7
0fc2a
07a1a
07b0f
06059
0cf44
00b4f
0f633
07e14
0d613
032cf
088df
0c1fc
05e91
06acb
0f77c
02ea1
06d41
0257a
02b4d
02ed3
08af7
0b08c
0c1d7
0e5c4
0352f
01498
0d313
086fb
02591
0f5e9
0a1ca
0e30a
042da
0c22d
0253f
0c248
0d7c1
009bb
05cdd
0c877
0cd07
02774
02c14
05ed5
0d279
0a2e8
01f2a
0ab1d
06aa7
08f25
0332f
00ca0
0db81
03caa
0ac7a
03a13
00dc7
0d495
055cb
0dcd1
0d769
02f2e
02ff7
0d86e
0f270
025e4
0e717
04563
050a3
0b2ac
0ba20
083aa
03a21
0a2e3
09d18
08691
04ec2
0a938
0a5e6
0928a
08e78
04a92
0779d
093f2
09c47
0dda5
00653
03329
04587
0afa9
053f6
004db
0f477
0c0d7
0da61
06779
0ae2c
02802
09894
0828c
0d779
0969b
0c556
095ca
065de
09335
07f48
0f91f
050b6
092b2
0989e
0c4ff
01b52
0ef3d
0df66
03020
0b880
0510c
02007
08f57
07b92
0f6ef
0224e
0d0eb
0b0c5
0c6d6
09815
07f49
0379d
095f7
01a96
0fed3
0d10c
08be7
0410a
09f3d
0be0c
0b487
08d7f
0b271
01405
095b5
0b22b
0d32a
069c1
0e938
0ce9d
0cf91
081ab
0707e
07d34
0664e
0d34d
07177
0800f
0954a
0028c
0375d
0061a
09358
0246a
0aba0
0cc4b
0b902
03840
03361
0211b
082a1
01f46
009f8
0fd35
0a1da
05f63
0fc14
010d1
0fc49
00318
073ed
0c36c
0eee0
06266
095f5
03ec5
00f3a
08899
0d13c
0df68
052c8
0af49
0b4e2
019d9
0fd73
0ef7f
07cf3
02878
0f845
0ce34
0143f
022e2
00cbf
0bbee
08923
0f189
0afdf
0b6c3
0cb3d
01a00
0b152
0471b
01b02
0b781
064ee
02546
003b6
04546
0044d
0c980
066ab
0a7de
0be65
03310
0cd24
0962a
05618
056be
08174
04c5a
053b0
0424f
07d35
0da5f
0c06a
0d941
0cff0
09df4
0e58d
0c90d
08daf
068c2
09151
028d3
0f95d
0b1af
01116
087e0
076d5
0bda1
04029
0afb0
08aa5
05135
0d958
00d00
069f5
05a37
0c33e
01306
02ca3
0b796
027dd
06825
084e3
0def6
06734
0e8fd
0fac7
0d541
09566
008b3
0d4e3
0e352
07fc6
02df6
0a514
07e40
02ccd
0014d
09c2f
058b1
013ce
0c59f
04bc5
03813
007fd
05a61
0610a
04476
0069c
02c18
07bf1
0805a
00e50
0d3a7
0f129
06158
06684
03279
046eb
02b87
0e0be
0fe91
0be54
0954d
0d120
0d9b9
01b4d
07ddd
02a01
046f0
09a17
0fe27
0cdc0
0d3df
02744
0d7df
0eb02
08044
07a08
0a77a
0a27f
04b12
0a595
0c26c
07d3a
02cd4
07000
0c4d5
0800a
04b2e
0b474
0487c
03707
0e4d4
0c3bb
01d52
0b2f1
0a99c
088cf
07acb
03670
031c2
089a7
07811
06f49
0fc74
02c61
032c6
03804
026e2
09aa3
04f72
03193
03efa
0b5a6
0e7d2
0fac1
0b939
0fa5a
093e6
084a5
00f7b
071d1
0ccb0
0cc78
05814
07418
024a8
0ba94
08f7b
0e5e4
0190a
08618
0e689
0376a
0febc
02b94
0bb1f
09c9e
09453
0dc09
03b62
07015
0b290
0e46f
04f10
014f6
00aca
06b6f
0caa4
0d17e
0ff6f
03224
004a9
0ec2f
08de0
0eec9
03c22
0f1a9
0a36e
0c6fe
098c0
0fb1e
093fa
00d41
08287
07db6
089c3
010ea
0222f
03a49
02fcc
0512e
0a17a
095bc
05cef
08ff2
0236c
068ec
0f45f
01b9e
03bea
05af7
0b3bc
0955b
0e281
06340
0ce8f
05c26
0ef67
018d1
0d7df
038de
0b718
0a825
0f90b
0cc13
0a0ea
0986c
055f9
02597
0c273
02287
01297
05a69
0482b
0f966
0ed1b
00824
01a63
0717e
0e50a
002c6
084ae
0581d
0ba06
02c20
0e117
0abf5
08c1b
01f29
0c3ce
02ca2
06b10
00201
0184c
0fd78
05170
09270
095d8
066bd
07118
09773
06f4b
0434d
085a5
05a02
0dcd9
07910
08013
0e3d9
08406
04a07
05d36
0aa1e
039d4
0ac4f
0bd8a
09631
056f9
0f943
0c8fe
043db
0bd49
0bf85
0bfb0
0ab64
09bbb
0b294
09b78
0055e
0d41a
097e9
0df37
06411
0ae85
0d926
0d61e
04aae
0851a
075e1
02ee1
0d9cd
0e18e
0be75
0c3e0
0254e
0cd2e
02efb
0193c
0bb32
0c4f8
09cee
07a5b
0d2b3
0bb01
095e3
0c92a
0d3d6
01478
0f761
08bef
0b58e
0cf98
08b77
0031e
0038f
0ca2a
0b05e
03061
085eb
0a27b
0d281
08616
09094
014b2
04824
07c49
01d60
0485f
05883
01ef1
03f76
06638
068af
093a5
0c3c1
0bb93
0c3fe
0b8e8
052b5
09c9e
0a7ac
0bb73
038a1
0d812
0679c
0b8ff
0f1f9
035f2
0e8c5
03e6d
052b8
0b04f
09d06
0cecc
0839f
0a764
00f67
0f2f1
0d076
04edf
03a1a
022f0
04fc6
0978f
05422
056f2
06e6c
044fc
0d61a
04f37
02c99
0ba91
00ea2
02102
0df4d
08b08
08b6f
0bc66
04e81
0f9a1
0adb8
08568
09325
09a0c
06cfb
0493b
0f580
042b4
09a2d
04554
0b6dd
0bf63
0c248
03ab9
0ce35
04f2a
0e944
05eca
0afc5
08c25
022fe
0f824
00487
06343
07168
0bfb0
0ec09
06285
0e5ef
0b280
090e2
0ac63
03f71
059b7
01385
01ee3
0dd5d
0e279
0de01
0a181
0ad35
09ef8
0f2ec
004ec
0783a
00544
0abeb
011b3
0c65c
06d71
00f2b
02e3c
018de
01d2e
054cb
0bf8e
0aa00
08481
0dca7
06ad9
0a074
0c162
0c337
059f9
0b56b
0753d
0e6e9
04af6
0b7e3
0c836
0cf4f
026d3
0209e
05bf3
0db47
04660
01011
05465
00865
08216
0f634
0b660
04f0a
0ebe1
0b643
07fbf
04b2e
0f9e8
0d21f
0a9f9
04751
01e25
0ce96
058cc
0fa2a
05ac2
0101d
0cc56
0f9ed
036e2
016ca
0fa2e
01d14
0fd0c
013d9
0af68
0aa3e
033d4
00b76
02279
04a31
075ce
06b5c
0cbfe
051cd
0878c
05ce3
01312
0d90d
0a306
0b5ca
02736
05918
0c057
0d132
0256e
034d8
0ab67
00cca
07966
047b8
0ac44
0996b
00eba
09bf0
0220e
04d78
04438
09120
0bf50
02706
01dbf
08c7c
0478f
0f1d5
0ac64
04dc7
051db
094f5
03711
0d91f
0b861
07db2
0318e
0671c
05e3c
05ea9
09707
0b6ac
07e25
0d9e8
03a0f
001e4
0cfcb
014d8
0b755
01cbd
0ff3f
0dc05
09c7d
07ffe
090db
0ecce
00efe
0cf0a
01646
0b1d8
0b5df
0b0d9
0f4bc
07b0d
089e5
03860
098a7
01c3d
001ca
07c41
0d655
010e1
0449a
08b95
0420f
006d6
0117a
04abe
04a13
02741
0b3a2
0a2b4
09d2d
080f5
06e60
0dc60
074c9
042d9
0b84c
0264c
0c8c9
02100
0eab5
0228b
0bc56
0484c
00f68
010db
0251a
0df67
01af0
0497e
083bb
07fad
00bf2
00bc8
0c64c
0f9c9
0b88b
0827d
0659c
03dc1
0d5de
03eb3
0165b
067a1
0de1a
06b1e
0c945
0241f
09fd0
0ff51
0d914
02f87
0c2ca
0aa6a
0db2f
0bbdd
04157
04314
0f088
0b409
0ea25
0be7b
022af
02770
0ff60
03715
01535
099a1
07d10
0c73a
04e7a
0561f
06357
05e57
06bf1
0fefa
0f8ff
0f790
0da6f
0feb7
0496f
0d80a
05899
0bbe1
01068
0eff6
06f52
054ca
0cce6
0c45f
0c809
02065
0835a
0c4f8
02705
00b76
01b45
02848
0aa47
0c281
0ba5d
0b66b
0cb5f
07ee7
0c330
08722
07d08
0bdca
0b9fb
0c726
05cd4
060b4
0a5d1
09dd9
04b45
06ed1
06735
0f52e
0c891
04bf0
0b71d
08080
069fc
02038
001e9
01a89
09fa8
03b24
06320
00364
0340d
07968
04401
09e23
0fc8b
0645b
03316
0b72b
023c5
0ffc0
099ac
05560
02cb8
08023
079e0
028e4
0c0f6
04c07
040f5
09cf2
09acc
07c57
08535
09d75
0c96f
086ea
00074
0fd54
0af17
04c6f
0423c
0ba86
03ac3
08676
0c71d
0c47a
0b13b
0d6c6
0a786
03e3c
046cb
0ecd9
00b89
07d74
079c6
00041
06d44
06fbe
079a9
00113
02cd6
08bae
0d7d0
00041
04f46
09f53
0e24d
06632
01f22
01f18
027bd
0145c
0b19e
05dae
0b731
0e20a
0ec14
08716
04310
0386a
0bab2
02616
09b3d
07aed
08562
0341c
0cbf8
0c7c7
06e57
0830a
019f2
0b5f6
088a4
09366
08a80
0d574
06878
0be09
01208
09365
0b408
0c28b
02399
0a899
09c2b
07fcd
01ac0
08fd5
0f04e
00778
092c0
0d1de
01f0c
04edd
03ddf
09371
01bc5
064ac
02080
03615
076f5
03531
028db
04513
0f93f
02a4b
04ee8
0ad00
053f3
0c2a9
034e5
0a8df
09e44
05a4f
0acb3
03d0b
02f64
03837
08bad
0f726
02e8c
09bb7
09045
09e67
0c096
0d0b7
06a1e
0a180
003ce
00564
002d8
03fce
04f44
09c84
0b92f
0cede
065d3
0f5d3
0cfe4
0e1ef
0743b
04779
00b9d
07908
08a77
091b4
0d885
055ee
0561e
091fd
06022
0aa86
03197
0033b
07187
0c7b4
0fade
01117
02bc0
0636b
03395
03451
05ca3
03eee
0b229
07b9c
079dc
05dd5
04e03
0eb31
0d1c2
00696
0e037
01b31
08407
03b3e
022a0
01553
07c84
087c5
01cf9
04eaa
0f8d4
06d8b
03436
01f41
0187a
028bf
04c48
03cc9
0d329
048b2
0045f
06f26
0af4c
0ff45
0edae
09f88
00c24
069fa
08575
083ed
01272
007ea
0226f
05ff2
0da6e
02b42
059d7
0bbba
0ea71
08e4b
0dbd0
09553
0c93e
060ad
084e8
0dec7
0deb5
015f6
026a3
0a441
0bf0f
05071
0fa63
0db2a
0617c
0b3b6
02bd4
095ce
06033
09066
0212a
03ad0
06e20
01dc3
0f392
07b82
01374
0d819
0460b
02955
0c926
0386b
0f63b
0993b
03f0a
0f098
06efc
069d1
0ca14
0627c
08e89
02ebb
0b680
00877
094bd
098a9
029bb
0b2fd
0f3e1
075cb
0e1e2
0b4dd
03705
0a3ce
06f41
04a9b
0476e
008d0
01580
04174
078e9
0f07f
08bc7
05798
0335b
0d9e4
03292
05af4
0715a
08b25
031d9
02e6d
09c25
00796
0eecc
0115b
0b807
03324
090e2
036d6
0a931
0ca24
0fb24
054f5
0d8a7
0335f
05cff
0d67c
083e7
0ac7a
0025a
0c939
09d85
02018
0b1e2
00a14
0c0b4
0eb70
05b9d
01716
0e4f2
065b4
0a7b9
094de
0bd44
03c8b
05f4f
09fa1
013a9
028f2
06db2
0aaee
09dad
084e4
0fccb
00919
072e9
07515
0a82e
0a5a9
0b3d4
0a452
05610
00882
0c49d
0aa43
0df5f
05d7a
09f2d
0c8b1
0e0bc
0f368
019d4
052d0
07d24
05d47
08b24
0aa45
04391
0877d
0996a
01297
0fed2
0d9f3
07790
0b2ac
0d639
0c6d7
0eb84
04190
03e1d
0f3e9
07225
0a4ab
05474
048dd
05ce2
071d7
06fad
00c58
05f99
0cd05
0a9a4
0b1da
0e06e
0d3f0
0045b
012a6
075af
0a38a
0c25c
06ed3
03607
0e411
03edb
0d7bd
07105
0fbc3
03523
0a8ea
0ace3
04f5c
06ff3
0e6f3
0ec88
06aef
07b52
0299d
0a2da
0aa90
0db27
04149
0f160
0ea0b
02411
02150
04a7c
07a8d
096c5
01b16
007e5
0f072
097a2
0d630
0c4e8
0483e
0e18a
0a194
0769a
0787a
01460
02b9e
0b2a7
07ee6
05ef2
0568c
0c387
0973e
0fa33
0b6bc
03112
0bbe2
0db85
08223
00197
065d8
08766
04731
0c1a8
0b3b6
0f414
063f3
01b6c
0b812
08f87
00f0d
01ca9
0f10f
09494
0aee1
0e7f2
0c834
0338f
048f6
010a6
0d8d2
0050a
05736
0dec5
06c13
0b0b0
0f22f
0385b
0918d
01b8b
0153b
069c7
0e0ea
08be1
05362
0e8e2
04d2f
0f8d4
05025
0a403
0a52c
05685
003b3
04130
01199
097e0
0fae2
07702
06e1b
0fe20
01c86
0ee62
0cefd
022aa
00fcb
03480
0d91a
0b054
06bb9
03e04
07b99
0c3d1
0e7c0
00040
0a9d8
03588
0bbb6
03462
0bbb5
0dfb0
0166d
0146f
0fc9f
0c9e9
0dc79
070d6
07a51
05621
08228
0a070
03a54
04f10
04b55
061d4
0fd2a
09eb3
0bab2
0286c
0c104
03318
01c76
03b14
0f044
06c37
00241
027a7
08dcb
03a52
06741
027c6
07ea4
09043
0a7c2
06eac
0b9ba
06463
0166c
01527
0a551
0fa9d
0bf89
0bf9a
06614
0bcf7
04fb1
0eefc
07d50
0a44c
03c9c
060c2
0a665
016dc
09cdc
0d308
00b05
024ca
069c3
0d862
025c4
09eb7
07b39
0bf3f
0a6f5
0da8f
089a9
0b60e
0e207
01d49
0f756
0344a
00d2a
0f8ec
0283b
087a7
0c720
0e1de
06556
05c0c
0d2e5
0512a
0db76
01f3f
001f3
0c70a
021a6
0f677
0e4a5
07740
077ad
00ae2
08565
0821d
05165
07bbb
0fb46
03e2d
04c70
05def
0ec6d
04a3b
097e5
04ca5
07345
0d005
03d29
0d418
0044c
0d270
0db4f
0c9f4
09bd8
07abe
0e581
013f4
0dca4
0ef78
05ddc
0f4c8
0bc58
09ed1
0bb42
0ec26
08861
029c0
01461
0a9a5
058be
0db9a
03324
0b297
0b2aa
008b0
02621
02297
071ce
0406c
0894c
0a46e
05f1a
0968e
058e4
0be4c
05a2a
038b6
07e65
0e20a
0ef06
07992
05096
0fc01
08cd3
02504
031c8
0e23b
0fc00
038b1
0790c
02c07
066c5
01362
0eb40
083ae
0a08f
04dc5
06180
0f5ea
02779
0296f
0dd5c
028cc
00393
05d1e
0c482
0df72
0c939
02862
0ed10
0bf77
01e9e
006c3
0688c
06e2b
02686
08447
0a779
00207
01762
056e2
0344e
015bd
0f781
00afc
0a51a
03e08
09aa6
08fc0
0a042
0c0af
00e54
06234
0ceae
04148
04f52
03262
06350
0f6f0
05651
0246f
0d146
09055
02374
0bc7a
0cc29
03a8c
0b4df
08ad8
0b864
08dd9
06ed0
05b7a
0210c
0e4de
0aed2
0890d
029c0
04eca
0f4ad
08436
00cb6
04ecd
0b226
043a1
0b539
0a19d
07f1e
040c8
05a4b
0a3d8
03bba
0e29e
0c34b
0e7fc
02c93
03ab7
08e01
0eea7
0a332
086a3
0b588
025bb
0699c
0a502
077a9
01e2b
0d0f5
041de
0c0ad
0a390
04b32
03569
0a997
0979d
026b5
032d6
0534b
0c19f
08f59
0d0b8
01b8d
0cfef
0a74c
04006
06247
0e5b6
0c2be
01973
0db8f
0c136
05634
0034b
08edd
0c56c
06cd5
01d9f
083a8
0fa13
03dcd
02473
036f5
09c5f
01726
020a4
0aff8
09e9a
0093c
058de
0b3ed
0d1b1
0a40c
09a56
09615
0834c
00747
035b1
0284d
0eaa2
04735
04b2d
02eb8
03d2b
0512d
0e79d
07753
05d27
0c141
0f458
09458
05f76
062f9
070d9
08ebb
085f0
0748b
08c57
0a1d1
068fc
0a964
0cbe1
0cd77
01175
06955
01c64
08795
0dd42
0e9e5
09568
0d262
010c9
0ed8e
003c5
0f928
0348e
0e929
00016
02fe7
07800
0d2b3
0a0ed
086f5
03477
0b11a
006ba
0c582
0f4e2
092c2
05b62
0856d
0b311
0c4e9
0454a
03b2a
06d2e
00dcb
04c8d
015c5
01c16
02e83
00c3e
005d0
07307
03d33
00b0e
076c1
0d683
09e77
077a5
0f210
0d823
03506
0f5a8
0a689
0ff4f
01a04
00309
0e63b
0d681
0212a
05777
0f323
0877f
0bc80
08a55
0f82a
037a4
0ea02
07e72
0f1ca
089b6
0aebd
00159
05b38
09cc5
0b92d
0a0bb
0bac6
0e5f0
039cb
04ea0
0a11d
00e71
09785
0a171
0a883
03ab2
07f38
0a75f
0a092
06e31
0abb9
0f790
04d8b
07766
02e7a
04760
0127e
0dae1
0e151
0d7e1
05790
0e7ff
0b6bd
0aac8
04fd6
066f6
02e9a
068d5
0502c
0dec9
047c2
01124
0552f
07fd6
09a12
044b2
0a628
0aa7c
0a85f
0de3e
0ff7c
0fbfc
0a640
09aa5
0bde7
0c188
0f9bd
06087
0589e
0148f
0ea6e
03e2d
07b75
0e6c4
0c0f0
06acb
0790f
0fb0a
04301
08003
00eb2
0f2c3
0e42a
0e344
072d0
08834
07724
0104c
00971
09e64
02d86
0144d
0c862
0182e
08958
0292f
0ebf8
07431
0ff4c
07a16
0a2f1
0c33a
0c024
0f475
00592
048d0
0effa
00ffb
07bba
0d03c
0d9ca
091f2
00a71
0c161
06c8a
09dbe
0ce00
02e2e
0a4ff
02e97
00a9e
06cbb
07264
031de
0d59a
09f18
01750
0a35f
02dc0
0998b
04c72
058da
040c6
04423
0fb40
0e8a5
03014
004b2
04eeb
0b01d
06e31
0aefc
0231d
0cde7
07c82
047b2
049a2
0a1e9
039fb
096f9
072f2
07e2c
03bd9
05d69
02ff5
01b75
0259c
0e7f5
01c6d
09db6
0bdaa
0526f
0fc2a
028d1
02983
0f021
05976
00f5b
01a57
01934
0984e
0b83a
099a3
039e4
0894f
08470
0d112
044d2
04899
00fde
04d1f
09408
0adf9
08d57
0c005
02100
03317
011ad
0a93b
008c2
0a9ee
0259a
03b80
02b60
052d7
0f374
02141
00f8c
09be6
0ed81
0db94
0081a
0bdf0
04536
03f58
04c1a
0c8b4
0b7a4
00abf
00958
0eb85
0c229
0296b
0d221
0525e
0d9f4
0ba77
00694
09488
0ce21
0e584
0093d
0638a
01884
0350d
04e64
0a721
06bb0
09770
0ac38
05758
004e1
036d3
0d24f
08726
055c4
00ec7
024d9
0185f
0689c
081fe
09073
0d53e
009e0
05dd3
0da86
0d593
01dbb
0ae9c
0bab1
06833
0f0e2
06957
0cde7
00a79
04fdc
06a24
02bf8
03a07
07992
047df
0d3e1
008d0
05af0
0bfa5
0f1a8
0c579
0cf9d
09419
0947d
045a5
0ece1
0c7c5
0c073
05e90
0966e
06d32
0d916
0c65c
0b1fc
0b2f9
0b034
0d88e
0a96c
0095e
05d0b
0a4a7
0fb34
0181f
0b16c
0ca9b
0050e
05c22
0cf2c
08ab9
00083
0306e
007d5
030b2
0585b
0f46e
04c53
09a2d
0465c
0ae9d
0f615
0b423
041c9
0f513
05579
00298
050aa
0309c
095df
01413
03649
0d569
0a39a
055b7
0fbf8
0a5b1
05973
00620
04dc6
0390a
0fec7
06bb7
090db
0c8a1
06735
0b696
07a0a
099af
000b6
0410a
039fe
0a1a5
08b43
05cb8
0ef6f
07dca
0fb9f
08aa2
06397
07462
02b31
0b241
04878
08d1a
0bd02
03fae
07cf4
0a89b
0747f
02330
04edc
0a24c
0d33b
0c9dc
04372
07a7e
0a55e
02bb2
026bf
0e610
03533
00b81
07def
07c7d
043d4
062fe
0e74c
033eb
0e3f2
02ccb
0ce73
03732
0e3d7
0ad8b
001c9
0d11f
07e65
0ed77
08015
05e7c
05ef7
0355d
0fa39
04a3b
09e85
01f74
004f9
0fac1
0e0bd
07232
04cb9
032dc
02cd8
0698a
0e982
0499c
0e8ab
0e5c7
0a12d
09c1c
03129
0d4ef
00457
09ecf
0af42
0d015
0cac2
0afd3
0eac6
0f5fa
07258
00f88
0a83d
00e28
00662
0bfb8
04ac5
0b3e6
0aead
069e0
0b67d
06089
0c512
0c20a
0f039
01e91
0e2ef
0aed1
06188
08da8
089c6
0938f
0383c
0267d
04896
08d30
0e50a
0b84d
08bd9
0e0db
02a23
0704f
044f1
00808
03b8d
0ef8f
06d5a
03c07
07494
0de29
058fa
00057
06917
04b2c
0efa5
098c9
0656e
0ca79
0bafd
05faf
0bce3
0206c
0ec23
0bebf
016d1
0738d
0a10f
02dc6
060a8
0be96
026ab
0355d
0c2d4
03a49
0b030
04a00
0de9c
0488d
01dfb
0166d
0d8ba
08f5f
08e9e
0ab1f
0be96
0be50
0f8cb
0f5e4
0987c
07124
0cd8a
07840
0436e
09a76
0656d
006fe
02f8b
07df3
02f34
0a9d4
09520
0b963
01579
0348a
04bf9
0032d
014ee
0900a
005d7
08747
067c6
0b2bc
044ae
0671f
0ca51
018e3
06d28
02dea
0a27d
0c787
04de1
03337
07400
048fe
0085f
0b202
028e0
05630
0d8ba
0b84f
087ca
00dca
08324
0e1f3
02021
0731b
0935c
027ca
00823
07944
036f2
05ab2
07caf
0df92
037ba
076aa
0b59b
0be5a
097cc
0d183
03086
01080
0ddf1
09fb2
0b6be
02462
075a8
011e1
01eae
06a9c
0f17c
071d1
01745
0786a
0ca86
00b7e
05fcd
05bb7
0d76e
0a8c7
07f59
02d28
0b7ff
0dd25
0ea58
03926
0bab8
08380
03e34
06e06
0c530
0aa30
02e89
0a23d
0401c
0ddfc
0ed11
0b474
0a53d
051fa
0e45d
08b0a
0f99e
04108
0093b
0b7d2
001f8
05e89
0d2e5
040d7
049f1
080b1
0b4e3
08551
04cbd
01fef
0cfa0
06c49
0bf3f
022fa
077ec
08f10
0b5ff
0074d
0e5c4
09059
05337
0e06f
0245d
023ac
0224e
090fc
03505
0a348
0fcda
01c08
0d25f
010e2
0f721
04fd5
0de33
03f22
03918
09504
0d74f
049de
0d138
02167
0d809
07491
00d41
07cc1
0f8af
0b889
03851
060ca
0692c
08ade
0c44c
0bf32
018d4
0ae3c
0343b
02511
0d27e
02bcd
0a4ab
00117
07c3c
0ffc9
080dc
0e18e
0c9bf
01301
05aac
03e77
00687
0c402
0d575
0945d
02160
01c1d
0810e
0b7de
08928
0f57c
0572b
0bfd3
0fcac
0a5e3
00af6
09041
07389
020f0
0ddde
0a254
06271
0d87e
0e8e9
0faa2
06b0b
012ae
03e12
0af4a
0c895
0512a
00ebc
09d49
07996
08acc
0a285
0b758
03650
048df
0ac6b
03d31
05fb3
026b0
015a4
037e8
082a4
0026e
0d848
0506f
0cec9
0a519
0cb33
00b39
09bb9
0259c
03209
06687
085a8
0187a
02c67
084ad
0f0cb
0286a
0ffc2
05cdb
03ffd
0e501
090da
0342c
0481c
04f99
0e8dd
00b63
01eec
0d758
0d337
0a786
07a47
0a867
06dc4
0e683
061ed
01db7
0021a
09813
05641
0aa91
00638
05388
07357
0db5b
0dc07
0c8ed
0e000
0ea51
00f9a
0dc53
029bb
054f1
0a2f2
0fd2e
0eefc
06613
0f688
032c4
075ed
06e54
02779
04c2e
08c58
0064e
03f03
09b46
032b9
04cc5
0eaaa
003c3
063b8
047e8
01de5
0bb0d
0601c
0495c
0c631
01563
07ac1
0ccef
0aef1
088f8
002d6
08c84
047ee
0a71b
0dda3
03c33
026eb
08a5a
044c7
0d343
0a7c8
06d35
060fa
06887
0d61b
0c64a
08984
05e16
026c0
0e99b
0c621
0c3f4
0a10b
093e3
04b35
0f250
0d759
0a50d
0cd06
016a5
0a3ec
09ee5
02394
0e70b
031e4
020fc
0940f
031dc
004a4
078b8
03dad
0f25b
0f7ed
00efd
01489
0a654
0217d
07015
00274
0b0c7
0416c
0d399
06025
012d9
03e30
0232d
026c7
0ef6d
00797
07adc
0a9a6
04bcc
0faa2
0c23b
0a6fd
0605f
08d87
09d42
0f2da
0eac5
0a6a6
0a35c
06582
062a5
005b0
0314b
0fba8
0f7b0
05abd
0717a
080ee
0af53
081e5
07f06
0cfcb
01051
0aabc
0b18d
0c5e7
01768
0a95d
0af4f
01be6
000fd
069b6
07f77
0e971
00f05
0f474
0623a
0e789
020e2
0ce1e
07963
00318
099f5
0b1a1
0d75a
09c3a
0fe0f
0f88b
067ce
0d5a4
011f1
0a7b9
05752
0176f
06aea
02176
04471
051e7
023a5
0b673
06d45
08d6d
06075
070e3
00cf4
0c30f
02487
0aae6
073b0
003e1
0f172
0b9d5
0dc80
06674
06e43
03569
07d9f
0d434
06801
06be5
0b079
0de55
0637f
0dfe5
0988a
01a38
0c523
065ca
05d73
003ee
02f07
010b1
00211
0cfd9
0eddd
0536a
01302
0642a
0169b
0879f
04da7
06a91
0486c
08909
0e38b
00fd7
0b3dd
09b20
0f141
00971
05fad
09c7d
063c4
0bde7
0a23d
00825
0a4c0
0ad51
023d8
0ec35
0b607
0a5e0
05ed1
0d8e8
0d8a2
0f8de
07ed0
058a5
0a11f
04044
030ea
02f5c
0dea4
06fea
06e99
064c4
0f406
0a9b2
0b898
03744
0db6c
05930
08b1f
0e5e2
0be4e
00844
0a2dd
07799
05f78
0f73c
0221a
0bf7d
0b107
017d6
08471
0cb91
0b167
075f1
01f32
045d1
02303
0f4f4
0cd21
00553
080c4
0eec0
07e30
070f1
0d745
0dc11
01358
02e46
02920
0556d
01e69
085cc
0845b
0b220
06b1f
083ac
030d8
0762e
05cd9
01f22
0e3b0
0357b
01b66
08a2d
0d8b5
0e805
03641
0cca3
07c57
0d800
09ff9
09c21
0cee5
06eb8
0697d
0fdf6
07991
0d7cf
0c57b
04bb9
02543
09a67
065ef
0206b
00c95
09daa
0e1ad
0b78f
05db5
026be
0466a
000d4
02731
0bae8
0788c
052b5
06444
0ea3f
006bb
095ae
0cbe2
0767d
0cc23
0341e
0836f
05eef
02f9a
06823
0f48f
012f1
098a7
07489
0c5c5
02508
08367
0fa89
0e81a
069ab
0c9cc
02ea3
08643
0cb80
09ac4
011c8
08bc2
00976
0d565
04433
0d950
04b42
0aef8
06168
0aba5
0fb89
00fca
0498b
0511e
02c32
03a67
0e4d7
0a762
050f2
085a5
0328f
0d112
0e7cf
015e6
0d4c8
0c493
0ffe4
03ddb
0c62c
0daab
0bbee
084c9
0f03e
0e022
03462
0a88e
0bc22
015db
0910a
0b867
07dcd
0a5ae
02c85
0c221
0463c
090ba
01415
083f4
013a9
0cf91
07933
0392c
09f8a
061ae
02887
099f2
00e4b
0cfa2
09c55
01b55
07e6f
063cb
01012
0fb52
05da8
01c93
05224
05459
0db21
0b8f7
0cc0e
083f6
08d0b
0013f
0a3d0
05cd1
08402
04a2f
07598
038ac
06c45
018c3
089e7
081fb
081cb
06007
06aa6
0a410
07482
0bc18
06d18
0d2da
061c2
0dfbb
0047e
08b61
064cf
0cc74
0563a
00bfc
089b3
0dc23
02dd9
03177
003c6
059a2
0e474
0fc0e
036b5
074a1
046cb
09497
0574b
0b70f
007ee
04cca
094e9
01718
09753
09453
01156
007fa
0e559
07f78
09ae6
0921b
017de
0bd10
080e9
06436
03890
0d6a8
02a01
0767d
0232c
03a74
090d5
093f9
06350
0dbc3
0d0e4
0fd96
02f66
05aed
04132
0a5d8
0b201
0d2d5
013ad
08c71
0f93b
0875b
00f98
07036
0a0b6
0eeaa
032f9
0e98e
0b175
0998e
02047
0c8d6
00a0e
0b860
0ffb9
066da
07bc1
0b288
05fcd
0e491
042c4
0f3b6
0b802
0642f
04ff1
0c2c9
0a394
0bd34
0034e
06f48
0bf95
0a139
01725
06df6
05b66
0bbaf
076f2
0b02f
0d155
07c66
0f7e5
02faf
081c8
0edef
05e56
0b2d7
0b905
0186f
07b2e
02773
063de
01a5b
0b386
0627b
0285a
0cb57
00918
03ef1
09234
0156f
045b9
079d2
05886
06178
0306e
0ce66
00f0e
005c2
0101f
079c1
0f356
0b548
048bc
038d6
0504d
04fc8
068bb
0b915
0cf9b
082c3
0cddc
07e61
0f7b3
0f7fe
0dadd
01eff
05632
02127
0c57b
0c0dc
06eb0
0ef5f
03a17
0bb59
075d2
0b9a8
049cc
0cbf3
0bee7
02228
0a4f2
0cb55
076e4
0c3e5
053e0
06552
0ef30
08fb4
0fdfb
0315d
03009
09263
0f218
00392
035ed
01651
0de92
0f6be
08960
00d39
0eead
0b702
0fbc1
0c172
0c026
0e2a4
01957
0fcba
06672
0a070
08031
07a5e
0f0e3
0597b
0e427
01929
0535b
04162
0d80f
0846c
0a396
08362
0acaa
0dd77
0a765
006cd
03b4e
0dd1e
07efb
0e9c0
0c4fb
0dfc9
0910d
0a990
0c737
0603d
0f4f2
0557e
035a9
0df30
02249
03d24
0452d
084fb
0017d
0bdbe
0357e
078bd
093f2
0152c
06a41
07f99
0d289
0120b
0ea14
0f265
0b4eb
01b90
0e69d
0a99f
09c8e
09ecc
0932d
09d20
0dfa8
0748e
04cf5
03c6c
00f81
0f977
0d6b6
0cd9b
04b5f
09b67
087d5
0301c
099ee
0e83e
0e31f
0ba55
082f4
05864
00e41
0094a
00ccd
01e69
0b223
01972
0733f
05fc1
00223
03baf
01035
09b8c
0f02a
0ef07
0f4d2
09387
0e683
0330f
057d2
020a6
07938
07364
00ad4
0bf63
04fd4
0379c
0f484
0d5e1
02c99
09113
00985
0e3a1
05f84
062c0
0e5c8
08770
07d68
006a3
0e119
053e2
024bd
076ed
03735
0c9fb
0e36d
006d5
0f3df
0240f
052b6
0aa42
09888
0ec6a
06e88
0ec5f
0f9d2
0e815
00ef4
08884
0e511
00c00
0efb7
04817
0ae3e
08353
058df
07079
0356a
04214
0ed5a
0bc06
0ccdc
0fd9d
0c9f5
0f7b8
049bf
069f4
08fdf
09f72
0929b
0c067
064bf
02f9c
0bb0c
0f30c
07b83
006b7
07a64
081a5
0247b
03d11
0736e
098f7
08260
01292
0dc33
0f384
098ae
05332
0f174
0a118
0e840
0ce4d
0cd3c
0d90d
0bc09
07318
00504
0e2c0
0ce89
04e43
03029
0915e
0274a
03fad
08637
00f3b
0f191
0c00a
00cd8
0c132
0e413
00e32
051da
0a116
09727
0d3b0
0a26c
02a21
099c4
014c3
06f0e
00aa9
023a8
0e82c
0dce3
0e53f
02356
0f92a
003a5
00391
09800
0cc68
0f3ab
0c064
0c259
0ff5f
08f2e
09bdc
0d5b8
015e1
0d5d6
0c8c9
0d78c
02869
0b595
07bad
0b2ad
0db97
03a59
089fb
090c2
0f48f
0e445
01de6
0af44
078f0
0e2fb
089ea
0e6d6
08beb
0bd4f
0ba24
0cae2
0c306
07b6a
03e4e
084c8
0c3f6
0651e
0127a
0e128
07857
07143
086fe
028dc
0bfac
039db
065e3
08d5a
0fb6b
04a73
001b2
00b2e
01a21
002de
043e0
03a71
0cb82
06f50
02169
0ca23
06f07
0d58c
09a6b
0636c
0503f
09145
0af69
0cbe2
00d70
0d66a
00915
06035
0f985
0928f
0252b
000a4
0e5b8
0a71b
00523
04085
0b3db
082db
0feb8
00cf1
07ac1
03c82
02ceb
03597
06df8
0ddff
0685b
04a77
093ac
0260a
0d74d
00229
00108
06bd6
01779
036d4
0a426
03596
097ac
0ee95
026d7
0378c
0739d
068eb
0d638
074fa
0a6a7
00892
05971
0bc77
0cb2e
0f710
0aa57
024b3
0c6ed
0af80
07bec
036a3
0edc3
0d894
08a06
01095
03b57
01470
03e03
0ddb2
0c4bc
0c1f3
00a5c
063f5
0d5a1
09d2a
03b98
0a82a
0a1b4
0b626
0398e
0fb57
0ee27
09597
02cf3
0cfb9
07cff
02e70
06c4c
09110
031b3
0c6f3
022ab
013fd
0a071
08810
08566
00654
03ef6
032d1
05b97
0c982
017fa
051dc
0ceb1
074b9
0f82d
043dd
09d9c
0b411
05bd3
083fa
0bba3
0e147
07650
00c92
05086
0b936
025fb
0b450
02690
0d58e
007ce
0798b
0f89b
00497
02513
01c07
04df3
05d1f
00f50
0db70
02eb1
068cb
0f11f
0046b
0cc92
083e2
0defd
0e3bc
0fe62
0d65a
02a5d
0baf0
0dad1
0277d
0e152
0a0f9
0b5d3
08fa7
04c47
09ff5
0b7c2
0e660
048bf
0c561
0e1be
06352
09a4b
0a069
0dc50
0bb9c
03601
0fe60
0012d
074e1
04360
086eb
0f5d0
064f7
0cf3f
081aa
08e70
0d7e3
0aa7b
0b906
0578e
02dc5
03f5b
0943c
05a89
0a4d6
08cde
00a2e
0fb9a
0b69e
0b6ee
0e3ee
0d65f
02232
071b5
045a6
038c8
00d9b
023cd
012d0
0539a
09128
040d6
09753
0ba16
0d86d
0121d
0f60d
0783e
05384
09d2a
00c33
06e9d
05356
0b50d
01076
060cf
0f9ee
0a3a1
0c251
01196
09819
05c16
03488
0b944
0421a
02452
09d8a
0d1cd
00050
00a17
071d5
020bc
0ffbe
006ed
0d6a8
0fa73
077f1
0a958
02d8f
00c0c
08c1e
04009
047ef
0a3b4
06637
07fd4
0e13d
04c2f
0db74
0be76
074ac
029d0
03903
0eae8
0f98d
0c099
02f22
04c0d
05ad8
0db63
0eff1
0e70c
0885c
0d87a
09e5d
05cf8
03269
0b156
0cbf9
0cf8f
0df78
0ab54
0afe2
03490
097d1
036c6
040d8
03dbf
0bc9d
0f168
09100
0acf9
00885
02d39
02133
0be04
0e14e
03b4c
05152
04750
0a4c3
0e589
0a9e3
07127
0c74f
0edc1
0d9fc
0d0b4
02cc4
03172
0c638
08726
07dd6
0faa9
06a35
07fd2
0d571
06345
08a4d
0701f
052d7
0d181
038ae
0406b
0ba0f
04558
0bee0
0d928
08d66
0657a
024af
0dde4
0c875
05aa6
0ef63
0097a
09554
0f7e7
0bd00
0449a
0c142
04983
08f1b
0810a
086d7
073b8
03a9a
0941c
0d510
06f80
0ff8b
07de5
06c13
0d92f
0511f
05ba8
0c74b
09126
00620
0c893
031ed
04ed8
0095b
07cb3
06f4d
0628a
025c0
04e58
0822a
059a4
0f75f
09895
07499
0357e
0bc4c
03368
057d5
03386
02341
08dfb
0c84c
015ec
0da72
0ebf0
008e7
0f37a
02b3d
0e086
0b4f5
02952
04222
01128
0fb2c
0cdcd
01478
0102c
0028b
0a667
084aa
0adf9
0c773
02d71
052c5
007f4
0bad4
04083
03cd8
0890b
034e8
0a481
0b7b5
02754
0d5c0
0c6ab
0cadc
00fe3
0dc67
02565
0d561
08acc
0a531
01a23
0fe3b
04f1a
0719b
01377
0e25d
0d347
0217d
0a5c7
03f6d
07495
0b3f5
06f37
0167b
0fab3
0b162
0641f
08d37
09f12
0456a
09852
079ac
007bc
03e50
0bb75
09486
06fba
08a7b
0cde3
051a0
01b2b
09a7f
02479
0501c
0eced
0b97b
05929
09b6a
0cf4a
0d98a
06b04
0ce06
0d8ac
0e5b5
04142
0da6f
04a42
01602
09d62
0700b
02ce4
05b8a
0f04f
04000
00b86
04f42
035d9
07599
02589
0ad23
0bf09
029ce
00ce6
0d03d
09fc4
0c88d
0b9f4
0096b
09939
01a59
08226
00f15
0bc24
08fcd
06894
0dc79
0b4ae
05dc6
05c58
0a56a
0e0a8
0732f
0c9cb
074bb
04a78
05595
065e9
0dd6e
08195
094b8
0bf5d
0fe31
0acdc
055dc
0efe6
075f8
0db02
021d8
07f1e
0bb5c
0f10d
0de26
0d422
02659
07670
09320
00c0b
0fce4
054be
05116
0d918
04e8f
02df2
08c67
00613
058ca
02f71
06204
0f5c1
0adb5
0fe7a
08d61
09dc3
0fe92
03cb7
0fb74
05faf
0d003
03d7f
0394c
00cba
02dd5
072fb
0ab48
0d94a
0c8db
0da89
0b399
0f2c4
0297f
0e645
05e8a
0608b
0b698
02e70
00bdd
0cb98
0e0c7
060f5
095fd
05dda
07f01
0a865
01a73
0e3d4
0a045
073d4
03876
073c0
058af
09c96
07423
0f84a
07c24
03190
0a40e
07fa3
0f351
06a0a
0406a
0e864
0ca66
04b6d
042db
0053f
042f3
03a7a
07158
0e1e4
0e49e
0bc72
04e61
0a3f8
0847e
099c3
040a7
0734a
0152b
0e621
06fbf
0ed4e
0ee2f
0fc69
02936
08352
0c94d
0413c
085ca
06976
00e01
07071
0c6ea
05726
0c5f9
06067
021f0
04d35
0ef7a
02cd7
0377a
07385
00413
0007b
0a263
015ee
01f97
0715c
0708b
03960
0437e
02a2a
0b5bf
0bfd0
0ceb2
0658c
0bd5c
063fb
07775
01bc4
07317
0649a
001b5
032c0
0a37f
0bdfa
078bc
02fea
097cb
04111
0d36f
05d2a
05159
0a5f2
080e8
0af6c
008e2
07458
0cc14
03880
0f7a1
0f08a
040b6
0c0a9
0ce56
0053c
09692
014cd
00e3f
09626
0773a
0bca3
0ba2a
02dd7
00fcb
0588f
0885c
02ab9
066ed
09ce0
07252
0b1bf
03e20
04739
0d954
0a2bd
0577d
0972b
041b6
0ed0c
011fb
07df1
0d24c
03bf8
02211
0f4f2
07e14
05236
09a2e
037c8
0e57d
0032e
0fae5
09d29
06be8
0fc08
017ad
0dacb
039b1
06d23
04c35
0e9bf
0f0dd
02612
05685
0d6f9
019c2
0aa20
0df4b
03728
0fad4
06ae2
05892
05dc5
0446c
0bf6e
0a9d0
07f46
0ab9d
07b9c
04820
00b7e
07489
0e3db
0e755
0cc08
0a256
0bdb0
04b09
066eb
0ddb6
0fe56
06a30
04d53
09d59
046f7
0e72b
03049
0a5d7
06d5a
02554
0f665
0834a
017dc
0631c
0c8f7
00416
0c568
0290c
0b4df
0f570
0f202
07a90
0e00d
0b263
01f98
00028
00bc7
0ff7e
051ee
0b61a
0cada
08016
0acbe
0a902
07e57
0b844
09f08
0f95a
0e444
0896f
0d618
00289
081b9
0de7a
0b85f
054d1
0ae24
048ad
0b1e9
090ce
0344c
0731d
07536
0a18a
0a420
0c888
0acb8
04962
0089e
09806
0d81f
0fd6d
0442b
02b43
0fb46
0887c
0980c
048ee
0dcf0
01a19
09e12
0d6d7
0fe9a
064d6
00ebe
0a267
0fd28
08ba1
06607
04133
0fc4f
00b4e
0ff26
0cd5d
02189
09d2f
05251
02c0e
06938
0e3e7
0251d
007a1
0cda2
0af9a
0d81f
08b06
077c2
0b77e
07de0
0124c
0b6b0
0fc55
028f3
04207
05720
0121e
07937
02e4f
058d9
04489
0c48e
00bb0
0b2ef
00f6b
07fea
05be1
0d5bb
0317a
0b6e9
036e9
055c0
0ac54
090f1
0d5b8
04696
00b44
00059
081cb
0256b
0ef51
0198a
051c6
0ed5f
047eb
0791f
0fce9
0d4fc
0b502
0ab84
01087
06724
01581
0dbf9
00874
02204
01d5f
0b2f6
06ac0
04351
0ed8f
0a476
07a47
097b8
078eb
0b70d
09dbd
0d936
0ace2
094ee
0d7fd
07b65
03825
0f07b
0b2e6
0b153
07fe2
0e96a
08631
0e54c
0d0cf
05127
0a4bb
07985
0c08c
0faec
073ab
056b0
0ef09
05dfd
06255
08567
08958
01a62
06f92
0ad7f
0f38f
0419b
09dc7
03ef8
0b5e7
0ddba
0eca9
0b22a
05f88
00bb7
042fe
0b1c2
00551
0489e
01c07
0a2fd
019f1
0c7a9
0786d
07b4b
0f322
0e3f4
053c5
03e48
0efa7
04365
085fb
00763
04f9a
00814
04e45
02e93
0d630
0f74a
0f553
00b3b
01c1f
054fb
07f9b
0cd7c
00c1a
0326c
0a1ff
067e1
08a96
0beca
030de
0431c
03e17
081a0
001b2
02fff
0c776
0c5e8
0a72a
02971
0f894
0cb4c
022f5
00e4d
02ab5
0b85c
058f5
02446
0c18c
0af03
03f3a
02d0e
0aea8
0616f
08aba
037a2
09628
004d2
0a1ce
062e6
06780
089b0
0e3ef
0d630
0d17e
0feab
0552e
0cf59
0107e
08e5c
0623e
04f68
0f21c
05126
084c9
04dcf
03d1f
0cd64
0896b
00f34
03fcc
054fa
0b05f
03c00
0bca0
084e7
084fa
0d9ef
0b048
0dd9a
0540b
04024
0f495
0b4c9
01fca
03cb1
0b46e
0e42a
052d9
094a0
0033f
0229b
01e8d
06e9f
0eb39
0992b
00126
0abf7
09b26
03e3d
0fe5c
0c655
01a28
064b4
0858d
02528
0f997
0e810
06262
0779f
0a56b
064a6
0c2a0
0223b
0c57c
05e0a
0ad2f
0c5a7
03498
0d6bd
0b89d
0986b
0d486
0fa60
04886
0f812
0be09
0a4cc
029eb
093df
083c8
09ac9
0708f
0fda2
02513
0f5c3
085c8
02030
0c5e3
0a057
0f790
0f447
03058
07a1d
05a93
0a0b6
00e46
03b8d
0d85f
0b357
0d0c9
0936a
01bc5
01d17
054fd
0e280
0a710
0343c
09dd9
040ae
0453c
06318
03fec
0b87b
0772e
06a91
0dba5
0d3f4
056a9
0f685
01438
0a072
0cc55
0af7b
07756
02a92
0a77c
0b4c8
0fd61
016a4
05842
06763
06b25
08022
0b10f
04230
0e097
0457b
0ffc4
032a2
01c81
0a988
0cc24
0de14
0f7ea
013aa
0bb0f
0ce9c
08c97
0d166
0394c
0f6e1
04c46
0637c
05088
00a23
0aef0
0d539
007a2
0bc0f
0bc50
0dc4a
035d2
02192
06385
0e876
05be8
0319a
09fba
07468
0efef
030ad
07f3a
0a86f
0f10c
0444d
02fca
02548
03942
05887
0839d
0cc2d
051d7
078e7
0df8d
0da67
065a7
00dbd
09654
08215
0601d
077ba
01bd6
07166
0129f
00729
0553b
064b9
02dc1
05860
0fc4b
035c8
034a3
0510c
0a36c
0f01c
00a68
0691c
04dd7
0ca3e
02217
0703a
0c546
087f0
024e3
0b5e2
08652
080fd
03165
008b6
02ac6
0c503
03487
0b8a4
015ed
08c85
00bec
0aad8
0962b
0c2ad
0b9e4
048fb
07725
08bb5
0a1d9
0d028
096ee
07b51
0381e
0e2e7
0585d
016f9
06c3f
0b7ac
07bcd
0d635
01ac0
0301d
01e98
04ebf
0d9bf
0ece9
0aceb
03ece
02a95
09d95
0380a
0ea31
0f832
035c2
0ce1f
074db
00396
0851b
0be48
0d255
0dff8
0856f
03679
07c0e
0e9b0
04083
0f7dc
027ec
05464
08f0c
0933c
07a91
0bade
013a1
043c8
09700
07e44
0b5d5
09de6
02f29
0fd3d
0bfaf
05988
0d5dc
086b1
007b7
04d69
080fe
00eee
068b2
0913b
008fd
0a690
01f76
0f1f0
0e0b7
0e9df
0ebd5
0da95
0d558
07b57
004f0
00e2e
04a7b
0a906
088e1
07833
03ce9
02ee7
0e980
0b870
0ca9a
08c11
03661
0dc4c
0109a
00697
07821
05985
0aa26
02f97
0a408
021ac
0350e
07ed0
0402a
007f1
0d1b3
096d8
03ac4
087ea
0dd15
0669b
0d7d4
0849e
0b376
07760
0dfcb
06f97
0b334
0f3cd
0b36d
05c99
07cb6
0a0ba
0f10f
0acff
0bdad
017ff
0a154
051dd
06e9c
0aa87
0b085
06800
01f41
0a742
0465b
08519
0a32b
0ed90
03cee
0fd34
0dfa6
071bc
0e65f
00296
0a2e2
08bce
0c03e
09432
08247
077f6
0f703
0bd35
01cca
0e9cf
0b721
0c698
0599f
03215
065d6
04d4c
022f9
0e348
06557
0ade2
04057
0c182
0b32b
0bd71
09809
06ce0
05d9c
0452e
0e0c6
04ae9
00da5
01545
03523
00fa1
05434
0506e
0ed77
00261
07e8d
026bd
0bc8f
0dc58
0d3ba
0ed04
0d052
08f52
0c10f
06480
067f1
0c78e
0a4f8
02480
0c969
0733e
099af
09765
0f836
0a273
08158
0e7ea
0d9b1
01056
0e475
097f8
0816a
013e3
0b283
0273d
0a48b
043df
05a7a
0aa3e
0876b
0d726
087ca
04cac
05ea0
089a8
03772
026fb
02162
0b1a8
09376
06133
0c471
0caa4
08cd4
0aaaf
0d540
07365
04c55
0eed2
07853
0711d
07f26
04d54
069b8
0f581
0172a
02a4e
08ba8
0c9f0
031b5
07e65
06d67
08d70
0ff6c
07d79
07d35
0823a
0c0a8
0dff5
061b4
0d938
003e4
0b96a
09c62
02667
06ce6
033f4
0f42c
09e4a
032e0
05c1f
0dd85
0b4d9
06343
00782
0a3a2
0d081
08466
0a16b
0dda7
0943e
00563
07398
09b58
08c04
00f02
0248e
0681c
0687c
098e7
0abc5
08528
05d80
038ac
08cd6
0a524
07502
0f046
0bc01
0c459
004e6
0d26d
03418
095d7
0f654
0af27
07bb4
07953
08e31
0d52b
0ce79
0b37b
0a807
0b688
0783b
0772d
0239f
02ae3
0ad0d
0a644
054d9
020d0
0ee83
05518
0dd14
02059
0ae8b
0f9a0
06501
0cb87
0c7a6
0a173
0ad6f
0c8b5
0ae74
0b556
00814
056c8
0801b
01914
01c85
091f1
0bc13
0d95b
05c80
00ac7
0b452
0c0ce
0cd8f
0b38b
070e5
0b422
0d679
0d733
0774f
0f0f4
06b67
0ebe9
00c3f
0c6d0
08ead
0b7eb
0bef7
0a199
0e924
0290e
05d37
08a87
024b7
0df63
034f9
0dbd6
0157b
0ae24
08fb1
03380
08ecb
06785
06476
0ef99
042c0
01129
0d7e4
008a3
0958e
06d45
04640
02505
00420
0a740
08cbb
0e31c
0e8bf
04a2b
009cb
05da6
0da37
093f2
039a1
0debc
059e1
0aca1
08e47
0c927
00e21
0ea56
0d7b7
072cb
00a2c
032b7
08270
0aaef
0c00d
094f5
02410
0bb88
0c0d1
01240
09821
05dc5
03fd5
07514
05b9a
070f2
0a11d
00847
0229c
0f924
03bac
01bae
08079
029b1
08989
0c46b
0d03b
04911
05d46
0cf64
0b387
03425
0618e
0c2e3
0dc53
06542
08956
04bf8
051b0
057b5
0f95a
0e1bd
0b75b
02f26
091ee
094c6
0b635
02f2e
00377
02bdb
0272d
0cc75
0189b
00a8f
0f497
00ba7
0db87
01edc
00e6f
09d63
0af5b
05539
07735
034d0
08636
0c1ee
0668b
0af47
0aa41
02506
0a1ee
00863
0d70e
05d8a
01281
0bd5a
0cc08
0319b
038bf
0a12d
0bc92
0bcb3
09e0d
094e6
0ddcc
0678d
05583
03daf
0022f
08d70
0e307
036b5
04e99
0fd9a
01c86
066ff
02dcb
002eb
05951
07edd
08dde
06e8c
098a0
00a9d
08ae7
06588
0ddf7
0c59d
031cc
03956
08594
08cf6
0b75c
0328b
0c063
0e8eb
060e3
0b40f
0fa46
01e1f
06c61
0658b
0e8bb
0ebab
0ccea
0f5ec
01b37
08b4f
072fd
0af71
07e5e
01ced
056ed
0bd9e
0276e
095f5
0aa56
08b4a
07767
0ba3c
071f5
0e5d5
052dc
0c188
0f55b
0b8b4
0d415
04960
0bfbd
08b63
07c26
0a155
0726c
02b24
0e62e
0b184
0bdce
0bd32
058d4
012da
0af11
0dcb2
0349b
08f9c
0f2ab
0fc20
0a14a
0fbb0
0cff6
0768f
0aba9
00f7b
00599
0d5ca
0db1e
08f14
0a2e9
078fd
0adf5
0bcbf
046b6
05165
04447
0ea34
00565
0239d
0bea3
0fb92
02e06
0608a
0a94c
09d81
066db
01d69
07da2
0dc7e
050f7
05d74
03e5f
052e6
0ec37
029f2
03459
09e8c
0867a
0b652
09f6d
0a28e
0baf5
02f21
0d73f
0eb03
068c3
0c566
01c1b
08769
051e2
01715
04b50
0c9b9
0c32c
0ba1d
0d581
0c35a
0a0bf
0cab3
0875e
00a5e
0cadf
0c40e
0afc1
06176
0a104
0c1df
08813
0859b
06d6e
0216e
04cc9
02ad4
0f1f5
026dd
000eb
0ea7b
06d43
04d23
08a1e
020ed
03567
06975
055bc
0a5d2
0322a
009d8
0dbb5
0f7a4
0b757
01907
0b28e
06b3d
0f7d9
06f9c
0db81
0d612
053cc
0cf59
01198
06775
09630
0b440
0e1fa
0f6cb
04a14
0496a
0fa84
001ec
0143a
050d1
04f2e
00644
09ea4
0607d
025b3
09bf9
03df1
062e5
0164e
0918a
0674d
07c64
04cff
0141a
003db
0e3c3
0e825
0c5e4
0d1d0
02cbf
0b890
0cf14
06afe
0f217
01444
0f4b0
04fe8
006e0
0a638
018b5
00f8d
0e3b1
04ff7
05b39
0058f
0bd98
0125d
0561f
03d7f
0ca21
0b5fd
0cb86
0bf47
0ead9
00894
0665e
053f2
03244
08c50
0a7af
0dc92
00e4c
08e49
0ff1f
082a3
0f562
08269
025a5
0add5
0a703
03861
029b7
03fff
054c1
08da9
0c07f
043c3
0423e
0d363
02c28
09287
09e03
0f6b8
0eb41
0977b
0a7ec
0762c
0197f
0d7ac
0b946
0f745
0113b
08096
06298
05879
08a13
0216b
0307a
00878
051c9
089f3
0b8b5
094af
074c7
009d4
09d7a
0c36f
08ffd
05de2
02b58
070d4
03ee5
0d54a
03b47
03f09
02c7f
03db6
0dea9
01f10
0e7ba
09641
0530b
07cab
03995
09753
0cbaf
06678
00088
0c6e2
06547
05527
08110
0d717
01b56
0327a
08756
0eba9
02d63
097c6
0e024
0cb49
0f1c7
07172
04594
08ff6
0e8f5
058f7
0e2e2
05d7b
09d28
0f4b1
05025
01361
0cd33
08d3f
0cec7
0f003
0dc0e
0f1a7
078d7
09963
0110a
0a7be
0499f
009c9
05015
00cdb
03008
0da44
0b76f
086c6
01061
077b3
085e6
08b51
09158
02983
01886
0d56e
0279d
094b3
02a14
0810e
0a0b4
0de61
04b3d
02ba1
00c03
0cabf
062c0
0274b
01b8a
062d4
06aab
0b052
01937
0c299
0f32d
03195
043a4
00019
0bebe
060be
061bb
05f93
02760
01190
0b312
00056
0c68c
01702
0985c
0979c
0d3b9
04490
0717c
02371
0408b
058db
04593
05220
07b23
0d605
059a5
02fe5
0df37
09d79
05db7
0bbc9
00b1a
04483
01d2b
09db4
01ed0
082c9
09d88
06609
0cb97
0fa3d
096c3
0d4a6
0cedf
0f451
0e12f
0191c
0dc99
040f5
0646c
08080
03b05
07a31
01b9a
0efd9
0d3c1
0dc0d
07ea3
031aa
0a8a1
0cd58
0db03
09b41
0cc02
06c23
07976
03c20
02dfc
01826
0b5c4
045b6
0d887
02311
071e9
05d99
07f39
0ae3b
0096e
0f72e
04985
06536
0202b
0818c
07871
00a9c
009bd
0f9ee
0f7e2
0303b
01810
0cdde
00629
08752
0c9fc
0af71
04397
039b8
0ceb8
0184e
0e2c3
0dde1
03397
090e1
00ad3
02440
02583
099a0
0ca3e
041be
0f6bb
035c1
0fb24
0d7b2
0d362
0341d
04666
0c25b
0e4d3
01efe
0dcf6
0577a
00172
0adc7
02815
0838b
0a751
0e076
06dcc
0e39c
0063f
00b99
0d069
09dce
0b332
0fb30
02ba2
0241c
01459
02a4b
08028
0b5ae
0e663
023a5
0a5ac
02d4c
0f6ec
0d933
0ea7f
0f634
094ce
07137
04db3
028c7
0dde9
0c5d0
08af9
045bd
0620a
06b33
07278
052bd
0364d
0ac58
0cbed
0232c
0e30b
01394
05081
0e250
0d1e2
036a5
0de21
072f3
0a676
0e2a6
0b4c5
08a63
0efad
09f3b
00bd1
0f24c
07bc2
07867
02514
0e824
0a7a5
0e7e6
0fbb5
0110a
07c63
09708
041ef
0ac0c
0f97e
09f05
06449
0619b
058ae
052f5
02974
075fc
027fc
039e0
0d2d0
0078f
0118e
0203e
0ff33
09f3e
01682
0bfd2
0500c
09609
061d1
048be
0b8fd
0011d
0993f
0fade
0ba52
034c7
0e89b
0a3ab
0c619
09992
0495c
01f53
06461
09a55
0450b
04db6
08289
012ee
03c50
02cd7
06974
0409b
042c9
0b8c2
089fe
07020
0e172
0544c
09682
01fc5
08dfb
081d2
0a271
08025
0b4cb
05677
08ad5
0bc32
00a3d
00e07
0de40
0d2e6
0c5ac
09b5b
0f984
07224
01edd
0214b
0a384
01512
039b4
0aee3
014cf
0863c
03b93
01c5d
04a21
0bd93
0474a
0f98d
032b0
0a4f1
018bf
0f0da
06633
0cfe6
0e8b5
0a01a
0c25e
0e449
0b2a9
03825
062f6
0dd21
0a463
04da0
07aa0
0df55
01089
0c15f
0ccc8
03226
037c5
00988
0753c
0f56e
05218
0e9de
0025a
0d02a
04a58
01575
0e9bc
0fc63
038c0
06e2a
040ea
0252c
0b090
0cdc8
08967
09014
0d334
01bac
0d5e9
0a502
0dd52
0846b
0ea01
03736
0cabf
06d4a
000a3
040e6
09d32
032d7
0bf25
0bb27
07968
09b1c
00924
04b47
0cf0b
06950
0d5c8
09873
0f181
0b39e
0d6d7
0828c
03081
08347
03cc7
0d3a9
07422
003c0
07444
0f423
0adf4
0d93b
08446
0a418
08fce
01291
0895f
03c4c
0e2ea
01f54
0e670
081b7
0ada4
0f7f1
0e713
092c2
0ad76
0c027
0ebd3
04bbc
0ddbe
0f131
0722c
01237
04e49
0b4c7
0cc4b
07a1b
0301c
01d34
02d23
05e31
0b14b
0ab9f
04e38
0ad49
04509
0ac8b
00256
0022b
0dfa1
07920
029d3
0ad94
0eb0a
01f3d
0583a
0c5c1
07e12
0f8dc
0ebd0
02271
0746a
0a5c2
04313
02c25
0c09f
0c80f
05051
07e3f
062c3
0d3c4
07828
06767
05f6d
09d35
05da7
0ef72
06426
0b72f
0e045
06c6c
0b200
07cb7
056a0
0c256
0c5b3
0d7d3
06f2b
04b51
07e43
091e8
01ef2
0fe74
0bee2
044b9
0c0a4
0afad
090f4
0e401
0c700
023e2
0ca9a
01112
0cd54
058ed
06073
0a786
07dbb
082f6
02978
02cda
07836
0c4eb
0c4df
0c0e4
01204
0d690
098cc
0e607
0c47c
0c615
04a89
08c17
01c24
00f5e
01c7b
0afd1
02a4c
015a3
03ae9
00044
0b929
0a1f4
0178f
02f5d
00da1
0b9e6
0e73d
0625e
0df49
0ba2c
076f9
02d28
0f40d
089aa
035ae
07805
0d625
0c6df
04788
0a4ec
0fd9d
09cb9
0d5b0
07240
06d98
081da
09092
0f5f0
043eb
06ce7
0c1c2
0512c
099f3
0192b
0de4e
06728
078f0
0f144
00110
09a2c
0ad3f
0f3ff
0af9a
04417
0ebc5
090ae
032dc
03e4d
05292
0c5e8
09187
0ca3a
03b6a
0ccaa
091ca
038e2
0d2a9
0ae81
03115
0152b
04815
0234b
0d58b
00eab
0379b
03002
0e1af
001dc
0c66e
0ffe1
0c0d4
0dcdf
0d9a1
0e724
07c23
03d32
04341
09334
04ba6
0af10
020d5
0a525
0bebe
014b4
07e4e
0b3cc
060f1
07940
0f475
02e8e
08f01
0758f
0c577
09c53
03400
0e573
08630
058d1
05517
08b68
09621
0df60
0076a
0586c
0ea82
086a0
00000
07edf
08f78
06267
020aa
09609
05c79
023a9
0e77f
07dc8
0dbf6
0a6e2
0c4dd
08c80
0d68d
0efdf
0e1bd
09a14
05503
00bb0
022a4
08b74
0bc07
06a05
03761
07804
016be
0e16d
0e4ce
02d89
0af58
05903
0b162
06c96
0f1a3
0e822
01ebe
025a6
0dc9c
024fc
0e9dc
08610
05f7e
0ed48
0a964
027c1
044d7
0d21c
0976c
0410c
0a8f8
0d8d8
01e22
0526b
0f0bf
081e8
0a54b
0b153
01452
08190
057c6
012d7
0fb5a
08a15
0a9d0
025f8
0dce8
0b589
02bd3
08c35
0573c
0a677
04f89
0018d
0ee39
0431f
0623c
025bb
0dac4
01bc5
09ad6
01037
0873a
06edf
04f7b
0d20f
03ada
0e4e3
033b7
08da8
03c01
0f2a5
08435
0681c
01d2e
0644f
0b50b
04efc
04ece
07277
0d6d1
01df3
01f53
0e49a
0895a
0678e
03308
0567d
051d7
0df9c
04222
0d179
05f8a
052be
00c93
0692a
02e95
00f2d
0c907
05e88
06510
02cbd
0ef2e
09e30
066c2
0b3cf
088fa
0a27c
0ade3
0f9b4
0fb30
07b6a
07840
0f83d
06783
09f06
0bb05
03c07
09944
00f6e
053be
0a1ec
017cc
0393b
056b2
08517
0fa13
0b7fc
02f18
0bd40
01deb
01fce
01ae7
043f1
0d6aa
0be3a
0fdc9
0d84d
07248
03038
043e9
0bf6f
0a781
0508b
019a2
0205c
0191b
054ca
04f5a
02a6b
0b85f
00b71
01e9a
02822
0bb37
06c43
00ff4
01bb8
0a28d
0d7cb
0eddf
09aa7
0aa5e
0dc2a
07f47
094e5
0024f
0e184
0d519
0aaa0
07505
0f561
0c731
0d879
007e6
03948
06a22
02ba2
068cb
045c6
02493
0351a
03ad7
0a0a9
09183
093cc
0bd74
08891
06df5
0b518
032c1
0257b
005c7
0cb20
00f18
0d4b2
04958
0da1c
0a54a
020d6
095ff
0b40f
06749
076b4
077b8
018b8
09b1d
05e66
06e2a
0469f
0eafe
0c396
09e5e
0aea3
06d5a
05820
0dc87
0cd01
0744e
0ad57
0f089
0039f
02618
070ab
004bb
01cfe
09160
0b0e2
0638b
01da1
045ce
0ad11
09849
064b9
0c8c0
06cdc
0779f
01043
0dfd4
0a519
01b24
07c04
082ae
0ae4e
07f47
0432b
0238a
06f01
0db20
007f2
02b2c
02ec7
08ba6
01e19
0e86b
0999f
09afc
09db2
00e7e
02e1b
02f2d
0adec
0ea18
08ce4
08b96
08697
0e755
0c991
0bea1
0ecc8
01d1b
02c3a
02f26
08de3
0aa27
0556e
06acf
07e91
0cd5d
096c9
0f44b
09fba
0a235
0188e
086e6
00d7d
01833
0a923
0f79d
0c53c
0d11d
0e030
0e7fe
0e2cd
0a305
0c46a
02176
014bc
0eff5
02479
0ade5
04541
0eb1a
07c8a
07bc5
0169e
0b51d
012c5
072e4
0b4ae
0ca44
0920d
09371
06147
09b7a
0a0c8
0f958
0bfd2
07309
01bc1
0106c
01925
0f8d3
02c01
03a7d
02227
0e04d
07a4e
01748
0a664
0fb7a
0c8ea
0e584
0c175
00fcd
0ff40
0e766
0e15d
0415d
02130
05858
0ff7d
0c576
0aaf6
0c755
07007
02ef3
0e95a
01a4b
0487a
047f4
06f52
047f1
00f73
0603f
0ed15
0ed5a
0bee7
0c597
0eec0
00b5d
02c19
0d671
00e7a
05b12
0eebc
00cf2
08275
05d65
04383
0b5db
0e8ba
04deb
0b9fd
0cdaa
02412
09ded
054a9
0197a
00749
049e2
08000
0a65e
03a0e
00cfe
041d1
076e7
0e967
059c6
0516e
0d5c8
0b401
0bf84
0753c
0efe3
08bc1
087be
0b6b6
066ed
0b3f1
0f77e
03951
0534d
07ad8
04261
036af
0dd52
005cf
0fa34
07136
05373
03688
074c0
05227
039ff
008bd
01aad
0afa6
0bbff
03cd0
0960a
003a8
03c6b
06843
08d66
0168b
0cb6a
07fcb
0524f
08603
0c763
0c877
087f5
0940b
0c3d7
015de
0a154
08ab0
0a46c
0a12e
07165
0165a
07828
03302
0798c
0b02f
06a76
0336a
01fe4
0d7ec
0a8f9
09efd
05a3a
044db
087b6
09000
00921
04197
0961e
0f929
0b8c7
01d6e
07de8
0d25c
0edf4
00d03
0c62c
087be
05d59
01047
0b732
007aa
066e7
0ab46
0c5c1
0ed58
0b29b
0dc8a
0a7ad
082b8
0190b
0fcca
0ab19
087a7
07802
0ab16
04827
03b5f
007a3
09edf
0517a
01ff4
06d30
04530
0e70a
0264d
0404a
00b29
00a5a
0c8c0
09812
0459b
0cd1c
0f880
0fe59
0c6d7
09561
0ee4c
0f8f2
0cbc8
01c2c
07a0a
0baf7
0abdf
097dc
08207
04164
02e1d
0ea69
0970a
03f81
06143
0209e
0beae
0188a
0ffeb
0fbd2
0890f
05d8b
08067
05348
0b557
05b43
09540
0359e
056eb
06273
073c9
0a413
0a7f4
0c479
06099
0bb52
08eaa
0c91f
063e0
0bcac
039cb
0c9b2
04160
001fd
0fe77
0103a
05611
0265f
0ac54
0d0ea
02dca
015cb
06b73
0499a
07397
0d889
0126b
02ea3
031db
0e10a
0b053
0e0b9
09a16
0ae8d
0e82b
0814e
07b29
02af0
07fba
0343d
0e62c
0e5fc
0757c
0caf8
0e659
0a9e2
01644
00e59
0d75d
09dd5
04746
01111
06032
0f902
00058
03852
0330a
01d3d
01104
07a9a
08752
0409d
002fd
0a7dd
0144f
03ad7
0e56f
0b0fe
092e9
0e93e
05953
07009
096ac
09b5b
0cc50
0b168
07dcb
06eaa
04562
01890
030a8
0bd86
00c70
06532
040ae
09031
03e56
02197
02693
0cd30
064e0
0b01a
079a3
09323
0341e
0ad6a
09c5c
02da9
0778e
0a299
0ef37
045c8
099bd
03b33
0cb3c
05e8c
0c0e3
08ad9
062fc
06a22
06981
0647f
0a2d6
01df3
06f2b
00fda
07b82
0cbfc
03c88
0e952
07383
0352c
046b5
0f820
0851a
08917
0cde8
06b96
0be6f
08a35
03ece
0e0fa
06d4a
048a8
0e80b
09cd6
07711
04679
01d2a
0fdb5
02541
0c0cb
0efb6
0cbc4
073f9
0215d
05db9
087f5
0ba40
0f512
0fb90
015d9
07798
04c13
033f1
0ae48
0f6c1
06d68
03140
0eec9
00819
06c69
0275e
0dc6d
0fdfc
0f378
067b4
0fbc0
04db0
054a6
02f32
013b3
029e6
0ccbc
018bd
05a66
09f88
04478
00f98
07077
0f48a
04d0e
0c7b3
0280f
05eb2
0753e
0c7ce
05e31
01a2d
09c20
01ca8
0a5e5
0c7fe
055cd
02985
05562
06498
09aff
070fb
0d451
05fd4
07515
0ade0
028c1
09c92
0746a
0d33c
0bc68
0e056
0cee9
0e31f
02976
03ed2
05634
0c1d1
0282d
0366a
0ccca
00e13
0680b
0b661
0db74
0ecbb
084a5
03236
0b803
07379
065ca
0706a
05908
0071e
0e1b7
01d31
05f11
0aa40
0e5c8
004f5
068ee
04c47
04a1f
0d794
044e9
0f35e
0f9de
015ab
0f8cc
0cbd6
05cc6
0a4d4
06fe0
01e87
0ba75
04a6e
0e165
0d16a
05240
02eb8
003f4
063aa
02f5a
03d62
0c14e
0e655
08f0d
00a60
02db4
07887
0b081
0e419
0cbe7
04168
053dc
06cd6
0012e
08bce
07c46
0b5e1
0ff42
06fd9
05cb7
0b98c
05a6d
04f9d
07ed2
0a309
0ac9e
0e300
0578a
0fb13
05337
08a63
0be71
07f52
0cc1b
0fd80
06789
073fe
0d996
0549f
0ff20
05832
01b79
0f198
0a8e6
0e1df
0c1fe
0f8f0
09da8
0763f
06bb1
00104
07caf
0ebe1
0f906
099d0
0bdbc
0f10b
084e7
0852d
0086a
01df2
04c9c
0f508
05ddf
00d8a
0598f
05a3e
00402
01dfd
0a7d0
0f0e3
02bde
0745a
0d136
08de2
0d871
010d5
017fd
07c5c
0cf9b
0cd16
05585
06443
0e391
02a58
0914d
0c8ac
03d14
07779
04914
084df
0f177
01e5c
07771
0da8c
022dd
02347
03f1f
09a56
02dff
01e0e
07bce
023a6
00ba5
017af
05aa8
0f469
03dbf
047db
0dc52
00da7
0b1c2
0ba34
05c15
08b98
01993
01868
0fcd2
05a97
00273
0cb02
09eb8
084d2
09a8e
0776f
0777f
05cff
09c5c
098fd
009e3
0cbe5
0feb6
0c24e
09396
07dfe
09b63
085a1
08b4c
0d4e2
02b67
01b04
06646
0ca89
0305d
0faa7
01835
0cae5
0c21d
04917
0ada2
09957
0c571
036f4
09128
04cef
0385e
0e45a
08690
02af1
08792
03df0
0d527
01a89
0f748
0c50a
05711
09dae
0c9ff
04615
0c147
060e3
0d0cc
0d7e0
04835
0d45e
04e39
05fba
0423f
0b763
0488f
03d8d
01857
0e37e
0e373
07f1a
06f5f
0b5da
08515
06075
0a2a1
07e37
03e9b
09833
0c014
07cf2
0eae5
0e231
0909f
05765
06fa6
06b2d
0602c
01eb2
03492
0743d
028e9
05a9a
06e3c
033cf
088cf
08bdf
0f097
0bfa1
0b469
0e6a2
0f436
00c51
07202
083ed
08e74
0ee85
0a790
05ef9
056be
0cbde
0cd36
0aa1e
0ce35
0545c
0ae0e
0eeca
0163a
02dba
08e64
085d1
0a6fc
0b836
06183
0ba36
0bd2c
0d6f2
0e26e
059a9
0834a
09d86
09233
0d91a
0ee6e
0bd1c
03c2c
0aa4e
0af09
0bb78
09a7d
0c5af
04bb7
0c79b
07865
08bce
06359
066b4
0381d
014a5
01e82
0053b
0665c
05194
05e24
05a93
0070d
0c023
013ab
0f9de
0f9d5
0d33b
0d2dd
0ed8c
090c2
08c29
01bd7
03134
0b244
0e853
0273c
0e545
0fdf1
0aec7
02615
09779
0d895
09dd0
08d3c
03cf2
0d37b
05aa0
09cbf
008d8
061eb
0fb33
06cc5
0349e
0c23d
0344c
0363b
0cb82
0725e
0d2f4
03a1c
06cff
013ca
0b77b
0960f
00c8f
084fc
021ad
069dd
07495
0f234
00ee7
01971
0e11b
0c182
08976
0cd64
07a51
02a8f
0a54f
0de6f
0a667
0e1b0
0be58
0298f
02cd6
05740
029a4
094ed
07ee0
0cadc
037db
0ba52
08006
08c35
0da8c
072a9
0fce0
0d956
0f044
040a3
095b3
02ee2
02f3d
03ac0
03389
08da7
0f25c
0afe8
03d38
01496
0c45a
0b425
0fd8a
0acfd
095ee
0b887
09074
0bd14
041d6
0dc88
07aca
083a2
00ad7
04f79
0c6d9
07089
0a011
02218
09574
0d1f4
0452d
02348
0a8e6
0c6bc
0fb69
0fb95
0b496
06588
0aa3e
07f9f
05a6b
04b2b
0053b
09aff
0203d
005ae
0729a
082ac
0375b
0c8f8
011fa
091cd
00abd
09d4e
023ef
039b2
075ea
0a4df
0a202
0ba4f
07bf0
0ffe5
04983
0dd3f
064e7
0d491
0bae5
00a4c
04cd6
0fb60
0d129
0b1b9
0d518
0d688
06eb1
0721f
0378b
03d7a
0045d
0fca1
0904d
09814
045bd
071f3
0dc70
0dfed
055d9
073e7
00892
0cd2f
0bf07
05ca8
06017
0a432
039cf
03c14
04e2b
04890
0031a
07b12
01eb9
0fc26
024b8
0d595
03f11
0f20d
0b049
083ba
0b6dc
07ec4
07abc
0e7b2
02823
03827
00fa9
06941
02f49
04a93
0cebd
0942d
08d9d
092da
0048d
0d6d1
0634a
00d80
01456
0c7bd
0abb8
0629f
0888d
0a43d
04536
05c88
0cb52
0fa36
00899
0cbf2
02872
0f262
09c14
0df8a
05cb7
008f1
03f52
0485a
08767
0eaf4
0521d
03718
09ce3
05136
0ed5a
0e8c5
0736c
0a6f8
0ef6a
0d922
05888
0a03d
09213
0ed55
094e3
0e7cb
046e3
02135
048f8
06b63
023d2
0b300
02563
00198
0d7a8
0b394
0bb27
0efd4
0b8d8
064c5
0f88e
0d676
05824
09bf5
0e83e
0691f
0196a
0624e
0b375
061d0
013f4
06b16
0d015
011cd
01828
00eed
07573
0c4de
04fc5
00bb2
09b40
03e19
0a7aa
06271
0d0b4
08ebd
0e3b5
0e710
07d78
0184d
0bb90
0ca15
066c1
037ec
0111a
066d6
05872
023e6
0be64
0d974
09930
08f9b
0f3f6
0d016
04917
0bfc8
08d15
09508
03f97
0f17a
0b365
0c572
01b2f
0c223
0cadb
0e5c7
0c5ca
0a221
06997
0ce13
02fcc
045c7
0c663
033ce
0e355
0e956
0ebbb
0d3bd
0edb3
0e7dc
0bf63
09f75
0527d
093f4
0401f
0655d
0d714
0febc
0170d
0deee
07ffd
0b7e1
07186
0b0bd
00899
0ed6e
07cb1
0a10f
0f4dc
037fe
0e7d4
06302
0a05b
0cbc1
07f25
0aee7
05e4b
006a0
02202
0dcab
0bf23
0daa2
0469a
0b5a6
0d75b
0a66e
0f04a
0bc08
0b575
01d37
0a58a
01409
0289e
07d06
00e89
053f9
02b4e
01c61
0279c
0ebe1
0ff51
0e30e
08089
0521b
07a11
0ca74
0b7dd
0aee2
054b5
09136
06bd0
00b60
00e30
07bdb
010cc
06b18
0c827
04709
0326f
072b4
083ac
02d37
0e428
0cea8
05a6e
00ea1
05e4e
0ff54
08f22
06946
08ed5
03870
0c12d
0c174
06b9a
0773a
0d995
0cf46
0b975
0f2be
0936a
04fac
0e204
080c2
02ae5
05fec
00d84
06dff
0c0e3
0da05
0fe92
0e512
0a5f6
0f784
064cd
0a666
0c67c
07b19
0475f
0b26e
033a2
01a15
0b181
0f795
0c81b
09411
08899
0f7ce
04ec9
0871c
0d364
03b5e
0f55d
0f2b9
0f0a4
0a6a4
0ee02
0ae50
0a3a0
0356d
003d4
08357
0b1a3
0177a
05f17
098af
09d30
036d1
01365
0b1a1
09cfb
0a4a1
0f65d
05853
05a55
03167
0b62a
0d8eb
0ea74
01c8e
0e980
0b25c
0b4bd
091e1
0a491
0620b
063d5
0d9ad
009cc
006d3
09438
03c3c
02966
039a4
0799f
02fa4
0cd13
06059
06e0b
08b52
0281d
0cc6b
01be7
06426
084ab
0d851
0b9e4
0e87e
05b3f
00a88
0d74e
09434
05e13
0bac9
0d82e
00f22
082e5
0cd73
01a7d
0079f
09e35
0cec5
0882c
0039b
0cf36
0b484
0888d
08fa5
0924f
0e619
0c210
04e91
083c0
07880
03028
0f739
07164
07165
0f03d
05203
00943
0ee91
00aa2
03f90
03ba4
0f3a5
0eae8
0a2b5
07299
0f393
02590
042ac
02f6d
09475
0ef13
0fa18
043f0
064ea
08c46
0e617
0c6d7
040e9
07fab
0926a
0b15f
0c42c
0cd45
03a28
0b11a
0c840
0b758
0276d
09cf1
068e8
0e41d
06298
00eeb
0d079
03f98
04ae9
04287
088a8
0300e
04942
0c7d1
01e76
0cb40
0c309
0d154
0a550
0514a
05e72
0f830
09b41
0069c
034d4
0c8f9
0d815
0d8f8
0d804
021ed
025e4
07068
05608
0cb4d
0d720
0ea96
06346
09e5a
0420b
03003
0a7cc
03c55
05239
02464
0158b
00912
09259
0387b
02610
0e4ff
0752b
0df01
07c38
00216
0eaf5
03f0f
070b8
07855
09a0e
05773
05ffb
0096a
04f41
0688f
09f89
07ded
071cf
08d8c
09d00
029ca
00073
07615
0ce10
0cb8b
04eba
01b3d
0fa35
0f56b
0b779
0c269
0f87e
0f0f6
0fed4
05605
051ac
0ee42
0ede9
0bef4
00fb4
0b0d0
03c35
04af9
04018
0436a
0192d
0f73d
06fb9
0f284
01707
0f2e4
0ce03
00e80
0946a
06187
044d2
0e91d
0a34e
023b6
0aa05
058fc
00c33
08b07
07e4c
04a9d
0e48a
07adb
044d6
01d46
00c0c
09973
05d2e
0ab59
0a3fc
0aefc
0a7f3
0cb16
0ab93
09001
0477b
0a21d
07182
0cedd
07bfd
08510
00faa
0c0c5
0c330
039e4
0f547
02195
0059d
01513
02099
0131e
061b5
0fa98
08ba2
04b71
0cef1
0fa47
02e84
06d34
0f22a
0b7a5
09cf3
0435e
05649
0b784
0d054
09baa
07391
0f4d2
05aa4
09415
086e8
098c6
0d344
0a3cd
0be6c
0b85a
06440
0c2da
00cc6
0d89b
0692c
0bb14
02bd0
04672
0d375
09b54
01755
09961
0de9f
0b9fd
003e3
0242b
08a05
0318e
0d7b8
02252
05fd2
0893d
0b697
09d7d
086b9
08dde
06ce3
07b8c
01c7a
0584b
0e9de
04aa0
0948a
02628
01868
0679d
00962
058a4
00fc7
0871b
0de4d
0ac07
00d50
0081a
0417d
06ac7
01141
0e7a8
0e82c
08000
0259c
0526c
004ae
00005
0f267
0e9c8
02db4
0a0d3
03fb8
0f903
05ed8
0363b
04aa4
0307b
01904
0963d
0ea5f
0efa0
06321
0222f
08be4
010ea
08463
07221
08d04
016d8
0f42e
0a970
0a345
04671
09129
0130f
0f171
03443
002f4
01478
007d0
04aab
0893f
099a7
0f98f
0da9a
07223
00f04
04062
05805
04ad7
03aca
05364
028f9
09984
0e205
0a5ed
0d3df
0a818
018e5
03811
0e932
0438e
00622
0eecd
06370
0dafa
0aedc
0ebb6
05ce7
04e27
087ee
0a705
00d45
0292c
0cc7c
0742d
0726b
032ee
01a33
0689a
02f25
06e3c
011a6
03f8f
0e64d
0f19f
05700
0aaa5
0a754
0fde8
01e25
09005
02222
0146a
07fa9
0129d
07613
0e3bc
08db2
00ee5
02edd
0a309
0f65a
0fd94
0da4c
07c7c
012b8
0d5e7
0b312
07ee4
0c476
03ef7
01766
0d95d
0e666
0bb4a
04650
030fe
06460
045b0
00314
0753f
00ea2
0292a
0b21e
0e1f6
0d5bb
00527
0affd
020d9
02add
07cd4
0af90
03294
036a9
044e8
0a4d1
0433c
03367
06111
0eff6
0aeb8
0b88a
03cfc
0f34c
0451d
0e73c
0badb
03ab4
05cde
088ba
0dd19
0b403
0dda7
05bc8
09840
0dd2c
09b96
0c8db
0b38b
05c85
0d828
06250
07c44
0268c
0b2f4
0dbf8
06887
01eea
05fb0
01cff
092d3
01096
02d9a
06a86
0ca98
0a448
09b38
08b68
04e45
0ef25
055c8
073e4
016f8
04809
06a76
01db6
0ea1a
08b66
02bb8
07bea
00b5d
07b6e
034f0
0bff6
01cba
0233d
08b2d
067ee
0b26a
02672
0b3dd
0b7a3
05c7d
02d48
096bb
06934
00c00
0613e
0bb79
0c1d6
04abe
0e7f4
08792
05c7a
0a871
04257
0f6f5
06dcc
0ca8a
04484
08b45
0d415
0c2aa
07d93
01ac6
0ed01
06130
0712d
0d30b
0f854
03fc4
0f254
0448f
03b4b
047a1
06678
04ac5
04fec
027ba
0b9a6
0ac4d
0b3a3
024ed
002b6
01bb9
07f66
007a2
0b2b8
01b38
090a9
06d85
0a731
0c367
06dd1
0ad41
0de09
03139
0035b
0c629
0f7ef
02ac4
0d8ea
0562b
00145
0b243
0addd
0ca0e
049cb
0661f
09d43
027e7
0447e
09027
04504
09c96
01a39
04d88
0ca27
0bb59
0122a
0074a
0d501
05ebe
00027
004aa
0502c
0d109
0e113
0976b
09dfa
0f8c0
01ed8
000c5
05d74
0dadc
0c27a
0f551
0e9c1
08ecf
0e78b
0d060
0b98d
0a755
0a4ed
00ac1
0ba55
004a0
0ab48
01ebd
010a0
0d8b8
0d750
0b474
0d6f3
0c7dc
073dd
01078
001a8
027e5
0b676
0010e
03b80
0de08
0be2c
0a575
03a79
0a11f
07cff
02878
0c3b9
00b1f
073d1
072f8
04606
06f7f
0a7f5
0b9bd
0d1f8
0fc36
0ba8d
028d4
051a2
00bf4
0db0a
07ff5
000bf
097d4
005b0
0ba49
06bc4
0f298
0c75a
0cac2
0ee78
0a5b7
0cec6
0e3d6
032ce
04b89
021b7
07a54
08fd0
0b39f
0d5d8
0faaf
05746
053b5
0ec41
09db4
0d2a6
07480
0e3d5
062c9
0b609
078c1
068ce
0ca82
0bf00
09bcf
012a6
069c5
0f621
043ef
07838
043d4
01e4b
072cf
0524b
02785
0e6bc
0c2a4
0e1b5
051ef
017fd
05669
076e0
09cd4
02556
04cb7
0c35d
06833
04b7f
04e33
02f4a
0ad8f
037e7
03597
0e0c2
098fb
09a11
035e6
0a3f8
01eac
02765
0f409
08a41
09db7
02f79
099f1
06a22
05a43
00259
023eb
00571
025c4
0e583
0bbc5
01bef
0d9c4
06ea7
064be
0fd1f
068d6
0669a
00e73
079db
0a46b
04d79
0558f
031bc
07e96
0e4aa
0e736
01872
089a6
070f2
0e91e
0040c
093b2
0ddea
02db0
0adaa
0f59a
05141
0960b
053c2
0b610
0a4cf
040fb
0690f
0f9af
01155
072db
0ce89
06203
0bac6
08eac
0f0bd
075b4
03564
0cf68
00586
0c0dd
02b82
003e9
0deac
05510
0852b
0f7fa
08156
00ab0
0c7b6
00158
0faa6
0e049
05589
054e4
07697
09dfa
01992
06a4d
0f881
0e3e6
04745
08af9
04255
0c168
0ec0e
0efa5
088e3
0b2ed
00849
0640c
0c0a1
01f8b
0385a
02dd6
085a5
07897
034f6
013fe
0fb42
0cc6d
0760d
0c300
02d09
09d2b
02983
08b52
0de1b
071b7
0c2f1
0164d
095d7
0550a
0baa8
0055f
01cfa
0257f
0c0d4
0bcad
074fe
009a5
0413d
02821
05e36
0994f
0f8d0
0faae
06232
00a0f
0b74c
0715c
074b3
073e9
0c712
0e9d0
01c06
015da
0b1c1
0d4f3
0281e
02cf3
0266a
001c4
0929e
031e0
03cd2
0e04e
08e4a
0a7ce
02e82
0355b
03324
09b34
0eef1
09193
0d87a
062d3
03351
0dd73
0955e
0b591
0342b
03ad0
05db7
021b7
020ff
0b93b
0a4b6
0f5e9
00ed9
095c9
0b6a6
0c46f
00c9c
0d9ad
0a850
0094f
0cee4
0c746
0e3f7
0be5b
0ec1a
01b63
081cb
0ff7a
001c4
08b34
077d8
02ae2
082ec
0be22
065a2
0f4b5
095e0
04282
0aa91
0346c
0e71a
0f64a
026b8
0f4ff
022ae
022fb
0587b
02be4
0f194
00ab5
01a61
056fd
0e278
0d9c5
0316e
06090
08e5b
08a13
0aadf
04bb6
0e3cc
0954d
0620a
06c86
0b90e
01729
0f09c
0f218
03025
0b211
03f61
0f57e
06ca4
0643a
045e2
0d0f5
0fd21
0f7d5
0469a
0e8b2
0b0d6
08ff1
0011f
04dc7
0115d
0bc62
091ed
0b82a
0ad19
0d3b7
0d9c9
08056
0f45d
016ef
0fd7b
02adb
0f82f
033e9
06d23
024f6
02cad
07684
08c4d
0e54b
024e6
0a584
0a998
0fc73
0aa68
09287
02d60
0ba79
038de
0c7b8
078d1
03523
0cac5
07966
0143b
0a697
042b5
04a64
0ff33
05976
0a3e0
0511b
05ea5
0de38
0d8d2
08458
0a0cb
08932
0c1a2
01970
0d1e5
0a0cd
08b6c
0967f
084b3
0093c
08fd3
06fc2
0661b
05b29
002ec
03430
00368
0d0c3
00803
0b0d8
0c70d
016e7
0381b
038ce
0b96e
06a8d
061bc
0d23f
05335
004ac
0b87b
01c8c
04e00
046c4
0133e
02951
0c964
0fd0b
00990
0e7bc
08136
0c45a
03ccb
0da86
0ca40
05721
04b47
0274d
0aa41
0c2a4
0180f
0e798
08386
0d7b5
07f1b
075d0
0ef68
04aee
0d149
0581d
02008
0afe8
0c9a6
0e96c
0d86c
024be
07cc9
0604e
03b38
01919
0964a
030c0
0a675
0365f
08472
07b01
0dd4d
05103
00043
07fe0
09f0f
0e49c
00418
01ae5
0a12e
0b721
07513
01e9c
0cee4
066f2
0fb66
0bdbd
0d066
03b40
0cb1d
07fdf
00af7
0070c
0aae0
02033
0447d
0abae
020f8
0a018
0bdfd
0c00c
0ca9d
0350c
0cd57
0c554
025fd
0f6a8
033be
0944b
05bb2
08b51
01fc2
0e768
08b13
0268c
0cebb
06615
03419
0c688
0d787
08d2d
01a9d
052e0
0a66a
03f97
0208b
0537e
0dd81
0e6da
00f73
0c4db
07986
096ff
0caf4
029f0
0b36a
09326
09f5f
0213a
06fe1
04c54
0f968
0a757
0f8e1
0fb56
09fbb
009b1
0ab6c
00646
0247d
04647
034f0
0bc7a
03a91
0a427
02558
0c8df
04014
04e8d
0c5a0
044d6
07533
0c73b
02787
04a23
0b164
0ede4
03777
0ba1e
057f1
02551
09d51
0d71e
0bc6c
0f3e4
06114
01218
099d0
0a421
079d5
05720
00280
00e9d
08707
03165
01e91
06f55
0ed6c
088aa
081f9
050e4
077bf
01494
04e18
02941
055b2
055d5
07eee
0d6f7
065f6
09402
04836
0051d
0c6e6
006e0
03378
0f96e
0710c
0622a
0e3ea
092ff
04573
0772d
06764
03c9f
04ff4
07d31
0c4c4
0ae55
0b1f1
0f01f
0b6c4
09a1e
03d56
0726c
0dcd3
0ba1f
09651
0f253
01d2f
0b33b
03af4
0dedb
074d0
0ac46
059c3
03dfa
005ba
0ce46
03f17
00a02
063a3
0ca07
0894f
00b3c
0ae62
08e7f
07ae6
08ea2
0cc95
002d4
0080f
05614
028b5
0289a
0b3d2
0a299
0f71e
029ae
0e945
0ca86
07dde
0aa78
08b61
0aa82
0eed5
03368
023cb
0f699
0a171
0ee5f
0300e
0c9b7
0675d
08d39
0fdf6
03907
0cfae
09dfb
07c93
01345
0dc00
095d2
016e2
09e82
0d714
02b72
0a77d
055f7
00475
06d60
06fea
06300
04101
0e99d
0406d
0759d
0e124
00a65
0c4d0
0f56d
0ee01
0b322
064de
03b43
0eee0
05d95
071c3
04f7e
0d3aa
06712
030af
0ff8a
0921c
083f2
07324
0b4c1
06415
05337
0f4db
03742
0e489
06693
01347
06fb5
0561a
0db81
0f68a
00b0b
0cffb
0e5c1
0de93
0d711
0ad6a
0f2e6
0898a
093a5
0577f
09125
0d481
04c3e
0ea45
040da
0a0a6
0fb14
01da2
03420
0c150
0a5b8
0bdcf
09e6f
05961
0c28d
0bfd0
00f85
024d3
0d947
03f9e
02719
04346
07a5c
0a2a5
032c3
0b413
0194b
0bf94
0dce9
05863
02430
02cd4
02a61
0594f
0f0a6
0861b
02975
0671a
093b2
04ba6
01a14
02433
0410f
02fa3
0a969
0cf2c
0aa57
0fb5c
0a159
0d9e0
01e7c
02e16
04d71
0fbbc
0dedf
0425c
074de
06d35
05738
0b573
0f29b
0fca9
0576f
0b331
09405
0f62d
0bcf5
0d9e2
0dc11
05c3f
0abb9
01b3a
066d9
02495
0da7b
06115
048e6
086e6
0c970
0b5c2
06c0b
0edfb
0bcfd
0c69f
0fdcf
06c26
07657
0b31c
02799
0722c
0e9ac
0d78d
092b4
014fa
01b70
02d68
056a2
06d7e
09ea6
0aa32
066ee
02698
05db8
0e876
0a8c3
0fd3e
063a7
0bf01
0cda0
05d5f
02546
0948d
04cd0
02d94
0d690
06175
01176
0fa3e
0720d
08928
05c96
08b02
0c3a3
0df00
0c0d3
0f638
0de3d
091b0
09bcf
0fe02
00588
0be1c
0839d
00b4f
036e1
01aa4
01cfb
03d41
0f795
0bfb0
09c01
04793
06348
0c40c
02e5c
03b2e
0aeaa
0b4e8
02b5b
06331
06384
0fa72
0ea5f
01601
00c44
0c1c9
05e52
04c06
0674c
0e6d7
093a1
02097
09c71
099ac
0733c
06b8a
085cf
0a4ae
079f8
0e77e
0a266
05dde
02e7f
0386d
04cdd
0083f
07756
06be6
07acd
0db91
0621e
06c30
048b8
04aeb
04f86
0e077
0461b
0c367
08c8a
0ef2e
0685a
043e5
0a767
06061
07e8d
0bdac
08064
051da
0ca79
04edf
0c9cb
0cd36
011b8
09571
05d76
0501f
0ebec
0cd66
0649e
0760c
0c207
081a8
075c5
0bbe7
014b6
083ff
0488d
07d7f
06632
07bee
088ec
07dd8
07414
0c98e
0cde3
0420c
0de76
0f91f
06853
043c7
0ab43
0e792
02922
04a3e
03a69
03000
02538
0ab17
00723
0b14f
089a2
0c31a
0f990
0aad6
02484
0282d
0c89c
0c9bc
002d5
0ac0c
05dea
0eba5
005da
026a6
00cee
0c1ab
0b3d9
0a99c
09a70
00b81
04ef0
090c8
00cbd
0aab6
0368a
04385
0d859
0924b
08eb5
0d097
006ac
0dea8
00400
06cd4
03d0c
07c35
0de56
09fee
0032c
08a81
09703
02065
03e8d
00184
00683
08f08
05cdf
0f86d
0362a
0ce19
0807d
09712
0f55f
0659c
0982a
0c76f
01b2d
089ab
00c7f
04b6e
09fda
0fd48
0d059
0c302
037cb
0eee6
033ee
08795
0d38e
0c311
03055
0e583
0e66d
077d6
0144f
07f0f
00722
048ac
0f923
0ad29
0c4ca
0c091
05701
035a0
007aa
00f75
00909
096aa
0fa9f
0bac3
093d0
0bb13
02138
04a44
03397
0fb5b
02b87
009f9
0ddf0
08d5d
01e0c
026ec
0b0df
043ad
012fd
00459
0426d
038c5
09105
06043
0f986
0e411
081dd
004c1
03f87
01baa
09bb1
009ee
07c10
03d27
0efa8
03e13
0c0d6
055b8
019a3
0d9b7
0b151
0c99e
06403
02324
0260a
0b8f1
02294
061c7
013c5
010fa
05645
06379
065fe
037c9
06cac
034fe
0d53e
0b4ac
0ee55
06b4f
020b7
004c4
0688f
0bbdb
081fb
0ed81
05eda
056bb
09ce1
0ebd5
05a21
02d2a
0eef4
01b03
0ff67
0c5c6
01bb3
032f7
02668
02bc1
01226
0450c
0e77b
0bc0f
0fab6
0240b
00891
0621a
0784f
02ed5
0b1c5
03847
0d85b
09735
08125
09764
0b28c
0053e
092cd
01e50
05f40
026d4
0124b
0924d
02661
03358
03e94
08789
098e1
0c73d
0d6ab
01dd1
04ec2
07745
0f94e
081ff
0b432
00d64
07a70
0dda3
07b15
0dee2
0a779
0ded2
016e7
0828d
067f6
01196
0439f
01cc7
09e83
0990d
093f0
023cc
06ccc
08dfa
0647a
0d5b4
08a92
0dcdd
0032e
0ded7
0a80d
05c04
063d5
01ccd
02563
0ddd2
0bc7a
067df
070ac
0846a
0d3cf
0559e
0188c
02bfc
060e0
0a018
0bda2
08dbd
05d31
02f69
055cc
0def7
0e3f3
05609
0f09d
0b60a
0554c
01635
03b92
0bbc1
09f38
022fc
0ecd0
0e325
0e696
04d76
08b49
0b572
01eda
04268
04075
052e8
0f7eb
043bf
09950
09956
03a1d
08fc4
0b8c3
0bda9
06f04
0692a
058e2
0b56e
06c24
05ebc
0f4cb
0f1ac
0adaf
03b94
07820
0781d
060e7
01816
06f00
0cb3d
0b16d
04242
05e48
097cc
01973
041a8
08620
05c48
027c5
01216
0594d
04441
0c686
0df53
072cd
065bf
0ac98
0f000
0f18b
07201
0cec9
04c59
0715c
0dd07
07346
00833
0e38e
03851
08894
0c407
017b1
0ace3
0ea98
0f03b
02b00
0ba6f
0fc60
0a94a
0bf92
0d6b8
0afe1
05c92
0052d
081dd
08c5c
0c9da
0c24e
00af4
03abd
0cb49
09b4c
0f70a
031df
0889c
0a081
01708
02c96
08cf9
0c9f5
013b6
0e78c
0072a
032c0
04df3
0ecda
0fe05
030ad
0ac05
04469
0eb0e
06565
0203a
0f286
01649
0fcd5
05f9b
0c23c
0800d
0512f
07dd7
07011
03d83
0a14b
09cbc
04623
0221e
04d46
0ac77
0629e
032a9
09b47
04e29
0ea6a
049bf
04571
04832
0590d
0ec74
092f6
030b5
0ae14
0e3fc
05770
09b09
058d3
0d76b
0d780
091d1
0f863
095e2
02aee
0a73c
0b8ef
0dcb3
09930
0b5a8
05272
0456c
00e5b
05541
03faf
062a8
0bd3e
0a5c5
0c48b
076b2
066b2
07e10
06600
09f0c
0218e
0126e
0c8c7
0a9ef
01a43
0d3ec
03544
068ed
0a8ff
0d6c4
0b63a
0f8ad
0a69e
0de87
0947d
0ed6e
0b020
00674
02e9f
09c1b
09653
0b7c8
0e899
0ccad
0b233
0c879
07124
020a7
07d55
01f52
020e1
08edc
0d328
0efee
007a9
03768
08e87
0b176
03876
075dc
09cba
0d010
0e300
08783
0625a
0f850
054eb
0a2c1
07bf2
0206c
0225d
061be
0b430
04312
0b340
0ddf8
060cf
012a1
09c5c
06d8c
08429
0feb6
0a2c9
0bc6e
0e7be
0258d
0a998
0cfaa
06515
0bf20
05714
0975e
08c89
0d0af
04ec5
0d342
0f6bc
00c0d
0a9fd
00645
0cf91
0cdd2
0889a
091a7
04a47
0496e
0e8f1
0c848
0b3fb
06c77
06dfa
0042a
0a094
02cb5
0481f
04b89
019bb
0aaaf
002ac
01f23
00605
0aa6b
00b44
0eb41
0043e
0c307
008ed
0b8d5
0341a
07266
01d02
03867
0660b
04ebc
0026a
010c7
0194f
05709
09b26
005a7
0df20
00f5f
03072
0535e
03cfa
0122a
0c1f7
0d515
07f3b
05ec8
0923b
0900a
014ba
09b7a
0137e
0f854
0fea0
0b20f
05b08
07e06
0f900
0a002
093df
0fa4c
05200
0aca5
02664
0a200
026a9
09de7
0303d
02b1e
093e1
0ebd7
01d36
07415
0cb6a
03015
089bc
0b0ef
0dea2
0ee71
054a9
0b365
0e16f
0767e
0c990
05ad3
0638a
0e195
0ae0c
05e13
038c1
01950
0c4b1
0b5b7
0df14
02d05
0042b
0b0e5
07c04
0f8e5
0d60b
04d17
06bb7
0de2a
03cbd
0d878
0e1fb
0b9ec
00fa4
08060
07854
0563d
0dc69
0c805
0f001
06845
0ca34
0209a
04b1b
0ef7b
0d59e
0d470
0bb2b
03cac
00453
00e24
07b3d
0674f
00dd9
05b33
06f07
03814
0eb72
0cde0
00ad4
0fdaf
04a81
03a6d
0a481
0f1e9
02554
05976
0cbd3
07b11
00dad
02597
0ae55
0ef3d
00c51
00c45
08f6e
0f6b9
08b63
0f381
014cc
0dc6c
047e7
03321
0465b
07e2d
00e5c
0ab7e
039cb
0e702
05776
08a05
0c3b0
0ff57
0f9a0
0d036
00d48
0e35d
03e56
05094
05a34
09a2a
011e5
054c9
0ed5f
0943b
0d282
0e36f
05d24
0fb0d
01820
0babe
0aacd
03b35
0dc13
0ead4
09237
03b19
09c36
0d488
02a82
0289e
03132
0512d
040e4
0256f
016bb
034fe
027d2
0c363
0c055
027b6
0be5a
01727
015fc
0cd20
0c2bf
00729
05435
076f6
0c9d6
0d1e7
0e08b
03dfb
08e94
0bd60
0b50e
068cb
0aa93
090ab
0c9a7
071d8
01a94
0544b
0e41c
04b08
0dd6e
0ceb1
01fc7
0379a
0d42a
0ee11
051a4
03307
042f6
0c6f7
0e5fe
08933
0b969
07adb
0e271
06b88
0756c
05734
03539
04d48
0979d
03065
0e249
09d7e
0bce0
008b9
04de7
0660d
042ce
06660
01f7e
0acb6
03cc2
09374
0965b
0c044
01ef1
02e74
09ad8
024f9
03312
07b60
0056f
06a8c
016cf
0a341
0b1c6
0252d
0df4e
0e03a
0370a
0c5b2
07987
0822d
06572
07c60
0b7f6
0c2d0
08f32
0bb9d
0b4e8
0901c
08b80
06f5f
011b2
0e854
018fb
0f9dc
00676
0dcc1
01243
01825
0e7c1
06175
05d24
02e6a
09947
0e0c9
01417
034df
06d80
0e960
0c242
0e848
099f6
0153d
04d0d
036c8
07a7f
0cd05
07270
04285
0ff74
0a42e
0785f
07166
0eeb6
052e1
0d8ea
0c4a3
0e815
02274
0c7c0
081a1
08768
011d7
0cbd9
0e4e8
04cd2
0154c
0cfbb
0df13
07783
026e8
0cea5
0a8f3
0c2b5
0d623
02c09
06f30
0ba63
0d9a2
0d993
033a7
05e69
0642e
0bfb0
0eba6
0bb01
0d5a4
0eefb
0a73c
00d37
01824
08626
08336
0b437
04b39
09066
00847
0182c
0f50c
0fbf2
0d48e
0a3e3
07a86
0e892
073b9
00d6e
0b328
0c3bf
0e31c
0ea11
02fd9
03fae
05c2b
0eb12
0816a
09b4b
02f65
038a0
0ba79
0e0eb
0ac50
0d327
03556
0fec4
0c860
0340c
0e0b6
02bbb
03683
01aad
01592
0eb21
0e3c6
0a1a4
0d735
03614
0eed3
03e23
03aa6
06884
0ec16
03dce
071b6
04661
0fc88
014b7
02ead
0b7a7
0e398
04fd7
007eb
0662d
0d960
091cb
098a2
0129c
0abcd
0ddaa
0a503
06cd4
04e8b
0f46b
04ca8
0214a
0a77b
0e0e8
056ba
05927
0df56
0c988
0541c
0b265
082a9
0f131
0863a
02676
0e69c
00d79
089de
084e0
00be7
0e450
0067d
0717b
04410
0a7eb
0cdf1
093a2
0133b
0da07
0f4e3
08eac
0825c
0a05d
01670
05f8e
0c255
01ab8
0d4ae
07809
08ec9
00013
0e736
0fdd3
026fa
0d6ec
0ac22
0cd84
0cc64
07b11
0bba9
0f7af
08ea7
0623f
0f744
088eb
0f75c
05295
07e16
05d05
029b6
0b942
0f83a
094e9
0cf1d
05a86
0478d
0a1e5
00c64
0da36
0fff7
011a3
0b1f9
003ab
06508
08b93
02320
05a26
02a5b
024b5
04d77
0cdb2
0c846
051e3
03bd7
0b201
02b11
0fb75
0fb77
03982
072c8
0eb7e
0b7ba
0e5e0
01a76
0e252
0ae02
0811c
0417e
004f9
0c954
0c331
02604
0a5a0
03fb3
08315
03f84
073fb
0387d
0d91d
0fe93
04313
08a84
0ba6c
033c3
0e757
08b43
0aecf
0df27
09ecb
0bb3a
084cf
04184
08a23
0001d
00de3
0708d
089c1
0aed5
05235
0f885
0d498
0ab6f
0b636
078bd
03b78
0a53d
0ca39
0d35a
01274
074ec
0db6c
0cb5b
03eae
0bbc9
0f282
0fba2
013ab
0fdf7
0a6d4
09832
0e0f9
029e7
0fb65
058db
054f5
014ae
040b4
00f5b
05bed
06aa0
0a837
0993d
06f48
0d671
01080
0f0c6
02194
04bef
0fbfe
0e148
06525
0bdae
0ba4e
07a23
079e9
0c93b
06c4f
0141c
04c42
0c5c2
0e027
0237e
057c9
0f459
0fa0d
0ae78
0b2fe
0b2bb
0e248
0f57f
061cd
0f471
0cf98
07c38
058b0
0a18f
0baee
0c526
0a516
0b3e7
05956
0ac55
05d50
03ad7
0ccf2
0e3d5
05d78
02bd8
0e668
00a56
0b81c
000da
004c6
05555
0cff3
05c58
0539e
0c141
03f27
07941
0a9e7
0f99e
080a0
0bcd2
08453
013ae
0b645
0b7a6
0042a
0ea55
0d48f
0b2b9
0b1a0
0b3c8
04cab
0f544
0b8e1
06c18
0fe0a
09948
0d46b
09f56
02c2e
00b63
06ae8
02b57
05034
02cd3
08781
0a0a6
01103
0dc71
06e89
0577c
00590
0fef1
0eee8
06568
01053
0bfcd
0373c
0fd48
0994d
09df3
01198
09d74
0aa74
07644
03a5e
04973
0494c
026fe
09cb5
0a564
0619b
0a026
05cfe
098f1
0512f
070c8
0203d
0567b
0efc3
055e9
0f141
0ccdb
0fa44
0343a
07def
082db
0b8ff
0686c
0fa2e
0b819
07885
0444e
08b6e
0fcaf
074ed
05297
058ef
09bfd
0f5a6
0594b
0b112
083a0
07275
033fd
0f68f
0f75b
04fd0
0f48c
08353
01a93
0b411
0f33b
068f6
09c87
0c5d8
0f93a
0e55d
06fc4
06c8c
0167a
07460
07734
098e8
0297a
099a5
0322d
049d9
05e5c
0c360
0333d
0afe9
07724
07406
017b6
07d02
0e5eb
037e0
000c5
0459a
0da45
04d0e
05c37
059bd
0c026
0a7ad
0d653
07e47
08754
0a026
00894
0ed96
074ff
01fd6
07538
05e23
045fc
0e185
02458
06690
02b64
022b8
0b9c5
0686a
060f8
01899
0b527
0346a
07eef
011d7
00fdd
04cce
08f13
04f33
095f3
079e9
095aa
0f437
05143
0a77c
0f206
057de
098ef
03b3f
0491c
054fb
0a587
02faa
0f2ed
07fb6
04416
0e55c
0e5e1
0e9a4
02b1a
0dd24
06af4
0cb3b
0398c
066bd
0fa8a
0884b
00638
0e49b
0774b
0bcdd
02a1b
0bfde
0c5ae
00eae
01da4
04316
023f4
0050e
03cdd
0099b
0fa88
02b59
090c7
01760
0f23e
05db4
0540b
01015
0c6f5
0d30c
01e69
0ee24
05e61
05336
0c04c
01f2e
019ba
059e5
0f832
056f4
038b0
07c3e
00d67
046ad
0c367
00f0b
05ccd
0def9
0daad
090c8
0473e
02e23
0bdfe
0695c
0aac6
0cf3b
01dd4
0b4dc
07865
03eee
03f1c
03de3
04a05
0dd53
0bc78
0af1a
0cd8b
01f3a
094cc
00eb5
0b325
0e984
0c4c5
09551
0879e
00b60
02edf
0e1ea
01a7a
0cbad
06b19
029c0
01110
0dbb0
011b4
061a9
029cd
04199
07b92
0950a
073ab
0be5c
0127c
0fda6
02032
01849
0cc23
00d74
09814
0b50e
0fb61
07037
0e20e
0cccd
0996c
002d4
0ca23
09c4f
0e62e
006b8
0f3d3
0a582
042b1
01cf1
0fddc
0777e
059d3
0eea0
01c6b
0c607
00ecb
04d63
0f13c
05d13
0d9e5
00077
024db
0b6c1
0d43a
0ab98
04292
0f21d
0bced
0c49f
098a4
03f69
0194e
0338d
0a824
01da8
0eae4
0935e
02e1a
0579e
0f022
0caf4
061db
0b3e2
080fb
09d77
0ef58
0d087
07bc2
00240
0ed90
00ded
027c7
0ee1a
09989
057fc
08a35
0c413
04e68
0b8b4
046f9
0ae92
0f6b9
0ec31
025ae
0908d
007b6
00f05
0bf28
0ec1b
0187c
087bc
0d68a
04acf
0bad5
002c9
01474
0b79c
0a157
0f6bc
09148
01821
06f32
00fd6
0e0f6
0c8b5
01a6c
065ee
03673
0f17b
05b0d
01920
0de2b
0e9d4
0f68c
01177
0cbbe
02802
0e322
0a2d7
01418
0cfd0
0d0b8
07e5b
0ef15
0129c
05c50
0bf0a
009fd
0f68c
0bb9a
04fb8
0c183
03ad7
01315
0c4cb
02737
0d2c0
0ad3e
0fae3
04640
0a2ae
005ca
0b011
0de29
0048d
09ad6
05eff
0a47c
068d1
0f764
0760a
08b0c
02717
003fd
04d01
01537
04529
00a4b
0a8fc
016b4
09acd
02a7b
094f8
028e9
0a8ff
0a9d5
0af94
0c009
0c91c
0a20d
0af05
01c4f
03591
0f974
07193
0d8fd
0d9c5
0764d
0dd0c
0fe19
03e90
0d9b8
0063f
01f72
0e3c6
09065
0b831
04222
06ef5
08d20
0b762
071a8
046fe
01238
091f9
06e49
05d17
07a83
0b99b
0d645
01175
05c09
01413
0692c
07e3b
095df
005ce
07e15
06282
0fe8d
00f95
0a778
0f7e6
04563
0609d
03da9
0f28a
07185
082f1
0acf2
07056
03c6b
08fbe
09eea
06007
090be
0c10c
00892
0f2b2
0730d
09877
0bd75
0b9ec
0a4a9
00a10
08c36
0dd11
0cff2
06d2d
04a7f
0a01a
0dd27
0453d
0f907
00144
0874e
03503
08070
0402b
0a5a7
04355
0032d
04528
0374d
0f61c
0f9a9
05d52
09efc
08a36
0f126
0eb3e
03faf
0789e
006d4
0e4b8
062d4
0e4d1
05919
06e83
0478a
0bb3c
07e81
0e68d
0ea40
0d4f2
095e4
0b57a
00d99
0ca78
090e5
013dc
097f1
02b3e
07254
07950
0fee8
0cc5c
0c013
0ab19
0cdc2
07804
0e01c
0c6fe
0afd4
09b7b
0762c
0cebf
093ae
04807
04c02
0ce37
0ee27
0e2f0
0a828
0cbc4
0bc22
09fd6
0917d
0ac9b
0fc01
09021
0c503
0420b
0021c
07877
0f3f5
05ac6
07bd8
0e5dd
04185
01047
0aace
01f0d
061af
05158
067d2
0972e
0ae06
0cf6d
09958
0d1eb
0aafc
06722
0747e
0fed2
03d9e
03d41
04ca1
0dbe9
032da
09b60
0294f
056d8
010fc
035b9
02c1d
05120
01737
0a6cb
0a100
0c1a0
09352
08abc
0237e
098b2
00a9b
05600
09f3d
0f1dc
0488c
05b25
005c5
0855d
042c7
0890c
05eb6
0efcc
0121f
09e10
0f649
07bab
0f948
027ef
0f29b
00213
0a984
0ccbc
039c9
02254
0019b
04486
0a194
0e1dc
0df09
0fb4c
0c6be
04d38
041d6
0db0f
0ea6d
01bb4
0a005
0a2bb
013fb
0f5ff
047f0
099ac
03109
0e44b
0d054
05e9f
037d9
06c0f
059c1
04e7e
0e343
0d42f
012db
03194
08545
0dacb
00139
0f1dd
00275
0f103
06d71
095a8
081e8
020eb
0c3c5
0d181
0e2bb
0a720
002c0
04120
02024
013af
0b513
006d8
0d126
0ef9f
025cb
02d42
01240
043fd
02971
0ab34
056f7
0ea1b
015af
02206
0c1fe
055f9
01e0c
04dd2
06d66
0458c
09b31
0a5a2
01c4a
08a22
0ea13
01484
03e17
0e511
0d4ed
03aad
07e25
09e1d
07956
010ac
060f6
0e280
0d458
09a1c
0df3e
01116
08155
04385
05386
01216
09cf2
09ebe
02e1a
06fd9
0c72c
0b138
031ce
01269
0c73d
06fa2
010b4
015ac
097e7
007e8
0a825
04a8f
0c4c0
0868e
074df
029d1
02450
0a854
0e512
0ac4c
0a7e5
03e42
0953c
0e461
0df6b
0aff8
0b455
000c8
07788
0473e
0a77a
099e7
08986
05582
06732
06e42
0b9b3
0c0b5
05e03
0b2b5
056cd
08d7c
0bce1
02274
06e97
02115
0ce73
0959f
0b030
06579
0e0f0
06c63
0a27f
02a10
03559
0651e
09c07
01367
0057b
0990e
0ed0e
05bad
0a513
0d3da
084f2
0cf6a
02c5b
05706
0bd0c
018aa
0c589
02f61
0be2e
0d5a2
0c351
0f2ef
0a64c
0b9bc
0d296
06123
05445
08887
04b0b
0841b
09431
0597b
0fb7d
01f99
022b4
0d853
005fb
00843
0a764
096ba
0ecab
029d0
082bc
02bfc
081b7
0b4ac
02cba
0f752
0dd14
007f7
03d0d
03a8a
01016
05a4f
06a34
0847f
028ea
0319b
0a8e5
04d38
04870
0ae57
02727
00ee2
0980a
03a12
0a6a9
0e9ad
0b1ac
02a2d
0ed03
0faa7
05d26
09353
0e3c2
04427
088d3
0ccb4
0e2d0
0bcdc
02d07
079cb
0f6ee
01013
08479
047db
026aa
048a4
014b0
00938
0223a
02e40
0edb6
041df
0fe7e
07af6
0276c
0d672
0d256
09d50
0a7c0
0d4e6
06b1e
0f096
067dc
0460d
09138
07d26
0bc28
0f202
0715f
0625d
0d88e
0efcc
00173
057f1
0f360
05de8
0d6f6
061aa
02218
0ca79
037fc
01248
07fe5
04a52
0d65d
03329
0009e
0a820
04d6e
0110d
0a339
05972
0593a
0f2e9
05ca0
0d4c9
0feca
0daf9
0599e
02eb3
0b00d
090c6
02998
00987
0fd9e
05ddc
02629
05af8
02a59
0feba
05013
0df95
0a371
0cbaf
05adc
0838f
0cfc0
007cd
0124c
01bdb
0e28b
064f4
0b43c
0da63
0c6b3
0f5cd
005d1
03a76
08cb9
02770
0a2bc
0c668
0b920
0da95
09e85
04033
0b2c7
00862
03c35
079d2
0aaf8
05a68
0ff7a
07ba0
0859f
0ef15
038ee
0ef18
04fc0
040fe
0cc80
03eea
0e7cf
0eae9
00013
01088
04a37
05d31
05552
00863
012bf
0396a
0cc9e
0611e
09040
0d56d
0775a
0bda1
0b354
07484
0c22c
01fac
074d5
09c3f
02ee3
01508
0ce33
07aa1
0c967
0fcd6
00806
063e2
01597
04984
049e2
0a587
0a1d7
01eed
0496e
0e4d9
06ed9
0fe22
0735e
0f2a5
093ef
0aef1
0c3fd
001d1
05312
00bc8
02591
038ea
01a06
037c2
08612
00959
0a211
0762b
03668
0bdcb
0bc7e
06574
0c49a
0b225
0ca57
068d3
023f5
09659
08420
05f8f
0e4a3
0fad6
088a6
03ae6
017a8
0bc29
06e0e
0fe0f
02322
0cdd0
05058
07baf
00925
050c9
01cdd
030c2
06f94
0e548
0b3d3
072ad
07cca
0d868
0c420
0146f
0566e
02831
09c88
02cae
073c6
0dc35
0bc42
047ef
06d52
0523a
01a1f
0c570
07fd5
044a8
0198a
03491
0f63c
06b79
02332
03af1
08237
01afe
0dc29
05ac9
093df
0a29a
0b492
0db4e
0856b
0654b
0659b
08f2d
00590
010ca
0cf6a
0b2f7
00391
03124
0df8f
0a073
0b96f
0ccbd
097c1
060a3
019bf
031cb
0d66f
07a44
0216a
02482
08d12
016be
0a7e9
05291
004e2
07480
05fcd
0fd85
0190c
046f8
0371d
0f3d8
06a48
0d72e
04046
0e4ef
09ace
01762
02373
04ddd
04e33
0f3e9
0dbba
04fe4
0d778
09d13
0148b
0a109
08a3c
01238
01a43
0f206
0bfdb
0c565
0e1be
009eb
0550a
09005
0a987
0f0b2
0c40a
07111
09ed2
07759
0274d
0bdee
02e13
01ee6
04da7
0f232
03cc4
010b2
066f1
06349
004cc
05e4f
02761
0d5d5
010f9
0de23
07a9d
092f5
044ff
0ad80
0313f
03225
0f4e7
08db3
0921e
0686c
040a7
04f9c
0153e
0ba9a
00b7e
08c91
0c5e6
047e1
035a7
01181
0510c
0ce9b
09ff5
09aff
00674
044d1
0c15b
0aac9
07879
0c6c2
0bcd0
0a4ef
088cb
0ec54
0ae82
01a92
07362
0c13b
08e36
0094d
0410d
00672
076b6
0d1d3
02aa4
0acd7
0e472
0e7af
00b08
0c6b6
0a4f0
08cd7
062ab
0dd59
0550a
07e75
04f92
0b9d2
063c1
0777b
0013e
00fd1
0aabf
0a3e8
02140
0af60
0d01b
0a953
0e575
0228f
009b0
03888
06776
0960a
055a7
0d569
03006
0eb26
0ad6a
0b3ce
038da
00e16
04281
0696f
02c92
03bcb
074a7
03455
0f6f7
0d3cc
0ffde
0a5cf
0fe83
069b2
07105
049ff
0fd5c
04d75
05b9a
01db2
047a1
09e50
00370
042c5
06d83
09eeb
0c091
03e2e
0cb29
03871
04a3a
0dac1
0b958
08a22
078c9
009ce
0b12f
06027
02374
08b10
00df0
0527a
0908f
057bf
032b0
0682c
0b1c6
0aaa4
091df
02e75
0702e
03e5f
0d50d
078b3
02d59
02f01
0535e
004b6
09678
0460d
00cbf
0e6c5
0dff4
048e0
0288c
070a0
04eaa
02e39
02d5e
04500
07109
0edfa
0d074
0c929
0c458
0f77e
02e3c
0932f
0dfbd
0eb0e
07b87
08103
056d2
034f8
0742d
002f9
072af
00a6d
05720
090b7
0ea28
000cf
0174c
0103b
05474
06cac
027a0
05111
04441
0531f
08a1a
0e756
076c8
0ecb2
073e2
08756
05adc
04f24
0e4d4
04f86
04472
01206
0f45c
0c8e7
0db93
0c82b
009dd
0a6c8
0876c
0a4d5
07b13
0f68e
0ccff
05b47
0afe3
04074
04229
027f8
087ec
0ebfb
0f27b
0bd18
0f2bd
0c307
05209
060a3
0542a
0639c
0c754
0c253
0dd77
04232
0d708
0c907
0b8c1
03dab
0d0f3
05f16
0eaa6
0b9fd
098c2
0548b
0eb5f
03b30
00c94
0c6e1
04174
0a1ce
015b7
0abe9
02fe5
02dc7
0670c
09a7f
05d2e
02c54
031a6
0d668
0ed8d
0b3c0
0e0a7
0bf11
0e773
081b2
0e8ec
0239e
08766
05832
0ccf1
00842
0c8d9
09e9b
02e8d
06ba5
0cc0f
04367
00a9f
0b97d
0eb41
0f1a0
09a47
03036
01cae
0714d
0ce9e
05398
0ced3
023a4
0cc72
07a88
0fabd
09dd9
04108
0fee8
0eb2f
037a5
04e84
0b492
0bbaa
0d54a
055a3
0b012
037ee
0fa02
0b581
00ecb
09c65
0e435
021c7
00418
08c71
0312d
00ed1
00d26
0af4f
0ba5c
0ab76
0aa91
0497f
0e95a
01849
029cd
07aaf
0395d
0fd08
05cc4
013b9
0eb48
06160
017ba
08c91
07ad5
0dede
011a4
0e390
0d51b
01ac6
06a40
09a9f
0c42c
075fe
052a1
00d06
0d7d6
05ca6
0aa0e
0e9cd
0cdc6
08906
056d1
04f51
09d1f
05c05
0c69d
048a5
09e78
0abc0
05c4b
063b3
003d9
04dd5
03c16
0c1c9
0bf68
0a476
00a30
05061
0433c
02046
0cd86
049d4
04faf
0d115
04e89
0b8d8
0867d
092a5
00c1d
03589
099bb
098ce
01acd
047ac
04d4f
0e79d
01232
07fc4
07f95
0357c
092ca
0dc12
00da3
0bb10
0a587
0e15d
047a6
06f8d
0b08a
027df
00544
0b59c
013cb
07d96
01374
024c3
07cf3
02ae7
086d3
0a3de
0b46f
0cc73
00262
0ceb0
0804c
0daf8
0d0b8
058a9
0b382
03a66
03f4c
0a23c
08575
013be
0fc3a
0ce83
0edc7
0c110
01a72
086fb
026ec
0082e
0f7de
03d47
0bc72
0c313
07273
042cf
01a3a
01d01
03d28
01d9a
02338
07122
091b2
01739
0b837
01cc8
02861
09e5e
093ef
07728
0edf5
05e9a
0b055
00096
07b66
0a2b4
08d32
0eaad
07378
0090c
0ee7f
0c167
086f0
0b7b2
0d8b2
0dfd2
0551b
0b5c7
0154c
04b4b
094e8
048c7
0b83b
0c519
0f96c
031f2
09f95
04101
0bdf0
01253
0bd46
0e795
099fc
02764
01d0c
0db96
091d0
009d4
05087
0e050
0036a
0d0ad
065a1
0cd0c
0d661
01cae
028e3
0f76e
00fcd
0f29b
0b98a
0dbc6
08a32
0e22e
03105
0ba88
0b0a5
08053
04737
0b3f4
09425
0d5b0
0ece6
02de7
0bfeb
08e64
0b807
0439b
006d9
0a7b4
0a88f
0b70a
04a96
0cf83
0cc36
082c9
0a401
00783
09f51
0ca3f
0e491
088a6
0cce6
0b7ea
06050
006e3
02c30
07ea7
0cfb8
0585c
00571
0a843
06f2f
02700
05657
0ee78
0df78
0f439
05f22
02236
07dd5
075ee
02adb
0ac8f
08929
092e8
08a2a
0e17b
01b39
04db1
0cf9f
03cc8
011ae
020e2
00b3b
0b97f
030ba
049fb
038d7
076c4
0ecd3
0c64c
0400a
05dc8
02718
0742e
03ad4
09fcb
0ff23
05d58
0e657
02241
0022c
01fd6
0c6d6
0a507
096b8
07e7e
091e0
0bcc3
0e99e
0e66d
0b783
0af12
03550
05fe2
02e34
06b84
0f65b
0b684
0baca
030a0
0844f
0f783
07c26
01eff
06bdd
0ba4a
07e37
05dee
034fc
01f5b
0284f
0a915
0c3c3
083c2
02f1d
052b0
07398
0da24
097ba
07525
08514
08438
0559d
073e3
0999c
08ea0
07a7d
0c989
0141a
046cf
05b57
00ed1
0806d
0abd9
0d9da
0698a
0ea8e
088a1
08bca
0ba5b
044b8
0d576
0d8ad
09c80
0cfb7
00ef4
034c1
05961
0549c
0de60
0e923
0fb8a
0d2be
054e4
08a45
0c2c3
050bd
053c5
0f676
06239
05033
0f9c0
0d482
03891
0aa33
0e2e9
0417e
00add
0aeb2
09f06
0175b
032a5
02b8b
022eb
04f00
0409d
0853c
00f04
0e9b9
01681
002cd
0385a
0e237
01b34
05767
0cded
02e07
0dd61
017b7
0735d
05340
01779
0e05b
0fe64
089a6
069ec
033e6
0504a
00480
084b9
0480b
0c191
0acb8
080a9
0db7c
031d4
04e74
0e1bb
0b9a0
01a94
02dd2
02eb3
094ae
0fca4
02bc1
01dbe
03eca
085b4
0cfe1
0aea3
08529
07260
00721
04010
0cce2
04fe6
0d503
05e7a
0879c
0c51f
0b1fb
0b731
02b76
0439a
05d15
011cc
062d6
03f69
0f86f
0fb8d
06baf
05a80
007e8
008e2
04f75
0b775
0d4e9
03b92
03878
0a38c
0a7d7
07b96
09c5c
0dcea
022e4
06108
05a35
0d828
0910f
07f94
06d82
0a6c0
0f077
00303
0eff8
08036
0e2a4
0fc95
0aa73
0aee1
0a708
0ab62
0bc6b
072fb
0f877
0e70e
00ad8
07e8a
04985
0de26
0c4c4
08849
08f10
0eda1
0fdfc
0da40
0c6fb
0496c
0ebc2
03b9b
08cf0
0348b
07432
0ab50
01dfa
047d9
091d4
03e76
0f1db
0c1bc
0ca6d
0032e
0d421
05b61
0ea80
09977
05d02
02491
014a9
003db
040c4
0397c
008d7
009e8
06ca7
0b731
09659
09a51
0ecd5
03eb0
0da68
089ee
0dc40
06eeb
0cdd2
08313
08ae5
03270
0d1a5
00ba7
02f89
0c483
0fd20
04e08
07347
0cbb0
04acd
002c3
06744
05ad4
00694
0db24
03d15
00643
01bce
00715
0b786
0cc95
05ab0
0006d
03c2e
015ad
0b72c
0abd4
0e1be
091b7
0a65e
031e1
04092
03a85
0d411
0c77f
08362
0c0da
01073
00021
0bde8
047bf
07d53
0916b
0d38b
07704
0af0f
0b4e7
06a16
00c89
0f030
05a31
0f6d5
06edb
07039
0dcf4
0582f
0ddb5
0a8cd
05d9e
01d76
0b82f
078e9
030ff
0f2d6
0c067
0bd4c
0ebcb
01234
0ea5c
0101d
085e6
0eef3
02ef5
09dc8
071e0
0d413
0f761
0a54e
0917e
0e649
0c7e0
0277a
02926
0255c
0cc7e
0c19d
062cd
0bb3b
020c9
08fe5
0585a
09989
087df
00aea
077cd
0e4b8
08d8b
0ca80
0929e
059b3
050c1
0c8ee
0b6a0
06d2a
0d480
0eeb0
0635d
02a8f
0dfe1
0417d
0f62d
05c59
077ff
09fbc
093e5
09ee7
0c03d
0329d
08d35
0221a
09373
075b2
0c71d
0c997
09947
0e51d
09c6c
09713
0391c
0dbfb
000fb
00d3e
0789f
00ead
027b8
01212
0b2c4
0348f
0e21b
06242
0a8c1
05758
00a81
04ae7
0d3bf
0e4bb
0d496
043c4
0b14d
037a6
095ff
0bfc3
0144a
09157
0a055
0de1c
0d4e8
07c88
051ee
0a37c
019d1
0f9bd
0490c
02199
0b1df
09067
08dcd
00b0d
046ea
0a8b8
03433
038e9
01fcb
012cc
0112f
0bc24
00cea
08876
08fc2
05bc6
00a13
096b1
0c5b5
09f45
0c088
04af9
0d218
04ae8
0bf34
0a534
0c002
0a713
04c34
0c336
0c806
0ff90
04a90
05864
0a3e3
01184
0069f
0e418
02fcf
02153
03d52
0fab7
0b67c
069da
0be4b
0c751
0317f
02ae8
0d89f
06f54
0027a
052b5
0ee5b
07197
0394e
0dfe9
0dafe
0cc63
0df90
09efd
0ba15
0e492
08f9e
041c6
0cae3
0bed9
090e3
09d24
06117
05705
04b77
00d66
0faa1
0e7c4
0379b
005e8
05fcc
0b991
0c965
0641a
0293c
06020
06e32
06721
02b2b
09bba
0c8cd
0a37a
0ae51
06e30
02259
00046
0bacf
054d8
05d7e
05836
04284
08615
01665
04d84
0349a
06170
0475f
0842d
07caf
06480
03aa2
0452e
0cfba
06f54
05603
05d15
0c356
0521c
07818
04a1f
0823a
0440d
053ac
0205c
082df
0c437
0a4a0
06eb2
0a0c9
0bb87
09ced
01879
08366
02653
0ca73
06b0a
0d506
0fac7
0ad50
0397b
000e5
07967
0438f
000fb
07c44
0b702
03280
02ba8
084a6
04710
09fd4
0fe42
041a1
0f7c3
05d7d
0ea9f
05164
0ed45
070bc
0c5da
0ddd2
03285
08448
094e7
05c7f
0cfb3
09c89
05659
0ffaf
06e63
08d1e
0e5eb
00834
0b008
0a909
0c338
079f6
0b103
08118
02a67
00427
091af
04c5e
0933c
0ef82
016d6
0e9c1
0a6a6
0ccd1
04246
08c81
07b52
037a4
0ad00
0527a
0b8c0
0bf53
0d77f
012ce
05043
06bf9
09180
00c55
0166c
0bbb4
04743
06dbf
0bbad
0a7d5
0dd11
0d2a5
08785
09c89
0b2ad
0597f
08b37
031fc
01038
0eb08
0e075
0fed9
0b803
0f8cd
084b2
04a8a
07049
06c6f
0d99d
04554
06143
0840e
00ea1
00561
0c4f1
07eb8
09140
0ffe9
02eb8
0ea6f
03573
00e0c
07d12
0f5a1
03d7f
0832c
097bc
06c9e
0adc1
072c1
0e8fe
0883a
06b2f
06470
04e8a
03acf
073fa
01f43
08bdb
0ec89
0761a
02442
04e66
0f37d
0f5bc
04763
0f58b
09778
06668
017cb
0cc71
09b89
0461b
0f222
00821
04b38
01fc9
0bab7
0d915
06a19
0d638
05346
02234
04d07
08d68
0886c
006cf
02326
0c4fd
0dd93
07337
05fc9
04050
0af23
06005
070cb
07b7c
03ebe
0c5df
038ed
0d91f
03c5d
095a9
0ce1d
0d775
0c588
0833b
01b25
0736c
08a48
05099
0c495
07201
0e546
0f69b
01654
0afb1
0e34b
0bdc7
0fb22
07d8d
0d0e8
0445f
04dd5
0ec05
0979c
0033b
0abbf
0b01c
098da
0b327
07a53
04ba1
08b05
0287e
08ab5
0ae40
0326b
0ee0a
00382
01cb4
04149
02184
06713
06891
0483b
0acfd
04a72
0aa21
00b99
0aec0
06812
0930b
0410c
0ba4b
05c54
04dc0
0bc95
0623e
0a581
0619c
099a6
06e91
036cd
08bc1
076bc
0100d
0c6fb
068ba
06f9e
0ed75
0a438
0b444
0c351
0f3cd
087b2
0aea1
0b42a
07c45
0cc2b
0cffc
08467
05598
040b0
0eb7b
025b2
0784c
0f83b
0b1cf
025fb
0ef77
04a78
097b4
0c1d9
0e8a9
08724
00d4c
0eb31
0d96f
0239d
03a56
0f473
0a4d0
0509a
0b7bb
0f58f
0ac71
0bd8c
0577d
0d029
0c6d2
0ca98
07542
037c1
0e8cb
05c18
088b2
0ab60
08247
0bb66
0fc72
0533f
07d6d
0556d
0c004
0b1fe
0a089
0addc
0bd0d
0dd3c
0e2bc
0bed0
018d9
0445b
0fb11
00fb2
0f1ed
06d15
0e2d7
01ed0
03a98
05e2b
0285b
05966
0cf43
05280
056e3
0fc47
02b1e
065a4
0cf2c
0b9e2
0da58
03525
038dc
0c595
004f7
08a6e
0cfd4
019f1
07f26
09ec8
0741d
0a4a1
0e1d0
07063
0a891
01392
0e3cd
0507e
0a702
01615
03381
05033
0b07d
01216
0f073
0117a
055fa
0cf57
00155
0438b
02f17
058c6
050b7
09353
0be2d
0b228
0b2c1
0cc35
07e94
06fd8
04dee
09dc8
07256
0530d
053cf
0d803
07c7f
0da56
0df9f
0a727
055d7
01168
09246
07bc6
07637
02f94
05453
0dae1
0499c
00bb3
05827
05538
035c3
05b96
06344
0dd8a
05de8
0ac92
0772b
0d520
0f317
05eb4
02bc2
0a884
0fc40
00d3a
000f6
0971f
0ac18
0d4c7
05cfe
02bed
0b7dc
079b6
09e4f
08d9c
05732
081b7
02ff5
05f6c
05369
0c426
06385
0c3f6
059a5
0bba1
09888
05e62
0bc49
0c22a
039be
01ff9
0bbb1
0edf3
0d6b2
00762
0f940
0cb1a
0591c
07da1
00982
07279
06e7b
00aa4
0ec8b
0e92d
0f7f1
08075
05c83
0dc33
0dfc4
090b5
0c751
077ff
058bc
01521
072b1
004f0
03def
0c60b
072a1
0fada
06784
0740d
0d9c7
064a3
0562e
0caa4
01d09
0fcc8
0a63b
0923a
07703
011c1
075b9
033d3
036a6
063b7
08dc6
0ae62
0880a
0151d
0eeed
097be
0fe6c
0b820
0b5bc
04416
030f5
06724
09c57
0412b
0fca0
07aa7
05718
03fdb
02821
004cd
00709
0fece
06d1d
0512a
0fa10
0ccd1
0f8a4
0748d
03e02
07144
0de4d
0e15b
0a1e6
0fc69
07b37
0a46a
06579
06842
0940d
0b6a0
03188
091d0
0bddb
06c13
032d2
0f29a
0d547
0d42a
058d5
07353
097c9
0fb24
0749c
0f3f1
0308d
049f4
058f0
08173
0f99f
0513d
075d1
01c6b
003ff
0a6cf
05b4e
03632
0819b
0590c
05627
01f8c
063af
03461
0f1c6
0ff86
08909
0a9c5
05b00
07c3f
08b46
0364d
0b09c
0abf3
0cc5f
0193c
0325e
0fafc
06543
0ce81
09b0b
092af
05e49
003d1
078fd
024f2
0b81f
0a70a
0df99
081f4
058fc
0a5f7
0cabe
058f2
08666
0b1c5
01758
0d647
0adca
0977a
0b4ee
0e9a8
0c697
070eb
0f2a7
06efb
07915
0a02d
0a2a7
02909
0c652
08db5
0d8b8
05a2c
0af09
0c623
0787b
0b401
0be3c
0b021
01882
0a845
089f6
0ebb4
06481
032ea
02337
0e9fe
0f3f1
05896
011ba
0421c
04831
01406
05af3
08801
01411
00d63
0abc0
0dea4
05067
058f4
00f2a
076b0
0d008
0adba
078bb
0553d
046fe
01e5e
073c2
094a7
0cfdf
0c22b
00fe1
0a5ae
0003f
05d53
08bf4
0511c
0a7c6
03149
0d96a
09af4
02e78
0fb29
0f9d4
021ab
0264a
0861f
0aba5
00479
0d67d
0a7d5
0074a
043cb
03617
0a561
01efe
0495c
080b0
0290e
01720
0f1f9
07bc9
05e96
093b4
0fa85
03114
0b72d
021ad
08c65
08e10
06532
0e79d
0cc10
0372d
02c35
0472f
02154
05d98
056b9
0751f
03973
0e7e2
05fca
099e4
0b08e
0cb6c
0d0b4
068c3
07b13
0c4ea
073d7
01ffd
0e626
042de
0946f
075d3
01612
00619
0d587
000a9
0294f
0e211
0ff78
0fb00
0cbb8
0fe14
0db1a
076eb
0d807
09f71
09c47
0569d
06d91
02c0e
0afe7
0d653
0a476
00af0
0d24c
08747
0648b
06383
02e38
0c23d
07986
002bf
0bb61
0a958
04f49
0e301
05239
05e98
0b66d
06acd
0e0c1
08734
0f93d
00dcb
0047d
0fcb7
0d3d1
040c8
0f8f1
0b658
01b86
0c850
0952a
03a2f
0a492
01a65
07288
03809
0cea3
09f05
05fac
03a30
0ff8f
024ce
04f5b
05288
06891
013d2
03c40
09fd1
046ad
02686
0c17d
0d024
0de3a
0ce21
02ee1
02880
0e250
01558
01029
0b5fe
0a213
0cbbd
046f7
0c9cd
00a5c
05338
0f309
0b16c
06e19
01a77
02457
0d4bb
00fa0
03b34
01a3f
0e34d
04f75
04604
08c2d
0b327
0f80a
0f743
0a366
0fb7d
0137c
08204
04992
0be4c
021bf
0e022
09499
08624
0f581
03d7c
07edf
04669
05dbc
0fc65
01864
0c58f
04ef5
0c33c
067a1
06edf
0d452
0f6b3
0bf7e
01377
0f7bb
003de
03943
0df4e
0ac06
08506
0ff03
0bc71
0be2f
07fe8
01c8f
0fdf2
04e97
069b5
04914
07b89
0726b
0bbcf
09a2f
03e74
01d33
0cb99
0c6bb
0a3fd
00e18
07071
05b9b
01ff9
09c31
01f05
0ce69
0d8ee
0729f
0a4a4
0e072
00756
02e60
0ea30
04db2
08c75
0adba
0aa3d
062f8
0888b
0409b
0b40d
0b381
0369e
01b9d
0cdeb
02bbb
08bec
05731
0b0d9
04c5e
0363b
0d49b
0c0bc
021ec
0114d
026f7
0aa58
0f4e6
03725
05961
0ae50
06e0f
0b651
0d51b
0eac0
0d95e
06ed8
0fe25
05bce
05e50
041f7
0e1d9
06d6b
0d203
0a4bb
070e2
04b5a
0cda2
08b97
00011
0d437
05d84
08894
05e4f
02475
04d60
0e5c7
0e41b
08c4b
0834c
09bb0
02186
0fd6c
0f3af
03535
071d9
0b6a9
0de9a
0514a
0ab5c
04b4a
06b63
062ea
01fb3
08969
01045
073e1
06c92
08f74
00976
0ed8d
01e9c
0e665
0441d
0b57b
0d9f0
0d9d9
05c53
07e75
05b16
04807
0dc43
030a1
085cf
0e6fa
00214
0948d
02d7f
09045
0ad6d
0d8b4
0ae53
077c6
04d19
069ea
0c42f
037b4
0c625
0c290
01794
0487a
0b6aa
0d8ee
060c0
0d80c
04d2b
05629
01f14
014c0
0d9e9
0236c
0c615
061b1
0b4aa
0063f
0df8d
07fb2
02ceb
04edf
0c7f5
0e045
01336
0bc28
0d923
047cf
031cf
04489
04df3
04148
04f79
0bde9
06b59
0cd43
072ce
0bb65
024d5
04580
09b8a
04651
0f0c3
0458a
0b601
0b964
0bf73
0c6e2
08e36
0f915
00db1
0e708
0c656
0b988
06db4
07ed6
03ad3
0ce92
069e2
02c4b
0952f
058f0
0e63f
0db0f
072ec
0cbe1
09072
021bc
0976d
02e33
019b9
0a476
06873
0a44b
0acc3
0bae5
043e1
0f756
06e29
0f277
089eb
0602d
0727a
0fb29
0f602
02837
093c2
059b3
0252b
0085b
09834
00fd9
0a05b
0152b
030cd
042ac
01360
0a98e
0bde1
066fa
01794
06d7c
0985a
0061a
03fd0
0be2e
0405d
047b4
0b05a
0186f
01363
0a4de
04137
0e5ac
01054
00daf
07f44
068b2
0ae46
00064
0d0ab
07980
05e0e
008b2
0c35e
0b483
0d773
06ea5
0ae17
063a9
003cc
0367e
08255
0460d
0030e
0dd7e
057b3
0de79
0c8cc
0e804
04d83
052da
0dc42
048f5
09e47
04ae0
08475
0c053
06941
09c1e
0c339
0d317
00a38
05864
0e34f
00b4e
065f0
0107a
0936f
082f8
0faa9
092a7
08e80
084f0
0769e
06289
096b2
0a2e5
09058
08c21
0dfa0
015c8
00549
0284c
09e59
06298
0629e
0e596
0be31
04419
07ba9
0a154
069b9
0961f
0fa49
09fdc
015b4
0a685
0b46e
07cfb
03b3e
01e2b
08d0a
00ef7
071ba
0a072
06f5a
095df
0ca2d
03c05
04925
07685
06973
01eda
02c8d
0617c
00dc4
0a12a
00f66
0ece4
046a8
03b60
05012
0ec74
01e06
00156
0df30
06e87
05003
0b53f
04d29
06992
02f4f
056ed
0d714
02f49
03af8
01c2e
0bc64
0b848
02d85
0e407
067af
07c54
0a254
0896d
0a00c
0719b
0bfde
0732d
0c027
0148f
03c6f
0121f
0c97c
0de0a
0267b
0baa2
0d07d
06ade
045c4
0061d
0b93a
0041c
02243
07bf7
0bf3f
0f8e3
0616a
090f6
0a9f4
0d8e4
059e2
099c3
0b8cb
0330e
00956
002fe
083bc
070ab
0285b
01e15
078d5
081a9
0a307
0a519
0840a
0080f
06337
0d53b
0d8dd
02c0b
0bfbc
0391c
024bf
03d7a
03af3
0ac5a
02d03
0a075
0f489
043ff
07cf1
02101
03a64
04660
093e8
09dd6
08e4f
01050
0092f
06d74
085e4
09a05
05601
01976
0ff9f
07b52
04845
0da37
0cb19
0dd5a
0e1fe
05c91
0bf1d
032b4
069c9
013cd
0870a
0d829
00e46
0c2c0
0c519
08496
0ca7d
0e387
01ec6
06073
07464
01e7a
0027d
09e18
0c740
0fdc1
04ba6
022a8
016cd
03b63
0a4f6
0af2e
052fb
0ee47
09982
04c02
08ed5
0f54b
0eee0
0d1e3
0c0c4
0e7b3
0e4b5
052df
06e2b
0602e
08450
01344
024df
0c7ce
06ac6
0cd4b
0becc
0d884
00b66
0dff6
06572
0eb28
090ed
0e735
0c573
03b1f
0a46d
0d357
0d03b
07386
030d7
08589
04887
009dd
0458b
01852
029f3
000d6
0debc
0cd65
0dcb4
02d7b
02a41
03875
0300e
03ea2
07f84
02dcc
067ce
06928
07965
0d43f
00761
0cf87
0464e
0f3b3
0f027
08184
04a25
034f5
045b4
00b26
050ea
0f1ce
0febb
01f0b
0f9d0
0682a
09f39
0505d
0dfb2
0ede7
083cb
061d0
0fbfd
0e365
04184
0d637
029c5
03a37
0ca29
015f8
0a8c0
06c4a
0960e
07aad
0df66
0582e
0a39c
0f174
03784
0d12e
0a6b4
05228
052da
02094
0fcd5
01cec
04641
07075
049ff
045d2
0ba61
07c63
0b3c5
0d1b0
0c6e1
05c60
03d53
0cf96
0d563
032ba
0415f
02c18
04d35
0951d
092bb
075ae
0f806
045d0
09629
06b61
026c4
015d2
017fd
0bb05
0688a
007b9
0d5d2
0f74c
08620
0a403
029d4
0c32c
06bdb
04f50
0962f
02e19
06abe
0dad2
04d6b
088ea
085ef
0d11c
03dbc
007b1
01041
09d7b
0a59c
05d98
0339d
010f4
0efeb
028f1
0b2a3
0f5a3
03493
0d25c
07be8
0af99
01c31
07b3b
02515
07ced
0bb57
07be6
00e8f
05617
0e855
0f9f8
06b06
060a8
0347e
0a301
0cfc3
00633
0d452
04f03
09bb9
0bb80
0d1bf
0afa0
0a4d0
06f8c
0c765
0cb23
03c13
0317f
07bc3
0d6d6
0d785
0f8aa
0ba23
03c87
0e66e
00d69
030ad
087f9
0739e
0b55d
0b74b
003f7
04a9a
0e983
03766
0c055
04c4a
06030
0237e
0de89
0cf74
003c8
07605
0af21
0f73e
096c0
04f5a
091c1
0123e
0f435
0d899
07195
02675
06aee
077f0
052e6
0b10c
0c1f2
09066
0063c
083aa
0f41c
049fc
081f5
0cbb4
0deb5
0fef5
07c89
01024
0fe96
011ca
055aa
00fb9
0df9e
06d75
01792
030d4
080e9
0b1e7
0b15f
0f89a
00f04
04173
0e6e8
06274
05694
0655a
0ba51
0af0f
0d25c
0ac83
04fc4
0721a
0213c
0c641
089c7
08899
09b01
0ff3c
0e0f1
0ef5c
0434e
094b7
0d7d1
0dbf0
06b26
0cf9f
094db
055f0
0e6e3
09320
00b21
05bef
0d95b
0bcd7
0f671
05bbe
0aa6b
049be
0b18a
0473a
06d3f
092dd
06ab4
03200
0ba17
0cb82
0bfc0
0effb
02c7c
05dc1
00ec8
0fe14
0e1ee
002cc
036dd
0c3f3
0bc7e
0845a
0db17
01455
07be7
03184
07c8c
0e4f1
017e4
059f6
088c8
09797
0daf2
0c4e1
0a5bc
0b0cb
0694f
01fa1
0fd25
0fb4c
0d975
0c465
013cb
00d2a
05dbf
02fb7
0b966
02e51
000ed
0ebb1
0cf9a
0a0f6
06f3a
08c26
00c8d
0922f
06df2
01646
06d38
0f226
0850d
072ac
0e544
083f6
0137a
05826
07fe2
0fa39
099af
09380
0761c
0f4ea
08a1f
0e0ea
01444
00f9b
072d7
0dd40
0cd8e
0943c
025c6
0dbcb
05687
05b3e
0d47d
09806
0c5fa
046cb
0d793
0c55a
0840f
0db1b
0ac21
0db45
0b492
0f0a5
0121c
0c82c
04767
0201e
09caa
065c2
0f3eb
02380
0f398
01101
0388c
0e3fa
05e14
00904
008d5
00df8
0a2a3
0848c
03aa3
08110
0fca1
07390
0cfe5
0b53d
0a13c
095fa
0b230
059b0
06b2c
08224
0122a
0171f
079f2
0735f
059b5
09d62
0235f
0296e
0a1fa
0ddd9
01c45
0f8f4
013a5
0bbd6
04cb7
0e717
02892
0cb58
067ec
01ace
02b35
04d6c
09818
001e7
0c173
0cc21
0496f
018f8
030d7
0b058
0a76e
0b2c4
0b93d
05273
0575d
00433
001ea
0b731
04046
02aa9
028c1
088ae
073e0
07fac
0e3a4
0903b
0b016
06f6c
0e850
0130b
091b9
0e689
0c9a8
0f5c5
04e8b
041af
0b77f
06ad5
0b73e
02d7f
0f57e
0145c
01903
05fcd
0a020
068d2
0dc82
0df91
0be48
0b85e
0f83f
04bf0
05491
072dc
0c452
00ed7
0138f
05734
05fcb
077e2
06662
06b9e
00da1
08ba1
0be72
010e5
0c53f
0f062
0476c
02550
026b3
03ab3
094d7
0ca57
0212f
0772d
083ac
0b7ea
00880
0752e
00e8d
08104
0701d
00131
08031
0fd6a
02203
05a82
0c594
07d64
0975c
07f48
02687
09493
02252
0e7b3
0b91d
0645d
0aaf7
04fdc
07516
0a3cb
021c9
0d1ec
05feb
0cdb6
0eef3
0f9e6
095aa
0217d
08bd4
092cc
0fee8
0e499
0c920
0d878
06dc8
00b2c
07ecf
0de30
0cc7e
0a6ea
07df8
0f8e5
06e73
0ac2f
06115
027be
0db1e
0fdbf
074d3
0f0e7
05d00
08c6f
01c54
06b76
0e39b
0099b
0b14d
01a41
0c885
02e27
00d78
065d2
09efb
045bf
05159
04eed
0a454
0d5ea
06349
01754
0142e
0edb3
05c9c
0d346
0ea8d
05138
06c53
0b00a
029cc
0e39a
068ba
0110f
018f4
029f7
0047a
09451
0b5e2
0f85c
0c9a9
09803
0745a
0687c
08802
0ba50
0c2d6
062ca
0e78e
08525
08564
0e539
0ab75
03282
066f9
01569
0dae2
05b87
025ba
04198
073c2
0ffab
0cfad
0e91c
0e1b2
0c8b3
060bd
06aaf
06ee6
0a887
020bf
00f3e
009fd
0899a
040a5
0fae5
0dcbd
0ad3e
00321
06015
08628
021cb
0b69b
0d53e
089a4
0c439
00643
0d208
0dee6
09a87
006af
01d39
05464
061b1
03b9c
03493
09485
0d7a6
085a1
040b2
0b2e8
0e7f0
0c55f
0a5d5
0596f
080af
0dccb
054c9
047a7
09e48
06e46
0e9ce
03c71
04573
09361
03f8b
0ae93
07543
000db
0683d
072c8
0ad8f
0f828
088d0
07d1f
0cbda
09652
07dc9
0d5d7
0f3b9
0136d
032ce
02fd3
0db18
0fca4
0369d
0650d
03210
03794
0f77b
0a3b9
06bbe
02d36
05128
0bdb5
0b061
05834
02bc1
09ab1
0b8bf
087fc
06288
0e0a4
06a5f
0e521
0660e
00a3c
04ac3
008ab
08259
02fa4
0f852
0738f
0f082
01918
079f0
06b7d
0a911
0330d
045ac
03cff
0ef8b
039ae
0ff9a
01994
0d212
0010f
08589
0e410
0c38a
0226d
01d5c
00413
0b558
0c0f5
0fc60
027ef
0778f
06f4b
0fbfe
0572f
003e8
095ef
0bf0b
0a09d
02e91
0d335
06a91
09602
02e01
02774
07761
0d8de
0afd6
0bbc6
03a34
0e6a2
02fbe
07ce9
0c7db
007a7
0f538
09d8b
00f83
04792
02a88
07f6d
0e2c5
06ed2
0993f
097bf
0f2b1
0382e
0ee2a
09202
0ed35
06bfa
085bc
0b1e2
006ee
0061d
077de
0a694
07f00
023fd
0d53b
0b679
0d83b
0d5ca
071e3
00677
0daae
07f74
07f32
0cbf0
01a8a
0cf90
02baa
00d9d
0dc6f
0ae49
02d36
04432
07182
09279
09a6a
0cfb9
0b81c
0abb7
0318f
0fcca
0b948
0a7cb
0eac9
06e00
02ef1
0ab65
0f646
0bc08
0251b
01672
01fd4
0101c
0254d
0eded
02742
09e3e
08f14
0df22
0ea79
03abb
0dd3c
03157
0f003
03616
0b167
0d5a1
0bd28
027db
0830b
015a2
0245c
06f19
023d6
078f6
09ee0
0da66
0b5af
0e520
005c8
052ec
0eaa0
0a5d1
09cee
02f20
03fd5
00242
0b42e
0644b
0d081
0561d
03932
03b8f
05ad0
0736c
052bd
0e3c1
00376
0f3ba
011e7
01949
0eb6b
078dc
0a0f0
0dacd
0bb76
074c2
0e6dd
0dfa6
061a7
019c8
0f609
0f012
00d31
03d7d
03a6e
00f43
0c90a
04adc
09dd0
0bf8d
04896
029a5
02b5a
0d85c
01421
0f7c0
0bd0e
0ed35
0e777
01391
0e969
0c021
00dc9
02889
0ee52
063f5
0a276
02432
056eb
02e06
0466a
05c57
08b27
08872
0f020
06e26
0a3d7
01af8
0249d
093c9
0f4be
0bba3
0cef8
0e670
006a7
0ed56
00404
0c9f7
0cf98
0c066
097ee
082db
0882f
051c4
016c8
08060
02d16
096db
0f1d1
05b29
0cfef
060e2
0e963
0e69e
0d53c
0011b
09121
00a0e
0cb6e
04b62
04840
08c6a
0452e
07c1d
05a05
03cc8
03951
068c4
0c07e
0131c
06db3
04b3c
08840
0485b
069a1
024ec
0c8e6
0c631
0607a
0e629
01d7e
04553
0a3ee
01e1c
0709c
0d25b
07237
0cb23
01f94
0b5e8
0db1e
04133
027f9
0505a
0b274
06a36
0b621
03e8e
0a92d
01367
0f8a0
0f598
0a295
0d4ea
07686
07a3b
06a78
086ff
084ad
044c7
0b162
060b7
0e956
0f0bc
07038
0a9ff
009a7
0e3c0
0b562
0d7a0
0093e
0c2f2
01f9c
0eb81
0c6c0
07869
05741
08a85
0f55c
0d6a5
08102
0f2cc
0423f
04e0a
0ff2f
01dcf
0eff2
0d5c8
0fe9e
07914
0010b
03e69
00d94
02ad0
05118
09753
0ddf3
05d0a
0b7ca
0270d
036bb
0e315
00c34
030c1
0d992
0f0f4
03309
031d6
0aa97
09b1b
0d334
028b8
06ce2
06156
07f69
0d445
07feb
0be80
05881
083ff
0fb79
085ea
02949
04392
04ff0
03115
05d49
01541
0bbe2
0f77c
09b95
0b9da
0281e
09ffb
06568
084db
0e182
0a639
0c993
0ae27
00f81
0b607
0503c
057b3
0b739
014d8
0f952
09eb7
0f472
02e2c
0f85a
07d4b
05a39
0e96f
00577
04a9c
085ca
0c010
009b3
023be
0fb13
09f96
0e335
0d1aa
0c490
0497d
07816
09771
05d87
0bdb2
01b99
0fa84
0066e
0b0b3
0b982
0aa05
006a9
05f6d
0ef73
02bb8
09334
06433
0ea18
052b5
04e66
0b7f3
0fe7f
0262d
0250f
03ba6
07649
0fa1b
07f7f
070e8
0f90a
0d4df
0bf80
06160
003c2
01fe4
0f632
002a3
00222
0daf5
0d054
05736
03f92
0e319
0b8c4
06b7f
03b8f
08d0a
081a9
05b77
0f28f
0254b
010c4
04c7c
036dc
007e9
002b4
0b312
07835
0e726
05548
00101
0a1ad
06098
0795d
0bc4d
0388a
0bb12
0671d
0cb45
0407b
00d35
096db
0f3e7
0b1e8
07654
01dac
0f7ef
0a2c7
0e110
0977b
0a206
0781e
0d90f
0722c
06bda
0d0b1
04d4f
0db0a
075b9
0ca47
0e3e4
0d9fb
00755
0dfdc
0a45a
01593
0c6fd
0a7d9
0a8ba
03ae1
04010
0956c
042f2
0e94d
06db3
07ec3
07a1e
0ec50
09775
03e27
0e21e
07570
01889
0d6d4
0e936
03a16
04f1c
0ece2
0919d
09440
0658c
0c5af
013fb
04527
026c9
0b032
0954a
0645f
014b3
07eec
0aefd
08c35
03e59
05948
09d5b
0f677
07adb
0e31d
0073a
0f3d8
04fba
044e4
0e4cf
02d12
077ca
06e06
0201d
03d31
0a4ad
0aa67
01105
0c3d8
0895e
0a2ce
09ffe
0899c
0bd2e
0a274
07f72
0a937
00381
0069b
03e80
094db
0c7fd
09fff
0eae9
03267
0eecb
0a4ad
0ddd7
03b5c
019d2
0dd35
0f361
0647d
0b971
062d4
0184c
0d2ba
0bd1d
07907
01607
01732
032c4
0e550
04254
01840
02afe
0795c
075eb
001f5
0df4e
0b1e6
0c766
062c1
0b027
0a17a
0a3bd
0e162
09d3b
06df4
0d251
04ea6
08f59
0f8a8
023df
0dd88
05b61
03d59
05913
02dd2
003ad
0c78b
094a4
0667b
0df3e
0a0e7
069b3
0cde0
00365
017e1
09c04
059a8
043cb
06f7d
06b1d
0e1b7
0de11
095bb
05736
06200
08edf
0b33e
08248
00ed7
0a1ad
04831
02bbb
0c67c
09886
0a7ff
06992
0a618
0b953
09f95
0936a
09d56
0b20a
03b1b
004d6
0f710
0bfa0
07f51
09568
04fb7
0e422
0f0ba
06ce4
088b6
0699f
037c8
0ab46
08752
0ee1d
0ebda
0992a
0373f
0095b
0e079
08971
01fff
076bd
0fc3d
0883f
0b601
09a10
0c40d
0fc38
0afe3
00c77
053f8
07a83
0545e
08db1
0aa99
078f2
0559f
02df6
0d672
0a8a7
04399
0f704
0ebe6
0fb6e
06aad
08dea
0fd2f
0bc1d
02c5f
022a3
0c08f
08a10
05920
0174f
07653
0d0e2
08d81
0fb13
09b41
0ced5
092f7
087db
074a9
05eef
0379d
03c85
04571
0313f
05d44
06faa
0a3a4
09ff1
0bd57
0c5e5
0b4e3
02070
0a651
077ae
07217
07899
02b3c
06bf3
0c2d6
0eed0
0292b
07b67
0708d
0a3ab
0cb7f
0ef1f
0eaa1
05f78
0c536
0a383
01614
0e808
06ed7
03b2f
01bad
0c65c
0a500
07138
0dbcc
05788
09c87
0f4b1
0e3b8
056af
0b6d5
002d4
0dc97
026e1
03b3b
0095b
0d2a3
0d7f1
040d0
078ff
0c217
0fed3
0d6d4
06fae
05a18
08095
0fb0a
0e14b
0bb43
03726
0c975
0c100
064e0
01237
09a36
03d89
09e95
0cac1
0597b
01877
067ec
06f4b
05f1b
0d174
02a21
04b60
00168
0ffdb
08a4c
0e2f1
031a2
0faa7
07a87
005bf
01ac9
061a3
055ee
0b0d7
069c7
0910f
0f89a
0c054
0344d
0a4d1
0b7d9
0683c
03045
0b638
06dbd
09b7f
089dc
0ee68
09ab1
03fd1
025e1
0bf16
0afe9
0e568
08b25
056fb
091f7
008b9
02cf7
02c22
02cdd
08e02
0e446
0d4c7
00fa9
08612
018a3
098bd
05bec
040e4
0df6b
07bc8
066cd
058f9
0fde8
03084
08b4e
0f191
09f01
0091b
0e137
0452c
012f3
07d18
0f345
0d0f6
0e00d
04bd7
06d45
070fa
0a39b
0723a
0d908
09892
0bab4
0078f
0c8a9
07925
090be
0646e
0f6f9
0265b
06821
09075
0cd09
0467c
04252
02efa
005db
03545
07612
0a8a6
04cc3
0f503
0f4a5
0cc92
0ea16
013c9
02cd6
0c9f2
0bf23
06b8a
05515
007a7
0aab1
071c2
0c475
0bf16
072c0
097c3
09e4b
002ee
09348
0f1b2
0e3d4
09b81
0f5b3
076e0
0195a
086e7
022b7
03a9e
02e61
04d96
0f786
0b07d
03a77
0bf22
03673
053b5
08fb9
0e65e
04c58
0224c
07cd1
0c32a
0682c
04c11
0d958
09938
0cb73
0d664
06c1c
0b43b
053b1
0558a
074a0
088e5
00175
09e29
02007
05a53
045de
0fffd
0cffd
03477
018c4
09985
09b42
09835
0daea
01062
030c1
04dba
05abb
0d46c
0bccf
0c85d
02ff4
01e33
021b2
0cf67
0a32b
0ccf1
099a8
09bca
07160
0f1b2
04c90
0a36e
067de
01e36
03f03
01ebf
09406
0e068
01bba
0824f
01024
0f49d
084f1
0211c
0eb54
018f4
08a53
0d23b
0cd48
01b3e
0db3b
0f701
00c47
07d2e
0c422
0f2fb
0e56c
0e4a8
0d1c0
03108
03cfb
0a699
05da5
0d1bb
0ca77
05ac1
0386d
07bb0
00f83
01135
05598
090c6
075a5
0e02e
06770
011bf
0f200
06006
08786
027aa
04555
05f7a
09302
02ac7
0358a
01b37
083ee
0da20
004d3
08235
0a7b6
05263
00093
0ce62
0a28a
0f425
05396
0fe3b
0ac8d
00403
0ee7f
0f6be
066d7
06a64
03234
06b3f
0c9fc
03d05
073ca
0580a
0ff8b
0ebd1
05d3d
0845f
03996
0d4d7
07217
06194
02a52
04723
0331e
06d0f
0f055
0bbae
05630
0bbed
0e2e9
012e2
0a64e
099bb
0977e
0ad73
0977c
0b1c5
0d249
004a4
01ba3
074b2
0459a
09b30
07ee9
003e9
082db
0ab09
0fa3f
07a87
09685
03852
03136
08bc2
0fe0c
0556d
06dfb
00274
0e126
0c94e
0d471
05e5b
0f0d9
03c19
06d06
07654
06332
03bec
0d1a7
01ed7
07358
053d1
05b1d
0e1ed
0de7d
0b02b
0f35a
0cd9a
01a3b
02717
0762e
0fe32
02f07
0b145
00e48
07ff5
0fccd
033e4
0c7c0
0bb3b
03a00
0c5b0
06b14
0cfec
03e36
07273
032a2
02d86
05e5e
01a9e
0745c
06b72
085a0
0f64a
0b93d
09a88
053f9
0b61c
0bf4b
03e94
07c18
07c45
05b5c
030e3
07ec6
02f8c
06392
04ff3
0fa62
039c4
05deb
00a64
077b4
0db32
0ff67
00875
06005
062ca
0dd58
066ec
062be
01ca0
096d2
057bf
0e0e7
091ca
0fe82
01c4f
03490
02327
009ee
09874
060c7
0e4a6
03ee0
05470
008df
0eb65
0f1ff
00a38
0a7ca
03fc8
0fbe6
0e142
04fb1
0489e
09517
03863
0fcf2
0d160
07f64
05992
0955a
0475e
0a8c7
04e2e
0f513
0f043
021a6
06703
09dda
09b87
0f5ec
0f54c
0da3b
0a99a
0e237
07ac3
0fa0b
0e04b
017dd
03f38
04c4c
0c8a9
07ffd
0d047
0c5d1
0031a
00742
0e85d
0fe6a
06455
08f03
0c8ae
06e3f
0133c
022ef
0afaf
0e516
0e37e
012e1
06113
06389
0d9ec
0cf39
08854
0a4fa
09e2c
0a094
06c16
0720f
0544e
0fdd3
032aa
02347
029be
090ae
0e420
08b36
0a2ca
0ca36
0b753
0936c
0cba4
06871
0bc68
07b80
05d3d
0ad42
09ce8
0d7a6
08898
0a303
0bd87
0bd3b
05fbc
0a82e
0dab2
0ed3a
06168
0dc9f
03da2
070a8
036bc
09865
0e2a2
092c0
0f91b
00363
07c6c
0d1a0
01969
0e070
0bf53
0891f
0af5d
05aff
002b2
08a67
00f0f
093e3
0ca85
06d10
0a52f
0d360
06b64
0d41f
01f05
09674
0bec2
0fee6
0c137
012b3
042fb
0316b
000e5
04a1a
040ec
0469d
07e85
0b723
01de2
055e9
03235
0e77d
00a96
001c4
05434
005c8
08abb
0c4f8
03aa4
02514
09c66
0e502
0ad29
04a08
08438
05950
0b259
025c5
0f6b4
07c87
0f76e
09277
05587
08839
0c63c
06f91
008a2
07681
0e1b8
07af7
0e36c
06b3a
009db
03e46
0d726
00536
0008d
02739
04d34
01e1d
085e3
0e4d9
0f2be
0d620
0c89a
05147
0e222
017be
0d87e
0485f
062cf
013a3
0968e
05270
0b69d
0430b
0345d
0498c
0533a
0eef5
0f457
0c911
02437
0b060
0df8f
0c9ff
0552d
0bd71
0dc7b
0dc0a
02219
0e284
036bd
05537
02a6c
06861
07117
0dd08
012c9
0b25d
019ef
0b5c7
0d7e4
0f531
09126
09982
0e0fd
0ffca
07d68
03b18
09ca3
08b31
0e796
01c43
0340e
08a8e
01e0b
08435
09f00
0d3cf
08881
0e5c9
011c1
07e0a
0c6dd
011e6
0dfad
0f217
031fe
0ba93
0e0e1
064b1
0aa01
0c75e
016df
025e5
09368
07042
0d89a
0176a
00f2c
056d5
0cc3e
0aea4
04eb2
00890
0121c
0c52d
07fc1
0bf47
005d7
096d7
023b9
0bd42
027ea
062db
045d2
0f3bf
01a9c
0c5df
066e6
041ed
0e312
09f7e
0b4bb
075c1
0a7be
0f451
010a9
061a6
01b1b
0b68e
0c242
01b74
019ac
048d4
070c9
0457a
0c618
00c28
0c0fe
0e11a
0b4fa
0fd14
03361
0efd6
0eb65
0e975
0ad9e
065d1
0bc87
03cd7
04a68
06bac
0f170
08bac
0352e
092ab
0bca5
093d3
0ef87
05fe7
0d25a
035e6
0fb95
077be
0e40f
0b434
0512f
06d6e
00787
0eb96
0e739
000fe
0574c
04834
05c85
00811
0b4aa
0da0a
06422
00281
0114b
06aca
08469
08f9e
035c8
0b88b
0bec6
08637
07fbc
0114c
0d99a
09349
07e55
0f2ea
08ab7
0d3fd
0aef9
0dbd7
0bdb6
09f06
055d1
07c2e
06cb2
007c5
04f0b
0a626
06c52
09949
02759
08cf5
0df2c
04ad6
09eeb
0594e
00d15
0cca8
06dc7
07336
0f90e
0b174
0ad87
0fd7e
05dc4
04449
0a958
0b1de
0d669
05994
08a26
0b279
02a3a
08980
09f61
04d47
02246
083fb
07a0e
04c5d
0eeb8
0b063
06eb4
05fe8
00700
0cd91
0f044
0d4db
0cb1c
0c7fc
02439
08efe
00376
06430
0a44e
02156
0041d
0aba9
0eac8
0636f
0e021
014be
07785
0d36f
061ab
0029f
09683
0d2ac
09951
0da7d
09166
08bd2
064e2
0a2e6
0722c
02d6b
0fdef
09aa1
02b69
031ee
0b890
09723
0649b
06751
0af41
0c927
0b97a
01b43
019ef
07b73
06f45
0e1ba
08e59
05d06
0c32c
04289
0eed3
0b534
000e6
033f0
008d1
0208f
0100b
0c1d6
06fd1
0bf51
09f40
0c4c1
035c7
08934
021e3
07c15
0f4a1
00b9f
00e1a
09294
0d96a
0bd16
04de6
043d0
0c3e7
0d218
01b2e
06c9c
074f0
02ebb
06414
0e6d7
04871
08eda
0a99d
08c28
00a3c
03de6
08eea
08851
0b02f
08a55
0589e
04c5a
04b7b
0ba11
0033a
019f6
07a97
0a621
0a593
0d820
025ba
0a61f
06c99
007f8
0f467
0ec55
045ef
069d1
07595
04f88
0ec4d
067ab
01ee5
0046f
0504b
0da6f
07156
03b6f
0abc8
0b250
0a05b
0832c
02cb7
0fed7
097fd
0fa6c
08df0
039e0
0c3d8
0f1a5
0bde3
07dea
076ac
05766
050c2
0c3ae
05d89
0a510
0a9ca
002eb
02e38
02bbe
057b8
0229f
076b8
0ed15
08f68
0bca2
073a5
01675
09f96
0f94a
09366
09bc0
0accc
024b6
0d3a0
08fce
044a7
091ab
0b413
0b0f5
0b2fd
0a15d
0c58e
0baa4
0e25c
00202
045c2
05f28
0c142
030ed
01966
0b303
0d2d8
070ab
0935f
01a49
03e3e
03f9f
0861d
07da5
066ef
0f9a7
02112
0dc79
0ec72
03d86
033fd
08101
0054e
00258
098c9
05aaf
0c5c5
0c8fd
08f7c
0139c
00e02
0b169
01b46
0cf61
058a8
008ba
0d281
0cb37
099f6
0169b
028a4
05f01
00cb2
0e64e
0b6d6
020e0
0c743
06713
0c838
0e23c
09005
03d94
07a8f
007f5
0eb46
032a0
01cd8
02a53
05dd6
09f93
0a077
00575
06dde
0d9d3
0649d
0fe06
0bb87
050c5
05bc8
08dc6
0c1d1
001d6
02b89
0515b
0c14f
0ac79
0533a
0ff0f
0f5bd
01a6e
01a93
087d9
0697d
037aa
00f52
07386
09f82
09629
0d987
070a9
02162
07814
03cf9
0e747
06cd1
01ffb
0698d
09c76
0807e
0668f
0343a
03fe0
06517
02cdf
05eb0
0831a
0b46e
0ac28
0baaa
0de73
0691b
09c90
06702
0f7a2
02f51
005fe
09f78
091a3
0081e
01ab0
025af
03bea
0384f
09f86
0954e
0bf61
06bdc
0fef5
0bd04
0bf26
09901
01148
0c0c6
0b1c7
0d78c
0e3a4
002dc
00ac8
0ccf7
06107
0c533
04f8e
08240
0581a
0189c
08a75
0cef4
0e84d
0c75e
08dff
0f2ec
0a506
0ea3b
08f0c
00b58
0f0c4
0df9d
07718
09580
094cc
0d262
08fad
0c1bc
04d54
00bae
0635a
0be32
0455b
052ec
0c096
0c1f7
03d52
07abc
07ddf
0fed0
074a3
0fa22
01559
015ea
01a62
0bf72
05fdf
0ce44
003f7
040be
0e13a
034f9
0f9fd
01fe8
01933
0f9c1
05d44
04cfe
0d5e3
0a057
08d62
0eae4
0b1be
02da3
039fc
02c50
01861
08746
0db74
0f30f
00708
07aca
01bfc
01502
013b8
06913
081e7
03ba6
092a1
0d97b
05435
01068
0ab86
095a9
01a05
0e53f
0ffdc
0fe47
0f489
0936e
063c3
03287
07597
02f9c
0ae46
00496
058c2
0cb02
07d10
0fd7e
09b13
0eb76
0eeda
0a6a0
08826
07bdd
02d30
0cb36
0cbd0
01361
0e968
02d73
0c814
0ad78
0785b
0981b
08254
01585
0df12
045e5
08673
0ec82
03a7b
0d66e
091a7
06349
08770
05b84
04d59
09b2b
0f7e6
003eb
0f6bd
0697c
0dad8
030c3
08259
02729
0f9fd
05576
0553b
05209
087c3
04e37
0be5e
0af15
0d51c
0cbf2
07452
07e87
05473
0f71b
0a1f4
0d53c
0d9b8
07590
08126
0d6b9
0a128
006e2
0372a
0dede
0ebac
03105
00c45
0fca3
0279e
0fc70
0e745
0b53a
0cd8c
0aba2
0354b
0b534
047c5
00aa6
02512
062a1
0f0fc
07863
02e35
07061
0c892
0847b
0346e
0c765
03beb
01c84
0027b
09766
0a245
04f9e
09e70
0c99f
07262
073f1
068a1
0f49a
04e3a
0aaf6
0f3ae
00bae
03a9a
0d422
09d9e
09f6f
0f95e
004dd
04b7f
001bb
082f2
05bc3
0def5
04021
0c6fe
0e2a5
02e48
0ba64
094a7
0153a
0cae7
0b252
07145
08b59
04159
09942
01630
0d4f0
097e5
084bb
0252f
01633
0b31a
075b5
0e15c
0540d
0a96a
07181
0cbcf
05c1b
09869
0fe29
0ee11
0cd2c
0531d
0eb86
05ee7
0345d
0fcf6
01630
07468
0be3f
04ce7
0b691
05702
030bf
00145
08ddc
0e90c
051c7
044c0
057a7
064a3
05ac2
068ea
08e68
026cf
01960
0ac92
03386
05e6f
02510
0f60f
083dd
097b1
0ba6a
08277
02521
079a7
0623b
0c21d
0d393
01d8d
023aa
05cd4
0fb88
0696c
0c504
0e4de
0eb7f
03775
0db32
04477
0486d
0a897
061e5
0cdda
011d9
062c2
01247
0e598
04655
0daa1
0e711
0faac
07fea
0fc35
0ad04
0700a
018a1
0869e
01bf7
0c868
00ede
0b159
01fd7
0f4d2
0c897
09846
0dd5e
01053
0bbf5
06dfc
07382
0b4f8
0516a
0931a
0559a
04be7
0673a
01bbe
028fa
08ef2
0f206
0743c
05c06
096f5
02e66
0edbc
09ef7
0beb1
0fae1
01d28
0ad20
0dc47
09a99
02b9a
0aed0
0404e
00c7e
0e6ee
0353b
09ac0
01d12
0c944
0c2bc
0b34f
05370
04cb1
0fc61
0bcc6
0e2a2
0c2d2
038d4
0b8a0
037e1
01fc0
0c5e8
0d6b3
083ce
0f8ac
059ab
0f0a6
04d7f
050c8
09855
04b55
0543f
0df5f
066bb
03352
0ead9
0e614
0fb54
0f00a
0991e
04b26
0f918
051dd
0c751
06b8b
02c46
046b1
0d711
07fe8
0e576
0ca11
0909f
07113
04d17
01585
024b7
0925a
03751
03b53
0ac2d
0bc5b
08a7b
0fd91
08900
0f5c0
0c2ed
0b2ee
0fa6b
05812
0017c
0fdad
0a65c
0a8c4
0507e
00ec5
0d30e
02b6c
0d466
0ecef
02a06
0b289
0548f
07bcc
0087c
06d2d
036ef
0145d
04291
02110
0a76e
0ccae
009f7
0da4e
0c152
0eee6
0a3ab
03fbb
07f25
08b1b
03081
0caf7
0dab5
0110e
0ac72
0f3c8
0cf4a
0460b
01ad8
0816e
0fb45
0bab5
0bb17
043e5
09d16
06ac5
045ee
02f0c
067a0
0cd10
03404
040dc
02220
0d62c
0b17a
0e0ab
0bb4a
01d36
0b659
026e5
0a5bc
0099b
0f5cc
0a17a
02e2c
06499
09638
03623
07d8b
00cc9
0edeb
09a6f
072d2
084ee
023a7
0932d
08faf
04ac7
0b306
08738
0df26
01232
0d971
0f7fc
05aed
0108f
0e939
0c92d
00c65
0ad8f
0eaff
0607a
0f23f
03f2f
042b2
08bc8
0bed4
0a221
068af
09934
00d3a
0fa11
0d06d
0f72c
0c5ff
0d0e7
0ea86
07140
0f1d0
0f756
0ea73
0c812
0ee06
01f32
04a72
08266
0169e
07b8c
09564
0f250
003a9
0fc15
061fd
0a20e
0b3f2
09408
05edc
03e66
0c4ce
0270f
0f2ed
0ffff
0fabe
0d4b5
0c987
0df7a
02002
0ed32
0d8c6
098cf
0550e
08ad6
03918
069d3
0d801
0b17b
01b64
0aa26
0f8f1
0d5b8
0f21f
06ea9
0b5d7
041b4
088f9
0f6fa
0838c
0ff50
0db7e
0c4ec
01e14
0810b
0313d
05463
03c82
0b485
0b90d
09102
0d414
01dbc
064ce
0f8a8
0b0bb
0bd9f
0b138
02b6a
0b74b
06f61
0f6c9
0f0cb
0c2a6
064f6
00d38
03f90
0d89d
0df4f
076ce
03a30
09052
088e5
00f8c
05881
07e47
0a979
07809
0fe69
0064e
035da
06f92
0e9ba
01778
0cb37
01a87
0daf1
01af2
00c9a
043f9
03c57
0606f
0e597
0af89
08202
02ed2
05cb3
040be
05164
03d35
01748
0c635
0cc87
0c888
07b45
0b72d
05ac3
07da5
01998
0e3c9
03db2
09a45
0ef0f
05b3d
05aad
093c8
06ebe
0c93c
033e0
07518
087c9
04b43
01cc9
00829
07631
0b48d
04b11
0ae8e
007eb
01a01
0b150
02304
086e7
064bf
0bc36
05397
082da
04fb3
028d5
0335e
0eb48
0cd36
05a1f
0a472
037ac
099d6
09b4c
0fc40
0802d
098cb
07314
0630c
03966
01461
08a0a
0a520
0f763
02118
0ec69
083b8
07069
069d7
0abd5
00eb4
0c753
04632
01b0f
0fa87
08485
0f45b
07dfd
05a5a
0e373
0f983
09f3a
042d9
016ee
08783
04e02
09ab0
0f77f
0d145
06fd3
0ad35
06d59
0661f
0fe6d
02e00
0568b
0533c
061d0
01e77
0e70b
03e16
08f1b
095c2
04d74
0024e
0e4b0
0c756
0913a
088fd
03d45
04165
05939
0116a
0982c
07a6a
04de0
045f1
02223
0f99e
0ab71
0d74c
041c2
043e4
0672f
04ea0
025cf
0a6aa
0efe0
023de
0799b
0f494
048fa
01e7a
0c846
0cab6
0e323
014c5
0178e
006fc
0252a
01c5d
0fff0
07e0a
0d178
04a73
0ee06
0a169
00de0
0e3b8
0fc91
050a1
0e93d
05bc9
022ca
0ca13
02ef9
036f1
01254
09e5c
05c73
049e5
0dc6e
026fb
0b7e5
0cc96
08ee4
0077f
0aa9a
0829a
014a8
083c1
06770
059b7
01951
0e6d6
095e8
0998a
05b3c
0cf53
0c022
014c9
081ff
01559
02f04
0bcfd
0ea68
00c25
06f16
04758
0c260
089a1
05008
08b34
05972
0c1ca
05353
028c0
0b099
0bd4b
03eb3
011fd
03465
0ee8b
05d38
07d4b
000b6
0b727
0ea88
0a507
04e5a
0b572
09974
0218a
0e7f8
06326
01ba3
0d9c2
0d081
05ea8
02fe1
065fe
049a3
0322c
0d076
09dd0
09edf
00573
05850
0ef28
0dc04
08b9f
059bc
09401
04d6f
02fdc
02702
009a2
05151
0f727
06f38
0a699
064c6
0dafb
03662
006e4
0dd15
069d1
0b743
0d38b
0bcdd
04641
03035
0edbf
0c9fc
0348f
03a89
0beb1
0f9d5
07e5b
035a6
078ce
07c03
0e7ff
00080
07eb9
0442f
05094
022dc
0912c
01f5b
0f7db
073fe
014c2
014c9
0a7ea
05fdc
05480
03b89
02028
04f70
08add
02499
02e38
0b10b
0010b
09fe8
0c72b
0b323
0a74c
0a4cb
05943
08702
0d0bc
0f315
0ff47
09bc2
0a674
096f6
078b7
0235b
08d24
08019
024ef
0863d
0157b
0ee4f
02108
0050c
06a22
079f4
054b4
07954
027f4
0a05f
0e94e
08721
0aeec
04284
09fdb
02ef6
0c6a2
0e8ee
064c3
0b80c
07000
0912a
0fbc0
0aeb1
0cf18
0c4ec
06e1d
07c31
05e74
029a0
0420b
00718
06f7d
0f948
0feee
072a2
07827
05172
01ab5
04333
0c5c8
0f28a
0f3da
09462
0d5e7
02ce6
02b02
0d072
04a83
0ac65
0869d
03df4
0bd3c
012e2
05dd6
0043c
0f1c5
0a5fd
079ae
02b4b
031bf
04cce
0de75
048a8
079f6
06015
062ec
0d516
02f5f
02f8b
05da1
0fb89
020a3
0e408
05cfe
067f3
07840
056aa
02ae5
0e2a1
0dbc0
08f1d
015a6
0c011
0da10
0612e
055b4
082a6
0d7e2
05464
0798d
0b4e3
01373
07ec7
06aa9
0ce1e
05d60
0403d
06a72
07fe2
06d2b
07f97
053eb
0daea
0357d
0a92c
019c7
01784
0cff1
0d7c6
0d9da
0af64
01437
08028
03b4a
0a64c
00ea9
0eac1
009d9
0027c
0b5aa
0b90b
0aa6a
0e948
07254
02fed
0696d
0c5bb
015ee
044dc
0eab4
0a31b
082fc
07e08
080a6
09e9b
0618a
04815
054d2
0015b
0426d
0e0c6
085b1
0e82f
072fb
05f00
0ce52
0afea
04a08
05e04
0bd38
097a1
0faaf
090f1
07a0a
0587c
06447
044cb
02e78
04cec
0e0ce
0f4f5
0d973
09ad8
05e8e
0004e
03cf9
02853
07423
0eea2
033ba
0d736
0c910
0427b
0d155
0b25a
0bf5f
0c7d2
0cf3f
0fdb8
04bf1
04134
0e253
04673
00c11
03349
06a94
046ab
0a5e4
02359
06437
0820b
04174
06f4a
080f0
0d601
0f380
04d50
02a69
0ed39
07216
09960
0ba0c
0fe04
05fd9
0a381
03d92
0562d
09d03
0db81
00b40
0dd2c
033f0
0825a
0c4bb
00171
01c67
0b56d
0ab34
0ece9
0cec1
04119
0b6ee
00836
030c6
0c71c
0d8ec
0e42f
04774
08860
04649
0045b
0cfbb
0158f
0beed
0725d
0f2a1
02578
0b75e
03172
04b6c
0f0a1
02d24
0af25
07b46
0974f
002dd
02a29
01232
0cef1
05a2d
0ce52
004f4
09f84
02f19
07ae4
037da
07db7
0f4bd
04246
062cf
094d6
07d15
0f558
00984
012ce
04b2e
08ae7
04299
0a3a0
0e6c2
0b0d3
060a2
06976
0e804
0c8d1
01735
036c5
03d5a
0c795
06af6
07d10
0f215
012a4
08304
0d9ca
04618
0acf3
00196
0df38
0b0d2
0422c
001a1
02b05
067c6
0afc8
0c40b
04d58
02ce1
009ac
0b239
0aa66
0754d
0598e
0fc7f
03715
07701
032e7
00479
0a54d
0ad76
05363
0e5be
09bce
0452e
02a94
0b0b4
0c078
03277
0b85e
024ac
05e77
08c49
0f518
01cbf
048f1
08557
03e55
0f615
02a29
08cb9
09fb3
0696b
0e459
0982f
0bd3c
00dce
076cd
03fd4
08c4c
09ca5
09b1a
00b3b
02b38
076b9
03e31
06744
007f4
0be0c
09667
007b2
0f4c3
0d737
0a073
09a02
0bbb7
07781
0b188
024c9
088c2
0da5d
022a2
0809f
0c676
0022f
0d2e0
059cf
0d034
07232
0ebdb
059e5
0f77b
060a9
0fdb9
06f1d
06d1d
06f9c
02215
0558c
081ce
08663
09238
0c955
05152
0dccb
0aa9f
02a78
03517
0b33d
0ff48
0f56c
0865e
0f91b
04d83
06967
03542
049b2
07245
0c651
03cef
0bc0b
04538
0d43e
0df8c
0892f
0914f
0b23c
08ca3
02615
03cae
03dcd
064f3
016a2
0a49d
0f19c
0cdcb
0e14f
0ef55
0907d
09b51
0612b
076f3
05305
06e90
08e90
0da3d
08d5a
02396
070dd
0118f
03ee4
0e40d
0fe35
03158
0d1ad
0ba6d
088cc
0469c
05e7f
02243
0958a
0e779
022b0
06f3c
023ca
0f3fe
0e707
0aa9f
0cac9
061ac
0a8ce
096c8
0154f
08f7b
0799e
07266
036e1
0a2c4
01442
0c427
03522
0a12d
01d4c
09a3b
04db5
00dd0
0b661
01ff5
09ccc
0b82e
018d0
01d8b
0c08a
09e48
00498
01232
03570
06ad0
0bb61
0f962
00e39
07a39
0137b
0421a
02ffb
03ed2
0b22a
000f4
0b915
01ade
0aa28
0338c
0f23a
05a76
082a1
0b4db
093d4
04f3a
0913b
0c278
0916d
01621
071cd
0b5c0
01d7e
067ab
0204f
0cc01
076a1
04c19
0e1ae
0848c
0293b
05bb4
07cfe
0b7cc
0edc7
0fc39
0149d
03ecc
0bc29
00147
0adb6
090ed
03d9a
04a28
0cfdd
05c96
08bf5
0995e
04335
032a1
08539
00774
00813
0e609
079ce
0b330
007ff
0b858
058dd
0568c
0e64e
090a5
0f69a
0cd2c
02cf7
0efba
0acc0
08ac5
06608
0a5e0
09ddd
09563
06137
0f108
007c4
0a4c8
02f88
0d789
05dab
00cd3
086a3
0dba5
0de60
0ce35
02e78
043fc
06e76
050af
08534
09148
0a395
09189
06ca6
0779e
068a4
0b3a9
0d1f3
03f25
06af1
04571
0ab92
03df7
0698b
0da51
052e5
0255f
06153
08217
01338
067a6
0ea91
0e9b4
0a4c4
0fec0
019ec
0dfe8
0a30a
0ca55
0b21d
0beb7
0a7c5
0c620
0f22b
055d0
01e46
0e8ef
0d20d
0b909
04426
0c570
05fb8
0373b
0852e
0a22c
00294
029c5
03b79
03fa1
01ecf
030ca
00c59
0149f
0f623
05057
0d3c6
0df9a
03579
06b68
0dc07
0334c
02f9a
011df
066a9
0e2f6
0ae2a
0ed97
03c43
03444
09d26
0762a
01f46
0807c
0d640
01295
0cf8e
008ef
09419
07bb1
004a2
0f5c4
0c75f
0f0e0
0bc50
016bd
0c785
0dce1
0d528
0ef28
04ff3
04d8d
00cae
003b3
0876c
0a302
071f0
0aa52
0dec4
0a236
0041a
0583b
0cfc0
0e7ae
0baec
059e6
005ef
056b3
0992e
08990
03033
0c3b7
0910b
06171
0b1db
01945
06f0a
0cb0c
00200
0c608
0b1c7
07697
0fd52
0567f
04675
06820
0196e
01526
0288b
0b4ba
019b2
04b59
0b9a1
0a352
0a60e
07680
025af
0f26c
0d1f3
01ab3
0d2df
077a2
0099f
02761
0ee93
0b7ba
0f506
00feb
0b6be
0348c
0df2b
02068
0b162
0c7c4
095f2
084b0
08f29
04d2c
0101d
0ebf2
055de
041c6
0f9b8
073c5
0810c
08595
0cef5
032dd
01289
0c098
042a4
0c322
05258
0c6e7
08c4f
05fc5
057bf
03528
079a7
0c5dd
0cf58
04c3b
09f58
0cca3
07ab2
05643
05015
05107
0f781
03ec4
0ef88
0280b
0155c
0387c
06b52
0ead1
0f152
05217
07187
0179c
0d6c1
04629
01c81
04873
0402f
00dbd
0478e
0fa4f
035c0
0e3e9
05c2e
0983a
07282
0b0a7
07e80
0deac
0f5c2
07db2
0306e
0eda3
07aea
03bac
0cc81
0f1af
0e6a0
0bc98
01d1d
0f8e6
09888
0b645
038e4
0bd30
0078f
06eae
0ccd8
0848b
0977a
0d212
0ca3a
024aa
0408e
03b7e
02b5d
0d51c
072f2
07664
0a869
0825a
04655
09b09
018a5
0b9a8
0ddd1
0d766
0d6d2
09724
0cff3
03784
0f157
0da0b
0436b
000d9
05b5b
049f5
0709c
00ab6
02ae7
0feee
02c6c
06bd7
08cbd
0dd13
06a34
0788f
0c508
03fd2
01a81
08b0c
0b364
0981b
01997
00b67
0fc0e
03bf9
0f94b
090c2
0c0f3
0d736
0738f
03fbe
0b557
08a61
080c7
08571
0ed85
06aa5
08387
08a83
03117
03278
0eb6b
06e81
060e7
0d9cd
094ca
05d4f
00e09
0f235
042e1
0ae3c
06735
036ac
0eb20
04c72
037c9
0b9b4
086df
06fe2
0791f
029ef
0e3a8
019dd
06c2c
0b998
01b96
08d00
02b4b
01321
039c8
0c39b
08e1a
075dd
0fa3f
04116
0d2bd
0f88f
069de
09994
07daf
090ba
0a115
0b365
04351
05920
06b40
03315
08f8d
0066b
0fe1f
02bed
0f638
05cb3
05157
0aec5
046ec
0d683
0d3de
0857d
0b115
0802a
0dabd
0feb0
07634
050ad
0770e
0d96e
06719
0cfe6
04808
091b0
0a18b
04c36
04554
0d4b9
06e8d
02d51
0f6af
059cd
0778b
0245f
0a323
01fb3
01ae6
0cb62
0ba82
0c3e9
0f5b2
08d47
0e43a
0f6ee
00db6
0a6e4
01deb
08860
078e7
0b57b
08712
0bae1
0ead5
0d111
09e53
075d0
0fce1
06b6e
09445
0d991
08c10
0878d
0c3e2
0fff9
050dc
02358
04a02
0bbaa
051de
072be
07c7e
0098a
026af
0420c
0bbae
003ba
0c357
01be3
08b32
0e88a
0b643
08dfb
0c164
072b7
0b275
0fe33
0a126
03e8a
0d977
0fe3b
096d9
08790
04a26
07b25
0f3e7
034ca
05b91
05bb5
06021
00c22
0e7e0
097a0
049cb
02eea
0c537
07346
06d21
0d100
03a71
05b67
089cf
0d238
04716
06b3a
0baaf
00325
03db4
0c331
06fbf
05632
0939a
0536d
02717
0d38e
0d251
079db
0d7ff
0a945
00c5b
058bd
08f4e
0f750
06547
067d7
0f2df
03059
04c19
0f141
0e614
0110d
0fdd2
030ea
03b8f
07ac2
063af
03b79
017ed
0727d
0daba
07239
0226e
071f2
03478
0ee0d
0436f
06c46
08433
05471
0055d
05872
0b277
0f0b3
05550
0ef29
0a1a2
0b1ef
00451
03331
03e1b
00a8a
08fd9
0f0b7
01bee
0cead
07f1c
0c24c
044fd
0f92a
0b496
00430
06ef4
0705a
0833e
01bd0
0f345
098d9
0ded6
0f23e
095a3
01724
01354
031b6
041cc
05cb9
00a21
0e84e
01e16
0bea8
0437a
02573
04e8f
0c535
0da3c
006cf
0d84b
0376a
0f48e
036f9
05219
033e7
0a87e
06270
0c2ad
04fa0
07d93
07cb1
0396c
028dd
09915
0aa3d
03aa8
0312c
05c8c
066c8
07b31
0d98f
03b68
03525
038d3
0fce4
0787d
0e6ad
03058
00b08
00fb7
0079b
06158
03ca3
0e1bb
0cd6a
0a21a
0f97d
02565
00cf2
05fac
003ad
02417
08800
051bb
0aa37
099a5
0cc25
0d94f
0ab1b
01aa9
0db12
0b8c2
020e3
02825
02321
0b66a
001db
0ae9e
0c721
04734
0cb80
02e90
05d52
06095
0b4f3
0051e
07fff
0c068
01c9c
0e853
0b25f
0eccf
07761
07a1a
0c64d
0620c
06bf4
0279d
0121c
0f42b
06f05
079ea
0d3be
0f44f
0ec18
0cd18
08c8a
08cf1
000bc
07236
0635e
05d04
01bb2
0d07b
085ce
0342e
045a2
088a9
054b0
07a59
014f8
064b7
0c4db
08301
06f38
04608
0dca1
07465
0e31c
03d69
0f9dd
0aa38
0d522
08158
0f033
00e5c
0b850
0b589
0ffa6
08b5b
0df74
09808
09059
0a54f
0ece3
0781f
032ce
03be9
076bc
07b77
095a6
0b68e
07ac1
06370
0e4d0
06a9f
0cddd
07f3f
0df63
0d600
0bd76
05236
0f635
03eb3
00de0
0afc2
0ab24
09920
00215
060dc
08992
0fa5b
0b636
065d2
0313b
0727c
0c7b7
0f103
004ea
0d648
0c1b4
047b1
0ce74
0876e
00b6f
072c6
0e694
0c177
0377f
04082
04913
04bb4
039b8
024e3
09d28
02c62
0fd63
019f6
05488
05138
023af
0338c
0a6af
01206
0f88e
01c05
08c3a
0b518
0b5f2
0525b
02a1c
0912f
0a491
024e3
07d77
03a1c
0c969
09bf6
025aa
0b1e7
08b21
09069
041d6
02e47
0240f
0aaf2
00226
0ca64
008a4
00f5d
0077e
01e52
029f5
033fc
0c241
02e59
011e4
0e717
02191
09ac1
0d743
09845
0e219
0f8dd
0e876
09d1a
070d1
09658
00862
06903
031ac
04761
0cf61
02bd7
08f5b
05685
0108e
01091
03262
0baa1
0b826
05c26
03d1d
0d7fc
04a89
0da4a
0e54c
06275
08da7
0f31d
04da6
0e32e
00c53
067e5
0225e
0575f
043d1
01220
06135
073d5
00177
02c3e
0701b
063e5
0fbbf
0153b
0af49
0c11e
0d501
0a43c
05fca
05d98
0241a
0c1aa
022ae
08ddc
0d866
0d586
013eb
08969
04a15
0d459
02056
065bb
07ae7
0ce86
03313
05511
0e8f2
01a83
05d4d
089e0
0f09a
01b0d
037a8
025f0
0cc4b
005a0
0cbfe
01d04
0c9c5
0fe10
0265d
0f548
0e9e2
06214
09900
0c437
06d54
0fe24
074c8
09594
05ac5
05878
04c19
05c44
0d0eb
02aff
05155
06a29
0b2e0
01715
0d410
01f3c
05ec1
0153b
0655f
0705d
0c46d
0f2bd
00059
05ade
0621b
05f0d
0105a
0efc8
02cdb
09161
0afd5
04ccb
0ab33
0616c
0e3ae
0e49f
0434d
09090
05ff9
0dbd0
05896
0288a
0b41f
009cf
00db1
05da5
047f9
000f9
0aeb2
037f4
0c709
089c4
0333c
08a57
037d6
0d72a
0f971
06883
0c27c
01950
045d2
0934f
04e4a
08e30
0b516
078ae
05a1f
05584
081be
0d5c3
066e2
0fd33
02a15
05071
0a54b
0ee90
065ed
0328d
051b5
04be8
05b51
0e701
0ee61
00069
0cd46
0029d
0843b
04951
06644
06edd
03b6e
06eb6
0ceb3
0c076
052f0
02b0b
036d8
09a69
0c55e
054a0
0fac6
0ac62
0a1cb
0d92d
07b6d
0d0d2
02dfa
0d463
0eccb
0bd23
0d8eb
0710b
0382b
0cfa6
03bd2
087a7
036da
00ad4
0bd51
00911
0097a
0aabb
0d440
0014a
012fe
0aeba
050a1
035a9
00d62
037b4
0716d
0cd5f
0fa0c
0a280
0abb8
0f304
003ea
03f92
03b34
05b9e
0001a
0ce1c
0ba83
014c4
0acb7
0ce91
0fac1
0b6b1
0a236
0cd32
0c690
027b8
0956b
0704b
0b508
0d433
0ef61
0e248
08a44
02d65
0f80b
096a0
0e5c7
03574
03958
014b4
0c948
0c70c
022cd
00b16
097c5
0ab4a
0068f
01983
07fc7
08889
0b93b
021e7
08dad
0c125
05ed6
09f69
03f92
03997
05d6f
07739
0fde0
06a14
00297
05c68
0fa0e
0769d
06737
06a76
0baff
02f2b
0e747
0a9ed
0ac83
04565
0ad6c
0fa5a
089aa
0e9e7
0fdf5
08f7c
06f8b
0232d
0327c
0a438
08a46
04c21
09c69
07a36
05f85
0b6b2
061f9
0714b
08de3
09cf5
057be
09a73
0ddd8
05a52
0d79b
0e185
042ae
0e0e4
0dbd9
06d41
0ba0c
065d1
02084
09f48
06db2
0984f
0f245
0a260
0a4c1
0dd9e
098eb
05f81
0974d
08b52
0588d
09052
0e3f6
0bed5
0f08e
0d184
08f81
0c7a0
0230b
002fd
07cd3
097c9
03b6d
03e8c
0e589
0c1c0
0a15d
002ff
0b57d
0212f
04cb3
04df5
0685a
06fae
09760
0f1a7
02769
0fa62
0a17c
0cbeb
02233
03eb5
0bace
00cb9
0b21d
0ca29
03299
01260
0c706
06f7b
09102
0d289
0b4bb
0ae0c
0ec8f
02c5c
00f2f
0f0da
08948
021ca
05873
0bb99
0495a
08644
0b460
09d8b
0a2a4
03ade
0b785
06727
0dcd3
02839
01d46
09fb3
002bf
0818a
03c29
0464b
06867
02de8
0546a
0fd91
03b22
02a79
04780
0d61b
0bce3
0fbea
0cd77
0b5bc
0205d
03c71
0e359
07fa7
08716
0e6f9
0f5db
01787
0f91e
0b321
03d38
0a906
071d3
0ff22
08b02
0f6e7
09af6
06080
0db18
00057
0278b
06c40
02544
03d25
0d15e
0ce0c
087e7
00724
01dbc
097b4
0d88b
0ae9d
0c36e
03fbc
03292
0db4a
0b430
09816
0c7f7
0ed6e
07599
012e5
013dd
05f31
07c6c
05070
09d09
0eb80
04e75
0c528
04ecf
09b0e
0a2f4
0e359
0c8b0
09be5
05a37
021f3
0095e
0f60f
0339c
0d5cc
066b4
0e472
03270
0d592
06f38
0f355
08760
0582d
07ea7
045ca
05572
0872e
00889
0c8fd
0056f
035ac
083ca
09bee
09e8b
091db
094a0
078a1
0224b
0e888
066fe
0c9c3
038aa
08a02
0dce7
0b1fd
01db0
071f3
04e89
09343
00f69
03353
03ce8
01d15
04b53
0bca4
0d474
0fa58
0be95
0002c
07000
08a27
04913
04d79
05b13
03d11
03783
01ffa
08a76
02855
0e801
068cf
0a2a8
09084
07177
038ab
09793
00d1f
01fbc
0c34f
00a63
00da7
026fc
06f93
0341a
0617b
0a5f4
0893e
03527
0c108
0f2f6
04751
0d5f2
0180a
07d86
0bd9a
08e0c
02d50
00723
0d071
05407
077e0
08e50
0c60c
02e79
0fc1f
047d7
002d0
034aa
0bf9c
039d0
07d65
0a268
04144
09bac
04ec8
06fd7
0b476
062c1
0cdd1
02b4c
03b0e
0e634
043a5
0a162
054f1
0df6a
0a899
09253
009fc
070a6
0ad6d
07eb5
0bb55
07460
012a8
0b46f
068a2
09005
0f00e
08b30
0c41b
06b1d
0eab9
0db5f
0ee76
0fd10
03b32
09fb9
08e8d
09e73
0fc7d
0672b
0dd2c
0d226
0c401
0bea3
09243
09f7f
00154
0aeee
0975e
07fd9
0ca22
07702
056bd
061a6
05356
07460
01203
0c60a
0f40c
06e6a
0e1b2
0fad5
07dac
04f5a
0cf5f
0f691
0698b
051b1
068f6
0859d
03664
06394
0dad8
0e28f
0ba7c
09980
0d8f5
0d398
01edd
03d7e
036c6
005db
03151
0af22
03f4f
0d469
05a10
07bd0
0c148
072b8
05382
0c38b
0ea14
05aa0
0a90b
0cf37
0d8fc
0264b
0623f
092de
0f8cb
0aca4
0e9dd
039b3
0b874
012b6
04980
09955
0a6be
01a41
0a928
0b826
0ec42
05c85
03a3b
00162
0a7b8
078dc
0e2c7
01cfe
0d551
0f8ff
02fc6
0ff5b
01f3b
0c74d
0be96
0eace
0a592
02eae
063c7
03c46
0b61f
08a1e
03978
03a82
0c501
02347
01a7a
022e4
04e0b
0bf41
07ae7
016d1
06c0d
00afd
0e7d1
07428
0d961
03941
0961e
02c69
0f554
05e24
09a0b
058c6
08d20
00054
008f2
0ff47
070e4
0a618
0a1a8
0291b
06155
006bf
0ba78
02913
01b9b
08b34
053b3
0b8de
0db1a
04756
04be0
033c1
0200b
055bd
0e576
03848
0371a
0f4df
003b8
0974f
06acf
04e4a
0fa8f
09332
06767
088df
0dcbf
02c26
09245
0178e
07289
0ae34
0823b
0af66
0040d
071de
0d553
02119
0e73a
0b9f0
0bd39
049c3
06f74
06875
07765
07170
08873
0b404
0c6b0
07036
0f21d
08fbf
0855d
0d92b
0a938
00376
0c26a
0642d
057c4
0ae00
08843
0d98c
00999
07912
0f09a
0f7f7
0639b
0d288
0cfa0
0604b
04491
02f6f
0215f
0668b
01070
08faa
0a4b7
07acb
0469e
0f425
0ffd1
0da3b
05519
03e6b
01272
048f9
00bed
04d6a
0c1de
0a81a
06759
0ebd5
03d1a
0bdec
065db
0d90e
0c155
00629
0a6ec
08a78
0af6c
0a277
008e8
08941
0a581
0739d
0d4b2
06dcd
0d61e
0a650
077df
0ef94
0d3d3
0bc55
043f4
05797
05c45
011c3
0b5cb
0399b
08915
06240
0e5dd
080f9
08682
07a76
0c35b
05a5b
0dd81
087f3
02d5d
0555b
03f33
0174f
058e0
042ef
0720b
0ad1d
0cac9
097be
070e2
04c71
01391
00907
01466
0bbb8
08cbd
0449e
0239a
05bd9
03d35
0fc34
0420f
01d44
046f3
08340
0f0d0
01684
06358
03072
07b9d
003d8
091d0
02d7b
0c2d0
0ecc1
08869
035e6
0b3de
0e4f2
08037
0c6c7
00b8e
0d393
0df2a
0ca24
0eef6
0e2e6
086a0
06eeb
01f0b
0f7cc
0e382
06825
0e683
02eea
02cb8
010b4
04420
05fee
0eae5
033d6
0e08e
06447
01c6e
0513c
08226
04cef
0fc82
0828c
01fed
0f8b3
0e067
0904d
0b8f9
0cf6b
0e76e
082fa
01abd
076d8
09139
0973a
060d0
06165
0f9ce
002fe
0707b
0cd51
009f7
098d6
071de
0a118
06d30
06baa
00cad
04089
00eb7
0d88d
06c32
0114f
0a7dd
05128
09323
0abcd
00f12
09813
0632a
04d69
0fa15
0c167
09771
058de
021f9
0c3d0
06953
0e3b0
0c0ff
05828
0afc2
0607d
09431
0f46e
07958
0642d
0ce26
02994
05603
075e5
0e5d5
0e81d
07661
0847b
04935
0d9c8
07278
02b78
088fb
0af17
0f6ef
0dfe9
0ea30
07ce4
0c9e9
0b79d
0ea5f
0d6bb
006d8
04f7e
0c5c3
0f00d
07e2b
05bf5
02f81
0c37a
0c17c
06341
0d427
01154
0cfdc
02244
088b7
0f64b
0ee05
02c32
04407
042cd
06474
04bc9
0d3fc
0fb51
02a62
0a63b
0f0dc
0447c
06004
0951a
05cde
02895
04a3d
05818
01020
028f6
01409
07150
0a65b
0739f
0a4bc
09ac1
07afe
0717f
0edcb
0e1be
0032e
0280c
06d6c
01bd2
0f24d
0930a
0aed8
0ed1f
074ee
01e20
0d85a
0c5cd
0e866
02081
0b364
0065b
083d5
0e51c
03997
01c06
058ee
0ba8a
0ae2f
05193
0e42a
09181
070ad
05d3e
0ed4b
070ba
0c491
05b93
0bc46
09f76
02fb1
0d998
02e14
0b6b2
0b82a
026d5
0da5d
0afcc
081f2
05fb1
04e86
080d7
05ac7
07d47
028be
078ce
020fa
05ffa
092ce
003ea
042ee
0baa8
07b68
0cf51
0420c
00aa1
051de
03f53
0265b
01a5f
06a80
0f326
01558
04425
05b1a
0723d
089b0
00733
0da85
00f40
062df
01598
0874a
0b4dd
09ec5
05bf3
00bf3
0793c
0dc66
04634
06947
0d5cd
0db9b
020db
03f94
05f07
02a70
08a88
01c8f
0983d
01712
0c2b3
05da6
0ee09
00e12
02a30
01830
0d06d
0c7d3
068a2
03b71
07eec
0b5f2
05445
05721
07644
096a8
0e5d2
04775
0dd0a
06da3
05451
05a78
07e7f
04394
02b43
090e8
021db
02771
01888
0d393
0c0dc
0abf1
01b9e
0a072
00871
0cd05
0fa0c
04287
0261c
05d05
07e5a
0b23a
06c5e
0f2a1
018b7
04734
0a1f0
01c10
04edd
078f8
02378
0642f
05b24
0db28
0ea9d
0e626
04be6
007ee
09c16
02685
0c1a2
0b8a4
050ad
0919b
0c41a
0497a
01ea9
0e616
0a8ae
0ada4
0c7de
00dc1
0038f
0b1f4
09a9c
08c31
069c4
0c4ce
0b980
08512
0c783
0fc29
09651
0d0db
07913
062b7
0254f
0b3eb
0c9e5
0823b
0ab15
0bf56
03db6
0051f
0a70a
0953f
0b7d7
0bdf6
00941
0db90
04049
0c34e
01c07
01716
0f7c0
01a47
05164
08c13
0ca28
04c4c
0e1d5
04d73
01426
07842
09880
0edf1
0efce
0336f
0eb31
00f37
0f808
0e9cb
02573
03daa
03785
0f77b
0f737
0c309
0450a
036c9
0f7e2
0862a
0e49c
0ffcf
0982c
0586d
06a1e
07a91
09339
0e0ab
0436e
05b6c
016da
05192
06ee7
0f912
00ae4
08479
054ba
08596
0964c
0dda1
0afaa
08819
01e97
067ac
07829
0251f
0e682
0052d
0abad
061c1
036f1
0728e
0ac3e
015d4
04d0d
03869
0df6a
0ce6e
0cd6b
0ef39
096cb
0fb74
07076
05b37
00f2c
01986
03847
04a3a
0ed4d
0d34f
00e04
0f7d1
05c00
0c5b4
0de6e
090a0
0179d
06e4a
04ff9
0ce1c
04ff0
0f5d9
08393
0bb3c
010e2
03353
08579
0853f
05865
031dd
02b62
0c3b8
013d4
0f194
0cbe5
016e0
0fe04
0507d
0ddac
01784
03b86
0ab51
07f4f
0910d
0044a
0832d
0de4b
0c9fd
0f3d5
098ae
0923f
0e28b
0e99a
04984
0a031
062bc
04c90
0ea50
0fc8a
00d93
01d60
0b0ee
033a2
0e090
0d220
07ae4
0c883
06998
0b940
067d4
0d1a0
00272
02ac7
0d82e
0bb2e
00068
0b5dc
03e09
00dc4
063c1
02815
04323
04613
0d3f4
06328
009ae
043cf
0cd01
0ca6c
0044c
09a79
07cea
043df
0a5c2
04560
044b4
01a2c
06c1f
09432
0a0ca
08ced
04105
047e0
0aa1b
0a8ad
0ef14
0417f
0ea71
00eb1
00bfe
0e968
09ca0
0a54f
043bb
0376a
0f28b
0e5b7
0a751
06997
016be
0a842
02717
0548a
0714e
0b935
0b190
081b6
025bc
0a651
033a9
02b1d
02eaf
0b876
02b6a
05793
04ee5
06707
0e705
0834a
0971e
023dc
0d141
0e63a
017d5
07b9c
0f1cd
0114a
0fb20
05b93
0f5c8
0e3bd
0960b
06cd5
01ee7
060af
0edca
0ca5a
07151
02d99
0fc85
00d65
00705
02b43
0ced0
0caa6
06808
0e401
029ee
0c19c
03128
08355
0fefb
08649
02ca8
0f3a5
06329
0b139
0c180
034b2
094ee
02896
0f04e
09140
0f680
0a917
087d4
0343e
0fc02
0224a
0c57e
0a8f2
0e313
078a1
0d391
0ed2a
09502
0e6e3
017f9
09dd6
01552
0b80d
0706c
0059d
06878
049f5
01e3f
03610
02650
0fecc
0529e
04eb4
0985a
0ebf1
00ce5
006bd
08d9b
0122b
0eb80
0b34a
0d16d
08844
020eb
0a092
0d3a8
04a85
07ec0
07daa
090a4
0fbd1
01d00
08baa
0a59b
0a767
007bd
08d74
08d58
04848
0cd66
047e8
0ac43
057a9
0bf6a
0d3ff
00a2b
0cd30
0be84
05757
02504
06e29
0059c
08512
03675
074d2
0fccb
06b43
0ba0d
04633
06ec0
083d4
0f474
03ac8
00dfb
08b53
0916f
0938f
06fdb
0b4bb
01679
03cdf
012e6
09071
0a6b3
08668
094d5
06532
0b0dc
05461
075fc
05457
07d42
01e69
0dfa6
09d70
05302
01049
08dfc
0064b
058a2
0ab71
0ec12
0ec27
02d11
0c657
01bc6
0865d
060fb
0c109
019da
0a1cd
04920
0f084
0ea0b
01e49
066bf
0656f
043b2
079ac
0d914
0dcc4
0c54b
0b2b5
022d3
019ab
0594d
03dc4
09269
02f46
0ed2b
03a27
059de
01c56
02788
0f668
0a5fc
08b5d
08dc9
02e12
059d4
09464
01daf
066b5
0491e
0ce2f
0afa9
0966c
02fca
0eceb
0f792
08265
0c3b6
0e528
04497
02c06
05773
095fa
0bbc5
0d28b
0ecb9
0aef8
09b33
06619
0b8a6
00282
02aef
00d69
0eb10
06ddf
08c2a
0b194
01cea
055fd
0c2d1
0c4c5
0f6f6
0b9f3
0307c
07b6f
0d947
06cb6
031d1
04572
07099
0fc82
0326d
02199
0c679
055bf
0c8d8
02220
055fe
0a188
02127
040c4
04136
0e11d
07887
06881
0ef26
01262
0b022
0d737
0dd2c
0960f
0d6c2
02874
07933
0b08a
00cfd
0846f
0a24b
01ed7
07c4f
0ec8b
0683f
0f470
00f57
08470
0e944
036d0
0e477
010c8
0d002
042f2
06724
07fb1
0be76
08d03
0f9c2
08376
036bb
09b30
09d41
021bf
0d6f8
06a2d
079e5
0778e
0d89a
00122
0e6b7
08eee
0a6f1
046a6
0c7b0
0fcb1
002f7
06231
02b08
08f7d
05a06
0110d
050ae
07e8c
09f22
0bc70
0b14b
0c7e6
0f2a7
0cc21
03776
0d4f6
0b2af
03daa
09045
0171a
07d4b
08bbb
01878
0ff9d
0e950
0acef
01e76
0f71d
0b495
00c23
0df0e
03269
0d68c
03c16
0ebc4
022a3
00bae
0b1db
0b8e7
08eca
02a95
069c5
0af56
0beb8
02b3e
04b47
0ac3a
0a2ee
03f0a
0c026
0eeb4
0a471
0554d
00de8
06924
01c2f
05203
03384
034c9
088d4
032be
05943
06b16
0cffd
036c4
0e418
0a3e8
09bf2
0ea79
06d3e
08225
07b1f
0249e
012e9
071d1
00fae
0f47f
0e95c
0c6e1
0444b
03c89
0e49d
0ee64
0ed95
0acc9
00533
0cdb2
0117e
0b312
0889d
0d164
0a5a3
04845
0d9a4
0efd9
0ac0e
0c9e5
01df4
01663
0f412
08367
0d888
0504e
03b41
06c39
0a426
0bdc7
0e9b3
09b80
04d4e
07902
0f219
03319
0ad9e
06e6f
0e338
0a1f0
0576d
03bf2
0c27d
050a3
01aa1
07dbf
0c207
03d3b
0a68e
05472
0b97d
08b9c
04424
0361f
027f9
04190
0937d
004f1
07a26
04dc1
0898e
043d1
093b3
0ff9a
00d40
0eb27
03cec
0df03
00c90
07b23
04cf4
0dc3f
09e59
02bfa
03298
0d82b
0fcf2
05301
04048
0c8e9
0d0c2
003a8
0afdd
0e05b
0ec33
0af2b
0d108
0ac90
051b7
0cc97
0c328
0fa8e
0d93f
07635
068b2
0feff
00bdb
07d74
01639
0d1a8
0d1e5
0a43b
00790
097e6
00215
026d2
08ebd
06f79
09d9f
0c897
06916
03273
011e3
089d7
0b389
01a04
0700d
0a894
0fea1
077c2
0592c
00635
08db4
050e2
0de2a
0f0d8
01fcb
046f6
0fdeb
0fb43
09022
035c7
07fec
0041b
0c539
05fa0
08b42
071cf
0fc00
0cfba
05336
08d16
0eec6
0da4a
02803
05700
0d5a7
0183a
02308
081de
0ad91
0cccb
0f469
03e34
05ded
086f4
0f18d
0144b
06d6b
0c471
0f8fa
0d718
007f0
056b2
084ac
06bee
039f7
001d2
040bd
0eac6
02715
03a36
06a0f
043a3
00c35
036f2
0263f
07b99
0c406
054b8
