03900
00cce
08cd0
07d62
07248
04771
0347a
02c83
0d806
01045
00f41
02ff8
06ff1
0771f
00d96
065ce
0d6cb
070dd
0e5fe
08e6f
00353
051be
0d860
0ae35
08e45
04f9b
06e3d
0ac56
03454
02f7c
0c285
03184
0b7cc
0b01a
0876f
0163f
0eb39
03fe9
0c1cf
02858
0961b
0b928
06273
0239c
01776
074af
0942a
028da
07730
033b6
0c29f
08e52
0e825
0bacb
05347
0bd88
0b5e6
06b44
088b1
0248e
0579f
07d57
053a9
0ecad
0c247
08a36
07071
0a608
01ca3
07545
0106f
0a183
0cd65
08915
021e3
06c05
0a11d
06cdd
0ff9b
0ca90
0eaee
04926
0879e
0477d
07e45
08686
0db5b
0cc7e
0b957
0704a
046d3
0fcae
02e8b
0181f
03823
04e41
051e9
0d825
02086
0c500
0c363
0efa4
080b9
005e0
03aa6
0889d
0ae2b
0391d
09645
0de99
050fa
0e84e
001a9
086da
05b78
0367b
098cd
065d7
04e40
0bf71
052b6
0004a
0a5f7
0fa2a
009f8
03946
0b9d8
09d72
07a99
01da8
07b53
02852
02bda
0f8d3
0236f
04063
041bc
0f358
0548b
087b5
0d8a5
06c70
066fd
09f99
0cc48
0bf30
0e04e
0e729
03df4
07eed
0730b
020c8
0ad19
00ac5
075d1
070c0
003ae
02459
01e24
07537
02282
01015
0a92d
02447
079db
08e94
0f888
06db0
043be
0f201
07c6a
0f229
0d06a
0617d
0304b
031a0
0dcb2
0b566
0d8df
0d27b
0ef1d
01bbc
03263
01f08
0ce24
0adb9
037f2
07f4f
06218
06163
0e5b0
047c5
0d800
05df2
08e9d
0ecdd
07fe6
02698
0e2e2
03221
019e6
0078e
02fc0
07906
05526
0d015
0f8a5
0f674
06d70
0cd55
01e05
0544b
0c208
0011a
0c7e5
087c8
0e8f6
0920c
0d894
0f92c
04f41
0613a
097ea
06f76
01df1
01f35
0a090
01d44
019ac
0f41d
0509b
01d1f
02904
05f24
02315
022cb
0786c
0cebb
03d61
07e0f
01459
029f9
0d6a4
0a1fb
08583
06894
0a0dc
07a35
087fe
0caa4
04302
09999
0ea19
0a1e1
02524
004c4
0eaa4
03330
02582
06d22
087c8
043d1
0b2b1
02338
07d12
0bd32
091e9
050c4
0e059
09ae3
00401
09948
03509
044c1
08768
03b19
036cd
04f96
08b71
09042
06bd7
0af8e
0683d
08728
0fa20
08092
01a02
02f41
0d8de
08da9
01692
001d0
0aac7
042fa
0861f
052ba
0e238
0daf9
004f3
03947
02686
04c50
01272
0bd09
04bd2
0dc0d
04140
0156a
09dd4
0bab3
0146d
0b732
06b8f
07fc2
034a1
0b515
0d010
04f21
07935
05333
05aa6
0d318
00cb0
05bd5
0aa14
0d2cc
07f0f
0889a
05182
03758
0c3dc
013d3
0f0fe
071e2
0662e
0ebac
0b306
09c41
07487
07223
00c1d
062e1
0cc03
0a811
08ea5
0238b
08ee9
0b3c9
0cca2
0a98c
00e21
03b0e
085bd
05b6d
087eb
01396
03780
0de7f
0b0fd
0a09a
0df6f
03b35
0c538
06152
0826a
016b9
0df42
000dd
064e1
0ba7b
0dcd3
023d3
0a90f
0a0b9
03fce
099c3
09e5a
0d118
0a701
0ce07
09760
0412b
06238
0d744
0c21f
0591a
09a16
0cfe9
00035
09b95
092e6
06b9d
0dc1a
0a4fd
0ee12
0e231
0e262
06d6a
0f245
056e1
02b6a
0914c
0ab9d
02fd0
07840
09eef
07304
065f4
04b71
00c81
017a9
07d5c
0f345
02549
0e92c
0d431
0638d
0c498
0fd1f
0cc9f
07ceb
04b8e
002d6
03692
0d9ac
0700b
05a0d
0edd9
019b6
07f96
03e22
0e9b5
04445
0ede5
0a274
0e298
0da7d
0e44e
0517d
0f308
0e66f
084b4
07e96
08dfb
0f81d
07a7e
08c98
0e136
027ab
0924a
0780f
08b1e
0abf4
0a3b0
02941
046d8
04d39
07667
0c41d
04e3c
06d8b
020e2
0d469
0d0b0
0a969
0ee8d
0d4e0
01fe1
069e6
0d71d
0c769
00a00
0c2c1
0f436
00304
0b419
098e3
0c7ac
0d689
070ea
0f9f9
07058
08bbe
0df25
0f8a6
00edc
0c718
0ac19
0cf02
05480
0ef4d
04158
00dce
0c9bd
00de0
02afb
0db73
0457a
0ec63
05d0b
019be
08533
0c219
0a79a
06c5e
0e8ce
0a758
0accc
0c21c
08e77
0d7d7
08129
029ef
0f0cc
009ec
01aaa
0b32e
072cd
02321
0149c
00fe3
07e9b
06612
00a6f
04e05
07a22
040a0
0f276
03a91
06f99
0ee18
08332
0bcdf
055e8
03aa4
053d9
09f40
03758
00d25
09fb8
0c028
0cb16
0658b
026e9
07c56
0342c
09a69
03dfa
01507
0b1c4
0db54
0bdbb
0234e
0aeb5
0067a
0d711
0fafb
03609
0ddf6
0b970
0eb62
04e54
0def8
05a2e
08a48
0f78c
0ee03
0df03
0896b
0a505
07db1
02c5f
08ecf
0e6cf
07cdb
0edee
0c20a
0ac3c
00eb1
0fd15
0a668
05d1a
0f9a0
06c9a
0b5ab
08446
0ae40
08f2f
08d73
00532
061d2
02bd5
07b93
0d017
0fa26
07b0b
0f3c2
0fb4c
0e577
008d4
02fa4
096a6
07175
0cf0d
07c92
09cc7
0bcf0
0f24f
0b000
0d9db
0a95d
0b420
0e851
08ab5
09cfd
080b7
07609
03dc6
0629a
0a18f
03d36
05ecb
06211
06ec9
0f7e8
08d91
090e5
03378
06363
097ad
07478
0b8c5
05bdf
09ac2
0073e
040cf
08c72
0174d
01bea
09592
040a7
0fb54
03486
00647
09194
0f054
0f51a
0e185
0ae71
05e64
01a4e
08144
0f498
03a69
02174
0cd29
0fbc6
025ee
01b72
04daf
04c63
09b90
02b9c
07f12
03ca5
0d514
0738d
0c2c0
0e6a9
0e2ac
0983e
0db8f
09c5a
01ed6
032ce
06a63
06c0b
0877f
02991
05069
07acf
058fe
0266e
05025
0015e
0d129
0e6a8
0f098
0951f
010b6
07684
09382
090c0
0e876
02471
07783
08773
06548
0d9ab
03ac3
0731a
04c48
08800
048d3
0248f
01e88
054f3
09d7f
093c4
0e0d8
03fab
0eff9
09bb1
0ce15
08b63
0fcd2
0e021
0292f
01468
0dd32
0a507
08030
00d3e
02ec2
07535
00a9f
089fd
01499
059b2
0f0e5
0e26b
08e6a
05cec
0df2c
0fbc3
02eb7
0f0a5
0b227
0d113
0aaa7
0a461
0358e
05257
0a8dc
0d2c3
0fdae
09391
0cd08
012c9
0e8de
02d16
0a108
0813a
0a584
03b5a
0cef0
00096
0ec88
0d395
01bc0
0600a
0b93b
0ff3a
0e253
01a6c
06838
088bb
04314
09378
0e050
0f82c
03e2b
00ec7
07a85
05116
09f1a
00700
0d0e4
02fb9
0730b
03a17
0ec42
03c24
04ed5
0ff2b
0956e
08bfe
0d4bb
0f70a
0f1c6
07cca
0e9df
04a0e
0c465
06197
045e4
023be
08d70
0d473
0ae04
088ca
00150
090d0
098dc
0fab2
04c14
0e4a1
0f7fb
0b0b4
0aa35
0c121
0e922
0a4c0
06097
07a44
0c414
07795
0d251
01658
0a2e8
0f229
0c330
0c5ac
04de0
0fd9b
012f4
040a3
0a9fb
03362
0e16f
0330d
0e9f2
007db
049ce
0d1e8
04f08
0264f
0f061
087b1
0ad57
0cb82
0291f
0a839
0c290
0a221
0f9d4
01261
02308
07833
09323
07479
02e46
0de31
03267
03375
0e329
0552d
09953
00ed2
0178c
0a614
01cbb
09634
0b788
0bfeb
0dc82
04a88
07d07
0d2f8
05c30
05708
059a2
0286e
0c3dc
07b4e
0fece
04946
076e1
0ec1b
08209
0eb4c
082ba
004cf
0ee35
09344
050e2
025d1
0e22a
0b0ed
0992a
0d93f
0800c
0e9e6
09aaf
065ff
0c4f6
0f767
0369b
07973
0c342
0b7c9
0977c
09728
00b3b
0caa7
08c88
00425
0191c
0fe53
09288
075d2
0b463
07021
06158
08052
04607
031bf
0142f
09e2c
0e1b3
01115
0bacf
04348
02e25
09718
0a747
0d4bc
059ed
066ce
043aa
0bb51
08b88
0543f
08391
0f6b4
0971c
0ad6c
03af7
0efc9
0268d
04811
07383
0cb79
0bb46
02e3c
0ca05
00720
08767
03f47
0e8d9
0bcb7
0863a
0c315
0be31
03779
077b7
0f165
00cd0
0a7f0
07157
0205d
0edb4
09ab8
0d10c
03bbc
04790
01737
0130d
09bd5
0fc39
03b74
031c3
07837
04575
0c6fc
0e843
0bdf5
0d697
04f1d
0d46b
032b2
0fa8b
0d0f4
08f3a
010c0
0bdb6
06f3d
0e303
0e3af
078e3
0b9b1
032de
0bc13
0b7a4
01f00
0cbd8
08d40
0612e
03e8b
0e8d0
02eef
06c99
00aef
019e5
0aac1
07cb5
04079
06910
02320
06a10
06e91
0774b
0a838
04b8c
00173
08df6
04a14
0428e
08055
05957
03848
00d33
0437b
0079b
0b76b
079d2
0a5c5
00814
05936
087de
01ad4
040e6
0d788
03a30
0208a
0f3d6
0e584
0b95d
037d5
0e76d
0716e
01633
09a6f
0ea84
00ff2
01f24
0f53d
0cda0
0da40
03746
0fb04
0e31a
025a0
0295d
0a4eb
04bf2
021a1
0409c
08cce
0a67e
0c305
096fc
0e84d
0dc43
032c7
03a94
06e17
0dc32
0e732
074fd
0d3df
0ad88
0e831
0cc26
0d4fc
030af
0a006
0da80
0a003
08280
0bfa4
04e26
0f2d3
0225f
02eb5
02bb4
02fbb
0dd1e
03170
0becb
0429e
01eb5
0a8c7
03e95
0d255
0b50a
0d88b
01a57
09344
09ff9
0b40a
0350b
06cec
04f38
0f6e1
072d0
03768
0b342
0bc30
03ad2
08ea0
073cb
0dbb4
00d71
088ee
00ed2
05c5f
08bea
09e33
0adfd
0b3b9
00320
05ce1
04958
0cd33
023a0
048a3
00fb2
02efa
06e25
0c09c
0d6f4
0e844
0ae89
05097
0bd77
09f8e
0a615
02b7f
01aef
04fa8
05098
0197a
029c5
08b51
0e2df
0d918
0f8a8
0e253
0d40f
08bdc
06e5f
03a46
0b0ba
0dc1d
038c6
09105
0f927
09de9
01740
070e7
0ca5f
01c0c
003ef
068aa
09a53
06c26
04643
082d3
09432
0a7ff
03d6e
003f5
0fea9
0dc7e
059f4
04224
0c2aa
075d1
0b555
024e7
0cb4c
015a8
0df58
00998
0eb64
027dd
0a049
0dbcb
0cf10
0d5db
0943b
03af8
0cf60
00aad
0a648
057ff
0eb91
0b944
02d1f
0df98
03633
07c93
0df10
0cd07
02844
0caa1
09edc
0add4
07171
0aa87
05615
0271b
03a61
06347
0b2e1
0b3c3
04b9e
078f8
034a2
04afa
0830e
06500
058d4
04e44
02694
05ab2
0fcfc
0ed8b
0e5d6
0a57b
0a1dc
04d4a
0e128
022f6
0f016
0e269
09b0b
08ca2
01cc2
0b431
025fc
09eed
0ec69
0e761
01341
01d20
0bccb
092fb
02749
02e3b
0c4da
0ece8
01500
0e643
06060
0a49f
0f385
04d3d
01fad
0e6aa
034fe
0afd7
02b2d
05859
0140a
07ed8
0e021
0e0fb
05147
0ba50
0bee6
090d7
0c65b
0d14a
0ad3e
01acf
0ab57
021bf
0a8cd
03063
0c5eb
0917b
08105
04cfd
0aaae
029ba
04869
0b31b
09ed6
0c8ae
04205
02b60
09e81
0c0dc
0a82e
0416e
02fd9
0d8c8
0b941
00955
0b9a6
09e23
05c4b
06daa
0aef7
0f8f8
0624e
073fd
0466e
04f54
02782
09772
033c8
01353
0ac6c
04318
0c0e1
04efa
05312
05c97
054c1
0e016
0165e
0d25c
0ba85
0799d
0e36e
091e2
0e5d9
077cf
07a74
09e72
0f022
06356
0bc55
0e195
0ec61
09044
0c384
0d65a
052f9
0663e
046dc
08000
01ab7
0f60f
0be0f
03486
03fd5
091f3
02af1
05214
08bab
0e60d
04b71
0dffc
02ef5
071ae
0e6fa
0b2fc
00da7
0d46d
01b44
0cafc
0bf77
078b7
0c5b7
029c8
0bff4
072f6
00e6e
0a32a
032bb
0abab
04ac6
04673
0139c
092e1
0f1e5
0470f
0f02f
0e5af
002b0
02890
009ba
08308
06e6a
04c8d
0d8b4
038ed
09382
079ab
09a30
03e62
01872
07a14
0d6f3
0ea0a
02028
038c2
0ffe9
0086a
07bdf
04982
09521
0dbc5
000cd
0b4a4
07b2b
0d548
05fe7
02bd5
0b8a1
022a6
00a69
0c7e9
0f0b5
0164a
0c615
0bf21
081de
00850
0b6d5
02297
0b089
07b74
03513
0aa3f
0444e
016b3
0b460
0ad56
059a5
0ede3
0f502
05d53
0450b
0204e
0ea54
012ef
0963e
06736
0166d
06620
01574
0a195
09ec2
0cbe4
0f261
081b2
012bf
061d8
0927d
0b6c5
01879
0a9f2
08be3
03fbb
0bc6d
0dfb8
0cccf
0e125
0c5f6
0ad96
05fa6
0fe0e
0febb
0bc14
0888f
02a4c
0d958
02869
0dc78
05c64
09668
0a475
03487
028fe
0a7e5
0975e
09ced
0e44f
0da2b
05552
0e347
0b3fd
0e4ee
015af
0b482
0deb0
08c92
01d5e
0266b
0cffa
0ba03
051e9
00ff1
0491a
0e058
011d1
040a1
0226c
078d4
0bb8f
0b96b
0c405
01094
04e8f
0e65c
0bdef
0be78
0e34c
0275d
0467f
0bbe0
0cbcb
0a0f7
08eb0
07fcd
03a15
00d44
05f41
0ff82
0c623
03c4b
08607
08544
0e47d
06ddc
09237
0fb7e
0667d
03eca
0457e
025ea
0e772
05866
0e3e5
02cf2
0a3a1
0b1e1
0213f
094aa
09993
050a4
05922
0b915
072cf
03e23
066e6
0471a
07935
0fcf0
00d75
0b8c7
0bce1
0ef4f
04271
02c24
021a9
09e5b
0cbdb
0f513
0d253
0d1a1
025c2
0402a
0a251
025f8
0e663
0ee81
0b064
041b5
05d2a
04210
0dd80
01c5f
03f92
04e58
09bb6
0544d
052ed
0a533
07370
0b129
0916e
02860
0804f
06481
08c84
04016
09b0b
02fd5
05657
04ef2
057a7
0acdc
01517
00e86
02996
01746
08780
06bef
0d54a
00f81
0fefe
0944f
09aac
0f744
07d60
0cfeb
09849
0e836
0255c
01eac
050ef
0e113
0d4cc
0f7ef
0edcb
06875
0ae2d
0498e
0a00a
0a37d
0b0d4
0cc24
042f3
0bdb7
0365d
0a363
07bc5
0eed5
03ebb
088f2
0e631
07eef
04821
03191
019e8
09496
0c4af
0d615
07f1d
051c4
0a7a5
0a01c
06131
05195
0ff1c
0ef02
0ff5d
09df9
0fea7
00bdd
02e1a
0c957
0ea1a
07b40
06e27
0b4ae
018e9
019e0
0900d
0fd62
0f0f0
0924d
0042f
03709
0dca2
04493
08768
0bb47
0ce77
0bb5c
0172a
0cd19
01a31
063a9
0b99c
093c3
025a5
0c5cf
0e694
08f37
03cd4
041e0
03180
0c9ad
0bf13
0ad9c
0bb30
049dd
065ea
0cd82
0149c
01732
013ec
04629
0aa84
0f28e
0e9fa
04c41
04791
0a7eb
0a316
05333
0c931
09935
0ac39
0facd
0997e
0f325
00884
0bc99
0a998
0381e
0d544
09d87
00da4
0f2fd
087f3
07480
01a4b
0f5fd
0574d
0c2a8
04ba9
07c01
0102a
03844
061ae
009b2
0e1cf
0a09c
0d66a
04d88
0d36f
06864
0d21c
0f176
01fe3
046b2
06a28
0a66c
0f4ed
0c0ef
0a0a4
058ab
0eb59
0af45
0b565
0875a
0f7e6
06270
07e37
08ed9
098d4
07321
09860
093f8
06a20
0fa5e
0a253
0f5a8
0b296
08c02
09359
03e66
0c267
0ca00
0b0b5
04afe
094b6
01589
09344
02876
0b156
0e27f
0834c
0f549
06d8f
06775
08ad1
08b11
04648
037ec
07a83
07c23
019fd
0738b
07736
01ae0
0334d
0d39c
0a91c
0f1de
0337a
04662
002a7
050dd
0d056
0f38e
0f474
0661f
09311
0a470
09221
01e4a
02dcd
076e5
01318
059a2
0d5f5
05a00
0129b
0cb42
0fda2
05f64
09435
0132e
004be
098c6
036f0
0ab8a
091b2
0e8a0
0fce2
044b5
0efa0
08bb1
062b8
039ac
0a94f
05332
0eaf6
083b8
05f55
00736
0ac99
0970d
062e6
059da
0cf9c
0dafb
0a7e6
02c68
0cd3a
030d6
05e9b
047fe
0f474
0a5af
07f00
0037f
08585
0c463
07896
0e4ba
088b3
0a8c4
09a98
005da
085ea
0b817
078fc
01fce
03c87
0ee48
09d15
051c6
0cf92
09f38
03c1d
0970f
0bc2e
07113
07031
04463
0f4d4
04e6e
0e8f2
0bf4b
0d4e9
0f110
06fd3
07eb3
029ea
0e4bc
0b93b
027fd
03973
01f9e
06781
04cb9
0543e
0a7ff
0e238
03b83
0692a
0fa47
02e8f
0e416
01c7c
0e828
0438e
0d4b2
0e9e1
01d8f
0ecbc
09dc8
00b25
0cab9
08248
0018b
06f90
02564
01730
0d8ee
0b066
020a5
01ed9
02356
0f1b3
0103f
092fd
0d157
05c26
04556
0d739
0bfb9
0c3d4
0e5a6
0c147
0c054
02916
04417
0b20e
03cbd
05b60
0c93e
04133
07204
001c7
00ba3
098c3
0ed0e
0d927
0c230
07596
07eb9
0ebd7
0b13b
04f6c
08d21
06080
039c6
0107e
0d6a6
00802
07b38
06983
02273
033a8
01130
0e493
018ec
07d4d
016a6
0cdf5
0e0bf
077fb
06f3d
01ce6
047bf
0941a
077e4
0a347
0a42e
0794b
09a80
04959
0712c
0d3be
099db
08ce0
01f35
059ab
0daba
0fdc2
01801
0b057
0c326
0a331
0d528
0d107
04c66
0998a
0c0bf
05e25
0f271
07b60
07360
099fa
049e8
0ed11
01d80
0d34a
0d540
044a7
0c6de
07c57
0828e
0681b
0a918
0287b
0e64a
0bdfd
02f57
06186
01a63
08973
0c11c
0143f
02543
06056
06f1c
0f573
06af3
0aa7a
09b3b
007d9
06c72
0614a
03c10
0f535
07c35
068b5
0cb13
07a89
0a4aa
090ed
0c2e6
0eeb8
0b7f0
09de9
085eb
0b823
0fe9b
0ee98
0327c
0f061
0a3f5
06800
0bdcd
0a037
0d3ee
01768
0714a
04ab6
0084d
08584
0d5cc
09723
04e08
06473
0a8e4
075c5
0c27a
07dd0
0ffa4
0acd5
083c0
0fa2c
0fb2f
0ebf1
05622
0b450
056a9
047a8
0fa04
05e3b
01e12
01151
0260e
018d6
00344
0d325
04665
0767e
022cc
04d53
004ae
06ffc
0e97a
0bf14
01ef3
0f766
0f9c8
0080d
00362
0d29a
00611
00890
08caa
092c8
008c6
0dc74
05bc8
036ca
03150
04c3c
07b60
06244
0813c
0b579
088de
0cb36
02875
0bf00
0cfe2
0eb01
07c85
073a3
09996
02946
01038
02fdf
0cf80
0c22e
0c11c
0f3b6
01cbb
004d6
057bf
02a55
0ffed
0de29
0a99c
030d3
015c9
075a3
06c3e
0f374
08acc
017d6
02610
08f8d
010d8
05bd4
0a104
00804
06a10
049d3
0cbed
02764
0993a
0532c
07b1f
0c73f
0a9d8
0c487
047a7
02827
0b114
01b7e
03203
0dfca
076db
026eb
0ae62
0cb1c
0a71a
00f2b
08bf1
0e6ae
0fb30
074ce
0b62c
0c037
0dd1b
05f19
0c298
02be0
0973b
07e2e
025a2
02a00
08933
04ef6
0c28f
04efd
0c77c
0a223
0b8ad
0368d
02edb
002a8
09dd5
0e3b4
0b847
08a1e
03457
043d7
02cb2
05ff1
0dca9
0e5ce
0d0eb
034e2
00d72
02de2
0b534
02fa6
0a61b
0c53d
00651
0956d
0d3de
0c68d
02b5d
07c48
056d3
0c2ef
056c8
04716
089af
09a2d
0896c
0fc7a
04ab7
02064
0559c
0de8d
08d4a
0d79a
09979
0f7ed
02762
0b8e5
080de
07e41
0fdd9
0641e
0ea6c
036c5
0455e
09bfc
00377
0ca98
0aa18
0c280
0a8b9
0e164
0ab62
0dc79
045b2
099d2
0a42e
066d6
0f540
0a0dc
05af3
0cbe6
0a366
09538
0fb65
07c1f
0a6da
0c08a
08f83
0c92e
0bae3
03a4f
0664c
05c1f
00dc7
0ec59
06b57
0e07d
09529
02368
0d17b
0ffa4
04742
09b0c
07bea
0815f
04eeb
0d8a4
0c104
025de
0e5ec
0f55e
0cd36
0d62b
012d2
0b814
02b82
037ff
07f18
0b5c3
0552a
016ae
0cc9a
0a9c7
0dc64
0363e
00566
0327c
08479
071aa
0712b
0e43d
0bf8c
0c842
0ed16
04d2e
0b09f
00c93
0f72d
03587
09742
0d4fa
02bf5
03b6d
04889
0b258
09fb0
0afa6
0e921
069ea
0f742
0b254
0f3cb
031fb
0e057
0e7a7
0a348
02264
099bc
016e0
03aec
00b90
0afa7
037fe
05426
07ce2
05951
051fd
0a977
0da4d
0ec92
076b5
0cf62
05e70
05f6e
0dd40
0ca89
00ef2
06507
0e62e
0dbee
0c715
00247
06df9
0695c
08e83
02008
03418
05fb9
0bb49
0a6e7
064e6
0ea44
03a58
08653
0fa9d
0a076
0c6fb
0c8fb
03a7c
0b223
0b437
0ea6c
05855
0984a
02b64
04494
0a059
03c58
07a26
09c5a
03be0
05db8
0bf21
04860
0c6e4
0d623
04696
0c475
0d898
05f1b
0f92c
058b2
0556f
0fab2
093e2
047d4
05fcb
0a110
0e6e9
01b72
0b7d3
004e8
0f81e
045e7
063e7
0c494
0fd6c
0d17a
0fbc3
0d4cd
0e340
0fa36
055a2
02a53
00fcc
070e9
0958c
010bd
08cb9
0731e
093cc
0561f
0ea26
0fd99
039f6
03a79
08928
0bbd5
0154d
0e1fa
06fe4
0d9ad
0346f
07ebc
0986d
01080
0e643
0868f
0b278
02c89
0e0cd
03c1a
07950
06b75
0b385
0db38
054fb
04749
069ca
069f4
01e64
0b39e
08fea
05635
0a5b5
095d4
09423
088e1
030c1
0456b
0d2bc
01e5a
08dfd
040f7
043f0
07fd5
04ae0
0a4e9
07ebf
0c910
0fa9a
048ca
08995
0d415
0c016
0e76b
026aa
02faa
0ce42
08e73
0bcf6
0e8cd
0f9e0
0a792
00144
02fb0
0eab9
0b768
0206c
0cba1
06f87
0dbfa
06c77
0fd4b
0897d
0a54e
09133
0acee
042dd
0f87e
0affe
018c9
01785
032fb
0eb4e
00856
03f9c
050e3
0e1f0
0e9bc
00058
0db08
06796
0438a
09a8e
05165
08c4c
02fca
0b88a
08033
02a33
0be62
054bf
01a83
0caed
09c6b
077e1
0dbc4
02eb1
030bb
0008e
06d45
0f420
027e7
043f1
073cf
0e3df
004c1
00420
0afe8
03dbe
0d839
043ac
0f495
02443
07538
0c421
02dbc
03471
034d6
0a06f
0bc31
09937
04635
0c3f4
0442b
04924
02306
00456
05407
0e154
0b3ce
06d15
04d80
0d2cb
0e280
06f3a
02c62
03370
047af
03f0e
0c49f
0b3fc
0dbd8
0a106
04797
07edd
08dce
02b22
07f0f
091e1
00dbb
09a71
06930
06096
0c893
09751
01bf0
07a8a
0fd61
0c592
039b9
07b6f
0ffc9
0245b
0062d
0b8e1
0a208
04393
0c60f
0d77b
0bb17
05875
0f128
0255f
0088b
02293
0070f
0863d
06e75
01464
01ef5
0cbc3
092ae
0d4b3
0d8de
0cdf7
02a33
04e2c
08e10
02acd
09eac
02875
06809
04f8d
0a74b
0c80d
021d9
09ece
0dffe
07a2e
01da5
07d2c
02c24
0de74
03b62
0e820
01c2c
09e5b
059ee
03d27
0067c
04640
005cf
053e1
0fe29
0b183
084bc
0557c
0be65
040fd
0899b
03c71
00f07
0ab86
0dbd0
08b41
020b3
086a1
02775
0fe07
0e90f
0b862
01c62
0ffcc
05571
0bc41
0508a
0829e
034af
03b0d
074f1
00150
0168c
0064a
07d35
0178a
0f18b
0ba5b
0c415
04cd7
05ba0
0121b
0d6b7
072f3
0a4c3
07f1c
0d51f
0a3ce
08ae2
027e0
0bee0
03d22
01af7
05bd3
07245
01783
0cd46
0234a
0ee20
0908a
09f13
0a793
02c3a
0e9da
00414
0bce2
066be
0954b
09b9a
07c33
0ed87
0bc8e
0fc99
0640e
07d81
04d17
00343
0d1f0
00c3d
0774b
0b15e
004e9
0ab87
000bf
0c0a7
09d72
03538
0690f
079f1
0d6f2
0fbeb
01eaa
048e5
08f45
02fa1
0167a
07683
0d37c
0beb7
0eabb
02b78
030ef
0445b
0c9e8
02650
01fe3
0deb6
042ec
0793a
09556
085a0
0a148
0c931
0a70a
0a2d8
0e7cf
08b3d
0779b
0263d
067c9
045b0
037cb
04f91
03618
05428
0e62d
0ee9e
0a0c8
0d022
03dd1
0b771
06a4f
0e761
09dda
0ed3b
087af
03d65
02e4b
050b2
09bc2
014a6
06e17
0a7d4
04bf1
02eb3
07f16
0b623
0cae0
01910
09901
08534
05905
00fe9
0cf0c
0e786
07fec
0307f
0ec90
0342d
04792
03e2f
0061f
01f93
071cf
042ed
06571
0cd19
0be96
02b07
08484
02664
00b29
02102
0653f
0e309
041f0
02f17
0a9c0
03ebb
015dc
0ec07
019ed
05602
0ddc6
0ca3d
0fe04
00f18
0c3f5
0da73
0587a
0b538
06def
05fd2
08cca
08f49
0e45b
04c19
011bd
07dd7
09718
0ff6e
0d2f0
0f543
01f38
02ce9
08f3e
0c41a
04643
0d6a5
0661f
07f90
009ff
0c3d6
0b7dd
0f599
0f827
0b025
0a4a9
0c6d9
08a76
05c10
00d58
0a343
07023
00f00
08fd6
01dff
0f180
0b701
0772c
051ba
03344
07ee7
07b78
08876
01ca0
07056
0c6df
0b5a8
058f0
05a29
0791d
0a2d1
0b7b2
00e71
0b40f
048c1
06060
0fc05
09e3c
059e2
0fb1a
0136f
02e36
01cc2
0771a
07007
00a34
0f4ba
00059
0a9d9
06726
042cf
0ae77
05adc
0a5ad
01e7e
00b38
04ba0
04886
038ca
0bad2
02522
0bf47
0ca8b
033ba
0ac51
09a80
0a52c
045dc
050a4
0dfad
0f972
0a272
05931
0b6b1
0724c
059c7
0c1bb
09d17
096ca
04133
05afc
000eb
0c87f
01094
05d39
0a2ed
07119
0354d
0fe0b
04802
0a98e
027d6
079da
0b191
0a397
055f5
02d6d
0abe7
0e4ac
005d5
087c9
06b5b
07fc3
022b5
0b372
08368
03750
000a7
018a6
0c599
0e05e
0d6dc
0552a
0d3fa
0fc75
0c1e6
0b3d4
0c02d
033ee
0f57f
0737f
05347
0e70f
025bd
0111b
096fe
00a47
0a32e
085b2
0359e
025fd
0af01
05718
0c03c
05262
02666
02fab
0ad07
0f729
00fde
0dcd6
0547a
0de4f
0506f
01b6b
033d8
0a985
0693d
06145
0d18d
087d0
09023
09844
0799f
0311b
01969
0c92a
0fb5d
04ea3
01be8
0b8be
001f4
0daef
02cdd
096cf
0f5ed
0663b
031a8
00d2d
069f5
05777
09568
029f3
0f277
03b23
09de0
0cb80
0f11f
0fa6a
087ae
02ea9
0c669
05ea8
0bdf6
0c34c
0bd22
05f87
0e43c
016d8
086ce
0e125
0ee1c
086dc
073d6
08980
01f8f
04d60
03183
02be1
0b005
0d3f6
0747c
01f39
0c632
0d656
0f31c
078a6
0f3d8
09903
0286c
0ca23
011c7
04b7e
03d95
0e5e8
05883
05596
06c7c
062ac
0409b
015d9
0d8c4
0281f
0deeb
06761
04bb6
08409
0a3b6
0224f
02c8e
0c6b4
0cb72
0a6fa
08d6a
0ea93
00654
0d6d5
0399c
0d431
04c9d
04be0
0334d
03615
033b5
0927a
0b00f
0d260
0873c
0c41e
0f89e
0f233
0132e
0582a
08d03
0ce52
049a7
0cdae
013db
0caa5
0a9b9
079a3
0193c
0f34f
08983
0beb0
00a5b
0acfc
09b2a
09f34
08f89
0fbb5
03249
074b6
044ce
099d8
0e2df
0a448
089f1
0d563
02db7
06039
0e228
06c3b
0d078
0f80b
0bf71
01cc7
05164
02198
09f4b
0ce88
04573
00ed2
058f4
062b1
066c5
01d81
07fbd
010ee
0e9b3
019e2
0b883
065f1
08c46
0bc98
0edae
0cb3c
03f6c
00fa5
07bdf
0beb3
0fa42
0e467
05aec
0f2fc
0b313
0b041
053b8
0846f
02e47
091f4
00e0d
0c5eb
0196b
05368
06dbb
07154
07341
069d8
089c5
0d1aa
00a44
0048e
0f2bc
043be
058ad
00455
07291
08139
09c65
08cfe
0d8fd
0c0c1
0b28a
0eb01
08105
06fb9
0eef3
09ab2
0cb57
03462
003c3
0bf9b
090bb
098d1
03759
0f6a6
020af
0ac2d
08d8f
0a678
08dc3
085b5
098fb
06070
04cc3
07b08
01d11
0cee5
0a3a0
047a4
00d08
0fea7
09759
084d3
0d64e
0cf27
0c6cb
01215
0613c
0afb3
071d9
0f393
0b78c
099b3
05708
05cbd
0966a
031f9
0f10a
04181
0846e
05dbb
0abd8
02db8
071cb
0b5e7
07258
09d3a
0d748
0a9a2
0be4d
08568
0968d
0ed72
03c4d
0f0ea
01b7b
02476
0f1c6
0639b
03d58
0c36a
098c2
0d382
01bae
04d32
04654
0668d
0af72
0d181
0ea46
04954
0a1fd
05c57
02960
0f9a4
0aa4e
05a88
0a077
01db3
00269
0e773
08c0b
06b34
05653
0511e
0faa9
02d13
04241
0de0f
0dbdb
0ce89
0dba9
0f46d
0c442
00263
01350
06619
0bf07
00735
0a4f9
06193
0092c
0021c
07f65
073d9
0b04e
09fca
04203
03496
0c460
09cbb
05583
0216d
01768
098ad
094e7
0e96f
0acf8
0de09
04480
0af7a
0faf8
0b7ef
06079
0546b
0ce89
009ca
074f3
072da
0432d
06c21
00b38
05685
03f0f
0bbb1
01321
0c019
082f6
018e0
0188e
0375a
00a1b
018b2
03b48
0d563
0e37d
0c2b0
03f47
08166
0f2e4
04e66
06936
004c3
09a2b
0d77c
033b3
08a3a
0463a
0d670
035b7
03c47
090be
03a5f
03668
0fed7
065b5
06645
086a7
06741
0b741
0d1cb
09738
0521c
0142c
0fe22
06a56
0f619
0a944
07811
00166
00687
02d91
0388a
0fcfb
04c5c
02e1f
0266c
033dc
08304
0765a
0e9db
09790
0873b
0edb5
019a4
0331a
05972
01432
094c5
0b86e
0a01b
0da1c
03b57
030a3
0177e
004f3
046db
0574d
0a846
0b70d
0e01c
0895f
02f97
0bec8
0af79
05da1
03a48
0cd32
0cced
0e9bf
08b2d
0c57c
0f4dc
0d7ee
05564
039e2
043d8
01e06
0519c
03519
0d501
0f721
0e056
05cce
0c26e
0b79a
00ec1
042e5
0f756
0f9eb
039d2
0d293
0e1a1
01789
0206d
085f2
0a0e3
00654
072ae
0ad35
030c3
0dd9e
07f45
0f6bf
0b106
0c50e
04c1c
01bf0
005f6
05058
0f046
0fdde
054af
02654
0fbb9
0a42a
07b56
0a96b
08e6a
019c7
07206
0c1dc
0ce7a
07851
0285c
0eb0e
0e36c
0e56d
02d10
0ff35
0e4e6
0a1d2
03cc7
0fea7
00919
0348d
0ce8f
0d31e
01258
00016
02e89
09bf4
069e8
0e994
0ae84
0ba08
01bc9
07222
0e8ae
0a9f8
0f23e
0ba01
0e7b2
03a61
031e3
07188
0011f
0aec6
0b5d4
0957e
0bf6e
0366f
01770
0540c
0fc1e
047e8
0d184
036c3
08232
0644f
06005
03dd2
0c929
06e61
0ea01
06193
0ad05
0372d
0d435
017ce
03f16
0e6a8
0ea2e
044ef
0ff66
00238
018de
0dd99
0f742
05aba
058e8
041bb
03505
0c65a
0a4c8
0c4f2
0d65b
07f19
08c14
0cbb5
0af8b
0969d
0e7db
04449
046bf
0d353
0990b
0a0b8
06f47
066da
06b5f
094c6
0b0ca
043ed
05b0a
0a50f
03b16
0b458
0f5f3
0d5bf
09265
0d843
00689
03683
00cf0
0c301
04a68
01b2b
01cfb
06659
088b1
05266
092bf
08049
04af8
01fc2
0971c
06872
0108a
0b7a5
0e7ba
03478
072d8
0c71c
079a6
09345
0180d
0c35e
0c66d
0d548
0a014
01b8b
006a3
080af
067fb
0e2d9
0737b
0bc48
06497
06312
0969e
0e5cb
05ad7
02620
05fbb
058fb
03d1b
0c120
014ce
0db65
08ee7
0874a
04298
05265
08291
002e3
0a93f
0eec2
04f42
01473
04eb2
0a52f
01a09
09a30
0fb29
0b756
02550
0a2be
0709e
05e24
022e8
05199
0d4f4
0ce8c
02f13
0b2e4
07140
06d3c
0a9ec
0a981
0b8ba
0964f
06fd8
0f320
00481
03abc
0b127
0e42e
07b0e
07cd6
0146a
0a451
0c343
03a0c
0c591
0835f
090ce
00ca6
0bffa
0e420
0f93e
01673
097c6
06290
0a400
02a29
03121
055b4
003c0
02185
06beb
06d25
0d931
03535
06941
0ded7
024ec
04eb8
00c29
0eb1f
0a9d6
01365
02ccf
02580
01bc9
05b21
080fa
02410
0748d
0846d
0d0b5
0c6ac
0e6f9
0cf13
0ddb5
0a1ff
008a5
0c76c
03c92
00305
02060
0174d
0252a
0b724
03657
09465
09a4a
02c4a
09023
0e017
0c348
0ca4c
00fc7
0f2ae
05009
07092
045d3
0c830
09707
049c4
0989a
0bf0a
005b5
04862
03f18
01563
00293
0c9c5
02b95
09c00
06b8c
0b00d
06c68
0d347
048ef
05268
05e34
0710b
08167
0637e
03aaf
05cda
01bd8
0ec2a
02573
094d0
0227d
0805a
03247
06513
0f971
0a965
0b6da
041a5
07814
03339
091fd
023bd
06312
0a2b4
0f8c2
0e6bb
0a81c
09c81
04e06
0ba9e
0a1f6
0db4b
05657
00279
0a05d
07e0a
0716b
0df4b
08da8
0b80e
044c3
0a9c2
0f5bc
0ecfa
0e405
0b7ac
09c66
0f954
037b8
059fe
029f8
08fac
047ae
06492
086c6
02726
0269a
00989
00ff8
0cf6d
06cee
012c4
0856f
0f1b7
04c19
0bb4c
0c8f5
07255
094fd
0448c
0eded
02e5d
0cb27
0ba4c
0056c
07a4e
054e9
047de
0e477
05185
05bb8
04ada
0f78d
0b7b4
014b1
07009
0f9ac
076a7
0202f
08759
0bd26
077d1
015ea
069de
0b8f5
0c6b4
0f079
0e8c7
017c6
0146e
0a5ec
034d9
08c07
086d1
05902
0c0d9
0c1cd
0bb08
027da
080cf
0c0ae
0721f
0cfca
0b4af
0b0a8
0f945
0f6d7
00360
04726
0e13a
054ca
075c1
02778
08fc6
06c4b
04cec
05fb2
05091
0b975
03c95
075ef
0d448
0a913
03a07
0f689
0f527
0f542
06be1
0528e
0d261
00b7e
07cc2
01617
0417a
0527f
044fa
01410
04b31
01ca0
0552a
0843a
05c2d
0cf97
00988
09120
02be7
06ee5
0e5fd
0f15d
0f69d
05754
07050
0d250
04911
05d1f
0876f
055df
0af72
0e82d
0233f
075aa
0c1a4
0c55b
043b1
03796
0087a
0679a
0d6ef
04c93
0314e
05ad7
0f3a5
013fc
03c2b
02fb6
0f6e8
042ba
0009d
0dced
0d763
0bda2
0163d
0dba0
0757f
0f6d8
0c331
0b377
03207
0d9d9
0448c
08250
0f44b
0770b
02aea
09108
0d13a
083ff
060c7
002cc
003a4
03c54
003ae
0c003
0692c
0a1bd
0d154
0b97b
03692
04f3f
0da26
081dc
085c9
0d8dd
0bb35
08d16
0cb7f
0684a
0d392
0f706
05b81
0bd8c
0f7af
081ef
09d01
0b04f
0cbd7
046b0
03cf8
075a4
0e4a8
052d6
03357
06dcd
0cd16
0ad47
01aa6
0524c
0c738
002b5
02ea3
04a68
0f17e
0dee9
02d20
020cf
086b3
0718b
0bdde
028fa
01354
0c4c6
0cd21
092ac
01d6b
059bd
0fd1d
0e0c0
0057b
06746
0926f
063b5
01135
0769d
056c6
01276
0b82f
07a7f
00025
0509c
02c76
08d47
0cc82
0b4cd
0ca50
0cf97
0668f
007de
02321
02e2a
091a9
0b239
0b1e8
08d92
073dd
06398
0e8d6
0ced3
00261
085af
0599e
0d073
03682
0250f
096a8
0ae10
03be8
083f0
08012
0e2b2
0c110
0f79e
07c8e
0ade8
0eaee
0ebe3
00e00
0f6c4
03b87
08400
02296
0c3ed
070d5
075b9
0a1a7
0d329
0b4c9
004fa
086d5
07f1b
09317
02f9e
0cc40
0af19
026ed
05b62
0f3ff
0a0b3
0b502
06fe7
089c4
05d95
0615d
0ff7c
0663a
0783f
07bee
087e3
069de
0755a
067d1
07fd8
0b649
04fde
0369f
03d60
0282f
0fc3e
00364
015a3
0f6ee
0be0d
0a17e
0fc14
08ca9
0fb4a
05da1
08f7f
0cbb6
071b6
041a9
01bb9
0d8aa
0f4e6
010ac
0b1cf
0c995
0597f
0ea15
03da0
0eb8e
0a19d
0044f
0060d
06be7
0c244
03395
0a69f
0b923
084f7
05fd2
08694
0796a
089ef
0f154
0afaa
0bb5a
05e29
0ff5e
0d90f
06bca
0d693
0be9f
0baeb
0cd1a
08f2b
0e6c5
05c1a
04324
07506
03322
08a36
078bb
0dd4b
0c303
06462
04aac
04c91
0f22b
004fc
05a6c
0d7d1
0ffcb
044d9
0a1a7
0f926
0999e
0807f
0186d
0cbfb
032ac
053a1
01ebd
06e51
08232
0f3fc
0314e
0e653
0ab58
08500
0b8d0
0b87a
083f3
0b033
00a27
0d2d2
03e12
0b3c2
065dd
0595d
091b8
0b5d0
0a672
0f998
0e4d4
02825
0c31b
092b3
0ed70
04a29
055cc
0acbe
0d7f8
0cf3e
02487
02881
052f1
0afef
074d8
0a080
0a23d
0952c
088f2
0ca79
08ae1
0e3c9
0b9f0
0e68c
0d3f6
055aa
05e26
00bd3
04005
07821
080d7
028fe
06bd0
05575
0cb49
034bd
030ec
020a9
0f245
01b8f
00d7f
0cb45
02a9f
03536
08660
04f80
02b2a
0c799
09e65
0756e
07eaa
0917f
0e2e5
040b9
04336
05759
00ea0
011ff
0b6b3
0a680
0f3ca
0ef33
08b79
0e3c2
0452d
05aa4
0e9c0
0deb5
09e8b
0b1c0
0f69b
0744a
02dda
0e23b
09da0
0bb47
0d30c
08505
04fba
09b6d
00567
0000c
045c9
0b011
092d2
0f03a
00442
0fbde
0f442
09966
004ad
0dc62
095f9
07661
003b2
0bf4e
0608c
0d2cf
0dfcc
0ca1c
07ff2
05398
0c789
0c1b8
070f1
086a5
0288e
0d82f
07aa7
08b31
091c1
089a3
0d368
06041
0230d
05d64
045f3
09445
03880
0e922
0e7d1
08b55
0fbe6
06025
0a42b
009ee
04de6
01969
00b54
05f33
0345d
09071
089d3
04005
0e078
00433
07732
02e2e
04d26
0078a
0fcb6
06f33
0af0f
0d72a
09f86
0ff2d
0be27
0ed68
0103f
0a916
02913
04acc
01cb1
08873
0c8eb
0248c
0f0b7
05cfb
06267
0800a
0c35e
00675
03e71
07f77
0c504
0e2cb
07e8c
01128
065fa
0ebf2
0301b
06ab9
0f216
0c73b
09fcc
0a568
05135
01599
03e89
081b2
0f663
098fe
065bf
0b889
01aab
06f81
039d1
078d0
0de4a
0a626
007b6
055b0
08d5c
03d42
0caa7
07c76
00492
01580
0f356
04f5b
0be27
02dd0
07f58
050bd
0fff5
02ecc
0ad45
01ebf
01e9a
0b606
04ece
036fc
0406c
0f9c6
07721
0a22b
0b1d3
0e09f
062cc
00aee
0c16a
0b761
044fb
0805b
01437
0f879
0e000
096e4
0faed
0612a
05f8d
0b201
0a5b9
0efd1
08cf7
05218
02343
04f5f
0e615
09762
086d5
0bbf6
0e87d
0005e
0c211
05efe
00995
0ba68
07a42
0a432
0206e
0c665
06136
0febe
04eea
090f6
0a52b
0d1d1
0a4e0
0388e
03148
02223
01669
04271
05b76
01003
06776
036cf
0f882
0621b
0328f
0104a
0c6f6
0fad5
0830a
01921
0bb92
07102
02449
006b3
06adf
0fb99
028f0
0efa5
01f14
0b8cb
0d4f7
0bcf6
01dd9
08818
014d0
02409
09b99
027e7
06e8a
031b9
033d3
07647
0c54a
06100
062e0
07f5d
05b98
0d493
03605
0b746
0eadd
0daa9
0354c
05568
05c5c
0cd98
0acce
050fc
0e2d2
0b463
0a15b
0a639
0be52
0d31e
0dc76
0a59b
07b3f
06d87
0c008
08217
0b853
0e7a1
0e51e
0cb4f
00019
011bf
091a7
00858
04529
09a8a
0035c
099c5
0719b
06dfd
0a13b
00b1c
08d4a
04f36
03046
01352
0ebb5
0b618
04fed
046dd
087ac
0bbf2
07fed
0774b
08332
099c1
02f0e
0ccb2
06f53
02786
0a63e
0f70e
05886
0f9ff
030d3
099cd
01322
0c35a
0282e
01ca1
0ab35
0b223
0de5d
0d542
03db7
07414
005da
0c3d5
01bb6
09c0c
01515
0a37d
04c95
0a756
0710c
04e6f
019dd
0c927
0e427
02e1f
071b5
0dd26
0945e
0c9e4
04bc8
043ae
0ac1e
02a43
0f3a3
0193f
0cc62
0866d
02b8f
0cc0b
0de75
042c0
0450d
0f63b
0656e
0f9c8
0ca67
06467
07e13
07c10
024ae
08852
0dc31
0a596
02ddf
0399d
0d3c1
0d8da
0bb04
0b255
06187
0a437
0b065
00c64
09c11
056a8
0b30e
0e269
04aa8
0e184
016fa
0778b
0663d
0bf65
04fde
02bef
03988
01bec
07c70
04b9c
0934b
00708
0afc1
038f9
09c38
0e66e
0f13f
00ba5
0a9eb
06b03
06c7a
06858
0846e
0f74f
0485e
0096a
0c0d2
01643
082cb
05734
01ec6
0916a
066c1
08ae5
01b2d
0ee0f
00444
02219
0c6fc
08ae9
0b86e
0373d
009c4
095c1
0c5e6
0765b
0c2eb
032ff
0a183
0f825
02d11
05f72
065d2
0ea7d
00b00
0145a
07eaa
09c1f
0aac9
0fad8
0c96b
05062
00968
0b18d
0b42d
0b5f4
09aca
078ef
08d3f
01fbf
083ee
0c63b
00f16
08f75
0737f
04dac
0aefe
0c923
04647
02cf3
0c3b0
07471
0d5ac
07b10
04e35
0da59
09ff0
0a898
0e5f9
04377
069dc
046f3
06795
046b6
09e35
0453f
0dc31
04a51
050eb
0a28e
022b8
03c9d
05e46
0a29c
04a81
00f18
0a32b
0d3fd
0d28f
09b50
0e2d1
08c2f
04dcd
06038
036aa
04359
05e97
00d69
088a2
0763a
076e0
0763a
00d5a
0b7f1
028b1
0f405
044a7
0f001
0bf77
05e32
0c661
0fb9e
0f29c
04668
053db
062f2
073da
01080
0d132
007af
08a2a
0d37a
071f2
067d9
068bc
021dc
05aa9
0e0e9
0fad9
0a658
0ea43
07e5a
0dae8
0cf4a
0156a
0c2c0
0a034
0c9ce
013b7
037f8
0e739
0e9ee
015b7
07dcf
0ca8d
01418
0c659
0193d
06134
09515
0e10d
0cbcb
09bee
09263
0ec35
0553d
0d84c
096be
01bed
048d3
0ed5a
0e744
02e4e
039f1
05c0a
04546
0c940
0d3be
0a59c
0e6da
00cc1
05b95
0e848
06763
0e8cc
02e2c
0800a
0a5ed
053f7
03f41
02eb0
03a73
0e617
0b9d3
02bad
0c4a7
051de
0c1e2
0c2de
0167a
0577e
0ab9e
04cd8
05301
04a09
05b94
01a45
0d6d3
09dba
09e79
0e47b
093db
05c84
03c30
0435d
067dc
001cf
08197
00640
0ead3
0fec9
0ff4e
002f1
0fca7
079cb
06f0a
0f390
0e850
0d1ff
0e23d
028a7
0035d
07d4b
08e64
06a4f
0190b
05ea3
04be8
01c31
0b2b2
012cd
04a6e
0109a
098cd
0a987
02ce7
0191a
037c0
0d57b
05b43
0529a
0919a
05ad6
0e922
0b86a
01259
02fae
0993d
0a548
0bcb5
0c204
022a5
0daca
0213d
095ee
0f10e
044e3
03e79
08c80
0a88e
0d3d8
06b70
06b08
01dca
037f6
02ce3
0f7a2
0930a
0daa6
0a20a
084f2
0b52c
04269
0fe27
0fed7
0fc29
05c1c
07727
094ba
06319
000cf
03c85
00c47
0ee05
03c60
06a27
0d44a
0d3fd
0174a
0aae6
0b305
06cb7
005c8
06702
09031
08243
022bb
09d94
099be
0a5d9
00323
03a48
0aaa4
0aec6
0cac6
00ee8
059ec
06356
0a939
0ad06
0f54d
0f2f1
01234
04581
0f686
04f8e
0ebd6
0ab93
0ecc8
0d3f1
01cae
09943
0a189
00995
06aa1
0a9d7
0b50a
021e6
04c71
08f98
00ff5
0ada5
0c01f
054f9
0c775
05ff0
03bd3
09dd7
0a106
01031
08b01
0d3e6
02c70
0fe7d
079ac
0be40
0e760
09af2
06ea9
09ac9
0599b
03976
0bf99
01325
06779
02f69
0e336
00cc4
0f71f
04ee3
06163
0ae23
0f789
09ee7
0a798
0495d
0324e
043f3
0690e
012b7
0eb32
0c671
03b4e
0021a
09f38
0168b
02c95
0aaa4
0ef0a
0179f
034c9
09ffd
00b82
09fd1
06b70
0a44a
066af
06295
092b8
08da5
0a367
0e1d9
03c3c
08b99
04c73
050a3
08c1a
03a9a
007cf
0346a
069c4
0b35c
0a310
08ac7
0487a
09108
07d59
057b1
02479
09f6c
0ad6f
0e325
019f8
04299
00ed8
0f104
019d5
0363c
0c467
01b8b
02c17
0da59
0c8a9
05ba3
0e444
0b614
09ff8
0aa27
06573
02837
0ee6f
0437a
02f92
0efc1
031cc
0e942
09eeb
0ee48
0f0eb
076a0
07295
04995
0841f
0ba16
0c8be
05de0
0a920
0a647
0e814
0f99a
00f7e
02177
0f35f
039cc
0b3f0
0f511
0ec27
05773
09084
0b27d
04139
034b3
0cfb6
036c6
0a6d8
02450
09aaf
0ec04
0cd37
0d3ae
07a26
07cc5
0516b
0f6f9
0c483
021d2
0ae72
06a9e
0dcbf
0dee6
0af34
078e9
0589e
027e1
0f927
03a88
0ed02
0a697
031ff
0e3f3
05a33
09db6
0cfc4
023a3
037ad
0c200
0a7a2
0fd14
01f7a
02e5a
06f6a
04720
00018
04b1f
04c66
0e7ec
0953f
0c7ab
0e4f2
0642e
0694c
0a219
09976
09bed
0de94
0b043
02db7
00428
0cef2
0414e
0969f
01ff4
0bd0a
01b33
0006e
0b7ee
0382a
0907d
00ff7
07871
0dd09
0c9dd
0a2e1
0c3fd
0cfe3
0c35c
0ded1
06c24
058c9
0f322
04734
0605f
0c4e9
0b877
0d59f
04efc
093b2
04047
044c0
005f0
024bb
0080a
049b9
0f930
0df9b
04584
02b59
04641
0d4eb
0e97c
0d9f5
05c0e
0e8a6
0d926
0e66c
0c4f9
0b5ea
07394
05f20
0d97b
003cd
0ff0e
07937
089db
0d259
0bbe3
01121
01363
0f76e
0bcb6
039f0
0f68b
028fe
048bf
08f10
0ee0c
0280e
02d48
07d8e
0f1e5
027fa
09fff
01b05
0afe5
00585
0f00f
0e877
0f03f
0a9bc
0d78f
0b4b1
096d8
09413
055c3
01216
09baf
08558
01f72
0f242
05691
01a6d
09560
00dfa
092d9
0f832
02a3e
040ee
0275a
08e42
0810c
043dc
08fdb
08ce9
0838f
00745
0391d
05966
04d61
0e4af
0bd52
059cd
085c2
078ee
0f847
05c93
010f1
0af89
02b36
04a46
04eec
0fdec
0d36d
0c42e
079d4
0e15f
055a6
06bf5
0b0ad
01bd0
0875e
03b63
01ae4
055cf
0ed93
0cc28
0f3d4
09a4c
0f3d9
077a2
0c275
0c7b7
0f2fd
08676
04a51
0de95
00612
093dc
0e5cb
0c396
0a1a1
01500
031d9
0b528
0dd13
08b90
0ab80
08a68
088bf
03251
082bc
0c845
0ec16
07bcc
063cd
0acc0
05c1e
0a064
0056a
00456
022ca
0061f
0d28f
03205
03533
0e452
0b3f9
07057
0910c
080f8
062db
0116d
00c22
02f12
01d1f
06f03
03e5b
03d6d
02c3a
04283
0c07d
05e99
038c0
05e57
081b5
096d1
0ef14
026c4
0e829
08d82
0da9d
0a595
083c1
052ed
025e2
08df8
01ff1
0c3fe
0c6f5
0aa51
01ec0
08437
08782
05b19
0e193
02388
0fbc2
066be
0c907
05b5c
0fbee
03784
049a9
0dccd
06fd0
03666
0e216
0849b
034e2
011d9
02555
0240d
0804e
0e44a
0099b
0fed2
04c36
00071
0135f
0c7ed
0886a
04d9f
0a8df
0c85c
001e5
0fb3a
0f4ce
0df42
0cecd
023e4
073a2
001b1
0c4d3
0f6d1
03e0e
0b7c4
0aab8
09b0c
0cd1d
01c42
02e6b
0bb0f
0ae1c
02931
0eb55
09475
067ff
05a6d
01423
0c4b1
061cb
09905
0c7bb
036aa
0b7f1
0f916
02b73
0e03f
06101
047a6
01247
062dd
00cfc
07a1a
0fa7c
0c70c
02040
09d8e
0ffd6
0e60b
00867
012f7
0adb6
01cb3
0ace9
015eb
0cf9e
03c83
06c61
0eaaf
04c43
07749
024e1
012e1
0487e
0fa50
009c2
0f143
01773
07c40
042d5
0075a
05831
01994
09d5b
031d0
0e991
05764
020bf
03671
03a75
0fe89
070ee
0204f
067c0
0da38
0acb8
0cdd4
0a602
03dd9
04650
0a4a7
06d2c
01757
058ce
0abc7
0205e
03dd2
08c3b
04850
0d48f
0560a
0bd67
0547b
0e098
07cbe
014d6
04449
0332e
0c094
050c5
00800
0f953
02954
00340
003b2
05bdc
02da3
09145
0d51b
0f3b7
040f8
0698d
04942
08ab9
0e69d
0d2f5
07a7f
0595e
01343
05c29
0fff1
02d11
09a36
0b219
0d66b
00257
078a5
06241
03c29
030fd
0b94b
07044
0edad
06a8d
08d87
01b2b
0632f
039b1
04c66
0f2e6
0feba
05a47
051cc
01613
01ba9
0ba77
091f3
06b4f
0de8d
080b5
0ab28
0e802
0162d
03576
01adb
05a0d
050eb
00ee1
0f859
03b6c
02447
07879
0e3bf
0a6e5
0d68f
065c2
0a6c0
075ca
03863
0a6fa
0749f
03235
07967
0d33f
06660
0c045
070fa
025a5
0f125
0f804
01bd2
0df29
04a35
06ead
0e8f4
05b2a
0c650
0bf39
045d6
0ea5c
06368
0b799
08a15
06788
0abf9
04121
0106e
01e8a
08fab
045e3
038e3
0ee5a
0eaca
0d621
057a7
0afe9
07090
0971f
05046
05701
0759b
02c46
0d2c9
0fa7a
06ed1
0f26d
0ecef
08eef
0076d
0db31
07e49
07ee3
0a793
0de55
071df
04c45
00299
0d5e6
016a4
01482
0f0f9
01136
0d9f5
0c9e4
0f562
0322c
0e7a6
0fd96
07b24
02a8a
0065c
0d030
06f9e
043f2
0b780
09771
07a66
02e74
00827
0f5a6
09c13
052d7
0eb27
00c7f
0e8e0
0ed72
046f9
0cf8b
05eb1
0bda7
0edb8
000b2
02432
0c50e
0aa72
010bf
097da
0da0f
08a21
06a0f
02973
0abe0
01c10
0ba5c
01a66
038d0
0c412
0bb2e
0ee42
014ed
0bb2c
0bb9d
059bc
0224e
068d0
046dd
0ab7b
07a2e
03a24
0f4fd
06b6a
0736c
0a413
0b496
088e3
0d88a
08de5
01be2
02071
0bee1
0b0c1
0e7a2
0f8f2
03ed3
0f0b9
095a3
0e769
0bc7d
02199
0606f
0ea6e
02cb3
0290c
0c807
05b8d
093a5
02765
037fe
0545c
08d48
0395b
04bc0
0fe1e
04d0e
06894
00b9e
0961a
0d544
04399
0f2a3
0b182
0d71b
0e341
00aff
09541
060cc
0203a
00b48
076f3
0abf8
0d2c9
0af82
0a711
0f8e8
0e3f8
0ea7f
09bb0
0438f
09cec
057ed
0851f
0741c
0f7ee
0be69
09387
0183a
04bf3
0b4cc
0919a
0e96f
0552d
05253
0920b
05d53
059c8
04e95
0528f
079ce
03bdc
01511
0a21c
040c1
0e1bc
08554
0bd45
05e76
0690a
011c2
0a246
0b00c
04bbf
0beee
0e598
0533f
09a66
03e33
00cc2
0cf22
0ffb3
04a6f
0ea84
0a3f3
04fe6
00232
0a99d
09753
0f2a4
09464
04b4e
0e25b
0ad68
03981
0f53d
01485
04762
03bd7
09dbc
00cb2
0cda2
070d3
0e456
0b6fc
02f59
0a719
01c2d
063ea
071bc
08e4c
06434
00b8b
02acc
0e413
02cbc
0c9f1
0638e
0fb1e
0a2b1
01cb2
0b8dd
0cb8c
04bbf
0daf3
0bd40
0c5b0
0bee3
0063d
091bd
0b099
0b3e4
09dbd
0e422
02cd9
06e6f
0e370
0d4ca
0e28f
093c7
053dc
0d900
0d411
04775
02c12
0498b
06a62
09b41
0f300
0abbb
021d9
0c065
02d49
00363
0d1a4
08bf1
0d43b
0598b
0ec9a
0461b
06605
05f3c
0c377
09434
0fb2e
0159f
09a9e
09b9a
0fcfa
0ed49
072f4
00dbd
00140
04edc
0867d
099af
0f1f0
03f94
0934b
0d595
05bd6
0fbd8
07d4f
00e90
03d1c
08def
0fc71
02229
0b938
0f602
0df44
0840c
0f3bb
03d3a
0bf14
008fb
084e2
05360
01df5
04ad2
0a3ad
0ec0d
0455f
0b6fb
0539d
01b14
08b9b
0b8ea
0d6ca
0b643
018f1
09468
09554
02755
0633b
05dd2
03063
05592
0a52c
0a1e6
09a26
08afc
0b99c
03111
0b408
04995
0069a
0461e
09015
0befb
0f844
0d2f0
0ae3d
05378
03470
06f8d
04f21
07135
06078
03a59
0d5ae
0ebc5
0271d
03bae
04330
008e5
0f583
0b248
09f86
0b9a2
0472c
0e245
0af20
0582b
09bff
00eb9
03cb8
071d8
041e6
048e3
07401
09d67
0402d
06b70
042ab
0283e
0d980
03933
027cc
009a0
0f7f0
0dccc
015c4
06488
03733
010ca
01e58
0f02b
03ce3
0818a
01628
021eb
09a71
00542
03168
03f61
0692a
06669
05e9b
0b3fc
00efb
02e7a
04a86
08e04
0b217
0b453
05234
07bd0
022fd
032bd
00728
06f1a
06212
0904f
057f2
00237
03286
06d93
0f30d
0bba1
05ec8
0e11b
036f3
05c98
0b5ab
0c25c
0d922
06db5
07481
0d0ae
039c6
0a0e9
03f4a
0ee8a
0387b
04596
0fddb
0b8f5
09398
014ca
02a1c
0a7fe
0fcc7
03b3f
0c502
09135
0e9f4
09fbf
0e34e
073a5
0d087
094c8
0db1d
060a8
023a3
0f38b
0bc21
05bcc
0068b
0fbb9
035d9
0caf0
0e049
02b85
03d0a
04967
0ca24
0cd1e
03414
05662
02121
0ba38
065ee
0ad61
06688
0cefe
03eda
0773a
0d972
0ff8b
08e99
08bc3
0cceb
0b652
0f39f
0cf13
0f814
08eca
04b74
0e8c5
03750
03e8f
0805a
0fa8a
0fe9a
0762e
044eb
00f37
032ff
01b0f
022ee
0ff0b
00db2
05bb2
0c3e8
0a766
04e33
09b02
03152
0272d
0fc00
0ee9a
06763
0964d
0feec
0fb02
085f8
0afee
0090c
0102d
0dc5e
03cff
0c46b
0e675
0a10d
0c0af
0e296
0eb58
0126c
010d2
05a8e
09b28
0540a
0fba3
0dc82
044db
09ffa
0c735
0f993
03800
0fb29
0f08c
0f3aa
05007
01c89
0c863
086db
0fd48
0c16e
0b49d
091a1
0a416
01f72
00e69
01719
041a3
0bb9a
0b29f
00dc5
0aeb9
0c2da
031d7
0db36
0b0b6
0b6f8
0d2e8
0b3d9
01ce6
07d0b
07ec7
07820
09fcb
02b7d
02189
09c1d
03a9b
0acd9
056ed
00a17
0a6f8
01323
0ebfc
0d84e
0d7a3
08882
00a72
0f07c
00b62
0a20e
0c166
0c7d5
0a514
03209
0fa0a
0333a
0696c
0ac03
0fe53
0add8
05550
0995a
0ba06
0df3a
0674c
0fe70
02690
06d9b
09320
087c2
01856
0983a
0cdd6
073a7
02f15
03080
0ac76
08bf6
02271
0f356
0daad
06b62
0b1d3
02740
09a8b
0998d
0dda6
0a06f
06670
0d420
0cdfa
080a5
0e80d
05c77
00986
05f82
0ff97
06d08
0ef41
0892e
0de11
01ea8
066bb
0ba82
0eccb
04ba5
07b12
04d0a
099bd
0deeb
0d20d
0a326
020fc
06838
0d32b
088ab
092f7
05238
0834c
078e6
0cfcd
07a1a
03a24
04cc7
06242
00e2f
07dbd
09eff
0eda6
0f884
0df4c
0d812
012f2
0676b
05197
08ba0
045da
00eeb
0844c
08e38
05a1a
0159f
0f8c0
00a31
01c53
02af8
0a0b8
09890
0208d
0d063
0ba14
02e3c
0cb35
047f7
078da
0394f
03dc4
080ec
0fe2e
02e35
079e5
03e9b
0a077
0a898
0c7a7
078cc
0d882
06f9e
049de
036b0
059ad
06d9f
08c91
0e102
0d116
08234
01ca2
0fb10
0bfd9
039d6
0a20a
0d8f9
0f320
07e21
08e33
04a31
0b9da
0f350
0bc48
09dc8
00aca
011d2
01bfe
07ab6
08186
0c4f6
09e58
0b9c8
03e7d
07907
0e282
0c6e5
00407
0c934
082d5
09a0e
02e35
0788e
09847
06bb7
05209
0e0b0
0a265
0d005
01158
08c4e
02902
0fbbf
0f132
0d36f
0aa5a
0d840
03367
05218
0859d
021fa
0b426
0d77c
0a74e
0e811
00e00
01aac
05e13
0e305
045ad
00193
0cd23
06670
09c70
0a0a0
02a1a
038be
050ce
07fcc
0429b
0d214
0a388
0e729
0f4ec
0445b
08577
058d2
0a7b8
09047
065b7
02b36
0d438
0bc36
05d20
0c978
0c130
072ef
00a9d
00bc2
07519
02d8e
0ecc2
06583
08608
05667
0197d
0cd54
0db99
08533
04c6a
02d99
0bc60
0571a
03c15
0073a
0decd
0e84c
0fd01
03cad
072ef
06802
0618f
0884b
0936f
0fd03
0c39f
042a9
0dcd4
069c8
06e5e
090e1
060f4
0d62f
05c59
0d12a
04ab9
00ebb
09494
0860a
07891
0e6e6
07f23
0bd41
0ea94
02be5
00548
0f011
04433
0a580
0cb8c
06ca7
0c459
0d8b9
08330
02567
030c8
01e14
01aae
0aa6c
0783d
0f11e
0b567
0174d
002be
081df
0c30a
09ae2
0ca15
0bde6
043b4
0150e
05bd6
08544
056f8
0fc55
0ada8
0efa8
0438a
02de6
0a277
0dda8
04899
08553
03bd2
0a064
0169c
04178
0ff98
08fdf
0b89f
0dc34
090db
086c4
0870b
0a042
0df1d
05478
0a18e
0fb88
04d72
0e146
01b3f
060ba
04c18
01bf0
075b0
05dc4
0125c
0f0c4
0853c
053bd
0ef2c
0df73
03b67
0fd64
014e2
0e20e
0b689
0f86c
0ea5f
0fc68
03998
04bcd
03f4f
0b2ff
02fe9
0684f
09177
05c7e
0562a
08bab
06cbf
0021c
05c73
0d534
02756
07e08
0ff08
03048
0a845
00d4a
0918d
03e75
0c9d0
0bf43
0364e
0a5a6
04ebb
00ec8
02981
0eba3
0f5af
0e879
089e4
002f8
0a8aa
01673
0e7fc
0a65b
04236
06c38
018ec
090df
0a576
01c6f
02435
0c345
02f62
0cc37
082a4
05b24
07aeb
0cc3e
02daa
00a80
06a9c
0536c
0c6e9
0ce06
091e3
04eea
03dbf
098db
0fb50
0dd5e
09ec5
04338
0b7d4
03135
0bc23
06655
0faaf
0e411
0c6b3
0f3ef
08976
0d89c
02e31
0d856
0bc89
05f6a
0de43
0da1e
02f96
014b4
0aef9
0ed53
072ce
04f65
0fd9a
02afe
094d7
0efba
0dfed
0288a
0f489
099cd
04c16
0416d
099cf
07f4f
0daff
09749
0186f
0272f
01716
0371b
0d98e
0d377
03060
0ede7
081bb
0b5fe
0827d
029dd
00854
03a55
0ecfe
05bee
05d4a
0c931
0172c
02aa5
0d51e
09865
0a0bd
0e8f5
0e65f
087b7
0aec3
05fd7
06c11
05ec3
0280c
084c5
03670
0de1a
0092c
002fe
0ca34
03bbd
006cf
057ed
0f449
0eb9a
0cf68
0f933
09b08
0b8b1
0ca3d
09af5
02cde
0400b
0452d
0071a
061b0
0394c
00822
0605e
00dba
06b20
0f654
04a51
07bca
0df1f
061bf
02c14
09a11
0ed46
04bdc
0f2ae
0d800
00b2b
03ba0
0550b
04e0a
0e3f9
0f858
0f167
00a0c
0e626
07c39
06715
096f4
0c891
01a12
0aaee
00408
03490
0dd13
0d4d4
0fdcc
094e0
012f3
0f999
0cca2
0f8e2
0f9ce
076bc
01f14
009bc
0d810
0a1b7
02084
08923
0d593
0f259
03bdf
0fd54
0b18b
0e58a
0df59
00aa7
0529a
09376
06268
0f040
0b00c
0e050
076d6
0707c
0ada5
0efda
04327
09637
0c7de
0d56e
0b873
0f1d4
052f5
06a17
0909e
02c21
0f73d
04218
058b9
06622
05008
0fbff
033a9
0d4fb
0fcc9
09b78
0782d
06b3a
01816
00948
0b7b2
08588
0b6ce
05134
05974
0105e
02098
0aceb
0dc7a
03a5a
07410
03dca
072bc
0f904
08401
0ae3e
0b5e2
017e5
088f4
04d67
03552
019d0
0e02a
0ea0d
038cb
03637
03428
0157d
035f8
05587
03c72
06928
0b928
05066
09591
0e20e
0ff2d
032d6
04eff
0ba3b
0ab51
0468a
03ef7
0675e
0e0d2
0d4dd
0035f
07d9a
0f284
0aec1
092d1
057af
02ba3
08833
0beaf
0d47c
0b8a6
07dab
04d9f
0d7eb
074d4
046a7
0db8e
0d3aa
0d190
0eae1
0b93a
00f3d
0e299
04a8a
00517
023a0
02b68
0ad36
0a12e
0cda5
05422
0de3e
01f78
0c95a
012fd
04d49
01d99
09769
0d6af
0cdd3
09bd0
0a09c
0b035
0040b
08f3f
04b31
0ced0
0e472
06907
0e260
0b0c4
0cf1b
06503
09a62
02b26
012ed
0ab42
0c7ad
04083
0915e
06d6e
02f86
09fdf
0ae71
051ef
00bfd
00e47
08473
07b90
09b9e
0d872
0388b
01eb1
0bef7
084fe
0b57d
03f64
01870
03fdf
0e5c0
0988e
002ab
0e802
0ad8e
078e1
077b9
0b35f
09930
091ae
047aa
0c15d
07ec9
035e0
0a7db
06296
0b8f8
0e89b
0322b
04b09
0d9f4
0d2f8
029f4
02f3b
01fd7
0d98a
04297
0f3d7
06df8
0e46f
027f9
0bd14
0ce35
0ca20
08702
0ff66
0d8ca
0e152
0faa5
0d576
05360
049e7
04116
0f833
0ea59
0423e
03c72
06cdf
0e92e
0f25b
010b1
0504d
0bd19
03cce
0d136
0387d
03de2
0bd3a
09445
0149f
04e7d
03c48
0be30
09c1f
0bfb9
09b44
09684
0f8cb
00e53
04926
048c6
0d7f0
018e8
09c3e
09124
06e60
05dbc
0fa43
00111
03ea1
0b282
02297
016e0
0d5cc
0f65c
09e91
0e79d
0acf7
0c12e
0f351
043ff
046ec
0ebff
0e65d
0e5ed
04c47
0a682
02dba
0d1ba
0c643
07734
0ca71
0ad91
01775
0e2dd
08e04
02d53
054cb
00cb3
09e21
03f60
02b99
06285
01b12
060f8
0f3a0
0098e
03d95
05c07
009b6
08cc7
0695f
07d96
0e372
02b56
0a40f
0cdb8
01708
0fba2
00be9
0ae0e
0dfc0
05c6b
0d472
00c51
0a27f
0c396
083ac
02e9a
03ab2
032db
05618
09219
049be
05d86
082d8
02de3
04ef6
09d14
0d086
056a0
01e29
0a68c
05ce8
00de9
01df3
09896
0c7a6
0328e
0a3dc
048f0
0d35d
0a5ff
0840f
0c043
03def
01a8f
067b5
07aaf
07915
0fc67
0c525
03aeb
089e0
01f0b
0a2fc
0edfd
0d06c
02183
0f7e5
00ecc
0d0a3
077ac
00988
089cf
033f9
07e1d
0404a
09bf6
0d041
0e457
02af6
0682b
048e4
0bf21
0561c
07d85
0d8f6
0e74a
01565
00083
0ede6
09418
055b3
00047
01ecf
0f6e1
08bee
08074
0c2a3
0b3ed
06cee
09008
01749
052a5
023ce
099ed
02def
0ca65
03ef6
04780
08f15
0dd2a
06bf4
0a2f8
0af6d
085d1
0e7ca
08bc8
07dea
0a4ad
0aeea
06bd6
0eb6a
0a82b
00820
04477
0010c
0f3fb
00230
004e7
058d9
0d38a
0fa5b
0c91b
0298c
027b1
00fd8
0e3ee
03f30
0b4bb
0c0b4
0b747
0c604
05ab8
00451
03fe1
0ece6
0bdaf
062cf
0e39f
004cb
0716b
00a20
08ff0
0b734
0620d
02e10
09b3a
0713a
077f0
0fcd4
0b9db
012d6
08fbf
0fc55
06b0d
003a7
06465
0cacb
038cd
08e00
0fcef
05748
06335
059de
02176
041a9
0214e
0413e
084ed
074b7
08c74
0623a
00bd6
0817e
0e869
00100
0daae
01a8d
0a560
0dd76
0d052
08c4e
03e51
0eee4
0fdbb
0b912
01641
072f7
0180b
08e4d
0d712
0e5d1
0a1ea
002a4
0c8a1
063a3
0ab5e
029e2
00cfd
07385
0d8fe
0261d
07ffd
064cd
05436
0a890
09f21
0202d
03186
00e45
0f5be
0dd28
00c4c
0ab29
08035
07e8a
03736
0f278
07a0a
0ae7d
01bde
0aacc
07936
02554
0e086
030fb
0e495
03fe9
02bcb
01f12
01112
0c139
0a066
0214b
0414c
01fbe
0e243
01c0d
09a5a
0dd1a
021af
03422
01c90
01aba
096ff
0c34e
0cda9
03110
0d27c
0775a
0056e
0e825
0c491
0edac
0db30
033da
0ade2
00d4c
0e87c
0a809
0628c
0374c
03493
0064a
02295
06321
04080
08337
0b5f5
0d78e
0f679
0e3a5
05f31
07c7e
0467d
01690
01ef8
0415f
09f92
0df27
0b72a
09f54
04a8f
04b79
0f065
09e0a
0af90
09506
0bcd7
00423
04a09
01d58
0798a
01bf5
0d818
0b008
0640c
06697
0670b
02305
0aedf
060f3
0f392
0ef4f
0a98b
0abdb
09969
0d65f
0a840
05316
035ae
0e89a
0159a
0fdea
07055
001e4
07230
075e6
0eedd
06d20
07a60
0f624
0a9bc
0c077
0691f
0ccf5
05e55
00371
0b9c3
00510
025c0
0b73c
00f5e
03afa
048e8
094c6
0e17d
06388
0b846
0167a
00f32
065f3
06549
09175
05929
07019
08624
0593b
0adfc
07def
05b69
06458
00b01
05a26
08609
033cf
00abf
04644
0c202
038d0
0ad40
06ba4
09c32
0e993
07af4
0bd41
0bea4
057bc
0de10
02179
03cab
049f3
042f7
06118
06224
0c1a2
0bf9e
0a2ca
0dbec
07d35
017a6
060d1
0969f
04c10
0a7c5
07e8d
01b44
08f65
040bf
0fa5c
06b21
029ae
0f0fb
02137
055b9
0c6b7
0bf9f
0ff46
0edb4
05ba5
0a4c6
0bf6d
0f772
0fd55
0f290
08963
0cd48
012bd
06a16
07065
067ef
0e777
07801
0cab3
06feb
09cab
0d99c
0c111
0507d
0bf8a
08251
02b65
044c6
02b05
09710
0e396
0b401
075d9
01510
0ee35
0ac39
0da2a
0e6fd
0ef62
0dd71
0d162
0bc2a
0febd
0a250
08bc9
0c3c6
00ca7
05bf0
0e224
077b3
087ff
026da
0b7db
02a32
096cb
02804
08d87
0749a
03262
03cb7
02487
0b870
01399
0668e
0aae2
064ae
0a892
08003
09afd
08c86
0619b
04696
085b3
0045e
09954
0904e
0b179
0cec0
0cfbf
00616
0f1aa
04c6e
0cb85
07485
0742f
06b74
0f2e9
077aa
0effe
0ec3c
0ae6a
02bf7
0a04b
0602d
0db8a
0d5db
06b4e
0e09a
0e662
00f69
0bfd8
04724
041b6
09c73
004f4
0ffe5
0b596
0adfd
07373
0d69a
0d9f7
0ce86
0996a
0a6f3
00be6
0107d
0473c
04eb0
0a916
0c822
0c33c
0688d
0c801
0209e
0c5da
0606d
0f316
0379f
0a85d
0e72f
09bfa
02fbd
057c4
03568
05af3
0106a
0fa2b
00dbd
05f96
065e3
02394
0c593
09150
0696a
07750
0950b
023d4
0e8c9
01d6a
0bcbf
005a7
057f9
0a74e
0d25c
0c83e
05066
038b3
0421e
0d63a
0f4dd
02334
0c72a
069b7
04286
0694e
09e98
0dd49
0f316
0514b
09ee1
067ec
0eafc
08d06
06745
003cf
0490e
0e436
020c0
0cc68
07e61
0a864
0fb5e
0eb9f
0ece6
01402
02ea5
09369
0e9a1
0b18d
0984b
0c83c
059aa
0d481
07f8e
05bf1
0dd39
0ea68
0c4f2
05dec
030e9
0c97f
0165b
07ab9
050dc
08c2c
09572
0222c
06f3c
0fcaa
0d293
03e11
0bcca
0272f
035df
0a6eb
0d1f8
0e6e1
05465
0816a
06a2c
016da
0eca1
00dad
02579
0ec7e
0c326
0aff3
0cc76
06388
0cb18
01357
0057f
0804f
03ab7
045e0
0a77b
0edb1
0f832
0ec36
022ef
02a43
07c0d
0e01d
047cf
0f10b
08eeb
0529e
05757
0093f
03376
05abe
0969a
03f90
0c81d
0563f
027b9
005bd
08be7
04e97
0e19d
0b757
05b1a
06eef
011a2
06ead
0e255
01873
034a1
0c7ff
09ddc
0e352
01ad6
00263
018ea
0c139
0674a
07fd8
0bfd1
07a21
06664
02eca
00836
0d7e6
00e4e
00774
0ac9a
06261
02058
070ee
03175
055f4
05587
01688
0d4d4
03722
0a77f
0a536
0610c
06a0b
0ca45
0db13
03dda
076fe
06d74
03636
0b691
0a590
058e4
007ad
0cde5
0a1ea
00622
0c743
06cef
0eae4
070b0
021cc
08e91
0bcea
0167f
02279
06fe7
0d27b
09a62
0ffc8
03420
057c9
080fe
03082
0a611
0c6f2
0440f
0aa02
059c4
0a2cc
0f6d9
02291
0ab92
00909
0e5d7
0c3c6
07700
006ce
07718
00adc
03f84
09e21
07908
0db64
07cb2
028a5
01eae
0466d
0bfc1
0ff59
097dd
0676e
04da7
0c062
068a5
01368
079e3
0e330
0a84a
044be
08e66
0a294
01447
0d46c
093b0
00c21
07540
0a99c
0af7a
07c08
06960
01baf
07f26
071e4
0c352
0a4ad
05df9
0e27d
00318
02115
0fbb8
023d5
0628a
01aad
04876
0688f
04049
02efb
058ec
068a3
078fd
02805
0da3c
0ef24
09f78
0540c
06523
07d66
0d918
05a55
07f78
09b30
09219
0e583
0671e
08b31
0f65c
028f7
0b81b
0cbe6
0c164
055e5
0f101
0e1fc
0d86b
0ddea
04fcf
0f6c8
00a24
0c349
0dad3
02a9d
099b7
04e3b
059f5
083bb
0c2ca
0ed63
09c98
0e83e
09102
0c013
0f631
024d5
0aa9d
045f7
0f042
06434
04f38
06116
00223
00692
0bf9e
0fb9f
0cf21
0d4e6
0ca0f
0bf0c
0c4a0
0faa6
09d99
02478
0d14c
013e1
03fbb
0c507
05321
06371
0df62
082b1
0b278
0fa2c
0bc82
01d8b
0c54a
0d91b
07e5b
07c15
0f498
011aa
0b90b
00e77
04bb7
085cd
0e933
04b73
08232
07ead
052a6
00651
03bc4
02f42
0c4c9
0cb9a
02923
060ad
0d88c
054e6
0da8e
08178
09abc
0c3fc
09daf
0d2be
02d80
037f2
0b054
04911
089bd
06b46
0cbc2
09dbf
00349
05638
0fbc3
000ce
03199
023c2
0d5ef
0d56c
093a1
0dca5
0575d
05a51
0bfd2
05f6f
044c7
06562
0f912
05d2d
03871
0e6bd
06cd6
05f0b
066e1
01e32
05d8e
0623e
084c9
0d14d
0e1a7
037e8
0550e
028dc
09614
02be1
0c165
03fd6
08db3
020e7
0af2e
00f30
07835
0f4ae
0f86b
0339d
004de
01f42
0883b
003b3
0156e
03195
06c11
003b7
0c057
0881b
0f8cb
0f24b
0ac8f
0dbe1
0ac50
0bdd7
0afa7
0a165
07aac
0b8f0
0cc04
0c1c2
01d4e
0b649
0a917
0334a
00194
0e9f1
0cdb9
04719
00d25
03eec
08f16
07f40
0bca2
0e761
0f34d
0d385
06039
0019a
0a4f5
00883
0b86c
0176d
0a6ab
0e37c
07794
0f815
0cce2
029a9
0b258
0db17
0f3c6
0336e
0c50c
09675
063e1
0494c
01040
04177
0fef0
02c97
09a4a
0ef00
0560b
0e47f
03b3a
0f6de
07b57
07c99
06c5c
05742
02dca
03600
0deaa
00ef6
0520a
0a72b
0c458
08f8b
070d5
083e7
0f3dd
03f06
04581
0fbe2
02e4e
0aa64
07296
0211c
0afbb
0c107
0c367
0dfb9
0777b
07275
084a7
03b3b
094fa
02ce4
03907
02da3
0ae33
06056
03b72
0bc48
0413c
0a072
0c2a8
000dc
09f21
01faf
06135
0c6bb
0d8ef
0a3a8
0bae4
040ab
071bc
03692
0ca66
004b4
0ebd4
0a1c1
04a16
097f9
07014
0ffea
0e95c
04b7b
09118
04aaf
01195
0a3e9
09e27
03f36
08c01
0f4e1
06e70
0fd73
0953e
0c0df
01e1c
0aa91
04e2e
06bd5
0733c
01ae9
05ba8
0f99a
0c89b
09923
05181
00b0a
0c8d9
0acc1
0d849
0f264
0b255
0c860
0c839
024c6
090ea
09092
063e3
0c99c
031d3
04305
0a597
01bb6
09baf
0ea41
053cf
0466e
0e23e
0f702
09508
04a26
06b66
06faf
0642c
004ad
0b975
03432
04b92
0c0cb
0daae
05621
01cd7
0312d
0b60f
0f29f
05bf8
01add
03c14
0ad4e
0de1d
04c11
0ced8
07d70
01167
03cd3
07b51
0cb15
0fa2d
09afa
05850
0c030
02de1
0ed66
0c3a2
08ce9
0e3e6
0bc11
005f0
03d70
03bb6
02a4f
03e7d
0fa7a
0732a
00bca
0f580
08c25
03069
05cb8
0c496
0f7e7
0de08
098c3
0401e
032e9
0a684
02082
05ea9
0cf87
00a1c
0c99f
0fa24
020bb
03f88
06a38
03c12
05c80
05c20
002b9
0e4fb
0a0eb
03eff
0140a
041f4
06996
0528a
02cf6
08376
011ec
02b52
03fda
098df
0ba24
057dc
0d89a
0000b
07f26
099e8
017a3
09638
0e3cc
0479b
0fb1b
0a039
0b448
06b70
032b1
016e7
07965
012ce
0604b
04888
09973
06e30
044b6
06e9c
0b7d7
08e06
041c9
0d812
02612
0828b
08577
0c378
0539e
0ccd4
0e981
02aa0
08223
0d9c6
04957
06853
02420
089ee
062a0
0be89
053fd
0d6e1
04e96
0a1f9
0de04
0c204
00d44
07eb8
027b1
08a4d
03fce
03850
0d045
021c5
0a8a1
02d8e
0b9c3
0aac2
08be7
04aeb
07397
08c1b
0050c
03226
0c11a
071c7
0c1dc
035c2
03f3b
059f9
09cf4
0faaf
030ea
0b2a3
09061
08ac7
032b8
0188e
0576c
0a2d0
0c774
05c81
0b0ba
0ce28
0f427
04151
084a3
004dc
04f9c
040b3
0490c
0c1f2
088e4
01b11
0bd84
07f8b
0d624
0ea63
05dbf
0e0bf
0b53f
0eff4
092da
08d38
0db04
07520
09c41
02c83
09c7f
0d022
0a01f
02e26
028b0
02744
07ae6
02ff0
05489
01d65
02b4e
0925b
0fc56
00579
0d914
045d9
0f595
0fee0
03fd7
0cf99
0071d
0615f
003bb
0d996
0b0ab
07d0b
015af
0e5b5
05649
0733c
05981
02676
0bbee
04442
0b4e2
01a10
0d86f
0fdb3
0c218
05749
0bf1f
039f9
0ad08
07fe1
03c58
09483
0992d
0f75c
0964b
0878d
06d16
00124
0c988
06f57
09c11
01223
0ed15
0f9fe
01d70
0b624
00304
0ebb3
0a837
098c1
0b531
036de
002a3
0b30e
05f50
0cddb
0b585
00489
033e2
0dc92
0fbed
06524
02b63
04eb3
0d249
03f68
0f98e
00389
04fae
08011
073c2
0f0ff
0ca6c
0bfa5
0993b
0ba9f
0db4f
05d46
089f9
037a6
0e08c
0e0f3
052db
0479d
0b51d
0de30
002f9
0b7ed
0659d
038a9
0610e
091de
0149c
04471
0ca01
0d794
0a994
0102e
05214
065e2
0f566
08816
03cd2
0d799
0fa67
0fdbb
0413f
0a657
0ccbc
0c717
04349
0382e
0373b
00ad4
04093
04fa3
0b030
10000
006fc
07917
01aa4
0af2d
0dbfd
0041c
0de60
0f5db
09434
0907f
0f8cb
02a4c
0db9f
07ed8
04e13
05fac
07fba
08ff1
03ae3
086ed
07ea5
0dbba
06596
0f2a2
034c4
05cc4
06099
04c25
07571
03dad
043bc
0cd74
013a4
08c37
06265
04adb
0da44
0090a
06637
02e8f
01a16
0c2bd
0d089
09ce6
0767d
0718c
0ac1f
0da26
0f559
01f69
0daa9
01a72
09bcb
03859
089da
0ba26
08fa5
0b3b9
0d60d
07e72
0a3c2
01859
05d0e
014ef
00046
01ab0
0a4ad
06c88
09215
0f1b1
08f71
03397
0dc9f
05ea3
08128
0fb89
0ba27
0ab27
09bd4
0391a
0319b
006fe
042b7
0a994
0b89c
0b907
0be41
079fc
08d48
06b89
0c4a2
02ca9
03675
042ce
03d9f
01503
06180
062c7
0e43b
03280
02656
0af90
09a5b
0f2ca
0676c
04eae
0166e
04173
06227
0d61f
0814b
0b1d6
0bb65
0e59f
03c1f
0df4b
022aa
0f734
0d687
00b33
05578
08c5d
04203
0944d
01744
01f20
06160
0cb84
0fd74
02664
054be
0e020
0c4af
0c7ce
0cd3c
08b01
069f2
05e3d
001d7
051eb
06f84
00489
0e92f
08485
09b58
070cf
097bc
0897a
03cfb
0579b
072a6
0175a
079f7
0956c
01403
04bd8
08e36
04414
08a76
01a60
07f7d
06b81
03b7c
000b7
0b1e6
0bcfc
0a62c
02a9f
08730
04468
0d112
096fc
0a636
01d51
00554
0b601
07045
08f33
05a7d
08310
00801
0367f
0c393
083c2
0698d
0e266
070f7
0a605
0899f
06868
0ca7a
04fb0
0e461
076a4
0de28
0bcbe
04bf2
0f540
02ff8
0fdee
05cef
0eb35
05ebb
05a2b
060b2
0fb25
05c5e
09068
00ac6
09ecd
0536a
05aff
0c9d4
0602d
0238f
0497b
024e3
0da50
07d91
0e8f8
0ce15
03351
0464b
00609
0330f
0c178
0c49a
00a9b
03856
006f0
01665
043ac
07f26
02acd
0890a
04907
006e9
004cf
03672
0ad41
02b80
06796
04749
0f5fa
0e37e
05387
09d61
0a9db
0f533
04f1c
07cd4
01c9b
088f0
03f03
00adb
016cc
034a4
097ee
03483
0d4a0
0489e
0009e
072d9
00c49
0740e
0dab1
0c550
04b74
0b4e5
092dd
073a7
0c4fd
0398d
0fbcf
056d0
03863
072f4
03416
09049
0b6f1
0270f
0aadd
03c98
0b892
02b6b
01631
04d5d
05b2b
0db75
0ab70
05cdb
0d9b9
04ce9
09a66
092f2
0b25f
03535
08acc
0ff9d
0bcfc
087e2
02719
0011d
04c1a
04b0d
0a3f8
04ba9
0c7fc
0e4b5
0f4f5
02276
039f0
0dadb
08e94
04a11
02e4f
0a567
0414c
05d1e
0c521
0b489
0a37d
0fd08
0d900
0f66b
0d3f0
0aabb
046c4
07de7
0c430
0d65a
0fe84
0fc36
075d1
0c4ed
02acf
0d7fb
0704c
02cac
0786b
0b931
00177
06814
008c8
0b98c
0f2a6
04466
03866
01e80
0b2dd
0b8c2
04758
096e2
0ebb8
049cc
0d797
07c28
06be5
072fd
01c9a
0468d
03c06
04941
0c142
00d7d
0d973
0be4d
01bb0
03646
025c5
0f422
050fc
00f74
04b34
0bb01
04855
02871
07d76
02775
00663
0d53e
04ca7
05d66
0f085
047bc
09959
0f0bc
0d2b3
0acb7
0e350
006c3
092d3
038f7
04fd0
01eb8
01071
058df
05219
00590
0caf3
0d8e4
0e899
0841f
09cb0
07462
0d8eb
05048
08b2c
02f12
0c14f
04011
06c79
0cd01
01cab
07014
0c8da
05e0d
02787
0efd6
0f46f
0a05a
0cf69
0c2cc
05463
01bfd
0be32
0d933
063b3
08a32
03780
03573
027d6
0b9b4
0abc2
00e5c
07aa3
0907d
05355
03682
02171
06c7f
0059e
09e44
0601f
06748
01092
07b0d
089d0
02b8a
016f9
0f7b5
01763
01899
0a110
02fb9
09e01
00457
0b69a
09097
0cbd8
063c7
0a102
0c802
0b630
04250
031db
0a9a2
0d087
033b6
04ce5
00c20
0c3a4
0f433
01327
0948a
0528b
04d96
0ed1c
02852
02fc3
07690
06e69
0481f
05274
0aecd
0e51c
0432c
0ad94
094e9
0b87b
0dc9f
0147c
0c677
07a6c
06aea
02666
04e07
0febb
031df
007a6
04905
09e7c
02ca1
0ff71
0302f
0e8dc
0a09f
056e5
09759
052ac
022e6
08f6b
0ba06
0b4ec
02daf
0246b
05bbe
0ebe6
08411
0f24f
08315
0e253
047e8
03f78
0f9fd
01445
0ba19
092c0
0cd47
0d16c
0420a
0e1b4
0bbc4
0a096
0bf53
02abf
0d38e
0e672
08691
015d9
01d36
07d58
00411
04f22
035e9
094d1
0c06b
05100
0cc6e
0255d
07233
0c6c5
0ecaf
02fdf
0b2a7
0ee87
0efdd
0ee01
037de
02bf0
05c4c
03779
0cb3c
0ddc1
06621
0cd94
0a84e
02102
0a273
0af52
0f8fb
06cde
0f3d3
03a88
08e87
0e8be
01399
04fbd
0f09f
04a80
06d4b
0a3ef
01009
0c2b4
01ff2
0b915
0dc37
0f262
06d45
01bb0
06c48
00bbf
0d889
08a29
0810f
05a2a
02acc
04891
02375
08c3d
0cf65
029d5
098bf
0e720
0d6e5
06d9f
084d6
05e3f
01b84
02f54
0db68
0af1d
09803
0543d
065af
0b2d4
0d694
0f697
0f374
05245
0dfa2
0b59a
0c73d
00515
065a9
027d6
04a0b
0a5c0
0a20e
00743
04d0f
0ead5
04b83
0ffb7
0a200
03a2a
0d011
0868e
001e1
0e6af
0405e
0e60e
031e4
012ae
06fef
06014
0d721
0550b
0c14f
06ea9
0b238
06b66
061df
0075b
0bd92
0ba43
0084a
09a98
09d2a
03fde
0ff8e
0e978
0d3fe
0d21e
0b415
0b455
0da08
0abf1
03a0c
05a04
0eaea
0db55
0bf09
05a92
05347
0df2b
0c35c
091ef
0dfff
09105
032cd
02cdc
03526
02de5
00869
0d293
03514
0fe28
0330c
0e361
010b5
0946e
0d75e
06c7a
0721d
0e8c5
0c31c
03a9f
06420
0f06c
03fb6
0b383
0ed8a
0d36c
0caa7
003e4
0bfd1
072a7
09134
08904
0876c
09d63
0d455
07bad
00220
0d440
010ba
007f3
00d70
04e87
0bfb2
0a28b
0ab90
05740
0dc2b
07bd1
0c860
062a4
0c960
01a68
0dbb3
041fb
0c7e4
058f1
0ce65
0a2e1
0511f
0dff3
07641
032fb
040ae
03c9b
0c8b5
0853c
0516f
0a512
06853
02fbf
02fc0
00d20
0dff5
005e8
04e5c
00e3e
02854
0c3ca
00cf2
042d7
0e84c
0b75b
05f84
07abc
07189
09806
0633d
07d91
0c197
0855d
01a7e
08cc8
02a7a
0499c
00bd9
034f3
038cc
0eb12
03ed0
036d2
0489e
0909e
08624
05c7b
02f80
0279e
0fd0d
0b909
06a7b
0c816
0338b
0fb69
00b3d
0d3d6
025ab
0f918
02712
06bab
0d6fe
0c021
0a08e
0e6d9
0527c
05c0f
098f6
00531
05b7b
0101a
03c02
0af84
0b18d
0f7c3
00291
05118
0824d
03e41
062bc
00f21
00bcb
04e00
06ebf
0bad2
03ac5
06f15
00f1a
0a7b3
046f1
07084
02ab9
040cf
08901
08c1e
0f690
06602
02f16
0b275
096b1
0ef20
0fdd9
0df43
0ccc5
062d8
0800c
0588e
06550
08fea
0c920
034ae
09f88
054d0
06962
0f9c5
0ddef
0e46e
0d8f4
08b18
0a333
03711
0c41e
0dbce
06641
0b4b1
0bf77
020e7
0e618
055a1
01148
08191
0d1d2
09642
0b45a
0cbee
00f54
03ab3
05c1c
0a536
0dbd8
05f30
0b72a
07d9a
02531
06e2c
0be4a
0be72
04a42
0a0ff
03e9e
004ee
0a31e
00594
0a861
06d73
0ee45
0a4a3
0771d
021e9
0c56c
09135
06ca2
06f57
034b1
08e5c
0264f
0d7ef
0ded3
0a2b4
0a3e6
06573
064ed
0196d
0fce4
0ff4f
017f5
08c80
0d7ac
03d0f
03f89
0e7d3
0579f
0a75c
0c405
0790c
00ae3
091f0
00921
00261
0ec6d
09198
0431a
0ce3d
012f2
01407
0acbe
00854
0238f
0f095
030b3
0d485
09a1c
08ca2
0a266
0b10f
0ccf9
028d7
0a058
0fcd5
01819
0c962
098cd
0e8be
0fc96
03e29
0bf70
0349a
00efe
072b2
0187d
00552
04708
035d4
0a54d
0df11
073e3
05723
02d10
061df
0bcdd
00287
01ae0
084f5
0160e
038bb
01893
09bcb
0266b
08707
0a89d
0c255
08a31
05736
04688
0ebe0
03d63
040a8
0a37f
04bc6
0d39b
0e4c0
03ea7
07b25
0f4b2
0faee
08fa3
0a4d1
0f725
073a0
02f00
08712
097ac
02a64
0b4bd
07c18
0696a
027f1
02679
0fd3c
01edb
06cc9
006b8
06ea9
0efb1
0c526
06036
0f9ac
03585
0ae4f
06ad5
0a070
09fa7
0e875
04ed8
03619
04297
07004
0ba2f
0c56a
0e7a5
067f2
0cce7
0603b
02324
08e40
0d89f
05411
09d42
03441
04b69
0ec02
036df
0386c
07b2b
0087e
0ebf4
05fc2
08894
00ea2
0f3d5
0e7c0
0b433
087f9
03c95
02b0a
0b577
0dcea
06c93
04d1e
0cb3a
0dc98
0aadf
01b37
0e1f7
08b90
0bd53
03214
01928
0c3d9
0d85d
0634b
09687
060ff
0ce2d
05a71
08d46
0fcbb
0ddfc
037e7
01988
07f75
038df
0706c
03af9
01b34
01245
08848
07a3f
021b6
033ba
08d09
073f3
0cf22
0c8a8
0c928
033de
07095
0895a
0fd87
06952
05791
0683b
0b1fc
09373
09371
00197
03040
05ec2
0f419
09c53
07a2c
05728
0a156
0238f
05552
05feb
0aa10
0e912
0489e
00685
0f2fe
0db18
0ab09
00aa9
05ae3
08715
02769
05769
004fb
0b44c
0f299
00083
0fa03
07eb9
0f1f4
03801
01721
008e7
094d1
074e2
055a8
04b0c
03014
03332
09bf4
0abdd
0e7bd
0fb38
0b399
083c2
0f915
081cf
0ba84
0eae1
006f1
0b48b
09a2e
0aadf
0f7fd
039bb
08a35
00a9c
04bb9
0d215
070c5
04884
0b6e2
0fee3
00fd2
07d1d
0dc87
0b805
069a1
02db5
0633f
0c16c
03742
08c3f
0e606
05993
087d6
0b29b
0a992
0c834
0d5a7
08d70
09e5f
06192
0150b
0afc1
03ef4
0ddee
0e8f9
0b1a9
093aa
0386a
00444
0ff73
04b54
0eec1
04cea
0945e
05341
09b77
0f941
09396
02115
096e6
007fb
0e860
014f7
06f45
090e7
03f32
01b3c
0fa0b
09c94
0029b
0dc53
0b45a
00054
0198c
080bb
04683
0b34f
09108
04f61
02c08
08a95
04908
064b9
0dd35
02953
094e4
0700e
01074
0f244
0b592
07f59
0c5c1
0d85a
0cc58
0323f
085c3
09aa2
09f18
058bb
0df23
0a51c
04742
06625
08002
04579
0d526
06627
09a24
09c28
02bd3
0983c
0ec1c
05de2
0c07e
0dfb0
0312c
046f7
0e240
0a063
0b711
0efcf
0b558
0daf7
0eedf
0d74c
0d20d
0ec2d
00e2b
00d87
0d782
02d46
047fa
09ad2
07c3c
0bf08
0412a
09631
01b69
0c90a
0407a
0ce4e
0030c
0ecf5
0eba2
01bd3
02b58
01c00
08a54
036cf
0aabe
031de
094c6
0f682
0a9a1
01f29
03e2d
01b25
068fe
049ce
0fd98
045d6
07274
04f3e
09a0e
09f2d
0034d
0f84c
066c2
03abb
02260
00004
04e58
03df8
03198
07e91
06899
0350b
0f28e
00c9f
0e33b
0c80b
01c7e
03e5e
0998f
0cf22
0f7aa
05e3b
07848
08542
0e0d5
03f13
0dd5d
04ae0
00b16
05e9f
0488b
07b3a
0576f
06694
0f3cb
0f5ff
0947f
09432
03335
0fc65
0bc13
08ce4
0c849
0c58a
036f4
0ed8c
0d573
0d983
04bdc
00e52
0911c
0ea06
03d81
0c763
005a4
09b03
01173
0e392
015d3
0b59e
04752
0ef91
0eaac
08dc6
004ab
0510e
0b72a
06beb
0b29a
0c7ff
02022
05957
04d84
0b427
0adb7
0eb41
047b3
08e82
09b19
0c9b1
022ec
0f7ad
0c0c7
0f189
05c5a
084b9
04243
0a5ed
0b239
0cebb
02298
01700
00f1d
0517f
076a1
0316d
03662
0ffb5
0f3ec
0a5b6
0768b
07925
035fb
05916
0c4a6
0d711
020f5
01fb4
0803f
03a9c
01328
02550
0e210
0bfa7
00f15
0591f
0a46e
0371f
0e626
0c158
04434
06643
06435
08147
0fb71
0e001
0927a
07374
06702
052fd
0de3d
06274
02c0a
00c69
03141
06836
01104
047f7
002ae
0b818
0d0e8
024d8
0ae71
05ee0
0fe0a
06159
06a3a
0f28d
0b447
0b685
04697
02262
0e0b4
0dae2
0c092
02448
02802
0411f
098b1
033aa
03c60
0ff57
0760d
01a5b
0a96e
00b8a
072b2
0946d
080b5
0c7e5
0b73f
022ca
050d3
0937d
02649
07b98
09fdd
0cc66
01d00
038c4
0f124
086ae
00f59
01086
0ad14
0d7c2
08592
066a9
0ab48
01e68
04750
06891
0a8c2
01fe9
078a2
0fcb3
02554
0121a
0b112
0243b
0d51d
02943
0f521
04249
08a80
0155f
03547
0123a
0fe41
07353
0b354
0dcef
0f487
09b59
0749c
00afa
01c57
00d7e
06470
0c23f
00943
0f6df
01ab2
0c635
0c124
0401f
0dc04
0da89
04689
03b2d
0e03b
03c69
0bc44
0b41d
06325
0afae
0df80
01da8
079f1
076cd
02f19
00525
07449
0d37d
01770
007a0
07ff5
01d1f
02739
01d01
040e0
0e08a
05c76
090b0
01662
0a0d5
0b307
07d0d
095b7
0426a
0cbae
0f518
03ea8
02752
0271b
0801a
06966
0fd67
0b6c3
070c9
0e317
09afd
0bbde
095da
07d08
088fa
0a341
03571
01ba5
0b17a
0d258
0f8f0
08f3f
0282a
06838
04636
07608
09c20
06be9
03ed8
0bea9
048af
0125d
0785f
0e16c
0e853
03a7d
00ae6
0ff70
01148
08a64
08e51
0c4b2
099cf
02b42
01e93
08ee5
0c493
0fd9f
009a6
0c3e2
0c4f2
0e356
016bd
072ea
06955
0c237
05e6d
0dcb7
01ac1
09c3c
01007
0b213
00d4e
0ac24
0866a
06ede
00e00
0ae90
0de3f
0dae7
01d3e
037ea
0c6b6
09328
0ed50
0d900
0852b
05339
0c338
0ef46
079f8
04384
007c6
08fb7
08c7d
02bcb
07ff7
09776
0acd1
0ca09
013c4
08c6d
0b930
08999
08043
00651
03fa5
09d21
0a458
0876e
05b89
0e33a
0ecea
008d7
0e13b
0048a
0eed1
012f2
0b7aa
0f5dd
06f89
0d135
01dfe
028ba
08d8a
0a0c8
020ca
0e181
05c0f
08419
08d62
084e2
0fd67
04123
07470
05957
04b36
01962
07720
03a98
013b6
05e56
0e170
0a279
0157b
074b6
01f22
084a2
083cf
00840
0b4e8
016e7
0782a
0b30f
037e4
027ab
0e33b
039f3
027a7
07955
06878
0a6cd
0be22
0d4f9
0248d
0da5a
090f0
04941
00ca4
0a730
0b877
0ab83
0d0f7
0bfda
0f0fd
0968f
00ff3
05214
0bc92
016d7
094ed
04cd5
00d12
03664
06c47
0a04f
0b027
06e03
0c1f7
010b0
04cd6
0c31e
02829
02795
072fc
0d60e
03e13
01a55
0f1d5
0e1cd
0a245
089d2
063da
0960c
07cf1
0a849
07c74
0b953
07637
0e961
0a12f
03b17
07b6a
0e3d8
0d1e1
0b948
028cd
0b437
02723
0b97e
0f7e3
075f0
0e5df
0d673
075a3
04024
07d69
0d0b3
046ba
08543
092e2
0aee2
0a0b0
03c65
029bb
0d127
0d790
04bfa
0fd07
0656d
05c1d
0e87b
007f1
05563
03dd8
0d656
086d9
0f091
033b5
040b7
01172
0dce3
00c40
05578
02562
043c7
0c6b6
0d83f
0b56f
04141
0cdfc
07b9d
09637
03cf1
0ac72
0ac5c
0372d
01729
025c2
0b5bd
0e5d5
0d158
0e646
0df12
0941d
0f447
044eb
05ded
02ae6
04df4
003fc
0bd60
0e834
0c23d
0a410
0e08e
05a7b
08f00
0319c
076eb
0983e
0fc90
0aea6
018b9
0da77
0920d
0a546
0c4a4
0a31c
05b59
04951
01578
06bde
0dc6f
08e77
0a0f4
032ed
0b1d7
091d0
054c8
03cb2
09360
08c35
0f928
0e0b9
07280
056b1
093b3
084d3
03655
0769e
08ea8
04831
03123
069e7
05673
00e00
01459
063e8
00369
0fa0b
00d32
0bd34
06802
0904d
0da5e
0e3c0
0409a
0e85e
09702
0381f
03d68
0e389
0dd51
0fc8b
086af
02c79
0460d
08e91
03ba0
0b51a
0287b
071e3
02611
0a77b
0503e
0abb1
08d5e
0e82c
025ee
0a12e
013a3
0dde3
0336c
0a292
0617b
0123e
00414
07de8
04614
0c09e
070bf
0642f
087d3
0f0b2
04d88
0f811
05fcc
0fe52
090b0
0437a
065ab
02d6b
06daa
001a3
0de5f
02270
0fb3b
06ac6
05b31
013df
0d618
086b1
0c2b5
0782c
0b289
0f7ed
05c31
099a6
076ba
09590
0f859
0fafe
0c8cf
0b6d9
0f640
09740
0316c
07017
03988
09315
0d6d5
0e4f3
0a69a
07eaa
0d987
03b4c
05a36
0edf1
0a347
03a21
0b1f5
0cbd2
04190
0f7ac
0fa75
0d2f2
0783f
00ed4
094f4
0892d
06e22
0d169
01f21
0a579
085f1
0a29e
0d28c
0c862
0e247
0d9b3
0cc1f
0857a
01bf8
08960
0f894
07019
0adff
0175c
09df5
0e530
0d1d2
0714f
05544
06993
0387b
0a8cc
04228
00a32
00acf
0c224
02e35
0aaa4
0b495
0207e
01932
06bc1
0b964
06599
05061
0ca82
0756b
09493
052a3
0bf6d
0a9ba
0d3a8
06e65
07f56
006fb
01278
00a41
0347d
0cbbe
0f844
015a6
0505b
090f1
09a59
00c69
075c3
07e9f
0114b
08b7f
03f4e
0c176
0cd2f
0432b
08a3d
02b7a
0272e
025d4
0d4ac
00a51
0078c
04dbe
030ec
0c841
06379
09fd7
0a5bf
0d9ad
00bff
09ab3
08c50
0eaf5
067c3
03309
0874e
0f15b
0c0cf
0951d
0dbeb
02fa5
071cb
0d00a
08e9f
0f779
0919f
07d3e
0c3cb
008d0
0fe7b
0c98b
0bed7
03773
0e78f
072b8
00cbe
0cb71
076d7
0e4e8
0bd59
0f41f
037c8
09f08
0aa34
0499c
02ad2
030d6
056a8
06a55
0fac8
07ffb
02af3
0485c
0ce6f
0f270
07701
01e2c
0fca1
08109
0d2df
09f77
0acfd
04d1d
012b1
0a494
0d025
002da
0894a
06b1f
0fa3a
0ffe7
0a043
078b2
0a4c7
0ec38
0f74b
029b1
035c8
0d9f5
027ae
0c059
0412b
006f9
052fd
03e32
05517
0650d
0e00d
03a32
013ff
0d92e
0fd88
05768
0f971
0479c
0d617
0cc7e
004bd
097ef
03c33
0def7
096a4
08ace
0a50f
0be46
054f6
04874
09494
068af
0be14
080a2
0f1b8
0ecfe
06bd6
0a90c
0454b
05417
0f29f
00507
0a2a8
0d525
05bc3
04cfa
0f0e4
02254
002de
09fa9
06016
06606
0300c
0eacc
0a97d
0307e
01f49
0eff8
0501a
0222f
0b36e
073ba
0b09e
0073b
062a1
08c95
09181
0da32
09c8b
0bc0b
0ce79
0826e
067b9
027aa
04e0a
034b9
06ed1
08f5a
05b4d
0869f
03463
040df
0c411
0a90a
08df2
0f262
06b2a
05611
0015e
076b2
06ed1
02ec3
04b00
04962
05463
0f370
00020
0a58c
027d3
01ab8
04621
0e11e
0d9ce
0f181
0a778
09ae8
03c0e
07b46
0c957
0c12e
0c564
0f2ee
0b5c1
09f9f
0a24a
02809
06d84
0550d
08e33
04928
0dfde
0e21f
0faed
08046
03d90
0deee
0b244
05b24
00cf3
0bb3b
0eea1
0b125
0d920
06d74
061c8
0c3d1
0bf97
05ba6
00576
06444
0e258
0b8d3
063c8
002df
09eeb
0a82a
0302e
0bcdc
081ec
006a7
08bca
0112a
08cc6
0f51c
0cbed
0167c
0818e
08c60
01d4c
00f94
0f10d
0e8b1
0fb08
058f8
0f267
03530
0138e
0bd33
00ec3
04e6f
05a93
04367
02a67
0d6d2
03d25
01cb2
0e302
01fe9
0a0e3
031e8
08e11
0636b
00889
0aa53
0a209
056a3
0bb85
00741
0ce6c
0d52f
01f7a
02141
062c9
04b86
08884
02afd
0585d
0e305
016c9
08d11
065b9
0d189
0588f
001a6
09f50
08c2a
0b38c
03c45
0aed2
0eeb8
02c14
0ed0f
02d23
03b86
02e5e
05d70
02c3e
05f0e
0a28f
00a4b
056b3
00558
06f5f
0bfc2
0ebb2
0299c
07e53
09d95
061d6
043f5
09ef8
01b4e
0c234
092fb
05b23
08ed4
047e5
0a18e
0d3f5
073b1
06061
08bac
06600
05aae
09701
084ca
0e113
08772
02f50
0fad2
0b5d6
0ba2b
0b29d
0e63b
05748
012ce
0c577
04fb8
06bdb
0de22
0b19f
093cf
06a36
0af32
089b3
02e77
06be3
08434
06fbf
0ef74
0858d
01019
03b08
05f73
0f34e
04795
0ef3a
0a55f
0be9b
0c17d
01154
0a50d
0358f
0b7bf
0040b
05147
0d7c2
0f374
0ab5f
0ac60
0334e
05fcd
0b74c
09cd0
05353
0ef05
05f50
00b22
0e0c5
0e9b3
0deb4
0cc75
0f278
07cb7
08151
0bf16
0acfe
0f711
0cd63
099b0
0148b
077f6
03738
0d78b
0da0e
089e9
0cd2f
00e9e
053fb
05530
099e5
0659c
04772
04281
0aa92
01b8b
02e48
09e59
0486d
0b134
0eadc
0cabf
054a7
0ebd2
0006e
04b83
0669b
05819
09a41
09d74
02926
05e83
078ed
06819
0df83
02e2a
07d4d
04eeb
0bf9e
00288
0f466
05193
0b07e
03327
0f10c
0c9c0
06ccb
0f1d2
0c0a9
0ed4d
07c48
0310f
0c670
041cb
0a2ff
0445d
0ccbd
0a77b
090fe
0d964
0c9a6
024b0
0b198
0fa03
00dc5
07181
05b37
07866
0bcfe
0b97c
0ae00
000d0
0cbde
0278f
075cc
046b2
0fff9
0603d
016a7
06c26
09a97
0deec
02f8a
0adde
0c4a4
05c18
0d9f6
04d2e
091e6
09f47
0c60c
0f618
011d4
085a4
0d7ed
05be9
053bb
0cbe2
0367e
0ee0a
02a4f
0b14c
033eb
0cf17
00642
0525f
0a357
041ea
0c49a
0e8cd
005ee
0f8e7
0cdac
0d84c
01be8
09b1c
0d997
0846d
03b5e
0e689
0bee2
0f274
0ab8d
0bacf
0392d
05b90
0d91f
0c456
028f6
04cff
0038f
0ac9a
08403
0652d
0e8f4
0dea9
018da
0edf5
0903c
01466
03e3b
0faaf
0eba5
0bbf5
019a3
0bd14
08130
0d9f5
0acc7
097a0
00c0c
088d3
05b82
09623
0b6b9
0d588
008f8
0e4bf
0a636
09869
0123c
0392e
0b6e8
012be
0cadc
07f4c
059b8
02b08
0306b
0408a
04a0e
0fca5
0dcb9
08ca4
0b0d6
0ea83
07cfa
0eab5
014ce
0272f
0a736
0bedf
0139a
04b22
033c6
0c38a
02853
0acf0
09a9d
0d855
0cd2d
00b75
05e2c
08382
02897
0ddeb
03b9c
0621f
0859e
09b3d
07ccd
01900
0bf9b
0f222
06e2f
0dfb7
08cb0
05f15
08dbf
0176b
0cc1e
05cce
091e0
08b9c
00296
0d07a
06a0d
00995
0d422
04270
08cae
088bb
0ecc5
0a2e5
031bd
07151
0731c
00940
0a633
0712e
020a0
0935e
0ebd9
0d76e
0a852
0c730
0f382
0066f
0af97
0ae62
0a3a8
0b156
0e386
04db5
0ec84
0ff79
06bd8
0570b
0c7b6
082ea
0ce4d
01085
0283f
0f91b
0b0cb
02a8b
06a44
0bd06
09baa
09569
0a173
0e72a
0ef4c
00f23
04fd2
0555e
0b408
0dcf1
0d4ae
00bfc
09159
0fb44
0782d
0c025
0436d
0c1c1
03f3a
031a7
0ca9f
06fc5
06c30
038a4
09425
05b74
05177
0cd5f
0d129
0b43c
06f7d
0d61b
08ec9
0a388
0b9f2
03616
0a2b3
0c8ca
07340
0ced4
0fd5a
0ed86
09293
0e61f
0505e
05af1
0ccd3
093aa
001b5
0ab09
0ed94
05833
03257
0c446
0d611
0d627
0d212
060b4
00ede
072c9
046f2
02938
0d14a
00bb0
0a669
07ff8
0553a
0f19e
02e93
0bd97
00ba1
0c757
062d5
052a0
0ea60
0bcf5
07a87
059b5
0f1c0
0664a
0a53c
043ea
09601
0212f
00fd0
069fc
0ec1f
0eb1b
07d76
0e326
07bd8
05a8f
0ec3d
038e9
0a99a
0518b
07d5e
0eca7
023c2
00386
0108c
0d00c
0f0bf
0c548
02406
0d58c
08522
03df1
00c25
0e085
0f62c
01e9c
095ff
0cbfa
0146e
0ba0c
0cc82
0e14d
0db6f
03f84
0350e
04abe
08666
0393b
05681
0bba1
0d366
0adfe
048ad
07c73
0f716
06b90
0876d
031ba
0a8f9
025ec
0ea9e
0fbaf
07d4d
0851e
0af54
09730
0e3ac
0a94c
0e697
0840e
08cf3
0124d
047b0
04bc9
093ad
00d48
07129
0bde0
0b9b6
0951a
09d02
0510d
09c07
0f358
0e135
096fa
04f12
041d1
04b05
095ac
0c4b9
083bd
074b1
00e56
06c5e
09b1d
04bf6
0062d
084d2
0ba73
0cfca
0f435
0573f
0b03c
04fcf
0a0eb
0bfac
0c186
0f872
05697
0f6cf
059cc
0f7ce
0c27e
00749
02127
0af4a
0731c
09e5d
069b1
072d8
04cd8
08e7f
03d3b
064d5
0b687
0ff61
0eb2c
0063f
074ed
067b2
0ba24
010d0
0cc07
0329b
0a8b6
02267
08afe
028ad
01ca8
0e4ad
07ef6
07d48
0831b
05d88
07d7c
074e8
0e981
05ad8
01499
08812
08e11
02ec6
06149
02099
043dd
09b03
01f29
06a5b
07486
07ce5
0f45e
0edb4
03250
01a27
0a341
02567
06491
0f4e3
03b99
0e240
02ab1
0f3ba
06511
03322
06e13
0f976
09994
004ea
0dc08
03919
0e2a1
063bc
0e99a
00040
080e5
0d078
08a9e
0fc36
05a62
0a843
0f770
09148
0996a
08745
07f7f
0aeaa
08cf2
09e1b
0e14d
03912
05d46
0f9a4
00356
0a36f
0f0e6
0fdd7
05385
05b8b
02191
0dd31
09bf9
0306b
0e2ea
0af53
05d85
0631e
037a9
076ae
06d2a
09d49
09c5b
0a3d9
0f199
034b1
099a1
06bab
04f27
0a5c4
05012
06241
0cadf
057f3
050dd
05073
0a6bf
0f292
0d575
089ec
0751b
08694
0f1a7
09b73
0bdd8
04a3b
09cca
0aadd
0b536
0a175
0e640
09db4
0d9c0
0c97e
0d591
002e7
0cee3
01c51
0d14c
0b50c
047a4
0e9ed
08c64
009f9
06788
06ace
08309
096ef
0bf38
00c1f
0a4c8
0dae1
0c3ca
0a6c0
0661e
06e11
0e155
08c44
036b3
0261b
07c7c
05222
0a6a5
0f598
0f093
0178d
0c7b6
0f95d
07feb
08f6e
0c002
01e5e
033ef
01cbb
0af75
08d55
0bd28
0e051
09187
038d9
0f195
044c0
025e1
0a62a
0d3da
04db5
04d03
09903
06665
02d0f
0e063
07d8e
0a7da
0857c
09534
00b30
047eb
022d1
0a0bf
0b8f3
0e445
06dfb
05e47
0a47d
0efc8
07492
0ebee
0b972
0aa80
065e1
0849f
082be
00bd8
047d1
03d06
0d251
0dacb
0cae8
0f903
01897
01edd
0bf38
0084b
0dfd9
0106d
0a775
0fbe8
090b7
0aae1
0225c
026ae
02f2d
03983
05102
02cea
0efd8
061bc
0256b
0dca5
08dc1
0ee72
0e70f
04ded
0a92e
02563
05d04
0adfb
0e878
0dd63
00aff
0cd8c
0966e
00340
0c7a7
009a9
0045f
07351
0a50f
0dab3
04d0d
08488
0721e
0a73a
0ea5e
06691
0b594
04e22
060b0
04beb
0698b
09df1
05cf8
033a8
00d6d
01433
04130
0b271
02376
0a7a8
0a173
075d0
06ae8
06745
09b19
0539a
0d93b
08aca
07749
06f39
0b5ef
00df9
0464d
0e118
03f08
0c00e
00d04
0e34d
06acb
0c2c5
01932
0e4c4
0e089
0cc61
065b3
06948
0c2d1
03fd2
02f8a
059a6
03e4f
05365
06b55
03d9f
0fa6c
0b77e
0a23e
0d48b
061c8
06bb0
02e7c
0b83f
0f4b9
082b4
03957
0e9f5
00844
003b7
0c293
0d70c
0ccf5
0333b
0b598
0b885
09eb5
0216f
0de48
099f4
0756e
02b3d
0c784
0f156
0081d
08ca7
0a583
0173a
0480e
07f7c
05ace
004bf
04182
04fbf
047ca
0f08b
013f6
01f53
06b6e
0960f
0be4f
0d46a
050a1
0d6a6
05847
0596a
04d81
05cfc
0baea
03802
05322
00f59
0febf
0687c
09cb4
0ceab
0bf11
087c5
0a463
00e94
00d39
0a9c5
00e97
0f0e5
01185
049e7
0d0b8
017ce
0c10a
056e8
050fb
03342
007a6
0b284
07205
02f2a
0d6fa
021f5
0398d
0f38d
0edca
0d484
0e17e
044d0
0005e
09f73
0f3d6
0f060
08383
041a3
0a550
0bb2d
0315b
0f4a0
0fc50
0647f
0406d
07049
04276
04902
0737b
02a14
03088
0cec3
09089
035e0
07fe3
073d3
08057
05e87
09a2a
0a841
0ec9e
08890
0436f
0a7e8
0d813
0bfe1
04a5a
01185
0c522
01895
06552
05d45
00755
04931
01177
079c4
052e2
0cb24
0a522
005ff
0f628
0f7ba
0b013
06020
0cfb2
0e77a
06dff
0e808
0868e
0e135
03c52
08f01
0acb9
0acac
05f65
082b4
0ae95
0f986
0e9a2
03168
0af4b
08696
02050
0bb18
0da60
00d03
040a0
0306d
07449
0ea34
038e6
03d95
09767
040aa
0b1fb
09d33
0e7b6
0df50
02a7a
05d7f
0cb8c
063c7
0488e
07197
0088f
065b9
0b537
04db4
0180f
0b9ae
075fa
05560
0bfba
05147
03345
054ce
073d8
04dd9
0d918
06786
08e8d
0190b
0cd3f
097ce
0c790
0d7af
0f3fd
0ef9e
0a4d2
045b1
09998
0002e
02655
080ae
09f8a
06ae1
02235
01e52
0d21c
047d5
0499f
0f63c
0520c
07c24
0c850
051a2
0d688
0c831
06301
07f44
0b368
0241c
073de
08d6c
047e7
0cd89
03f37
04dbe
06962
0e302
048e9
08d0a
0a7aa
00583
03c0d
09f50
03489
0f135
076e0
0e065
098ff
03fee
0e8a2
04eae
0240b
0aec8
08b51
014fa
0c354
082ca
039c5
0eedc
0da10
0563f
0f97f
0950b
07303
034c2
02d59
0b9a0
07b8a
0fd33
0dd6d
0d7e5
01d01
035db
08f76
08d3e
080da
0a85c
0d6db
080a3
0b69c
02a8b
0069e
033c7
0f899
07c48
0fd6d
07159
0de16
08810
0353a
0f9c9
0c06b
0c3e2
0158e
03731
03278
03098
03c25
07a2b
0b8ad
0d7fa
0c998
01469
0b1d1
0e167
0ebe6
01315
0cc21
0dd14
00d20
06e9c
05c89
00c5c
0a86d
03296
095a5
0d304
00e87
0e9ca
081cc
0b798
0b027
0b46a
07f55
08da2
0e45b
01879
0a626
0ea99
086be
05239
06b33
0a4cd
0cd79
0b273
05817
0ffea
02d80
0aae3
0b41f
07484
0a210
09c96
033dd
02e4d
0cfe7
0a037
0fe90
05f54
0c3f0
06780
08784
0f88b
0b381
0ac8b
0e023
0b911
05184
0564b
0a540
00827
03913
0612c
09efd
097a8
05b16
0cbc2
026e0
065b1
02fcd
02e5b
0cf2c
086d8
04aa1
0ae29
0b525
0cb23
0441c
0c53e
0350e
0967b
02a17
0a5cd
0731c
0e294
014e0
07de7
04f5d
08c2d
00d7e
0fd2e
072ed
0701d
07d9e
073a0
0e176
06e93
04a6e
0065b
097f5
07cc3
00aa2
0f76f
0e0be
0d43c
0626d
0d31c
05f42
0cc9a
0c632
085e2
0ba5a
086f0
0dcd5
0bd8e
0baa1
0782b
0a3eb
0b6d2
02771
044dc
0a4b0
07e69
041ed
03178
0f393
0a081
035a9
074a5
0b259
072ab
0ee3a
089cb
01b3d
0eba4
0e030
0fe88
0df53
0211a
057ba
00b52
0e59d
01d76
0b1f9
0f408
04bb6
020a7
0b575
0217d
08d5b
08107
00e1e
0fb4b
0dc95
04447
0cae0
06e2f
0e77b
09ea1
09bfc
0a93b
07712
0d074
049d8
0a100
00378
01b1f
0b779
03d47
0245b
02093
0d3d1
05289
063a5
07f62
05bd2
05ccb
00f18
0fd6d
03d2f
0a9e0
02d9f
03035
0ce9e
0c65f
0d0ad
0c338
0f2e5
046ea
0afc4
05db0
03114
09f55
0b5d7
05ad5
0dc58
08107
0ffd6
02e74
05e7f
08560
0cd87
066b5
0740a
0b3d0
029c3
0adef
0e748
03024
083fa
00a71
01f2e
01e48
0bf0d
030e4
05647
000e2
00670
00262
0a75a
0c4fe
09cce
00e28
0bfea
02386
05843
06080
0ff14
05d13
06fce
0b0c4
031a5
04f31
0bf92
05a96
0e1a3
05ae0
04c36
0e3e4
00f88
013da
03d95
09f92
09536
0372e
0b2b7
05c5f
055b3
0330e
0fecc
062e5
04f7d
0acbf
0e8ca
0c716
0e557
03b96
02184
0ad3b
07e10
0bb3c
04863
07a99
0fb45
0606e
0cefe
0154b
0b775
01e03
0f5fa
03293
02e91
0a41f
0c9d2
066e0
090ab
0a400
0455d
0e553
06565
095fe
0da46
0cef8
0deca
0c10e
02a2e
0fb1e
00c33
0fb83
03569
0a49d
0f7dc
0c711
09c9e
0fec7
0930b
01c38
01550
0604b
02da9
09d3e
058c2
0a097
0188d
00e51
0182b
09b1b
0c511
06060
0b41a
01ad8
0de1b
05b48
0bddc
016e5
06dd2
03282
0ea1a
05f14
07171
0a3ff
0255b
0683f
0fd94
069d9
007fb
01728
0c352
0697c
03b8f
094b4
0026d
07b14
0a958
05aa7
0c7a3
074ed
0be5a
0cdcd
016ea
04fd5
04888
07e0a
08430
0d87e
09e96
068e5
08b94
0d183
0053c
0d4ef
0d3c8
0c117
08e61
06105
0f9f7
081c0
00557
0ca7a
01566
0e5f4
041fd
07229
0241b
03a90
03b05
0515e
0fa21
0220c
05de1
0a79e
055b1
08353
0cbe1
091d2
092a8
091c4
085e3
0378c
03d22
0ca31
0677d
02c4a
0fef5
066cd
04115
01246
0f01b
0f527
037fb
0390a
07510
01378
0c6b0
05e73
02ace
02282
07bc6
0df34
0bde6
0e04f
04917
0e250
01504
060c0
06bbd
0a2c6
01667
00746
04e30
0aec5
08069
059de
0b342
0ec8f
066bb
01ce4
0c85a
0c293
04e62
09567
02096
07352
05e30
06380
0abf9
0e0b3
00cf5
0e18d
02386
07dd6
0935b
0527b
04966
0a296
01d09
03904
02158
0d1e1
008f0
056ff
0a4b0
0bda1
013ad
04977
03524
077a2
00305
0c32e
001c0
01de8
0c669
03d41
072f4
01205
025d9
00a22
0f3ee
0c5a8
0909f
0c606
0e63b
079af
0fb2a
08005
0b0b7
0e8f3
0f550
04e68
0e88f
0b863
0729b
049ef
092df
05944
0c6e3
083b1
05215
0bc74
00ab8
0dd0c
09986
049b8
015c9
0eb7c
0d21c
07437
0cdf1
04003
0b4b4
06a8c
0cfc4
0d79f
0d5e0
0ebd1
0e795
0e345
0c6e1
0ed52
0ba24
0acf4
0a6ea
0cc3a
04427
0696d
07df4
06f15
061c6
063a2
0ba11
0ed3f
0d100
0bfe7
09d21
06d51
0c920
0485c
0f0c2
037a0
0e796
099c3
0d301
01a0d
06619
06f31
0ace4
0503d
0c4c1
0dd12
05c52
0e2ce
00c34
069b4
0c59d
0583d
08bf0
04fcc
0cdc2
06547
04d26
0d294
0a20b
0efe9
07dcc
042d8
0f92e
0a1e6
01213
031b2
02176
02be7
00afd
00470
01b02
0a9bb
02e0d
0a068
0b6a0
067f0
04d1b
06d0f
09d78
021cd
0b9d3
0a189
0e4aa
0f33e
0ad5f
059b6
09458
09b42
033f7
051d2
04dd5
05396
0d493
03ca4
0d1c1
0510a
0f06b
08ffd
07fb0
03a0a
04b15
0e3ca
031b3
01429
0456d
0c30b
0f214
0c23c
0f429
05746
00a37
0b98a
0e1c2
05d19
0e508
00a2a
0fbc8
0b00a
0adf7
02b86
0bd6c
02345
05abe
04517
099a7
0c988
04c89
038d1
064ee
0a432
095ae
02a88
0b59c
0fd4f
0082b
0d5e1
0568f
0bafd
08163
06250
08f7c
00c00
0faae
0a31b
05571
01aa1
07a44
09cff
086b6
0e5da
0ddab
0accf
014b6
08bb1
0ea8a
02915
0aa74
01010
042e4
00577
009d6
09afc
0c2e7
06637
0f0b3
0c291
0c6db
0126c
08a62
0c012
0abd8
0bbcc
0d959
0d07b
0af2b
043c2
0b146
085ee
062c4
0fa47
09033
08889
02aa7
0e655
02b6a
0a321
03a1f
00bc7
041ce
036cf
07c65
02619
05aad
0bf2c
02142
04ed9
07950
02cbd
0269c
004f0
006e2
0aea9
02409
04fff
0ebe9
0a96b
0362f
03e73
01cc1
04705
06627
0298d
05f03
02ef3
02ee4
001f7
0ddae
07755
06ba1
01999
028a8
0c617
0a40c
062a1
0f3bc
06504
0fd98
05f43
0f03c
0937d
01f5e
0e291
05eae
0033b
028bb
05a09
0653b
086ca
049ac
060f1
03f7e
026cc
0605b
05fc4
0a48f
07497
05329
0ca11
097eb
0d316
09220
06fbf
0da61
0807c
0b084
07b46
00393
080da
0901a
05291
0211a
01f8c
02025
0fce3
0b03e
01eed
0dc35
028ef
0e451
00624
02d2c
0a305
0b913
021ba
0865e
0a35c
0e6cd
0b75a
0f5fd
0bdaa
0ffd8
099b9
0fa69
0a07f
0616d
074cb
05752
015dc
0b4ae
0d1c8
0ee0d
0ec5c
0a613
0ce75
0ed60
0edc4
0e783
04e2c
048bf
0c568
0d6d5
00c88
04763
0a229
0c34e
04c7c
0cc80
0bb3e
00724
0de67
05876
04d54
05e29
06f19
0308f
00864
0c857
0f1cf
04cbf
08ab2
0acb4
06540
00b19
0fea1
0c8d2
0510e
09b67
08e2a
0749a
06140
0f91b
0ff8e
0dd9f
0dec6
051d4
0f984
01e98
0b4ec
03647
02241
0a585
0f412
09421
0486f
07865
0fd0b
06ecc
0d52b
0fb23
006a3
09db3
05134
0ad5a
09f08
0dba5
03e62
04244
09054
0aea4
0bf28
0419a
0bd37
0f271
02051
00911
0e4e7
0bd71
0d581
07e02
06b3d
0a703
07785
0a004
0f3ce
08fa1
0ae77
0a980
06385
04117
0a4c7
07535
0795a
07f89
0fa28
0f083
009ee
0a07d
030f0
0c4ae
04bf5
0a4af
029a1
0fb5c
0ece5
08832
02244
0e622
0c776
062e8
08d6b
04942
0ba41
01e38
0f28e
07e40
07258
00190
0a788
0b65b
0f711
04ad0
08ba6
0a3db
0f82a
0a0da
0666e
0605b
03da0
0975b
01f02
063cf
0909e
07f17
0c084
0d892
00596
098aa
085a0
06892
049c2
0979a
00cf1
00ec1
0d7c4
0284c
0bcbd
0ee0c
04b94
0e4b3
0c398
0505f
0e366
0a0d0
0372a
08c0f
0e971
08d49
06543
0e81b
091cc
05367
041cf
0a546
008ae
03f71
01ad7
0a72f
0f446
0bcd6
04893
0a16a
0c003
00d09
0de57
0a5d4
0ca83
05b22
0a739
011ae
090d9
0a5e5
01429
01c99
04384
0fe4c
020b4
022c3
047a2
04d9a
0345a
053a6
07853
02f08
0b87b
0b6d3
0ad23
0298d
0d345
0afe8
0239f
0fc23
0cd16
01fd2
0d52c
0cabf
04f5a
02dcf
06a1d
0e5a1
05170
03b01
08581
0746d
07a80
01cef
00c67
01adf
07377
0f517
015b4
01598
07020
0771f
04e25
0467d
0a390
0a559
0c669
0caa7
009db
0944b
0fc05
00c09
0d472
022cb
0148b
06676
0126f
06aec
07581
0fba1
003a9
0b2e2
02947
0bc79
0540f
0cb5b
06cf1
04df4
003c3
09015
08802
0bfa4
0c6de
051d9
06736
08336
0ab41
0643c
0a774
0854b
0c907
03d03
0921d
0e73e
00ec1
0e41e
0cfb6
068c0
05ea2
039b2
01554
0c660
036a5
06942
06679
098e3
06dbe
09b53
0b8cc
0ed74
01bd6
075a9
08131
06f01
00c31
09eab
00654
06ecf
05ca1
0aaf9
069a7
0ffca
0c6f2
0a79b
0ea6f
0c810
0549c
0fbbd
0f5d9
09218
07f3d
027c4
036ea
00023
00ff9
0199d
005bd
08c68
00001
09b5d
0e3de
0c349
051a8
031c8
01b69
0bc71
06e3c
061ae
0d8a9
0bee2
026f6
08f59
0d5c0
00b77
0984d
011ea
03d7a
09aa6
0489f
08683
0e9f2
068c9
03d9b
00f8c
0f3f8
05962
00758
039a4
02c14
07838
0e915
08bd8
08a46
00b8c
0f59e
02066
04e7c
06e52
0215c
0cb8a
0c13d
00f4e
01306
0feae
0dd6f
0ee70
0d329
0599c
006cb
0168b
02042
08fc8
09029
0f555
067c8
088d9
00c7f
08b3e
0604a
0783a
0e55e
000ff
01697
0dee5
0fa20
07689
01836
092b2
0ba62
02d44
0bc0e
0e99a
0f1e8
053ea
0bf1c
0be17
04a98
0a434
0b18e
0d062
05911
0cdb6
0be85
0ef5a
0b1e3
095bb
04b96
0fd30
0d0ce
0b87d
0dd09
02c42
081a3
04678
0aa65
0b7a3
0eee0
0e6cb
0541c
015e4
0afd9
04a44
0aeec
051a0
0476f
06960
0caee
029da
0d684
03948
0157e
03527
00211
0826a
05453
0741c
0ab77
0fa75
03bdd
0a6a6
0bf24
0ca38
0c91d
0702a
0b3c7
0d0e5
0367d
0739d
0e845
04fb8
0606c
0004e
03731
0fd8b
049e8
024f8
09cf4
07bd1
0cfee
09b10
06b22
03173
061cb
00c08
0084d
00fec
09771
03dfd
06a07
05f15
02486
02250
081c2
0e7bb
03ce7
0d805
0b70c
0ce56
00569
099b5
0afb3
0c686
0bff4
06ab9
09b89
0db67
0f4f6
01570
0fb90
01023
0ffff
0a3a6
0b3f7
00fe4
082f5
0f27b
0c47b
0322d
0d86c
0b3bd
0fb09
00dfd
0c28b
013cc
0f992
02c74
0f322
0811a
02f21
02a7a
07da3
03021
0e8cc
0c27b
0acbd
07b95
0f045
01195
0a54f
09e9f
0e703
06ee0
0d23b
0309d
00545
041bb
00e74
0e38c
02361
05cca
0ed25
08caa
0c6bf
018f1
081a3
03c3f
0fb71
0590b
0e748
09637
05353
01462
094a0
0a9af
0da7c
03827
04f41
02755
065f3
0f6db
0f8f5
07f82
002ea
0c64c
05a6f
0c0e1
01676
09ac4
05d87
07264
0ae1d
0fc98
0751c
0e3ab
03b70
033fc
05430
04745
04395
00c1f
0e04e
0fe06
0bbbc
0dc25
00a83
0bc90
03670
0d655
0f283
0112b
08ecc
0df61
0d831
02245
0215e
02cab
0868a
0b71c
0f302
0cd7a
07c88
04669
03df5
00c58
052f1
02c39
05fa3
0649d
0e467
0bf23
086a8
0f4ac
02236
05efb
0d396
03b50
0145a
076e9
067a7
04b76
099c6
04434
0c80b
005bb
0be64
01eb7
0063a
039ba
08822
00488
09b4f
0462c
0a399
07cc3
0f5f5
06d57
06098
0f313
0f4e0
0f51c
06da1
032b6
05847
0c695
0244f
04acf
04100
04a72
022d0
0f493
0252a
05457
07e7f
0d3b7
0b933
07360
08662
0d012
01e8d
0dd1e
015f8
0a416
0ca0c
00e2a
0629d
0bf53
0c813
0e64f
0730e
04130
0f56f
0d024
05087
07b90
09343
0fe88
0266d
0dd90
00fd3
0d5aa
021f6
02b70
04a87
01474
0bd31
08e05
0c95a
08fc9
0edd3
0aed6
09b63
0a778
09dc4
0f098
0f9bf
0c5ae
04647
0f04b
0ac95
02e95
0fab6
0af50
02038
080d0
08953
08ae1
093f0
074a7
0a048
0a5f8
07a94
061ed
0b270
09cd9
06239
0ab84
0d2b5
08e9a
0871f
0d902
0606f
0474f
0970c
06143
0b914
0a46c
068af
0ece5
058c9
03c03
0953a
07e7a
06955
0acbc
05dbc
0fe70
0bfff
07dc3
0c883
0f7fb
08a9e
0eb0c
0aecb
04aed
0826b
024e3
0814c
03fb5
0c0cc
0c941
001ac
02212
060bb
08276
0fd77
0e8d6
08dde
0d74a
065fc
08809
01a1b
0dafc
0faa7
03756
0f3e6
0dfd5
0c615
0a054
03d27
0478a
05cb9
03eee
0b900
01be7
01502
023fb
08e01
03705
0896d
0413d
03118
0d8b6
068e7
01472
01ea8
0050b
0390d
0acda
08de9
09181
0dc0f
07b3a
07602
070dd
08891
0b504
07904
04dac
00bc0
0a228
07093
057fb
0c43c
06802
008ed
0521f
02eae
08a19
0f8f6
03fc6
030fd
07e0d
0d013
07123
07bea
0eb44
054cf
058da
070d0
08f16
036fb
0019f
07a40
09df2
0ded1
0c5fd
0e46f
06d41
076e0
03363
029fb
0d12b
0e365
0e292
04cff
0c4d9
0c2a4
00bca
08b1f
06906
0fba8
0df90
0af40
0a4e7
00a9b
0ff81
0c69a
0e266
06933
0bef4
049fd
0279b
0c15d
05636
0ced9
06a0d
06f94
0a0e0
0b4df
0cf69
08c5c
07f5e
094d3
07637
0c246
0f07e
00c6d
07cf7
0211f
0e78c
00b33
0c719
0b0bb
0b813
0c30e
00a7e
0fb5e
0df61
0e401
0d928
02dcd
0dfed
08285
0b24b
07505
089ca
0bbb2
0850c
0f501
050f2
0564b
07032
06434
01295
0c34c
0baa9
01890
07508
02e10
05148
02f4c
019a2
08033
02894
082a2
0e7fc
04c4d
09618
04884
0df2d
08e99
05f3e
0754b
0d1a5
09f89
05550
02230
076b0
02f3e
01ab2
05a15
09394
0f0c4
0d8b6
055fa
078f5
008cc
06409
02772
0227f
033f9
089c0
05b82
03f8e
0ecd1
0bce4
05b9b
04e31
05fa5
07dc5
0047a
0a6a5
057f5
08b6f
00a9b
01d1b
0c9a0
04518
05581
018c0
0f029
04fd3
043bb
07bdd
0bc00
08efd
0ecc0
07dd8
0e8ee
059ac
03841
07f16
052fd
015a4
02257
0c13d
04595
0004b
0930c
0ebea
0fadb
0ca3f
0cecb
0eee8
0b537
0cf76
080bb
0d0bb
05573
0ffdc
040a2
012a5
069ed
02596
0bc29
098cd
03b27
0d327
0c3e0
0c07b
0995a
0bf4b
00c39
0a10c
0f975
065bc
00836
06e5f
0defe
04b59
0e65e
04799
09a9c
0caef
07d2e
048dd
00862
07442
0e0c8
0817e
0f93a
0cc69
0eec5
0ee2f
0be3e
068cd
0ed35
042c5
0d4e3
01a4a
07da0
04a83
033db
09741
0bf81
01b32
0b37b
0ee20
0c5ea
0dde4
027ff
09680
0b5a4
0f447
014bf
0f57b
022b0
0b478
0a9b4
0630f
09ee5
054f6
005a9
033dd
04ab8
08a0a
01ea9
00ca3
06ff8
0be16
00c5c
0e58f
0ce8c
0ab07
0ebab
0b1a0
0a730
091e1
0bc66
01a11
03f20
0e075
0f99b
0dde7
01283
02273
04e81
0c17f
0a909
0e135
088c2
049b4
048cf
06485
02fb6
0c48d
08d30
0c9ee
070c2
01572
01688
09b17
00633
04410
06394
0d635
06327
0d5ce
04da4
0da94
082a2
06bd5
0004a
021e8
053a8
0132e
087f0
0f71f
021d6
0702d
0efc5
054ca
0fca9
03a7d
028f1
0eb51
0af7b
0be86
0f017
08423
0a944
0a72f
04faa
08ed4
07d97
073d0
00b61
0de24
0f77f
08b5c
0a803
099e4
0ff6c
0cf36
01a42
099c6
083e9
03686
04bc2
0727f
0701a
07f5a
0edbe
04e77
0327b
0b9da
0d346
0ccb9
0d6ad
0a994
09921
02989
07c28
0532c
0f65c
021f4
0a0be
01d22
0df0a
0cfd5
0dd45
04edf
0d415
0f243
00faa
0aae5
0bda2
03c88
09db3
078ab
0f919
0fbd5
0caed
06d95
0cf85
0dc36
07860
092ab
07c89
0546d
0ac16
05181
0a77f
0c0f2
02a6f
03389
02a08
02a24
00458
04cd2
0db69
0fc3c
02f43
04dc4
01a4b
00111
0f142
05aea
010bc
04457
09535
0bbc8
0b6e9
02ccf
014b3
05497
09e99
0a908
0332f
013f0
02a29
0143b
0001b
0626e
05701
0c81f
0fb10
0370f
088df
09536
024b3
091a2
046f8
02140
0ecb7
0851c
05095
03136
0fe2a
07294
09140
01066
0c96a
0ad64
0535b
0f200
0e7af
0b7ae
09ce0
09659
0cd5c
0d600
07862
09e5f
0a739
06bcc
07b3a
0ec2d
04c25
04f78
012d7
028ae
01e14
03c45
04b9c
03721
0e5d8
04091
04c74
0259a
090a0
0aa5b
0a3d0
07a7f
0f693
0dee4
0d1db
03ec7
09ae7
06b67
0f24a
01152
0ba79
05024
0c816
0620a
0b0af
021d2
0190b
01010
0811d
0c774
05f85
0fec7
0ed50
0cb83
0a5ac
0e633
0440b
0a760
0d83e
0a12b
05e30
003cf
0540f
0804e
0d4e3
02fba
0f94a
0ab4a
04bdc
01584
047da
07ae4
0fd9f
08e43
0678e
05c6c
0d5f3
013af
004b9
0b8b1
0af98
0befc
0aca2
00166
0358d
0f731
06746
06c10
04bad
0aa3f
08c01
0c808
064b0
0deb0
0142f
0e8ef
09494
0e9b2
016ca
091a8
0aa4b
0092c
0d08e
02027
0f2f3
0d5a1
0ed55
0763e
0a15f
0721f
0e606
08786
099be
013d1
0757d
0821e
0ca24
087de
00231
0755c
014c2
0718f
0e604
07a5b
0cb40
00126
0dc2a
01874
026f7
08c19
0d560
0085e
09cc6
01a36
0fe47
06d44
0933a
03b53
0783c
0c72e
0a83c
05abe
06688
00746
0dbe7
028cb
0a855
07dbe
0f5b0
00a97
032ec
0427f
08431
0568a
095aa
083a1
0d4c6
052df
0da57
0687e
053eb
0b90d
031f9
093da
09e75
0231e
02707
04fa6
03e2d
001b4
07aa6
021c8
08a44
05ba2
03a0b
0e70f
0acd0
03e2d
0ee3b
03e83
0f665
08e7d
02aa2
0b667
02f1e
0b4db
05a50
0c698
060eb
08024
00955
02c3f
0207a
05317
04aa7
0af27
05218
0636a
0f516
0b3e8
00f40
0ae2c
0c74f
0dd63
03507
0ce0f
06cba
055c5
0615a
0f783
02240
07418
0fd1e
0ea6b
0c648
0a4f9
0bcdc
065f2
0157c
012a0
0e7e3
0604c
001e7
0b5f9
008c4
0bebd
0ad6d
0d4c0
003ce
0a15d
0ed4d
02ba2
044a6
03123
03ba5
04583
0f265
0fd1a
0ae70
03d50
010a1
0a256
07df8
09fc6
0d9ed
0963f
013ef
03690
01c1d
099b4
0461a
0843d
0c258
04e5a
08fb3
0ae0c
0d2f5
02617
0ba42
02675
0ff1f
09de4
09982
0d051
00ba3
00d63
091ff
0a7cf
05e9a
02fa7
0465c
03343
0b99d
03a0c
030b8
08745
0aae5
0a2f9
03f59
05d80
06cb3
0285d
07689
01920
08d93
09f7b
028c9
0982b
09857
0336c
0ceab
014db
09fb0
0d720
02f99
0aaa1
089c0
01aa6
04616
02332
0304a
0020d
036b2
0f436
015c5
0f03e
0b8e5
0cfdd
036ba
08750
0514f
07ec2
029fd
0ab0a
05635
05ec9
0352e
0089f
0f0cd
06fd4
040d9
056b7
07a28
0d0d9
002b4
08bef
06006
0fc3c
079cf
01e65
0dc04
06c09
0c6e1
0628b
095dd
0b043
045bd
0cf1d
0d2b5
09348
089e9
07f80
03fd1
0d727
0828f
0fecf
000be
03aae
0cfa3
061e0
08180
041a2
05e64
03d6d
07f60
043d0
01495
07632
07fff
017d7
024f7
0ca18
04413
06faf
08d97
039a8
00171
06b9f
038b7
0070b
0d3a3
036c2
0aec6
069a4
0e4e6
049ec
04b41
03f19
0bccd
0a675
0d27f
0c1e8
08cd5
0e306
06731
04ab5
069df
0c746
0b4d3
06041
07c4c
0fad5
0fa52
08c3c
0dff9
0190d
08114
00190
0ddd8
0ed5a
05134
01f70
01e82
0eae0
09401
0685d
0d3a9
03888
0930d
04809
0911f
08f04
05aa7
0da30
0070c
0f24b
0216e
0e8aa
0b218
09b3c
072d9
0e610
066df
08d1d
0f423
0c7fc
08a0e
05227
0f5f0
070ed
0e052
04458
008c7
07806
0f8c8
0c4e7
07010
04a15
0383a
0890c
0bddd
08276
0329a
08b2a
09ed4
0ceb3
00a64
0203d
036d8
07b81
090cc
08113
07d14
05dab
0fe7b
001b9
04c56
00a05
0a79d
0d6e6
0aebe
000bf
0f648
06307
05fef
03788
09cd8
0d985
08099
08b3b
06620
0cdcc
0b6b9
03132
0c285
0f196
0647d
07d61
0a641
01773
0ac1b
0b6b9
0f159
07b7a
0aab7
0fc7e
07485
0dc94
00869
0270c
034d5
04624
0766d
0d24b
01677
068f0
0ef25
0d320
0252c
03489
0e1ef
0457d
07103
06dd7
06fdb
0bde3
03197
012bf
0834e
005fd
0d17a
03d95
08f92
0e651
06b0d
02fdc
0ae7f
07931
03cd0
02fe0
08029
07b7f
0169d
0f3b7
08ddd
05585
00341
0faa6
06ec6
0d2d8
0a957
0333f
02d6b
0756a
08e2a
0000c
0daad
0b2aa
0b6bb
0e79b
0541e
00dc5
031ec
00aef
08cee
06295
05819
0505c
077eb
01725
05bd9
06447
06b0b
06531
043e7
0970a
0ebf5
01f5f
0e620
07385
044df
0101f
03c5a
06888
0bbb8
09964
0dd17
04ecf
02064
05171
0f28c
0c194
003e7
057be
0bfc3
011fc
059a6
0d738
03790
02b6e
050a8
06c6f
0257c
04eb6
0d481
03785
0de86
07561
05516
08843
0a8fc
0e7f6
05096
06e61
0e5eb
0d98a
05822
0e3e0
08ef0
0a1a7
0853c
06da4
00a41
0647d
0cfc7
09750
0c044
0ee03
02e9a
03b0e
040e9
01b8a
075a0
039f0
0f569
0ca09
0453b
01b0c
05c0d
076ae
040bb
07b20
019fc
025f9
07ba5
02ac9
0ada0
02fe4
084f1
085b4
0aa05
045b9
05b4b
01689
0dafe
0fb23
0691d
04788
070e6
02dc3
04baf
0e27b
02493
0d820
0290a
0a4c8
0ebfa
0544a
08d78
0ace4
00f56
010f3
005e7
00dfd
00c64
00f89
02ad2
0a51e
05470
02981
02a4e
0617e
0f628
0324f
0e0c1
0be3a
01d4f
00d3b
04caf
0b4e8
0a02d
0c212
03af5
09468
09593
08588
0518c
02b8a
04bbf
0f41c
09309
0fb76
02738
04d18
059f8
093f4
015bd
0a0d3
0c246
0f010
014ad
0de8f
0ef43
00d70
0169a
01903
0016e
085c7
07dc0
0c17b
0b0d1
0aed7
02d68
0b912
08cd7
04cc7
0cf74
0c164
03ef2
078bb
0d371
04c6d
089f0
074a8
0a4ae
0bd37
01916
0bb7f
09ec8
05729
0c02a
01570
01429
0f085
01b27
0d03f
06a74
07b14
0d203
0eb88
0b5cc
008b3
05e99
04064
02108
01f15
0891e
0180e
03eac
0c889
08170
03f9f
0028b
085f1
0846f
05ada
0f281
0ff34
07f7e
06341
0c194
06018
020da
0cca6
0891d
07c05
04f49
0218d
04872
0ccd7
0971e
0577c
09d70
0d0b6
0985d
05133
00a9a
07c45
0d6ef
042d2
0bc8c
0dc9d
06d80
0354b
09e81
080f2
02a11
0ec86
014e0
0c7c6
0954f
0c79e
05037
0b598
0bf51
094cb
015aa
05f88
0ce7a
07549
0bcf3
0ae0b
05fb8
09671
06222
00be9
02b51
0f08d
0c129
09d8e
0d287
08f40
094c9
00b84
073a4
037ca
0bc9b
07b9e
05b5e
08d05
0a9c1
044bc
0ee6d
01f80
0ae0b
01338
09453
01d73
0952f
07a46
068c6
06ea9
06af9
0b5ca
0637f
083f3
0a151
03e8e
0ca18
0719a
04867
03450
02e1c
0306c
0e8d4
0eed2
03f5f
018be
065b1
07b70
02ece
0655e
0fc33
06efe
044f8
0cf5b
0a562
07391
01413
0d034
011cb
02757
02af0
0fe4b
0a7a6
0c757
030cc
0ec65
0d07c
0044a
00576
05ea1
06adb
00d9a
00f0d
036a7
0ab4f
0d47d
03959
0417d
006b7
07d20
0c12c
0aaee
0f1cd
0fea4
0871c
0913a
03d49
0d4bd
00192
06d6a
0c894
0bc5e
0b10b
04491
01daa
0270a
09f59
0244e
03f10
092dc
037bb
095a0
073a1
07673
0cb43
0f466
0af97
00d81
04751
0d086
063b0
05758
050bb
06e61
04bb7
025a1
07af3
0e70f
08ccf
0ab9e
0ace6
0d627
0274b
02f38
082a2
012ad
09680
04296
0d082
015f0
0bbd1
00ae1
0accb
079ad
0fc18
0ca7e
0db7a
0dee8
017bc
03124
03ba7
041f0
0da60
00933
01595
062c8
01c5b
06807
0b8ff
0c7fb
0cbb0
02d40
00df6
0c5c7
04ed8
0e948
02536
0a408
06cfb
0332c
059dc
06fec
0820f
0ae5a
0b62a
01aa6
0dc0d
05de7
0df5a
037b1
0f884
0f875
0d954
04902
06bf5
0870e
094af
014a7
03b4d
07bf4
09ba6
00289
0e515
0635d
0af6a
098cd
0798f
0f42a
045e2
0d09e
0179d
06c86
077ad
0bfa4
03f8e
01b57
03477
0bdba
0e72f
0093e
01850
0bc8a
02132
09425
0924f
05d12
00813
0e7fd
082af
054c9
0ce43
0d76a
0c071
097c3
0e993
02de7
09752
04a55
0bb7c
0c4a8
07f14
04b3a
0a924
034b5
096bc
00ae4
09e83
0638f
059a9
06178
0377a
05eb2
07230
096bf
04857
0dc18
0cef4
01c0b
0d0cd
00bc1
0f22a
04f5c
0cbc5
03c45
0ea13
0d5dd
00fa0
0e24c
0590b
06e8b
09e77
074ca
070d7
0a6cc
0b93e
07ce8
046ec
008f5
091c4
00192
0b07a
0d0a0
03c50
048f0
0de48
0aec4
00f54
04b63
0cffd
0b7aa
04b10
0de48
08836
02fde
0c3ce
0c1b0
0b07e
0d058
02546
06eea
007a5
0f6bf
0da16
0324e
04a9b
0616d
0a09c
0ac77
03d89
080fd
06253
088ba
0cc1e
04c43
07b30
09f19
08b36
014c4
00f14
05417
0f4f3
0728d
00080
00355
0de55
0c806
0c750
0200d
01c3c
03bcb
0c63d
06774
0266d
02994
062fc
0ab70
00d0c
01888
021e7
0c019
01caa
08ef9
02903
09608
02575
0a48d
01bd0
0e801
0d0c9
05ab8
0644c
0e2fa
0d280
0498c
019c0
0bc99
070e6
08f41
08a4d
0089c
0fd93
0e19c
0e2a8
09020
0c80e
0531a
01dca
0e5e6
0478a
0ce72
0d2c3
04293
0463e
0b068
009f6
02f23
0fbf3
0f2c2
0c4d9
0186b
0526a
02232
086ef
00ba3
0cb68
0868d
02262
063fa
06599
067c3
0e861
076d7
02da9
043ec
0a0de
0b73b
057ad
067bd
0b081
0cd78
037a9
0ef33
02886
0edb2
00572
068ea
0541b
0340c
0283d
053a6
0003c
0c279
039a9
0700f
0d803
079d7
0a2b0
043c4
0ef7a
0fdd2
0b09f
0c080
03e16
0617a
06fbe
0e51d
0260f
097ec
09d3b
08779
0192e
0565f
0a563
01877
0481d
0ca8a
09689
01604
03064
0dcc0
08d00
091cc
01b15
07917
0e74a
068e7
08010
03406
0cbf5
0f0d8
03770
04896
0ed29
0ffd3
05733
05f90
0267d
0072c
052ad
02f3d
0fbaf
05d62
03465
06303
085ae
0d6f8
057de
0ae26
0fb8c
0e038
077bd
0da1f
07698
07c6e
03adf
05abc
0a30a
0d11d
00eed
0ad4c
07533
0e637
00bbb
0fc53
0db7d
0ce39
03cec
0e83a
0f4e6
01f47
0ce29
0fe30
078ce
0cf67
04b07
007ea
0baec
00127
0c092
04989
02b30
05785
05c63
072a4
0b2d7
0a7e1
05184
02c20
0c966
0bb69
00798
0ab8b
0e502
035b5
087a2
0cf53
04cf9
0254e
05932
0253f
04709
0a79f
0cbbd
0e9d7
01430
0897b
0786e
0dc23
093de
00846
05111
040f5
01358
0a969
0115c
075a8
0ddc5
08065
0956f
0428d
098a5
0ace9
021cd
02b03
0912f
0b18d
0e75a
0ea6f
01254
0e1ff
02eee
0b6c0
05bab
07876
0cda5
0e529
0c7ef
0f488
06458
05f9f
00d6c
0e76d
08cbf
0c2ca
027ee
02080
0ec3d
0fd63
0fc25
0c4d9
04cc1
0df78
0fe94
04ecd
0424c
0a3e6
0646e
0fce1
0138c
0a2f2
00055
0cc14
05f5a
07997
0bcc3
01a8e
089e5
00f4e
0b880
0c7c2
0c30a
0a9eb
0e9cc
0139e
00faf
03fe9
055f9
08f27
05a10
0af6d
0bfc2
08961
0809e
05d77
0c94e
0ebdf
0c9c3
06468
047dc
0b4bf
0969c
05f12
07e45
04425
089db
0c863
071c3
0639e
034c9
0ae2c
0cf4f
0542f
0857e
028c2
0a7df
05f8a
0acff
0f773
05b15
0afcb
0c735
055da
057fd
0ceab
0717c
071cd
0afc8
0bd77
03456
07275
03661
0c84d
0bd0b
0bb4a
00d23
0fab1
08694
0c5c6
0a614
00800
0a410
0f9bc
09319
085fe
072cb
003e4
06368
09cfd
03d6d
02626
039f4
0f662
0f7ef
05462
01801
065f6
0aacf
078d7
089cb
0134c
02c09
0ba7b
06b9d
0c9ff
09d7b
02d29
0a686
09659
0e848
0370d
0a74e
0a7d0
06793
036e5
06ee5
058d6
0bb72
06dce
0d6c6
0f3a3
031db
079ee
0da3d
0e508
0a277
01772
00838
08810
04ca3
037dc
09124
02c9d
01204
0b52d
05aca
0e9cb
0c40f
03e78
0f21e
01eca
04365
0f4be
00371
08b19
0b8d3
04271
07853
0b256
0cdec
05359
04611
0a96a
0db36
0d508
01de2
0a61e
0d4be
0e649
0e268
08f1f
098e8
055ce
046c4
0fc44
0acff
0acb0
08f29
0add7
0d80b
0ba38
0a278
09379
05b05
041fe
09bec
03cc0
02a7c
0db30
0aa22
00d00
045b2
00334
0142c
015f3
04fd7
09d1a
0beb8
0758a
076d4
0253f
0790c
04323
03b41
0a6e6
0a27f
02373
06aac
002da
0a5e0
0ae0b
0f607
0114c
0687e
0d9f3
05d42
03363
0915c
09b45
09198
0c421
0c58a
0fb33
049c3
0ffc9
071b5
0d89c
0e5e3
0e1d3
095d8
0d399
04ca6
00342
0426c
0bb8a
055dd
0bcd7
09369
06b15
023a1
06fd7
05882
03633
04477
0617f
02036
040a9
0667e
04953
003a0
09c17
02f69
01e33
0c11a
00427
02e00
07d4f
0d4ab
08658
0faa4
051ff
0686d
0ed26
0b0a4
00c67
05482
0f17d
0cedc
02c97
0e97c
05a98
05c80
0b33e
0f5cc
0edb3
0a446
0854b
0b9f3
08800
0f7b9
04576
0c200
04f3c
010bd
0a69f
048ee
02e33
0e83a
0c3cb
07b70
0345a
0c8f5
01b2f
05d01
0e10a
03dea
0f002
059e1
0206b
0ea11
06e1d
0658a
0e2c3
06f3e
05f4e
00efc
0a6d2
05d13
05857
04f75
06d9e
0d2e9
057a6
0339d
0daac
0a766
02695
09b3c
078f8
049a9
07910
05547
0a673
0ba35
07d31
06808
0a3f1
09dba
08897
0d5f3
03e8b
0fa6b
0ed11
0fc77
0700f
052b8
0c942
09466
07e88
00a03
0aa4d
085a6
081fe
0ff09
03ba3
05c65
0e4c6
0e0a9
00160
05fa3
05941
0e15a
023c7
052fd
01c62
0a987
07e33
0efe0
0fed2
0399b
06db0
0fb0c
0a75c
046cc
07c6e
042e6
04c69
00e60
03275
044f9
0ba86
0cb54
01bcb
0607b
058b6
01347
016c4
087d6
0fa57
0ee63
0e072
0b2d9
06bd1
0be90
0b6f8
05e8b
0793d
0c9e7
01f2b
014b4
0676b
008e0
08e67
09aad
078fa
0c694
029fd
0a437
0380d
0eba1
02200
0b19b
05375
06b8b
02fe8
00bb1
04c65
055bf
0b24d
00c4d
02f58
09b07
065ce
0f4b8
08deb
062bd
01d06
06485
00283
0d4c7
0f0b0
02a50
06bbb
0ffee
02f94
03af7
04a55
0cbae
018ca
04d46
04db7
03b2a
06a1c
05097
03c74
0ebb2
0d1fa
0eee0
0477e
01b64
03af7
02db0
03b5b
039b5
0c3e1
0ce2e
03581
0424e
05c85
0156d
03dee
01057
0e49a
045a0
0af95
0e011
07f52
06559
06d9d
012f4
09654
06288
0dce6
0c2b4
0acb4
06ab3
006dd
05b90
0e922
09a59
0350e
04c9c
09068
05a2e
0336f
02e21
091a3
00ba0
0ca21
047fe
0ac9f
00479
0a73d
044ee
04cdd
092cc
0c04b
041f3
008c3
06326
0bbc3
0b32f
0c2d0
021cd
000a2
06de2
0b0c3
041a3
0fe3c
008bf
031c0
0752d
0e84f
03cbf
048a4
08d09
061aa
0d904
0b7d0
0a73d
0bbbe
0c655
09d27
042bb
06c8c
00dd8
084ca
0265f
04ff5
00d21
0481c
0f6b5
01b8d
0d84c
03f08
0b940
052eb
0f568
0762c
0fd5d
08e4c
01ee0
0552c
01f7f
0e2df
02bb6
0dcc9
0da36
00b75
0d31e
074d6
0428d
040c2
09013
036cd
0af4d
0a38d
085a9
05133
003e1
07194
09227
01094
07fd8
01e07
03fd7
008a1
0b9f3
0cfa2
0fe26
0e727
0bcb4
0d8ac
09dd4
02138
0bde5
0e2b8
0b231
0be72
091f1
0d9af
0584f
07e00
080a7
0f58a
0367d
04612
08090
0ec69
0de4d
00166
0389b
01697
01e69
03cad
03eca
013d4
06a18
00da4
0d33c
075af
03364
0e60e
0cc1a
08d66
02e11
0fa5c
052e1
0d8fd
015d2
006b8
031e2
0bb84
0e540
036fd
04bd7
00f9b
03763
0af78
01f21
0ed4a
02b3b
06416
015bc
0d132
0e7ea
0340d
07e35
01b96
0ec84
07558
0aa0e
028cf
01879
09350
0b8e4
08d14
0fbeb
099b8
06624
0cd1d
05997
03a79
064a2
00cb1
008ec
0dec4
05d0b
0b2a7
0b5ee
0e4c5
0da10
0dbe5
081ec
0fe0a
00f32
068bc
03db1
002cc
0aae2
065de
06696
0ce1e
0502b
0e103
08229
0dffc
0c989
0dfa5
04c3e
02869
0b4db
020ce
07b29
046c5
0f333
009b7
0106d
01d7b
08831
0ce53
0d461
0d9e3
03349
09f07
0a921
00cc4
022b8
03ba3
019e5
0e4d4
0f8a7
0ef49
03fa7
0812f
0131f
00a0f
0867f
078ce
022c9
08a03
0018c
0a14d
07fa3
021ad
0a222
05820
015a7
082d3
01367
09862
0fe6a
0ca3d
0fc53
07286
02157
065b7
0ed2e
0e0c6
03d95
0d443
0c3b2
095d1
03440
0d25f
0c396
032fb
04c00
06ebc
0f84c
092c4
01924
0f854
0f5b4
08847
07f19
07772
05930
0a507
0dfb0
05db4
06bff
09405
03a56
0e463
00781
0224d
08739
0548d
0dc90
04775
00d78
06dbe
0ef3d
01a1a
0ebe6
057d2
0361d
02d94
0d24c
01c1e
05114
00e0b
084dc
030ae
02ad9
0786d
0bd1e
0e5ac
04b0f
03952
02ac0
0e38f
00b79
0945c
00fa2
02426
0cc49
08523
09bb4
046c7
05249
03d90
0e70f
0b64c
0775d
0e176
0bf62
0e015
005e7
0585b
01f99
00d27
084dd
017f9
0d66b
0f2d8
0a3f1
0f251
02ff9
05c12
060b9
0c2b0
02b95
0995f
0ce74
02ed9
02b06
050cf
0ffd6
08a73
054a8
0d8d1
04d06
0ed3d
0c8c1
0f44b
0199c
088c5
01615
0b593
0756b
03c5f
0846d
02d47
0d8d7
03998
0b58f
0dab3
01689
0fd1c
07f08
05aa3
0f99a
09177
072c1
0aaa7
0c138
0b545
036c9
0eba4
0cbdb
05d0b
095f0
01720
0d7e0
090ea
0c0ac
0c478
07f4f
08797
0dbce
00d1e
08802
0e7f7
09ff2
04daa
02128
0e34c
005f2
04e4f
0ad10
03454
0c599
048e0
051d2
0b60d
07c7f
0d031
08ce9
04007
0002c
071aa
08826
0ccdd
074b6
01509
0df2f
04661
0845e
0ca56
0f584
04d7c
0e3ed
022e4
0d98e
00b4a
02077
02da9
0998c
025d0
06dcc
039d4
07f1f
0b72a
05394
068bd
0d094
03746
0771d
06d3b
0f341
0d0b5
00037
0aef7
05f87
07f4b
0166b
0824f
0a476
03054
0cd1c
0aa36
00b3a
054c6
0b87b
08e8c
09aab
0fdbe
04a0e
0863c
03fc7
031d9
0db9b
0a2c1
01029
062f1
0940b
08c15
00e77
0d531
0cddb
02059
0f0a9
0f7ee
02173
040e8
08473
0156a
00175
0cd29
0ec67
04a79
0319c
08b01
028c3
0e2bd
08aaf
0d3d0
0358c
073f4
0a724
05e92
0c9fe
0c0c8
087b1
0d828
07f79
0caa9
0e175
09f8c
0c327
09fec
02e3b
0a797
0ae39
085be
0a08a
0193d
038a6
03f8c
04500
05c75
01dff
0f49c
0b8fe
07e27
0c352
016c7
0b3d8
03a0e
02409
0f2ef
0283f
0d84f
01fad
07442
0ca2e
06a0e
0d7ad
0a0f7
07f42
0d253
04064
03334
08512
0a7c2
0bea9
01c93
0c20a
0f894
003ee
0192a
00caf
09a2e
04592
098f0
0801c
05b9c
0180a
0962d
0c0af
0c005
08c46
0deac
0dcd8
0feb8
0d227
01999
0a75c
0df21
08636
052db
00759
09f19
0a126
0d8e0
0ba76
0fae5
0e2dd
0ae09
00ef1
0e6b7
09df6
0a34b
07103
06273
00eca
0d9ad
042ff
07c2b
0bd32
08424
0cf12
0c334
042f9
05e5f
0d664
0ac4a
09410
01bbf
03780
0cb00
0ab02
0b1ad
07532
01b7e
004b0
0d9da
0520e
05f9c
03ca0
0598d
04de7
09695
05cb1
0e762
0db3a
0f4ec
0f2a9
09f09
0cd6e
044c7
0a1cb
02279
0c7c0
00e35
03512
0287b
05a8f
08fd6
03328
02f41
0beb9
0809d
0c6c8
01eb4
00322
007af
03779
0f2fc
0cacb
0f65f
0fd33
04175
0644a
02884
05884
0b77b
0e35f
006f9
08be0
0e469
04512
0d12d
086b7
05406
0d998
026fb
04b67
038c8
05449
01b60
06864
080a1
07526
0f51b
0af2e
074b9
0dc33
0b102
0c590
0189f
0ec22
0b361
0566d
0bcab
0878a
05983
09e99
0417e
03f2f
07712
0a60a
081a5
0b95b
08965
01823
01018
0dbc4
08249
09c6a
0bc1f
09206
0ef37
0ad55
04a91
064c4
02745
03909
047a6
06318
04eee
0e518
09228
0fb85
02b73
0e6c8
0e074
0cbd9
0699d
07c5c
09641
0552c
0fa83
056e5
00fb8
0621d
0c24e
056e5
02542
0f310
0b50f
00675
01f1e
02271
0c628
07e6e
0155a
08286
0a86c
06383
010ff
0c5f2
07586
0a666
04a26
08895
07578
0a97b
07583
09c75
0060c
0124f
0352a
02364
0caec
0e18e
0f2c6
092bd
02248
0d997
0b0d0
05831
08ec5
08219
0823f
0b80b
085f7
08616
0dae0
01b62
06ba7
0b927
021c5
0f341
06f54
0e692
036dc
007f8
0a418
07b5a
03f25
04b4e
0e9b9
082cb
0c5a1
0d9e6
04f5c
01f31
09cb5
0a106
0f665
04404
0f56c
03595
08c69
0e619
0466a
081f1
0c0f1
07710
012a6
02dd8
0c33e
08159
0599d
0891d
043af
0684f
073e8
0e628
05351
0788e
079fe
034d7
04d49
039b7
0fffb
00f67
0c8a6
05071
06b90
05845
01947
06c97
055e7
04a99
03e04
016ed
03be3
007a1
05ec7
075c5
059f9
00114
00855
02045
0c599
0ec30
0de31
0c241
03aae
01732
00f42
0f631
0c5c0
03e4f
005bc
02acf
09748
060f2
0bece
0c476
02f95
093d8
01f98
07870
09427
0a37e
07ce9
02b8b
01840
0f715
08d7f
0d79f
046c9
063d5
0a135
09e60
0d13c
0a1fe
03200
011da
001de
065a9
008a7
0ea01
0cefd
05d60
001cb
0bd78
08ed2
0a8aa
0c225
0e004
02629
0a9ae
00a01
01797
0df2f
0dd9e
0c7a5
0d81b
0898f
02f1e
025cc
006ad
0c935
0bdef
09922
02c4f
02e3b
07318
0907b
000cf
0e4df
0a5da
0337e
0cc32
089a8
0f059
0157b
007b3
0bc0c
063a8
0dc1b
0d6e1
06794
096a1
0481a
0c17e
0cf7d
05190
0c6de
0eb10
007e5
077d9
0dded
03c93
0f1e8
0f878
02532
0ba69
00faf
0bdf3
0db85
05c78
0b9dd
0e835
027b2
0e8b0
0c10d
00bf7
07936
040c5
00b67
02c88
043f1
0dcfc
0b78e
0e8bb
05fa0
0c2a1
00785
09afe
02846
002fe
0bcb1
04745
0254b
0ec06
0b8f0
0abd5
0a0f3
03c4d
0ebcf
0f92b
0e9f1
094e2
02e30
046a3
0f9ff
097f5
0c52b
05ea8
02635
03171
04a10
08f87
02f0d
0ce3d
04689
0df19
08854
05aa3
0534f
04825
0f47e
0ab25
0261e
0e607
01b56
08756
0bb9e
08865
04387
035e1
0b177
09659
0bee5
0f8e2
0173a
0a34e
0dec7
040b9
0017a
04877
040ae
0bbfd
0fe6f
00007
0093f
0197c
02071
0cc70
07069
0af31
0d1ec
08cdb
01b0d
0eb30
057e6
06c2b
045a3
08e90
0f0a4
05af1
0536e
0a7fc
08f5b
00296
01de8
02d8c
0f890
05d93
05263
0860c
0e7be
07b11
02e20
045c2
0d6e0
0251d
0c76a
0bf0c
00332
0f683
021bf
01e2a
0b3ee
01e35
02ed4
03b7a
0be5c
00086
05b22
0ed7a
037ea
02c1e
0a145
05f32
0dad4
02967
01655
0b9b7
0746f
0e194
01b42
045b7
06633
01673
010ce
0ecbc
0244a
0dc41
0a0b8
00787
0025b
0f7bd
0834a
02c59
09fe0
0a78a
09608
07439
0481d
0efc8
0d38f
06d3a
0d302
0b071
04354
083a1
08edc
0f1c6
03b2b
0d3ab
02d1a
04852
0f2c1
06784
09f28
02a50
06d2a
02435
0122f
08400
0aa21
0173f
04eb5
0b41e
0ce7a
0718d
05dc9
0232f
0efc1
097f2
06d3a
0b84a
0e02d
08316
07be1
0acbf
04d82
0d762
01ef6
0cfae
08bc7
0deef
013ed
0dbc8
0e546
06334
07024
080b3
09961
063f5
09b76
05a8f
0a2c6
074a8
0c3e7
09888
0cfd1
0469a
01849
0a964
0ab01
01b2c
0e41a
0e37f
08dab
019a9
0c975
0b85f
0e5e1
0abce
0b472
028fd
0ba7b
0cb4c
051a4
06977
05d94
004fb
0116a
0aaa7
0a62b
036db
015c3
0fc9c
09e73
00e1b
03414
07796
0330f
02aaa
03342
0ece6
0c69a
03083
009c7
048de
0a835
09701
0e3ef
0c733
01ba3
05ab3
0561d
00c2e
0cfef
0bded
077b5
0a158
0893d
02a93
05ab0
00055
02a56
0453d
05d4e
0e01f
0a0a3
0b6f5
01e79
0056a
050d9
0d5da
019ff
0286a
0a396
038d4
0acad
06ddf
05dbe
0b1ad
084ee
0e15b
0adf8
01061
0e049
090a6
01670
0fc10
03325
0e2c9
061ed
0421e
0ed69
0195a
0b52d
0bb78
00e5c
07611
021ab
018a6
004fa
0c90c
09360
06eb5
09bae
0063f
06812
03cae
00189
08e0b
0b248
0408a
01017
06dd4
0db58
01759
09184
020fa
024de
0998b
03005
07158
0ac72
05938
0b7e5
0b135
07cbd
0bf62
0ae51
04b03
01766
0b902
0c69d
0242d
01107
01e5f
0d0ab
0f94a
006ae
009d7
0cbaa
0db60
01e19
025ba
0c612
0e0e3
0f47a
08689
01692
07bb7
0f53d
088bb
04028
06f84
0633f
093f4
09d0f
0bffb
07336
00a80
0016c
0c906
0fb47
0eabd
0c103
05079
0ab18
0a7fb
0041f
06f99
05244
0b225
005a8
02550
0fc88
06cce
0c24b
0a04f
0829c
04290
0c846
05e06
0925d
03627
0eb33
08271
05e17
01f4e
05fa0
04c84
0700b
07151
09d8c
0a97c
030c4
023b5
007cc
0105b
01465
0d7f0
017c1
0b65b
07d12
002e0
0d3f8
081ad
07c67
00723
04d8d
03bb9
02d40
0c49f
0c900
0e35d
0709c
045ac
00353
0902c
0ab45
0e9bf
0ab0c
0e6fc
0a584
05f44
02cea
0578c
0d8d4
09f95
055c0
0ca5d
017c5
0763e
07b04
0d691
05bbd
00456
0486e
0ea47
0bd76
0b51b
05f81
027cd
082fc
0ec83
0ed3e
00ca0
0408d
0008f
0e3cc
03aa4
02e81
0b041
052ff
07388
00322
05ca3
060ca
0dce6
05624
032ac
05782
02292
0b484
03fbd
0fa48
00230
0bb69
0305d
0de12
0367c
03960
0df80
06c41
0be2b
0aa25
029c1
0a03a
0ed70
0f0de
055bf
0303a
0c370
016c3
019c6
0ade9
07900
0f51e
06e90
02263
0c039
04f24
0f58d
05841
08d5e
0a9d4
09f3a
01b59
03123
046b5
05614
0f41b
05334
0009f
01ba2
05af2
06d70
096ce
04142
07510
04542
04f9c
01e4a
08101
02d67
08e0a
08eb7
0f97c
08eb9
06c3f
0436b
0382b
021cf
0d7c9
0b845
0647f
00539
040c8
006ad
04152
0127d
06a6c
019f6
08dd2
04c6c
07023
0432c
042db
0e0b8
0fefd
0b7e5
0411f
034db
07cc6
0bef0
0634f
01536
042e3
02fe4
0d5fa
0abc2
01814
0d077
081c6
0caaf
064e2
0017a
01d68
0b059
0762c
0e143
0e9f1
0eb50
0b633
0cbb7
03120
072d0
04398
0245f
00bbb
052e4
02de7
0d4d8
025e6
0f079
098d9
0c198
014ed
05178
06fb3
03d19
00eef
086ff
07ef2
08d43
0223e
0c631
0c8a4
0530c
04d3a
0298d
067f2
03cae
0d6ef
0f944
00729
01c9b
0bbd9
0cfcd
0bcb5
0d5da
0c958
0ebc7
014c6
0c42e
077bd
0c9ba
04e52
02b10
0c995
0b95e
0b92c
01ef2
09b3c
092e9
0826c
099db
01285
0e1c7
0dceb
0c874
06487
09cc2
0608b
0730e
0d56b
0b005
0045e
09ac7
0c0fc
055a5
0e840
06129
0424a
0567f
0c54b
044f6
0de20
03c25
02d4a
0974e
04b30
082ee
06ed1
0d266
0465f
0afe2
0a420
08879
04d77
033ec
0141d
0fc69
03238
0d0ac
04b87
07aee
09f4d
02b55
0c2b2
086ff
070f2
066eb
0ad7b
07a95
04498
0903f
0ebff
05f91
0bb34
01d7e
0bab6
078c1
07327
07db5
0857f
06794
011c8
07b55
027b4
02849
0bb4f
0ffbf
0cfb3
00e54
0bf6a
088be
0bd55
0ef0e
0c7e3
08981
0ffae
0a961
0e835
0cd81
08958
0abc7
06613
0b892
07ad7
0df88
0bdce
0f1c2
08aad
0c93a
0c5f8
0c3bd
0208d
0dc9f
06ad0
08f8a
040c1
0287c
05aaa
0afbf
09233
0bd68
00b54
0040e
0aa01
09cd9
02cd1
0aef2
05ee8
0cc56
04902
0a56c
0be0f
0c338
0cb4d
09aab
0e4b3
05d0a
039c6
07aa3
006ef
0e809
08d67
045fe
07aac
0bc62
03cc1
08809
05cf9
0c505
03ebd
09263
01af3
08790
0640d
07ee1
05098
0d4b6
03b91
09a1c
0a22b
09e2e
06d4e
01c96
0e7d6
0d346
070a5
0ea71
073b6
03560
00940
00f5a
03e74
0fdca
0b668
05582
048bf
03d91
028a7
0bc99
0e4ad
02f4c
08fcb
0a2fc
05016
06b11
0b9ba
08f08
05a39
0ddab
0ebda
084ff
088bb
0ff01
018e3
03990
0fe93
06353
053c3
00cf6
0d264
0aed0
04b90
071f3
0e3b0
0ecf4
0e7eb
0439c
0dc25
0ccf4
0a5d8
0d03f
06068
063d4
0efa1
001be
03913
08eac
01fb7
017e1
0b6d7
04e14
0e0ef
02032
00c96
0bc27
0a6a5
0175c
0129e
00cf6
04dd0
0f7ba
05b3a
0418c
021a5
09e4d
05f63
0a3bb
0ed1d
063c5
03d65
0d9d0
00d8d
09a2c
07413
03f30
06f6b
0cbc6
02c76
0fd1e
05436
011f6
0659c
03e45
0656f
0c194
0b114
0b3be
04eef
0c812
05a1e
00db7
05f7b
0f822
07e04
0b01c
04171
0bf3f
0b459
06d29
07821
04bf5
05684
04d32
0e2a8
07424
06155
0593e
000ba
0931c
0ba28
0f286
071b1
0b544
07374
04226
07409
0d8b1
0da88
02c99
0b334
011cb
0f067
0cb50
02eeb
01910
0eb11
01753
05ff7
0c736
0fee4
03dd8
05119
06659
0c323
013c0
03284
0073f
0fb97
03fd6
04fdb
0caf8
03315
0b55c
071cc
05da3
02de5
0fc69
0de96
08637
0843c
0ce19
0f4fa
0668e
0a60c
0e29e
0867a
04315
04a50
06b6d
06ef2
04e37
04884
052a1
008a5
03656
09585
081ec
04ed4
0b134
04efe
05e46
05b76
0b51d
0cf5f
01d44
0c109
05db7
0acd1
06c10
0be41
0193f
0c77b
07c07
0f523
07d41
02222
03abf
01c60
08b09
0cb2b
0fbca
08d32
03586
078fe
0033b
0f89c
0a169
0754e
09c1a
03e7a
0a5dd
04c07
006f0
024ba
07083
0c54e
0595a
0cd76
01d5a
092da
0cc70
0755e
0f272
0bb12
0c5b1
02063
0a0ae
08dbf
0f3c9
0170e
0b91a
0a308
080bb
0253b
0593b
02274
0bc90
02c46
0db32
0890b
024df
027ad
0af37
0a8ee
0db45
08b11
008a8
02ec2
0c07f
06c4c
0a45f
0e6d7
0fe49
0b72b
05ea6
01ed2
0f44e
00045
04630
0094c
081da
05663
0de83
0510c
007a2
02469
0fe04
03133
0459b
02dfa
04ca1
09d6e
02586
06750
07cbf
0dc28
0ce9b
0ecee
0e866
0cfdd
0129a
0f2fa
06e65
025fc
05477
0da4c
0fb29
0f7be
07670
028e9
05ee9
04382
0e02d
0c75f
00e7f
0ebb7
0ada0
0f347
0d738
0b46f
07976
06a7f
09e16
067f1
03b07
02ef2
0c3b3
0a85a
09e16
06072
00fcf
0ab74
05d06
07762
03fd7
04a1a
01763
0512c
03dfa
02375
0b435
00c0a
0b2bd
0f8fa
0c19b
08b69
090c9
0e985
09174
0f5ba
00386
01991
0009c
047d2
0d77b
0edb4
0ca91
09cc2
09e4d
0deda
0fe29
0cd44
09871
0e549
0e678
09e78
02d94
0d6ee
06711
0c574
0b1f3
0da6f
0114a
0838c
0a947
010e8
00bcd
0d03b
07d10
0b4bc
0a124
070f1
0f0c5
065fa
01344
0c5b1
08b77
0da6e
05f79
0edc6
0e1fc
0287c
03846
0b758
04653
0c2a3
0720a
0a466
0696a
0195e
0bdee
0ee91
00412
05bc6
0bc6b
0b314
03861
052b1
0527b
0ece3
0d3b9
069a9
0da66
09973
07833
0281f
0a0c6
09478
0abb9
0c975
0b286
0903a
0d3f0
0de87
07efb
098d9
0a92b
08600
09595
0715c
09d62
083c9
0255f
09c57
03e1c
0ca81
07d3a
07c23
08457
08d34
0e6db
091f7
073ec
08a0e
0d1e0
08710
008cb
057b9
04ace
072f5
01871
0a808
0d71b
041b1
0f43d
06fe2
08a0a
03313
07f94
050bd
0350c
00415
0e41e
04217
01f56
058bf
03af4
0f51d
01632
0f536
0a755
09a4b
0b20b
062ab
092fa
0d35a
0bdb7
0ac61
0f1fa
04389
04056
01317
07d26
00533
015f8
09a81
08e68
0dd9c
09bd8
0c354
020d0
04bf8
07267
01bf5
00e05
0486a
0b627
03699
045d1
03ac6
06877
0ec45
0aaa8
0c976
0b664
0c880
06170
0a95a
0acbd
0f155
0012f
0dc48
02863
06fd2
02337
085ad
0b892
098c0
060d8
084cc
0a78e
0cb08
0c699
0714c
02b56
0251b
07215
0bdf1
0189b
068ce
097df
05dfc
06188
0d096
050ad
0457e
01125
07f50
063ca
09ebb
0ea3f
095e3
05dc0
087be
0d02a
06a73
0372f
00995
09a3e
076c7
0e6ca
0d4d4
0cae0
00e58
010ba
0a0a9
0481f
08fa8
0c34a
019a9
04e54
02de9
0f97e
0e055
09274
020fa
0ee7f
086e8
0606b
01338
09aac
06a69
0a317
01dec
04f71
074ee
0bbb4
01807
053a5
052ef
08f87
0d820
0c81c
0ad3a
05cc2
0e59b
0ac6d
051a7
065df
066ee
04457
04e7f
077b1
004c5
045c8
00850
044d5
0a90e
0cd73
03732
06e59
068a8
00519
0759e
00b3f
0705d
06500
081dc
0d10b
0efd8
0e1c7
022ac
03ee6
0db05
0e99f
0bafb
0057b
0e005
0da8e
048b3
0f4ef
0b1da
0a160
07f8d
01d03
058dc
08e55
0bd8a
06bd4
01cb2
0280f
05898
0762f
08441
0f9ab
0575c
07850
00ede
06efe
08aad
0437c
017e4
0410d
0978d
0eaba
022de
00863
02e86
0e88f
0537a
053aa
043ca
095d9
01aaf
0bf21
01df2
0e0f2
0d3c1
08494
0ecd5
03403
0f3db
0fd89
0a469
08559
0d3ed
03634
05da2
08704
0199f
0c5cb
0b832
0746c
0e1a4
04ee4
0f035
04bf2
0add0
020d0
05c19
04fa4
0a220
01488
0afbd
0c543
0c9d4
09041
0826a
04b7c
07eab
0f88f
07f8a
06010
0e719
02711
05f63
0330f
0428e
02b48
02c01
01823
03d0b
0ea70
0157c
078ae
0b17c
0d4f4
01999
025da
0e8a9
01955
0f82e
0952b
01275
07379
04d56
0b47d
03506
080ee
0b5bd
05b3d
0a2fd
03802
0fcec
0343c
05867
059db
048c1
0fc05
0c68f
08251
07fe2
070cc
0e8a7
05d13
053bc
00afd
0b8af
0941a
04c9f
049e7
039d9
0c059
05a30
0c0f6
0a418
08576
0c3d7
0627c
063fe
000c5
06418
0679b
0946d
096bf
09aa5
0e2b9
0097b
09c05
0ff89
0a943
00603
08abb
0ede3
00aa7
05519
00549
0bf95
0c14a
0b2df
0248a
0a05e
06101
0e579
0fe61
083c7
05d02
0cb65
0dab1
06b1c
051e6
0a210
0d406
07762
08938
05eb6
0e79a
0fefa
0f2c5
0a347
0574b
051ed
0b7a6
04ea6
008fa
0d633
0293e
0cc79
0b2d6
02adc
04894
04484
00e38
0bcde
050b9
04d43
09259
03bea
02486
0a529
0d22e
06fcd
01586
04da3
0a2af
0a1b1
0cdf0
07716
0df2d
07d1d
0ed32
04eef
0d134
0583f
097e3
05c19
015e2
0dce8
0c103
026e9
0aba2
084b7
00ddb
0ade5
031b6
06399
068d6
036c4
07231
014b5
01653
08b93
072eb
05066
020e3
02adb
05a82
04dbd
03050
05885
0270c
0be85
09796
039ad
0beb6
04eab
0def2
0d595
0ffbe
0cd8c
0988d
00451
0353d
0382f
0a747
08637
01df2
0c767
09e5d
09c76
04462
0007d
015cd
0c6ca
05af6
0fee3
0e26d
0f5fc
07d35
0a09a
0a792
0c682
0cdaf
09044
0cc70
09f20
03ccd
0dee5
04233
06f77
097a6
05c4f
0393c
04825
0df4a
04a27
05bab
02673
062f9
05db5
008c2
09c7c
020bf
01748
09192
05381
08180
06f15
039bc
09014
0f8a0
0394d
02e1a
0f12e
0e49d
04e8d
0d000
08e2c
0316d
0525f
065f8
038c7
00a30
01d30
0704d
0dd2d
0d830
0d1d4
00ab8
05610
00117
01ff1
002c1
0b217
064b6
05295
0ac5e
06304
0cac4
06089
03156
001f8
0a4be
017c3
0a73d
05be2
08a51
07d11
0784a
000fa
0b5e7
052dc
0d5fa
05782
01ff9
01e89
0e6f6
0cbd4
0dd48
053f9
0ea2e
0df4e
07cf6
0744b
05ac8
069e2
0c54e
0685e
06dd1
0f7a1
0d0a5
02aa6
0ac25
03a64
0ce13
05aa4
0cb98
0e8e5
035a2
07ee3
0de3c
09c02
037a2
0006b
02615
06136
04f63
0504e
066f9
07383
04e01
032c3
07296
0b2db
05fa8
0ec13
02068
0f428
0a696
00a21
0cfe7
0f6ed
0fc6b
0c572
030a0
0163e
0d850
0bd8f
05587
00336
0336e
08865
07ea6
0266e
0413f
0ef26
0e3a1
0d1ca
03bca
0ebd9
038a9
0b466
0d687
07e70
0990a
0b32b
0feb5
05b3c
00884
04d25
0c815
0c0f5
0bcbe
0cc6a
0c4d9
05775
0b532
0303b
046d7
0a5b8
0e57c
06885
09db8
05334
0afd5
0a6fd
07270
08bb0
0decc
0049f
0e380
09881
045e3
00b81
0e3dd
08946
0f34a
04912
0d2f2
0d89a
09be9
02038
0e030
0caef
0f807
00b0e
001f8
0ea21
09d2e
0fefd
08283
0b431
09186
0cfae
08d35
02689
06317
09ac2
0399f
0d268
0ec90
07c2d
093f4
0eaaa
0afcd
0699a
0cc1e
036b0
0c2fa
095ff
00e50
087cb
0947c
0a1cf
0050e
05555
0c9fb
00513
0a740
05780
03c8d
01013
053fb
0cc04
04771
0ead8
01402
0cb1d
0cce8
0946a
01f56
00941
05bb8
08a86
0815d
0b796
03570
07160
00047
06141
01511
0a8e6
0f705
09c38
07952
0f28c
08619
03643
0b1fc
0d4fd
0791e
00775
04c7b
0e4e7
0bdb9
00683
01830
00052
06cfb
01783
0b098
0c7df
0ce7c
03422
0b637
06817
008d9
0b701
0c659
095e7
031b5
085a9
06217
0e065
096a0
0dd2e
0e5cc
01a83
0f5af
009fc
03c93
0f1b7
052f1
0d432
011e0
00ffd
039da
06878
0daff
0bea6
03ee9
0185f
0763b
08af2
0975c
09b24
0810e
04357
01626
0c96b
0f7c8
08c6b
0af96
0d808
0cd3e
0bf9a
05465
09a0d
013c5
0c172
04895
04089
03bd1
0a5af
0b03a
0df54
0f493
0461b
0a17f
0d9d7
05b44
05e54
05c91
03ff0
0040d
0a9df
078c9
06e50
096fc
0e110
00f0d
08469
0ff70
09d56
0f5f7
0c710
09b6e
093bf
0a6bf
0bea6
07217
0dfc8
0a70b
05768
03159
076a9
07350
0a005
00320
0fa6b
029e6
0463c
0932f
0aa81
0b205
06fb2
03408
0551b
01cda
001b3
07f8e
0c9ed
04165
05ea2
02ecc
022cf
0f1d1
07941
0494f
0ed37
0fd43
05069
0d9e8
08a99
07e25
0b169
0a458
0a478
0a642
05789
05ca4
09c4c
05733
0b14b
047a6
0a010
033eb
0cfe9
03b37
0a7c7
0fa7f
0bc8a
02b06
0e5b2
02214
01c06
0ac06
01abd
01825
0b9fe
09df5
02f7c
08443
0e57f
0e880
09d50
089da
0f177
075ec
0bb74
06dfd
0b697
04844
0985a
0e070
09772
03969
0ec28
03cf8
0b67a
099be
0eb3e
0661c
08519
0942a
06806
012c3
0aaaf
07675
0fa06
00f81
071ca
063f5
03fe7
06f7f
0d7b2
02a92
02325
066ee
07ab2
05d4b
0daaf
0132a
0f2e9
059a4
022fa
0b48b
05922
0f5b7
0f34f
06481
004ef
0920b
0de9d
05e2f
0a1c6
0200c
0a07d
05cf2
03e94
0e3ed
09c88
0d133
0a747
06ce7
0a7a5
073ee
0f71b
01999
033fb
036fa
0b665
0d986
0f4ec
06040
095c7
08ef5
0c356
0fe3d
02cdc
0f558
0e2a8
0c1ff
0533e
0cb83
0216f
09eeb
072ef
06b78
0cac7
045ea
0838f
0c08c
0dc2a
08623
0aed3
01af6
00ed8
012e8
0396d
018b0
0ae39
0f59a
074ac
008af
077c8
0ae46
053d3
030be
02b83
0d1b6
094bd
09331
05724
096f1
0c79c
08dca
09857
0ea67
0bdcd
0e046
05765
0bdeb
0fb05
0a83d
0b272
040b9
038ea
01a49
05bb9
04973
02496
0e1d8
0ecee
025e0
0467b
09935
06004
0e759
029f5
0ec9b
0075d
0a805
09937
0867f
0a84f
032a0
08820
06987
0d9d5
0fe20
051db
0c84d
035a9
02a7e
05d4c
06f6e
00f32
06b7a
0aef5
0de6b
03a68
029f0
07dd4
0fbbe
028d9
08cda
0ac51
005d0
00b9a
05577
035f2
0e3fd
0ef9f
0180f
0bda5
0a199
04bad
0d9b7
0d88e
06a5b
07128
0bf51
02dc9
0a04c
00a94
0edea
00616
0a307
063eb
040c9
0ca04
00a3a
03e3a
03e64
07b75
028de
00557
07f4b
04055
0f2d8
09d60
044d0
0a15b
0b2f9
03e16
07c98
0da6a
015a3
01e3e
0a7fb
033be
03efc
015de
0911a
0a7cd
01f3a
04571
09942
06ca2
0ec0d
069c5
0cd09
023ac
0afbe
0fe0c
06949
0c21b
0cdda
0479b
0e136
02861
06f1e
0b286
0cd48
07d9d
06b00
0b4da
07be6
01ee6
003a4
0aaf0
0a4bd
0dc43
02e42
0bbc2
09573
0e695
07e1c
02c01
0ab2a
0c58c
0c04b
07a93
0f985
05f33
0b6d1
0b184
03b3b
033d8
0c279
09492
07e00
0c928
015ce
0449e
07adf
0f16d
0f8e9
05d09
0e9f3
00e6c
0511a
0d7f9
0c1a4
0d1d9
00266
0afac
07fad
09708
05aab
02a17
0c163
08280
0834a
0232b
0d30d
02730
011e6
035ad
0ec74
0a58b
068d3
0ab65
09966
0d1b6
087fc
015f0
0bf21
03fb6
0132f
060b8
000a0
0454f
0fb17
06d90
0043c
08732
04911
0f924
0d6e2
06ac4
0d82d
044c5
03474
086ce
084b1
08a8a
0e815
03b6c
075b7
0a24c
06c3e
00b10
0d2d2
016fd
0d637
0fd97
0cde4
0852f
001d7
058ef
058a4
08e72
0e89f
08a0b
0a3ca
0b382
03949
07969
0a844
0e848
04585
0fb5f
03f1f
0e832
08821
064a1
00ae4
0d981
03d58
03618
0c47a
08abf
011fa
067fc
09c31
06aa1
02148
0fca1
0693d
0f095
0e2e9
0b7e1
071e4
077d3
06dcc
0cf35
09163
0f325
0e625
00721
0808c
03047
07710
00450
00660
039b6
0b2be
062d1
0d698
00bdf
05f61
04164
0cab3
04438
0b286
0876d
0556e
0143b
08620
022b9
0573c
0771d
02b84
011d7
0b652
0e681
0ec74
04495
003bf
0897c
08f1a
021f0
00a13
01cfa
0fd4f
08b52
0330c
06e20
051b1
08a9c
0be12
07afb
0268b
01e76
0f727
09e7f
03294
049f4
049d4
08dd9
0ee65
00e6b
0f307
04d52
0c790
082f2
0d051
068cc
05ddd
05adb
0bf13
02800
0fdf4
098db
049ce
05efc
09448
00729
087b0
06d8f
05843
0d6a3
03309
0373c
01a6d
01225
06284
09c67
0c3e0
0dcfd
032cc
0c351
06e23
019bb
0f324
00624
04c72
0cc78
0e5b5
056f4
01cb7
04d8a
011fe
01047
0aba2
0790f
0c827
0d405
04565
023e1
0b885
064a7
0d18b
00ff6
0051b
0ad8c
0ee00
0f39b
0a040
00f5f
01eaf
0310a
0fd67
07c9e
045eb
0aac5
0064f
00d4f
0ec3b
06eb0
0ec46
02dcf
06107
011b8
0e727
057e4
0520b
02fe2
037e3
0688c
0c2e7
0151f
0f1fa
026b1
0c79a
0fdc1
048fa
05f0b
03d6a
00cc6
081fd
0a1e6
08f04
0d0a5
03947
0fdf0
038cf
05599
02305
0f2ab
00338
0e8d9
0837f
09cdf
07d60
0d06a
01b8a
04a16
0737f
09a62
09615
04374
05e09
0b899
049d7
02f89
0cb6c
007e2
049c3
0af44
05cb7
06de9
08a2d
02a20
048a9
008b6
08b0e
09c34
0e464
0f2ec
05c4f
0c06c
00b92
06a9e
05d81
0d761
0b4cc
0a1b1
03051
07305
042d7
0f0ce
0d165
02865
0ee65
099a7
00c57
04493
08a6b
0b09c
0b7da
0b396
03951
0c3b8
012f8
04348
03627
0366d
0388b
0a3ab
02e8c
05769
0dc17
0cf28
09231
0d3c6
082b6
0f53b
0db1d
0d7b4
040f9
06d83
0ed5e
0c23c
01e19
004f3
089d9
09fb9
0e991
08483
00c19
07621
0e06b
02d59
03815
010a7
0fb3c
09549
042e1
02be7
0dfd6
099ff
01654
019c7
0cead
06738
0c93c
04176
0650f
0a6ee
075ff
08ea4
089bc
0dfc4
08a74
0e5e9
01401
050c0
03c0a
072b0
0d208
0a31a
08c73
0dd06
05ffe
04bcb
004fb
0561a
021c0
0553f
0660a
0fbbb
04bf9
00772
0b7f3
0a85f
000c3
06a90
06f84
00103
01f36
00a8e
0094e
0c0f9
07f51
09558
0ce7e
0e828
07a81
038f3
00278
001b8
02e12
03e1d
08116
03cfc
0cff8
0015b
00bd9
02f47
0c4da
04df6
0785e
04719
0fd2b
06730
0e9da
0eb6e
016e6
0c6c2
0048f
0ac76
099b4
02a16
0d9bb
0f5c6
0841a
0c6ea
07d69
014cd
019f0
00bce
08dfe
07030
07f82
0de7e
03ccb
0318d
07d17
0e42e
02a3b
03136
02b9a
0a2fd
02f57
0bd1f
084ad
0a8d1
04875
09e3b
04cd7
0094d
060d3
08501
00629
02307
0b9dd
0682b
0a5db
07a74
08e33
0d364
0d27d
00f58
0e498
0a4af
0c008
08032
09117
08bf2
0cf10
0dd27
0e21b
04bea
01b7a
030e4
01dfb
046a1
088b3
00835
0474f
02ee6
04dee
0468a
071ea
0e4ba
093f5
00093
04c6f
0c83b
0480e
0113e
0b17c
023da
0fe67
0862f
0a647
0459a
0ef65
0746d
0b78e
062a3
0d2bb
09f86
051cd
071cd
0b05a
0e8ab
008e8
0044f
096dd
02ca4
051a6
0307c
0476b
0a9fd
036e0
03b7d
0d65c
0238e
05a77
0a79c
0b120
0092a
092df
0cb8f
03a95
0103b
01f25
0ede6
05885
07029
01c5a
0876c
0da5a
0d119
00c0c
01b89
02ba6
0416d
07c0f
04961
0eaa3
02c5f
00f2a
02df1
059ff
066a8
0411a
0dabc
02325
0b3a2
02ddc
0400c
00f08
0876b
0bf9f
005e7
0feda
0dbd8
0ded5
0a673
072e3
08460
09fc5
0c37f
0178d
09c65
05afc
049e5
0e12e
0d682
07001
09985
0c400
00ce0
036d2
02d1d
0aa71
07923
00381
0bb5d
0ff99
068f0
09e45
0fbcf
04c3c
084d9
07841
0b30e
0d7fd
02a88
0fb7a
0d1d5
05691
0538c
0a2bd
033ff
0409f
0eaee
05dd5
0c9d9
0e7f7
001f1
0c8b2
0d62c
0c65c
0b3c1
0cce5
04e27
04292
08d57
02736
0e244
0d14a
0e24d
08a04
0963f
0f255
0ef25
02939
051bc
01ec4
06a56
0b924
007b3
012b0
0d358
037bb
09b4b
0f77c
09a48
04a88
04048
07878
0a05c
08b33
06b40
09d7d
01b77
09d4e
0d6ab
0c1be
04e02
0388e
04d37
02c7b
0ac2c
0dd9b
0816c
0b66a
053c6
0b6bd
08378
05819
008cd
0cca1
08d85
090ec
02d06
03f58
033c0
0fc72
06421
0291e
04b23
0ed5c
07f87
0014a
0dbaa
0778d
09d0a
07360
0acba
09333
05b87
02129
08df0
0d6ec
00be0
0cf70
0cf70
084f3
0095c
0b1d3
03259
03396
01665
05d0d
02ea5
0526e
0bdfc
09f3b
06463
08ed4
02a1e
05f7b
07e88
00f01
03ca7
0cd8a
01a17
09f35
0d907
00225
07abc
0fe4b
048d8
03372
0c525
01b11
01ded
067bf
05389
01ffd
0673d
035c7
0e4b8
01957
0290d
02dce
08d52
0109b
006c2
06b72
0987b
0f31e
03bca
07b3d
036c0
0fe25
032a3
0eeea
0d473
01757
035bd
0c6a1
04fa9
0b5a5
01a13
08449
03271
091dd
0eeed
0a845
0bab4
004d3
03daf
02771
0697d
0e006
0ae73
07268
0ace6
054cf
03d1f
00b96
0f1f1
0553b
0e324
001c5
0f17f
04673
0ef9b
01ccb
07411
0ef96
03951
0d4bc
03629
0da7f
00e13
038dd
0f0a1
04f2b
04272
067d5
0c4b5
080ac
0f655
0fb17
03dc1
0655b
0f867
0ad7d
07410
014a4
0e512
0d6a4
0364b
00392
05d37
092d6
007a4
0bb90
0b42b
0ee58
0101d
0078a
056e5
08387
09619
06368
04518
06d33
0ca5f
05f58
05314
03e3a
0c80a
0137b
0c4d6
0c3cd
0b46f
0e96a
084e7
0cbfc
0f1be
00a33
0c722
0e28d
0b688
021f1
0dfb5
03c9e
07de7
0bab6
048b9
02dcb
0a4ca
01c1e
03b1a
0d02a
098ac
04a56
0c6db
02538
00242
0f5ef
004f0
06f67
0652f
0ba5b
017c4
0841c
05026
0906b
06c7b
0399a
071bb
0461e
093bd
095ee
021c5
070d7
00c13
0053b
09a54
036da
0d9a4
02631
007eb
0a1fe
0750f
017fc
04b72
033ad
0bc91
0247d
0c10d
0f3d9
0babd
0c6b9
094e3
0cefd
07d79
07651
0a8f5
07720
09ea5
02e72
02fdb
0019b
0a6d6
008be
03caa
08d61
0ff51
0d75a
084e7
04f99
0fb2d
0d956
03e9b
0a3de
0f1e6
07e5a
0ac86
0a453
038ea
0460c
02718
0e5e8
0fc40
0a8b6
0326c
04499
077ea
0be85
0fed9
03269
0aec7
0b97c
084e9
04f3d
0c0b4
0175a
0ec78
05251
07444
0c446
009a8
04e98
0975d
095df
0dec9
0bd57
08f74
0d87f
0ecd6
0efe7
0485e
012c7
0b759
0211a
0e211
03418
00dfc
0ebdf
0683a
01f4e
0ed7d
03eb8
0b92a
0c4bf
086f3
0f61c
075b2
0f659
01f55
06eda
03206
0f92d
0a2d7
09d21
074df
0082a
05f15
0e275
097cf
02552
09a7a
0a60c
0eb04
05cb4
0c442
01980
052f1
05873
0aa27
084e5
0c9f2
0ce3f
04b85
0e6d8
05f33
099bb
01765
0e5bb
0d54f
0db72
08058
045af
00544
0e400
0c126
069eb
049a2
0f4db
0229c
069bd
0ad30
06a9f
0cd41
0f3a7
0d5cb
046d7
0b75d
04031
06f8f
0dccb
0f34b
01aaf
0d018
00f77
086c8
0c969
077ae
05a4c
01d75
0ab51
0bdb4
0787b
084f8
00315
0b196
00d01
04a21
0f2d2
06668
0d613
02ae8
0a79d
0e614
0dbae
083c6
00485
0a0e8
0623a
0a4b1
0d2af
0e684
01d94
0f287
0ed3f
0ffe7
0ad91
0b043
08266
0514c
0df67
02769
00e24
07b83
084f3
04b58
05ca2
0f426
06b8c
0ce0c
042ae
0e92f
06998
05c4b
01e88
05a25
059d3
04b61
0f6db
034e2
0367c
02667
0edf8
0bdf2
0faed
0da13
03dcb
0fbcf
03695
0d88a
05429
01d4a
096cc
050b2
0be70
03a60
093f1
08952
0ceec
07723
01094
0bfe5
059f8
03506
0d983
00406
06a27
05bbc
05fd6
00f26
05c40
0d390
0071f
030f9
08843
05e67
0cb87
0898a
0fdac
027a5
01f00
0d838
00cf0
02495
0e6b2
0edd9
009e5
06e9c
02928
0ccd4
06356
0e42c
01424
0af53
00584
010d8
09518
06585
06ad7
05e97
0d397
0eaec
05df8
081f2
08f2f
0c0e3
0729f
039ec
0e192
051df
08ea9
0e31f
0ddd0
07bbb
002ba
071d0
010a5
0cb9f
0a673
0852d
01f29
05003
0b318
0a66c
037aa
0701e
07321
04123
0ec8d
050e5
0fc8c
05c40
02c8c
051f4
03c59
0c675
071c5
0b235
01873
098d0
0dbc5
01e76
04039
0dc63
0d6ed
0e7b6
0ca4e
0a989
057e1
0e840
05518
09b81
0b638
0692b
0fa7f
08790
0bf4d
00bfa
0e7c0
0004a
0dea4
09a4a
0016d
0d65f
0fd85
0ba0d
0d358
00b1c
056db
016d5
0053c
034e1
057f0
017c9
054f1
05f51
027cf
0be28
0993c
079f4
010ad
08f19
084a1
011b6
07349
058c1
05052
0b26e
06285
07e99
0699e
058bc
0035b
055e6
07d46
0b70c
0226c
014db
04ed4
0bf9c
0a9ab
0b027
01e66
03a1f
073d6
0acdf
0913e
0a839
01118
073bb
0cf44
091d6
06a92
06324
07dbf
062af
0530c
096ce
07e19
0c9c9
05390
0da7f
043b7
003b5
00da5
0b192
07602
03eb1
040ad
089f7
08a5a
02e51
052c9
01d74
0e37f
0aaab
0c91f
0a048
0448e
01ce5
03c5d
04908
07c46
0fe29
0cd8f
0656b
02687
0f655
0eb69
09e33
0be4e
08e43
051f2
02191
0079f
0c492
05d50
08951
02f91
06803
0e572
0af0d
03211
043cf
05c93
0ca82
0e486
026eb
07549
03322
0f696
0bea8
076d8
0cd33
04197
0d8db
08c52
0f268
0a312
04d62
0cc1a
080f5
0c425
034ad
048a2
00d01
0d9f8
03dad
0e5aa
07506
00d8a
0024f
05111
08983
0a17c
0465d
08a7c
01f46
061d1
0551a
03637
02026
0b529
075e6
0a9ea
0b591
00515
0a2b6
0302c
08ab4
06b75
04776
03363
035cb
09959
079bc
01946
0e21b
0f860
0ec07
04781
08598
0eea9
040f2
0bfac
080ad
04338
04e80
02fd5
078f7
0823d
0a486
0380b
05c54
003cd
09ae2
0f759
0fc3b
01538
0dce3
0fc44
0c3b0
06584
06afe
0780d
0571e
0dc28
0b565
030c7
0b747
01d44
054f4
0ae3a
0ef3e
09465
0ddd8
08cc4
01d5a
0aac6
0b7f3
0625b
057f5
0a42a
0dfde
0f4a5
0451b
0cf1e
05803
00935
08841
0cbb9
0f6ea
0402b
05629
0b98e
09c3b
06ef4
0a344
0bf18
02909
0c898
05669
0516b
05860
05dfc
0b362
0046a
0366b
05de0
0b490
0cfbc
05604
09989
0e4fa
0581d
0d287
0609d
080ff
05c4d
00682
02e68
056cc
05336
07dca
08c0b
02ca4
0932f
0599a
005dc
006e2
0d5c3
0c9f1
05729
0e303
0145b
044cd
0d1df
0cc08
00020
08649
0af75
01af0
0b8fd
0dc51
0636e
05ec6
0222d
0f455
091f0
01424
0099b
07694
02655
0198c
02b36
07070
07dc0
0bdd1
066ce
05af3
044d9
05215
09883
0ed67
02ff2
02c76
071c3
0c3bf
002f6
017f3
0d6f9
00ae3
04981
0ec3d
0f8c1
01315
0a407
0ccc9
08fdd
0cceb
038c7
0d602
01c1a
0f2b0
0df31
04275
0c826
09011
06fd0
0b53d
00549
0078a
0a6b0
074df
0ed12
058d0
06657
08af1
0d8e9
02e25
0e3ae
0d9e9
04b10
07224
038ff
06942
0657e
0d21b
03ab5
0065d
08498
090f4
02fb1
0dedc
0996e
04641
0666c
032c2
0c736
0b2ab
08d52
0934e
03b8c
064ac
0eb66
05b7b
0ed87
0f092
0c6d7
0b959
0f406
0d727
01033
0d80f
06ab7
08084
095aa
05c30
0170a
08e0d
0db6d
02390
0f25f
0a7d4
0ae2c
0333e
0e1fc
00a1f
02c4f
0fd23
060a8
05849
0997c
05d91
01515
0565f
092f5
0703a
0e3fd
09d84
08880
088de
027d1
0fe0f
05620
07023
0898e
0b0d1
0db57
0aba4
0648a
0c706
082d4
0e5b3
00584
054bd
0b7c6
0963b
0bd4c
07366
0c1ca
0460c
0d606
0153a
08fce
0ef6a
0588d
0654d
0de24
0884e
0205e
00630
001a5
0ad84
0744b
0aca7
0a03b
0f6a2
0892c
05948
02ec8
0c818
08e9b
0780a
0a47f
00831
010a4
070d4
0f433
027c2
08611
0dacc
0198d
09c04
0fa3a
0d235
0300e
09652
071ba
0e945
0861a
08d36
06caf
0ea00
01a3a
0cad8
0c017
02a2a
0e71a
0b3eb
0d4ce
08347
0d404
0ef49
04343
0c680
077b9
0ceea
02260
0bc48
09807
02c9c
0bedb
0112e
01e9f
04c5d
0e7d6
0f364
05578
03851
005ad
09dba
0ab46
014ff
0e8aa
0c526
00a76
09482
078ed
0ba07
0d2e4
0db57
01108
0acc7
012b0
074ae
07ef7
0e36f
088b5
0d980
07dc5
06c2c
00dd9
0caef
0f751
0e14b
06c06
00b64
0cf21
0f127
03d90
04572
05db6
05de7
0d75c
0d214
0f364
08ffa
0299d
00844
0e77c
0dc9f
0a87f
06fa1
0a8b2
017e7
0c640
0f103
06916
0d454
068a0
09bff
0569c
0f691
0ccb3
00c52
0a13c
0a532
00b37
09af9
046ae
0472a
03c63
0e92b
01e0b
08654
0d85d
027ce
0cd8d
0e2b4
00f3a
0d073
0c810
06970
05fa6
01f54
023b3
0cdef
05362
00797
0f2fa
06220
05ac8
02901
051c9
0fb27
03d70
04ece
0d65d
0a54d
0687c
0777d
0ed63
02e4d
0ea42
0031c
0d884
09dad
0865b
057de
0cf79
09578
050c2
00f77
06999
07805
02c98
0798d
0a756
09adf
009de
039d5
09086
0b7b3
0d64b
0e637
00db6
0c2c1
05bf8
02084
0ae11
0e0dd
06134
00105
0bc58
08455
05326
08b09
076c8
08e4d
07d9f
01bcd
04b1c
02693
0ee8b
03929
0d41d
0f165
002db
0c5d1
0c0f9
08aca
0718e
03a50
0affe
01a86
034b6
0c25c
08154
048a9
02fb1
0a83a
000c1
06640
0e5c4
017bf
03a97
0f3b0
01bda
04fe9
0d314
098c0
015c6
0e47d
01889
0683c
00fea
01019
02195
0e894
05194
0cde1
04ce9
054ca
0d448
05903
0978b
09929
0a70a
00f75
009d9
0ea50
04b6b
0ad81
05e21
0ef11
08d1c
02d79
02688
0d680
0011e
0d891
03983
0c50e
03869
057cd
0f1ca
0cff2
0c8a8
043ce
007f6
010f1
04456
00892
07aef
03d76
0e99e
01d17
059b7
0d7b1
063a5
08774
08fac
089e4
06fca
0a6f1
0c352
05e25
08193
0ab03
0f817
00301
02996
05b77
0059b
09729
04903
098b5
05319
0bf74
06e0d
0d0ce
00981
02e17
04ffa
07216
0eac4
0ba7c
07f4e
00495
05d82
08853
0e717
0cf65
01e1a
07ff6
0c0e1
0e5d0
00064
04383
09658
07c0c
0c038
0a2f1
04413
09dde
01584
0b430
0b5b0
071d2
0d98e
082fd
02887
0e115
0bc03
08e88
00854
07c73
0ccda
08b40
04b32
03cda
0b45d
0e74e
0ff2f
07f5e
0bd27
08d8a
0ccd5
0d27d
04df6
06529
0411c
0762e
0db14
013ae
0c327
0ce74
0ed5c
0d0c4
09141
025ba
04239
0bee3
09eee
0f81d
0592e
04510
019da
0835d
05f3a
0c61e
05e79
054e1
0d24b
041f3
005ac
0c485
0d57a
0cbda
02535
0e84c
0d0fd
05a95
060d7
0b083
0c100
04f03
07ef3
06e40
0a427
0f475
0ccb4
0ed90
0fda9
0e6e1
05fe4
0be8c
0de1e
00653
09a2a
03e2a
07e7e
08276
05867
01903
080c0
07e79
030f8
0a79d
06679
06113
02b55
04f3c
0408a
0ce0e
0050a
00f04
00243
0220c
09445
09850
0196e
0eecd
0cc3c
04b28
0227a
09c23
07422
01148
09188
02435
06f79
099dd
03c85
0088a
06883
0fdcd
0a48e
04dfb
0f0ad
043c9
010fb
0de9b
0a78a
0c47a
09820
051cd
04557
097fc
005d0
0a8b5
04d7b
01c79
05d84
07791
0ac75
076d9
00fdc
0f80d
0da6e
0db30
03461
085a4
0cd25
0400d
01162
0bd73
0cdfa
0436f
00235
02b9c
0f29d
0ba9f
07df4
0016c
0e5aa
0d125
0d16d
03375
0dc79
0aa99
0f5e8
04e4d
094ac
00371
09e86
07eed
09d5d
0fb43
083e7
03db4
053a4
0a2cf
07379
02524
0636a
0f6dd
0a1a9
0cf35
031a1
00684
01a89
0fe0e
0fafa
0fde2
06495
056d0
02584
0fe1e
0b300
01fcc
07396
0d68c
02c1d
05bd2
01708
04b10
0aac3
02457
06584
0f7f3
06302
06b80
0eb53
014a4
06137
098b6
05e21
0967d
09efb
08cd4
0e5a8
092be
0000b
08ab7
0fc9c
0dccd
00d24
0e34a
0d4fb
041e1
07373
0a163
021a1
002a1
0f0dc
0d3bb
0a488
02705
02480
0f143
01177
0b6ed
02dfd
0f775
07a50
0553a
0b1b8
0282b
08935
0b40e
0c45d
0629a
082f7
012f6
02591
0b541
000be
0b049
0b150
02879
030dd
0a454
0e75e
08569
08ae1
0c8e8
0bb42
07f6c
03be3
0cbf7
01802
0fbd9
0f212
00160
019e5
091f2
005ca
07ddd
00673
09f7a
0a34b
09f9e
03c05
08d76
00968
07f4e
04c99
05b3e
029b1
00c5b
06b02
0c3e6
0c98d
05215
0146e
07a22
0be55
0cc76
08eb1
00ac5
0e3be
0065f
04d98
0c892
0a4b5
0509d
0ad07
02e5b
0c3a7
090a1
0dfe9
069cd
0684e
07934
0af62
0d5c5
043a9
06671
01c69
06137
0efd5
09997
086fc
00a94
01b5a
0dd2f
0f98a
015cb
0f747
015ca
0561c
01501
03c26
02f70
09075
071d8
02860
02f0a
0663e
04a5f
0c793
0c1d4
03355
03147
0abaa
08d25
0ad50
01816
0af91
05375
0cc76
07b60
05f79
03d15
0390e
0ce7a
0108f
0972d
0e8de
0515f
04b21
00943
0a088
073a7
0f0d6
00396
0f3bc
0f46e
08b97
0ba0a
08e99
097b0
0f5e3
01d08
04671
064b4
028ec
0e338
02086
0941b
0c7e2
02598
0ad8b
07cdd
08b6a
0d7aa
0f8ca
0c664
0d0fc
043b8
0d09c
05c0f
07f13
0a747
0c079
0016b
0ba02
076d4
006f7
04696
0c4cb
025b8
09a37
0086b
0426d
0bf79
0f8ea
0e597
0030a
06ea2
0c6ca
0cd75
018ca
0a94a
01a89
0c967
07917
01543
0cade
0caa7
07a37
0de31
00448
0bdef
01689
0422f
02cea
0db9d
0882e
0041a
03dca
0059b
06ec6
0166d
03c8d
0546e
01e0e
07979
00ec0
0494c
0bacb
04540
00bee
0864b
0ad8d
050ef
0666a
0eb8e
0bdf7
0ef5a
0bbbb
07668
03966
05f93
0c8eb
01554
0195d
0dc5b
01603
0441e
0ed4b
0b298
0fc6a
0972e
0a4b3
083fc
08bf5
0462d
01672
0a356
09258
09022
09214
0a8a4
07344
02e5e
03fab
00857
03dd6
0c750
0b21a
0b366
06c37
09118
090e4
0a90c
0cbd8
0cff2
05055
055f3
0bdf3
04c7f
03f27
0fc94
0fd76
01acb
0a13a
0d096
0c280
0062e
0782f
0d118
03481
0d70a
04771
09e83
0d89a
00f9b
0e531
0055e
097b8
0e5d7
04efb
0d7db
0cfec
00835
0431d
064bb
0b4e6
02032
0bb60
0baf7
00de9
0245a
0bfb9
065e9
0023c
022bd
0e1e7
075f6
02e2a
0d8a8
0fe7d
03012
0a1cf
0d8b3
01ba1
0b197
0e14c
01fa9
0bf30
04205
05bc5
082e5
09abc
0266d
06b1a
07d97
0a71d
09d7c
0e27a
087db
01cfc
0c031
08747
0bb11
06d76
031b3
0a3c6
0ef61
01bdc
0a37d
0eba3
03f08
028ef
0cbb4
0de94
099c6
0cf29
06dfb
0dbff
0a902
0c6d4
03f01
07858
063bd
0a500
0fd63
08716
0eb85
0cabe
0038a
0bf9e
0effa
0192d
05f18
07c5b
0f4df
0f2b6
02d6a
087dd
07d1c
0030f
03355
05f08
053f0
00d12
0b842
0dd6e
0fa4d
07bd9
06f1c
0611a
0498d
0f547
06ce7
0443a
06bb0
0cf4b
09404
084a5
01470
05f41
04449
0a4f2
07aea
053e6
0ca21
0eb9d
0c08b
05fa8
0843e
054a7
0e0eb
0f261
07938
051a3
0729a
0ad21
04808
017ed
045f8
07a02
05d5e
00b1b
03016
080b2
00011
02169
0d8b8
060b7
074b6
059b2
08ecc
09630
046cf
06cc2
09806
0fd41
02425
04c77
004a7
0f76f
0a9ad
0a464
02b0f
0a811
08996
0af27
040f0
0c72b
01d7a
0e297
0a5af
0df72
0238d
0674a
07138
03fa6
00f14
001ef
0c964
09195
07de0
06d48
04f38
05e5d
0dd70
04d14
041ae
0fc4b
0e617
0ef54
0ef08
06fca
06852
0269f
0d40d
0114a
0cbfe
0cdb9
098f4
0f4cf
00e7a
0e2ca
001c4
06a27
0b917
01ace
079e0
0c1c4
011b0
0ab8c
0a05a
056c4
09bc4
04542
09348
02b6c
0133f
0f222
09853
01b77
043b9
0fdfb
08a5e
00979
0de60
0f24c
0bbd0
05581
0db26
0e829
0d72a
04683
0be14
0013d
0dc01
051de
0070f
0147c
07d7f
0cf46
061be
0b6b2
0ce9c
08655
0d2c0
02456
090c1
0e548
088d7
0a14f
0f8ad
06af0
0357f
06f67
0f803
08e3b
0279f
083ef
0dac0
0119a
0a146
0a08d
00746
0906e
06a42
0492d
0d579
0df7f
097db
06ed6
0414f
04379
071e2
083b7
0c313
033ee
042f3
033a1
0505b
02635
0356a
0a8ba
0939e
0adca
074b9
080c1
00856
00217
0257e
05d6a
0e69e
0dfb6
053a2
04662
062df
09bbe
0fed3
099b0
05862
052bf
0ae98
0cb9e
0ec14
0fbbf
020e0
0485e
041ed
068f9
0e687
0f756
01d99
0a8df
0948b
02281
0c69f
01954
0c4d2
02771
0665d
082c6
0bd7a
0cd37
09ca5
0ef61
08ac2
0c867
00c8b
0a62d
0db54
0e33c
089e6
0c60d
062b6
07b9e
001e5
0e3b9
04eee
06714
0ca39
03d18
019f4
01e63
0480a
0d598
02ad7
0c4b4
0cd32
043cb
003cb
032aa
0d65f
0a532
0b670
0a326
0e634
0d00d
08e39
0a93d
0ff9f
0cc14
0a51b
0a7d2
0b789
0fcb0
0b441
03322
05823
08270
0f0c5
0dca5
08c98
002ed
00381
01ac7
0c5d8
0e48f
0acd7
0d471
043fd
09514
01d6f
0b6fe
02480
0d456
0c3e6
0b4af
082bd
0a672
03688
04ecc
059a9
0836c
09ae6
08520
0232e
0f1d2
0979b
00287
04995
06747
06736
0d025
0da02
008b2
0777d
0a2f5
0f09d
01573
02086
0e7bf
00a2d
07d84
0d100
06352
01756
098ba
0891a
04ec9
06ca0
0d28a
01f1c
058c2
01727
0aa62
018d6
07259
00f90
08e53
02369
06cd8
089c9
00634
0ddd4
021e6
0f385
0f836
0f955
04515
08ba4
0ac5b
04e43
08996
03812
06b63
0b9a3
0c74a
08a64
006bf
098ff
0a2b3
015a0
0ed96
068c7
0b537
0c15a
0fbfa
0992a
00740
0a4cb
0ff1c
0720f
0809f
009a5
0ac6e
0171e
047dc
0dd48
0008e
05650
0807f
08a60
04b55
016ad
0776e
02e17
0b521
047a2
0aa0c
08f8c
008fd
0eff2
061e6
09fd5
04ea0
014ec
07468
03157
0e14a
0eb6f
0f13c
09247
0dfa2
0eba9
0b9a3
0bb08
03a34
09e16
02225
0d9c8
088dc
05164
06726
001e4
0421e
0a3d7
0caf9
08d8b
03648
0d72f
0517f
07d48
07087
0562d
0dbd5
00ff0
0b89f
0c0e4
08f55
054dc
0eb22
0d708
0f60c
095c7
06b69
03283
0e30c
0628b
00146
0c494
0ce43
05d14
06d61
02c43
0be39
02f3e
02e3f
0effe
04c95
096fd
04b19
0c351
0b93f
0ae05
09ff4
0d421
00bfb
0d73f
04e36
0789c
0445c
0eb9b
049f0
070ac
0f290
03cf3
0e68f
00dcf
04d91
057af
074bc
0f16b
01cfc
01263
0db58
0a1f9
08ba3
0e563
01c7b
08fa6
0ee99
0e4ac
0a55b
084db
02425
0e3ed
0d768
0fe28
0a0bf
0a0b4
067b1
027a0
0145f
0e7a5
06b96
0ecf0
021f3
0b49a
0212d
0a40c
0fcfc
01dbc
09ae1
0bd3b
0c7fd
055d5
0cf5a
06b91
086f3
0e2f7
0d271
06925
00bb3
04fa4
008a6
0f53d
0cc14
02896
04d47
079c0
0cc5d
037b1
05c5e
03aa1
00e43
0aadf
02d2a
03314
04f33
0c620
03253
04483
00d98
0fa16
0039b
0cdb7
0c6ab
012c3
03ca1
0181a
0e8cc
0438f
0705b
0f64b
04b20
049b7
0c676
07641
072a3
08cbf
0df91
09b8a
0e882
017aa
07c37
0a1e2
016a6
0d769
0fb4e
0a7e2
0eba4
0d3d9
07358
061cb
0ad38
0b568
0e466
006cb
0f942
0e26f
078e5
033ff
05774
06fa0
03346
0a553
0a896
0ae37
015dd
0a2f7
0e144
010c2
0b707
04103
02fee
0f4f6
071fe
08c35
08f70
086dd
016e4
09f52
0bc3b
06b21
03597
02717
09f6b
020b6
09dfc
0f77f
01a51
0346e
04e05
07421
0a539
01933
0659b
0cd1a
0e34f
03a48
0a60a
0c97e
02638
0132f
0e035
0e692
0e48f
01b5c
048c4
076d8
09ae8
088b5
0b6dd
0da4a
09576
086dc
0d2f3
0f230
0963e
00caa
076bb
0d8b5
0dac3
098a8
00b15
021fe
0dd2f
06f94
044f9
0a37b
0f5a3
06ff0
0ff49
06aa7
03cf0
0b5cb
0ff16
0bb6b
0e7f0
05201
04b6b
0e0dc
07790
0357b
0c979
06ab0
01353
045fe
02d6d
0a9b0
0bc90
09bcd
053cd
0741b
0740a
059a0
099a4
02e52
0c077
0bee5
02350
0b1a4
08232
07eb0
0dd9f
0c733
00c45
0eee1
06a23
0998b
09551
0c4c3
0f11f
0825b
0c70d
05a76
03ea2
0b0d5
0b6a6
0911e
02a27
0f95f
08914
03ad4
0d971
02095
0e247
00181
0ac60
006b8
052b8
054c7
02762
03026
0cf19
024c3
092c7
032a0
074b2
09986
08c02
0f582
0c5f0
01dfd
082a2
06823
0f944
0e645
0935a
00d39
041c5
04031
0cf65
093c5
07b94
0670e
00eae
04d99
0d979
0b21d
00f23
0c4d9
05fd4
03baf
06091
0d4cb
0c114
0e7a3
0eb5b
03f08
0c14e
0d4ba
0d3e5
0defa
027ea
000c4
04773
0a07c
0c9ce
07b24
08e46
05908
0106b
044d3
04189
0446c
070bb
0898e
01448
0250d
06ae2
0e01c
0d8c4
07100
0d78a
0f9f8
0b756
00844
03004
0f2de
0e799
024f3
0a7a0
04ca8
09bde
08d5a
0cea5
03d97
08c77
09668
00dc6
05412
06c2e
07d99
0b36f
02015
0ea74
09bab
0ca78
0b892
0de5a
09d45
047bc
0c0f8
01ae7
03857
0c478
07e1f
0faae
041a8
0c25c
06fb5
0220a
0b6a1
0c345
0ab72
0b647
050de
05d8b
0f8d0
0e099
0c052
08681
02f73
098e6
01707
00d7a
06ec3
0a591
00145
05b98
0ab46
0afc1
02089
06aa4
08acb
093bc
082fa
0cc75
0f654
04807
05c73
07517
00068
099f4
0f009
07b7e
07783
021d8
08160
0b8ee
08d4e
0c185
02ad9
0bf61
0f6e3
095b6
0655c
04c31
0b717
02f82
03a9a
0857c
0ea7d
0eee0
0a235
06d64
02086
0449d
00422
0943b
00726
0a4fb
09221
07cdb
0e1b2
0fdb8
0def2
0d98f
03084
0637d
01a81
0bf79
01a6b
01e9a
03326
0f5fa
07c85
02bea
09fc1
06989
02b2a
0a62e
02f27
0213d
08016
0752a
0ddc3
0f677
0d33a
05777
03530
00791
0f8c5
027bd
0e986
031d3
01736
0cf8f
0a3e1
0d8b3
09a35
041fb
0a94d
0e885
01b12
0d026
0012d
0491b
0db0a
06556
07d20
024ea
0be9c
086cc
05bc0
06471
00643
0cef9
01104
01b07
05e8f
063f6
01bc4
05eba
0dd0c
0aba4
0ab97
009a8
0a723
046b5
0561e
0939c
030ef
03111
0941b
04e8a
00dfb
0ceb3
0d155
0f5f6
012c6
034c9
0a14c
02699
0831e
0a3b7
04888
009c6
030de
0cdb8
0d94c
07fec
0695f
04803
041e8
04578
045f4
08e45
01320
01021
0a397
076d6
042cf
05e4e
05a29
01829
0beb0
0c16c
04798
00e18
030f3
017bc
026ab
03a4d
06a5c
08315
09d0d
06b0b
0727f
033ba
06287
074a5
0593f
0ba2c
05cf2
0c1f6
03bc5
06dea
0510f
07c8c
08221
0abcb
0d2cd
0910d
0aaa0
040a2
06ee3
09bca
05f10
0cca9
098c8
0988c
0e2ab
0db3c
0028c
058b5
08704
0dc2f
0dbda
062fb
08905
05905
01be8
0b695
07eba
0dfe1
0e85a
0f275
07c29
08daf
0b896
05acd
0f19c
076cf
0b661
0cf3d
02f29
0ab51
05ae9
0c46d
0cefe
0bdea
0aa3f
021f6
088f7
0f9d1
0c7b9
050be
0bd4d
07e19
01f04
0d546
0d53e
099ac
035e0
0887f
0f209
0bd2b
07037
07f98
0cf03
0bde2
05189
093bb
0e210
08aa5
0c9a1
0de5c
0a2b4
07776
0ad16
06ab0
0d0c0
0412b
0ad9c
07feb
04ee5
0944b
067b4
0c6c9
0fcda
04d2d
0987a
034de
0ad71
0f31b
029e1
05034
0ea53
0d631
0649d
072ff
0a5e0
08afb
06ccd
092bf
0d257
0a834
0dbbb
07e21
00d61
0d36f
033d9
0c95e
04b52
09791
0f0d6
07904
02782
0d49f
0313e
0b57f
072ff
02aa6
033f8
0c98c
064ba
0ec7e
02d40
00ef6
07d5c
00bd6
0fe84
06a9b
0f2ae
042f8
0c253
01e2c
0f16c
05504
00215
030da
08c38
0d8e3
0f6c5
009c7
047a5
0c5f0
08cd9
06a7f
03c53
0437d
03eb6
09229
0cbe5
06496
0987f
0e250
0cb31
05e2d
0a589
08e52
049ce
05432
0c6f6
097d3
0b05e
0cf98
06904
061ec
037bf
0eb86
04702
099e4
005cf
06e32
0ca73
08647
028eb
0383c
05cf0
0d3c4
0c43b
09592
0eb9a
02d46
0d1eb
0e72a
00d18
0d2c9
072c9
06fd8
0a843
070fc
038cc
010d3
035b2
0c77d
03701
056f1
0b326
00e19
03a28
0cd7e
07e69
08b51
01159
029a0
063ae
073ed
07697
08b5a
08b36
06e4e
0f3d5
0d6a9
0f6cc
06905
08c19
03366
09019
01757
087d5
02d5e
01fc8
0246e
0de4a
0fcbc
06eda
0134d
025d7
08089
02eaa
0351c
0cd08
00556
090db
02a83
00cc1
01859
09f83
052b6
013ca
04d11
0d59f
0d580
03cf6
0cef3
010e2
0250b
01440
07e2e
0957e
049ec
03e75
066b1
08400
0a883
09acf
085b3
04fd6
01ead
06b47
0a374
0651c
0263d
0d9d6
01f6d
0f4c3
0313c
0f8a8
0330a
0692b
0c3aa
01e15
028e0
0a5d9
0f60a
032a0
02c3d
0fdb3
03b65
06814
0453d
0320d
09e6e
0084e
0454d
09b5e
0ed88
00234
052b9
02d31
09422
02f1c
03d0b
043d9
0eb33
09920
0a25c
045ff
0f81a
02671
06d1e
0df4d
0f3ef
0bcac
0fb51
0c2d9
096d1
0db7e
06002
024bc
07a49
028cd
01334
0ffa6
09a73
038ef
0c205
03e85
09291
056b1
07fbe
04db2
03ce9
0b25b
09163
01884
026fb
07995
02a30
0abc8
06f82
0a9b9
01a50
0d269
0dddf
05eff
0c6ee
02203
0d023
081ac
0b054
0ac9c
0559d
0a577
059db
0fe62
09faf
0266d
00108
04721
0ba00
090e4
0f91e
02148
0eede
08d45
0b7c0
0da12
0c7e6
0908d
0711a
01de0
00fae
0bd0d
03641
0ae74
0dd89
0e720
0b21b
0cdc4
06a9a
0bb32
0ba66
097ad
04a91
05e53
0e581
02c3f
0e94f
04fe7
0c788
0cef4
0443b
0b926
0cf68
0bbe1
00d41
0849a
0c3fb
00417
0f3ec
00b8c
015ee
02a7f
0968f
08c85
038f3
071e9
0029b
0c192
0d78a
05c2d
08577
014bf
0e3e1
03488
002a2
001c1
0d2de
0d17f
01e34
08b3c
03359
0f8c2
0456a
0480c
003f2
0f184
0d0b6
05645
06264
038ff
03e51
0b3cd
0529a
047ae
0756f
04920
04bd1
05ca9
05998
04f5f
0915c
006be
08e31
0f12c
0a74a
04fa3
0629d
0b740
09825
0105b
000a8
08bbc
02f3d
013f9
08934
0e79d
03b4d
074d3
0befd
0341c
03b1d
07e17
0b1ad
00f35
0a0fb
06373
0a32a
0e2d0
04a8e
05457
04333
003eb
0df94
0941a
03c3d
0b801
0fa8f
014f5
0edc0
07b03
00ef4
04158
008cd
02544
00c26
099a6
03464
0934d
0a8aa
07c34
09a41
02786
0aa74
040a3
030f3
08678
09369
0f066
0d1ea
0e884
0935f
041fe
012a4
059bf
02b85
07250
00b8e
0c563
071ab
0b04f
0fed5
00cc4
07466
0ede7
03b16
04ab4
031d7
0719f
0e3a6
0804c
07aa6
0ce14
00709
0a34b
0a9f3
0a575
0b05f
0fc68
0be81
09cb4
00aad
08e77
05f86
00056
0d694
0dc1f
01901
09898
0b7f4
04e73
0dbb9
00790
0c128
02223
018d1
0c6ea
0a9c2
0d73b
0eb5d
07b2e
07791
0e79a
08bf6
0be15
0e35a
01622
02a7e
0cc53
0a2fe
049ad
0e368
0d428
02fbc
07201
0d625
02362
09901
01dff
047af
0b726
0709d
00a7e
08f8a
0638f
0f533
0cc04
0524b
0cba8
0976d
089e8
09a43
0eb6f
0ff6f
05c56
0a56e
004af
09060
05e4d
07b14
0481b
08045
05924
06cd8
09a5b
00270
01056
08c3d
028f7
0e8a3
04085
09d99
038a1
0a978
0af1b
07e42
0cbf0
0374d
0a7be
0ad13
0a172
0eac5
09046
00ebe
0c4b2
05925
0ff7b
0c1f5
007a7
05305
08e1b
0543e
0bce3
0e783
01f74
07a73
06d00
07178
049ee
0ad06
0950d
0b7b9
05cd1
071c9
02a46
0a4f1
04752
0c614
073e5
01799
08f1f
00a5e
04796
0dec3
0c8dc
05e1d
02e69
0e29f
050dc
032cb
0f882
0974a
0505e
04715
04315
00d89
09aa4
02c8c
0d085
0ed92
05a89
03d0a
0b7e6
07b42
05a28
0cfee
0c3d0
06b7a
0f31e
00289
0cadc
0714d
0409d
0b5bc
010e7
06e4f
03e02
07614
05054
0171e
09aa8
0b772
003e2
05eb1
04d6d
01715
0d602
030c0
018f5
03665
07a8d
07cae
06c5c
0bf51
0738e
0fa93
0f974
02b64
01fa3
0010e
01dc3
00b19
05e1b
0aee5
0dc4e
032eb
0c0e9
04add
05e50
0ae57
0c0ce
08fc1
0fc05
020c3
0bca7
0b532
09e42
00142
0e624
04906
0742c
0003d
09241
0b031
06f34
045ff
077fa
02a6a
0c527
0effc
0ee52
026a3
091d9
0a9ba
0c0f1
09449
0e1d6
0936c
07d78
0e34b
00694
03c8d
09767
0b49a
06441
03575
0291a
0e718
0ff76
0db16
0d768
0db24
0ae12
01de8
0b06f
05a84
0f11d
0d60f
02240
04002
00d91
051fb
02c4f
0a46e
0f41d
01c21
0d045
025fa
01ea7
04fcf
0439b
07de7
02374
03a4e
0c815
0f4f8
0e233
00c4f
0c5d3
0f4a5
0daeb
068b3
0abac
07dfd
0455e
04d65
06597
0f8fb
03f07
0b622
04f85
024aa
046af
0c1d1
091a7
0bc3a
0d402
070fb
0fef7
02ae6
02a8f
09277
04df0
09f85
06297
00b0b
01480
00ece
07d5b
0e838
0ac5d
07dc6
04c08
07c90
02573
06a13
04951
084f1
0dfec
0b06c
0c29c
0c28d
06ad9
040ed
0f51e
08405
034e1
0fb55
06745
0fe6d
0d351
0af5b
024a5
0ae80
06bad
04767
0151d
03041
0325c
08cb1
00f87
0c692
0b4c9
053cc
0db1e
0c92c
095ee
05e33
0dcb6
0e3e6
070ce
0bcd3
02091
049fb
0f9c7
05dbc
08f2e
0a1c0
0b0db
070f3
07f70
0fa5f
0bb19
0c8d5
0a0c6
0c595
0f043
0d24b
08536
0e1f0
09646
0da0a
051c9
05451
08eaf
09371
0bc37
03d99
00b19
09d18
0d047
046b3
0a13a
002f9
0d398
0425c
0d66d
0a76b
0c422
0aae8
0383f
04936
01bc4
0d7e9
040b4
0e505
0d5f5
0fc00
05bd0
0767c
0a39f
00b27
0e1b7
06e57
083ca
089e0
046e7
02559
04311
03872
09a31
0dfc9
0be14
0023c
05f41
04b70
0644a
095dd
0fca2
0ec45
00333
092e1
0b095
0fc49
0ed62
0461d
0bf45
03b80
09526
01a97
0eafc
00c67
0683f
075d9
04495
02fed
095d0
0e7d3
049bc
07c6c
062d9
0e3b0
04fe7
01cb9
08a19
0a220
020c8
0ca17
0f9fa
0cce7
0e3fa
00604
0ca75
064ee
0d061
0707d
047ff
0da49
066a2
00239
039c4
0227d
046d1
04d97
00ddb
01917
09598
0896e
040c4
0c680
08199
06836
068c0
06cce
0d881
0e718
0c315
00bbe
05530
0cf99
0ff5e
02bed
069e7
0c32b
00477
0abcf
081a2
09273
0dea6
04423
00c4d
0bdae
0d6af
08f53
01a9f
03a3a
06026
04a88
085ea
0bd3b
02fe9
06e28
0bf97
0198e
00077
027a6
03770
0a9e1
09563
0c873
0382d
0f34c
0b0a1
01eba
018fa
06ef8
0124a
09259
082b4
022e2
01f5c
0904e
01f74
08b3b
07be6
020b4
0b277
0cfb3
0c519
0ae0b
026d5
06d59
0a90c
061c1
034c0
08c83
06f3a
0f462
09ede
0ea89
0a3b2
0b45b
01991
064e8
01589
00627
034ca
0ce7f
0a2b1
0c34b
0904c
0e50e
03850
0f95f
0e6cf
08647
0127a
02eb3
0130c
04f3d
0ecd8
03496
0cf41
0688d
0f7ab
034a6
0df32
02fd3
036a1
0bb4b
0c74d
0d93c
0d844
039c3
02b9d
0f0a6
0c550
0e088
0b666
06767
065fe
051d5
0d3e0
0219f
0f3f6
01557
0a446
00e61
0aa69
06a2d
0bff6
06112
082db
0b68c
0224a
0b20f
0d80e
0a780
0e124
04cc6
0bd3e
07e6b
0babf
07a94
07eb3
05381
09088
05185
0c69a
0cce4
048b7
03043
0efae
0f6c5
0ab98
0162d
02210
0a916
0890d
0d9c3
0db02
0f841
06a81
00233
067a0
0034e
04da1
0ae93
068b5
050af
0ec8e
05b87
0f53e
0c4bc
0dc28
071a7
08295
0a220
023a6
0bdf0
01f59
05447
0a3ce
04066
0bdc1
09982
0da5a
03686
07a23
00243
0ef29
06181
003eb
0f19d
04008
00415
0e9d1
07290
05576
0f7b2
0f342
0f033
0e969
03b5e
03de2
095c1
047c9
0a359
041ac
0f622
0c7a5
06597
0008f
01f7a
00469
0e29a
02a77
04af8
02578
0189a
0487a
08eac
04818
0630d
09724
0949d
0fa4b
06ee7
01a89
0b295
0f783
0e4e1
0f076
03018
0dab9
03d99
0f310
03777
0c09d
0bac2
0de77
0b321
0cc2a
0ce26
0e917
0d03d
0978c
014d5
0c158
07814
063b9
0933c
08833
0083b
008f1
0bbb8
04dff
052ad
09027
046dd
0c27d
0baa3
0647e
0eaf4
0668c
05d56
0411e
02d2e
026e1
08449
07cdd
006cd
0ead4
00ae1
0b943
091ab
0f4db
07c8a
0d7b9
019a2
03a60
0ab4d
0fc55
03a84
02a4c
0a852
01304
0313e
01674
02373
0cb3f
04d83
0d68e
00490
00fbb
010bd
044e3
0cd7a
0b282
06af9
085f7
0effc
0ac2a
0e953
06817
070f9
0a325
093fa
069fe
0b760
0fbe6
02db3
05fb0
03731
0913f
0ce4b
0f1a9
02ebd
08119
0c4d0
07c24
0d38a
0c651
09138
07ae9
04fc0
00bbf
06a53
02ee8
0fd5d
04704
0d0b9
0d8b8
0bacf
04ae1
048b2
09ee9
0c923
0aa88
08719
05538
0ff01
041cf
09487
00156
0142b
0119a
04851
00aa5
0c841
01969
02c37
09bbf
0c104
008f1
0a3a6
02c0a
00c55
0ad03
08f42
06abc
04956
0fdb3
03aa5
0cd21
067e4
01d31
06573
0780c
0a3fa
0d774
06f23
0c345
066cb
00696
02dc7
01dce
01d1d
0134f
01ad6
07837
021c6
0e301
03a58
001d1
09e93
016f7
058d3
07616
0abfe
08eaf
02102
0ab92
05c03
019e4
075d1
01946
08667
070f5
0e310
0d595
0d971
02d52
07c21
0d5c0
0c9ae
0573d
00ca9
02a29
047d9
04632
0dbb1
02230
0b294
09b2f
0eaf0
0834b
0ea7e
001ea
0b1e9
070c9
025b5
02d32
0129a
0b29c
06c97
07d30
00448
0dd84
0fe90
067d5
0e54e
09497
0476d
03077
03fe4
09de9
047a5
0d829
0772f
0f2e0
0d0fe
0b642
00ebc
0352b
0cfa2
0f8bd
0dab2
0f537
03253
0fd90
0f51a
0cbd7
04022
06ef9
0d17e
078ed
0dd69
0b70e
00c95
02cf1
0cb03
052ab
0eb76
0cd93
05802
0515d
05e3f
0d9a8
0dd50
0deb5
0e340
005bb
063b1
0e524
0cb4e
02bd7
0ca54
0a654
05688
05fe0
00058
0ed77
09536
07bd2
0a2cf
0365c
0456a
0a59c
0aecb
0f407
0f5e6
0ee01
04df9
0de1f
0a53b
0fdf4
0c2a7
097bf
00cc4
0603c
0bd1c
00c9d
0a259
00f03
02516
094f1
03fe5
0e1b2
037fe
0c66a
0a8c9
0f737
0607f
023d3
04734
0b478
0caff
0b3ab
02f85
0e1ff
0291a
03a71
09de2
0db68
01429
01cb6
0b8dc
01651
0023b
05e05
08616
08a1f
05ca5
0e4f8
0fb88
0b2fc
0ed15
0197e
07740
00887
04857
06471
00939
03f3a
0340e
04cc3
0ae06
006c1
020ab
0c868
0127f
0fc9f
08ceb
05782
00bc1
0cd91
0b073
04c68
05cc0
052f8
07441
060c8
0d0ef
06bf0
03cf6
00806
0c4d5
05617
0156d
006fb
0ff38
06421
00a24
045af
085fa
05874
0c510
0d8d1
0471c
084e5
0e707
0ba1a
07a7a
0f06b
09399
00cbd
0a73c
0fd58
02f1d
08dde
09c32
0c834
0bc26
0d0e6
0fdf8
082ec
01972
0c2c7
0fc63
06aa3
0b949
09b9c
0819d
0becf
0700f
0823e
0a91d
02194
08fb6
0c2fa
0dbb7
0d671
0b537
065b2
0890b
06587
097e5
07510
0b4d3
0dba0
051ee
0d53e
0fd32
06e81
0de4c
0c884
09974
0a05a
07b0d
04efa
00f00
0ebe3
0f20d
0bad6
0f126
00257
094da
07cc6
05171
0d128
06fd7
080ee
099fe
07cda
0dc7a
0aca7
01037
0b649
00c2c
09c77
0a364
01e80
0b8ec
01052
05988
089cc
0cd41
0ed4d
05493
00431
01a2e
0ea6f
064e6
08f8b
0582c
0646d
01763
0ef54
0e4c7
0745d
0fae4
048a4
0a124
08a0e
0b0d2
00273
07bbe
00ea1
0207a
0d7ea
04681
0ab8f
0b3cb
03849
0b56d
013af
043eb
0027d
0998c
0afde
00bdb
05eb7
0303c
09f90
06b60
0afd4
07436
02124
0474e
0ed90
08796
0770f
07295
0fba2
0a945
0604d
02847
0337d
0392d
048d3
07a5e
0b487
00ef2
08cae
0556f
0cd5d
0b747
05e8a
0ebe3
08744
04c48
0de46
0c2b7
05dc9
0b019
038d6
01a2b
0ba19
0fde7
07267
06287
0b33f
0b276
095c9
0af37
02916
084e2
0dcdf
014fb
02961
076dc
0a5fa
03002
02823
0f409
09bdf
0b023
0b707
0a015
07099
0e852
01000
0d5f4
0457c
0f2a3
05f79
0371e
0d4da
0e948
0664b
07eb1
0e270
08017
0c542
030e1
047e2
02c7a
0a28a
0f385
0bfc5
0d8aa
05564
0d9ce
083c0
033f8
058fc
0d93f
00eb7
083dc
03caf
0e257
0c8d5
051cf
0073a
01e50
0d908
077d4
02aec
0dceb
07b22
00a54
07841
0ac0b
025c3
0df24
0fcf6
01e5e
09f1c
0abd2
010a2
0a8ec
04922
04005
0d669
0e1a5
07483
0332d
058b3
06e3d
08f90
07553
013b3
09dfd
0b035
02e4f
09560
04df4
01d47
04a5e
0bd14
07c0d
0cd2d
09876
0bb87
017a7
04a1d
059f5
0799f
036d1
07e1d
082bd
043d8
0f158
0b93f
0bdfe
0e214
0c1d7
0eee0
05e9e
020ba
0386c
0a997
095ea
00c6e
0920a
0847c
0635e
02b8f
067ff
0992a
07f59
0df2b
0beb9
07336
02b4a
01386
05045
0f7b5
0f7a0
03cc6
036e3
0a431
00816
0d0e5
04b4d
03ab8
0ef76
040c5
0c797
0adf1
020e2
0e761
06d60
052cd
0391c
0dacf
04852
02ab0
01b6e
0fa74
07509
04fad
0503f
03226
07e0c
0cb4c
026aa
0a4ff
0e2a3
06f87
0ebc7
0decb
0f7d4
03a52
00dc6
0b7cc
04618
0e706
0f982
00080
0e257
09583
0b148
02975
0bf0e
0649b
01cea
08233
08c5f
0a2b6
01a2c
0054c
05aeb
00302
04309
0c12b
07cf2
0fd1d
01184
06d14
09e8e
0b143
01c4e
05717
0a1e6
0ccae
0e7b9
0cb0f
0182e
079b9
01855
08b5d
0045b
06953
08bd9
0d0f0
0eb21
0b22b
0985e
0233a
04ada
07aed
0d911
03148
016dc
026aa
07cb7
043aa
0e48f
05854
024b2
018d0
0a08c
03344
07cc4
07d37
08fc7
0c026
01ec6
0337b
09efa
051c1
04c3c
0017e
03273
07854
0568e
0b92b
078db
058fd
01024
064db
02751
0c602
03e3c
0d278
071cc
0d4a6
004a0
079a1
02c02
0f530
07db6
0c2c0
00677
0ee84
09ccd
0f8e1
0db58
0f6db
05e4d
017a3
015e2
00bd8
0b509
04240
0295d
08392
0330e
019c8
0f2a1
00486
0e9db
03a70
0de0e
07b9e
089b9
0baf9
00e1f
0a42b
03559
05c50
06ef2
0eae4
00349
0be1c
0296f
03862
02937
08797
09b9d
0b93e
084e2
0ba0b
0d733
0f1fa
04895
0ca75
0b030
0ad46
0c76a
03ad2
05f43
0e833
0db06
0ff3d
02810
078ff
0e0dd
0e46d
03b8f
0d49e
04861
0d9ef
07b25
0b570
0cd34
0368d
044d9
0cdae
0c36b
0e198
07001
00cee
0be98
0ba16
0fd24
06a39
0eae3
03267
06425
0f4a5
092af
017d3
054ed
04792
06f51
093cf
0c2f5
0233f
09a96
09820
0c82e
0c334
05a10
0fd0c
0d938
068da
06fd3
0006f
097fd
0388c
024ab
0ea06
0d50a
0318a
098ac
05925
0345c
0bfca
05f02
0974e
0741a
039b3
0cb27
0d7ce
06a17
0d4d1
0861b
0f559
00dee
08021
0c6cf
0a05a
0c114
0c666
0f750
00b2f
06ed2
0c13b
07670
00187
00e7e
08e7d
07095
0f90c
074a7
0cd99
0743b
02852
0b064
05cbc
04a39
03a2b
055d8
0f711
01d84
0c440
0a8df
07234
08f71
020fa
0165d
08748
01989
0c115
04a51
03039
029f6
0e740
05736
041ae
05052
08fc0
0f5aa
03f87
06299
00a74
02ccd
03a7a
0e487
0cd0b
01b5a
0f5fe
0ab59
0e57a
0810b
0f441
091d9
0e5c8
01d1f
0a1a6
0528c
04507
03681
0fb0c
03f9c
03883
08eed
0d185
0abe7
0d5c3
0b63e
03099
0343a
004d1
0dd86
02768
0fc2b
06c2a
0a073
0d011
07c8b
0307e
0d0dc
06675
03030
05619
0ec07
0bba8
0b46d
0e5b3
05b23
0d42e
034eb
0d64c
09c34
0d22f
06f93
0f9db
0245e
02d67
06c2a
01b6b
0c8af
05558
0183f
03a47
06a13
006a3
0ffca
0275a
0da1f
0fccd
0b234
06086
057ee
03ad6
0c72d
07190
06391
0d7da
03db6
07bf1
0275d
0f0be
0a8aa
08917
012c1
0173f
09ef6
01cd1
07c3f
0f3d3
053a1
0b6ea
0977a
0be3e
0aa72
07327
0aef9
0d79a
07805
03f50
04e69
0f6b2
08e91
06f87
04ee9
04a7e
0a4f1
0af1d
03630
0e03a
08b6e
023b4
05e56
0a535
0222f
08214
0fcb0
0d789
05be7
0366c
05d48
06030
0cfc7
0131b
03e37
0ca53
0776f
085b1
0b74c
08433
03201
06a73
080dd
0a2fd
077ae
03008
0a0be
0c77b
06f6c
01afe
07c16
00471
0f0ca
0ccc5
0ace3
0179f
0db77
09c98
0b987
0edfc
0456e
08e1d
01070
05a07
03718
0ebfb
0f787
06059
0a841
02f96
0d64a
0cd09
020f5
02211
06992
06e7c
0f0e1
0625c
0db8a
0e7d8
00ebc
0f4d9
045ac
03df6
0f528
073e5
09664
005bc
05c4a
09c7b
043e4
057e2
0576a
08a6e
03028
07585
01f66
0d2d6
07dc3
05ea1
07829
0de25
0a016
09df9
00761
03033
03323
09eb8
09493
08972
0561d
097d2
08a9f
04f83
00fc7
0508f
08f1c
07d42
0bc57
003bf
09d84
0e0e1
0d29c
0b3bb
02e85
03c6c
0da02
02158
0ac37
0d543
08c45
00421
091ec
034c2
09e2b
0fd6f
0b3fe
06282
02141
06292
0ef56
013ee
0a3cc
09f41
044ba
099a4
0a64a
02fca
01c92
05bb0
0c565
026f5
02425
00de8
06636
0a2f9
0c443
0a398
088ca
05ccb
059d1
0120a
05958
07bd5
0f5e7
0c3b3
0c361
0dd95
0d8cb
058b6
055f4
0b1a6
077ab
076a3
0c477
02fc1
08006
02f8c
0217f
0623d
00850
07603
09c70
040ee
08f96
04c2f
0968e
00120
0c1d0
0d96a
05af8
0602a
08a52
0d1fa
061f4
06734
0998d
075cc
079ec
083c3
06ad9
0f1fd
0bdea
0347e
0c333
0df52
08240
01316
0de8b
0b954
09370
059f9
0918c
07f88
05a6a
0c476
04460
0a8d7
0afe2
00aa9
0e647
089b8
0688d
0ae17
00b1d
0b1dd
05380
0bf16
08b40
0f58e
0043a
07f5a
0da95
0d809
09117
0a74c
06b47
0a53b
03137
0f0ce
0cf49
0a801
016f0
08469
0ea72
03fcb
0671f
00251
01344
0ae31
08c45
045d2
0e920
06cae
08cae
091d1
0cdce
0c12c
0de05
0dc01
0e662
08434
0e9f9
00865
0d131
03686
0ea47
00b64
0ddd0
01a5c
02b85
0858f
0e170
02a00
0295d
00d79
06e06
0857b
0e564
0348b
0ac66
0c8cc
0f5fb
0b78c
0d671
0dd40
0a6ce
00006
0ad6a
02734
0d841
00a3d
0311c
0c4ca
0fb98
095c6
08582
05c84
068a8
09173
06a3b
0bc62
0deb0
0a7c3
0098c
08e75
0a5fe
00884
0ab95
0d163
0d12a
0756a
0f80c
0afb2
09f29
01753
0457c
08751
05b1b
0de88
024ea
0f179
055ec
0a98a
0e433
03fad
099f0
0110b
04296
0a92f
01c84
07b3f
0a5bf
0fb23
0db0c
05848
0c0b6
09a09
02487
0d292
07fad
09336
07d2e
0d07d
01a81
0c54e
06448
0a56a
0b39b
07104
009b3
02b4e
00b20
028af
04858
0e0e8
0c136
0aabb
02b09
06ab2
000c9
09680
0bcdc
04b7b
0fabd
0eb59
0b357
0c089
0f31f
018f8
06eb6
0c64b
0a7b4
0d474
04b19
01a6c
0637b
0d84c
06e67
081e8
09bab
09001
06c2d
0842e
0ce51
0c14a
07d3c
0771b
035bc
024d5
04d13
06471
071d7
0bdd7
0e126
0d7e6
02d74
0f41c
0187b
0e5a0
0708e
03f81
0e49b
09a58
08f54
0b6f3
0ec06
0ec50
0db23
0589b
0d3b3
04595
0c6b8
07d71
0c8ea
0e395
0a056
01510
0fa0d
0fde6
087a9
0fdd8
0bfa8
08b94
092de
07a96
0920d
0ab27
046d4
0b552
06169
0e46a
0eb5d
081eb
00e14
07ae4
0f3d0
0c751
0ee74
0d6fc
0f35d
09012
00ccf
087c0
04cf3
00b88
0f5c4
0d7ae
0ef3a
0b59a
02939
09dc2
0e3ea
0b393
06641
09899
02d31
026ed
0a259
0f13f
06a57
06a79
01e69
01dca
0108c
017d0
08e36
01126
0d16d
0bec5
0cbfe
0b6d1
04cce
07bfd
094bd
086db
0afd2
07d03
0aac4
0d867
0bb1d
07df3
0af14
05c4f
0668b
042a0
0d2bf
0dc13
01054
006e6
012d9
0853c
0eecd
00ecc
02848
023e9
01eaf
07db4
09d86
0b92d
0d7c3
027d4
02846
0cc57
0a0f3
02923
02c6c
0341f
0a2f5
06e19
0e548
08da9
0cdb7
0da4f
0272b
09fb9
09ce2
0f0d6
0e5b9
0d9a0
02f9e
0d114
0f945
00007
08fb3
0ec51
0d2be
0ccbf
0c44c
04b65
00819
0bee8
0442e
0bcdb
0cee8
0afa9
0bff6
00896
022b6
08d6d
05401
07720
0768e
001d9
05c67
05f32
0fe25
0d87a
09250
008e1
0a18f
08e75
0f65d
07be3
0d83b
05976
04fa6
02259
081ba
01c0e
0b588
0226c
06ebc
02d2d
0c6ef
0c08f
01080
09ddd
0f817
09d74
0e6f2
07cbd
06d2a
02e3a
081b4
0e856
0addd
055d7
085b5
0e910
09934
09ada
041a3
0015d
0603e
0a795
08660
09065
034cb
0088b
0553d
073ad
0f632
07389
0b6f6
02a07
0d004
0d3c5
09ec4
0fe69
0f548
09ada
030e6
06856
02e2b
06838
0bba1
02717
06034
0046f
0485f
0b5ef
0bf6e
06425
088fa
0d639
0a2f5
02835
0b2d2
06b8a
0bab7
055e8
03ce4
0fa58
0a7de
0affd
01da3
09b6f
026e6
05774
0c00e
0a91c
0b8d5
038a0
0c0ea
0ebe2
0b0b9
05b0a
06e25
0693b
031b7
070d0
09f41
02ef3
01504
01c68
06464
0214b
08432
0c536
060ce
084aa
04117
05899
09f9e
05060
034a1
0bd6d
0ed37
07bfc
01aa2
03405
058c6
0206a
0a0f8
04f39
0f1c1
062ea
09723
02e6d
02c9f
09768
0cd9b
02d1e
064ae
07fb9
02aee
0aa28
0b674
0b992
0643c
01ba2
02023
0a436
07268
013f6
0612e
01e26
09d57
097fa
00541
0e649
0e1c4
02d07
0331a
0184b
0d085
0b89b
09b2d
0a02f
0a3b8
0e9c9
0d045
0dd43
07989
09c60
0a6ac
09b6e
03d46
05e16
03251
04860
0d02f
088a7
0aeb7
04e2e
01c32
0d57d
09d13
02a00
034b9
00bba
0d6b5
03593
0c3cf
0c2d5
02fc2
008d7
01e24
043cb
051f0
08007
0449b
03f3b
0cf1a
04864
0d5b5
0407b
04dcb
02add
0ff99
0b630
0cde1
0574b
0c316
0c34e
04ac1
00f9a
06319
08abf
0fe3e
02c36
001fc
005b1
0b0c6
075f6
0473e
0b411
0fc0b
0424e
043ed
0e967
0192b
06708
050d8
04aa2
00f9e
017df
0ed35
088df
0ade0
0fc97
041f4
08217
061fb
0ed18
03e83
04a1c
0b305
02d3f
09729
0ab5a
05f5e
016e2
0a990
00bcf
04b7a
0cc82
00828
0c29c
0167c
09379
00eaf
058d5
05d25
08638
0068c
0d646
0b79c
099d2
0f447
086e8
0e6fd
0cc5b
0aea0
01554
00bed
083ac
02ab7
0a934
0df0d
0c8c6
084e8
06891
0120f
03002
0c721
0a890
0b576
0dce2
044e2
070ec
0fbf9
0e2b6
0c307
0b1f7
0d9e4
079ad
025ec
06979
0c759
01adc
0d558
04186
046ae
00bca
02d26
03204
06316
0c3ae
004ab
08f13
0f6c7
08ddf
0e4f9
028c6
007e5
06dbb
00889
06a25
0a896
03e14
08340
0a532
07de5
05644
09466
09db7
02597
03e7b
084ec
0eb50
01876
0b92f
0777a
09d81
0e189
0419c
07a8e
0b781
02f9a
0d153
0f2ce
06e1b
01cd2
0a9aa
0712f
0408f
0c9a5
0fca2
00401
082fe
0ceda
0d3e6
0a9d8
0c28f
04c6a
05566
0bc30
05f03
05154
0545a
000d3
038b8
06fc9
04efb
07dae
0bf3d
06b59
0155e
0dfa2
0af89
0daac
09896
0d845
0f84c
0d1aa
0fd8c
00975
0cc67
08e9d
0a5dc
07007
0f592
089a0
08fbb
0a6a1
0f32b
0ab60
04b09
028a0
0764c
0b6fe
066bd
0298d
0f484
0a50e
0b071
0a8d5
05139
0fa22
08c90
0ea2a
08d88
02c89
020f5
0950f
0c583
0501f
0db69
0e334
0a57e
03d98
03c52
0fc6d
0d94b
083ac
0ab56
072b2
08954
0d001
0b610
0a2f7
024d5
0b764
0df25
09f11
03922
0ce7d
0e196
0da81
079a4
00410
01982
069c0
0b3b1
05e0c
01f3e
03873
0cac0
06222
01345
02bf6
0a791
0f367
04f7a
05858
08fc2
04a06
040a4
08fc0
06e10
09c51
055b4
0f58d
0c35d
0d207
018fe
08211
0df2d
0193f
02a66
01132
08c97
00426
06870
064a0
0999b
00290
024db
0aad3
07037
0e094
07be8
0bfdc
0cc5b
0ccec
0f8d1
0356a
0b11c
0a710
085bd
08b8d
0d56a
00813
0b0aa
07d76
04ef8
0c930
014f1
0dff5
0f817
088de
0ce48
0468b
0fdd5
045a6
0189d
0aa5f
06994
0ca48
0990b
0203d
036d3
04e6a
0b2b3
0d14a
0e38e
04e9f
0ba96
015cc
05767
02bc5
0b6ff
0a457
06f5d
07de6
00a0a
0fe87
0e871
0ae2c
0a3da
0470b
02dbe
05143
0c5c6
05d62
0d564
08507
06f61
0bdd6
0cb9a
0f494
088b3
093bf
0ca75
0014b
0e441
00b74
0f603
0afd1
02a14
0333a
0211c
0e983
0f76f
0bfd1
0bd9b
02315
04e6d
08dff
0990e
03123
09d17
05496
0ad98
06979
0335b
0dbe0
08d1a
05b0e
07d33
0ac35
0f3a5
08b52
0e144
0e3cf
0de66
0b375
0c22b
0a373
012ca
0f67b
00998
0b929
0a6fc
09b21
086d2
06ba5
09ca1
071ff
0dd23
0f106
0fc39
03425
0ac2d
0d230
05975
0481f
0015e
08800
01b87
0f947
0cf51
07b63
098cf
039a0
0b109
06bc7
0b84a
0ed78
0eee8
03ffe
01a16
01871
03836
03f02
0aa82
08128
0ecb8
0e8e2
0751a
09352
08691
07b14
024bd
0865b
0f7ae
04459
0588c
0b46d
0bb06
0efc4
0ac6c
0cd75
08255
0352d
0724d
0af6a
08a6d
0f9c0
09e37
030c2
0c979
0a858
0bf89
0ef68
06d90
0a0ce
04da4
079bf
04a04
0bbc2
0beea
0b2f4
00909
0b022
0f8d2
09a52
0f9c0
0b968
03208
0d14c
0ce0e
016af
04f8e
08665
03c30
06307
0d232
055d5
07a07
06d43
09a99
0e359
000f6
099e6
00957
0ee16
0341a
080d4
0cd07
0e3a1
03129
0824b
0fc43
0fa70
07db9
094e9
03fbc
0b2d7
0a380
0ae1a
0155e
06efa
0ffa6
09119
0bee7
0ce0a
012fc
03ecd
0ec47
00d01
061c5
0c6cf
03398
009e1
027d9
0eb94
0b224
00ffe
01420
035b0
0e06c
0120e
0c435
0eb86
08a17
0111f
0fa4e
0dd6d
05b2f
0a00d
0a0ac
0321b
0cbb5
04feb
0383d
0baf6
07902
0d933
0e3ed
0cdb9
07ffe
0b4b4
06558
0db5c
0f93e
07af5
0bc6c
0b64b
0d0a6
01748
0fa64
01d97
0e8ae
04194
04403
06dc5
08a49
02bb6
06d61
07601
0b0d9
03683
06340
003bd
02619
08b51
0610e
01821
0efaa
09ea9
05476
0fc28
09e98
07413
0dd4b
0cf74
07335
0a096
0f5a6
0d3fd
0e21d
02007
0893b
00b71
0645c
005a2
01a64
0e99d
074e7
0ba79
0dfb8
0bac1
04e86
0c798
00ce5
05924
0af77
05cea
0d485
0797d
0f116
08761
022f9
04871
0c7da
0dbbb
03516
02d4a
040a4
041c0
0646a
0551e
026af
08717
05531
0a500
05171
0c156
02a4b
03766
0fa7c
04b22
0aa92
09cbd
0c9e3
0a30e
0e72b
08738
08bb2
0c14d
0be9e
06df6
05c9a
0bfe3
0a251
08f71
092a4
0271f
03800
031f2
0af6a
02bb0
06d7b
0c39b
0e679
0600a
0095d
0ad1f
049ec
01daa
06982
03356
06eca
0e39d
0db90
09a10
0330e
08f15
0fe49
02919
08535
0c395
044e7
054e5
00e49
02624
085a6
07cd7
0658b
07c61
0a5b4
088af
01e8c
031e4
038fb
05e81
0e2c5
05685
06a03
0c740
005d8
06425
000d4
0f69f
0ca2f
09508
0effb
0f73f
017a8
00569
0d7f4
0f761
0def8
03781
07977
0ee18
0c122
049ec
0bf10
00152
0f763
0d796
0f72e
021a0
0d502
05eff
03007
0ff7b
04b68
01566
0905a
0ca1c
01941
0997f
034b9
0c7a5
071da
016e5
073ce
052dc
0c634
09841
0a832
0cd1c
0836e
0dbda
0ef3d
098d6
037e7
02aa8
0cd74
012f2
0a553
0761d
00a76
0c618
08016
010fe
0f91c
007eb
0757c
098c3
042e9
0ac2e
03a9e
0e6b8
01b2d
03f2c
02367
0bf5d
0331e
0602b
0cb51
048ce
0c853
0edd9
00584
0ecbb
08df6
059ad
03c58
0aa0a
07e42
0224b
07f78
0cbc3
046ef
0ae8e
057ff
0cd95
001c3
047fc
05934
039e5
0d8cd
00cd7
0e936
0bbd2
08d7d
0055b
0487b
076bc
065e1
0bc71
0762a
09899
0625e
02a55
0022e
0d106
0b963
0e5b3
07a87
0a70d
02b3e
0f5c4
09f7c
0ad17
081e7
0c138
06f72
0b0b8
03e86
00d4f
0536a
029b8
09bc7
0181b
02d46
04d13
07d34
060f8
02c6e
0a92c
0bc3b
0f6e1
0061c
070eb
0ad80
0e857
0332e
0fc4d
0fc63
029b3
0f8cc
00dbc
0626e
010b8
0b0d8
0d255
0e75f
01d2c
09b5f
025bd
04256
081de
0c393
00276
0a8f0
02fba
0c8c9
081b9
076b6
0a43a
06aec
07a67
0e57c
0c536
0848a
03b09
0e837
0ceb3
0ea3e
0edf8
0df04
01f0c
004ce
0c68a
08f43
072e9
09ecd
0a631
0e8fb
07763
028f9
0f1e0
07900
016d6
0748e
0739b
05aa5
08744
0d724
0e702
0aaaa
0ffef
0872e
0ae39
03b8d
0002a
09ab9
08fd2
0161c
09b60
0e0a8
06f37
03bf0
02f7a
0b05a
0c627
00a00
0ae8b
0943a
0530b
0f7a0
01a59
0e8f7
0b842
09908
0f463
0d3bd
03c17
035da
0370a
01a3a
0f7de
0f200
0c8cf
09d04
0e62e
0b95f
09471
0b3c2
0d62f
0aece
0ec34
04cba
0e96d
04dab
05534
0c659
06b90
09792
0acfb
08966
00ca9
0680c
00555
08401
0c2ac
0b29f
0d56e
005d7
0de24
0c206
05d2e
0d0c1
022a6
06fdd
043b1
0d1cc
0f3e5
0114a
0e2be
0e1a4
0e995
0e0c8
0bfc9
0efd0
014ee
06905
0d002
049e3
0c0a3
07215
0fe77
0efd6
05e12
0e359
023b7
02bb9
01c3f
0e027
07a0a
0b716
03f14
04291
0d6c1
05843
05ff7
010a1
0d050
055fa
09328
06747
053f3
076b2
0629b
07bd4
01a90
04944
06e6c
075a6
08124
08f52
0c217
00b8c
0cd61
00e18
0c175
08465
07400
0012e
0cc33
0b005
042d2
061a7
0ae9a
0e013
0c898
0a56f
047f9
09c6d
02e41
045e8
0aff0
07c21
0f6fc
018dc
010e6
0c3dc
087a1
081f3
0ac33
09314
0f52f
0ae68
07da6
03698
03b9f
00505
08308
0555c
0b966
0b33b
09f3d
0494d
0034e
0a5e1
07ec2
0e35c
0d205
09af9
04397
0baf6
0aa81
00f4a
0f597
0d93a
0e4ac
0cb34
00e09
05c60
01586
07516
04297
0566a
03ea3
07f8a
0267b
0f608
01180
02fa1
0a6ed
0cd75
0d454
06aee
04370
0f1a6
0f7d3
051a7
0fe7f
067ed
0270f
080d1
050a4
09e92
0b97e
0d140
058ec
039e8
0f2a1
0c8db
09e92
099d0
03ace
0daae
00445
0780a
063af
05d91
00364
0f127
0024c
009ec
0a5fb
0283b
01528
05b8b
0f9af
09fdb
0ad4c
02898
04cd5
00adb
04b55
05184
001db
02a1f
0fa6b
0b8c1
09859
0bbaf
08b0d
02236
0cbf4
08d04
0ff1f
04664
022e4
01c71
089c2
0cfc3
0d481
04362
0eed4
0a39a
0092b
03202
0b605
0579c
0cfbe
0e506
08177
08d32
05774
01a02
075a9
0cbe6
01c5d
0f66a
0aeed
095af
06095
06740
006db
0beb3
0fca0
04894
079cf
06ead
0cbb9
0055b
0da3c
01913
02d04
084ec
0abd0
0e40f
04e9b
0754f
044e7
0cd7b
0f889
026a4
08929
0af3a
0330e
0ebac
00391
030f9
0bade
016ac
036b6
0dd54
0fe21
0f77e
043b4
00e2f
0421c
0b367
025b0
042ea
017aa
03d02
04f39
0b4a6
040ae
079ff
07424
04c7d
0e661
001eb
0898c
06539
0f407
0ae51
052b3
034ce
0aff5
0be70
0a53a
03ff1
02797
0dbd4
06c09
0e323
02aa3
09099
0546a
009ee
0eeec
0ab22
0eb42
09afc
038ad
09e9a
05df6
0991a
0ef7c
079f8
0d2f7
05120
0c55d
042b4
0b110
028d2
079b8
023e2
05b0a
099cb
0f08d
0e629
078a5
0de55
0ec13
0f5c4
057fc
08409
09819
061ee
09c86
06525
0af6a
09bcd
0ecc4
0fda6
0545f
0c0b6
0b94b
0f3fe
0387b
0acd4
0cfec
09d61
07212
01605
05039
01800
073e9
08a59
0099b
097f9
0402f
09605
0f119
0d667
019e3
00fa7
01984
092fc
004db
021b2
0d680
0b56b
0f742
074c3
0f4ac
0d495
04140
09372
055e8
0cf9f
0c38e
046df
04074
0bb60
085fd
04ebd
010ec
0710f
0d33f
0763c
01b29
02b47
0896f
01e07
03354
0aa07
04bef
0eefb
07bc3
037ab
03a30
0eb94
05e62
05d53
0cac0
09f19
021b4
0846a
0fb91
0a811
0d79a
00686
005e6
021ad
08823
04072
0720f
06f52
0a8f0
08bb9
0e591
09cc2
053c1
050da
07c16
0a565
0d5a2
0d4b4
0f66c
0f40d
02a32
0b4b0
07f96
00a2d
0566e
05513
0dcd0
053b9
09a36
0ee10
078f9
0ce2c
0a61d
0056d
015dd
067d4
04958
00823
0136c
01c77
0dd59
099ea
0e814
0d02b
02296
09f9f
09a2a
04a92
0e739
0fa4f
07fb3
0a657
0a2dd
08505
01ae0
0917a
05a21
07f46
03ff8
0cd15
0fc44
04987
01f51
0dda0
0e2c0
0ba34
08908
07303
06495
09c8e
0765f
0ccec
009d7
08dea
0a390
06c8c
05dcf
0b18a
0595a
0f007
071e2
0ab33
0e9d1
06571
07f09
0327c
07150
07e17
00a15
0f67a
07702
08df1
0ae47
07f42
06a98
019d7
05c90
075c2
0d8a0
09ed5
033f3
05b80
04e18
09613
0f388
081ca
00b14
0bfa5
061ba
0ead2
05087
01c24
07bc3
075d6
0b195
016f2
0a5fd
0252e
0ccad
018ad
04043
07f40
0439e
0a73f
03111
00e82
0f996
02df6
0bb34
0b686
0a606
0ff4f
01bb8
08896
01aca
08bf8
04dc3
04dfb
0992a
0ae88
0c95a
09c70
02475
0284a
05002
0be1f
0be99
02cda
04360
0a438
07713
01239
0f8fe
02696
02ea8
07fba
0b0c5
00aea
0b2d6
07249
09ec0
08202
02302
0f0de
0385b
0aa96
0fe92
0a0cc
0b744
0fe0a
03e17
0c8df
0dd4e
07613
058ec
0434e
08e2a
0d1b4
07df7
008ef
0dc75
03d9b
0d22f
044ac
0261c
0bab7
0dd7a
07992
0a1c3
04349
004bd
00065
0ea99
0df23
02574
0a015
01544
0940d
04ec4
01c06
0a0f8
0c554
0b78d
0d70d
0e40a
0ebd1
02799
09cb5
06133
06e79
0d84c
00c46
01585
0136d
037f6
01698
02844
091ad
0d5cf
0312d
019a0
06edf
04c2f
0f89f
03242
06a0c
01397
08fe5
0c80e
03aaa
0c591
07c74
03a4e
0d0b5
0f23e
0b462
02d5c
0b4d9
0d747
0176c
0b377
01203
0c37c
0ab0b
0ccee
05214
0c2a8
0f50f
05a29
0118c
00628
0f555
04fea
0f9ff
0502c
000e8
0397a
094ad
0e515
04f05
062e5
0ea8c
06beb
0b412
0d706
090c0
00915
0eea5
07251
00ebc
071a2
01974
0ccf9
0e30b
0be11
034db
082b7
0b17f
0916f
068a9
0d2c4
0ec43
028ab
0853a
0c66a
0f62c
086e1
01215
0de9b
0c201
0d5f1
0e61d
0bec2
02302
0acdd
0fb9b
033b3
02b02
0d997
09bd0
0b569
0dcba
01743
0b3c2
0bb1b
0cde9
06a19
09b7a
07f75
02dc6
018fe
0e0b6
06b44
04b08
00852
01093
044f7
0b2f0
0b134
0db67
0a99d
06d87
07afe
0f07f
0f421
0f6d7
07be1
0096f
0666e
032e7
0c1ce
0fd81
0f649
0376e
0525f
0d4d4
03728
0be0a
090fb
0f602
04eb1
00675
034fd
04982
08676
01d7a
046e8
0bff9
09484
0ac8d
0a47a
00c2c
01d98
0af27
09771
0100d
012ad
06ae5
0fdf0
0cd8c
0ea9f
0794b
0f4e5
0452c
09ea5
0c148
031dd
0c890
06dda
006c0
06786
0906f
07f59
07084
01e6e
00e14
00f50
028b0
09504
07261
0a030
05095
09d4b
073b9
00917
0fbc2
08e53
03674
0e017
0d357
0a0d0
08afe
0d39d
0c664
04e22
0fe39
063a9
0b7ec
03315
0c153
05043
04a61
0ac74
04f76
0e799
0a794
0cef5
01c82
00223
054f5
04139
07fe7
01320
04260
072eb
092ed
013f1
0be9b
0c3b5
0efaa
0e739
03444
05e70
0b806
0285a
0bce8
01642
08658
0345f
054fe
00621
0ac72
0238e
0d35c
0ce1a
0dcda
0163e
03ac1
05c00
06f5d
04111
0f9c0
0967b
08d02
0f8c9
01139
0c363
0632c
0d523
02a71
0a71b
047f4
0f280
0c825
0a55a
0904e
09b01
09b19
04f82
00795
04a1c
051f4
084e0
04c60
0808b
0c928
061fe
02418
07d17
0ec48
0782b
0ec8e
02753
099b4
0bbe6
01546
073e5
025b8
03841
01029
04e14
0c2b1
0c2e4
03e5a
086f2
03e38
07f40
0d149
00347
0c437
02ba8
00c8c
08702
0e88c
02f5e
03f8f
03430
04019
0a172
0c1b9
04939
09b88
0f8ef
0d183
06c3f
09434
02074
0172d
070de
0860f
02830
08fd2
02fbc
06560
023b7
03510
038c3
03506
09fc5
004f8
0af01
02bfe
07681
0502a
0a135
03b4f
0e3ce
00123
09e93
09fa6
0e69f
013bd
0b8e9
0d401
000b2
08cbe
01874
0c5d5
0e80e
0333e
09781
0eae4
06ce4
0236f
00b26
06557
03589
0867d
0b516
0c78a
08b24
0a120
0f296
04012
04e10
0ea5a
0a7ff
0f1dd
0899f
01bfb
0e8f4
08913
00dfd
071e9
06df9
0e643
087f2
0843c
0e649
001e6
07597
07e6d
0368c
0751f
0c94f
093ee
02d8c
05f24
0cf1d
099d5
02440
00234
0c547
008a9
072c3
055ed
0da6e
0e6df
0b380
077ad
02177
01748
0b203
0fa52
0cb0c
07b9d
02cd8
01289
02994
00db3
0cfe5
0aa21
09734
0d062
03072
054dc
0a4ec
073a3
0cad6
0132c
0c6e9
093c6
00aea
01f74
08fd1
0e1b2
094c8
0cccd
0ed81
099c2
0c1d4
08b12
08130
02380
0ef41
00634
07e2f
0cf81
0368a
00cfb
01b6b
0e978
0efe3
00202
024c5
0e397
0f8fa
0719f
0f600
0a05b
09eb0
06500
0676b
012ee
0e367
034de
038a6
025d4
0e27b
03696
0d8a3
01aa9
012b1
08e5a
00c18
05727
02f86
0893d
092bf
09663
02c19
0b69d
0ab1a
0d882
0e53e
08f02
07474
076f8
07772
09b27
0d076
0af54
0bf80
052d2
07526
037c1
0f5c8
00d93
06c17
077e0
0b86b
07cd3
000a5
01c5d
09f4a
05c37
0c4fa
0cef5
0b22a
06dcb
0c596
0392c
0f48a
0e9a8
07880
03520
0e8ab
06ed3
09b5c
0daea
04f3e
08bcc
0fd99
04df1
06464
0b2af
0c092
0a8bd
07cb9
04e8e
0f554
0c6aa
0e80e
02f5a
08584
0280f
07b9c
08c05
066c9
03fad
0f694
0c7f1
0e171
01116
0dc60
00300
0bb07
0ba48
033d9
0f493
0753e
0a38c
0eccd
04026
03ca4
03e2c
0c6f4
045c2
0ad91
00c8a
0c951
0603e
0bdf2
086a4
0c94a
09ac1
0cd21
06ad1
0e54d
007f9
03408
09789
0a7c2
0b8a3
0f8d4
00282
07628
07984
08046
043bf
0f36c
032b7
0ca4d
0cb89
04d44
0b967
0a4f1
04095
01c09
0a895
00c36
058e6
0c763
01b70
003a1
01887
02910
038e0
01c5b
02a94
0a745
0d927
025c9
0d49f
0240d
0eb5a
06292
0840e
08137
029ee
04754
02ce9
07644
0009e
01800
047a5
062ed
09b1c
0c03d
01a3b
0cf4c
0f4c5
04176
064ae
06fa4
025ab
01f6a
08703
08659
03fee
0fcd2
0eeb2
07d72
0d34c
0b9c1
0a24f
0d685
023f2
046e9
040bd
024c5
045bd
04787
00abf
0d242
06d38
029c8
0cb96
09329
03e3d
0f61d
0c4d0
02052
0725a
00ee0
04fa3
06111
0d3b1
0860a
03b94
0df6a
07a3b
0d8dc
060e8
0a23c
021da
0d3e1
0ecc5
0de7c
08c3e
007a7
07cd5
04b70
0735e
022ac
074cb
05bff
0afc3
047a2
04c61
0cdfc
0e88e
03411
05980
0c2d5
07b15
0ec14
08523
0a44a
054b1
05f7c
0a044
05eb9
0d435
083b7
0842a
09a41
08e8d
07f22
0dbc0
0deb9
039d6
03b77
02615
09e43
071f3
0710a
017b8
0da27
083d7
00c72
00c8e
0a415
0ffd6
0f532
02b9b
0aafa
0a270
0b208
01c90
0c6fd
05573
0f684
0f533
01ab0
057ed
0b670
03228
04dcb
00818
0886b
0c7c4
07883
0ef98
0562b
03b82
0d32d
05b6e
0cb2e
0ca60
00b83
06ec7
04aa0
06169
0a5e3
0980a
02519
0036f
059b5
0a392
0b07c
0faba
0efd3
0746a
0e926
06421
0b7cf
0fa4c
0a1b6
0b148
02288
04ac6
0827c
0e723
089f3
02bb1
025a0
020f7
0f57e
06ee2
0c874
0e97f
00611
06fd4
0d9f4
04bfd
0b5d5
0c930
0ed10
0dcb7
03549
034f2
05214
0bac2
09554
0521b
0691b
06a7e
00fae
00761
015ff
0b915
0cbbc
07f9d
0106b
04ad4
0550e
08167
04754
0eec3
07243
057b2
038a4
01421
0f183
067cb
02a9c
057f1
0e1fc
07584
0da80
0b4cf
094ca
0b2a7
04c77
05e27
0015d
0f1a1
04478
0035e
020cb
0e5fc
00b85
09700
04684
0f09e
081bb
02382
0dfab
05201
0fae8
0dc19
06b2e
0ca86
0a709
021e7
05063
0a78b
0b4fb
0a9fe
02ec8
009f9
00961
0ba13
02959
01091
03aca
09b6e
08309
041fe
041f4
0dbc9
05888
06a7d
01866
00696
06b6b
0d630
0057f
0e751
044ef
0420c
07b33
0a4fc
0139a
04e9c
0763a
00171
0617c
08b1e
048e1
08c9f
0651d
0e9ee
0a96a
068cf
03abd
0de96
04878
00f6d
03945
0d4c2
0caf4
07135
03f78
0d813
0da40
0c561
0f147
09c70
004bc
07f59
069a5
000bc
0822b
0bf64
08e90
08164
020e8
009a8
0c771
032fd
0df2d
0c82c
0871e
0edb9
00231
00fae
09325
0948e
0a99e
00e10
0331f
0a88c
030a1
0fac7
0d07e
09940
04910
0d364
05704
001d6
0425a
09768
03118
03cef
0b7a2
0031b
0a2bd
0094c
0d0de
0d4d6
0328a
063e9
03e8c
0a8e8
05329
0a9af
0beb5
051d0
07d34
05346
0442d
01892
0a614
062de
0e97c
0e3de
09bba
07853
0b31e
08ac2
01d51
09cb4
0fe6f
0cf26
05945
0ae02
0659e
0ba6f
017ec
03688
02c83
03b4b
0a8c2
0517d
0a635
0a380
0deed
05cf7
0ed0f
0e401
05ab5
0cdc1
014ac
0712d
02a37
0e3e9
08d7f
00990
079d5
00a2c
0826b
0b7ad
00394
0f118
03c47
0dd10
02283
09e76
04332
05b2e
070bc
0bc67
0a82e
0970c
0ba9b
05cb2
01723
0a6e7
0b48b
0d043
0e2ca
0a471
0e3cc
0fde9
02d30
036c5
06071
0e5ff
0726e
00961
09c63
0a9a7
0ef7b
0d2c7
0491c
0e261
0800e
0a678
03549
02cef
0c732
00049
0b69a
0edf4
013f4
037d2
0b27f
055f5
05cf2
03b89
06903
06720
0c201
0c07d
01f1f
003f9
0643a
08b6a
0eac1
0dd80
02404
04282
0745e
00399
0fddf
08fc0
0c7e4
0362f
03bd1
07e2a
0f555
040d7
0eede
035d3
0a81e
0c9b3
018e7
070ce
06c28
0f8b4
0b49d
04a83
0bb22
0cb0a
035b7
08433
0783e
0ef50
0cab6
07c44
01a30
00461
00215
0f0c6
07973
0fe2d
091b2
09829
08daa
0a011
0ecd3
0815b
09e91
08de0
0387b
01620
0e75f
0ce54
05738
0da22
04558
0c56d
0afcc
091d2
076ea
0986e
0e762
0b595
037df
0c831
00fde
084aa
07fbc
0ae88
06b29
0a8a5
01bbe
0ec93
0dbbf
0ba4d
0a0e2
0e6a0
07228
0fe66
0a8e4
0d551
024e2
0c1bf
0f432
09e6d
06fa8
09cf8
013f0
0fa44
06bc8
01d13
0e2be
0321a
0ee93
0ee6f
0c69e
03016
062f8
0a1f2
00d13
00156
0fbde
06f92
0c69b
0503d
04c16
061a9
0650d
0a4a1
090a6
006fd
078fb
060d0
0d14e
0ae1d
04281
0aa82
01620
05fe4
072cb
02c8b
046c7
0c901
0a14f
06421
05136
0eacd
079cd
0a08b
0a97a
03cdd
091c9
0e6a6
04fce
08664
01b75
06072
04780
04183
07dc8
08922
0f6d2
0f97f
02650
09583
0d906
0a8d3
01117
07c6d
0b6c0
0a0bf
0bc7d
0b079
0e728
01574
04c2f
012d0
014f7
0d278
03a22
0f0c6
080c1
025b4
0639d
0d610
09e4b
087eb
0b88d
08c56
0f0b1
0c883
038e9
051fa
0372e
07fa1
02fbd
04b81
0f489
0074e
0d642
0a65c
00f30
0e00d
0cf79
034ec
04ec1
05674
04c81
07945
00d86
0bab7
0c5bc
09792
0910a
0d6a7
0b495
07f25
0023c
0836a
0bdf0
0bd4b
0a5ce
0ae22
0aa7a
01a23
0408c
0d0d6
06cab
0aa68
0db7f
00363
0ffdb
0ff30
0f97d
09f8b
06eca
076d4
04617
0f9ef
0d1e3
06224
01f99
08694
0d276
0121b
00ef7
05b1b
07d07
0ccf5
0c10a
048c3
0d922
008e4
05e13
05e15
04ca1
01fc7
0e364
0bfc1
0aca0
00bf6
0cd02
03557
0ea73
01302
0dd03
0eca9
00c29
0225f
0ae78
03733
05864
013cc
01c94
06a16
06ae5
08175
09e61
010fa
0ea08
0df72
0f384
053c2
03aa0
0c3c8
05d59
025d4
06324
079af
07661
02527
050aa
0c17f
04b1d
03996
00140
0aca2
072db
00cbe
0f5f4
02b8a
051b9
058bf
0d5f7
01591
01c7e
04079
04a67
07762
0ed35
0e391
08f38
05d18
0e876
01bb8
0a190
09278
0a5f7
0fb63
0e3ca
05541
04a63
01fd0
0ccea
06314
04d2b
0514b
00d34
02886
055b6
0d7c0
01b24
0950f
08472
0d4f8
0d692
0bb39
0a5e9
04653
08a9f
0fb6d
0d113
006ba
0d57b
009f5
0da69
087d1
0e142
04fae
0839e
0af6e
05a90
0b93c
0ec0c
06f5e
0e7f5
0ee7a
0804f
0f044
0fd58
08590
00737
0e20e
001d8
08b90
0d549
0a2db
0f504
0efab
0ea92
01b10
0de32
02c3e
048d8
0e853
04e6a
09cd5
04f64
0cc3a
01f62
045cd
04b12
0cd56
02474
0c15c
083aa
03d32
0e006
00dbe
000ab
0aee6
06449
0fc42
02629
0d936
01109
0ab5c
0c63e
0cbae
0056a
0670c
02606
0cd86
0c189
09c79
0f1a3
0bc40
020d2
049e7
0eeb3
061be
03f15
05930
08667
0445e
0b8d0
079f8
0bf04
08a44
02a99
0cc3d
00938
02b63
02bd3
085fc
00a18
0e146
0016a
03cac
0f14b
00099
0ccff
0f8c7
0349e
0bbe9
05752
0142d
0f586
0ef47
034f8
01c10
0f14d
09209
01dce
091e9
073c1
0732a
0d96b
0bef8
0e2a0
0c234
0e7f1
04da7
0965c
0d316
02a9e
01b7f
0a7b1
0227e
02ee4
011e9
00042
01a3c
0f01e
01a1c
03657
0fe23
0b967
00e60
05a6c
0060d
0be94
0189c
04c14
0b22f
093ff
0f275
053b2
07593
059eb
010c7
029ef
0061e
05823
0f0fb
0ba9c
0f25d
089be
0ebe2
0aae2
075cb
0d832
0a480
0e711
09e53
08241
05580
0b16e
04d7d
0c464
0840d
054de
01cc0
09004
02ab0
0cf15
09184
039db
0b2cd
06c20
0e1b1
0955c
01425
0bb97
02f92
06014
07a09
0eacb
075a4
0e366
0d8f5
0ca7b
0e503
0c236
03afd
0c0e1
00274
0a3f5
0afdf
0fe28
02d43
0ea65
09a34
017c5
0b9f1
098b7
0c82f
0285d
08cd1
08bb5
011d9
01ddb
06c41
0acc0
0cd31
05782
09105
0171b
0b602
0e36f
082cf
087f3
0a951
00db9
0df9b
06b0f
05d85
08451
0bf6d
07caa
0a27a
04a6c
0e1fb
037f3
031c0
03bad
02e59
01d0e
0be6f
02442
08025
0d21a
0d93c
0a49c
071da
054f6
0271a
07c4b
0b6c4
0d2f8
03c4e
06b56
01ac9
0e86d
065a9
08ccc
00441
0146b
04ff9
04bac
0d651
08786
04f4a
0b13c
0fd9d
044bd
0046e
0ab7e
0a9ec
097cf
053f3
0f7f2
03436
04824
020e3
09057
0f0e2
082c1
08f61
0e4ca
09c2f
0c5ef
00284
096e1
05958
07eed
0e94d
03517
0f6ab
0810f
0f2e9
05c48
02944
08645
0dc0c
02834
0ea80
05dc7
0ff81
0ac01
01847
08af8
0b032
049c1
05ca2
0d8ff
0e45b
0db10
0e8f5
0ec0b
0f0f7
0a94a
0961d
08ebc
0a8a5
08416
0e761
096fe
02377
078a0
08e26
0022f
03b28
045bb
06d12
0d4f7
001ab
0a816
0deb3
05d2e
0e848
0aa6e
020c4
06ae7
08099
0c0f6
07f96
00def
038c5
04e6f
08ebe
0929b
096d6
0f500
07c1c
0d807
0b2ee
0d072
03cd7
023ca
0b864
0d1b5
0cddb
045af
043be
07ae0
01fcb
0ee40
00e73
0d678
0abaa
08130
00f7d
0a1d4
076d1
0344b
0c1ed
011fb
0433c
042d5
0e626
09959
07b88
07f03
01b10
06d25
0e146
05a3e
0fbef
02283
0d3e4
052eb
0918b
098b4
0e9c3
0b44c
0d634
06048
02010
035d4
04297
0272a
06b5e
00757
0fbab
05f3c
0f9fe
01850
0ca49
0d517
027b7
0a34d
098fd
0b184
0a9a3
0cd7c
0c0df
0769a
0b510
0ddb3
0a6f7
097c8
028e9
00eb4
0549b
05a1f
0ad5b
0476d
026ec
057bb
0c330
0dd96
0153f
0a1d7
08b86
0c7bc
09ecd
059e8
05009
092b7
0e5e4
0126f
0a81b
04ee8
016c2
07c2e
02892
070c0
055ca
0eba8
02ead
055cd
06b51
05195
00896
06a7d
0dd7c
0c365
0df7a
09601
040e8
0e291
0f608
0c745
045b9
0dade
0ad04
05f4f
0f140
049bd
0ecef
0c1e7
00ee0
07c84
04c90
00338
0f75b
0e5cd
073f7
0898a
0e011
028f4
003b6
0d03a
05d2e
07482
07198
0882b
0b1a4
0bc8f
0f5ee
07c45
0af2a
0d9be
058d2
062c0
04214
0e7e4
0ffd9
012b6
01ca3
08266
0a943
06d09
0ade7
0b680
0f08b
06fc8
01f2d
0406c
0ecb0
070f5
040cc
05726
0b054
0e575
00b98
09fd5
05391
08257
01561
04e06
0a981
0af32
0aced
094a9
0d232
07224
0e655
0ea93
013cd
0961a
03561
0353f
0d4c5
0f40e
02367
0b828
0d7b8
0922b
0cca9
0eba3
07737
0c82d
0afc1
0c29e
00533
09813
08e9c
08773
0dcca
0ffb9
074df
06a19
05ff4
05b4c
0241f
05379
0911c
0a91c
0b45a
0ee34
0e01a
00eda
00569
0d8b2
052c7
07a72
08606
0a025
08edf
051be
0d7ef
08c96
01044
0f9f4
0d33d
00c4d
0a564
069a3
01e49
02b97
041ee
0182a
07366
07d68
00ed0
03c12
07b8e
0ff62
02ea6
0c078
0499d
0729b
07ed9
0b632
0d93d
01b4f
0a414
026c1
0138d
008a8
03be3
0bb61
06fd9
069d5
0ea00
08f76
0653c
0a6f3
0ceb1
0eab1
00ad7
04233
0e652
0fb64
054d6
0ebee
0244a
0a335
0c30e
0bb4c
0dcec
0bc76
0ece4
09775
0b4f7
0fd41
0ae66
0afbf
0bde0
0bc56
00d03
0af69
0a5fe
07ae0
0c600
0449c
02a7c
0e2df
03abe
099c9
0baa6
0928c
0260b
072d1
0b0a0
05226
0a03a
04310
0bbe3
0496d
01f97
0e800
053fb
0260b
0c9e9
0a06d
0314b
0225b
05eb4
02f60
09946
0bf9f
0fb9c
0973e
09779
0a3ab
04c41
01ebd
068b5
014aa
04561
0f279
0c57c
0862e
0ed2c
067ab
00d2b
04872
099b1
01d05
06089
0b989
07be3
05838
02ee1
05649
091ab
0924b
004eb
05882
0668a
0df7d
07794
09441
00b4a
08043
02e35
05a20
02d56
013db
0b930
0545c
0b508
0f4d6
0a24b
01f4c
00dc7
0908b
0f4f7
08179
02d55
045c8
0792c
04ec7
0a65b
09adf
0d032
0042d
02c35
02c86
03a4a
0686b
09aee
07769
08623
0bbd8
0f22b
02327
0677d
06dbd
0dd64
05a0f
0ec61
0dae3
0d4ff
02ca3
05f0c
0fcb5
07a7a
094a9
041c0
03b61
03ba5
04d2d
00d45
054b2
02c31
0685a
02acb
07294
01430
02f3d
0947a
09c52
01198
05355
019fa
023f5
0c27b
0d307
09aa2
0b88e
050c8
06063
03be9
03723
0127b
04ee3
023e4
06f15
06267
0a451
0c8fc
069ee
0302d
0e271
04d9f
0778d
0dcb1
0cc21
0fa65
01b90
099cd
0236e
0f7f0
02b8f
005cf
06f70
02f3a
03af5
0f551
094c4
0124f
0a461
00f72
03959
07a75
06971
05159
00bbc
07f7e
08b7c
086e9
0bc5a
0dc16
00e3d
0fc76
02739
0831f
0f312
0c81c
0b09c
01db6
0fdea
0e856
0b189
04e97
0b759
0eb20
04dd6
073c2
02686
0c130
06afd
03c3f
0c9eb
00d5c
06445
0feb3
02756
02f86
01c17
0a183
0e105
00fdc
0603c
0c21b
0695b
01ef0
0d95b
0cc41
0ec5e
00ba0
006ff
0b0d4
08fd6
0ce20
0cb36
0cb5f
07dba
0461b
07ee2
06fb7
0ec24
01e58
00efd
0fc7e
03758
0a2f5
0048e
00d87
0fdaf
021a3
08c77
018dc
0d77a
06553
07fd1
05d7e
06eb2
098b3
06e55
00fad
0cffc
0acdf
0fb59
09618
09214
062a9
0579a
07c9f
0efad
0ab8c
002aa
0fc5b
05f7d
048c6
0a669
04862
0bf67
0ace2
08c77
0b64e
0a1fa
039a2
06c53
03a89
0d777
00c40
06df6
09f23
05487
0786d
0db52
0fdc0
06991
0fa63
06412
0caf2
06290
04a6d
07b25
008b3
010a9
08425
07884
0d288
082bb
0e0c1
0ba6a
09f55
0d39b
0d799
08c04
0dc88
0f58f
08810
0324f
0c929
07636
0fb70
02d3a
042b2
013c2
0ccf7
074ba
03617
0ea2c
0aa74
0b0be
0565a
0e270
0f629
0cc9d
0131b
03e60
08532
0b779
09a93
0027e
034f5
038c8
089e8
08191
028b0
0bd5f
0e0fa
05b45
039b9
09f8a
06da8
0c22c
0230a
02537
0d401
0c32d
03c8c
03436
09d24
0c5fe
00fe5
06580
0c006
026fa
02dbc
05530
0cca1
00b55
0aa6a
0aef2
0adf8
08a0a
0c217
0b386
08433
059d4
0cbe5
07e5c
0c271
082cf
07683
0ffe9
0e776
02dd3
088a9
00dfa
06595
09483
08b9e
0a128
08fc6
0ad09
0b556
0d20f
0d915
00eac
0048a
07634
0038e
02c26
02f78
0d3cb
0467c
04deb
0fe3a
04cb7
070eb
0c0b8
0f172
088bb
0405c
032ae
0e3d9
06a52
0c7f9
076a8
0bc3c
01c57
0a651
0e6e7
00afe
06329
0846c
00f0a
02b89
0d012
0b8af
010f8
03a1c
023a6
060c1
0d2df
084ed
009dc
07b29
08cd9
080f6
08b44
060ac
0f29d
0ed42
0115e
007fc
0d706
0586e
0f959
0a954
0abb7
03f8b
09c19
05ccb
0b5f6
0829a
091f6
0c63e
0db01
0a89a
0965d
046c0
02b49
0f3b3
0b51b
0dec8
042c7
0f305
0af82
0564c
003f8
00622
03978
0d46e
02238
0e4c6
068cd
08ab3
09cb0
0ec02
091b2
0a34a
05e45
077ed
0a047
03c2e
0d18f
06cfb
074b6
05319
0d85a
08e97
0f90b
02ea4
017a5
01b25
02e55
0e3d1
00688
0ee24
034f6
0403a
09157
0acf9
0e59e
0cf60
02658
07a93
014f7
08a89
09a7d
0904d
02e02
093ab
058f3
07d8d
0a073
0b382
04cac
0676b
06d31
0f77f
05684
0f199
0b7e9
0cf8e
0fbdf
03fd7
06a8e
018b7
046ec
0d440
0a6c3
0c1b8
08c3f
0e9a6
0f1d8
03114
02a63
0aeec
04281
02126
0efff
01335
08e20
0255e
00109
0f9ac
03ddc
03b63
0d542
03d0f
026f2
099f4
0cd7a
083fd
08258
0c37e
029d7
034c5
07b73
01ee6
0ea3a
0b9fa
09b5b
0584c
09a9c
0fa9c
06cff
0ac47
05e94
07b7b
0fe7c
0f738
095b4
0fdbc
0eabf
0026c
01cee
0f000
03df3
04b47
0ae67
07c08
0585c
0ab2d
0308a
0504b
02c4f
00fc4
053ac
054fd
0cff6
0f755
01eed
0d175
0cfcd
0d2e9
009ff
04bfb
0dc5a
0b89e
06812
06e15
0b8d5
0eb33
02058
0d1da
09d68
0ce15
04466
03782
00098
0071a
060b9
0f1dc
004ed
00ad7
0e4df
017e1
07def
0f98e
01f1d
0d575
0de89
07318
05414
012bb
0ff56
011fb
0781a
08bc1
08aea
04f21
0ded1
0fbc1
09be3
0e169
0d198
05a1c
0d1d7
0b1fa
01e58
0f315
092a2
089bd
0ae3d
0ca39
0a221
0e21e
04436
0daa8
0f118
0ca53
0b88c
08d67
02dfb
05200
034b7
0e4bc
08afb
0ff2f
0f408
0b336
001c9
014a9
0633d
09d5a
0aaed
043c6
04c5f
01f3c
05f2e
0dffb
05bee
0cb5e
07397
01ddf
06ef4
04000
0c723
082e9
0b0cc
057fa
0be10
0e2f8
07203
07ba8
0052d
010e6
0ec42
0840c
01414
0c31f
07446
0ab86
02c4f
0dd88
0af87
04b14
04c06
08b24
0ee12
0cca7
0f50f
0bc77
03e8d
04012
0af69
06674
0f6e1
00ca8
01faa
0b760
06b7d
0cc83
0d0fe
06af0
06364
045a2
0fc31
0de73
0760a
06f27
08407
04250
04c84
0b5bc
0cced
05195
07635
0ee42
04795
0702f
0fe9d
05a7a
05f5a
0ac8d
06a71
0343a
01218
07755
07577
0f16d
01b3d
00389
09fd7
048ff
06a4c
08080
0116c
068a8
0e43c
005b4
088c1
06520
061d6
07768
064af
03f61
06bcc
08fd6
0bbf9
0cc18
02a3c
04179
0b858
0f946
00678
089ec
0edf2
07030
0e139
033b9
0be4d
03a33
0f47d
0d788
0c572
0087a
0c5b7
09772
0bd32
0b68c
09d44
09ada
049c4
03114
0bc3c
0fa9b
071e5
0ed58
0508f
0dec2
09427
00f6b
0a57b
0699a
04a7a
0e68e
0657c
0db7b
0b9ae
0688a
086b1
043fc
06d40
01376
07120
0e9e3
0efff
06f75
06c25
0291d
0be9d
00bb3
079de
05478
0306f
0bf8e
0d759
0b0de
0b9c1
02951
00f48
0416a
0a9ca
005fb
0cad0
0df2f
0de69
0cf40
012da
0ce79
0ea5d
07241
09867
0fd09
0d5c9
0f12b
02fef
0987e
0db6c
07e44
048de
0b77c
02d94
0007f
07654
0ab7e
05ed2
09eef
04b13
0f07c
0c323
05679
04e2f
034d1
0a687
0b476
0cd06
07be9
0e22f
09704
0696b
0d44a
074a9
083ab
0ac73
093fb
003b2
066f1
0b21b
0a409
0926e
0d45b
0b97e
0def7
0bc6a
06592
02623
0f09a
01dcd
0fb2f
06f34
01008
01b6e
04c9a
02e9c
00809
04afe
0ef7b
06875
0c2a5
0c088
07161
055e2
0b3ac
0c7f2
0ec22
068e7
05f2c
0570b
068b4
091f6
0e76e
0892a
06d7a
02170
0da27
0c86a
0029a
0312b
03f68
01117
00550
09acf
0dc90
0caeb
00bba
0e27d
06a6e
04efa
0d3a2
09e7c
09bc0
0e501
06539
0f024
0b6fd
0b9e3
08f0c
02ec7
0f7fb
0dc8a
01dd6
00be2
06549
0fdc5
03186
0d465
095d4
0bb43
03702
00769
09235
0b33c
0fb4f
07e6c
08b36
0d641
0dee3
099ac
08287
0fccd
06d43
077b5
0e186
01d29
0a6b2
042f4
00f5b
0a9db
0c729
0df9c
0b085
02cfe
061fc
0e28f
09b1b
0e612
0e294
02e5f
07908
0e3de
08c00
07db3
0872e
0b5a3
01638
0ce7a
0a348
06dbb
014c6
0ca46
050c3
0a590
01d92
04cb2
07abf
01714
0c7a5
08f93
0c95c
054af
087ca
071d0
098a9
076e2
0b776
08094
0cfb7
0a8f2
05a86
03964
05f92
03449
0b61a
0c71a
0107b
07863
0e75b
02082
0029d
0170b
06b4d
0a905
09ee5
0d6d6
094db
0c376
0dab5
0005a
0996c
01e00
06c83
0f431
0ce02
084e4
0e1f1
08d6a
0eb4a
0dc51
03ebb
029f1
0da20
02981
05f5d
05ad6
03b49
0ad12
016ab
079b9
0cf64
0a042
0b3c9
0d14a
023e8
016bd
015b6
09afb
03ec8
0a0b1
07176
06e01
06ef0
0bee0
04315
0d4fb
0cd5c
000a6
03369
07264
0a0a9
0a19d
0002a
00d44
055ae
0ad6e
0f6be
062d3
005eb
0363c
00ff5
0231c
05e64
096ae
0b527
0ee6f
03079
02f6e
0bfe3
01c0e
0c500
02e65
09724
03b5b
0611f
0cd66
0bf52
01286
0b665
0ac0d
03ddb
03095
071fa
0d2d5
0e044
029b8
0ddbf
0fc23
02752
0f74f
003fc
005df
09f54
04b92
06873
0536c
0bb35
008d7
0fb15
033ec
0d85a
02ade
04eb1
070a4
06a42
047ef
02600
063b1
08f13
0b4be
0538e
04500
0158c
087c6
0152b
01ab4
06d28
0f4bc
02565
0f13f
0fdf7
0b9f7
0b290
0c54d
04f1a
0e5de
08280
00389
0c6fe
0cc81
03662
022f7
05cd5
0d43b
0433a
010ce
07587
01e7c
0c6d3
0bdbf
02598
0dbd0
0a2d1
0fb13
02fc5
05606
03867
03c5a
0dcfd
0189c
0207f
029ea
03e2d
04376
075c5
0717c
0642e
01e5a
05d3d
0a62a
0b6df
0fd9a
04574
01e7f
0dbbe
04d21
0713c
03ae4
091a8
0ae83
0dc67
035fe
00a52
0c618
03729
0cf22
018c8
0938f
0b7f7
00fca
0b003
05399
02d98
02155
0482e
01910
06f2e
0d829
00303
03eb1
0cf55
08c54
034d9
006d3
0819f
0829d
0d06b
015c2
02697
0ffc6
03454
08368
01387
078e0
08bdd
0d986
0a6bf
086f8
08f9c
0b46d
00f46
0ced1
005ea
0aa32
011c8
0d3f3
0436e
0e9d8
08649
0ae53
0cbf7
0dd49
070dd
0b25f
014cc
0f966
0840a
04887
08c61
02806
09c2f
04941
0083b
094a9
0b7da
0e89a
0e2d9
0dcb6
05bb8
0a1e4
0618d
09347
0e884
0cffe
0c7f4
02bd0
0b0d7
063f7
016fc
03103
0c80f
09246
0fda1
04728
0cd3c
03f36
0f056
09644
0c02a
0a3ed
00755
044fe
0c65b
0424a
0e458
0c6b3
02b6b
03dee
0c7cc
0c61d
04632
0cc4c
0deea
00408
06118
09dec
04144
08a46
0cccf
0d37d
0f75b
01789
03ff7
0caaa
0bd39
0c1c7
05096
0feca
0fb6d
09738
016f0
050f7
02035
0ba54
0fe96
043a7
0699d
02c68
04b87
0a503
04bc1
08c0a
05bce
067f9
0ae2f
04d80
0aee2
0c7d2
01154
0005a
0a45d
09e28
0c7ec
02002
0e7bd
05c08
0374b
0b953
01cf6
0add0
04ce6
00439
0b84f
07490
0a931
065ff
02ce1
06078
03cf1
08b5d
0be30
0d3d1
00887
0a8a5
075ba
09389
04c7f
07c01
04c81
040f5
03f45
00364
02b9e
04b34
08aaf
0842b
073d3
037cf
08de8
02674
08fe4
00fdb
0f890
071e4
087cd
064c7
0ee60
0f6a3
04d60
09b83
0171b
04c13
0317e
03ac1
0daaa
04b67
074c7
02f7a
06f1c
0fbf2
0295f
037d5
007ee
015d4
0c407
04d1b
09f18
05343
0d119
0b007
0ed23
0ded5
06f20
0aa3c
0b926
0f26a
0e73f
09081
0b193
04147
0d582
06d29
099dc
04993
0640e
0fcec
04c56
0a10e
09f23
09742
05f11
041ab
0a4d3
067bb
0a764
03bc7
0229d
0ee8f
05f85
00cec
0a988
01795
07fc2
080e7
0ac3d
0bb25
075f7
05f95
0f186
05153
003a4
08624
0e1fc
0cb1d
0f214
0decb
0c266
0c1fa
016a9
041cb
0fd83
09934
0a453
0e4bb
02876
0423e
01c79
0f1fd
0a076
06a4b
024fe
06e27
0c7b1
0b845
06110
03498
0be2a
045c4
0cad1
041bc
030c8
011a5
0f626
09750
02a16
0838b
086d2
07092
001f1
03e5a
007cb
0c67f
029ca
08e02
09283
0b600
048e0
0c38f
09c9d
0b47e
0ec37
09faf
08add
068d3
06d54
02364
0f528
03180
03eb5
0b98f
0741c
07444
07c6f
08da2
0e6df
0544a
0dd40
0ef4f
00e96
02f39
00ce0
01767
0697b
09ae7
073db
096c7
09a61
0fe1f
0ba85
0b63e
0d3a3
0233c
02f44
0f3cb
0ce93
01b7c
042fc
03b30
0bb93
04e90
0ff8f
082a0
06f48
0e9a5
0dfcc
0706e
04150
0fb6a
093b1
0170e
06bdb
06dc4
03c2c
05202
055b2
05f57
0754e
0a49a
08730
014f8
0e0c0
0070e
09465
0e6a3
069d9
03c3d
09fd8
06fca
0caed
0ed38
09e8a
0eb6f
0f175
0fe24
082fd
00343
0eb07
00937
0713e
0ce2d
0c51e
0d27f
0b4dd
0cdef
00669
001e9
0e608
0c158
0474b
052f8
04f2e
03d83
05caa
0410d
03de9
06cd0
0d4a7
0547f
0f626
085ef
0e177
0446f
0da73
085d9
06e55
06977
06526
005ae
09946
0b865
0dc9d
0550b
012c8
0cdf9
0cd41
0cb4f
0109e
08bdc
0b462
07695
03062
05d08
0679e
08137
0877c
06942
0ae1b
08de2
02ee2
03995
09e5a
0ddb1
0b3f5
03237
04edb
085d4
05cd5
03c98
00ee4
0c710
07857
0ef74
02d3b
0f29b
009b7
09d25
07377
0c0a5
0813d
0308f
02a94
0d250
0ad14
0b300
0b90d
0be9a
08419
05576
02581
07e55
0ffd0
06508
03574
06aca
0d1fa
06308
0c9aa
0ac43
0fe3b
05ac2
0fa4c
0ccab
0ec24
0daf7
0fc18
0f3d5
0f9ea
0bb72
06b50
0b8c5
0d9ac
024d0
06ad0
09e00
02db8
0f896
08380
0255c
0b12c
070ab
00c06
09876
05bba
0dd5d
0fb97
042b3
0624c
066a5
006a6
0fae2
0cfe4
03ade
0ba05
00e1d
010fa
0301d
02665
029fb
072a8
03668
0ab2a
09dab
0001d
09d9a
090ed
05dea
065ca
0d34d
08092
0ffb0
05004
02630
085e9
00689
02c8f
0014c
0c99d
031ca
0c4d9
0800b
0eba8
0097f
09fac
02ddb
0af6c
0f660
072c6
00db3
0c349
0e88b
0c304
0ec6f
0765b
0c632
0e778
05cee
012b9
0c9ef
03c80
01711
05cc9
06328
0ea88
05cc6
0dd5c
09c71
0728b
058ce
01d40
0ba48
0c61e
0e0ae
05103
088ae
0b9e4
0f01d
03505
0ba62
0b94c
0e34a
06414
0505c
0fa50
0ef0e
003a4
03cb1
03b34
0abd9
09dd3
03116
0eede
0ff8e
06944
05da3
0d3d1
0025b
0d917
0ae3f
0d006
0d717
0202c
011e2
0afa0
0f2d5
066a3
0b18b
0c1cb
0f52b
09631
06cd1
0639b
0d24a
08c30
08b07
0fe0b
01a24
05620
0c3ee
066ca
04cfe
0fae1
0ca8d
0fc4f
0d93d
0b388
0c994
08715
0ab68
0e38e
0c645
0c520
084c0
087b8
0e29e
02817
0b29f
0b508
07a2b
08cd6
0e2ff
08167
0a3b1
01278
04269
081a1
00c0a
0baa5
07b90
0e2a7
0fd84
056dc
002d8
08bb8
0cbf6
0a130
07438
08474
0aa60
00dd1
0795b
0e1c1
0b2e4
08f2f
010a8
0f6cd
003bb
0bfcb
0758a
06e8c
065be
0be66
0ce4a
06081
05f80
03de2
07ecf
0d06d
0c271
09b1b
015f6
08dab
00ef0
0f30e
0715c
0eacd
06b06
01c58
08cb7
02cba
0b418
000ab
0c5cc
06fd5
05a75
083df
00f02
0a0e2
034eb
0177e
04845
0d0b2
0b8d0
075fe
0e766
0dd1f
06975
06778
0952c
0ca04
0ef3f
08ff0
0daa5
0886f
0c9c6
0dd1f
0131e
07eca
06fd3
045e2
0f8ac
064a4
0f2f6
08766
03911
0abdd
04b13
01b7c
0913e
023be
01b53
02d75
00ad3
05bab
0fa7c
0df57
016ff
0f743
03868
0a7e2
03adf
0c892
0991a
08655
0ec47
0f398
0f04c
06784
06483
078dc
00b1f
0daae
02ca4
086f4
080d3
06e0f
0a492
0e4f5
0be0e
08a07
0f234
06bb6
0aecb
00bbd
0b018
05de9
0d1dd
0103b
05f17
0ef47
00ed8
0ce95
0f0d4
0ab11
0dd8c
0f0de
01ef4
0f636
02b9e
03d4f
051e1
05d5a
07a72
0cc5a
03090
06fd4
03836
04137
0600d
0fbe5
0ec66
081d1
0ba53
0985e
03474
06a09
07f36
0ff17
0d28c
0e44c
00499
0ab3f
005fe
0fa82
021dc
016f9
0cf15
0ba0b
03cfb
00f57
0dac9
088df
014e7
0fdee
01256
0e8fe
068f3
09a4f
0e1fa
089ad
0647e
00571
074bc
08234
0b3d9
0ecc4
06d17
0dd9f
0a839
091ca
003b4
09505
0864e
04233
0f55a
05e91
01d92
00510
060d7
03c41
0e743
07d5e
0c7a8
0833d
07dcc
02a58
0db25
0fc22
0a6b7
088b1
085ad
088c8
01552
0a182
06e64
00c43
06659
05f54
0113d
0ec1e
0be55
0df15
00299
0af3f
04f1c
0d8be
01bb1
03f96
0b924
05162
069d7
01355
042ba
0cded
0c31f
06444
07019
00aeb
0548c
07de4
0b768
0cc91
0b48b
0878b
001a5
07d59
00f07
0e15d
03c13
0b4d9
08ce4
01ec8
05c29
0ed02
06abd
053a2
00d2f
03c25
04abc
0b6ed
06e14
02fd4
0a718
0023d
00b42
0959c
0418c
066a5
02822
047b2
013f5
0c4de
040ac
01c66
09a16
03fb7
010a8
0799b
01ca0
0b174
0983a
09365
0e585
06f5e
0b7c3
0e30d
0f888
0e4e6
068bd
04cfc
08ab2
0a8b5
0a7a3
07931
035bf
0bfde
02b56
05049
0f8d7
04a69
06026
046b2
0df88
08c89
04354
0b5c7
0326a
0afc4
05e8c
0b984
0baf2
0ef1f
0d66d
02895
0ac4f
0ad49
01500
07cc3
01b76
03f74
0d8b0
0a81c
09b4e
0860a
0e82e
0c67e
034e5
0ad5a
007a0
0969d
0903e
03af2
0a692
00f97
045bf
082b7
09382
0d07f
094b9
01507
07982
0aa35
00db3
0e322
0d371
0b8e3
0b17e
0b460
06bb0
0bc8d
0aa4f
027d5
01fbe
044a9
04e1a
0e4ad
0e095
0a8d3
0999c
0e4e0
0e76f
0fe49
0fc7f
08b03
0be84
05c1e
0bd68
09157
03c25
0409c
06f03
0e50e
04bf9
093b0
07f23
0f70d
0f09b
013bb
008b7
0fca6
01fce
091ee
0a970
0ba76
09183
09eff
0d505
0ec76
087c1
03607
0df6c
0da4d
043e0
0651b
0ae8c
0d7f2
0fa27
03c1d
04ede
0a8e7
0ba60
07126
0afe0
00f4b
05667
0e69b
0dca2
0e4bc
086ea
00aa9
0c04f
09a2d
03f73
04f4a
04e5b
0fb4c
04b88
0f721
0cb6b
0b88c
0650a
02021
090e8
0bc52
039f2
06767
08d77
034d9
0fe2c
0194e
01c9c
0ad8f
090da
0baa4
0ac3b
07b37
0945f
0b4d5
0b617
0ac23
0ba20
0deca
05fea
03efd
0d911
06deb
06836
0befb
0f7a1
0d448
0d45b
01ba1
0b655
003fb
09a61
02eed
00f58
0d5b2
01a04
09660
066df
028ae
0f282
02d76
0bdb9
0a8c5
0f16e
0a461
0513d
02fdd
0e9e0
07688
07235
0c82d
0c476
017aa
07c32
0231b
0d728
01274
0b355
00c83
02d0d
0111b
0bcb3
0be5d
064d0
02814
02f88
0374f
0bd25
068c2
058af
01661
052d2
0cfd1
091f0
018d3
010e2
06135
07987
06f2c
0ddea
07c69
0ffe2
015cb
05eb0
0013f
078ef
0e524
056d0
02025
06c29
09824
09110
0e64b
032dc
0d30d
0e7d6
0dd53
0cef0
07f36
08bc2
0452d
0040b
07715
09913
02f77
05f06
09680
05f68
0cf3c
0deb3
0958e
0f622
08e62
04c3c
0d378
09d29
08cb4
00f5a
083eb
0ed1b
06364
05539
0fd64
0de41
0d01c
07aaf
0e27a
0a78e
02f93
0f2e0
0e323
09acd
08b95
05668
09f48
0c6be
0e448
02d37
09ca6
083b5
0c49e
06f38
0ab7f
07fa7
02f07
0a771
0a91a
0dfd3
0ce87
09f35
049d1
06458
08eec
0053d
04e21
0c1f9
005b0
0c004
0895a
0c6f6
0c7ec
0d62b
020b4
03e54
05d37
04738
04ab2
07c69
045d6
08857
0c475
0fb35
04655
05f19
01adb
073ff
0ef77
06a63
075f7
0f8d1
08a28
01b41
0c60b
020ee
06852
0d3cd
0fbdf
09a02
0a74f
0fdd5
07d3d
01a58
087ef
0a8ce
0a7dd
0c524
0a6ae
0e611
0cc7d
0be61
0ebb6
0c54f
00117
01bb4
0b482
0acb5
0225b
04376
0ca8b
0f53c
0d944
085b3
082ca
08726
06dfe
0d416
072c9
054ca
0ef0c
012a5
0bc3b
0d279
036f9
082be
0de68
0b5d3
062c1
080ab
081a2
05aea
015a9
01f76
0956b
04d46
02cf1
0dcd2
0e2da
08007
0e96d
03312
0bcc0
0464a
019f6
07fc6
0a6ce
02a67
02f74
0b1f8
00b1c
0ae3f
0d154
0bf85
033db
0788a
07295
0a219
0a396
0196d
02cd8
086b6
06004
05f0a
05f21
0f39b
0d8bc
0d24e
068dd
05f51
0fadd
01861
08eec
041f9
06a17
068ae
0310b
000cc
0cdee
014c3
027a3
0fb6c
01620
01389
0ba2d
04d5d
040fa
029bd
088d7
0b2fb
0eb12
09748
0d017
0b944
00ab7
0aae1
043f1
0f237
009b3
05c41
0b3e3
0dbc2
030fd
039e3
09471
06e5f
0a210
06331
016e9
09fcd
00331
0f7cc
0f551
0bb89
03f3b
07110
0148e
0db30
02753
0058c
04e68
047a5
037ac
0cd8b
0e95b
09333
0ada5
066ff
0eb78
03870
090a5
0e4de
07a79
04f5b
01663
0911c
07ddd
02a55
040a5
0e30e
09062
07f71
02c89
05bf6
0d3d9
0d997
0d28d
0b3e9
0cbd9
01622
059df
0717d
06709
0cdac
02c42
0d3e0
0b62b
0adf4
00b59
0d648
04a84
08047
0e849
0a6d7
0a9dc
0ad3f
04cb1
0d78b
0e9ef
04716
01bb8
07be1
0cf74
0f236
01d69
049b6
0e8cd
0a0cf
039b8
003f3
003f1
0b665
0df8d
0f990
01555
0da3f
00167
0a36f
0ecba
026eb
02459
05b0c
02a9d
02ec0
0c421
0e843
067bc
05c46
07b5a
0bade
06010
07592
07673
0088c
0bdbc
08b97
09052
0a3ac
029ee
0d653
0a964
0f237
01cb4
0e27d
097f6
0606e
04a62
0376f
07453
0106b
04bba
08af6
05a70
0cab9
087b6
0d314
0ab2d
0a96e
03882
00c91
0490d
011ac
09bf2
0233c
0212c
0a55f
09c0c
010c8
0a1d2
03272
0198c
07155
06177
091a1
0c85f
0bae4
07ee1
072d3
0d552
067fa
079ea
00355
0a1a4
0f6c7
0bc92
09af5
06313
0ee51
01b1a
0017b
09049
03d31
0cfad
086ef
07771
0e6d4
0e5df
010e6
04b1f
03118
0ecc2
0057d
08a03
0e1b5
01f7b
038fe
05e2c
0ae98
056d8
072ac
06ca1
0f0ff
02f60
0e5ed
0bf8b
0c2e8
03785
0e874
0c1d6
0e38e
0bffc
012d8
0b58e
03054
0fcb6
07937
07a5b
00fa1
0236c
01d4a
0b1bf
0b9e6
02afd
0c1c0
060df
07ea4
025b3
0f9eb
06c7b
0c067
09336
0ffc7
00e4c
083f1
09996
01619
0c57b
0b365
0978f
0b5bb
04c69
0ab08
067bf
0bcba
0ef25
00afc
0feb3
0c3af
0bcc2
0036f
0859c
0c8ae
05c1f
00652
0f01d
0a403
0d9cb
04b5e
05d54
0e67c
038a8
051fa
0d243
00d58
041e1
0c41b
02134
03e18
0df49
00a39
03c2e
00d82
070c8
0df3c
001a7
022d1
08e82
001c9
0226d
0ef48
01911
01915
06482
04599
0ffca
0cffb
0560f
00c59
0b07f
0ec75
0ee0c
0fb5d
0fdd4
01979
02b54
08e18
0eda4
044ac
0c57a
04246
0337c
035da
0abf4
0da85
0cd6e
09ca0
0de37
00e6c
0fb51
0e631
06791
0a2c8
0b95a
0c7db
03961
055a0
04c70
012e7
0b54c
03d81
068c8
0bc9e
0cd73
07af6
0eb4b
0908a
05973
0b412
016fb
018f0
0fdf2
0b6be
03630
0d94d
0ef17
08807
0d506
0f21d
060d6
0b9e9
03dc5
042ed
039db
0fae9
0fe47
08637
0e607
09076
0ff8d
0e6fa
07a3e
0bf64
0aa8b
09d21
06eac
0786b
0bee5
0c5f4
0f079
03f96
05ad9
0b38a
04a08
0127b
02917
06679
01f87
0c28a
08222
0da00
03f05
04c22
0c357
0fb57
0394f
02d97
0d728
060d8
06bf0
0bd37
07a5a
0133c
06cff
02711
07d9a
0f4ef
06ef9
01447
0a451
0c960
043e4
0f473
0bf71
076db
07889
0a8aa
0a9b8
05b1a
0d8d8
057e4
01b45
04581
08db4
0fb5f
081d5
0f5c9
03f6e
03a3b
05f62
050b6
0ce74
064d8
094ad
0bc9d
03e93
0e774
07625
05495
0414c
0465f
0712a
02a58
0e188
0eb90
0dced
0abd9
00422
07d14
08dc6
0e0f6
0bf3e
01c67
0a1ed
0a6bc
0f6f7
0fd69
0f70c
02862
0ead8
099ef
0685d
025f8
04046
09a3f
06c61
09a86
0a376
069ac
0b311
07eca
02729
0232d
0a92d
0fd6a
0b414
01035
0480c
0eb3a
050db
019af
08b18
011bc
0604e
0c2d5
0bf0e
0e6c3
0b465
0d5dd
05f76
0835e
064e7
06620
0336a
0d05a
0c150
0ebd5
00270
0a17f
0a626
0087c
0ccaa
08b67
074a6
08b90
08834
03659
01ef2
02289
00802
09984
04ab4
0f93b
0f2a8
08558
062ca
0b296
08e8b
04cee
03abe
000b7
036af
0245a
0d4d1
03a2c
06da2
04fad
07da7
0bd4a
0e587
0a454
06b97
09d05
027b6
03394
02da5
0a65f
0ffbc
0133e
06097
09960
0ea86
0bd26
0ca8e
01b3e
02f5d
0d2f6
09294
0529f
0c4c9
05fef
09a91
0ab2c
0a58c
09152
0d51b
05349
001a9
05b11
03f33
07606
0aef1
08056
0c75d
056d8
049c5
07ffa
091a8
00207
0fafa
02aae
0e3bf
07e03
09717
07549
08d69
0c514
0c41b
01fc6
0ae58
084b4
0f1cf
01963
019ed
0d590
019f8
07fea
0276b
01a5a
0e20b
0b706
0377a
0c849
06138
0acb2
04455
0262c
084ff
02bba
05ac9
0003b
05746
054b6
09506
036a0
0f9a7
0ad08
0cc78
0227e
0c414
0154d
0acc4
0df4b
08195
02bfa
0abea
08a24
03e62
0622c
06fc9
064e4
0de97
0c8bc
0b824
00650
047ec
0ae5b
0227a
0a850
0dcb8
0a394
03baf
0e0e4
032a3
0bf15
0f267
05743
01e7c
0a88c
05af8
09ba8
05b47
05722
02bd9
03b77
0348d
090f7
051ef
08a69
039ce
09494
03866
09188
00380
02b0d
06ecb
0b940
0cb25
0610e
03df3
091ab
05639
0d30a
0a494
04ec3
002ed
03dcd
05317
00fa1
03755
0e683
09a9b
015fe
04de6
01a70
09afe
09d4c
0df26
0c831
0ce76
0ba5c
09837
025f0
04b33
0ed3c
05f8c
03fce
07e9d
0c56b
0ea04
0a765
0341c
0d52a
09fd4
08bd5
03f5c
0a070
061fd
04c8f
03a34
00d06
030b1
0325e
061a1
01f8e
0a119
04658
06f7a
03466
0b7f6
0ce27
05776
078bd
09463
05db6
0805c
00655
04032
04b8b
080eb
0ca00
0592a
0c93f
0f406
029d1
07c42
050f2
00522
04764
0a053
07e69
0819b
0515e
07bc5
0d90a
0e1cc
01426
0e578
0f2bb
0c50d
00f2c
09f33
044ec
06553
0fcab
0da6c
0ca4f
0f085
09ad2
01a86
0ff98
0f93d
044a7
0266b
01455
0e5cb
0ad13
05b61
0958f
01a80
00a7a
07b71
06ff4
01253
0bda1
02565
0098f
0fc70
04a0e
0913b
0ec84
0466f
0b077
08d92
05d9e
0dd51
0b155
09424
02124
0dfad
06a2c
05b13
0f885
0de69
077c6
0a35c
05edd
07066
034f0
056a9
061a6
0c33d
06227
05533
0eb39
0da5b
00aed
0f4ca
01457
08c63
05c7d
076e9
0b45e
0e9c8
07643
0287c
0bc03
07874
0243c
0294a
0da4e
05fc9
02968
061e0
0a333
07fb7
09ffa
0ef66
01d32
0b13e
00380
0f045
001b0
0fdc1
0f57f
0bffa
00323
09856
090aa
0cc8b
06548
0b168
0e981
0c17a
0d511
0d446
04020
02431
079b1
005e1
0a694
0b780
0255a
083b0
08f17
0b7ce
08e49
057b6
05365
0bdd7
0aa66
0ac5c
0339e
0646d
060bb
011b3
0a7a1
02277
0b3b8
0969a
03149
0d3b2
06a95
0b572
0382f
032f1
00d44
0d24a
0feea
09e03
0af6c
036ea
075f6
0db97
07571
0cdc6
0b601
00506
0ab9c
00f95
080ed
02138
0fb83
07986
0fe45
048e3
04805
07979
08589
044c4
0d6f1
0f946
0eea7
0143e
065be
05850
06ed6
0395c
047a4
0290d
0e1f8
02052
075ca
0b4e4
09d4a
0e2e0
0a3eb
0472e
03d71
02426
0528c
0e1e9
0a264
0d8a2
07d03
0feff
06f56
02402
02ce4
09c93
06964
07a2a
035d6
00844
0ce35
052ee
07b41
01b90
0dd2d
0ab2d
084d2
00d7d
00db2
07841
030e8
00994
07ca6
0d5c0
0987e
0be94
02f73
0132a
016cc
0420a
022ac
04e5e
09bee
026cf
08172
00c27
02cab
0e53e
01751
044f9
08609
0d866
02017
0d966
0f0f0
0e427
06214
05e10
020e2
09027
0f4dc
00580
06b53
041b8
00a8c
08f69
0601b
09f6e
0fdbc
082f9
06d14
068ec
09d13
09c62
04269
0357d
01636
0d29d
0b8f2
021f7
01708
00aa7
096a5
0ca4a
000fe
0219b
00623
095a7
03896
06607
03e71
07804
0ac26
0bb97
0aafc
0e911
09b5f
0442d
0183a
0f1d8
04b21
0417c
076cb
0b6f5
0d8b5
0edb2
042cd
02b90
0fa6e
0c16b
0274c
0fe5e
0e86c
0fb72
0d8d7
0f3c6
0e03b
0bdfc
0208b
06f7b
0f5f4
0edef
02725
041f1
06d19
02b05
07248
0e9b6
0524c
0155c
08e33
0f3fe
0731c
013e2
08cc1
0b8f5
03bdb
0817d
0a35f
0aee3
0d1dc
02b42
0e998
0725a
08fa4
03a18
00fad
0ff4c
0ce33
09f96
01481
07ef6
036c1
0b217
0f80b
0a353
0a9b4
062aa
0364b
0a68c
07a12
0c858
047c9
010e1
0b930
08ecf
09c80
061e6
07898
05d8a
0e567
0298c
0a1e4
080d9
00feb
0d237
074af
0a0c6
0d748
0e984
00451
047d1
01bed
0efbf
0263f
0b5d1
064f9
0ead2
08ee6
05f2f
01c3f
0b156
0b7d4
0b24c
0ac53
07026
0a3a3
088b1
09098
01270
0e67d
0d38c
0e97d
0ef9b
05459
04556
03632
01004
013d0
0e93b
04798
004af
08df1
00b17
09ee6
0fd2d
022d7
03fe5
058fa
09710
0ce18
03617
0e31e
0bbef
0fbca
007ff
08f19
03086
00bc4
09f0a
0dae4
0d155
0f78a
029e4
0d63d
083a4
08bfd
04c41
0dde7
0408d
095ae
099ea
0fec0
01e5b
0847c
0d42f
0f0a6
02a11
03ade
00806
03c25
0ed26
0eeb1
0070e
0763c
07c00
05066
0a710
0ed2e
01811
0920e
09667
072c1
00eec
0ed5a
07d11
044ea
09dac
0c09e
0d8a6
0f73c
08342
01ea3
06d75
01d35
08585
07485
033c3
0ed96
0e276
04914
085b1
0ced1
0525a
09137
0ef29
00b6f
090a5
03e0f
035e7
0621f
01e4d
02fbd
0da1d
093aa
07d78
04594
07eb3
02adf
08750
0b6ec
0c206
0be40
0319c
03fd8
05504
0ed6c
0bc02
0294e
0f302
01d1d
00b0b
07dd0
08ade
07beb
0ebab
08aa7
06547
04f22
0b54c
0c33e
0f020
0978f
00e81
0a944
06b83
0c287
046b1
0a162
02ecd
04f46
06937
03f37
02565
0ac51
08402
037eb
02207
03a22
00dd5
04667
00e37
0c223
005ed
0fa44
03475
07ee5
0cdd4
06865
01b03
010eb
0b890
041d7
05a62
02699
09e5b
08791
053f1
0d900
0e01f
07d1a
0bb27
0667c
087f1
045ad
0a1c5
0d94d
03d66
03f54
0d197
037a3
0a016
09f46
08a4f
04888
0d380
02ba8
08ce8
0a8ad
0a111
06b57
0e08e
0a22a
04ef6
0cd8e
04127
0bccc
01ebb
03682
08a17
09f34
01013
05dae
0620c
04462
063c3
0b1d6
0bdaa
075c1
0b214
01ca7
0699a
0aaa0
057c1
00f7e
0ac10
00e58
0fdde
0a1de
01755
0fe80
02d12
0e6f1
06c73
0b8af
084bc
096e1
04355
0b75c
05c96
08f9d
0f25c
0fc14
0fa31
0f700
08197
0920f
08c04
0c7f2
08772
07d95
0115e
09cbb
0dab1
0908b
01b11
018fd
0de98
00475
0c5e7
0457c
0c7c4
09865
0de68
04076
0ea3a
0ba72
0bae2
06a70
0fe61
0ecde
074ab
0b409
0949c
0c27a
00a98
0338b
04788
03e18
00b55
08221
00c78
0ef81
05077
0b88e
081ae
0b55d
0656f
0dec0
01648
02f66
0de47
01ef2
071f2
0485d
08178
0effd
00fe9
0e176
04961
0cb55
045ab
0b89c
03553
0f42f
097e2
0670f
03fae
0c9da
01d11
06f6a
0436d
0be53
01e10
07657
09823
07e38
0846e
088ed
04f21
0eb7b
0b708
04f82
07c4f
0dad1
02e7e
0ffae
08779
0d40a
0866e
0ac18
09cd2
0b56c
0b544
0e9af
03b61
058ba
0e5b2
062d6
037e8
0fc6c
09367
04996
0e0ff
03683
07508
043f4
04a46
08f49
00c1e
052a3
06d32
06ad6
0c9cc
04239
0f39b
0c661
03468
0ec5f
0d13b
08a8f
00f90
08db5
014b3
08e6b
0c764
0ac36
0bbb0
032d7
0295a
053a5
0c16b
0767a
028ae
03edb
00825
0b34f
0035a
0458f
04334
052e9
01362
0f422
0957a
0ad51
0b688
056e3
04508
0e27c
0d70a
0fb11
0f689
08bba
05d78
0699d
06b9e
0a2fe
087ad
06f1d
0755e
0e9e2
06315
04431
0e184
06e90
0d622
05fcc
028dd
0b07e
03d48
01506
0061a
046a1
0c23a
000b9
0fabc
0e1cd
0548c
022ab
083d1
0632d
080b5
0c54e
0c3eb
0afc0
06ee3
0fe51
022f6
0b8ee
0b683
0f3eb
07f4b
03909
00d7d
