Copyright 1986-2022 Xilinx, Inc. All Rights Reserved.
-----------------------------------------------------------------------------------------------------------------------------------------------------------------------------------------------------------
| Tool Version : Vivado v.2022.2 (win64) Build 3671981 Fri Oct 14 05:00:03 MDT 2022
| Date         : Sun May 10 11:19:12 2026
| Host         : LAPTOP-54I1J1D9 running 64-bit major release  (build 9200)
| Command      : report_timing_summary -max_paths 10 -file {D:/Projects/Current projects/RE sem 6 (Mixed-Radix_NTT_Multiplication)/NTT Multiplication Algorithm/synth/results_r4_n256/01_synth_timing.rpt}
| Design       : ntt_top
| Device       : 7k160t-fbg484
| Speed File   : -2  PRODUCTION 1.12 2017-02-17
-----------------------------------------------------------------------------------------------------------------------------------------------------------------------------------------------------------

Timing Summary Report

------------------------------------------------------------------------------------------------
| Timer Settings
| --------------
------------------------------------------------------------------------------------------------

  Enable Multi Corner Analysis               :  Yes
  Enable Pessimism Removal                   :  Yes
  Pessimism Removal Resolution               :  Nearest Common Node
  Enable Input Delay Default Clock           :  No
  Enable Preset / Clear Arcs                 :  No
  Disable Flight Delays                      :  No
  Ignore I/O Paths                           :  No
  Timing Early Launch at Borrowing Latches   :  No
  Borrow Time for Max Delay Exceptions       :  Yes
  Merge Timing Exceptions                    :  Yes

  Corner  Analyze    Analyze    
  Name    Max Paths  Min Paths  
  ------  ---------  ---------  
  Slow    Yes        Yes        
  Fast    Yes        Yes        


------------------------------------------------------------------------------------------------
| Report Methodology
| ------------------
------------------------------------------------------------------------------------------------

No report available as report_methodology has not been run prior. Run report_methodology on the current design for the summary of methodology violations.



check_timing report

Table of Contents
-----------------
1. checking no_clock (0)
2. checking constant_clock (0)
3. checking pulse_width_clock (0)
4. checking unconstrained_internal_endpoints (0)
5. checking no_input_delay (36)
6. checking no_output_delay (18)
7. checking multiple_clock (0)
8. checking generated_clocks (0)
9. checking loops (0)
10. checking partial_input_delay (0)
11. checking partial_output_delay (0)
12. checking latch_loops (0)

1. checking no_clock (0)
------------------------
 There are 0 register/latch pins with no clock.


2. checking constant_clock (0)
------------------------------
 There are 0 register/latch pins with constant_clock.


3. checking pulse_width_clock (0)
---------------------------------
 There are 0 register/latch pins which need pulse_width check


4. checking unconstrained_internal_endpoints (0)
------------------------------------------------
 There are 0 pins that are not constrained for maximum delay.

 There are 0 pins that are not constrained for maximum delay due to constant clock.


5. checking no_input_delay (36)
-------------------------------
 There are 36 input ports with no input delay specified. (HIGH)

 There are 0 input ports with no input delay but user has a false path constraint.


6. checking no_output_delay (18)
--------------------------------
 There are 18 ports with no output delay specified. (HIGH)

 There are 0 ports with no output delay but user has a false path constraint

 There are 0 ports with no output delay but with a timing clock defined on it or propagating through it


7. checking multiple_clock (0)
------------------------------
 There are 0 register/latch pins with multiple clocks.


8. checking generated_clocks (0)
--------------------------------
 There are 0 generated clocks that are not connected to a clock source.


9. checking loops (0)
---------------------
 There are 0 combinational loops in the design.


10. checking partial_input_delay (0)
------------------------------------
 There are 0 input ports with partial input delay specified.


11. checking partial_output_delay (0)
-------------------------------------
 There are 0 ports with partial output delay specified.


12. checking latch_loops (0)
----------------------------
 There are 0 combinational latch loops in the design through latch input



------------------------------------------------------------------------------------------------
| Design Timing Summary
| ---------------------
------------------------------------------------------------------------------------------------

    WNS(ns)      TNS(ns)  TNS Failing Endpoints  TNS Total Endpoints      WHS(ns)      THS(ns)  THS Failing Endpoints  THS Total Endpoints     WPWS(ns)     TPWS(ns)  TPWS Failing Endpoints  TPWS Total Endpoints  
    -------      -------  ---------------------  -------------------      -------      -------  ---------------------  -------------------     --------     --------  ----------------------  --------------------  
    -19.905    -4717.946                   1266                 1529        0.066        0.000                      0                 1529        0.732        0.000                       0                   242  


Timing constraints are not met.


------------------------------------------------------------------------------------------------
| Clock Summary
| -------------
------------------------------------------------------------------------------------------------

Clock  Waveform(ns)         Period(ns)      Frequency(MHz)
-----  ------------         ----------      --------------
clk    {0.000 1.500}        3.000           333.333         


------------------------------------------------------------------------------------------------
| Intra Clock Table
| -----------------
------------------------------------------------------------------------------------------------

Clock             WNS(ns)      TNS(ns)  TNS Failing Endpoints  TNS Total Endpoints      WHS(ns)      THS(ns)  THS Failing Endpoints  THS Total Endpoints     WPWS(ns)     TPWS(ns)  TPWS Failing Endpoints  TPWS Total Endpoints  
-----             -------      -------  ---------------------  -------------------      -------      -------  ---------------------  -------------------     --------     --------  ----------------------  --------------------  
clk               -19.905    -4717.946                   1266                 1529        0.066        0.000                      0                 1529        0.732        0.000                       0                   242  


------------------------------------------------------------------------------------------------
| Inter Clock Table
| -----------------
------------------------------------------------------------------------------------------------

From Clock    To Clock          WNS(ns)      TNS(ns)  TNS Failing Endpoints  TNS Total Endpoints      WHS(ns)      THS(ns)  THS Failing Endpoints  THS Total Endpoints  
----------    --------          -------      -------  ---------------------  -------------------      -------      -------  ---------------------  -------------------  


------------------------------------------------------------------------------------------------
| Other Path Groups Table
| -----------------------
------------------------------------------------------------------------------------------------

Path Group    From Clock    To Clock          WNS(ns)      TNS(ns)  TNS Failing Endpoints  TNS Total Endpoints      WHS(ns)      THS(ns)  THS Failing Endpoints  THS Total Endpoints  
----------    ----------    --------          -------      -------  ---------------------  -------------------      -------      -------  ---------------------  -------------------  


------------------------------------------------------------------------------------------------
| Timing Details
| --------------
------------------------------------------------------------------------------------------------


---------------------------------------------------------------------------------------------------
From Clock:  clk
  To Clock:  clk

Setup :         1266  Failing Endpoints,  Worst Slack      -19.905ns,  Total Violation    -4717.946ns
Hold  :            0  Failing Endpoints,  Worst Slack        0.066ns,  Total Violation        0.000ns
PW    :            0  Failing Endpoints,  Worst Slack        0.732ns,  Total Violation        0.000ns
---------------------------------------------------------------------------------------------------


Max Delay Paths
--------------------------------------------------------------------------------------
Slack (VIOLATED) :        -19.905ns  (required time - arrival time)
  Source:                 u_ctrl/b_cnt_reg[0]/C
                            (rising edge-triggered cell FDCE clocked by clk  {rise@0.000ns fall@1.500ns period=3.000ns})
  Destination:            u_membanks/gen_banks[1].mem_reg_0_63_33_33/DP/I
                            (rising edge-triggered cell RAMD64E clocked by clk  {rise@0.000ns fall@1.500ns period=3.000ns})
  Path Group:             clk
  Path Type:              Setup (Max at Slow Process Corner)
  Requirement:            3.000ns  (clk rise@3.000ns - clk rise@0.000ns)
  Data Path Delay:        22.520ns  (logic 8.681ns (38.547%)  route 13.839ns (61.453%))
  Logic Levels:           48  (CARRY4=23 DSP48E1=1 LUT2=3 LUT3=2 LUT4=5 LUT5=3 LUT6=10 RAMD64E=1)
  Clock Path Skew:        -0.145ns (DCD - SCD + CPR)
    Destination Clock Delay (DCD):    1.613ns = ( 4.613 - 3.000 ) 
    Source Clock Delay      (SCD):    1.866ns
    Clock Pessimism Removal (CPR):    0.108ns
  Clock Uncertainty:      0.035ns  ((TSJ^2 + TIJ^2)^1/2 + DJ) / 2 + PE
    Total System Jitter     (TSJ):    0.071ns
    Total Input Jitter      (TIJ):    0.000ns
    Discrete Jitter          (DJ):    0.000ns
    Phase Error              (PE):    0.000ns

    Location             Delay type                Incr(ns)  Path(ns)    Netlist Resource(s)
  -------------------------------------------------------------------    -------------------
                         (clock clk rise edge)        0.000     0.000 r  
                                                      0.000     0.000 r  clk (IN)
                         net (fo=0)                   0.000     0.000    clk
                         IBUF (Prop_ibuf_I_O)         0.723     0.723 r  clk_IBUF_inst/O
                         net (fo=1, unplaced)         0.466     1.189    clk_IBUF
                         BUFG (Prop_bufg_I_O)         0.093     1.282 r  clk_IBUF_BUFG_inst/O
                         net (fo=241, unplaced)       0.584     1.866    u_ctrl/clk_IBUF_BUFG
                         FDCE                                         r  u_ctrl/b_cnt_reg[0]/C
  -------------------------------------------------------------------    -------------------
                         FDCE (Prop_fdce_C_Q)         0.233     2.099 r  u_ctrl/b_cnt_reg[0]/Q
                         net (fo=13, unplaced)        0.317     2.416    u_ctrl/b_cnt_reg_n_0_[0]
                         LUT2 (Prop_lut2_I0_O)        0.123     2.539 r  u_ctrl/product_i_61/O
                         net (fo=1, unplaced)         0.000     2.539    u_ctrl/product_i_61_n_0
                         CARRY4 (Prop_carry4_S[1]_O[2])
                                                      0.278     2.817 r  u_ctrl/product_i_49/O[2]
                         net (fo=2, unplaced)         0.281     3.098    u_ctrl/product_i_49_n_5
                         LUT3 (Prop_lut3_I2_O)        0.127     3.225 r  u_ctrl/product_i_52/O
                         net (fo=1, unplaced)         0.000     3.225    u_ctrl/product_i_52_n_0
                         CARRY4 (Prop_carry4_S[0]_O[0])
                                                      0.120     3.345 r  u_ctrl/product_i_40/O[0]
                         net (fo=2, unplaced)         0.507     3.852    u_ctrl/orig_addrs2[5]
                         CARRY4 (Prop_carry4_DI[3]_CO[3])
                                                      0.273     4.125 r  u_ctrl/product_i_37/CO[3]
                         net (fo=1, unplaced)         0.007     4.132    u_ctrl/product_i_37_n_0
                         CARRY4 (Prop_carry4_CI_O[0])
                                                      0.114     4.246 r  u_ctrl/product_i_38/O[0]
                         net (fo=12, unplaced)        0.712     4.958    u_ctrl/orig_addrs[6]
                         CARRY4 (Prop_carry4_S[2]_O[3])
                                                      0.295     5.253 r  u_ctrl/gen_banks[0].mem_reg_0_63_0_2_i_57/O[3]
                         net (fo=4, unplaced)         0.518     5.771    u_icon_addr/orig_addrs[17]
                         LUT6 (Prop_lut6_I5_O)        0.120     5.891 r  u_icon_addr/gen_banks[0].mem_reg_0_63_0_2_i_24/O
                         net (fo=2, unplaced)         0.281     6.172    u_ctrl/ntt_waddr[5]
                         LUT4 (Prop_lut4_I0_O)        0.043     6.215 r  u_ctrl/gen_banks[0].mem_reg_0_63_0_2_i_5/O
                         net (fo=34, unplaced)        0.343     6.558    u_membanks/gen_banks[0].mem_reg_0_63_0_2/ADDRC5
                         RAMD64E (Prop_ramd64e_RADR5_O)
                                                      0.043     6.601 r  u_membanks/gen_banks[0].mem_reg_0_63_0_2/RAMC/O
                         net (fo=9, unplaced)         0.783     7.384    u_icon_out/bank_dout[2]
                         LUT6 (Prop_lut6_I1_O)        0.043     7.427 r  u_icon_out/product_i_32__0/O
                         net (fo=5, unplaced)         0.525     7.952    gen_intt_n2d1[3].u_intt_n2d1/gen_bfly_pack[3].cur_l[2]
                         CARRY4 (Prop_carry4_DI[1]_CO[3])
                                                      0.253     8.205 r  gen_intt_n2d1[3].u_intt_n2d1/out0_carry/CO[3]
                         net (fo=1, unplaced)         0.007     8.212    gen_intt_n2d1[3].u_intt_n2d1/out0_carry_n_0
                         CARRY4 (Prop_carry4_CI_O[3])
                                                      0.157     8.369 f  gen_intt_n2d1[3].u_intt_n2d1/out0_carry__0/O[3]
                         net (fo=5, unplaced)         0.466     8.835    gen_intt_n2d1[3].u_intt_n2d1/out0_carry__0_n_4
                         LUT5 (Prop_lut5_I2_O)        0.120     8.955 f  gen_intt_n2d1[3].u_intt_n2d1/raw_sum_carry_i_13__0/O
                         net (fo=1, unplaced)         0.407     9.362    gen_intt_n2d1[3].u_intt_n2d1/raw_sum_carry_i_13__0_n_0
                         LUT4 (Prop_lut4_I3_O)        0.043     9.405 r  gen_intt_n2d1[3].u_intt_n2d1/raw_sum_carry_i_9__5/O
                         net (fo=52, unplaced)        0.353     9.758    gen_intt_n2d1[3].u_intt_n2d1/raw_sum_carry_i_13__0_0
                         LUT4 (Prop_lut4_I3_O)        0.043     9.801 r  gen_intt_n2d1[3].u_intt_n2d1/raw_sum_carry_i_7__7/O
                         net (fo=1, unplaced)         0.000     9.801    gen_r2intt_r4.u_r2intt/sub23/add_inst/raw_sum_carry__0_i_14__0_1[1]
                         CARRY4 (Prop_carry4_S[1]_CO[3])
                                                      0.256    10.057 r  gen_r2intt_r4.u_r2intt/sub23/add_inst/raw_sum_carry/CO[3]
                         net (fo=1, unplaced)         0.007    10.064    gen_r2intt_r4.u_r2intt/sub23/add_inst/raw_sum_carry_n_0
                         CARRY4 (Prop_carry4_CI_O[1])
                                                      0.173    10.237 r  gen_r2intt_r4.u_r2intt/sub23/add_inst/raw_sum_carry__0/O[1]
                         net (fo=1, unplaced)         0.386    10.623    gen_r2intt_r4.u_r2intt/sub23/add_inst/raw_sum_carry__0_n_6
                         CARRY4 (Prop_carry4_S[1]_CO[3])
                                                      0.381    11.004 r  gen_r2intt_r4.u_r2intt/sub23/add_inst/raw_sum_carry__1_i_14__1/CO[3]
                         net (fo=1, unplaced)         0.000    11.004    gen_r2intt_r4.u_r2intt/sub23/add_inst/raw_sum_carry__1_i_14__1_n_0
                         CARRY4 (Prop_carry4_CI_O[3])
                                                      0.157    11.161 r  gen_r2intt_r4.u_r2intt/sub23/add_inst/raw_sum_carry_i_22__3/O[3]
                         net (fo=1, unplaced)         0.494    11.655    gen_intt_n2d1[3].u_intt_n2d1/raw_sum_carry_i_2__2[3]
                         LUT6 (Prop_lut6_I3_O)        0.120    11.775 r  gen_intt_n2d1[3].u_intt_n2d1/raw_sum_carry_i_13__6/O
                         net (fo=8, unplaced)         0.445    12.220    gen_intt_n2d1[3].u_intt_n2d1/raw_sum_carry_i_9__5_6
                         LUT4 (Prop_lut4_I1_O)        0.043    12.263 r  gen_intt_n2d1[3].u_intt_n2d1/raw_sum_carry_i_25__2/O
                         net (fo=1, unplaced)         0.407    12.670    gen_intt_n2d1[3].u_intt_n2d1/raw_sum_carry_i_25__2_n_0
                         LUT6 (Prop_lut6_I1_O)        0.043    12.713 r  gen_intt_n2d1[3].u_intt_n2d1/raw_sum_carry_i_14/O
                         net (fo=76, unplaced)        0.363    13.076    gen_intt_n2d1[3].u_intt_n2d1/raw_sum_carry_i_27__1_0
                         LUT3 (Prop_lut3_I2_O)        0.043    13.119 r  gen_intt_n2d1[3].u_intt_n2d1/raw_sum_carry_i_7__4/O
                         net (fo=1, unplaced)         0.000    13.119    gen_r2intt_r4.u_r2intt/add13/out0_carry_i_7__4_0[1]
                         CARRY4 (Prop_carry4_S[1]_CO[3])
                                                      0.256    13.375 r  gen_r2intt_r4.u_r2intt/add13/raw_sum_carry/CO[3]
                         net (fo=1, unplaced)         0.007    13.382    gen_r2intt_r4.u_r2intt/add13/raw_sum_carry_n_0
                         CARRY4 (Prop_carry4_CI_CO[3])
                                                      0.054    13.436 r  gen_r2intt_r4.u_r2intt/add13/raw_sum_carry__0/CO[3]
                         net (fo=1, unplaced)         0.000    13.436    gen_r2intt_r4.u_r2intt/add13/raw_sum_carry__0_n_0
                         CARRY4 (Prop_carry4_CI_CO[3])
                                                      0.054    13.490 r  gen_r2intt_r4.u_r2intt/add13/raw_sum_carry__1/CO[3]
                         net (fo=1, unplaced)         0.000    13.490    gen_r2intt_r4.u_r2intt/add13/raw_sum_carry__1_n_0
                         CARRY4 (Prop_carry4_CI_CO[3])
                                                      0.054    13.544 r  gen_r2intt_r4.u_r2intt/add13/raw_sum_carry__2/CO[3]
                         net (fo=1, unplaced)         0.000    13.544    gen_r2intt_r4.u_r2intt/add13/raw_sum_carry__2_n_0
                         CARRY4 (Prop_carry4_CI_O[0])
                                                      0.114    13.658 r  gen_r2intt_r4.u_r2intt/add13/raw_sum_carry__3/O[0]
                         net (fo=1, unplaced)         0.191    13.849    gen_r2intt_r4.u_r2intt/add13/raw_sum_carry__3_n_7
                         LUT2 (Prop_lut2_I1_O)        0.123    13.972 r  gen_r2intt_r4.u_r2intt/add13/out0_carry_i_13__5/O
                         net (fo=1, unplaced)         0.000    13.972    gen_r2intt_r4.u_r2intt/add13/out0_carry_i_13__5_n_0
                         CARRY4 (Prop_carry4_S[0]_O[3])
                                                      0.292    14.264 r  gen_r2intt_r4.u_r2intt/add13/out0_carry_i_7__4/O[3]
                         net (fo=2, unplaced)         0.505    14.769    gen_intt_n2d1[3].u_intt_n2d1/out0_carry_6[3]
                         LUT6 (Prop_lut6_I3_O)        0.120    14.889 r  gen_intt_n2d1[3].u_intt_n2d1/out0_carry__2_i_17__1/O
                         net (fo=2, unplaced)         0.418    15.307    gen_intt_n2d1[3].u_intt_n2d1/gen_r2intt_r4.r2intt_out1[2]
                         LUT4 (Prop_lut4_I2_O)        0.043    15.350 r  gen_intt_n2d1[3].u_intt_n2d1/out0_carry__2_i_7__2/O
                         net (fo=4, unplaced)         0.766    16.116    gen_intt_n2d1[3].u_intt_n2d1/out0_carry__2_i_7__2_n_0
                         LUT6 (Prop_lut6_I2_O)        0.043    16.159 r  gen_intt_n2d1[3].u_intt_n2d1/product_i_19__0/O
                         net (fo=17, unplaced)        0.463    16.622    gen_intt_n2d1[3].u_intt_n2d1/product_i_19__0_n_0
                         LUT6 (Prop_lut6_I2_O)        0.043    16.665 r  gen_intt_n2d1[3].u_intt_n2d1/product_i_1__4/O
                         net (fo=1, unplaced)         0.466    17.131    gen_modmul_intt[1].u_mm_intt/product_4[16]
                         DSP48E1 (Prop_dsp48e1_A[16]_P[1])
                                                      2.737    19.868 r  gen_modmul_intt[1].u_mm_intt/product/P[1]
                         net (fo=1, unplaced)         0.466    20.333    gen_modmul_intt[1].u_mm_intt/product_n_104
                         LUT2 (Prop_lut2_I1_O)        0.043    20.376 r  gen_modmul_intt[1].u_mm_intt/gen_banks[0].mem_reg_0_63_0_2_i_202/O
                         net (fo=1, unplaced)         0.000    20.376    gen_modmul_intt[1].u_mm_intt/gen_banks[0].mem_reg_0_63_0_2_i_202_n_0
                         CARRY4 (Prop_carry4_S[1]_CO[3])
                                                      0.256    20.632 r  gen_modmul_intt[1].u_mm_intt/gen_banks[0].mem_reg_0_63_0_2_i_104/CO[3]
                         net (fo=1, unplaced)         0.007    20.639    gen_modmul_intt[1].u_mm_intt/gen_banks[0].mem_reg_0_63_0_2_i_104_n_0
                         CARRY4 (Prop_carry4_CI_CO[3])
                                                      0.054    20.693 r  gen_modmul_intt[1].u_mm_intt/gen_banks[0].mem_reg_0_63_3_5_i_74/CO[3]
                         net (fo=1, unplaced)         0.000    20.693    gen_modmul_intt[1].u_mm_intt/gen_banks[0].mem_reg_0_63_3_5_i_74_n_0
                         CARRY4 (Prop_carry4_CI_CO[3])
                                                      0.054    20.747 r  gen_modmul_intt[1].u_mm_intt/gen_banks[0].mem_reg_0_63_6_8_i_70/CO[3]
                         net (fo=1, unplaced)         0.000    20.747    gen_modmul_intt[1].u_mm_intt/gen_banks[0].mem_reg_0_63_6_8_i_70_n_0
                         CARRY4 (Prop_carry4_CI_CO[3])
                                                      0.054    20.801 r  gen_modmul_intt[1].u_mm_intt/gen_banks[0].mem_reg_0_63_12_14_i_74/CO[3]
                         net (fo=1, unplaced)         0.000    20.801    gen_modmul_intt[1].u_mm_intt/gen_banks[0].mem_reg_0_63_12_14_i_74_n_0
                         CARRY4 (Prop_carry4_CI_O[0])
                                                      0.114    20.915 r  gen_modmul_intt[1].u_mm_intt/gen_banks[0].mem_reg_0_63_0_2_i_204/O[0]
                         net (fo=3, unplaced)         0.686    21.601    gen_modmul_intt[1].u_mm_intt/product_3[0]
                         CARRY4 (Prop_carry4_S[3]_O[3])
                                                      0.237    21.838 r  gen_modmul_intt[1].u_mm_intt/gen_banks[0].mem_reg_0_63_12_14_i_105/O[3]
                         net (fo=1, unplaced)         0.494    22.332    u_ctrl/reduced0_5[15]
                         LUT5 (Prop_lut5_I4_O)        0.120    22.452 r  u_ctrl/gen_banks[0].mem_reg_0_63_15_17_i_44/O
                         net (fo=1, unplaced)         0.270    22.722    u_ctrl/gen_banks[0].mem_reg_0_63_15_17_i_44_n_0
                         LUT5 (Prop_lut5_I4_O)        0.043    22.765 r  u_ctrl/gen_banks[0].mem_reg_0_63_15_17_i_35/O
                         net (fo=1, unplaced)         0.742    23.507    gen_ntod1[1].u_nd1/gen_banks[1].mem_reg_0_63_33_33_i_3_1
                         LUT6 (Prop_lut6_I0_O)        0.043    23.550 r  gen_ntod1[1].u_nd1/gen_banks[0].mem_reg_0_63_15_17_i_18/O
                         net (fo=4, unplaced)         0.294    23.844    u_icon_in/gen_bfly_pack[1].rw[16]
                         LUT6 (Prop_lut6_I5_O)        0.043    23.887 r  u_icon_in/gen_banks[1].mem_reg_0_63_33_33_i_3/O
                         net (fo=2, unplaced)         0.253    24.140    u_ctrl/gen_banks[3].mem_reg_0_63_33_33_0
                         LUT6 (Prop_lut6_I4_O)        0.043    24.183 r  u_ctrl/gen_banks[1].mem_reg_0_63_33_33_i_1/O
                         net (fo=2, unplaced)         0.203    24.386    u_membanks/gen_banks[1].mem_reg_0_63_33_33/D
                         RAMD64E                                      r  u_membanks/gen_banks[1].mem_reg_0_63_33_33/DP/I
  -------------------------------------------------------------------    -------------------

                         (clock clk rise edge)        3.000     3.000 r  
                                                      0.000     3.000 r  clk (IN)
                         net (fo=0)                   0.000     3.000    clk
                         IBUF (Prop_ibuf_I_O)         0.649     3.649 r  clk_IBUF_inst/O
                         net (fo=1, unplaced)         0.442     4.091    clk_IBUF
                         BUFG (Prop_bufg_I_O)         0.083     4.174 r  clk_IBUF_BUFG_inst/O
                         net (fo=241, unplaced)       0.439     4.613    u_membanks/gen_banks[1].mem_reg_0_63_33_33/WCLK
                         RAMD64E                                      r  u_membanks/gen_banks[1].mem_reg_0_63_33_33/DP/CLK
                         clock pessimism              0.108     4.721    
                         clock uncertainty           -0.035     4.686    
                         RAMD64E (Setup_ramd64e_CLK_I)
                                                     -0.204     4.482    u_membanks/gen_banks[1].mem_reg_0_63_33_33/DP
  -------------------------------------------------------------------
                         required time                          4.482    
                         arrival time                         -24.386    
  -------------------------------------------------------------------
                         slack                                -19.905    

Slack (VIOLATED) :        -19.905ns  (required time - arrival time)
  Source:                 u_ctrl/b_cnt_reg[0]/C
                            (rising edge-triggered cell FDCE clocked by clk  {rise@0.000ns fall@1.500ns period=3.000ns})
  Destination:            u_membanks/gen_banks[3].mem_reg_0_63_33_33/DP/I
                            (rising edge-triggered cell RAMD64E clocked by clk  {rise@0.000ns fall@1.500ns period=3.000ns})
  Path Group:             clk
  Path Type:              Setup (Max at Slow Process Corner)
  Requirement:            3.000ns  (clk rise@3.000ns - clk rise@0.000ns)
  Data Path Delay:        22.520ns  (logic 8.681ns (38.547%)  route 13.839ns (61.453%))
  Logic Levels:           48  (CARRY4=23 DSP48E1=1 LUT2=3 LUT3=2 LUT4=5 LUT5=3 LUT6=10 RAMD64E=1)
  Clock Path Skew:        -0.145ns (DCD - SCD + CPR)
    Destination Clock Delay (DCD):    1.613ns = ( 4.613 - 3.000 ) 
    Source Clock Delay      (SCD):    1.866ns
    Clock Pessimism Removal (CPR):    0.108ns
  Clock Uncertainty:      0.035ns  ((TSJ^2 + TIJ^2)^1/2 + DJ) / 2 + PE
    Total System Jitter     (TSJ):    0.071ns
    Total Input Jitter      (TIJ):    0.000ns
    Discrete Jitter          (DJ):    0.000ns
    Phase Error              (PE):    0.000ns

    Location             Delay type                Incr(ns)  Path(ns)    Netlist Resource(s)
  -------------------------------------------------------------------    -------------------
                         (clock clk rise edge)        0.000     0.000 r  
                                                      0.000     0.000 r  clk (IN)
                         net (fo=0)                   0.000     0.000    clk
                         IBUF (Prop_ibuf_I_O)         0.723     0.723 r  clk_IBUF_inst/O
                         net (fo=1, unplaced)         0.466     1.189    clk_IBUF
                         BUFG (Prop_bufg_I_O)         0.093     1.282 r  clk_IBUF_BUFG_inst/O
                         net (fo=241, unplaced)       0.584     1.866    u_ctrl/clk_IBUF_BUFG
                         FDCE                                         r  u_ctrl/b_cnt_reg[0]/C
  -------------------------------------------------------------------    -------------------
                         FDCE (Prop_fdce_C_Q)         0.233     2.099 r  u_ctrl/b_cnt_reg[0]/Q
                         net (fo=13, unplaced)        0.317     2.416    u_ctrl/b_cnt_reg_n_0_[0]
                         LUT2 (Prop_lut2_I0_O)        0.123     2.539 r  u_ctrl/product_i_61/O
                         net (fo=1, unplaced)         0.000     2.539    u_ctrl/product_i_61_n_0
                         CARRY4 (Prop_carry4_S[1]_O[2])
                                                      0.278     2.817 r  u_ctrl/product_i_49/O[2]
                         net (fo=2, unplaced)         0.281     3.098    u_ctrl/product_i_49_n_5
                         LUT3 (Prop_lut3_I2_O)        0.127     3.225 r  u_ctrl/product_i_52/O
                         net (fo=1, unplaced)         0.000     3.225    u_ctrl/product_i_52_n_0
                         CARRY4 (Prop_carry4_S[0]_O[0])
                                                      0.120     3.345 r  u_ctrl/product_i_40/O[0]
                         net (fo=2, unplaced)         0.507     3.852    u_ctrl/orig_addrs2[5]
                         CARRY4 (Prop_carry4_DI[3]_CO[3])
                                                      0.273     4.125 r  u_ctrl/product_i_37/CO[3]
                         net (fo=1, unplaced)         0.007     4.132    u_ctrl/product_i_37_n_0
                         CARRY4 (Prop_carry4_CI_O[0])
                                                      0.114     4.246 r  u_ctrl/product_i_38/O[0]
                         net (fo=12, unplaced)        0.712     4.958    u_ctrl/orig_addrs[6]
                         CARRY4 (Prop_carry4_S[2]_O[3])
                                                      0.295     5.253 r  u_ctrl/gen_banks[0].mem_reg_0_63_0_2_i_57/O[3]
                         net (fo=4, unplaced)         0.518     5.771    u_icon_addr/orig_addrs[17]
                         LUT6 (Prop_lut6_I5_O)        0.120     5.891 r  u_icon_addr/gen_banks[0].mem_reg_0_63_0_2_i_24/O
                         net (fo=2, unplaced)         0.281     6.172    u_ctrl/ntt_waddr[5]
                         LUT4 (Prop_lut4_I0_O)        0.043     6.215 r  u_ctrl/gen_banks[0].mem_reg_0_63_0_2_i_5/O
                         net (fo=34, unplaced)        0.343     6.558    u_membanks/gen_banks[0].mem_reg_0_63_0_2/ADDRC5
                         RAMD64E (Prop_ramd64e_RADR5_O)
                                                      0.043     6.601 r  u_membanks/gen_banks[0].mem_reg_0_63_0_2/RAMC/O
                         net (fo=9, unplaced)         0.783     7.384    u_icon_out/bank_dout[2]
                         LUT6 (Prop_lut6_I1_O)        0.043     7.427 r  u_icon_out/product_i_32__0/O
                         net (fo=5, unplaced)         0.525     7.952    gen_intt_n2d1[3].u_intt_n2d1/gen_bfly_pack[3].cur_l[2]
                         CARRY4 (Prop_carry4_DI[1]_CO[3])
                                                      0.253     8.205 r  gen_intt_n2d1[3].u_intt_n2d1/out0_carry/CO[3]
                         net (fo=1, unplaced)         0.007     8.212    gen_intt_n2d1[3].u_intt_n2d1/out0_carry_n_0
                         CARRY4 (Prop_carry4_CI_O[3])
                                                      0.157     8.369 f  gen_intt_n2d1[3].u_intt_n2d1/out0_carry__0/O[3]
                         net (fo=5, unplaced)         0.466     8.835    gen_intt_n2d1[3].u_intt_n2d1/out0_carry__0_n_4
                         LUT5 (Prop_lut5_I2_O)        0.120     8.955 f  gen_intt_n2d1[3].u_intt_n2d1/raw_sum_carry_i_13__0/O
                         net (fo=1, unplaced)         0.407     9.362    gen_intt_n2d1[3].u_intt_n2d1/raw_sum_carry_i_13__0_n_0
                         LUT4 (Prop_lut4_I3_O)        0.043     9.405 r  gen_intt_n2d1[3].u_intt_n2d1/raw_sum_carry_i_9__5/O
                         net (fo=52, unplaced)        0.353     9.758    gen_intt_n2d1[3].u_intt_n2d1/raw_sum_carry_i_13__0_0
                         LUT4 (Prop_lut4_I3_O)        0.043     9.801 r  gen_intt_n2d1[3].u_intt_n2d1/raw_sum_carry_i_7__7/O
                         net (fo=1, unplaced)         0.000     9.801    gen_r2intt_r4.u_r2intt/sub23/add_inst/raw_sum_carry__0_i_14__0_1[1]
                         CARRY4 (Prop_carry4_S[1]_CO[3])
                                                      0.256    10.057 r  gen_r2intt_r4.u_r2intt/sub23/add_inst/raw_sum_carry/CO[3]
                         net (fo=1, unplaced)         0.007    10.064    gen_r2intt_r4.u_r2intt/sub23/add_inst/raw_sum_carry_n_0
                         CARRY4 (Prop_carry4_CI_O[1])
                                                      0.173    10.237 r  gen_r2intt_r4.u_r2intt/sub23/add_inst/raw_sum_carry__0/O[1]
                         net (fo=1, unplaced)         0.386    10.623    gen_r2intt_r4.u_r2intt/sub23/add_inst/raw_sum_carry__0_n_6
                         CARRY4 (Prop_carry4_S[1]_CO[3])
                                                      0.381    11.004 r  gen_r2intt_r4.u_r2intt/sub23/add_inst/raw_sum_carry__1_i_14__1/CO[3]
                         net (fo=1, unplaced)         0.000    11.004    gen_r2intt_r4.u_r2intt/sub23/add_inst/raw_sum_carry__1_i_14__1_n_0
                         CARRY4 (Prop_carry4_CI_O[3])
                                                      0.157    11.161 r  gen_r2intt_r4.u_r2intt/sub23/add_inst/raw_sum_carry_i_22__3/O[3]
                         net (fo=1, unplaced)         0.494    11.655    gen_intt_n2d1[3].u_intt_n2d1/raw_sum_carry_i_2__2[3]
                         LUT6 (Prop_lut6_I3_O)        0.120    11.775 r  gen_intt_n2d1[3].u_intt_n2d1/raw_sum_carry_i_13__6/O
                         net (fo=8, unplaced)         0.445    12.220    gen_intt_n2d1[3].u_intt_n2d1/raw_sum_carry_i_9__5_6
                         LUT4 (Prop_lut4_I1_O)        0.043    12.263 r  gen_intt_n2d1[3].u_intt_n2d1/raw_sum_carry_i_25__2/O
                         net (fo=1, unplaced)         0.407    12.670    gen_intt_n2d1[3].u_intt_n2d1/raw_sum_carry_i_25__2_n_0
                         LUT6 (Prop_lut6_I1_O)        0.043    12.713 r  gen_intt_n2d1[3].u_intt_n2d1/raw_sum_carry_i_14/O
                         net (fo=76, unplaced)        0.363    13.076    gen_intt_n2d1[3].u_intt_n2d1/raw_sum_carry_i_27__1_0
                         LUT3 (Prop_lut3_I2_O)        0.043    13.119 r  gen_intt_n2d1[3].u_intt_n2d1/raw_sum_carry_i_7__4/O
                         net (fo=1, unplaced)         0.000    13.119    gen_r2intt_r4.u_r2intt/add13/out0_carry_i_7__4_0[1]
                         CARRY4 (Prop_carry4_S[1]_CO[3])
                                                      0.256    13.375 r  gen_r2intt_r4.u_r2intt/add13/raw_sum_carry/CO[3]
                         net (fo=1, unplaced)         0.007    13.382    gen_r2intt_r4.u_r2intt/add13/raw_sum_carry_n_0
                         CARRY4 (Prop_carry4_CI_CO[3])
                                                      0.054    13.436 r  gen_r2intt_r4.u_r2intt/add13/raw_sum_carry__0/CO[3]
                         net (fo=1, unplaced)         0.000    13.436    gen_r2intt_r4.u_r2intt/add13/raw_sum_carry__0_n_0
                         CARRY4 (Prop_carry4_CI_CO[3])
                                                      0.054    13.490 r  gen_r2intt_r4.u_r2intt/add13/raw_sum_carry__1/CO[3]
                         net (fo=1, unplaced)         0.000    13.490    gen_r2intt_r4.u_r2intt/add13/raw_sum_carry__1_n_0
                         CARRY4 (Prop_carry4_CI_CO[3])
                                                      0.054    13.544 r  gen_r2intt_r4.u_r2intt/add13/raw_sum_carry__2/CO[3]
                         net (fo=1, unplaced)         0.000    13.544    gen_r2intt_r4.u_r2intt/add13/raw_sum_carry__2_n_0
                         CARRY4 (Prop_carry4_CI_O[0])
                                                      0.114    13.658 r  gen_r2intt_r4.u_r2intt/add13/raw_sum_carry__3/O[0]
                         net (fo=1, unplaced)         0.191    13.849    gen_r2intt_r4.u_r2intt/add13/raw_sum_carry__3_n_7
                         LUT2 (Prop_lut2_I1_O)        0.123    13.972 r  gen_r2intt_r4.u_r2intt/add13/out0_carry_i_13__5/O
                         net (fo=1, unplaced)         0.000    13.972    gen_r2intt_r4.u_r2intt/add13/out0_carry_i_13__5_n_0
                         CARRY4 (Prop_carry4_S[0]_O[3])
                                                      0.292    14.264 r  gen_r2intt_r4.u_r2intt/add13/out0_carry_i_7__4/O[3]
                         net (fo=2, unplaced)         0.505    14.769    gen_intt_n2d1[3].u_intt_n2d1/out0_carry_6[3]
                         LUT6 (Prop_lut6_I3_O)        0.120    14.889 r  gen_intt_n2d1[3].u_intt_n2d1/out0_carry__2_i_17__1/O
                         net (fo=2, unplaced)         0.418    15.307    gen_intt_n2d1[3].u_intt_n2d1/gen_r2intt_r4.r2intt_out1[2]
                         LUT4 (Prop_lut4_I2_O)        0.043    15.350 r  gen_intt_n2d1[3].u_intt_n2d1/out0_carry__2_i_7__2/O
                         net (fo=4, unplaced)         0.766    16.116    gen_intt_n2d1[3].u_intt_n2d1/out0_carry__2_i_7__2_n_0
                         LUT6 (Prop_lut6_I2_O)        0.043    16.159 r  gen_intt_n2d1[3].u_intt_n2d1/product_i_19__0/O
                         net (fo=17, unplaced)        0.463    16.622    gen_intt_n2d1[3].u_intt_n2d1/product_i_19__0_n_0
                         LUT6 (Prop_lut6_I2_O)        0.043    16.665 r  gen_intt_n2d1[3].u_intt_n2d1/product_i_1__4/O
                         net (fo=1, unplaced)         0.466    17.131    gen_modmul_intt[1].u_mm_intt/product_4[16]
                         DSP48E1 (Prop_dsp48e1_A[16]_P[1])
                                                      2.737    19.868 r  gen_modmul_intt[1].u_mm_intt/product/P[1]
                         net (fo=1, unplaced)         0.466    20.333    gen_modmul_intt[1].u_mm_intt/product_n_104
                         LUT2 (Prop_lut2_I1_O)        0.043    20.376 r  gen_modmul_intt[1].u_mm_intt/gen_banks[0].mem_reg_0_63_0_2_i_202/O
                         net (fo=1, unplaced)         0.000    20.376    gen_modmul_intt[1].u_mm_intt/gen_banks[0].mem_reg_0_63_0_2_i_202_n_0
                         CARRY4 (Prop_carry4_S[1]_CO[3])
                                                      0.256    20.632 r  gen_modmul_intt[1].u_mm_intt/gen_banks[0].mem_reg_0_63_0_2_i_104/CO[3]
                         net (fo=1, unplaced)         0.007    20.639    gen_modmul_intt[1].u_mm_intt/gen_banks[0].mem_reg_0_63_0_2_i_104_n_0
                         CARRY4 (Prop_carry4_CI_CO[3])
                                                      0.054    20.693 r  gen_modmul_intt[1].u_mm_intt/gen_banks[0].mem_reg_0_63_3_5_i_74/CO[3]
                         net (fo=1, unplaced)         0.000    20.693    gen_modmul_intt[1].u_mm_intt/gen_banks[0].mem_reg_0_63_3_5_i_74_n_0
                         CARRY4 (Prop_carry4_CI_CO[3])
                                                      0.054    20.747 r  gen_modmul_intt[1].u_mm_intt/gen_banks[0].mem_reg_0_63_6_8_i_70/CO[3]
                         net (fo=1, unplaced)         0.000    20.747    gen_modmul_intt[1].u_mm_intt/gen_banks[0].mem_reg_0_63_6_8_i_70_n_0
                         CARRY4 (Prop_carry4_CI_CO[3])
                                                      0.054    20.801 r  gen_modmul_intt[1].u_mm_intt/gen_banks[0].mem_reg_0_63_12_14_i_74/CO[3]
                         net (fo=1, unplaced)         0.000    20.801    gen_modmul_intt[1].u_mm_intt/gen_banks[0].mem_reg_0_63_12_14_i_74_n_0
                         CARRY4 (Prop_carry4_CI_O[0])
                                                      0.114    20.915 r  gen_modmul_intt[1].u_mm_intt/gen_banks[0].mem_reg_0_63_0_2_i_204/O[0]
                         net (fo=3, unplaced)         0.686    21.601    gen_modmul_intt[1].u_mm_intt/product_3[0]
                         CARRY4 (Prop_carry4_S[3]_O[3])
                                                      0.237    21.838 r  gen_modmul_intt[1].u_mm_intt/gen_banks[0].mem_reg_0_63_12_14_i_105/O[3]
                         net (fo=1, unplaced)         0.494    22.332    u_ctrl/reduced0_5[15]
                         LUT5 (Prop_lut5_I4_O)        0.120    22.452 r  u_ctrl/gen_banks[0].mem_reg_0_63_15_17_i_44/O
                         net (fo=1, unplaced)         0.270    22.722    u_ctrl/gen_banks[0].mem_reg_0_63_15_17_i_44_n_0
                         LUT5 (Prop_lut5_I4_O)        0.043    22.765 r  u_ctrl/gen_banks[0].mem_reg_0_63_15_17_i_35/O
                         net (fo=1, unplaced)         0.742    23.507    gen_ntod1[1].u_nd1/gen_banks[1].mem_reg_0_63_33_33_i_3_1
                         LUT6 (Prop_lut6_I0_O)        0.043    23.550 r  gen_ntod1[1].u_nd1/gen_banks[0].mem_reg_0_63_15_17_i_18/O
                         net (fo=4, unplaced)         0.294    23.844    u_icon_in/gen_bfly_pack[1].rw[16]
                         LUT6 (Prop_lut6_I5_O)        0.043    23.887 r  u_icon_in/gen_banks[1].mem_reg_0_63_33_33_i_3/O
                         net (fo=2, unplaced)         0.253    24.140    u_ctrl/gen_banks[3].mem_reg_0_63_33_33_0
                         LUT6 (Prop_lut6_I2_O)        0.043    24.183 r  u_ctrl/gen_banks[3].mem_reg_0_63_33_33_i_1/O
                         net (fo=2, unplaced)         0.203    24.386    u_membanks/gen_banks[3].mem_reg_0_63_33_33/D
                         RAMD64E                                      r  u_membanks/gen_banks[3].mem_reg_0_63_33_33/DP/I
  -------------------------------------------------------------------    -------------------

                         (clock clk rise edge)        3.000     3.000 r  
                                                      0.000     3.000 r  clk (IN)
                         net (fo=0)                   0.000     3.000    clk
                         IBUF (Prop_ibuf_I_O)         0.649     3.649 r  clk_IBUF_inst/O
                         net (fo=1, unplaced)         0.442     4.091    clk_IBUF
                         BUFG (Prop_bufg_I_O)         0.083     4.174 r  clk_IBUF_BUFG_inst/O
                         net (fo=241, unplaced)       0.439     4.613    u_membanks/gen_banks[3].mem_reg_0_63_33_33/WCLK
                         RAMD64E                                      r  u_membanks/gen_banks[3].mem_reg_0_63_33_33/DP/CLK
                         clock pessimism              0.108     4.721    
                         clock uncertainty           -0.035     4.686    
                         RAMD64E (Setup_ramd64e_CLK_I)
                                                     -0.204     4.482    u_membanks/gen_banks[3].mem_reg_0_63_33_33/DP
  -------------------------------------------------------------------
                         required time                          4.482    
                         arrival time                         -24.386    
  -------------------------------------------------------------------
                         slack                                -19.905    

Slack (VIOLATED) :        -19.898ns  (required time - arrival time)
  Source:                 u_ctrl/b_cnt_reg[0]/C
                            (rising edge-triggered cell FDCE clocked by clk  {rise@0.000ns fall@1.500ns period=3.000ns})
  Destination:            u_membanks/gen_banks[0].mem_reg_0_63_33_33/DP/I
                            (rising edge-triggered cell RAMD64E clocked by clk  {rise@0.000ns fall@1.500ns period=3.000ns})
  Path Group:             clk
  Path Type:              Setup (Max at Slow Process Corner)
  Requirement:            3.000ns  (clk rise@3.000ns - clk rise@0.000ns)
  Data Path Delay:        22.513ns  (logic 8.845ns (39.288%)  route 13.668ns (60.712%))
  Logic Levels:           48  (CARRY4=23 DSP48E1=1 LUT2=3 LUT3=2 LUT4=4 LUT5=4 LUT6=10 RAMD64E=1)
  Clock Path Skew:        -0.145ns (DCD - SCD + CPR)
    Destination Clock Delay (DCD):    1.613ns = ( 4.613 - 3.000 ) 
    Source Clock Delay      (SCD):    1.866ns
    Clock Pessimism Removal (CPR):    0.108ns
  Clock Uncertainty:      0.035ns  ((TSJ^2 + TIJ^2)^1/2 + DJ) / 2 + PE
    Total System Jitter     (TSJ):    0.071ns
    Total Input Jitter      (TIJ):    0.000ns
    Discrete Jitter          (DJ):    0.000ns
    Phase Error              (PE):    0.000ns

    Location             Delay type                Incr(ns)  Path(ns)    Netlist Resource(s)
  -------------------------------------------------------------------    -------------------
                         (clock clk rise edge)        0.000     0.000 r  
                                                      0.000     0.000 r  clk (IN)
                         net (fo=0)                   0.000     0.000    clk
                         IBUF (Prop_ibuf_I_O)         0.723     0.723 r  clk_IBUF_inst/O
                         net (fo=1, unplaced)         0.466     1.189    clk_IBUF
                         BUFG (Prop_bufg_I_O)         0.093     1.282 r  clk_IBUF_BUFG_inst/O
                         net (fo=241, unplaced)       0.584     1.866    u_ctrl/clk_IBUF_BUFG
                         FDCE                                         r  u_ctrl/b_cnt_reg[0]/C
  -------------------------------------------------------------------    -------------------
                         FDCE (Prop_fdce_C_Q)         0.233     2.099 r  u_ctrl/b_cnt_reg[0]/Q
                         net (fo=13, unplaced)        0.317     2.416    u_ctrl/b_cnt_reg_n_0_[0]
                         LUT2 (Prop_lut2_I0_O)        0.123     2.539 r  u_ctrl/product_i_61/O
                         net (fo=1, unplaced)         0.000     2.539    u_ctrl/product_i_61_n_0
                         CARRY4 (Prop_carry4_S[1]_O[2])
                                                      0.278     2.817 r  u_ctrl/product_i_49/O[2]
                         net (fo=2, unplaced)         0.281     3.098    u_ctrl/product_i_49_n_5
                         LUT3 (Prop_lut3_I2_O)        0.127     3.225 r  u_ctrl/product_i_52/O
                         net (fo=1, unplaced)         0.000     3.225    u_ctrl/product_i_52_n_0
                         CARRY4 (Prop_carry4_S[0]_O[0])
                                                      0.120     3.345 r  u_ctrl/product_i_40/O[0]
                         net (fo=2, unplaced)         0.507     3.852    u_ctrl/orig_addrs2[5]
                         CARRY4 (Prop_carry4_DI[3]_CO[3])
                                                      0.273     4.125 r  u_ctrl/product_i_37/CO[3]
                         net (fo=1, unplaced)         0.007     4.132    u_ctrl/product_i_37_n_0
                         CARRY4 (Prop_carry4_CI_O[0])
                                                      0.114     4.246 r  u_ctrl/product_i_38/O[0]
                         net (fo=12, unplaced)        0.712     4.958    u_ctrl/orig_addrs[6]
                         CARRY4 (Prop_carry4_S[2]_O[3])
                                                      0.295     5.253 r  u_ctrl/gen_banks[0].mem_reg_0_63_0_2_i_57/O[3]
                         net (fo=4, unplaced)         0.518     5.771    u_icon_addr/orig_addrs[17]
                         LUT6 (Prop_lut6_I5_O)        0.120     5.891 r  u_icon_addr/gen_banks[0].mem_reg_0_63_0_2_i_24/O
                         net (fo=2, unplaced)         0.281     6.172    u_ctrl/ntt_waddr[5]
                         LUT4 (Prop_lut4_I0_O)        0.043     6.215 r  u_ctrl/gen_banks[0].mem_reg_0_63_0_2_i_5/O
                         net (fo=34, unplaced)        0.343     6.558    u_membanks/gen_banks[0].mem_reg_0_63_0_2/ADDRC5
                         RAMD64E (Prop_ramd64e_RADR5_O)
                                                      0.043     6.601 r  u_membanks/gen_banks[0].mem_reg_0_63_0_2/RAMC/O
                         net (fo=9, unplaced)         0.783     7.384    u_icon_out/bank_dout[2]
                         LUT6 (Prop_lut6_I1_O)        0.043     7.427 r  u_icon_out/product_i_32__0/O
                         net (fo=5, unplaced)         0.525     7.952    gen_intt_n2d1[3].u_intt_n2d1/gen_bfly_pack[3].cur_l[2]
                         CARRY4 (Prop_carry4_DI[1]_CO[3])
                                                      0.253     8.205 r  gen_intt_n2d1[3].u_intt_n2d1/out0_carry/CO[3]
                         net (fo=1, unplaced)         0.007     8.212    gen_intt_n2d1[3].u_intt_n2d1/out0_carry_n_0
                         CARRY4 (Prop_carry4_CI_O[3])
                                                      0.157     8.369 f  gen_intt_n2d1[3].u_intt_n2d1/out0_carry__0/O[3]
                         net (fo=5, unplaced)         0.466     8.835    gen_intt_n2d1[3].u_intt_n2d1/out0_carry__0_n_4
                         LUT5 (Prop_lut5_I2_O)        0.120     8.955 f  gen_intt_n2d1[3].u_intt_n2d1/raw_sum_carry_i_13__0/O
                         net (fo=1, unplaced)         0.407     9.362    gen_intt_n2d1[3].u_intt_n2d1/raw_sum_carry_i_13__0_n_0
                         LUT4 (Prop_lut4_I3_O)        0.043     9.405 r  gen_intt_n2d1[3].u_intt_n2d1/raw_sum_carry_i_9__5/O
                         net (fo=52, unplaced)        0.353     9.758    gen_intt_n2d1[3].u_intt_n2d1/raw_sum_carry_i_13__0_0
                         LUT4 (Prop_lut4_I3_O)        0.043     9.801 r  gen_intt_n2d1[3].u_intt_n2d1/raw_sum_carry_i_7__7/O
                         net (fo=1, unplaced)         0.000     9.801    gen_r2intt_r4.u_r2intt/sub23/add_inst/raw_sum_carry__0_i_14__0_1[1]
                         CARRY4 (Prop_carry4_S[1]_CO[3])
                                                      0.256    10.057 r  gen_r2intt_r4.u_r2intt/sub23/add_inst/raw_sum_carry/CO[3]
                         net (fo=1, unplaced)         0.007    10.064    gen_r2intt_r4.u_r2intt/sub23/add_inst/raw_sum_carry_n_0
                         CARRY4 (Prop_carry4_CI_O[1])
                                                      0.173    10.237 r  gen_r2intt_r4.u_r2intt/sub23/add_inst/raw_sum_carry__0/O[1]
                         net (fo=1, unplaced)         0.386    10.623    gen_r2intt_r4.u_r2intt/sub23/add_inst/raw_sum_carry__0_n_6
                         CARRY4 (Prop_carry4_S[1]_CO[3])
                                                      0.381    11.004 r  gen_r2intt_r4.u_r2intt/sub23/add_inst/raw_sum_carry__1_i_14__1/CO[3]
                         net (fo=1, unplaced)         0.000    11.004    gen_r2intt_r4.u_r2intt/sub23/add_inst/raw_sum_carry__1_i_14__1_n_0
                         CARRY4 (Prop_carry4_CI_O[3])
                                                      0.157    11.161 r  gen_r2intt_r4.u_r2intt/sub23/add_inst/raw_sum_carry_i_22__3/O[3]
                         net (fo=1, unplaced)         0.494    11.655    gen_intt_n2d1[3].u_intt_n2d1/raw_sum_carry_i_2__2[3]
                         LUT6 (Prop_lut6_I3_O)        0.120    11.775 r  gen_intt_n2d1[3].u_intt_n2d1/raw_sum_carry_i_13__6/O
                         net (fo=8, unplaced)         0.445    12.220    gen_intt_n2d1[3].u_intt_n2d1/raw_sum_carry_i_9__5_6
                         LUT4 (Prop_lut4_I1_O)        0.043    12.263 r  gen_intt_n2d1[3].u_intt_n2d1/raw_sum_carry_i_25__2/O
                         net (fo=1, unplaced)         0.407    12.670    gen_intt_n2d1[3].u_intt_n2d1/raw_sum_carry_i_25__2_n_0
                         LUT6 (Prop_lut6_I1_O)        0.043    12.713 r  gen_intt_n2d1[3].u_intt_n2d1/raw_sum_carry_i_14/O
                         net (fo=76, unplaced)        0.363    13.076    gen_intt_n2d1[3].u_intt_n2d1/raw_sum_carry_i_27__1_0
                         LUT3 (Prop_lut3_I2_O)        0.043    13.119 r  gen_intt_n2d1[3].u_intt_n2d1/raw_sum_carry__1_i_3__4/O
                         net (fo=1, unplaced)         0.000    13.119    gen_r2intt_r4.u_r2intt/sub13/add_inst/out0_carry__0_i_5__6_1[1]
                         CARRY4 (Prop_carry4_S[1]_CO[3])
                                                      0.256    13.375 r  gen_r2intt_r4.u_r2intt/sub13/add_inst/raw_sum_carry__1/CO[3]
                         net (fo=1, unplaced)         0.000    13.375    gen_r2intt_r4.u_r2intt/sub13/add_inst/raw_sum_carry__1_n_0
                         CARRY4 (Prop_carry4_CI_CO[3])
                                                      0.054    13.429 r  gen_r2intt_r4.u_r2intt/sub13/add_inst/raw_sum_carry__2/CO[3]
                         net (fo=1, unplaced)         0.000    13.429    gen_r2intt_r4.u_r2intt/sub13/add_inst/raw_sum_carry__2_n_0
                         CARRY4 (Prop_carry4_CI_O[0])
                                                      0.114    13.543 r  gen_r2intt_r4.u_r2intt/sub13/add_inst/raw_sum_carry__3/O[0]
                         net (fo=1, unplaced)         0.191    13.734    gen_r2intt_r4.u_r2intt/sub13/add_inst/raw_sum_carry__3_n_7
                         LUT2 (Prop_lut2_I1_O)        0.123    13.857 r  gen_r2intt_r4.u_r2intt/sub13/add_inst/out0_carry_i_8__10/O
                         net (fo=1, unplaced)         0.000    13.857    gen_r2intt_r4.u_r2intt/sub13/add_inst/out0_carry_i_8__10_n_0
                         CARRY4 (Prop_carry4_S[0]_CO[3])
                                                      0.246    14.103 r  gen_r2intt_r4.u_r2intt/sub13/add_inst/out0_carry_i_6__6/CO[3]
                         net (fo=1, unplaced)         0.007    14.110    gen_r2intt_r4.u_r2intt/sub13/add_inst/out0_carry_i_6__6_n_0
                         CARRY4 (Prop_carry4_CI_O[2])
                                                      0.120    14.230 f  gen_r2intt_r4.u_r2intt/sub13/add_inst/out0_carry_i_7__6/O[2]
                         net (fo=2, unplaced)         0.281    14.511    gen_intt_n2d1[3].u_intt_n2d1/out0_carry__0_1[2]
                         LUT5 (Prop_lut5_I2_O)        0.127    14.638 f  gen_intt_n2d1[3].u_intt_n2d1/product_i_30__1/O
                         net (fo=3, unplaced)         0.760    15.398    gen_intt_n2d1[3].u_intt_n2d1/gen_r2intt_r4.r2intt_out3[5]
                         LUT6 (Prop_lut6_I0_O)        0.043    15.441 r  gen_intt_n2d1[3].u_intt_n2d1/out0_carry__2_i_5__6/O
                         net (fo=2, unplaced)         0.418    15.859    gen_intt_n2d1[3].u_intt_n2d1/out0_carry__2_i_5__6_n_0
                         LUT6 (Prop_lut6_I0_O)        0.043    15.902 r  gen_intt_n2d1[3].u_intt_n2d1/out0_carry__2_i_1__10/O
                         net (fo=1, unplaced)         0.000    15.902    gen_intt_d1n[3].u_id1n/a3[14]
                         CARRY4 (Prop_carry4_S[3]_O[3])
                                                      0.114    16.016 r  gen_intt_d1n[3].u_id1n/out0_carry__2/O[3]
                         net (fo=1, unplaced)         0.494    16.510    gen_intt_n2d1[3].u_intt_n2d1/product_17[3]
                         LUT6 (Prop_lut6_I0_O)        0.120    16.630 r  gen_intt_n2d1[3].u_intt_n2d1/product_i_1__6/O
                         net (fo=1, unplaced)         0.466    17.096    gen_modmul_intt[3].u_mm_intt/product_4[16]
                         DSP48E1 (Prop_dsp48e1_A[16]_P[1])
                                                      2.737    19.833 r  gen_modmul_intt[3].u_mm_intt/product/P[1]
                         net (fo=1, unplaced)         0.466    20.298    gen_modmul_intt[3].u_mm_intt/product_n_104
                         LUT2 (Prop_lut2_I1_O)        0.043    20.341 r  gen_modmul_intt[3].u_mm_intt/gen_banks[0].mem_reg_0_63_0_2_i_252/O
                         net (fo=1, unplaced)         0.000    20.341    gen_modmul_intt[3].u_mm_intt/gen_banks[0].mem_reg_0_63_0_2_i_252_n_0
                         CARRY4 (Prop_carry4_S[1]_CO[3])
                                                      0.256    20.597 r  gen_modmul_intt[3].u_mm_intt/gen_banks[0].mem_reg_0_63_0_2_i_140/CO[3]
                         net (fo=1, unplaced)         0.007    20.604    gen_modmul_intt[3].u_mm_intt/gen_banks[0].mem_reg_0_63_0_2_i_140_n_0
                         CARRY4 (Prop_carry4_CI_CO[3])
                                                      0.054    20.658 r  gen_modmul_intt[3].u_mm_intt/gen_banks[0].mem_reg_0_63_3_5_i_92/CO[3]
                         net (fo=1, unplaced)         0.000    20.658    gen_modmul_intt[3].u_mm_intt/gen_banks[0].mem_reg_0_63_3_5_i_92_n_0
                         CARRY4 (Prop_carry4_CI_CO[3])
                                                      0.054    20.712 r  gen_modmul_intt[3].u_mm_intt/gen_banks[0].mem_reg_0_63_6_8_i_88/CO[3]
                         net (fo=1, unplaced)         0.000    20.712    gen_modmul_intt[3].u_mm_intt/gen_banks[0].mem_reg_0_63_6_8_i_88_n_0
                         CARRY4 (Prop_carry4_CI_CO[3])
                                                      0.054    20.766 r  gen_modmul_intt[3].u_mm_intt/gen_banks[0].mem_reg_0_63_12_14_i_92/CO[3]
                         net (fo=1, unplaced)         0.000    20.766    gen_modmul_intt[3].u_mm_intt/gen_banks[0].mem_reg_0_63_12_14_i_92_n_0
                         CARRY4 (Prop_carry4_CI_O[0])
                                                      0.114    20.880 r  gen_modmul_intt[3].u_mm_intt/gen_banks[0].mem_reg_0_63_0_2_i_254/O[0]
                         net (fo=3, unplaced)         0.686    21.566    gen_modmul_intt[3].u_mm_intt/product_3[0]
                         CARRY4 (Prop_carry4_S[3]_O[3])
                                                      0.237    21.803 r  gen_modmul_intt[3].u_mm_intt/gen_banks[0].mem_reg_0_63_12_14_i_113/O[3]
                         net (fo=1, unplaced)         0.494    22.297    u_ctrl/reduced0_13[15]
                         LUT5 (Prop_lut5_I4_O)        0.120    22.417 r  u_ctrl/gen_banks[0].mem_reg_0_63_15_17_i_48/O
                         net (fo=1, unplaced)         0.270    22.687    u_ctrl/gen_banks[0].mem_reg_0_63_15_17_i_48_n_0
                         LUT5 (Prop_lut5_I4_O)        0.043    22.730 r  u_ctrl/gen_banks[0].mem_reg_0_63_15_17_i_37/O
                         net (fo=1, unplaced)         0.742    23.472    gen_ntod1[1].u_nd1/gen_banks[0].mem_reg_0_63_33_33_i_3
                         LUT6 (Prop_lut6_I0_O)        0.043    23.515 r  gen_ntod1[1].u_nd1/gen_banks[0].mem_reg_0_63_15_17_i_22/O
                         net (fo=4, unplaced)         0.294    23.809    u_icon_in/gen_banks[2].mem_reg_0_63_33_33_i_1_0
                         LUT6 (Prop_lut6_I1_O)        0.043    23.852 r  u_icon_in/gen_banks[0].mem_reg_0_63_33_33_i_3/O
                         net (fo=2, unplaced)         0.281    24.133    u_ctrl/gen_banks[2].mem_reg_0_63_33_33_0
                         LUT6 (Prop_lut6_I4_O)        0.043    24.176 r  u_ctrl/gen_banks[0].mem_reg_0_63_33_33_i_1/O
                         net (fo=2, unplaced)         0.203    24.379    u_membanks/gen_banks[0].mem_reg_0_63_33_33/D
                         RAMD64E                                      r  u_membanks/gen_banks[0].mem_reg_0_63_33_33/DP/I
  -------------------------------------------------------------------    -------------------

                         (clock clk rise edge)        3.000     3.000 r  
                                                      0.000     3.000 r  clk (IN)
                         net (fo=0)                   0.000     3.000    clk
                         IBUF (Prop_ibuf_I_O)         0.649     3.649 r  clk_IBUF_inst/O
                         net (fo=1, unplaced)         0.442     4.091    clk_IBUF
                         BUFG (Prop_bufg_I_O)         0.083     4.174 r  clk_IBUF_BUFG_inst/O
                         net (fo=241, unplaced)       0.439     4.613    u_membanks/gen_banks[0].mem_reg_0_63_33_33/WCLK
                         RAMD64E                                      r  u_membanks/gen_banks[0].mem_reg_0_63_33_33/DP/CLK
                         clock pessimism              0.108     4.721    
                         clock uncertainty           -0.035     4.686    
                         RAMD64E (Setup_ramd64e_CLK_I)
                                                     -0.204     4.482    u_membanks/gen_banks[0].mem_reg_0_63_33_33/DP
  -------------------------------------------------------------------
                         required time                          4.482    
                         arrival time                         -24.379    
  -------------------------------------------------------------------
                         slack                                -19.898    

Slack (VIOLATED) :        -19.898ns  (required time - arrival time)
  Source:                 u_ctrl/b_cnt_reg[0]/C
                            (rising edge-triggered cell FDCE clocked by clk  {rise@0.000ns fall@1.500ns period=3.000ns})
  Destination:            u_membanks/gen_banks[2].mem_reg_0_63_33_33/DP/I
                            (rising edge-triggered cell RAMD64E clocked by clk  {rise@0.000ns fall@1.500ns period=3.000ns})
  Path Group:             clk
  Path Type:              Setup (Max at Slow Process Corner)
  Requirement:            3.000ns  (clk rise@3.000ns - clk rise@0.000ns)
  Data Path Delay:        22.513ns  (logic 8.845ns (39.288%)  route 13.668ns (60.712%))
  Logic Levels:           48  (CARRY4=23 DSP48E1=1 LUT2=3 LUT3=2 LUT4=4 LUT5=4 LUT6=10 RAMD64E=1)
  Clock Path Skew:        -0.145ns (DCD - SCD + CPR)
    Destination Clock Delay (DCD):    1.613ns = ( 4.613 - 3.000 ) 
    Source Clock Delay      (SCD):    1.866ns
    Clock Pessimism Removal (CPR):    0.108ns
  Clock Uncertainty:      0.035ns  ((TSJ^2 + TIJ^2)^1/2 + DJ) / 2 + PE
    Total System Jitter     (TSJ):    0.071ns
    Total Input Jitter      (TIJ):    0.000ns
    Discrete Jitter          (DJ):    0.000ns
    Phase Error              (PE):    0.000ns

    Location             Delay type                Incr(ns)  Path(ns)    Netlist Resource(s)
  -------------------------------------------------------------------    -------------------
                         (clock clk rise edge)        0.000     0.000 r  
                                                      0.000     0.000 r  clk (IN)
                         net (fo=0)                   0.000     0.000    clk
                         IBUF (Prop_ibuf_I_O)         0.723     0.723 r  clk_IBUF_inst/O
                         net (fo=1, unplaced)         0.466     1.189    clk_IBUF
                         BUFG (Prop_bufg_I_O)         0.093     1.282 r  clk_IBUF_BUFG_inst/O
                         net (fo=241, unplaced)       0.584     1.866    u_ctrl/clk_IBUF_BUFG
                         FDCE                                         r  u_ctrl/b_cnt_reg[0]/C
  -------------------------------------------------------------------    -------------------
                         FDCE (Prop_fdce_C_Q)         0.233     2.099 r  u_ctrl/b_cnt_reg[0]/Q
                         net (fo=13, unplaced)        0.317     2.416    u_ctrl/b_cnt_reg_n_0_[0]
                         LUT2 (Prop_lut2_I0_O)        0.123     2.539 r  u_ctrl/product_i_61/O
                         net (fo=1, unplaced)         0.000     2.539    u_ctrl/product_i_61_n_0
                         CARRY4 (Prop_carry4_S[1]_O[2])
                                                      0.278     2.817 r  u_ctrl/product_i_49/O[2]
                         net (fo=2, unplaced)         0.281     3.098    u_ctrl/product_i_49_n_5
                         LUT3 (Prop_lut3_I2_O)        0.127     3.225 r  u_ctrl/product_i_52/O
                         net (fo=1, unplaced)         0.000     3.225    u_ctrl/product_i_52_n_0
                         CARRY4 (Prop_carry4_S[0]_O[0])
                                                      0.120     3.345 r  u_ctrl/product_i_40/O[0]
                         net (fo=2, unplaced)         0.507     3.852    u_ctrl/orig_addrs2[5]
                         CARRY4 (Prop_carry4_DI[3]_CO[3])
                                                      0.273     4.125 r  u_ctrl/product_i_37/CO[3]
                         net (fo=1, unplaced)         0.007     4.132    u_ctrl/product_i_37_n_0
                         CARRY4 (Prop_carry4_CI_O[0])
                                                      0.114     4.246 r  u_ctrl/product_i_38/O[0]
                         net (fo=12, unplaced)        0.712     4.958    u_ctrl/orig_addrs[6]
                         CARRY4 (Prop_carry4_S[2]_O[3])
                                                      0.295     5.253 r  u_ctrl/gen_banks[0].mem_reg_0_63_0_2_i_57/O[3]
                         net (fo=4, unplaced)         0.518     5.771    u_icon_addr/orig_addrs[17]
                         LUT6 (Prop_lut6_I5_O)        0.120     5.891 r  u_icon_addr/gen_banks[0].mem_reg_0_63_0_2_i_24/O
                         net (fo=2, unplaced)         0.281     6.172    u_ctrl/ntt_waddr[5]
                         LUT4 (Prop_lut4_I0_O)        0.043     6.215 r  u_ctrl/gen_banks[0].mem_reg_0_63_0_2_i_5/O
                         net (fo=34, unplaced)        0.343     6.558    u_membanks/gen_banks[0].mem_reg_0_63_0_2/ADDRC5
                         RAMD64E (Prop_ramd64e_RADR5_O)
                                                      0.043     6.601 r  u_membanks/gen_banks[0].mem_reg_0_63_0_2/RAMC/O
                         net (fo=9, unplaced)         0.783     7.384    u_icon_out/bank_dout[2]
                         LUT6 (Prop_lut6_I1_O)        0.043     7.427 r  u_icon_out/product_i_32__0/O
                         net (fo=5, unplaced)         0.525     7.952    gen_intt_n2d1[3].u_intt_n2d1/gen_bfly_pack[3].cur_l[2]
                         CARRY4 (Prop_carry4_DI[1]_CO[3])
                                                      0.253     8.205 r  gen_intt_n2d1[3].u_intt_n2d1/out0_carry/CO[3]
                         net (fo=1, unplaced)         0.007     8.212    gen_intt_n2d1[3].u_intt_n2d1/out0_carry_n_0
                         CARRY4 (Prop_carry4_CI_O[3])
                                                      0.157     8.369 f  gen_intt_n2d1[3].u_intt_n2d1/out0_carry__0/O[3]
                         net (fo=5, unplaced)         0.466     8.835    gen_intt_n2d1[3].u_intt_n2d1/out0_carry__0_n_4
                         LUT5 (Prop_lut5_I2_O)        0.120     8.955 f  gen_intt_n2d1[3].u_intt_n2d1/raw_sum_carry_i_13__0/O
                         net (fo=1, unplaced)         0.407     9.362    gen_intt_n2d1[3].u_intt_n2d1/raw_sum_carry_i_13__0_n_0
                         LUT4 (Prop_lut4_I3_O)        0.043     9.405 r  gen_intt_n2d1[3].u_intt_n2d1/raw_sum_carry_i_9__5/O
                         net (fo=52, unplaced)        0.353     9.758    gen_intt_n2d1[3].u_intt_n2d1/raw_sum_carry_i_13__0_0
                         LUT4 (Prop_lut4_I3_O)        0.043     9.801 r  gen_intt_n2d1[3].u_intt_n2d1/raw_sum_carry_i_7__7/O
                         net (fo=1, unplaced)         0.000     9.801    gen_r2intt_r4.u_r2intt/sub23/add_inst/raw_sum_carry__0_i_14__0_1[1]
                         CARRY4 (Prop_carry4_S[1]_CO[3])
                                                      0.256    10.057 r  gen_r2intt_r4.u_r2intt/sub23/add_inst/raw_sum_carry/CO[3]
                         net (fo=1, unplaced)         0.007    10.064    gen_r2intt_r4.u_r2intt/sub23/add_inst/raw_sum_carry_n_0
                         CARRY4 (Prop_carry4_CI_O[1])
                                                      0.173    10.237 r  gen_r2intt_r4.u_r2intt/sub23/add_inst/raw_sum_carry__0/O[1]
                         net (fo=1, unplaced)         0.386    10.623    gen_r2intt_r4.u_r2intt/sub23/add_inst/raw_sum_carry__0_n_6
                         CARRY4 (Prop_carry4_S[1]_CO[3])
                                                      0.381    11.004 r  gen_r2intt_r4.u_r2intt/sub23/add_inst/raw_sum_carry__1_i_14__1/CO[3]
                         net (fo=1, unplaced)         0.000    11.004    gen_r2intt_r4.u_r2intt/sub23/add_inst/raw_sum_carry__1_i_14__1_n_0
                         CARRY4 (Prop_carry4_CI_O[3])
                                                      0.157    11.161 r  gen_r2intt_r4.u_r2intt/sub23/add_inst/raw_sum_carry_i_22__3/O[3]
                         net (fo=1, unplaced)         0.494    11.655    gen_intt_n2d1[3].u_intt_n2d1/raw_sum_carry_i_2__2[3]
                         LUT6 (Prop_lut6_I3_O)        0.120    11.775 r  gen_intt_n2d1[3].u_intt_n2d1/raw_sum_carry_i_13__6/O
                         net (fo=8, unplaced)         0.445    12.220    gen_intt_n2d1[3].u_intt_n2d1/raw_sum_carry_i_9__5_6
                         LUT4 (Prop_lut4_I1_O)        0.043    12.263 r  gen_intt_n2d1[3].u_intt_n2d1/raw_sum_carry_i_25__2/O
                         net (fo=1, unplaced)         0.407    12.670    gen_intt_n2d1[3].u_intt_n2d1/raw_sum_carry_i_25__2_n_0
                         LUT6 (Prop_lut6_I1_O)        0.043    12.713 r  gen_intt_n2d1[3].u_intt_n2d1/raw_sum_carry_i_14/O
                         net (fo=76, unplaced)        0.363    13.076    gen_intt_n2d1[3].u_intt_n2d1/raw_sum_carry_i_27__1_0
                         LUT3 (Prop_lut3_I2_O)        0.043    13.119 r  gen_intt_n2d1[3].u_intt_n2d1/raw_sum_carry__1_i_3__4/O
                         net (fo=1, unplaced)         0.000    13.119    gen_r2intt_r4.u_r2intt/sub13/add_inst/out0_carry__0_i_5__6_1[1]
                         CARRY4 (Prop_carry4_S[1]_CO[3])
                                                      0.256    13.375 r  gen_r2intt_r4.u_r2intt/sub13/add_inst/raw_sum_carry__1/CO[3]
                         net (fo=1, unplaced)         0.000    13.375    gen_r2intt_r4.u_r2intt/sub13/add_inst/raw_sum_carry__1_n_0
                         CARRY4 (Prop_carry4_CI_CO[3])
                                                      0.054    13.429 r  gen_r2intt_r4.u_r2intt/sub13/add_inst/raw_sum_carry__2/CO[3]
                         net (fo=1, unplaced)         0.000    13.429    gen_r2intt_r4.u_r2intt/sub13/add_inst/raw_sum_carry__2_n_0
                         CARRY4 (Prop_carry4_CI_O[0])
                                                      0.114    13.543 r  gen_r2intt_r4.u_r2intt/sub13/add_inst/raw_sum_carry__3/O[0]
                         net (fo=1, unplaced)         0.191    13.734    gen_r2intt_r4.u_r2intt/sub13/add_inst/raw_sum_carry__3_n_7
                         LUT2 (Prop_lut2_I1_O)        0.123    13.857 r  gen_r2intt_r4.u_r2intt/sub13/add_inst/out0_carry_i_8__10/O
                         net (fo=1, unplaced)         0.000    13.857    gen_r2intt_r4.u_r2intt/sub13/add_inst/out0_carry_i_8__10_n_0
                         CARRY4 (Prop_carry4_S[0]_CO[3])
                                                      0.246    14.103 r  gen_r2intt_r4.u_r2intt/sub13/add_inst/out0_carry_i_6__6/CO[3]
                         net (fo=1, unplaced)         0.007    14.110    gen_r2intt_r4.u_r2intt/sub13/add_inst/out0_carry_i_6__6_n_0
                         CARRY4 (Prop_carry4_CI_O[2])
                                                      0.120    14.230 f  gen_r2intt_r4.u_r2intt/sub13/add_inst/out0_carry_i_7__6/O[2]
                         net (fo=2, unplaced)         0.281    14.511    gen_intt_n2d1[3].u_intt_n2d1/out0_carry__0_1[2]
                         LUT5 (Prop_lut5_I2_O)        0.127    14.638 f  gen_intt_n2d1[3].u_intt_n2d1/product_i_30__1/O
                         net (fo=3, unplaced)         0.760    15.398    gen_intt_n2d1[3].u_intt_n2d1/gen_r2intt_r4.r2intt_out3[5]
                         LUT6 (Prop_lut6_I0_O)        0.043    15.441 r  gen_intt_n2d1[3].u_intt_n2d1/out0_carry__2_i_5__6/O
                         net (fo=2, unplaced)         0.418    15.859    gen_intt_n2d1[3].u_intt_n2d1/out0_carry__2_i_5__6_n_0
                         LUT6 (Prop_lut6_I0_O)        0.043    15.902 r  gen_intt_n2d1[3].u_intt_n2d1/out0_carry__2_i_1__10/O
                         net (fo=1, unplaced)         0.000    15.902    gen_intt_d1n[3].u_id1n/a3[14]
                         CARRY4 (Prop_carry4_S[3]_O[3])
                                                      0.114    16.016 r  gen_intt_d1n[3].u_id1n/out0_carry__2/O[3]
                         net (fo=1, unplaced)         0.494    16.510    gen_intt_n2d1[3].u_intt_n2d1/product_17[3]
                         LUT6 (Prop_lut6_I0_O)        0.120    16.630 r  gen_intt_n2d1[3].u_intt_n2d1/product_i_1__6/O
                         net (fo=1, unplaced)         0.466    17.096    gen_modmul_intt[3].u_mm_intt/product_4[16]
                         DSP48E1 (Prop_dsp48e1_A[16]_P[1])
                                                      2.737    19.833 r  gen_modmul_intt[3].u_mm_intt/product/P[1]
                         net (fo=1, unplaced)         0.466    20.298    gen_modmul_intt[3].u_mm_intt/product_n_104
                         LUT2 (Prop_lut2_I1_O)        0.043    20.341 r  gen_modmul_intt[3].u_mm_intt/gen_banks[0].mem_reg_0_63_0_2_i_252/O
                         net (fo=1, unplaced)         0.000    20.341    gen_modmul_intt[3].u_mm_intt/gen_banks[0].mem_reg_0_63_0_2_i_252_n_0
                         CARRY4 (Prop_carry4_S[1]_CO[3])
                                                      0.256    20.597 r  gen_modmul_intt[3].u_mm_intt/gen_banks[0].mem_reg_0_63_0_2_i_140/CO[3]
                         net (fo=1, unplaced)         0.007    20.604    gen_modmul_intt[3].u_mm_intt/gen_banks[0].mem_reg_0_63_0_2_i_140_n_0
                         CARRY4 (Prop_carry4_CI_CO[3])
                                                      0.054    20.658 r  gen_modmul_intt[3].u_mm_intt/gen_banks[0].mem_reg_0_63_3_5_i_92/CO[3]
                         net (fo=1, unplaced)         0.000    20.658    gen_modmul_intt[3].u_mm_intt/gen_banks[0].mem_reg_0_63_3_5_i_92_n_0
                         CARRY4 (Prop_carry4_CI_CO[3])
                                                      0.054    20.712 r  gen_modmul_intt[3].u_mm_intt/gen_banks[0].mem_reg_0_63_6_8_i_88/CO[3]
                         net (fo=1, unplaced)         0.000    20.712    gen_modmul_intt[3].u_mm_intt/gen_banks[0].mem_reg_0_63_6_8_i_88_n_0
                         CARRY4 (Prop_carry4_CI_CO[3])
                                                      0.054    20.766 r  gen_modmul_intt[3].u_mm_intt/gen_banks[0].mem_reg_0_63_12_14_i_92/CO[3]
                         net (fo=1, unplaced)         0.000    20.766    gen_modmul_intt[3].u_mm_intt/gen_banks[0].mem_reg_0_63_12_14_i_92_n_0
                         CARRY4 (Prop_carry4_CI_O[0])
                                                      0.114    20.880 r  gen_modmul_intt[3].u_mm_intt/gen_banks[0].mem_reg_0_63_0_2_i_254/O[0]
                         net (fo=3, unplaced)         0.686    21.566    gen_modmul_intt[3].u_mm_intt/product_3[0]
                         CARRY4 (Prop_carry4_S[3]_O[3])
                                                      0.237    21.803 r  gen_modmul_intt[3].u_mm_intt/gen_banks[0].mem_reg_0_63_12_14_i_113/O[3]
                         net (fo=1, unplaced)         0.494    22.297    u_ctrl/reduced0_13[15]
                         LUT5 (Prop_lut5_I4_O)        0.120    22.417 r  u_ctrl/gen_banks[0].mem_reg_0_63_15_17_i_48/O
                         net (fo=1, unplaced)         0.270    22.687    u_ctrl/gen_banks[0].mem_reg_0_63_15_17_i_48_n_0
                         LUT5 (Prop_lut5_I4_O)        0.043    22.730 r  u_ctrl/gen_banks[0].mem_reg_0_63_15_17_i_37/O
                         net (fo=1, unplaced)         0.742    23.472    gen_ntod1[1].u_nd1/gen_banks[0].mem_reg_0_63_33_33_i_3
                         LUT6 (Prop_lut6_I0_O)        0.043    23.515 r  gen_ntod1[1].u_nd1/gen_banks[0].mem_reg_0_63_15_17_i_22/O
                         net (fo=4, unplaced)         0.294    23.809    u_icon_in/gen_banks[2].mem_reg_0_63_33_33_i_1_0
                         LUT6 (Prop_lut6_I1_O)        0.043    23.852 r  u_icon_in/gen_banks[0].mem_reg_0_63_33_33_i_3/O
                         net (fo=2, unplaced)         0.281    24.133    u_ctrl/gen_banks[2].mem_reg_0_63_33_33_0
                         LUT6 (Prop_lut6_I2_O)        0.043    24.176 r  u_ctrl/gen_banks[2].mem_reg_0_63_33_33_i_1/O
                         net (fo=2, unplaced)         0.203    24.379    u_membanks/gen_banks[2].mem_reg_0_63_33_33/D
                         RAMD64E                                      r  u_membanks/gen_banks[2].mem_reg_0_63_33_33/DP/I
  -------------------------------------------------------------------    -------------------

                         (clock clk rise edge)        3.000     3.000 r  
                                                      0.000     3.000 r  clk (IN)
                         net (fo=0)                   0.000     3.000    clk
                         IBUF (Prop_ibuf_I_O)         0.649     3.649 r  clk_IBUF_inst/O
                         net (fo=1, unplaced)         0.442     4.091    clk_IBUF
                         BUFG (Prop_bufg_I_O)         0.083     4.174 r  clk_IBUF_BUFG_inst/O
                         net (fo=241, unplaced)       0.439     4.613    u_membanks/gen_banks[2].mem_reg_0_63_33_33/WCLK
                         RAMD64E                                      r  u_membanks/gen_banks[2].mem_reg_0_63_33_33/DP/CLK
                         clock pessimism              0.108     4.721    
                         clock uncertainty           -0.035     4.686    
                         RAMD64E (Setup_ramd64e_CLK_I)
                                                     -0.204     4.482    u_membanks/gen_banks[2].mem_reg_0_63_33_33/DP
  -------------------------------------------------------------------
                         required time                          4.482    
                         arrival time                         -24.379    
  -------------------------------------------------------------------
                         slack                                -19.898    

Slack (VIOLATED) :        -19.888ns  (required time - arrival time)
  Source:                 u_ctrl/b_cnt_reg[0]/C
                            (rising edge-triggered cell FDCE clocked by clk  {rise@0.000ns fall@1.500ns period=3.000ns})
  Destination:            u_membanks/gen_banks[1].mem_reg_0_63_15_17/RAMB/I
                            (rising edge-triggered cell RAMD64E clocked by clk  {rise@0.000ns fall@1.500ns period=3.000ns})
  Path Group:             clk
  Path Type:              Setup (Max at Slow Process Corner)
  Requirement:            3.000ns  (clk rise@3.000ns - clk rise@0.000ns)
  Data Path Delay:        22.509ns  (logic 8.681ns (38.566%)  route 13.828ns (61.434%))
  Logic Levels:           48  (CARRY4=23 DSP48E1=1 LUT2=3 LUT3=2 LUT4=5 LUT5=3 LUT6=10 RAMD64E=1)
  Clock Path Skew:        -0.145ns (DCD - SCD + CPR)
    Destination Clock Delay (DCD):    1.613ns = ( 4.613 - 3.000 ) 
    Source Clock Delay      (SCD):    1.866ns
    Clock Pessimism Removal (CPR):    0.108ns
  Clock Uncertainty:      0.035ns  ((TSJ^2 + TIJ^2)^1/2 + DJ) / 2 + PE
    Total System Jitter     (TSJ):    0.071ns
    Total Input Jitter      (TIJ):    0.000ns
    Discrete Jitter          (DJ):    0.000ns
    Phase Error              (PE):    0.000ns

    Location             Delay type                Incr(ns)  Path(ns)    Netlist Resource(s)
  -------------------------------------------------------------------    -------------------
                         (clock clk rise edge)        0.000     0.000 r  
                                                      0.000     0.000 r  clk (IN)
                         net (fo=0)                   0.000     0.000    clk
                         IBUF (Prop_ibuf_I_O)         0.723     0.723 r  clk_IBUF_inst/O
                         net (fo=1, unplaced)         0.466     1.189    clk_IBUF
                         BUFG (Prop_bufg_I_O)         0.093     1.282 r  clk_IBUF_BUFG_inst/O
                         net (fo=241, unplaced)       0.584     1.866    u_ctrl/clk_IBUF_BUFG
                         FDCE                                         r  u_ctrl/b_cnt_reg[0]/C
  -------------------------------------------------------------------    -------------------
                         FDCE (Prop_fdce_C_Q)         0.233     2.099 r  u_ctrl/b_cnt_reg[0]/Q
                         net (fo=13, unplaced)        0.317     2.416    u_ctrl/b_cnt_reg_n_0_[0]
                         LUT2 (Prop_lut2_I0_O)        0.123     2.539 r  u_ctrl/product_i_61/O
                         net (fo=1, unplaced)         0.000     2.539    u_ctrl/product_i_61_n_0
                         CARRY4 (Prop_carry4_S[1]_O[2])
                                                      0.278     2.817 r  u_ctrl/product_i_49/O[2]
                         net (fo=2, unplaced)         0.281     3.098    u_ctrl/product_i_49_n_5
                         LUT3 (Prop_lut3_I2_O)        0.127     3.225 r  u_ctrl/product_i_52/O
                         net (fo=1, unplaced)         0.000     3.225    u_ctrl/product_i_52_n_0
                         CARRY4 (Prop_carry4_S[0]_O[0])
                                                      0.120     3.345 r  u_ctrl/product_i_40/O[0]
                         net (fo=2, unplaced)         0.507     3.852    u_ctrl/orig_addrs2[5]
                         CARRY4 (Prop_carry4_DI[3]_CO[3])
                                                      0.273     4.125 r  u_ctrl/product_i_37/CO[3]
                         net (fo=1, unplaced)         0.007     4.132    u_ctrl/product_i_37_n_0
                         CARRY4 (Prop_carry4_CI_O[0])
                                                      0.114     4.246 r  u_ctrl/product_i_38/O[0]
                         net (fo=12, unplaced)        0.712     4.958    u_ctrl/orig_addrs[6]
                         CARRY4 (Prop_carry4_S[2]_O[3])
                                                      0.295     5.253 r  u_ctrl/gen_banks[0].mem_reg_0_63_0_2_i_57/O[3]
                         net (fo=4, unplaced)         0.518     5.771    u_icon_addr/orig_addrs[17]
                         LUT6 (Prop_lut6_I5_O)        0.120     5.891 r  u_icon_addr/gen_banks[0].mem_reg_0_63_0_2_i_24/O
                         net (fo=2, unplaced)         0.281     6.172    u_ctrl/ntt_waddr[5]
                         LUT4 (Prop_lut4_I0_O)        0.043     6.215 r  u_ctrl/gen_banks[0].mem_reg_0_63_0_2_i_5/O
                         net (fo=34, unplaced)        0.343     6.558    u_membanks/gen_banks[0].mem_reg_0_63_0_2/ADDRC5
                         RAMD64E (Prop_ramd64e_RADR5_O)
                                                      0.043     6.601 r  u_membanks/gen_banks[0].mem_reg_0_63_0_2/RAMC/O
                         net (fo=9, unplaced)         0.783     7.384    u_icon_out/bank_dout[2]
                         LUT6 (Prop_lut6_I1_O)        0.043     7.427 r  u_icon_out/product_i_32__0/O
                         net (fo=5, unplaced)         0.525     7.952    gen_intt_n2d1[3].u_intt_n2d1/gen_bfly_pack[3].cur_l[2]
                         CARRY4 (Prop_carry4_DI[1]_CO[3])
                                                      0.253     8.205 r  gen_intt_n2d1[3].u_intt_n2d1/out0_carry/CO[3]
                         net (fo=1, unplaced)         0.007     8.212    gen_intt_n2d1[3].u_intt_n2d1/out0_carry_n_0
                         CARRY4 (Prop_carry4_CI_O[3])
                                                      0.157     8.369 f  gen_intt_n2d1[3].u_intt_n2d1/out0_carry__0/O[3]
                         net (fo=5, unplaced)         0.466     8.835    gen_intt_n2d1[3].u_intt_n2d1/out0_carry__0_n_4
                         LUT5 (Prop_lut5_I2_O)        0.120     8.955 f  gen_intt_n2d1[3].u_intt_n2d1/raw_sum_carry_i_13__0/O
                         net (fo=1, unplaced)         0.407     9.362    gen_intt_n2d1[3].u_intt_n2d1/raw_sum_carry_i_13__0_n_0
                         LUT4 (Prop_lut4_I3_O)        0.043     9.405 r  gen_intt_n2d1[3].u_intt_n2d1/raw_sum_carry_i_9__5/O
                         net (fo=52, unplaced)        0.353     9.758    gen_intt_n2d1[3].u_intt_n2d1/raw_sum_carry_i_13__0_0
                         LUT4 (Prop_lut4_I3_O)        0.043     9.801 r  gen_intt_n2d1[3].u_intt_n2d1/raw_sum_carry_i_7__7/O
                         net (fo=1, unplaced)         0.000     9.801    gen_r2intt_r4.u_r2intt/sub23/add_inst/raw_sum_carry__0_i_14__0_1[1]
                         CARRY4 (Prop_carry4_S[1]_CO[3])
                                                      0.256    10.057 r  gen_r2intt_r4.u_r2intt/sub23/add_inst/raw_sum_carry/CO[3]
                         net (fo=1, unplaced)         0.007    10.064    gen_r2intt_r4.u_r2intt/sub23/add_inst/raw_sum_carry_n_0
                         CARRY4 (Prop_carry4_CI_O[1])
                                                      0.173    10.237 r  gen_r2intt_r4.u_r2intt/sub23/add_inst/raw_sum_carry__0/O[1]
                         net (fo=1, unplaced)         0.386    10.623    gen_r2intt_r4.u_r2intt/sub23/add_inst/raw_sum_carry__0_n_6
                         CARRY4 (Prop_carry4_S[1]_CO[3])
                                                      0.381    11.004 r  gen_r2intt_r4.u_r2intt/sub23/add_inst/raw_sum_carry__1_i_14__1/CO[3]
                         net (fo=1, unplaced)         0.000    11.004    gen_r2intt_r4.u_r2intt/sub23/add_inst/raw_sum_carry__1_i_14__1_n_0
                         CARRY4 (Prop_carry4_CI_O[3])
                                                      0.157    11.161 r  gen_r2intt_r4.u_r2intt/sub23/add_inst/raw_sum_carry_i_22__3/O[3]
                         net (fo=1, unplaced)         0.494    11.655    gen_intt_n2d1[3].u_intt_n2d1/raw_sum_carry_i_2__2[3]
                         LUT6 (Prop_lut6_I3_O)        0.120    11.775 r  gen_intt_n2d1[3].u_intt_n2d1/raw_sum_carry_i_13__6/O
                         net (fo=8, unplaced)         0.445    12.220    gen_intt_n2d1[3].u_intt_n2d1/raw_sum_carry_i_9__5_6
                         LUT4 (Prop_lut4_I1_O)        0.043    12.263 r  gen_intt_n2d1[3].u_intt_n2d1/raw_sum_carry_i_25__2/O
                         net (fo=1, unplaced)         0.407    12.670    gen_intt_n2d1[3].u_intt_n2d1/raw_sum_carry_i_25__2_n_0
                         LUT6 (Prop_lut6_I1_O)        0.043    12.713 r  gen_intt_n2d1[3].u_intt_n2d1/raw_sum_carry_i_14/O
                         net (fo=76, unplaced)        0.363    13.076    gen_intt_n2d1[3].u_intt_n2d1/raw_sum_carry_i_27__1_0
                         LUT3 (Prop_lut3_I2_O)        0.043    13.119 r  gen_intt_n2d1[3].u_intt_n2d1/raw_sum_carry_i_7__4/O
                         net (fo=1, unplaced)         0.000    13.119    gen_r2intt_r4.u_r2intt/add13/out0_carry_i_7__4_0[1]
                         CARRY4 (Prop_carry4_S[1]_CO[3])
                                                      0.256    13.375 r  gen_r2intt_r4.u_r2intt/add13/raw_sum_carry/CO[3]
                         net (fo=1, unplaced)         0.007    13.382    gen_r2intt_r4.u_r2intt/add13/raw_sum_carry_n_0
                         CARRY4 (Prop_carry4_CI_CO[3])
                                                      0.054    13.436 r  gen_r2intt_r4.u_r2intt/add13/raw_sum_carry__0/CO[3]
                         net (fo=1, unplaced)         0.000    13.436    gen_r2intt_r4.u_r2intt/add13/raw_sum_carry__0_n_0
                         CARRY4 (Prop_carry4_CI_CO[3])
                                                      0.054    13.490 r  gen_r2intt_r4.u_r2intt/add13/raw_sum_carry__1/CO[3]
                         net (fo=1, unplaced)         0.000    13.490    gen_r2intt_r4.u_r2intt/add13/raw_sum_carry__1_n_0
                         CARRY4 (Prop_carry4_CI_CO[3])
                                                      0.054    13.544 r  gen_r2intt_r4.u_r2intt/add13/raw_sum_carry__2/CO[3]
                         net (fo=1, unplaced)         0.000    13.544    gen_r2intt_r4.u_r2intt/add13/raw_sum_carry__2_n_0
                         CARRY4 (Prop_carry4_CI_O[0])
                                                      0.114    13.658 r  gen_r2intt_r4.u_r2intt/add13/raw_sum_carry__3/O[0]
                         net (fo=1, unplaced)         0.191    13.849    gen_r2intt_r4.u_r2intt/add13/raw_sum_carry__3_n_7
                         LUT2 (Prop_lut2_I1_O)        0.123    13.972 r  gen_r2intt_r4.u_r2intt/add13/out0_carry_i_13__5/O
                         net (fo=1, unplaced)         0.000    13.972    gen_r2intt_r4.u_r2intt/add13/out0_carry_i_13__5_n_0
                         CARRY4 (Prop_carry4_S[0]_O[3])
                                                      0.292    14.264 r  gen_r2intt_r4.u_r2intt/add13/out0_carry_i_7__4/O[3]
                         net (fo=2, unplaced)         0.505    14.769    gen_intt_n2d1[3].u_intt_n2d1/out0_carry_6[3]
                         LUT6 (Prop_lut6_I3_O)        0.120    14.889 r  gen_intt_n2d1[3].u_intt_n2d1/out0_carry__2_i_17__1/O
                         net (fo=2, unplaced)         0.418    15.307    gen_intt_n2d1[3].u_intt_n2d1/gen_r2intt_r4.r2intt_out1[2]
                         LUT4 (Prop_lut4_I2_O)        0.043    15.350 r  gen_intt_n2d1[3].u_intt_n2d1/out0_carry__2_i_7__2/O
                         net (fo=4, unplaced)         0.766    16.116    gen_intt_n2d1[3].u_intt_n2d1/out0_carry__2_i_7__2_n_0
                         LUT6 (Prop_lut6_I2_O)        0.043    16.159 r  gen_intt_n2d1[3].u_intt_n2d1/product_i_19__0/O
                         net (fo=17, unplaced)        0.463    16.622    gen_intt_n2d1[3].u_intt_n2d1/product_i_19__0_n_0
                         LUT6 (Prop_lut6_I2_O)        0.043    16.665 r  gen_intt_n2d1[3].u_intt_n2d1/product_i_1__4/O
                         net (fo=1, unplaced)         0.466    17.131    gen_modmul_intt[1].u_mm_intt/product_4[16]
                         DSP48E1 (Prop_dsp48e1_A[16]_P[1])
                                                      2.737    19.868 r  gen_modmul_intt[1].u_mm_intt/product/P[1]
                         net (fo=1, unplaced)         0.466    20.333    gen_modmul_intt[1].u_mm_intt/product_n_104
                         LUT2 (Prop_lut2_I1_O)        0.043    20.376 r  gen_modmul_intt[1].u_mm_intt/gen_banks[0].mem_reg_0_63_0_2_i_202/O
                         net (fo=1, unplaced)         0.000    20.376    gen_modmul_intt[1].u_mm_intt/gen_banks[0].mem_reg_0_63_0_2_i_202_n_0
                         CARRY4 (Prop_carry4_S[1]_CO[3])
                                                      0.256    20.632 r  gen_modmul_intt[1].u_mm_intt/gen_banks[0].mem_reg_0_63_0_2_i_104/CO[3]
                         net (fo=1, unplaced)         0.007    20.639    gen_modmul_intt[1].u_mm_intt/gen_banks[0].mem_reg_0_63_0_2_i_104_n_0
                         CARRY4 (Prop_carry4_CI_CO[3])
                                                      0.054    20.693 r  gen_modmul_intt[1].u_mm_intt/gen_banks[0].mem_reg_0_63_3_5_i_74/CO[3]
                         net (fo=1, unplaced)         0.000    20.693    gen_modmul_intt[1].u_mm_intt/gen_banks[0].mem_reg_0_63_3_5_i_74_n_0
                         CARRY4 (Prop_carry4_CI_CO[3])
                                                      0.054    20.747 r  gen_modmul_intt[1].u_mm_intt/gen_banks[0].mem_reg_0_63_6_8_i_70/CO[3]
                         net (fo=1, unplaced)         0.000    20.747    gen_modmul_intt[1].u_mm_intt/gen_banks[0].mem_reg_0_63_6_8_i_70_n_0
                         CARRY4 (Prop_carry4_CI_CO[3])
                                                      0.054    20.801 r  gen_modmul_intt[1].u_mm_intt/gen_banks[0].mem_reg_0_63_12_14_i_74/CO[3]
                         net (fo=1, unplaced)         0.000    20.801    gen_modmul_intt[1].u_mm_intt/gen_banks[0].mem_reg_0_63_12_14_i_74_n_0
                         CARRY4 (Prop_carry4_CI_O[0])
                                                      0.114    20.915 r  gen_modmul_intt[1].u_mm_intt/gen_banks[0].mem_reg_0_63_0_2_i_204/O[0]
                         net (fo=3, unplaced)         0.686    21.601    gen_modmul_intt[1].u_mm_intt/product_3[0]
                         CARRY4 (Prop_carry4_S[3]_O[3])
                                                      0.237    21.838 r  gen_modmul_intt[1].u_mm_intt/gen_banks[0].mem_reg_0_63_12_14_i_105/O[3]
                         net (fo=1, unplaced)         0.494    22.332    u_ctrl/reduced0_5[15]
                         LUT5 (Prop_lut5_I4_O)        0.120    22.452 r  u_ctrl/gen_banks[0].mem_reg_0_63_15_17_i_44/O
                         net (fo=1, unplaced)         0.270    22.722    u_ctrl/gen_banks[0].mem_reg_0_63_15_17_i_44_n_0
                         LUT5 (Prop_lut5_I4_O)        0.043    22.765 r  u_ctrl/gen_banks[0].mem_reg_0_63_15_17_i_35/O
                         net (fo=1, unplaced)         0.742    23.507    gen_ntod1[1].u_nd1/gen_banks[1].mem_reg_0_63_33_33_i_3_1
                         LUT6 (Prop_lut6_I0_O)        0.043    23.550 r  gen_ntod1[1].u_nd1/gen_banks[0].mem_reg_0_63_15_17_i_18/O
                         net (fo=4, unplaced)         0.294    23.844    u_icon_in/gen_bfly_pack[1].rw[16]
                         LUT6 (Prop_lut6_I4_O)        0.043    23.887 r  u_icon_in/gen_banks[1].mem_reg_0_63_15_17_i_7/O
                         net (fo=2, unplaced)         0.253    24.140    u_ctrl/gen_banks[3].mem_reg_0_63_15_17_4
                         LUT6 (Prop_lut6_I4_O)        0.043    24.183 r  u_ctrl/gen_banks[1].mem_reg_0_63_15_17_i_2/O
                         net (fo=1, unplaced)         0.192    24.375    u_membanks/gen_banks[1].mem_reg_0_63_15_17/DIB
                         RAMD64E                                      r  u_membanks/gen_banks[1].mem_reg_0_63_15_17/RAMB/I
  -------------------------------------------------------------------    -------------------

                         (clock clk rise edge)        3.000     3.000 r  
                                                      0.000     3.000 r  clk (IN)
                         net (fo=0)                   0.000     3.000    clk
                         IBUF (Prop_ibuf_I_O)         0.649     3.649 r  clk_IBUF_inst/O
                         net (fo=1, unplaced)         0.442     4.091    clk_IBUF
                         BUFG (Prop_bufg_I_O)         0.083     4.174 r  clk_IBUF_BUFG_inst/O
                         net (fo=241, unplaced)       0.439     4.613    u_membanks/gen_banks[1].mem_reg_0_63_15_17/WCLK
                         RAMD64E                                      r  u_membanks/gen_banks[1].mem_reg_0_63_15_17/RAMB/CLK
                         clock pessimism              0.108     4.721    
                         clock uncertainty           -0.035     4.686    
                         RAMD64E (Setup_ramd64e_CLK_I)
                                                     -0.198     4.488    u_membanks/gen_banks[1].mem_reg_0_63_15_17/RAMB
  -------------------------------------------------------------------
                         required time                          4.488    
                         arrival time                         -24.375    
  -------------------------------------------------------------------
                         slack                                -19.888    

Slack (VIOLATED) :        -19.888ns  (required time - arrival time)
  Source:                 u_ctrl/b_cnt_reg[0]/C
                            (rising edge-triggered cell FDCE clocked by clk  {rise@0.000ns fall@1.500ns period=3.000ns})
  Destination:            u_membanks/gen_banks[3].mem_reg_0_63_15_17/RAMB/I
                            (rising edge-triggered cell RAMD64E clocked by clk  {rise@0.000ns fall@1.500ns period=3.000ns})
  Path Group:             clk
  Path Type:              Setup (Max at Slow Process Corner)
  Requirement:            3.000ns  (clk rise@3.000ns - clk rise@0.000ns)
  Data Path Delay:        22.509ns  (logic 8.681ns (38.566%)  route 13.828ns (61.434%))
  Logic Levels:           48  (CARRY4=23 DSP48E1=1 LUT2=3 LUT3=2 LUT4=5 LUT5=3 LUT6=10 RAMD64E=1)
  Clock Path Skew:        -0.145ns (DCD - SCD + CPR)
    Destination Clock Delay (DCD):    1.613ns = ( 4.613 - 3.000 ) 
    Source Clock Delay      (SCD):    1.866ns
    Clock Pessimism Removal (CPR):    0.108ns
  Clock Uncertainty:      0.035ns  ((TSJ^2 + TIJ^2)^1/2 + DJ) / 2 + PE
    Total System Jitter     (TSJ):    0.071ns
    Total Input Jitter      (TIJ):    0.000ns
    Discrete Jitter          (DJ):    0.000ns
    Phase Error              (PE):    0.000ns

    Location             Delay type                Incr(ns)  Path(ns)    Netlist Resource(s)
  -------------------------------------------------------------------    -------------------
                         (clock clk rise edge)        0.000     0.000 r  
                                                      0.000     0.000 r  clk (IN)
                         net (fo=0)                   0.000     0.000    clk
                         IBUF (Prop_ibuf_I_O)         0.723     0.723 r  clk_IBUF_inst/O
                         net (fo=1, unplaced)         0.466     1.189    clk_IBUF
                         BUFG (Prop_bufg_I_O)         0.093     1.282 r  clk_IBUF_BUFG_inst/O
                         net (fo=241, unplaced)       0.584     1.866    u_ctrl/clk_IBUF_BUFG
                         FDCE                                         r  u_ctrl/b_cnt_reg[0]/C
  -------------------------------------------------------------------    -------------------
                         FDCE (Prop_fdce_C_Q)         0.233     2.099 r  u_ctrl/b_cnt_reg[0]/Q
                         net (fo=13, unplaced)        0.317     2.416    u_ctrl/b_cnt_reg_n_0_[0]
                         LUT2 (Prop_lut2_I0_O)        0.123     2.539 r  u_ctrl/product_i_61/O
                         net (fo=1, unplaced)         0.000     2.539    u_ctrl/product_i_61_n_0
                         CARRY4 (Prop_carry4_S[1]_O[2])
                                                      0.278     2.817 r  u_ctrl/product_i_49/O[2]
                         net (fo=2, unplaced)         0.281     3.098    u_ctrl/product_i_49_n_5
                         LUT3 (Prop_lut3_I2_O)        0.127     3.225 r  u_ctrl/product_i_52/O
                         net (fo=1, unplaced)         0.000     3.225    u_ctrl/product_i_52_n_0
                         CARRY4 (Prop_carry4_S[0]_O[0])
                                                      0.120     3.345 r  u_ctrl/product_i_40/O[0]
                         net (fo=2, unplaced)         0.507     3.852    u_ctrl/orig_addrs2[5]
                         CARRY4 (Prop_carry4_DI[3]_CO[3])
                                                      0.273     4.125 r  u_ctrl/product_i_37/CO[3]
                         net (fo=1, unplaced)         0.007     4.132    u_ctrl/product_i_37_n_0
                         CARRY4 (Prop_carry4_CI_O[0])
                                                      0.114     4.246 r  u_ctrl/product_i_38/O[0]
                         net (fo=12, unplaced)        0.712     4.958    u_ctrl/orig_addrs[6]
                         CARRY4 (Prop_carry4_S[2]_O[3])
                                                      0.295     5.253 r  u_ctrl/gen_banks[0].mem_reg_0_63_0_2_i_57/O[3]
                         net (fo=4, unplaced)         0.518     5.771    u_icon_addr/orig_addrs[17]
                         LUT6 (Prop_lut6_I5_O)        0.120     5.891 r  u_icon_addr/gen_banks[0].mem_reg_0_63_0_2_i_24/O
                         net (fo=2, unplaced)         0.281     6.172    u_ctrl/ntt_waddr[5]
                         LUT4 (Prop_lut4_I0_O)        0.043     6.215 r  u_ctrl/gen_banks[0].mem_reg_0_63_0_2_i_5/O
                         net (fo=34, unplaced)        0.343     6.558    u_membanks/gen_banks[0].mem_reg_0_63_0_2/ADDRC5
                         RAMD64E (Prop_ramd64e_RADR5_O)
                                                      0.043     6.601 r  u_membanks/gen_banks[0].mem_reg_0_63_0_2/RAMC/O
                         net (fo=9, unplaced)         0.783     7.384    u_icon_out/bank_dout[2]
                         LUT6 (Prop_lut6_I1_O)        0.043     7.427 r  u_icon_out/product_i_32__0/O
                         net (fo=5, unplaced)         0.525     7.952    gen_intt_n2d1[3].u_intt_n2d1/gen_bfly_pack[3].cur_l[2]
                         CARRY4 (Prop_carry4_DI[1]_CO[3])
                                                      0.253     8.205 r  gen_intt_n2d1[3].u_intt_n2d1/out0_carry/CO[3]
                         net (fo=1, unplaced)         0.007     8.212    gen_intt_n2d1[3].u_intt_n2d1/out0_carry_n_0
                         CARRY4 (Prop_carry4_CI_O[3])
                                                      0.157     8.369 f  gen_intt_n2d1[3].u_intt_n2d1/out0_carry__0/O[3]
                         net (fo=5, unplaced)         0.466     8.835    gen_intt_n2d1[3].u_intt_n2d1/out0_carry__0_n_4
                         LUT5 (Prop_lut5_I2_O)        0.120     8.955 f  gen_intt_n2d1[3].u_intt_n2d1/raw_sum_carry_i_13__0/O
                         net (fo=1, unplaced)         0.407     9.362    gen_intt_n2d1[3].u_intt_n2d1/raw_sum_carry_i_13__0_n_0
                         LUT4 (Prop_lut4_I3_O)        0.043     9.405 r  gen_intt_n2d1[3].u_intt_n2d1/raw_sum_carry_i_9__5/O
                         net (fo=52, unplaced)        0.353     9.758    gen_intt_n2d1[3].u_intt_n2d1/raw_sum_carry_i_13__0_0
                         LUT4 (Prop_lut4_I3_O)        0.043     9.801 r  gen_intt_n2d1[3].u_intt_n2d1/raw_sum_carry_i_7__7/O
                         net (fo=1, unplaced)         0.000     9.801    gen_r2intt_r4.u_r2intt/sub23/add_inst/raw_sum_carry__0_i_14__0_1[1]
                         CARRY4 (Prop_carry4_S[1]_CO[3])
                                                      0.256    10.057 r  gen_r2intt_r4.u_r2intt/sub23/add_inst/raw_sum_carry/CO[3]
                         net (fo=1, unplaced)         0.007    10.064    gen_r2intt_r4.u_r2intt/sub23/add_inst/raw_sum_carry_n_0
                         CARRY4 (Prop_carry4_CI_O[1])
                                                      0.173    10.237 r  gen_r2intt_r4.u_r2intt/sub23/add_inst/raw_sum_carry__0/O[1]
                         net (fo=1, unplaced)         0.386    10.623    gen_r2intt_r4.u_r2intt/sub23/add_inst/raw_sum_carry__0_n_6
                         CARRY4 (Prop_carry4_S[1]_CO[3])
                                                      0.381    11.004 r  gen_r2intt_r4.u_r2intt/sub23/add_inst/raw_sum_carry__1_i_14__1/CO[3]
                         net (fo=1, unplaced)         0.000    11.004    gen_r2intt_r4.u_r2intt/sub23/add_inst/raw_sum_carry__1_i_14__1_n_0
                         CARRY4 (Prop_carry4_CI_O[3])
                                                      0.157    11.161 r  gen_r2intt_r4.u_r2intt/sub23/add_inst/raw_sum_carry_i_22__3/O[3]
                         net (fo=1, unplaced)         0.494    11.655    gen_intt_n2d1[3].u_intt_n2d1/raw_sum_carry_i_2__2[3]
                         LUT6 (Prop_lut6_I3_O)        0.120    11.775 r  gen_intt_n2d1[3].u_intt_n2d1/raw_sum_carry_i_13__6/O
                         net (fo=8, unplaced)         0.445    12.220    gen_intt_n2d1[3].u_intt_n2d1/raw_sum_carry_i_9__5_6
                         LUT4 (Prop_lut4_I1_O)        0.043    12.263 r  gen_intt_n2d1[3].u_intt_n2d1/raw_sum_carry_i_25__2/O
                         net (fo=1, unplaced)         0.407    12.670    gen_intt_n2d1[3].u_intt_n2d1/raw_sum_carry_i_25__2_n_0
                         LUT6 (Prop_lut6_I1_O)        0.043    12.713 r  gen_intt_n2d1[3].u_intt_n2d1/raw_sum_carry_i_14/O
                         net (fo=76, unplaced)        0.363    13.076    gen_intt_n2d1[3].u_intt_n2d1/raw_sum_carry_i_27__1_0
                         LUT3 (Prop_lut3_I2_O)        0.043    13.119 r  gen_intt_n2d1[3].u_intt_n2d1/raw_sum_carry_i_7__4/O
                         net (fo=1, unplaced)         0.000    13.119    gen_r2intt_r4.u_r2intt/add13/out0_carry_i_7__4_0[1]
                         CARRY4 (Prop_carry4_S[1]_CO[3])
                                                      0.256    13.375 r  gen_r2intt_r4.u_r2intt/add13/raw_sum_carry/CO[3]
                         net (fo=1, unplaced)         0.007    13.382    gen_r2intt_r4.u_r2intt/add13/raw_sum_carry_n_0
                         CARRY4 (Prop_carry4_CI_CO[3])
                                                      0.054    13.436 r  gen_r2intt_r4.u_r2intt/add13/raw_sum_carry__0/CO[3]
                         net (fo=1, unplaced)         0.000    13.436    gen_r2intt_r4.u_r2intt/add13/raw_sum_carry__0_n_0
                         CARRY4 (Prop_carry4_CI_CO[3])
                                                      0.054    13.490 r  gen_r2intt_r4.u_r2intt/add13/raw_sum_carry__1/CO[3]
                         net (fo=1, unplaced)         0.000    13.490    gen_r2intt_r4.u_r2intt/add13/raw_sum_carry__1_n_0
                         CARRY4 (Prop_carry4_CI_CO[3])
                                                      0.054    13.544 r  gen_r2intt_r4.u_r2intt/add13/raw_sum_carry__2/CO[3]
                         net (fo=1, unplaced)         0.000    13.544    gen_r2intt_r4.u_r2intt/add13/raw_sum_carry__2_n_0
                         CARRY4 (Prop_carry4_CI_O[0])
                                                      0.114    13.658 r  gen_r2intt_r4.u_r2intt/add13/raw_sum_carry__3/O[0]
                         net (fo=1, unplaced)         0.191    13.849    gen_r2intt_r4.u_r2intt/add13/raw_sum_carry__3_n_7
                         LUT2 (Prop_lut2_I1_O)        0.123    13.972 r  gen_r2intt_r4.u_r2intt/add13/out0_carry_i_13__5/O
                         net (fo=1, unplaced)         0.000    13.972    gen_r2intt_r4.u_r2intt/add13/out0_carry_i_13__5_n_0
                         CARRY4 (Prop_carry4_S[0]_O[3])
                                                      0.292    14.264 r  gen_r2intt_r4.u_r2intt/add13/out0_carry_i_7__4/O[3]
                         net (fo=2, unplaced)         0.505    14.769    gen_intt_n2d1[3].u_intt_n2d1/out0_carry_6[3]
                         LUT6 (Prop_lut6_I3_O)        0.120    14.889 r  gen_intt_n2d1[3].u_intt_n2d1/out0_carry__2_i_17__1/O
                         net (fo=2, unplaced)         0.418    15.307    gen_intt_n2d1[3].u_intt_n2d1/gen_r2intt_r4.r2intt_out1[2]
                         LUT4 (Prop_lut4_I2_O)        0.043    15.350 r  gen_intt_n2d1[3].u_intt_n2d1/out0_carry__2_i_7__2/O
                         net (fo=4, unplaced)         0.766    16.116    gen_intt_n2d1[3].u_intt_n2d1/out0_carry__2_i_7__2_n_0
                         LUT6 (Prop_lut6_I2_O)        0.043    16.159 r  gen_intt_n2d1[3].u_intt_n2d1/product_i_19__0/O
                         net (fo=17, unplaced)        0.463    16.622    gen_intt_n2d1[3].u_intt_n2d1/product_i_19__0_n_0
                         LUT6 (Prop_lut6_I2_O)        0.043    16.665 r  gen_intt_n2d1[3].u_intt_n2d1/product_i_1__4/O
                         net (fo=1, unplaced)         0.466    17.131    gen_modmul_intt[1].u_mm_intt/product_4[16]
                         DSP48E1 (Prop_dsp48e1_A[16]_P[1])
                                                      2.737    19.868 r  gen_modmul_intt[1].u_mm_intt/product/P[1]
                         net (fo=1, unplaced)         0.466    20.333    gen_modmul_intt[1].u_mm_intt/product_n_104
                         LUT2 (Prop_lut2_I1_O)        0.043    20.376 r  gen_modmul_intt[1].u_mm_intt/gen_banks[0].mem_reg_0_63_0_2_i_202/O
                         net (fo=1, unplaced)         0.000    20.376    gen_modmul_intt[1].u_mm_intt/gen_banks[0].mem_reg_0_63_0_2_i_202_n_0
                         CARRY4 (Prop_carry4_S[1]_CO[3])
                                                      0.256    20.632 r  gen_modmul_intt[1].u_mm_intt/gen_banks[0].mem_reg_0_63_0_2_i_104/CO[3]
                         net (fo=1, unplaced)         0.007    20.639    gen_modmul_intt[1].u_mm_intt/gen_banks[0].mem_reg_0_63_0_2_i_104_n_0
                         CARRY4 (Prop_carry4_CI_CO[3])
                                                      0.054    20.693 r  gen_modmul_intt[1].u_mm_intt/gen_banks[0].mem_reg_0_63_3_5_i_74/CO[3]
                         net (fo=1, unplaced)         0.000    20.693    gen_modmul_intt[1].u_mm_intt/gen_banks[0].mem_reg_0_63_3_5_i_74_n_0
                         CARRY4 (Prop_carry4_CI_CO[3])
                                                      0.054    20.747 r  gen_modmul_intt[1].u_mm_intt/gen_banks[0].mem_reg_0_63_6_8_i_70/CO[3]
                         net (fo=1, unplaced)         0.000    20.747    gen_modmul_intt[1].u_mm_intt/gen_banks[0].mem_reg_0_63_6_8_i_70_n_0
                         CARRY4 (Prop_carry4_CI_CO[3])
                                                      0.054    20.801 r  gen_modmul_intt[1].u_mm_intt/gen_banks[0].mem_reg_0_63_12_14_i_74/CO[3]
                         net (fo=1, unplaced)         0.000    20.801    gen_modmul_intt[1].u_mm_intt/gen_banks[0].mem_reg_0_63_12_14_i_74_n_0
                         CARRY4 (Prop_carry4_CI_O[0])
                                                      0.114    20.915 r  gen_modmul_intt[1].u_mm_intt/gen_banks[0].mem_reg_0_63_0_2_i_204/O[0]
                         net (fo=3, unplaced)         0.686    21.601    gen_modmul_intt[1].u_mm_intt/product_3[0]
                         CARRY4 (Prop_carry4_S[3]_O[3])
                                                      0.237    21.838 r  gen_modmul_intt[1].u_mm_intt/gen_banks[0].mem_reg_0_63_12_14_i_105/O[3]
                         net (fo=1, unplaced)         0.494    22.332    u_ctrl/reduced0_5[15]
                         LUT5 (Prop_lut5_I4_O)        0.120    22.452 r  u_ctrl/gen_banks[0].mem_reg_0_63_15_17_i_44/O
                         net (fo=1, unplaced)         0.270    22.722    u_ctrl/gen_banks[0].mem_reg_0_63_15_17_i_44_n_0
                         LUT5 (Prop_lut5_I4_O)        0.043    22.765 r  u_ctrl/gen_banks[0].mem_reg_0_63_15_17_i_35/O
                         net (fo=1, unplaced)         0.742    23.507    gen_ntod1[1].u_nd1/gen_banks[1].mem_reg_0_63_33_33_i_3_1
                         LUT6 (Prop_lut6_I0_O)        0.043    23.550 r  gen_ntod1[1].u_nd1/gen_banks[0].mem_reg_0_63_15_17_i_18/O
                         net (fo=4, unplaced)         0.294    23.844    u_icon_in/gen_bfly_pack[1].rw[16]
                         LUT6 (Prop_lut6_I4_O)        0.043    23.887 r  u_icon_in/gen_banks[1].mem_reg_0_63_15_17_i_7/O
                         net (fo=2, unplaced)         0.253    24.140    u_ctrl/gen_banks[3].mem_reg_0_63_15_17_4
                         LUT6 (Prop_lut6_I2_O)        0.043    24.183 r  u_ctrl/gen_banks[3].mem_reg_0_63_15_17_i_2/O
                         net (fo=1, unplaced)         0.192    24.375    u_membanks/gen_banks[3].mem_reg_0_63_15_17/DIB
                         RAMD64E                                      r  u_membanks/gen_banks[3].mem_reg_0_63_15_17/RAMB/I
  -------------------------------------------------------------------    -------------------

                         (clock clk rise edge)        3.000     3.000 r  
                                                      0.000     3.000 r  clk (IN)
                         net (fo=0)                   0.000     3.000    clk
                         IBUF (Prop_ibuf_I_O)         0.649     3.649 r  clk_IBUF_inst/O
                         net (fo=1, unplaced)         0.442     4.091    clk_IBUF
                         BUFG (Prop_bufg_I_O)         0.083     4.174 r  clk_IBUF_BUFG_inst/O
                         net (fo=241, unplaced)       0.439     4.613    u_membanks/gen_banks[3].mem_reg_0_63_15_17/WCLK
                         RAMD64E                                      r  u_membanks/gen_banks[3].mem_reg_0_63_15_17/RAMB/CLK
                         clock pessimism              0.108     4.721    
                         clock uncertainty           -0.035     4.686    
                         RAMD64E (Setup_ramd64e_CLK_I)
                                                     -0.198     4.488    u_membanks/gen_banks[3].mem_reg_0_63_15_17/RAMB
  -------------------------------------------------------------------
                         required time                          4.488    
                         arrival time                         -24.375    
  -------------------------------------------------------------------
                         slack                                -19.888    

Slack (VIOLATED) :        -19.883ns  (required time - arrival time)
  Source:                 u_ctrl/b_cnt_reg[0]/C
                            (rising edge-triggered cell FDCE clocked by clk  {rise@0.000ns fall@1.500ns period=3.000ns})
  Destination:            u_membanks/gen_banks[1].mem_reg_0_63_0_2/RAMC/I
                            (rising edge-triggered cell RAMD64E clocked by clk  {rise@0.000ns fall@1.500ns period=3.000ns})
  Path Group:             clk
  Path Type:              Setup (Max at Slow Process Corner)
  Requirement:            3.000ns  (clk rise@3.000ns - clk rise@0.000ns)
  Data Path Delay:        22.498ns  (logic 8.432ns (37.478%)  route 14.066ns (62.522%))
  Logic Levels:           46  (CARRY4=19 DSP48E1=1 LUT2=3 LUT3=2 LUT4=6 LUT5=3 LUT6=11 RAMD64E=1)
  Clock Path Skew:        -0.145ns (DCD - SCD + CPR)
    Destination Clock Delay (DCD):    1.613ns = ( 4.613 - 3.000 ) 
    Source Clock Delay      (SCD):    1.866ns
    Clock Pessimism Removal (CPR):    0.108ns
  Clock Uncertainty:      0.035ns  ((TSJ^2 + TIJ^2)^1/2 + DJ) / 2 + PE
    Total System Jitter     (TSJ):    0.071ns
    Total Input Jitter      (TIJ):    0.000ns
    Discrete Jitter          (DJ):    0.000ns
    Phase Error              (PE):    0.000ns

    Location             Delay type                Incr(ns)  Path(ns)    Netlist Resource(s)
  -------------------------------------------------------------------    -------------------
                         (clock clk rise edge)        0.000     0.000 r  
                                                      0.000     0.000 r  clk (IN)
                         net (fo=0)                   0.000     0.000    clk
                         IBUF (Prop_ibuf_I_O)         0.723     0.723 r  clk_IBUF_inst/O
                         net (fo=1, unplaced)         0.466     1.189    clk_IBUF
                         BUFG (Prop_bufg_I_O)         0.093     1.282 r  clk_IBUF_BUFG_inst/O
                         net (fo=241, unplaced)       0.584     1.866    u_ctrl/clk_IBUF_BUFG
                         FDCE                                         r  u_ctrl/b_cnt_reg[0]/C
  -------------------------------------------------------------------    -------------------
                         FDCE (Prop_fdce_C_Q)         0.233     2.099 r  u_ctrl/b_cnt_reg[0]/Q
                         net (fo=13, unplaced)        0.317     2.416    u_ctrl/b_cnt_reg_n_0_[0]
                         LUT2 (Prop_lut2_I0_O)        0.123     2.539 r  u_ctrl/product_i_61/O
                         net (fo=1, unplaced)         0.000     2.539    u_ctrl/product_i_61_n_0
                         CARRY4 (Prop_carry4_S[1]_O[2])
                                                      0.278     2.817 r  u_ctrl/product_i_49/O[2]
                         net (fo=2, unplaced)         0.281     3.098    u_ctrl/product_i_49_n_5
                         LUT3 (Prop_lut3_I2_O)        0.127     3.225 r  u_ctrl/product_i_52/O
                         net (fo=1, unplaced)         0.000     3.225    u_ctrl/product_i_52_n_0
                         CARRY4 (Prop_carry4_S[0]_O[0])
                                                      0.120     3.345 r  u_ctrl/product_i_40/O[0]
                         net (fo=2, unplaced)         0.507     3.852    u_ctrl/orig_addrs2[5]
                         CARRY4 (Prop_carry4_DI[3]_CO[3])
                                                      0.273     4.125 r  u_ctrl/product_i_37/CO[3]
                         net (fo=1, unplaced)         0.007     4.132    u_ctrl/product_i_37_n_0
                         CARRY4 (Prop_carry4_CI_O[0])
                                                      0.114     4.246 r  u_ctrl/product_i_38/O[0]
                         net (fo=12, unplaced)        0.712     4.958    u_ctrl/orig_addrs[6]
                         CARRY4 (Prop_carry4_S[2]_O[3])
                                                      0.295     5.253 r  u_ctrl/gen_banks[0].mem_reg_0_63_0_2_i_57/O[3]
                         net (fo=4, unplaced)         0.518     5.771    u_icon_addr/orig_addrs[17]
                         LUT6 (Prop_lut6_I5_O)        0.120     5.891 r  u_icon_addr/gen_banks[0].mem_reg_0_63_0_2_i_24/O
                         net (fo=2, unplaced)         0.281     6.172    u_ctrl/ntt_waddr[5]
                         LUT4 (Prop_lut4_I0_O)        0.043     6.215 r  u_ctrl/gen_banks[0].mem_reg_0_63_0_2_i_5/O
                         net (fo=34, unplaced)        0.343     6.558    u_membanks/gen_banks[0].mem_reg_0_63_0_2/ADDRC5
                         RAMD64E (Prop_ramd64e_RADR5_O)
                                                      0.043     6.601 r  u_membanks/gen_banks[0].mem_reg_0_63_0_2/RAMC/O
                         net (fo=9, unplaced)         0.783     7.384    u_icon_out/bank_dout[2]
                         LUT6 (Prop_lut6_I1_O)        0.043     7.427 r  u_icon_out/product_i_32__0/O
                         net (fo=5, unplaced)         0.525     7.952    gen_intt_n2d1[3].u_intt_n2d1/gen_bfly_pack[3].cur_l[2]
                         CARRY4 (Prop_carry4_DI[1]_CO[3])
                                                      0.253     8.205 r  gen_intt_n2d1[3].u_intt_n2d1/out0_carry/CO[3]
                         net (fo=1, unplaced)         0.007     8.212    gen_intt_n2d1[3].u_intt_n2d1/out0_carry_n_0
                         CARRY4 (Prop_carry4_CI_O[3])
                                                      0.157     8.369 f  gen_intt_n2d1[3].u_intt_n2d1/out0_carry__0/O[3]
                         net (fo=5, unplaced)         0.466     8.835    gen_intt_n2d1[3].u_intt_n2d1/out0_carry__0_n_4
                         LUT5 (Prop_lut5_I2_O)        0.120     8.955 f  gen_intt_n2d1[3].u_intt_n2d1/raw_sum_carry_i_13__0/O
                         net (fo=1, unplaced)         0.407     9.362    gen_intt_n2d1[3].u_intt_n2d1/raw_sum_carry_i_13__0_n_0
                         LUT4 (Prop_lut4_I3_O)        0.043     9.405 r  gen_intt_n2d1[3].u_intt_n2d1/raw_sum_carry_i_9__5/O
                         net (fo=52, unplaced)        0.353     9.758    gen_intt_n2d1[3].u_intt_n2d1/raw_sum_carry_i_13__0_0
                         LUT4 (Prop_lut4_I3_O)        0.043     9.801 r  gen_intt_n2d1[3].u_intt_n2d1/raw_sum_carry_i_7__7/O
                         net (fo=1, unplaced)         0.000     9.801    gen_r2intt_r4.u_r2intt/sub23/add_inst/raw_sum_carry__0_i_14__0_1[1]
                         CARRY4 (Prop_carry4_S[1]_CO[3])
                                                      0.256    10.057 r  gen_r2intt_r4.u_r2intt/sub23/add_inst/raw_sum_carry/CO[3]
                         net (fo=1, unplaced)         0.007    10.064    gen_r2intt_r4.u_r2intt/sub23/add_inst/raw_sum_carry_n_0
                         CARRY4 (Prop_carry4_CI_O[1])
                                                      0.173    10.237 r  gen_r2intt_r4.u_r2intt/sub23/add_inst/raw_sum_carry__0/O[1]
                         net (fo=1, unplaced)         0.386    10.623    gen_r2intt_r4.u_r2intt/sub23/add_inst/raw_sum_carry__0_n_6
                         CARRY4 (Prop_carry4_S[1]_CO[3])
                                                      0.381    11.004 r  gen_r2intt_r4.u_r2intt/sub23/add_inst/raw_sum_carry__1_i_14__1/CO[3]
                         net (fo=1, unplaced)         0.000    11.004    gen_r2intt_r4.u_r2intt/sub23/add_inst/raw_sum_carry__1_i_14__1_n_0
                         CARRY4 (Prop_carry4_CI_O[3])
                                                      0.157    11.161 r  gen_r2intt_r4.u_r2intt/sub23/add_inst/raw_sum_carry_i_22__3/O[3]
                         net (fo=1, unplaced)         0.494    11.655    gen_intt_n2d1[3].u_intt_n2d1/raw_sum_carry_i_2__2[3]
                         LUT6 (Prop_lut6_I3_O)        0.120    11.775 r  gen_intt_n2d1[3].u_intt_n2d1/raw_sum_carry_i_13__6/O
                         net (fo=8, unplaced)         0.445    12.220    gen_intt_n2d1[3].u_intt_n2d1/raw_sum_carry_i_9__5_6
                         LUT4 (Prop_lut4_I1_O)        0.043    12.263 r  gen_intt_n2d1[3].u_intt_n2d1/raw_sum_carry_i_25__2/O
                         net (fo=1, unplaced)         0.407    12.670    gen_intt_n2d1[3].u_intt_n2d1/raw_sum_carry_i_25__2_n_0
                         LUT6 (Prop_lut6_I1_O)        0.043    12.713 r  gen_intt_n2d1[3].u_intt_n2d1/raw_sum_carry_i_14/O
                         net (fo=76, unplaced)        0.363    13.076    gen_intt_n2d1[3].u_intt_n2d1/raw_sum_carry_i_27__1_0
                         LUT3 (Prop_lut3_I2_O)        0.043    13.119 r  gen_intt_n2d1[3].u_intt_n2d1/raw_sum_carry_i_7__4/O
                         net (fo=1, unplaced)         0.000    13.119    gen_r2intt_r4.u_r2intt/add13/out0_carry_i_7__4_0[1]
                         CARRY4 (Prop_carry4_S[1]_CO[3])
                                                      0.256    13.375 r  gen_r2intt_r4.u_r2intt/add13/raw_sum_carry/CO[3]
                         net (fo=1, unplaced)         0.007    13.382    gen_r2intt_r4.u_r2intt/add13/raw_sum_carry_n_0
                         CARRY4 (Prop_carry4_CI_CO[3])
                                                      0.054    13.436 r  gen_r2intt_r4.u_r2intt/add13/raw_sum_carry__0/CO[3]
                         net (fo=1, unplaced)         0.000    13.436    gen_r2intt_r4.u_r2intt/add13/raw_sum_carry__0_n_0
                         CARRY4 (Prop_carry4_CI_CO[3])
                                                      0.054    13.490 r  gen_r2intt_r4.u_r2intt/add13/raw_sum_carry__1/CO[3]
                         net (fo=1, unplaced)         0.000    13.490    gen_r2intt_r4.u_r2intt/add13/raw_sum_carry__1_n_0
                         CARRY4 (Prop_carry4_CI_CO[3])
                                                      0.054    13.544 r  gen_r2intt_r4.u_r2intt/add13/raw_sum_carry__2/CO[3]
                         net (fo=1, unplaced)         0.000    13.544    gen_r2intt_r4.u_r2intt/add13/raw_sum_carry__2_n_0
                         CARRY4 (Prop_carry4_CI_O[0])
                                                      0.114    13.658 r  gen_r2intt_r4.u_r2intt/add13/raw_sum_carry__3/O[0]
                         net (fo=1, unplaced)         0.191    13.849    gen_r2intt_r4.u_r2intt/add13/raw_sum_carry__3_n_7
                         LUT2 (Prop_lut2_I1_O)        0.123    13.972 r  gen_r2intt_r4.u_r2intt/add13/out0_carry_i_13__5/O
                         net (fo=1, unplaced)         0.000    13.972    gen_r2intt_r4.u_r2intt/add13/out0_carry_i_13__5_n_0
                         CARRY4 (Prop_carry4_S[0]_O[3])
                                                      0.292    14.264 r  gen_r2intt_r4.u_r2intt/add13/out0_carry_i_7__4/O[3]
                         net (fo=2, unplaced)         0.505    14.769    gen_intt_n2d1[3].u_intt_n2d1/out0_carry_6[3]
                         LUT6 (Prop_lut6_I3_O)        0.120    14.889 r  gen_intt_n2d1[3].u_intt_n2d1/out0_carry__2_i_17__1/O
                         net (fo=2, unplaced)         0.418    15.307    gen_intt_n2d1[3].u_intt_n2d1/gen_r2intt_r4.r2intt_out1[2]
                         LUT4 (Prop_lut4_I2_O)        0.043    15.350 r  gen_intt_n2d1[3].u_intt_n2d1/out0_carry__2_i_7__2/O
                         net (fo=4, unplaced)         0.766    16.116    gen_intt_n2d1[3].u_intt_n2d1/out0_carry__2_i_7__2_n_0
                         LUT6 (Prop_lut6_I2_O)        0.043    16.159 r  gen_intt_n2d1[3].u_intt_n2d1/product_i_19__0/O
                         net (fo=17, unplaced)        0.463    16.622    gen_intt_n2d1[3].u_intt_n2d1/product_i_19__0_n_0
                         LUT6 (Prop_lut6_I2_O)        0.043    16.665 r  gen_intt_n2d1[3].u_intt_n2d1/product_i_1__4/O
                         net (fo=1, unplaced)         0.466    17.131    gen_modmul_intt[1].u_mm_intt/product_4[16]
                         DSP48E1 (Prop_dsp48e1_A[16]_P[1])
                                                      2.737    19.868 r  gen_modmul_intt[1].u_mm_intt/product/P[1]
                         net (fo=1, unplaced)         0.466    20.333    gen_modmul_intt[1].u_mm_intt/product_n_104
                         LUT2 (Prop_lut2_I1_O)        0.043    20.376 r  gen_modmul_intt[1].u_mm_intt/gen_banks[0].mem_reg_0_63_0_2_i_202/O
                         net (fo=1, unplaced)         0.000    20.376    gen_modmul_intt[1].u_mm_intt/gen_banks[0].mem_reg_0_63_0_2_i_202_n_0
                         CARRY4 (Prop_carry4_S[1]_CO[3])
                                                      0.256    20.632 r  gen_modmul_intt[1].u_mm_intt/gen_banks[0].mem_reg_0_63_0_2_i_104/CO[3]
                         net (fo=1, unplaced)         0.007    20.639    gen_modmul_intt[1].u_mm_intt/gen_banks[0].mem_reg_0_63_0_2_i_104_n_0
                         CARRY4 (Prop_carry4_CI_O[1])
                                                      0.173    20.812 r  gen_modmul_intt[1].u_mm_intt/gen_banks[0].mem_reg_0_63_3_5_i_74/O[1]
                         net (fo=4, unplaced)         0.350    21.162    u_membanks/gen_banks[0].mem_reg_0_63_0_2_i_105_3[1]
                         LUT4 (Prop_lut4_I1_O)        0.125    21.287 r  u_membanks/gen_banks[0].mem_reg_0_63_0_2_i_205/O
                         net (fo=1, unplaced)         0.742    22.029    u_membanks/gen_banks[0].mem_reg_0_63_0_2_i_205_n_0
                         LUT6 (Prop_lut6_I1_O)        0.043    22.072 r  u_membanks/gen_banks[0].mem_reg_0_63_0_2_i_105/O
                         net (fo=17, unplaced)        0.326    22.398    u_ctrl/reduced1_3
                         LUT5 (Prop_lut5_I2_O)        0.043    22.441 r  u_ctrl/gen_banks[0].mem_reg_0_63_0_2_i_182/O
                         net (fo=1, unplaced)         0.270    22.711    u_ctrl/gen_banks[0].mem_reg_0_63_0_2_i_182_n_0
                         LUT5 (Prop_lut5_I4_O)        0.043    22.754 r  u_ctrl/gen_banks[0].mem_reg_0_63_0_2_i_82/O
                         net (fo=1, unplaced)         0.742    23.496    gen_ntod1[1].u_nd1/gen_banks[1].mem_reg_0_63_18_20_i_7
                         LUT6 (Prop_lut6_I0_O)        0.043    23.539 r  gen_ntod1[1].u_nd1/gen_banks[0].mem_reg_0_63_0_2_i_47/O
                         net (fo=4, unplaced)         0.294    23.833    u_icon_in/gen_bfly_pack[1].rw[2]
                         LUT6 (Prop_lut6_I4_O)        0.043    23.876 r  u_icon_in/gen_banks[1].mem_reg_0_63_0_2_i_23/O
                         net (fo=2, unplaced)         0.253    24.129    u_ctrl/gen_banks[3].mem_reg_0_63_0_2_4
                         LUT6 (Prop_lut6_I4_O)        0.043    24.172 r  u_ctrl/gen_banks[1].mem_reg_0_63_0_2_i_3/O
                         net (fo=1, unplaced)         0.192    24.364    u_membanks/gen_banks[1].mem_reg_0_63_0_2/DIC
                         RAMD64E                                      r  u_membanks/gen_banks[1].mem_reg_0_63_0_2/RAMC/I
  -------------------------------------------------------------------    -------------------

                         (clock clk rise edge)        3.000     3.000 r  
                                                      0.000     3.000 r  clk (IN)
                         net (fo=0)                   0.000     3.000    clk
                         IBUF (Prop_ibuf_I_O)         0.649     3.649 r  clk_IBUF_inst/O
                         net (fo=1, unplaced)         0.442     4.091    clk_IBUF
                         BUFG (Prop_bufg_I_O)         0.083     4.174 r  clk_IBUF_BUFG_inst/O
                         net (fo=241, unplaced)       0.439     4.613    u_membanks/gen_banks[1].mem_reg_0_63_0_2/WCLK
                         RAMD64E                                      r  u_membanks/gen_banks[1].mem_reg_0_63_0_2/RAMC/CLK
                         clock pessimism              0.108     4.721    
                         clock uncertainty           -0.035     4.686    
                         RAMD64E (Setup_ramd64e_CLK_I)
                                                     -0.204     4.482    u_membanks/gen_banks[1].mem_reg_0_63_0_2/RAMC
  -------------------------------------------------------------------
                         required time                          4.482    
                         arrival time                         -24.364    
  -------------------------------------------------------------------
                         slack                                -19.883    

Slack (VIOLATED) :        -19.883ns  (required time - arrival time)
  Source:                 u_ctrl/b_cnt_reg[0]/C
                            (rising edge-triggered cell FDCE clocked by clk  {rise@0.000ns fall@1.500ns period=3.000ns})
  Destination:            u_membanks/gen_banks[1].mem_reg_0_63_18_20/RAMC/I
                            (rising edge-triggered cell RAMD64E clocked by clk  {rise@0.000ns fall@1.500ns period=3.000ns})
  Path Group:             clk
  Path Type:              Setup (Max at Slow Process Corner)
  Requirement:            3.000ns  (clk rise@3.000ns - clk rise@0.000ns)
  Data Path Delay:        22.498ns  (logic 8.432ns (37.478%)  route 14.066ns (62.522%))
  Logic Levels:           46  (CARRY4=19 DSP48E1=1 LUT2=3 LUT3=2 LUT4=6 LUT5=3 LUT6=11 RAMD64E=1)
  Clock Path Skew:        -0.145ns (DCD - SCD + CPR)
    Destination Clock Delay (DCD):    1.613ns = ( 4.613 - 3.000 ) 
    Source Clock Delay      (SCD):    1.866ns
    Clock Pessimism Removal (CPR):    0.108ns
  Clock Uncertainty:      0.035ns  ((TSJ^2 + TIJ^2)^1/2 + DJ) / 2 + PE
    Total System Jitter     (TSJ):    0.071ns
    Total Input Jitter      (TIJ):    0.000ns
    Discrete Jitter          (DJ):    0.000ns
    Phase Error              (PE):    0.000ns

    Location             Delay type                Incr(ns)  Path(ns)    Netlist Resource(s)
  -------------------------------------------------------------------    -------------------
                         (clock clk rise edge)        0.000     0.000 r  
                                                      0.000     0.000 r  clk (IN)
                         net (fo=0)                   0.000     0.000    clk
                         IBUF (Prop_ibuf_I_O)         0.723     0.723 r  clk_IBUF_inst/O
                         net (fo=1, unplaced)         0.466     1.189    clk_IBUF
                         BUFG (Prop_bufg_I_O)         0.093     1.282 r  clk_IBUF_BUFG_inst/O
                         net (fo=241, unplaced)       0.584     1.866    u_ctrl/clk_IBUF_BUFG
                         FDCE                                         r  u_ctrl/b_cnt_reg[0]/C
  -------------------------------------------------------------------    -------------------
                         FDCE (Prop_fdce_C_Q)         0.233     2.099 r  u_ctrl/b_cnt_reg[0]/Q
                         net (fo=13, unplaced)        0.317     2.416    u_ctrl/b_cnt_reg_n_0_[0]
                         LUT2 (Prop_lut2_I0_O)        0.123     2.539 r  u_ctrl/product_i_61/O
                         net (fo=1, unplaced)         0.000     2.539    u_ctrl/product_i_61_n_0
                         CARRY4 (Prop_carry4_S[1]_O[2])
                                                      0.278     2.817 r  u_ctrl/product_i_49/O[2]
                         net (fo=2, unplaced)         0.281     3.098    u_ctrl/product_i_49_n_5
                         LUT3 (Prop_lut3_I2_O)        0.127     3.225 r  u_ctrl/product_i_52/O
                         net (fo=1, unplaced)         0.000     3.225    u_ctrl/product_i_52_n_0
                         CARRY4 (Prop_carry4_S[0]_O[0])
                                                      0.120     3.345 r  u_ctrl/product_i_40/O[0]
                         net (fo=2, unplaced)         0.507     3.852    u_ctrl/orig_addrs2[5]
                         CARRY4 (Prop_carry4_DI[3]_CO[3])
                                                      0.273     4.125 r  u_ctrl/product_i_37/CO[3]
                         net (fo=1, unplaced)         0.007     4.132    u_ctrl/product_i_37_n_0
                         CARRY4 (Prop_carry4_CI_O[0])
                                                      0.114     4.246 r  u_ctrl/product_i_38/O[0]
                         net (fo=12, unplaced)        0.712     4.958    u_ctrl/orig_addrs[6]
                         CARRY4 (Prop_carry4_S[2]_O[3])
                                                      0.295     5.253 r  u_ctrl/gen_banks[0].mem_reg_0_63_0_2_i_57/O[3]
                         net (fo=4, unplaced)         0.518     5.771    u_icon_addr/orig_addrs[17]
                         LUT6 (Prop_lut6_I5_O)        0.120     5.891 r  u_icon_addr/gen_banks[0].mem_reg_0_63_0_2_i_24/O
                         net (fo=2, unplaced)         0.281     6.172    u_ctrl/ntt_waddr[5]
                         LUT4 (Prop_lut4_I0_O)        0.043     6.215 r  u_ctrl/gen_banks[0].mem_reg_0_63_0_2_i_5/O
                         net (fo=34, unplaced)        0.343     6.558    u_membanks/gen_banks[0].mem_reg_0_63_0_2/ADDRC5
                         RAMD64E (Prop_ramd64e_RADR5_O)
                                                      0.043     6.601 r  u_membanks/gen_banks[0].mem_reg_0_63_0_2/RAMC/O
                         net (fo=9, unplaced)         0.783     7.384    u_icon_out/bank_dout[2]
                         LUT6 (Prop_lut6_I1_O)        0.043     7.427 r  u_icon_out/product_i_32__0/O
                         net (fo=5, unplaced)         0.525     7.952    gen_intt_n2d1[3].u_intt_n2d1/gen_bfly_pack[3].cur_l[2]
                         CARRY4 (Prop_carry4_DI[1]_CO[3])
                                                      0.253     8.205 r  gen_intt_n2d1[3].u_intt_n2d1/out0_carry/CO[3]
                         net (fo=1, unplaced)         0.007     8.212    gen_intt_n2d1[3].u_intt_n2d1/out0_carry_n_0
                         CARRY4 (Prop_carry4_CI_O[3])
                                                      0.157     8.369 f  gen_intt_n2d1[3].u_intt_n2d1/out0_carry__0/O[3]
                         net (fo=5, unplaced)         0.466     8.835    gen_intt_n2d1[3].u_intt_n2d1/out0_carry__0_n_4
                         LUT5 (Prop_lut5_I2_O)        0.120     8.955 f  gen_intt_n2d1[3].u_intt_n2d1/raw_sum_carry_i_13__0/O
                         net (fo=1, unplaced)         0.407     9.362    gen_intt_n2d1[3].u_intt_n2d1/raw_sum_carry_i_13__0_n_0
                         LUT4 (Prop_lut4_I3_O)        0.043     9.405 r  gen_intt_n2d1[3].u_intt_n2d1/raw_sum_carry_i_9__5/O
                         net (fo=52, unplaced)        0.353     9.758    gen_intt_n2d1[3].u_intt_n2d1/raw_sum_carry_i_13__0_0
                         LUT4 (Prop_lut4_I3_O)        0.043     9.801 r  gen_intt_n2d1[3].u_intt_n2d1/raw_sum_carry_i_7__7/O
                         net (fo=1, unplaced)         0.000     9.801    gen_r2intt_r4.u_r2intt/sub23/add_inst/raw_sum_carry__0_i_14__0_1[1]
                         CARRY4 (Prop_carry4_S[1]_CO[3])
                                                      0.256    10.057 r  gen_r2intt_r4.u_r2intt/sub23/add_inst/raw_sum_carry/CO[3]
                         net (fo=1, unplaced)         0.007    10.064    gen_r2intt_r4.u_r2intt/sub23/add_inst/raw_sum_carry_n_0
                         CARRY4 (Prop_carry4_CI_O[1])
                                                      0.173    10.237 r  gen_r2intt_r4.u_r2intt/sub23/add_inst/raw_sum_carry__0/O[1]
                         net (fo=1, unplaced)         0.386    10.623    gen_r2intt_r4.u_r2intt/sub23/add_inst/raw_sum_carry__0_n_6
                         CARRY4 (Prop_carry4_S[1]_CO[3])
                                                      0.381    11.004 r  gen_r2intt_r4.u_r2intt/sub23/add_inst/raw_sum_carry__1_i_14__1/CO[3]
                         net (fo=1, unplaced)         0.000    11.004    gen_r2intt_r4.u_r2intt/sub23/add_inst/raw_sum_carry__1_i_14__1_n_0
                         CARRY4 (Prop_carry4_CI_O[3])
                                                      0.157    11.161 r  gen_r2intt_r4.u_r2intt/sub23/add_inst/raw_sum_carry_i_22__3/O[3]
                         net (fo=1, unplaced)         0.494    11.655    gen_intt_n2d1[3].u_intt_n2d1/raw_sum_carry_i_2__2[3]
                         LUT6 (Prop_lut6_I3_O)        0.120    11.775 r  gen_intt_n2d1[3].u_intt_n2d1/raw_sum_carry_i_13__6/O
                         net (fo=8, unplaced)         0.445    12.220    gen_intt_n2d1[3].u_intt_n2d1/raw_sum_carry_i_9__5_6
                         LUT4 (Prop_lut4_I1_O)        0.043    12.263 r  gen_intt_n2d1[3].u_intt_n2d1/raw_sum_carry_i_25__2/O
                         net (fo=1, unplaced)         0.407    12.670    gen_intt_n2d1[3].u_intt_n2d1/raw_sum_carry_i_25__2_n_0
                         LUT6 (Prop_lut6_I1_O)        0.043    12.713 r  gen_intt_n2d1[3].u_intt_n2d1/raw_sum_carry_i_14/O
                         net (fo=76, unplaced)        0.363    13.076    gen_intt_n2d1[3].u_intt_n2d1/raw_sum_carry_i_27__1_0
                         LUT3 (Prop_lut3_I2_O)        0.043    13.119 r  gen_intt_n2d1[3].u_intt_n2d1/raw_sum_carry_i_7__4/O
                         net (fo=1, unplaced)         0.000    13.119    gen_r2intt_r4.u_r2intt/add13/out0_carry_i_7__4_0[1]
                         CARRY4 (Prop_carry4_S[1]_CO[3])
                                                      0.256    13.375 r  gen_r2intt_r4.u_r2intt/add13/raw_sum_carry/CO[3]
                         net (fo=1, unplaced)         0.007    13.382    gen_r2intt_r4.u_r2intt/add13/raw_sum_carry_n_0
                         CARRY4 (Prop_carry4_CI_CO[3])
                                                      0.054    13.436 r  gen_r2intt_r4.u_r2intt/add13/raw_sum_carry__0/CO[3]
                         net (fo=1, unplaced)         0.000    13.436    gen_r2intt_r4.u_r2intt/add13/raw_sum_carry__0_n_0
                         CARRY4 (Prop_carry4_CI_CO[3])
                                                      0.054    13.490 r  gen_r2intt_r4.u_r2intt/add13/raw_sum_carry__1/CO[3]
                         net (fo=1, unplaced)         0.000    13.490    gen_r2intt_r4.u_r2intt/add13/raw_sum_carry__1_n_0
                         CARRY4 (Prop_carry4_CI_CO[3])
                                                      0.054    13.544 r  gen_r2intt_r4.u_r2intt/add13/raw_sum_carry__2/CO[3]
                         net (fo=1, unplaced)         0.000    13.544    gen_r2intt_r4.u_r2intt/add13/raw_sum_carry__2_n_0
                         CARRY4 (Prop_carry4_CI_O[0])
                                                      0.114    13.658 r  gen_r2intt_r4.u_r2intt/add13/raw_sum_carry__3/O[0]
                         net (fo=1, unplaced)         0.191    13.849    gen_r2intt_r4.u_r2intt/add13/raw_sum_carry__3_n_7
                         LUT2 (Prop_lut2_I1_O)        0.123    13.972 r  gen_r2intt_r4.u_r2intt/add13/out0_carry_i_13__5/O
                         net (fo=1, unplaced)         0.000    13.972    gen_r2intt_r4.u_r2intt/add13/out0_carry_i_13__5_n_0
                         CARRY4 (Prop_carry4_S[0]_O[3])
                                                      0.292    14.264 r  gen_r2intt_r4.u_r2intt/add13/out0_carry_i_7__4/O[3]
                         net (fo=2, unplaced)         0.505    14.769    gen_intt_n2d1[3].u_intt_n2d1/out0_carry_6[3]
                         LUT6 (Prop_lut6_I3_O)        0.120    14.889 r  gen_intt_n2d1[3].u_intt_n2d1/out0_carry__2_i_17__1/O
                         net (fo=2, unplaced)         0.418    15.307    gen_intt_n2d1[3].u_intt_n2d1/gen_r2intt_r4.r2intt_out1[2]
                         LUT4 (Prop_lut4_I2_O)        0.043    15.350 r  gen_intt_n2d1[3].u_intt_n2d1/out0_carry__2_i_7__2/O
                         net (fo=4, unplaced)         0.766    16.116    gen_intt_n2d1[3].u_intt_n2d1/out0_carry__2_i_7__2_n_0
                         LUT6 (Prop_lut6_I2_O)        0.043    16.159 r  gen_intt_n2d1[3].u_intt_n2d1/product_i_19__0/O
                         net (fo=17, unplaced)        0.463    16.622    gen_intt_n2d1[3].u_intt_n2d1/product_i_19__0_n_0
                         LUT6 (Prop_lut6_I2_O)        0.043    16.665 r  gen_intt_n2d1[3].u_intt_n2d1/product_i_1__4/O
                         net (fo=1, unplaced)         0.466    17.131    gen_modmul_intt[1].u_mm_intt/product_4[16]
                         DSP48E1 (Prop_dsp48e1_A[16]_P[1])
                                                      2.737    19.868 r  gen_modmul_intt[1].u_mm_intt/product/P[1]
                         net (fo=1, unplaced)         0.466    20.333    gen_modmul_intt[1].u_mm_intt/product_n_104
                         LUT2 (Prop_lut2_I1_O)        0.043    20.376 r  gen_modmul_intt[1].u_mm_intt/gen_banks[0].mem_reg_0_63_0_2_i_202/O
                         net (fo=1, unplaced)         0.000    20.376    gen_modmul_intt[1].u_mm_intt/gen_banks[0].mem_reg_0_63_0_2_i_202_n_0
                         CARRY4 (Prop_carry4_S[1]_CO[3])
                                                      0.256    20.632 r  gen_modmul_intt[1].u_mm_intt/gen_banks[0].mem_reg_0_63_0_2_i_104/CO[3]
                         net (fo=1, unplaced)         0.007    20.639    gen_modmul_intt[1].u_mm_intt/gen_banks[0].mem_reg_0_63_0_2_i_104_n_0
                         CARRY4 (Prop_carry4_CI_O[1])
                                                      0.173    20.812 r  gen_modmul_intt[1].u_mm_intt/gen_banks[0].mem_reg_0_63_3_5_i_74/O[1]
                         net (fo=4, unplaced)         0.350    21.162    u_membanks/gen_banks[0].mem_reg_0_63_0_2_i_105_3[1]
                         LUT4 (Prop_lut4_I1_O)        0.125    21.287 r  u_membanks/gen_banks[0].mem_reg_0_63_0_2_i_205/O
                         net (fo=1, unplaced)         0.742    22.029    u_membanks/gen_banks[0].mem_reg_0_63_0_2_i_205_n_0
                         LUT6 (Prop_lut6_I1_O)        0.043    22.072 r  u_membanks/gen_banks[0].mem_reg_0_63_0_2_i_105/O
                         net (fo=17, unplaced)        0.326    22.398    u_ctrl/reduced1_3
                         LUT5 (Prop_lut5_I2_O)        0.043    22.441 r  u_ctrl/gen_banks[0].mem_reg_0_63_3_5_i_46/O
                         net (fo=1, unplaced)         0.270    22.711    u_ctrl/gen_banks[0].mem_reg_0_63_3_5_i_46_n_0
                         LUT5 (Prop_lut5_I4_O)        0.043    22.754 r  u_ctrl/gen_banks[0].mem_reg_0_63_3_5_i_34/O
                         net (fo=1, unplaced)         0.742    23.496    gen_ntod1[1].u_nd1/gen_banks[1].mem_reg_0_63_18_20_i_9
                         LUT6 (Prop_lut6_I0_O)        0.043    23.539 r  gen_ntod1[1].u_nd1/gen_banks[0].mem_reg_0_63_3_5_i_10/O
                         net (fo=4, unplaced)         0.294    23.833    u_icon_in/gen_bfly_pack[1].rw[3]
                         LUT6 (Prop_lut6_I5_O)        0.043    23.876 r  u_icon_in/gen_banks[1].mem_reg_0_63_18_20_i_9/O
                         net (fo=2, unplaced)         0.253    24.129    u_ctrl/gen_banks[3].mem_reg_0_63_18_20_4
                         LUT6 (Prop_lut6_I4_O)        0.043    24.172 r  u_ctrl/gen_banks[1].mem_reg_0_63_18_20_i_3/O
                         net (fo=1, unplaced)         0.192    24.364    u_membanks/gen_banks[1].mem_reg_0_63_18_20/DIC
                         RAMD64E                                      r  u_membanks/gen_banks[1].mem_reg_0_63_18_20/RAMC/I
  -------------------------------------------------------------------    -------------------

                         (clock clk rise edge)        3.000     3.000 r  
                                                      0.000     3.000 r  clk (IN)
                         net (fo=0)                   0.000     3.000    clk
                         IBUF (Prop_ibuf_I_O)         0.649     3.649 r  clk_IBUF_inst/O
                         net (fo=1, unplaced)         0.442     4.091    clk_IBUF
                         BUFG (Prop_bufg_I_O)         0.083     4.174 r  clk_IBUF_BUFG_inst/O
                         net (fo=241, unplaced)       0.439     4.613    u_membanks/gen_banks[1].mem_reg_0_63_18_20/WCLK
                         RAMD64E                                      r  u_membanks/gen_banks[1].mem_reg_0_63_18_20/RAMC/CLK
                         clock pessimism              0.108     4.721    
                         clock uncertainty           -0.035     4.686    
                         RAMD64E (Setup_ramd64e_CLK_I)
                                                     -0.204     4.482    u_membanks/gen_banks[1].mem_reg_0_63_18_20/RAMC
  -------------------------------------------------------------------
                         required time                          4.482    
                         arrival time                         -24.364    
  -------------------------------------------------------------------
                         slack                                -19.883    

Slack (VIOLATED) :        -19.883ns  (required time - arrival time)
  Source:                 u_ctrl/b_cnt_reg[0]/C
                            (rising edge-triggered cell FDCE clocked by clk  {rise@0.000ns fall@1.500ns period=3.000ns})
  Destination:            u_membanks/gen_banks[1].mem_reg_0_63_21_23/RAMC/I
                            (rising edge-triggered cell RAMD64E clocked by clk  {rise@0.000ns fall@1.500ns period=3.000ns})
  Path Group:             clk
  Path Type:              Setup (Max at Slow Process Corner)
  Requirement:            3.000ns  (clk rise@3.000ns - clk rise@0.000ns)
  Data Path Delay:        22.498ns  (logic 8.432ns (37.478%)  route 14.066ns (62.522%))
  Logic Levels:           46  (CARRY4=19 DSP48E1=1 LUT2=3 LUT3=2 LUT4=6 LUT5=3 LUT6=11 RAMD64E=1)
  Clock Path Skew:        -0.145ns (DCD - SCD + CPR)
    Destination Clock Delay (DCD):    1.613ns = ( 4.613 - 3.000 ) 
    Source Clock Delay      (SCD):    1.866ns
    Clock Pessimism Removal (CPR):    0.108ns
  Clock Uncertainty:      0.035ns  ((TSJ^2 + TIJ^2)^1/2 + DJ) / 2 + PE
    Total System Jitter     (TSJ):    0.071ns
    Total Input Jitter      (TIJ):    0.000ns
    Discrete Jitter          (DJ):    0.000ns
    Phase Error              (PE):    0.000ns

    Location             Delay type                Incr(ns)  Path(ns)    Netlist Resource(s)
  -------------------------------------------------------------------    -------------------
                         (clock clk rise edge)        0.000     0.000 r  
                                                      0.000     0.000 r  clk (IN)
                         net (fo=0)                   0.000     0.000    clk
                         IBUF (Prop_ibuf_I_O)         0.723     0.723 r  clk_IBUF_inst/O
                         net (fo=1, unplaced)         0.466     1.189    clk_IBUF
                         BUFG (Prop_bufg_I_O)         0.093     1.282 r  clk_IBUF_BUFG_inst/O
                         net (fo=241, unplaced)       0.584     1.866    u_ctrl/clk_IBUF_BUFG
                         FDCE                                         r  u_ctrl/b_cnt_reg[0]/C
  -------------------------------------------------------------------    -------------------
                         FDCE (Prop_fdce_C_Q)         0.233     2.099 r  u_ctrl/b_cnt_reg[0]/Q
                         net (fo=13, unplaced)        0.317     2.416    u_ctrl/b_cnt_reg_n_0_[0]
                         LUT2 (Prop_lut2_I0_O)        0.123     2.539 r  u_ctrl/product_i_61/O
                         net (fo=1, unplaced)         0.000     2.539    u_ctrl/product_i_61_n_0
                         CARRY4 (Prop_carry4_S[1]_O[2])
                                                      0.278     2.817 r  u_ctrl/product_i_49/O[2]
                         net (fo=2, unplaced)         0.281     3.098    u_ctrl/product_i_49_n_5
                         LUT3 (Prop_lut3_I2_O)        0.127     3.225 r  u_ctrl/product_i_52/O
                         net (fo=1, unplaced)         0.000     3.225    u_ctrl/product_i_52_n_0
                         CARRY4 (Prop_carry4_S[0]_O[0])
                                                      0.120     3.345 r  u_ctrl/product_i_40/O[0]
                         net (fo=2, unplaced)         0.507     3.852    u_ctrl/orig_addrs2[5]
                         CARRY4 (Prop_carry4_DI[3]_CO[3])
                                                      0.273     4.125 r  u_ctrl/product_i_37/CO[3]
                         net (fo=1, unplaced)         0.007     4.132    u_ctrl/product_i_37_n_0
                         CARRY4 (Prop_carry4_CI_O[0])
                                                      0.114     4.246 r  u_ctrl/product_i_38/O[0]
                         net (fo=12, unplaced)        0.712     4.958    u_ctrl/orig_addrs[6]
                         CARRY4 (Prop_carry4_S[2]_O[3])
                                                      0.295     5.253 r  u_ctrl/gen_banks[0].mem_reg_0_63_0_2_i_57/O[3]
                         net (fo=4, unplaced)         0.518     5.771    u_icon_addr/orig_addrs[17]
                         LUT6 (Prop_lut6_I5_O)        0.120     5.891 r  u_icon_addr/gen_banks[0].mem_reg_0_63_0_2_i_24/O
                         net (fo=2, unplaced)         0.281     6.172    u_ctrl/ntt_waddr[5]
                         LUT4 (Prop_lut4_I0_O)        0.043     6.215 r  u_ctrl/gen_banks[0].mem_reg_0_63_0_2_i_5/O
                         net (fo=34, unplaced)        0.343     6.558    u_membanks/gen_banks[0].mem_reg_0_63_0_2/ADDRC5
                         RAMD64E (Prop_ramd64e_RADR5_O)
                                                      0.043     6.601 r  u_membanks/gen_banks[0].mem_reg_0_63_0_2/RAMC/O
                         net (fo=9, unplaced)         0.783     7.384    u_icon_out/bank_dout[2]
                         LUT6 (Prop_lut6_I1_O)        0.043     7.427 r  u_icon_out/product_i_32__0/O
                         net (fo=5, unplaced)         0.525     7.952    gen_intt_n2d1[3].u_intt_n2d1/gen_bfly_pack[3].cur_l[2]
                         CARRY4 (Prop_carry4_DI[1]_CO[3])
                                                      0.253     8.205 r  gen_intt_n2d1[3].u_intt_n2d1/out0_carry/CO[3]
                         net (fo=1, unplaced)         0.007     8.212    gen_intt_n2d1[3].u_intt_n2d1/out0_carry_n_0
                         CARRY4 (Prop_carry4_CI_O[3])
                                                      0.157     8.369 f  gen_intt_n2d1[3].u_intt_n2d1/out0_carry__0/O[3]
                         net (fo=5, unplaced)         0.466     8.835    gen_intt_n2d1[3].u_intt_n2d1/out0_carry__0_n_4
                         LUT5 (Prop_lut5_I2_O)        0.120     8.955 f  gen_intt_n2d1[3].u_intt_n2d1/raw_sum_carry_i_13__0/O
                         net (fo=1, unplaced)         0.407     9.362    gen_intt_n2d1[3].u_intt_n2d1/raw_sum_carry_i_13__0_n_0
                         LUT4 (Prop_lut4_I3_O)        0.043     9.405 r  gen_intt_n2d1[3].u_intt_n2d1/raw_sum_carry_i_9__5/O
                         net (fo=52, unplaced)        0.353     9.758    gen_intt_n2d1[3].u_intt_n2d1/raw_sum_carry_i_13__0_0
                         LUT4 (Prop_lut4_I3_O)        0.043     9.801 r  gen_intt_n2d1[3].u_intt_n2d1/raw_sum_carry_i_7__7/O
                         net (fo=1, unplaced)         0.000     9.801    gen_r2intt_r4.u_r2intt/sub23/add_inst/raw_sum_carry__0_i_14__0_1[1]
                         CARRY4 (Prop_carry4_S[1]_CO[3])
                                                      0.256    10.057 r  gen_r2intt_r4.u_r2intt/sub23/add_inst/raw_sum_carry/CO[3]
                         net (fo=1, unplaced)         0.007    10.064    gen_r2intt_r4.u_r2intt/sub23/add_inst/raw_sum_carry_n_0
                         CARRY4 (Prop_carry4_CI_O[1])
                                                      0.173    10.237 r  gen_r2intt_r4.u_r2intt/sub23/add_inst/raw_sum_carry__0/O[1]
                         net (fo=1, unplaced)         0.386    10.623    gen_r2intt_r4.u_r2intt/sub23/add_inst/raw_sum_carry__0_n_6
                         CARRY4 (Prop_carry4_S[1]_CO[3])
                                                      0.381    11.004 r  gen_r2intt_r4.u_r2intt/sub23/add_inst/raw_sum_carry__1_i_14__1/CO[3]
                         net (fo=1, unplaced)         0.000    11.004    gen_r2intt_r4.u_r2intt/sub23/add_inst/raw_sum_carry__1_i_14__1_n_0
                         CARRY4 (Prop_carry4_CI_O[3])
                                                      0.157    11.161 r  gen_r2intt_r4.u_r2intt/sub23/add_inst/raw_sum_carry_i_22__3/O[3]
                         net (fo=1, unplaced)         0.494    11.655    gen_intt_n2d1[3].u_intt_n2d1/raw_sum_carry_i_2__2[3]
                         LUT6 (Prop_lut6_I3_O)        0.120    11.775 r  gen_intt_n2d1[3].u_intt_n2d1/raw_sum_carry_i_13__6/O
                         net (fo=8, unplaced)         0.445    12.220    gen_intt_n2d1[3].u_intt_n2d1/raw_sum_carry_i_9__5_6
                         LUT4 (Prop_lut4_I1_O)        0.043    12.263 r  gen_intt_n2d1[3].u_intt_n2d1/raw_sum_carry_i_25__2/O
                         net (fo=1, unplaced)         0.407    12.670    gen_intt_n2d1[3].u_intt_n2d1/raw_sum_carry_i_25__2_n_0
                         LUT6 (Prop_lut6_I1_O)        0.043    12.713 r  gen_intt_n2d1[3].u_intt_n2d1/raw_sum_carry_i_14/O
                         net (fo=76, unplaced)        0.363    13.076    gen_intt_n2d1[3].u_intt_n2d1/raw_sum_carry_i_27__1_0
                         LUT3 (Prop_lut3_I2_O)        0.043    13.119 r  gen_intt_n2d1[3].u_intt_n2d1/raw_sum_carry_i_7__4/O
                         net (fo=1, unplaced)         0.000    13.119    gen_r2intt_r4.u_r2intt/add13/out0_carry_i_7__4_0[1]
                         CARRY4 (Prop_carry4_S[1]_CO[3])
                                                      0.256    13.375 r  gen_r2intt_r4.u_r2intt/add13/raw_sum_carry/CO[3]
                         net (fo=1, unplaced)         0.007    13.382    gen_r2intt_r4.u_r2intt/add13/raw_sum_carry_n_0
                         CARRY4 (Prop_carry4_CI_CO[3])
                                                      0.054    13.436 r  gen_r2intt_r4.u_r2intt/add13/raw_sum_carry__0/CO[3]
                         net (fo=1, unplaced)         0.000    13.436    gen_r2intt_r4.u_r2intt/add13/raw_sum_carry__0_n_0
                         CARRY4 (Prop_carry4_CI_CO[3])
                                                      0.054    13.490 r  gen_r2intt_r4.u_r2intt/add13/raw_sum_carry__1/CO[3]
                         net (fo=1, unplaced)         0.000    13.490    gen_r2intt_r4.u_r2intt/add13/raw_sum_carry__1_n_0
                         CARRY4 (Prop_carry4_CI_CO[3])
                                                      0.054    13.544 r  gen_r2intt_r4.u_r2intt/add13/raw_sum_carry__2/CO[3]
                         net (fo=1, unplaced)         0.000    13.544    gen_r2intt_r4.u_r2intt/add13/raw_sum_carry__2_n_0
                         CARRY4 (Prop_carry4_CI_O[0])
                                                      0.114    13.658 r  gen_r2intt_r4.u_r2intt/add13/raw_sum_carry__3/O[0]
                         net (fo=1, unplaced)         0.191    13.849    gen_r2intt_r4.u_r2intt/add13/raw_sum_carry__3_n_7
                         LUT2 (Prop_lut2_I1_O)        0.123    13.972 r  gen_r2intt_r4.u_r2intt/add13/out0_carry_i_13__5/O
                         net (fo=1, unplaced)         0.000    13.972    gen_r2intt_r4.u_r2intt/add13/out0_carry_i_13__5_n_0
                         CARRY4 (Prop_carry4_S[0]_O[3])
                                                      0.292    14.264 r  gen_r2intt_r4.u_r2intt/add13/out0_carry_i_7__4/O[3]
                         net (fo=2, unplaced)         0.505    14.769    gen_intt_n2d1[3].u_intt_n2d1/out0_carry_6[3]
                         LUT6 (Prop_lut6_I3_O)        0.120    14.889 r  gen_intt_n2d1[3].u_intt_n2d1/out0_carry__2_i_17__1/O
                         net (fo=2, unplaced)         0.418    15.307    gen_intt_n2d1[3].u_intt_n2d1/gen_r2intt_r4.r2intt_out1[2]
                         LUT4 (Prop_lut4_I2_O)        0.043    15.350 r  gen_intt_n2d1[3].u_intt_n2d1/out0_carry__2_i_7__2/O
                         net (fo=4, unplaced)         0.766    16.116    gen_intt_n2d1[3].u_intt_n2d1/out0_carry__2_i_7__2_n_0
                         LUT6 (Prop_lut6_I2_O)        0.043    16.159 r  gen_intt_n2d1[3].u_intt_n2d1/product_i_19__0/O
                         net (fo=17, unplaced)        0.463    16.622    gen_intt_n2d1[3].u_intt_n2d1/product_i_19__0_n_0
                         LUT6 (Prop_lut6_I2_O)        0.043    16.665 r  gen_intt_n2d1[3].u_intt_n2d1/product_i_1__4/O
                         net (fo=1, unplaced)         0.466    17.131    gen_modmul_intt[1].u_mm_intt/product_4[16]
                         DSP48E1 (Prop_dsp48e1_A[16]_P[1])
                                                      2.737    19.868 r  gen_modmul_intt[1].u_mm_intt/product/P[1]
                         net (fo=1, unplaced)         0.466    20.333    gen_modmul_intt[1].u_mm_intt/product_n_104
                         LUT2 (Prop_lut2_I1_O)        0.043    20.376 r  gen_modmul_intt[1].u_mm_intt/gen_banks[0].mem_reg_0_63_0_2_i_202/O
                         net (fo=1, unplaced)         0.000    20.376    gen_modmul_intt[1].u_mm_intt/gen_banks[0].mem_reg_0_63_0_2_i_202_n_0
                         CARRY4 (Prop_carry4_S[1]_CO[3])
                                                      0.256    20.632 r  gen_modmul_intt[1].u_mm_intt/gen_banks[0].mem_reg_0_63_0_2_i_104/CO[3]
                         net (fo=1, unplaced)         0.007    20.639    gen_modmul_intt[1].u_mm_intt/gen_banks[0].mem_reg_0_63_0_2_i_104_n_0
                         CARRY4 (Prop_carry4_CI_O[1])
                                                      0.173    20.812 r  gen_modmul_intt[1].u_mm_intt/gen_banks[0].mem_reg_0_63_3_5_i_74/O[1]
                         net (fo=4, unplaced)         0.350    21.162    u_membanks/gen_banks[0].mem_reg_0_63_0_2_i_105_3[1]
                         LUT4 (Prop_lut4_I1_O)        0.125    21.287 r  u_membanks/gen_banks[0].mem_reg_0_63_0_2_i_205/O
                         net (fo=1, unplaced)         0.742    22.029    u_membanks/gen_banks[0].mem_reg_0_63_0_2_i_205_n_0
                         LUT6 (Prop_lut6_I1_O)        0.043    22.072 r  u_membanks/gen_banks[0].mem_reg_0_63_0_2_i_105/O
                         net (fo=17, unplaced)        0.326    22.398    u_ctrl/reduced1_3
                         LUT5 (Prop_lut5_I2_O)        0.043    22.441 r  u_ctrl/gen_banks[0].mem_reg_0_63_6_8_i_46/O
                         net (fo=1, unplaced)         0.270    22.711    u_ctrl/gen_banks[0].mem_reg_0_63_6_8_i_46_n_0
                         LUT5 (Prop_lut5_I4_O)        0.043    22.754 r  u_ctrl/gen_banks[0].mem_reg_0_63_6_8_i_34/O
                         net (fo=1, unplaced)         0.742    23.496    gen_ntod1[1].u_nd1/gen_banks[1].mem_reg_0_63_21_23_i_9
                         LUT6 (Prop_lut6_I0_O)        0.043    23.539 r  gen_ntod1[1].u_nd1/gen_banks[0].mem_reg_0_63_6_8_i_10/O
                         net (fo=4, unplaced)         0.294    23.833    u_icon_in/gen_bfly_pack[1].rw[6]
                         LUT6 (Prop_lut6_I5_O)        0.043    23.876 r  u_icon_in/gen_banks[1].mem_reg_0_63_21_23_i_9/O
                         net (fo=2, unplaced)         0.253    24.129    u_ctrl/gen_banks[3].mem_reg_0_63_21_23_4
                         LUT6 (Prop_lut6_I4_O)        0.043    24.172 r  u_ctrl/gen_banks[1].mem_reg_0_63_21_23_i_3/O
                         net (fo=1, unplaced)         0.192    24.364    u_membanks/gen_banks[1].mem_reg_0_63_21_23/DIC
                         RAMD64E                                      r  u_membanks/gen_banks[1].mem_reg_0_63_21_23/RAMC/I
  -------------------------------------------------------------------    -------------------

                         (clock clk rise edge)        3.000     3.000 r  
                                                      0.000     3.000 r  clk (IN)
                         net (fo=0)                   0.000     3.000    clk
                         IBUF (Prop_ibuf_I_O)         0.649     3.649 r  clk_IBUF_inst/O
                         net (fo=1, unplaced)         0.442     4.091    clk_IBUF
                         BUFG (Prop_bufg_I_O)         0.083     4.174 r  clk_IBUF_BUFG_inst/O
                         net (fo=241, unplaced)       0.439     4.613    u_membanks/gen_banks[1].mem_reg_0_63_21_23/WCLK
                         RAMD64E                                      r  u_membanks/gen_banks[1].mem_reg_0_63_21_23/RAMC/CLK
                         clock pessimism              0.108     4.721    
                         clock uncertainty           -0.035     4.686    
                         RAMD64E (Setup_ramd64e_CLK_I)
                                                     -0.204     4.482    u_membanks/gen_banks[1].mem_reg_0_63_21_23/RAMC
  -------------------------------------------------------------------
                         required time                          4.482    
                         arrival time                         -24.364    
  -------------------------------------------------------------------
                         slack                                -19.883    

Slack (VIOLATED) :        -19.883ns  (required time - arrival time)
  Source:                 u_ctrl/b_cnt_reg[0]/C
                            (rising edge-triggered cell FDCE clocked by clk  {rise@0.000ns fall@1.500ns period=3.000ns})
  Destination:            u_membanks/gen_banks[1].mem_reg_0_63_3_5/RAMC/I
                            (rising edge-triggered cell RAMD64E clocked by clk  {rise@0.000ns fall@1.500ns period=3.000ns})
  Path Group:             clk
  Path Type:              Setup (Max at Slow Process Corner)
  Requirement:            3.000ns  (clk rise@3.000ns - clk rise@0.000ns)
  Data Path Delay:        22.498ns  (logic 8.432ns (37.478%)  route 14.066ns (62.522%))
  Logic Levels:           46  (CARRY4=19 DSP48E1=1 LUT2=3 LUT3=2 LUT4=6 LUT5=3 LUT6=11 RAMD64E=1)
  Clock Path Skew:        -0.145ns (DCD - SCD + CPR)
    Destination Clock Delay (DCD):    1.613ns = ( 4.613 - 3.000 ) 
    Source Clock Delay      (SCD):    1.866ns
    Clock Pessimism Removal (CPR):    0.108ns
  Clock Uncertainty:      0.035ns  ((TSJ^2 + TIJ^2)^1/2 + DJ) / 2 + PE
    Total System Jitter     (TSJ):    0.071ns
    Total Input Jitter      (TIJ):    0.000ns
    Discrete Jitter          (DJ):    0.000ns
    Phase Error              (PE):    0.000ns

    Location             Delay type                Incr(ns)  Path(ns)    Netlist Resource(s)
  -------------------------------------------------------------------    -------------------
                         (clock clk rise edge)        0.000     0.000 r  
                                                      0.000     0.000 r  clk (IN)
                         net (fo=0)                   0.000     0.000    clk
                         IBUF (Prop_ibuf_I_O)         0.723     0.723 r  clk_IBUF_inst/O
                         net (fo=1, unplaced)         0.466     1.189    clk_IBUF
                         BUFG (Prop_bufg_I_O)         0.093     1.282 r  clk_IBUF_BUFG_inst/O
                         net (fo=241, unplaced)       0.584     1.866    u_ctrl/clk_IBUF_BUFG
                         FDCE                                         r  u_ctrl/b_cnt_reg[0]/C
  -------------------------------------------------------------------    -------------------
                         FDCE (Prop_fdce_C_Q)         0.233     2.099 r  u_ctrl/b_cnt_reg[0]/Q
                         net (fo=13, unplaced)        0.317     2.416    u_ctrl/b_cnt_reg_n_0_[0]
                         LUT2 (Prop_lut2_I0_O)        0.123     2.539 r  u_ctrl/product_i_61/O
                         net (fo=1, unplaced)         0.000     2.539    u_ctrl/product_i_61_n_0
                         CARRY4 (Prop_carry4_S[1]_O[2])
                                                      0.278     2.817 r  u_ctrl/product_i_49/O[2]
                         net (fo=2, unplaced)         0.281     3.098    u_ctrl/product_i_49_n_5
                         LUT3 (Prop_lut3_I2_O)        0.127     3.225 r  u_ctrl/product_i_52/O
                         net (fo=1, unplaced)         0.000     3.225    u_ctrl/product_i_52_n_0
                         CARRY4 (Prop_carry4_S[0]_O[0])
                                                      0.120     3.345 r  u_ctrl/product_i_40/O[0]
                         net (fo=2, unplaced)         0.507     3.852    u_ctrl/orig_addrs2[5]
                         CARRY4 (Prop_carry4_DI[3]_CO[3])
                                                      0.273     4.125 r  u_ctrl/product_i_37/CO[3]
                         net (fo=1, unplaced)         0.007     4.132    u_ctrl/product_i_37_n_0
                         CARRY4 (Prop_carry4_CI_O[0])
                                                      0.114     4.246 r  u_ctrl/product_i_38/O[0]
                         net (fo=12, unplaced)        0.712     4.958    u_ctrl/orig_addrs[6]
                         CARRY4 (Prop_carry4_S[2]_O[3])
                                                      0.295     5.253 r  u_ctrl/gen_banks[0].mem_reg_0_63_0_2_i_57/O[3]
                         net (fo=4, unplaced)         0.518     5.771    u_icon_addr/orig_addrs[17]
                         LUT6 (Prop_lut6_I5_O)        0.120     5.891 r  u_icon_addr/gen_banks[0].mem_reg_0_63_0_2_i_24/O
                         net (fo=2, unplaced)         0.281     6.172    u_ctrl/ntt_waddr[5]
                         LUT4 (Prop_lut4_I0_O)        0.043     6.215 r  u_ctrl/gen_banks[0].mem_reg_0_63_0_2_i_5/O
                         net (fo=34, unplaced)        0.343     6.558    u_membanks/gen_banks[0].mem_reg_0_63_0_2/ADDRC5
                         RAMD64E (Prop_ramd64e_RADR5_O)
                                                      0.043     6.601 r  u_membanks/gen_banks[0].mem_reg_0_63_0_2/RAMC/O
                         net (fo=9, unplaced)         0.783     7.384    u_icon_out/bank_dout[2]
                         LUT6 (Prop_lut6_I1_O)        0.043     7.427 r  u_icon_out/product_i_32__0/O
                         net (fo=5, unplaced)         0.525     7.952    gen_intt_n2d1[3].u_intt_n2d1/gen_bfly_pack[3].cur_l[2]
                         CARRY4 (Prop_carry4_DI[1]_CO[3])
                                                      0.253     8.205 r  gen_intt_n2d1[3].u_intt_n2d1/out0_carry/CO[3]
                         net (fo=1, unplaced)         0.007     8.212    gen_intt_n2d1[3].u_intt_n2d1/out0_carry_n_0
                         CARRY4 (Prop_carry4_CI_O[3])
                                                      0.157     8.369 f  gen_intt_n2d1[3].u_intt_n2d1/out0_carry__0/O[3]
                         net (fo=5, unplaced)         0.466     8.835    gen_intt_n2d1[3].u_intt_n2d1/out0_carry__0_n_4
                         LUT5 (Prop_lut5_I2_O)        0.120     8.955 f  gen_intt_n2d1[3].u_intt_n2d1/raw_sum_carry_i_13__0/O
                         net (fo=1, unplaced)         0.407     9.362    gen_intt_n2d1[3].u_intt_n2d1/raw_sum_carry_i_13__0_n_0
                         LUT4 (Prop_lut4_I3_O)        0.043     9.405 r  gen_intt_n2d1[3].u_intt_n2d1/raw_sum_carry_i_9__5/O
                         net (fo=52, unplaced)        0.353     9.758    gen_intt_n2d1[3].u_intt_n2d1/raw_sum_carry_i_13__0_0
                         LUT4 (Prop_lut4_I3_O)        0.043     9.801 r  gen_intt_n2d1[3].u_intt_n2d1/raw_sum_carry_i_7__7/O
                         net (fo=1, unplaced)         0.000     9.801    gen_r2intt_r4.u_r2intt/sub23/add_inst/raw_sum_carry__0_i_14__0_1[1]
                         CARRY4 (Prop_carry4_S[1]_CO[3])
                                                      0.256    10.057 r  gen_r2intt_r4.u_r2intt/sub23/add_inst/raw_sum_carry/CO[3]
                         net (fo=1, unplaced)         0.007    10.064    gen_r2intt_r4.u_r2intt/sub23/add_inst/raw_sum_carry_n_0
                         CARRY4 (Prop_carry4_CI_O[1])
                                                      0.173    10.237 r  gen_r2intt_r4.u_r2intt/sub23/add_inst/raw_sum_carry__0/O[1]
                         net (fo=1, unplaced)         0.386    10.623    gen_r2intt_r4.u_r2intt/sub23/add_inst/raw_sum_carry__0_n_6
                         CARRY4 (Prop_carry4_S[1]_CO[3])
                                                      0.381    11.004 r  gen_r2intt_r4.u_r2intt/sub23/add_inst/raw_sum_carry__1_i_14__1/CO[3]
                         net (fo=1, unplaced)         0.000    11.004    gen_r2intt_r4.u_r2intt/sub23/add_inst/raw_sum_carry__1_i_14__1_n_0
                         CARRY4 (Prop_carry4_CI_O[3])
                                                      0.157    11.161 r  gen_r2intt_r4.u_r2intt/sub23/add_inst/raw_sum_carry_i_22__3/O[3]
                         net (fo=1, unplaced)         0.494    11.655    gen_intt_n2d1[3].u_intt_n2d1/raw_sum_carry_i_2__2[3]
                         LUT6 (Prop_lut6_I3_O)        0.120    11.775 r  gen_intt_n2d1[3].u_intt_n2d1/raw_sum_carry_i_13__6/O
                         net (fo=8, unplaced)         0.445    12.220    gen_intt_n2d1[3].u_intt_n2d1/raw_sum_carry_i_9__5_6
                         LUT4 (Prop_lut4_I1_O)        0.043    12.263 r  gen_intt_n2d1[3].u_intt_n2d1/raw_sum_carry_i_25__2/O
                         net (fo=1, unplaced)         0.407    12.670    gen_intt_n2d1[3].u_intt_n2d1/raw_sum_carry_i_25__2_n_0
                         LUT6 (Prop_lut6_I1_O)        0.043    12.713 r  gen_intt_n2d1[3].u_intt_n2d1/raw_sum_carry_i_14/O
                         net (fo=76, unplaced)        0.363    13.076    gen_intt_n2d1[3].u_intt_n2d1/raw_sum_carry_i_27__1_0
                         LUT3 (Prop_lut3_I2_O)        0.043    13.119 r  gen_intt_n2d1[3].u_intt_n2d1/raw_sum_carry_i_7__4/O
                         net (fo=1, unplaced)         0.000    13.119    gen_r2intt_r4.u_r2intt/add13/out0_carry_i_7__4_0[1]
                         CARRY4 (Prop_carry4_S[1]_CO[3])
                                                      0.256    13.375 r  gen_r2intt_r4.u_r2intt/add13/raw_sum_carry/CO[3]
                         net (fo=1, unplaced)         0.007    13.382    gen_r2intt_r4.u_r2intt/add13/raw_sum_carry_n_0
                         CARRY4 (Prop_carry4_CI_CO[3])
                                                      0.054    13.436 r  gen_r2intt_r4.u_r2intt/add13/raw_sum_carry__0/CO[3]
                         net (fo=1, unplaced)         0.000    13.436    gen_r2intt_r4.u_r2intt/add13/raw_sum_carry__0_n_0
                         CARRY4 (Prop_carry4_CI_CO[3])
                                                      0.054    13.490 r  gen_r2intt_r4.u_r2intt/add13/raw_sum_carry__1/CO[3]
                         net (fo=1, unplaced)         0.000    13.490    gen_r2intt_r4.u_r2intt/add13/raw_sum_carry__1_n_0
                         CARRY4 (Prop_carry4_CI_CO[3])
                                                      0.054    13.544 r  gen_r2intt_r4.u_r2intt/add13/raw_sum_carry__2/CO[3]
                         net (fo=1, unplaced)         0.000    13.544    gen_r2intt_r4.u_r2intt/add13/raw_sum_carry__2_n_0
                         CARRY4 (Prop_carry4_CI_O[0])
                                                      0.114    13.658 r  gen_r2intt_r4.u_r2intt/add13/raw_sum_carry__3/O[0]
                         net (fo=1, unplaced)         0.191    13.849    gen_r2intt_r4.u_r2intt/add13/raw_sum_carry__3_n_7
                         LUT2 (Prop_lut2_I1_O)        0.123    13.972 r  gen_r2intt_r4.u_r2intt/add13/out0_carry_i_13__5/O
                         net (fo=1, unplaced)         0.000    13.972    gen_r2intt_r4.u_r2intt/add13/out0_carry_i_13__5_n_0
                         CARRY4 (Prop_carry4_S[0]_O[3])
                                                      0.292    14.264 r  gen_r2intt_r4.u_r2intt/add13/out0_carry_i_7__4/O[3]
                         net (fo=2, unplaced)         0.505    14.769    gen_intt_n2d1[3].u_intt_n2d1/out0_carry_6[3]
                         LUT6 (Prop_lut6_I3_O)        0.120    14.889 r  gen_intt_n2d1[3].u_intt_n2d1/out0_carry__2_i_17__1/O
                         net (fo=2, unplaced)         0.418    15.307    gen_intt_n2d1[3].u_intt_n2d1/gen_r2intt_r4.r2intt_out1[2]
                         LUT4 (Prop_lut4_I2_O)        0.043    15.350 r  gen_intt_n2d1[3].u_intt_n2d1/out0_carry__2_i_7__2/O
                         net (fo=4, unplaced)         0.766    16.116    gen_intt_n2d1[3].u_intt_n2d1/out0_carry__2_i_7__2_n_0
                         LUT6 (Prop_lut6_I2_O)        0.043    16.159 r  gen_intt_n2d1[3].u_intt_n2d1/product_i_19__0/O
                         net (fo=17, unplaced)        0.463    16.622    gen_intt_n2d1[3].u_intt_n2d1/product_i_19__0_n_0
                         LUT6 (Prop_lut6_I2_O)        0.043    16.665 r  gen_intt_n2d1[3].u_intt_n2d1/product_i_1__4/O
                         net (fo=1, unplaced)         0.466    17.131    gen_modmul_intt[1].u_mm_intt/product_4[16]
                         DSP48E1 (Prop_dsp48e1_A[16]_P[1])
                                                      2.737    19.868 r  gen_modmul_intt[1].u_mm_intt/product/P[1]
                         net (fo=1, unplaced)         0.466    20.333    gen_modmul_intt[1].u_mm_intt/product_n_104
                         LUT2 (Prop_lut2_I1_O)        0.043    20.376 r  gen_modmul_intt[1].u_mm_intt/gen_banks[0].mem_reg_0_63_0_2_i_202/O
                         net (fo=1, unplaced)         0.000    20.376    gen_modmul_intt[1].u_mm_intt/gen_banks[0].mem_reg_0_63_0_2_i_202_n_0
                         CARRY4 (Prop_carry4_S[1]_CO[3])
                                                      0.256    20.632 r  gen_modmul_intt[1].u_mm_intt/gen_banks[0].mem_reg_0_63_0_2_i_104/CO[3]
                         net (fo=1, unplaced)         0.007    20.639    gen_modmul_intt[1].u_mm_intt/gen_banks[0].mem_reg_0_63_0_2_i_104_n_0
                         CARRY4 (Prop_carry4_CI_O[1])
                                                      0.173    20.812 r  gen_modmul_intt[1].u_mm_intt/gen_banks[0].mem_reg_0_63_3_5_i_74/O[1]
                         net (fo=4, unplaced)         0.350    21.162    u_membanks/gen_banks[0].mem_reg_0_63_0_2_i_105_3[1]
                         LUT4 (Prop_lut4_I1_O)        0.125    21.287 r  u_membanks/gen_banks[0].mem_reg_0_63_0_2_i_205/O
                         net (fo=1, unplaced)         0.742    22.029    u_membanks/gen_banks[0].mem_reg_0_63_0_2_i_205_n_0
                         LUT6 (Prop_lut6_I1_O)        0.043    22.072 r  u_membanks/gen_banks[0].mem_reg_0_63_0_2_i_105/O
                         net (fo=17, unplaced)        0.326    22.398    u_ctrl/reduced1_3
                         LUT5 (Prop_lut5_I2_O)        0.043    22.441 r  u_ctrl/gen_banks[0].mem_reg_0_63_3_5_i_59/O
                         net (fo=1, unplaced)         0.270    22.711    u_ctrl/gen_banks[0].mem_reg_0_63_3_5_i_59_n_0
                         LUT5 (Prop_lut5_I4_O)        0.043    22.754 r  u_ctrl/gen_banks[0].mem_reg_0_63_3_5_i_42/O
                         net (fo=1, unplaced)         0.742    23.496    gen_ntod1[1].u_nd1/gen_banks[1].mem_reg_0_63_21_23_i_7
                         LUT6 (Prop_lut6_I0_O)        0.043    23.539 r  gen_ntod1[1].u_nd1/gen_banks[0].mem_reg_0_63_3_5_i_26/O
                         net (fo=4, unplaced)         0.294    23.833    u_icon_in/gen_bfly_pack[1].rw[5]
                         LUT6 (Prop_lut6_I4_O)        0.043    23.876 r  u_icon_in/gen_banks[1].mem_reg_0_63_3_5_i_9/O
                         net (fo=2, unplaced)         0.253    24.129    u_ctrl/gen_banks[3].mem_reg_0_63_3_5_4
                         LUT6 (Prop_lut6_I4_O)        0.043    24.172 r  u_ctrl/gen_banks[1].mem_reg_0_63_3_5_i_3/O
                         net (fo=1, unplaced)         0.192    24.364    u_membanks/gen_banks[1].mem_reg_0_63_3_5/DIC
                         RAMD64E                                      r  u_membanks/gen_banks[1].mem_reg_0_63_3_5/RAMC/I
  -------------------------------------------------------------------    -------------------

                         (clock clk rise edge)        3.000     3.000 r  
                                                      0.000     3.000 r  clk (IN)
                         net (fo=0)                   0.000     3.000    clk
                         IBUF (Prop_ibuf_I_O)         0.649     3.649 r  clk_IBUF_inst/O
                         net (fo=1, unplaced)         0.442     4.091    clk_IBUF
                         BUFG (Prop_bufg_I_O)         0.083     4.174 r  clk_IBUF_BUFG_inst/O
                         net (fo=241, unplaced)       0.439     4.613    u_membanks/gen_banks[1].mem_reg_0_63_3_5/WCLK
                         RAMD64E                                      r  u_membanks/gen_banks[1].mem_reg_0_63_3_5/RAMC/CLK
                         clock pessimism              0.108     4.721    
                         clock uncertainty           -0.035     4.686    
                         RAMD64E (Setup_ramd64e_CLK_I)
                                                     -0.204     4.482    u_membanks/gen_banks[1].mem_reg_0_63_3_5/RAMC
  -------------------------------------------------------------------
                         required time                          4.482    
                         arrival time                         -24.364    
  -------------------------------------------------------------------
                         slack                                -19.883    





Min Delay Paths
--------------------------------------------------------------------------------------
Slack (MET) :             0.066ns  (arrival time - required time)
  Source:                 u_ctrl/load_cnt_reg[0]/C
                            (rising edge-triggered cell FDCE clocked by clk  {rise@0.000ns fall@1.500ns period=3.000ns})
  Destination:            u_ctrl/load_cnt_reg[0]/D
                            (rising edge-triggered cell FDCE clocked by clk  {rise@0.000ns fall@1.500ns period=3.000ns})
  Path Group:             clk
  Path Type:              Hold (Min at Fast Process Corner)
  Requirement:            0.000ns  (clk rise@0.000ns - clk rise@0.000ns)
  Data Path Delay:        0.280ns  (logic 0.168ns (59.984%)  route 0.112ns (40.016%))
  Logic Levels:           1  (LUT4=1)
  Clock Path Skew:        0.145ns (DCD - SCD - CPR)
    Destination Clock Delay (DCD):    0.846ns
    Source Clock Delay      (SCD):    0.437ns
    Clock Pessimism Removal (CPR):    0.264ns

    Location             Delay type                Incr(ns)  Path(ns)    Netlist Resource(s)
  -------------------------------------------------------------------    -------------------
                         (clock clk rise edge)        0.000     0.000 r  
                                                      0.000     0.000 r  clk (IN)
                         net (fo=0)                   0.000     0.000    clk
                         IBUF (Prop_ibuf_I_O)         0.066     0.066 r  clk_IBUF_inst/O
                         net (fo=1, unplaced)         0.231     0.297    clk_IBUF
                         BUFG (Prop_bufg_I_O)         0.026     0.323 r  clk_IBUF_BUFG_inst/O
                         net (fo=241, unplaced)       0.114     0.437    u_ctrl/clk_IBUF_BUFG
                         FDCE                                         r  u_ctrl/load_cnt_reg[0]/C
  -------------------------------------------------------------------    -------------------
                         FDCE (Prop_fdce_C_Q)         0.104     0.541 f  u_ctrl/load_cnt_reg[0]/Q
                         net (fo=7, unplaced)         0.112     0.653    u_ctrl/load_cnt_reg_n_0_[0]
                         LUT4 (Prop_lut4_I3_O)        0.064     0.717 r  u_ctrl/load_cnt[0]_i_1/O
                         net (fo=1, unplaced)         0.000     0.717    u_ctrl/load_cnt[0]_i_1_n_0
                         FDCE                                         r  u_ctrl/load_cnt_reg[0]/D
  -------------------------------------------------------------------    -------------------

                         (clock clk rise edge)        0.000     0.000 r  
                                                      0.000     0.000 r  clk (IN)
                         net (fo=0)                   0.000     0.000    clk
                         IBUF (Prop_ibuf_I_O)         0.313     0.313 r  clk_IBUF_inst/O
                         net (fo=1, unplaced)         0.243     0.557    clk_IBUF
                         BUFG (Prop_bufg_I_O)         0.030     0.587 r  clk_IBUF_BUFG_inst/O
                         net (fo=241, unplaced)       0.259     0.846    u_ctrl/clk_IBUF_BUFG
                         FDCE                                         r  u_ctrl/load_cnt_reg[0]/C
                         clock pessimism             -0.264     0.582    
                         FDCE (Hold_fdce_C_D)         0.069     0.651    u_ctrl/load_cnt_reg[0]
  -------------------------------------------------------------------
                         required time                         -0.651    
                         arrival time                           0.717    
  -------------------------------------------------------------------
                         slack                                  0.066    

Slack (MET) :             0.067ns  (arrival time - required time)
  Source:                 u_ctrl/load_cnt_reg[1]/C
                            (rising edge-triggered cell FDCE clocked by clk  {rise@0.000ns fall@1.500ns period=3.000ns})
  Destination:            u_ctrl/load_cnt_reg[1]/D
                            (rising edge-triggered cell FDCE clocked by clk  {rise@0.000ns fall@1.500ns period=3.000ns})
  Path Group:             clk
  Path Type:              Hold (Min at Fast Process Corner)
  Requirement:            0.000ns  (clk rise@0.000ns - clk rise@0.000ns)
  Data Path Delay:        0.281ns  (logic 0.170ns (60.587%)  route 0.111ns (39.413%))
  Logic Levels:           1  (LUT5=1)
  Clock Path Skew:        0.145ns (DCD - SCD - CPR)
    Destination Clock Delay (DCD):    0.846ns
    Source Clock Delay      (SCD):    0.437ns
    Clock Pessimism Removal (CPR):    0.264ns

    Location             Delay type                Incr(ns)  Path(ns)    Netlist Resource(s)
  -------------------------------------------------------------------    -------------------
                         (clock clk rise edge)        0.000     0.000 r  
                                                      0.000     0.000 r  clk (IN)
                         net (fo=0)                   0.000     0.000    clk
                         IBUF (Prop_ibuf_I_O)         0.066     0.066 r  clk_IBUF_inst/O
                         net (fo=1, unplaced)         0.231     0.297    clk_IBUF
                         BUFG (Prop_bufg_I_O)         0.026     0.323 r  clk_IBUF_BUFG_inst/O
                         net (fo=241, unplaced)       0.114     0.437    u_ctrl/clk_IBUF_BUFG
                         FDCE                                         r  u_ctrl/load_cnt_reg[1]/C
  -------------------------------------------------------------------    -------------------
                         FDCE (Prop_fdce_C_Q)         0.104     0.541 r  u_ctrl/load_cnt_reg[1]/Q
                         net (fo=6, unplaced)         0.111     0.651    u_ctrl/load_cnt_reg_n_0_[1]
                         LUT5 (Prop_lut5_I4_O)        0.066     0.717 r  u_ctrl/load_cnt[1]_i_1/O
                         net (fo=1, unplaced)         0.000     0.717    u_ctrl/load_cnt[1]_i_1_n_0
                         FDCE                                         r  u_ctrl/load_cnt_reg[1]/D
  -------------------------------------------------------------------    -------------------

                         (clock clk rise edge)        0.000     0.000 r  
                                                      0.000     0.000 r  clk (IN)
                         net (fo=0)                   0.000     0.000    clk
                         IBUF (Prop_ibuf_I_O)         0.313     0.313 r  clk_IBUF_inst/O
                         net (fo=1, unplaced)         0.243     0.557    clk_IBUF
                         BUFG (Prop_bufg_I_O)         0.030     0.587 r  clk_IBUF_BUFG_inst/O
                         net (fo=241, unplaced)       0.259     0.846    u_ctrl/clk_IBUF_BUFG
                         FDCE                                         r  u_ctrl/load_cnt_reg[1]/C
                         clock pessimism             -0.264     0.582    
                         FDCE (Hold_fdce_C_D)         0.069     0.651    u_ctrl/load_cnt_reg[1]
  -------------------------------------------------------------------
                         required time                         -0.651    
                         arrival time                           0.717    
  -------------------------------------------------------------------
                         slack                                  0.067    

Slack (MET) :             0.075ns  (arrival time - required time)
  Source:                 u_ctrl/stage_cnt_reg[2]/C
                            (rising edge-triggered cell FDCE clocked by clk  {rise@0.000ns fall@1.500ns period=3.000ns})
  Destination:            u_ctrl/stage_cnt_reg[2]/D
                            (rising edge-triggered cell FDCE clocked by clk  {rise@0.000ns fall@1.500ns period=3.000ns})
  Path Group:             clk
  Path Type:              Hold (Min at Fast Process Corner)
  Requirement:            0.000ns  (clk rise@0.000ns - clk rise@0.000ns)
  Data Path Delay:        0.289ns  (logic 0.170ns (58.921%)  route 0.119ns (41.079%))
  Logic Levels:           1  (LUT4=1)
  Clock Path Skew:        0.145ns (DCD - SCD - CPR)
    Destination Clock Delay (DCD):    0.846ns
    Source Clock Delay      (SCD):    0.437ns
    Clock Pessimism Removal (CPR):    0.264ns

    Location             Delay type                Incr(ns)  Path(ns)    Netlist Resource(s)
  -------------------------------------------------------------------    -------------------
                         (clock clk rise edge)        0.000     0.000 r  
                                                      0.000     0.000 r  clk (IN)
                         net (fo=0)                   0.000     0.000    clk
                         IBUF (Prop_ibuf_I_O)         0.066     0.066 r  clk_IBUF_inst/O
                         net (fo=1, unplaced)         0.231     0.297    clk_IBUF
                         BUFG (Prop_bufg_I_O)         0.026     0.323 r  clk_IBUF_BUFG_inst/O
                         net (fo=241, unplaced)       0.114     0.437    u_ctrl/clk_IBUF_BUFG
                         FDCE                                         r  u_ctrl/stage_cnt_reg[2]/C
  -------------------------------------------------------------------    -------------------
                         FDCE (Prop_fdce_C_Q)         0.104     0.541 r  u_ctrl/stage_cnt_reg[2]/Q
                         net (fo=12, unplaced)        0.119     0.659    u_ctrl/stage_cnt_reg_n_0_[2]
                         LUT4 (Prop_lut4_I3_O)        0.066     0.725 r  u_ctrl/stage_cnt[2]_i_2/O
                         net (fo=1, unplaced)         0.000     0.725    u_ctrl/stage_cnt[2]_i_2_n_0
                         FDCE                                         r  u_ctrl/stage_cnt_reg[2]/D
  -------------------------------------------------------------------    -------------------

                         (clock clk rise edge)        0.000     0.000 r  
                                                      0.000     0.000 r  clk (IN)
                         net (fo=0)                   0.000     0.000    clk
                         IBUF (Prop_ibuf_I_O)         0.313     0.313 r  clk_IBUF_inst/O
                         net (fo=1, unplaced)         0.243     0.557    clk_IBUF
                         BUFG (Prop_bufg_I_O)         0.030     0.587 r  clk_IBUF_BUFG_inst/O
                         net (fo=241, unplaced)       0.259     0.846    u_ctrl/clk_IBUF_BUFG
                         FDCE                                         r  u_ctrl/stage_cnt_reg[2]/C
                         clock pessimism             -0.264     0.582    
                         FDCE (Hold_fdce_C_D)         0.069     0.651    u_ctrl/stage_cnt_reg[2]
  -------------------------------------------------------------------
                         required time                         -0.651    
                         arrival time                           0.725    
  -------------------------------------------------------------------
                         slack                                  0.075    

Slack (MET) :             0.090ns  (arrival time - required time)
  Source:                 u_ctrl/FSM_sequential_state_reg[1]/C
                            (rising edge-triggered cell FDCE clocked by clk  {rise@0.000ns fall@1.500ns period=3.000ns})
  Destination:            u_ctrl/delta_idx_reg[0]/D
                            (rising edge-triggered cell FDCE clocked by clk  {rise@0.000ns fall@1.500ns period=3.000ns})
  Path Group:             clk
  Path Type:              Hold (Min at Fast Process Corner)
  Requirement:            0.000ns  (clk rise@0.000ns - clk rise@0.000ns)
  Data Path Delay:        0.304ns  (logic 0.168ns (55.195%)  route 0.136ns (44.805%))
  Logic Levels:           1  (LUT6=1)
  Clock Path Skew:        0.145ns (DCD - SCD - CPR)
    Destination Clock Delay (DCD):    0.846ns
    Source Clock Delay      (SCD):    0.437ns
    Clock Pessimism Removal (CPR):    0.264ns

    Location             Delay type                Incr(ns)  Path(ns)    Netlist Resource(s)
  -------------------------------------------------------------------    -------------------
                         (clock clk rise edge)        0.000     0.000 r  
                                                      0.000     0.000 r  clk (IN)
                         net (fo=0)                   0.000     0.000    clk
                         IBUF (Prop_ibuf_I_O)         0.066     0.066 r  clk_IBUF_inst/O
                         net (fo=1, unplaced)         0.231     0.297    clk_IBUF
                         BUFG (Prop_bufg_I_O)         0.026     0.323 r  clk_IBUF_BUFG_inst/O
                         net (fo=241, unplaced)       0.114     0.437    u_ctrl/clk_IBUF_BUFG
                         FDCE                                         r  u_ctrl/FSM_sequential_state_reg[1]/C
  -------------------------------------------------------------------    -------------------
                         FDCE (Prop_fdce_C_Q)         0.104     0.541 f  u_ctrl/FSM_sequential_state_reg[1]/Q
                         net (fo=54, unplaced)        0.136     0.677    u_ctrl/FSM_sequential_state_reg_n_0_[1]
                         LUT6 (Prop_lut6_I5_O)        0.064     0.741 r  u_ctrl/delta_idx[0]_i_1/O
                         net (fo=1, unplaced)         0.000     0.741    u_ctrl/delta_idx[0]
                         FDCE                                         r  u_ctrl/delta_idx_reg[0]/D
  -------------------------------------------------------------------    -------------------

                         (clock clk rise edge)        0.000     0.000 r  
                                                      0.000     0.000 r  clk (IN)
                         net (fo=0)                   0.000     0.000    clk
                         IBUF (Prop_ibuf_I_O)         0.313     0.313 r  clk_IBUF_inst/O
                         net (fo=1, unplaced)         0.243     0.557    clk_IBUF
                         BUFG (Prop_bufg_I_O)         0.030     0.587 r  clk_IBUF_BUFG_inst/O
                         net (fo=241, unplaced)       0.259     0.846    u_ctrl/clk_IBUF_BUFG
                         FDCE                                         r  u_ctrl/delta_idx_reg[0]/C
                         clock pessimism             -0.264     0.582    
                         FDCE (Hold_fdce_C_D)         0.069     0.651    u_ctrl/delta_idx_reg[0]
  -------------------------------------------------------------------
                         required time                         -0.651    
                         arrival time                           0.741    
  -------------------------------------------------------------------
                         slack                                  0.090    

Slack (MET) :             0.092ns  (arrival time - required time)
  Source:                 u_ctrl/load_cnt_reg[5]/C
                            (rising edge-triggered cell FDCE clocked by clk  {rise@0.000ns fall@1.500ns period=3.000ns})
  Destination:            u_ctrl/load_cnt_reg[5]/D
                            (rising edge-triggered cell FDCE clocked by clk  {rise@0.000ns fall@1.500ns period=3.000ns})
  Path Group:             clk
  Path Type:              Hold (Min at Fast Process Corner)
  Requirement:            0.000ns  (clk rise@0.000ns - clk rise@0.000ns)
  Data Path Delay:        0.306ns  (logic 0.168ns (54.927%)  route 0.138ns (45.073%))
  Logic Levels:           1  (LUT5=1)
  Clock Path Skew:        0.145ns (DCD - SCD - CPR)
    Destination Clock Delay (DCD):    0.846ns
    Source Clock Delay      (SCD):    0.437ns
    Clock Pessimism Removal (CPR):    0.264ns

    Location             Delay type                Incr(ns)  Path(ns)    Netlist Resource(s)
  -------------------------------------------------------------------    -------------------
                         (clock clk rise edge)        0.000     0.000 r  
                                                      0.000     0.000 r  clk (IN)
                         net (fo=0)                   0.000     0.000    clk
                         IBUF (Prop_ibuf_I_O)         0.066     0.066 r  clk_IBUF_inst/O
                         net (fo=1, unplaced)         0.231     0.297    clk_IBUF
                         BUFG (Prop_bufg_I_O)         0.026     0.323 r  clk_IBUF_BUFG_inst/O
                         net (fo=241, unplaced)       0.114     0.437    u_ctrl/clk_IBUF_BUFG
                         FDCE                                         r  u_ctrl/load_cnt_reg[5]/C
  -------------------------------------------------------------------    -------------------
                         FDCE (Prop_fdce_C_Q)         0.104     0.541 r  u_ctrl/load_cnt_reg[5]/Q
                         net (fo=2, unplaced)         0.138     0.679    u_ctrl/load_cnt_reg_n_0_[5]
                         LUT5 (Prop_lut5_I4_O)        0.064     0.743 r  u_ctrl/load_cnt[5]_i_1/O
                         net (fo=1, unplaced)         0.000     0.743    u_ctrl/load_cnt[5]_i_1_n_0
                         FDCE                                         r  u_ctrl/load_cnt_reg[5]/D
  -------------------------------------------------------------------    -------------------

                         (clock clk rise edge)        0.000     0.000 r  
                                                      0.000     0.000 r  clk (IN)
                         net (fo=0)                   0.000     0.000    clk
                         IBUF (Prop_ibuf_I_O)         0.313     0.313 r  clk_IBUF_inst/O
                         net (fo=1, unplaced)         0.243     0.557    clk_IBUF
                         BUFG (Prop_bufg_I_O)         0.030     0.587 r  clk_IBUF_BUFG_inst/O
                         net (fo=241, unplaced)       0.259     0.846    u_ctrl/clk_IBUF_BUFG
                         FDCE                                         r  u_ctrl/load_cnt_reg[5]/C
                         clock pessimism             -0.264     0.582    
                         FDCE (Hold_fdce_C_D)         0.069     0.651    u_ctrl/load_cnt_reg[5]
  -------------------------------------------------------------------
                         required time                         -0.651    
                         arrival time                           0.743    
  -------------------------------------------------------------------
                         slack                                  0.092    

Slack (MET) :             0.095ns  (arrival time - required time)
  Source:                 u_ctrl/FSM_sequential_state_reg[0]/C
                            (rising edge-triggered cell FDPE clocked by clk  {rise@0.000ns fall@1.500ns period=3.000ns})
  Destination:            u_ctrl/done_reg/D
                            (rising edge-triggered cell FDCE clocked by clk  {rise@0.000ns fall@1.500ns period=3.000ns})
  Path Group:             clk
  Path Type:              Hold (Min at Fast Process Corner)
  Requirement:            0.000ns  (clk rise@0.000ns - clk rise@0.000ns)
  Data Path Delay:        0.309ns  (logic 0.168ns (54.310%)  route 0.141ns (45.690%))
  Logic Levels:           1  (LUT1=1)
  Clock Path Skew:        0.145ns (DCD - SCD - CPR)
    Destination Clock Delay (DCD):    0.846ns
    Source Clock Delay      (SCD):    0.437ns
    Clock Pessimism Removal (CPR):    0.264ns

    Location             Delay type                Incr(ns)  Path(ns)    Netlist Resource(s)
  -------------------------------------------------------------------    -------------------
                         (clock clk rise edge)        0.000     0.000 r  
                                                      0.000     0.000 r  clk (IN)
                         net (fo=0)                   0.000     0.000    clk
                         IBUF (Prop_ibuf_I_O)         0.066     0.066 r  clk_IBUF_inst/O
                         net (fo=1, unplaced)         0.231     0.297    clk_IBUF
                         BUFG (Prop_bufg_I_O)         0.026     0.323 r  clk_IBUF_BUFG_inst/O
                         net (fo=241, unplaced)       0.114     0.437    u_ctrl/clk_IBUF_BUFG
                         FDPE                                         r  u_ctrl/FSM_sequential_state_reg[0]/C
  -------------------------------------------------------------------    -------------------
                         FDPE (Prop_fdpe_C_Q)         0.104     0.541 f  u_ctrl/FSM_sequential_state_reg[0]/Q
                         net (fo=80, unplaced)        0.141     0.682    u_ctrl/state__0[0]
                         LUT1 (Prop_lut1_I0_O)        0.064     0.746 r  u_ctrl/done_i_2/O
                         net (fo=1, unplaced)         0.000     0.746    u_ctrl/done_i_2_n_0
                         FDCE                                         r  u_ctrl/done_reg/D
  -------------------------------------------------------------------    -------------------

                         (clock clk rise edge)        0.000     0.000 r  
                                                      0.000     0.000 r  clk (IN)
                         net (fo=0)                   0.000     0.000    clk
                         IBUF (Prop_ibuf_I_O)         0.313     0.313 r  clk_IBUF_inst/O
                         net (fo=1, unplaced)         0.243     0.557    clk_IBUF
                         BUFG (Prop_bufg_I_O)         0.030     0.587 r  clk_IBUF_BUFG_inst/O
                         net (fo=241, unplaced)       0.259     0.846    u_ctrl/clk_IBUF_BUFG
                         FDCE                                         r  u_ctrl/done_reg/C
                         clock pessimism             -0.264     0.582    
                         FDCE (Hold_fdce_C_D)         0.069     0.651    u_ctrl/done_reg
  -------------------------------------------------------------------
                         required time                         -0.651    
                         arrival time                           0.746    
  -------------------------------------------------------------------
                         slack                                  0.095    

Slack (MET) :             0.095ns  (arrival time - required time)
  Source:                 u_ctrl/FSM_sequential_state_reg[0]/C
                            (rising edge-triggered cell FDPE clocked by clk  {rise@0.000ns fall@1.500ns period=3.000ns})
  Destination:            u_ctrl/load_cnt_reg[2]/D
                            (rising edge-triggered cell FDCE clocked by clk  {rise@0.000ns fall@1.500ns period=3.000ns})
  Path Group:             clk
  Path Type:              Hold (Min at Fast Process Corner)
  Requirement:            0.000ns  (clk rise@0.000ns - clk rise@0.000ns)
  Data Path Delay:        0.309ns  (logic 0.168ns (54.310%)  route 0.141ns (45.690%))
  Logic Levels:           1  (LUT6=1)
  Clock Path Skew:        0.145ns (DCD - SCD - CPR)
    Destination Clock Delay (DCD):    0.846ns
    Source Clock Delay      (SCD):    0.437ns
    Clock Pessimism Removal (CPR):    0.264ns

    Location             Delay type                Incr(ns)  Path(ns)    Netlist Resource(s)
  -------------------------------------------------------------------    -------------------
                         (clock clk rise edge)        0.000     0.000 r  
                                                      0.000     0.000 r  clk (IN)
                         net (fo=0)                   0.000     0.000    clk
                         IBUF (Prop_ibuf_I_O)         0.066     0.066 r  clk_IBUF_inst/O
                         net (fo=1, unplaced)         0.231     0.297    clk_IBUF
                         BUFG (Prop_bufg_I_O)         0.026     0.323 r  clk_IBUF_BUFG_inst/O
                         net (fo=241, unplaced)       0.114     0.437    u_ctrl/clk_IBUF_BUFG
                         FDPE                                         r  u_ctrl/FSM_sequential_state_reg[0]/C
  -------------------------------------------------------------------    -------------------
                         FDPE (Prop_fdpe_C_Q)         0.104     0.541 f  u_ctrl/FSM_sequential_state_reg[0]/Q
                         net (fo=80, unplaced)        0.141     0.682    u_ctrl/state__0[0]
                         LUT6 (Prop_lut6_I5_O)        0.064     0.746 r  u_ctrl/load_cnt[2]_i_1/O
                         net (fo=1, unplaced)         0.000     0.746    u_ctrl/load_cnt[2]_i_1_n_0
                         FDCE                                         r  u_ctrl/load_cnt_reg[2]/D
  -------------------------------------------------------------------    -------------------

                         (clock clk rise edge)        0.000     0.000 r  
                                                      0.000     0.000 r  clk (IN)
                         net (fo=0)                   0.000     0.000    clk
                         IBUF (Prop_ibuf_I_O)         0.313     0.313 r  clk_IBUF_inst/O
                         net (fo=1, unplaced)         0.243     0.557    clk_IBUF
                         BUFG (Prop_bufg_I_O)         0.030     0.587 r  clk_IBUF_BUFG_inst/O
                         net (fo=241, unplaced)       0.259     0.846    u_ctrl/clk_IBUF_BUFG
                         FDCE                                         r  u_ctrl/load_cnt_reg[2]/C
                         clock pessimism             -0.264     0.582    
                         FDCE (Hold_fdce_C_D)         0.069     0.651    u_ctrl/load_cnt_reg[2]
  -------------------------------------------------------------------
                         required time                         -0.651    
                         arrival time                           0.746    
  -------------------------------------------------------------------
                         slack                                  0.095    

Slack (MET) :             0.095ns  (arrival time - required time)
  Source:                 u_ctrl/load_cnt_reg[4]/C
                            (rising edge-triggered cell FDCE clocked by clk  {rise@0.000ns fall@1.500ns period=3.000ns})
  Destination:            u_ctrl/load_cnt_reg[4]/D
                            (rising edge-triggered cell FDCE clocked by clk  {rise@0.000ns fall@1.500ns period=3.000ns})
  Path Group:             clk
  Path Type:              Hold (Min at Fast Process Corner)
  Requirement:            0.000ns  (clk rise@0.000ns - clk rise@0.000ns)
  Data Path Delay:        0.309ns  (logic 0.168ns (54.310%)  route 0.141ns (45.690%))
  Logic Levels:           1  (LUT6=1)
  Clock Path Skew:        0.145ns (DCD - SCD - CPR)
    Destination Clock Delay (DCD):    0.846ns
    Source Clock Delay      (SCD):    0.437ns
    Clock Pessimism Removal (CPR):    0.264ns

    Location             Delay type                Incr(ns)  Path(ns)    Netlist Resource(s)
  -------------------------------------------------------------------    -------------------
                         (clock clk rise edge)        0.000     0.000 r  
                                                      0.000     0.000 r  clk (IN)
                         net (fo=0)                   0.000     0.000    clk
                         IBUF (Prop_ibuf_I_O)         0.066     0.066 r  clk_IBUF_inst/O
                         net (fo=1, unplaced)         0.231     0.297    clk_IBUF
                         BUFG (Prop_bufg_I_O)         0.026     0.323 r  clk_IBUF_BUFG_inst/O
                         net (fo=241, unplaced)       0.114     0.437    u_ctrl/clk_IBUF_BUFG
                         FDCE                                         r  u_ctrl/load_cnt_reg[4]/C
  -------------------------------------------------------------------    -------------------
                         FDCE (Prop_fdce_C_Q)         0.104     0.541 r  u_ctrl/load_cnt_reg[4]/Q
                         net (fo=3, unplaced)         0.141     0.682    u_ctrl/load_cnt_reg_n_0_[4]
                         LUT6 (Prop_lut6_I5_O)        0.064     0.746 r  u_ctrl/load_cnt[4]_i_1/O
                         net (fo=1, unplaced)         0.000     0.746    u_ctrl/load_cnt[4]_i_1_n_0
                         FDCE                                         r  u_ctrl/load_cnt_reg[4]/D
  -------------------------------------------------------------------    -------------------

                         (clock clk rise edge)        0.000     0.000 r  
                                                      0.000     0.000 r  clk (IN)
                         net (fo=0)                   0.000     0.000    clk
                         IBUF (Prop_ibuf_I_O)         0.313     0.313 r  clk_IBUF_inst/O
                         net (fo=1, unplaced)         0.243     0.557    clk_IBUF
                         BUFG (Prop_bufg_I_O)         0.030     0.587 r  clk_IBUF_BUFG_inst/O
                         net (fo=241, unplaced)       0.259     0.846    u_ctrl/clk_IBUF_BUFG
                         FDCE                                         r  u_ctrl/load_cnt_reg[4]/C
                         clock pessimism             -0.264     0.582    
                         FDCE (Hold_fdce_C_D)         0.069     0.651    u_ctrl/load_cnt_reg[4]
  -------------------------------------------------------------------
                         required time                         -0.651    
                         arrival time                           0.746    
  -------------------------------------------------------------------
                         slack                                  0.095    

Slack (MET) :             0.095ns  (arrival time - required time)
  Source:                 u_ctrl/FSM_sequential_state_reg[0]/C
                            (rising edge-triggered cell FDPE clocked by clk  {rise@0.000ns fall@1.500ns period=3.000ns})
  Destination:            u_ctrl/stage_cnt_reg[1]/D
                            (rising edge-triggered cell FDCE clocked by clk  {rise@0.000ns fall@1.500ns period=3.000ns})
  Path Group:             clk
  Path Type:              Hold (Min at Fast Process Corner)
  Requirement:            0.000ns  (clk rise@0.000ns - clk rise@0.000ns)
  Data Path Delay:        0.309ns  (logic 0.168ns (54.310%)  route 0.141ns (45.690%))
  Logic Levels:           1  (LUT6=1)
  Clock Path Skew:        0.145ns (DCD - SCD - CPR)
    Destination Clock Delay (DCD):    0.846ns
    Source Clock Delay      (SCD):    0.437ns
    Clock Pessimism Removal (CPR):    0.264ns

    Location             Delay type                Incr(ns)  Path(ns)    Netlist Resource(s)
  -------------------------------------------------------------------    -------------------
                         (clock clk rise edge)        0.000     0.000 r  
                                                      0.000     0.000 r  clk (IN)
                         net (fo=0)                   0.000     0.000    clk
                         IBUF (Prop_ibuf_I_O)         0.066     0.066 r  clk_IBUF_inst/O
                         net (fo=1, unplaced)         0.231     0.297    clk_IBUF
                         BUFG (Prop_bufg_I_O)         0.026     0.323 r  clk_IBUF_BUFG_inst/O
                         net (fo=241, unplaced)       0.114     0.437    u_ctrl/clk_IBUF_BUFG
                         FDPE                                         r  u_ctrl/FSM_sequential_state_reg[0]/C
  -------------------------------------------------------------------    -------------------
                         FDPE (Prop_fdpe_C_Q)         0.104     0.541 f  u_ctrl/FSM_sequential_state_reg[0]/Q
                         net (fo=80, unplaced)        0.141     0.682    u_ctrl/state__0[0]
                         LUT6 (Prop_lut6_I5_O)        0.064     0.746 r  u_ctrl/stage_cnt[1]_i_1/O
                         net (fo=1, unplaced)         0.000     0.746    u_ctrl/stage_cnt[1]_i_1_n_0
                         FDCE                                         r  u_ctrl/stage_cnt_reg[1]/D
  -------------------------------------------------------------------    -------------------

                         (clock clk rise edge)        0.000     0.000 r  
                                                      0.000     0.000 r  clk (IN)
                         net (fo=0)                   0.000     0.000    clk
                         IBUF (Prop_ibuf_I_O)         0.313     0.313 r  clk_IBUF_inst/O
                         net (fo=1, unplaced)         0.243     0.557    clk_IBUF
                         BUFG (Prop_bufg_I_O)         0.030     0.587 r  clk_IBUF_BUFG_inst/O
                         net (fo=241, unplaced)       0.259     0.846    u_ctrl/clk_IBUF_BUFG
                         FDCE                                         r  u_ctrl/stage_cnt_reg[1]/C
                         clock pessimism             -0.264     0.582    
                         FDCE (Hold_fdce_C_D)         0.069     0.651    u_ctrl/stage_cnt_reg[1]
  -------------------------------------------------------------------
                         required time                         -0.651    
                         arrival time                           0.746    
  -------------------------------------------------------------------
                         slack                                  0.095    

Slack (MET) :             0.096ns  (arrival time - required time)
  Source:                 u_ctrl/FSM_sequential_state_reg[2]/C
                            (rising edge-triggered cell FDCE clocked by clk  {rise@0.000ns fall@1.500ns period=3.000ns})
  Destination:            u_ctrl/rd_sel_reg[0]/D
                            (rising edge-triggered cell FDCE clocked by clk  {rise@0.000ns fall@1.500ns period=3.000ns})
  Path Group:             clk
  Path Type:              Hold (Min at Fast Process Corner)
  Requirement:            0.000ns  (clk rise@0.000ns - clk rise@0.000ns)
  Data Path Delay:        0.310ns  (logic 0.168ns (54.223%)  route 0.142ns (45.777%))
  Logic Levels:           1  (LUT4=1)
  Clock Path Skew:        0.145ns (DCD - SCD - CPR)
    Destination Clock Delay (DCD):    0.846ns
    Source Clock Delay      (SCD):    0.437ns
    Clock Pessimism Removal (CPR):    0.264ns

    Location             Delay type                Incr(ns)  Path(ns)    Netlist Resource(s)
  -------------------------------------------------------------------    -------------------
                         (clock clk rise edge)        0.000     0.000 r  
                                                      0.000     0.000 r  clk (IN)
                         net (fo=0)                   0.000     0.000    clk
                         IBUF (Prop_ibuf_I_O)         0.066     0.066 r  clk_IBUF_inst/O
                         net (fo=1, unplaced)         0.231     0.297    clk_IBUF
                         BUFG (Prop_bufg_I_O)         0.026     0.323 r  clk_IBUF_BUFG_inst/O
                         net (fo=241, unplaced)       0.114     0.437    u_ctrl/clk_IBUF_BUFG
                         FDCE                                         r  u_ctrl/FSM_sequential_state_reg[2]/C
  -------------------------------------------------------------------    -------------------
                         FDCE (Prop_fdce_C_Q)         0.104     0.541 r  u_ctrl/FSM_sequential_state_reg[2]/Q
                         net (fo=83, unplaced)        0.142     0.683    u_ctrl/state__0[2]
                         LUT4 (Prop_lut4_I3_O)        0.064     0.747 r  u_ctrl/rd_sel[0]_i_1/O
                         net (fo=1, unplaced)         0.000     0.747    u_ctrl/rd_sel[0]_i_1_n_0
                         FDCE                                         r  u_ctrl/rd_sel_reg[0]/D
  -------------------------------------------------------------------    -------------------

                         (clock clk rise edge)        0.000     0.000 r  
                                                      0.000     0.000 r  clk (IN)
                         net (fo=0)                   0.000     0.000    clk
                         IBUF (Prop_ibuf_I_O)         0.313     0.313 r  clk_IBUF_inst/O
                         net (fo=1, unplaced)         0.243     0.557    clk_IBUF
                         BUFG (Prop_bufg_I_O)         0.030     0.587 r  clk_IBUF_BUFG_inst/O
                         net (fo=241, unplaced)       0.259     0.846    u_ctrl/clk_IBUF_BUFG
                         FDCE                                         r  u_ctrl/rd_sel_reg[0]/C
                         clock pessimism             -0.264     0.582    
                         FDCE (Hold_fdce_C_D)         0.069     0.651    u_ctrl/rd_sel_reg[0]
  -------------------------------------------------------------------
                         required time                         -0.651    
                         arrival time                           0.747    
  -------------------------------------------------------------------
                         slack                                  0.096    





Pulse Width Checks
--------------------------------------------------------------------------------------
Clock Name:         clk
Waveform(ns):       { 0.000 1.500 }
Period(ns):         3.000
Sources:            { clk }

Check Type        Corner  Lib Pin      Reference Pin  Required(ns)  Actual(ns)  Slack(ns)  Location  Pin
Min Period        n/a     BUFG/I       n/a            1.408         3.000       1.592                clk_IBUF_BUFG_inst/I
Min Period        n/a     FDCE/C       n/a            0.700         3.000       2.300                seq_cnt_reg[0]/C
Min Period        n/a     FDCE/C       n/a            0.700         3.000       2.300                seq_cnt_reg[1]/C
Min Period        n/a     FDCE/C       n/a            0.700         3.000       2.300                seq_cnt_reg[2]/C
Min Period        n/a     FDCE/C       n/a            0.700         3.000       2.300                seq_cnt_reg[3]/C
Min Period        n/a     FDCE/C       n/a            0.700         3.000       2.300                seq_cnt_reg[4]/C
Min Period        n/a     FDCE/C       n/a            0.700         3.000       2.300                seq_cnt_reg[5]/C
Min Period        n/a     FDCE/C       n/a            0.700         3.000       2.300                seq_cnt_reg[6]/C
Min Period        n/a     FDCE/C       n/a            0.700         3.000       2.300                seq_cnt_reg[7]/C
Min Period        n/a     FDPE/C       n/a            0.700         3.000       2.300                u_ctrl/FSM_sequential_state_reg[0]/C
Low Pulse Width   Slow    RAMD64E/CLK  n/a            0.768         1.500       0.732                u_membanks/gen_banks[0].mem_reg_0_63_0_2/RAMA/CLK
Low Pulse Width   Fast    RAMD64E/CLK  n/a            0.768         1.500       0.732                u_membanks/gen_banks[0].mem_reg_0_63_0_2/RAMA/CLK
Low Pulse Width   Slow    RAMD64E/CLK  n/a            0.768         1.500       0.732                u_membanks/gen_banks[0].mem_reg_0_63_0_2/RAMB/CLK
Low Pulse Width   Fast    RAMD64E/CLK  n/a            0.768         1.500       0.732                u_membanks/gen_banks[0].mem_reg_0_63_0_2/RAMB/CLK
Low Pulse Width   Slow    RAMD64E/CLK  n/a            0.768         1.500       0.732                u_membanks/gen_banks[0].mem_reg_0_63_0_2/RAMC/CLK
Low Pulse Width   Fast    RAMD64E/CLK  n/a            0.768         1.500       0.732                u_membanks/gen_banks[0].mem_reg_0_63_0_2/RAMC/CLK
Low Pulse Width   Slow    RAMD64E/CLK  n/a            0.768         1.500       0.732                u_membanks/gen_banks[0].mem_reg_0_63_0_2/RAMD/CLK
Low Pulse Width   Fast    RAMD64E/CLK  n/a            0.768         1.500       0.732                u_membanks/gen_banks[0].mem_reg_0_63_0_2/RAMD/CLK
Low Pulse Width   Slow    RAMD64E/CLK  n/a            0.768         1.500       0.732                u_membanks/gen_banks[0].mem_reg_0_63_12_14/RAMA/CLK
Low Pulse Width   Fast    RAMD64E/CLK  n/a            0.768         1.500       0.732                u_membanks/gen_banks[0].mem_reg_0_63_12_14/RAMA/CLK
High Pulse Width  Slow    RAMD64E/CLK  n/a            0.768         1.500       0.732                u_membanks/gen_banks[0].mem_reg_0_63_0_2/RAMA/CLK
High Pulse Width  Fast    RAMD64E/CLK  n/a            0.768         1.500       0.732                u_membanks/gen_banks[0].mem_reg_0_63_0_2/RAMA/CLK
High Pulse Width  Slow    RAMD64E/CLK  n/a            0.768         1.500       0.732                u_membanks/gen_banks[0].mem_reg_0_63_0_2/RAMB/CLK
High Pulse Width  Fast    RAMD64E/CLK  n/a            0.768         1.500       0.732                u_membanks/gen_banks[0].mem_reg_0_63_0_2/RAMB/CLK
High Pulse Width  Slow    RAMD64E/CLK  n/a            0.768         1.500       0.732                u_membanks/gen_banks[0].mem_reg_0_63_0_2/RAMC/CLK
High Pulse Width  Fast    RAMD64E/CLK  n/a            0.768         1.500       0.732                u_membanks/gen_banks[0].mem_reg_0_63_0_2/RAMC/CLK
High Pulse Width  Slow    RAMD64E/CLK  n/a            0.768         1.500       0.732                u_membanks/gen_banks[0].mem_reg_0_63_0_2/RAMD/CLK
High Pulse Width  Fast    RAMD64E/CLK  n/a            0.768         1.500       0.732                u_membanks/gen_banks[0].mem_reg_0_63_0_2/RAMD/CLK
High Pulse Width  Slow    RAMD64E/CLK  n/a            0.768         1.500       0.732                u_membanks/gen_banks[0].mem_reg_0_63_12_14/RAMA/CLK
High Pulse Width  Fast    RAMD64E/CLK  n/a            0.768         1.500       0.732                u_membanks/gen_banks[0].mem_reg_0_63_12_14/RAMA/CLK



