Copyright 1986-2022 Xilinx, Inc. All Rights Reserved.
----------------------------------------------------------------------------------------------------------------------------------------------------------------------------------------------------------
| Tool Version : Vivado v.2022.2 (win64) Build 3671981 Fri Oct 14 05:00:03 MDT 2022
| Date         : Sun May 10 19:03:56 2026
| Host         : LAPTOP-54I1J1D9 running 64-bit major release  (build 9200)
| Command      : report_timing_summary -max_paths 10 -file {D:/Projects/Current projects/RE sem 6 (Mixed-Radix_NTT_Multiplication)/NTT Multiplication Algorithm/synth/results_r4_n256/02_impl_timing.rpt}
| Design       : ntt_top
| Device       : 7k160t-fbg484
| Speed File   : -2  PRODUCTION 1.12 2017-02-17
----------------------------------------------------------------------------------------------------------------------------------------------------------------------------------------------------------

Timing Summary Report

------------------------------------------------------------------------------------------------
| Timer Settings
| --------------
------------------------------------------------------------------------------------------------

  Enable Multi Corner Analysis               :  Yes
  Enable Pessimism Removal                   :  Yes
  Pessimism Removal Resolution               :  Nearest Common Node
  Enable Input Delay Default Clock           :  No
  Enable Preset / Clear Arcs                 :  No
  Disable Flight Delays                      :  No
  Ignore I/O Paths                           :  No
  Timing Early Launch at Borrowing Latches   :  No
  Borrow Time for Max Delay Exceptions       :  Yes
  Merge Timing Exceptions                    :  Yes

  Corner  Analyze    Analyze    
  Name    Max Paths  Min Paths  
  ------  ---------  ---------  
  Slow    Yes        Yes        
  Fast    Yes        Yes        


------------------------------------------------------------------------------------------------
| Report Methodology
| ------------------
------------------------------------------------------------------------------------------------

No report available as report_methodology has not been run prior. Run report_methodology on the current design for the summary of methodology violations.



check_timing report

Table of Contents
-----------------
1. checking no_clock (0)
2. checking constant_clock (0)
3. checking pulse_width_clock (0)
4. checking unconstrained_internal_endpoints (0)
5. checking no_input_delay (36)
6. checking no_output_delay (18)
7. checking multiple_clock (0)
8. checking generated_clocks (0)
9. checking loops (0)
10. checking partial_input_delay (0)
11. checking partial_output_delay (0)
12. checking latch_loops (0)

1. checking no_clock (0)
------------------------
 There are 0 register/latch pins with no clock.


2. checking constant_clock (0)
------------------------------
 There are 0 register/latch pins with constant_clock.


3. checking pulse_width_clock (0)
---------------------------------
 There are 0 register/latch pins which need pulse_width check


4. checking unconstrained_internal_endpoints (0)
------------------------------------------------
 There are 0 pins that are not constrained for maximum delay.

 There are 0 pins that are not constrained for maximum delay due to constant clock.


5. checking no_input_delay (36)
-------------------------------
 There are 36 input ports with no input delay specified. (HIGH)

 There are 0 input ports with no input delay but user has a false path constraint.


6. checking no_output_delay (18)
--------------------------------
 There are 18 ports with no output delay specified. (HIGH)

 There are 0 ports with no output delay but user has a false path constraint

 There are 0 ports with no output delay but with a timing clock defined on it or propagating through it


7. checking multiple_clock (0)
------------------------------
 There are 0 register/latch pins with multiple clocks.


8. checking generated_clocks (0)
--------------------------------
 There are 0 generated clocks that are not connected to a clock source.


9. checking loops (0)
---------------------
 There are 0 combinational loops in the design.


10. checking partial_input_delay (0)
------------------------------------
 There are 0 input ports with partial input delay specified.


11. checking partial_output_delay (0)
-------------------------------------
 There are 0 ports with partial output delay specified.


12. checking latch_loops (0)
----------------------------
 There are 0 combinational latch loops in the design through latch input



------------------------------------------------------------------------------------------------
| Design Timing Summary
| ---------------------
------------------------------------------------------------------------------------------------

    WNS(ns)      TNS(ns)  TNS Failing Endpoints  TNS Total Endpoints      WHS(ns)      THS(ns)  THS Failing Endpoints  THS Total Endpoints     WPWS(ns)     TPWS(ns)  TPWS Failing Endpoints  TPWS Total Endpoints  
    -------      -------  ---------------------  -------------------      -------      -------  ---------------------  -------------------     --------     --------  ----------------------  --------------------  
    -19.623    -5513.932                   1488                 1533        0.158        0.000                      0                 1533        0.732        0.000                       0                   244  


Timing constraints are not met.


------------------------------------------------------------------------------------------------
| Clock Summary
| -------------
------------------------------------------------------------------------------------------------

Clock  Waveform(ns)         Period(ns)      Frequency(MHz)
-----  ------------         ----------      --------------
clk    {0.000 1.500}        3.000           333.333         


------------------------------------------------------------------------------------------------
| Intra Clock Table
| -----------------
------------------------------------------------------------------------------------------------

Clock             WNS(ns)      TNS(ns)  TNS Failing Endpoints  TNS Total Endpoints      WHS(ns)      THS(ns)  THS Failing Endpoints  THS Total Endpoints     WPWS(ns)     TPWS(ns)  TPWS Failing Endpoints  TPWS Total Endpoints  
-----             -------      -------  ---------------------  -------------------      -------      -------  ---------------------  -------------------     --------     --------  ----------------------  --------------------  
clk               -19.623    -5513.932                   1488                 1533        0.158        0.000                      0                 1533        0.732        0.000                       0                   244  


------------------------------------------------------------------------------------------------
| Inter Clock Table
| -----------------
------------------------------------------------------------------------------------------------

From Clock    To Clock          WNS(ns)      TNS(ns)  TNS Failing Endpoints  TNS Total Endpoints      WHS(ns)      THS(ns)  THS Failing Endpoints  THS Total Endpoints  
----------    --------          -------      -------  ---------------------  -------------------      -------      -------  ---------------------  -------------------  


------------------------------------------------------------------------------------------------
| Other Path Groups Table
| -----------------------
------------------------------------------------------------------------------------------------

Path Group    From Clock    To Clock          WNS(ns)      TNS(ns)  TNS Failing Endpoints  TNS Total Endpoints      WHS(ns)      THS(ns)  THS Failing Endpoints  THS Total Endpoints  
----------    ----------    --------          -------      -------  ---------------------  -------------------      -------      -------  ---------------------  -------------------  


------------------------------------------------------------------------------------------------
| Timing Details
| --------------
------------------------------------------------------------------------------------------------


---------------------------------------------------------------------------------------------------
From Clock:  clk
  To Clock:  clk

Setup :         1488  Failing Endpoints,  Worst Slack      -19.623ns,  Total Violation    -5513.932ns
Hold  :            0  Failing Endpoints,  Worst Slack        0.158ns,  Total Violation        0.000ns
PW    :            0  Failing Endpoints,  Worst Slack        0.732ns,  Total Violation        0.000ns
---------------------------------------------------------------------------------------------------


Max Delay Paths
--------------------------------------------------------------------------------------
Slack (VIOLATED) :        -19.623ns  (required time - arrival time)
  Source:                 u_ctrl/b_cnt_reg[0]/C
                            (rising edge-triggered cell FDCE clocked by clk  {rise@0.000ns fall@1.500ns period=3.000ns})
  Destination:            u_membanks/gen_banks[3].mem_reg_0_63_3_5/RAMC/I
                            (rising edge-triggered cell RAMD64E clocked by clk  {rise@0.000ns fall@1.500ns period=3.000ns})
  Path Group:             clk
  Path Type:              Setup (Max at Slow Process Corner)
  Requirement:            3.000ns  (clk rise@3.000ns - clk rise@0.000ns)
  Data Path Delay:        22.039ns  (logic 8.234ns (37.362%)  route 13.805ns (62.638%))
  Logic Levels:           56  (CARRY4=25 DSP48E1=1 LUT2=7 LUT3=4 LUT4=4 LUT5=4 LUT6=10 RAMD64E=1)
  Clock Path Skew:        -0.345ns (DCD - SCD + CPR)
    Destination Clock Delay (DCD):    3.915ns = ( 6.915 - 3.000 ) 
    Source Clock Delay      (SCD):    4.476ns
    Clock Pessimism Removal (CPR):    0.216ns
  Clock Uncertainty:      0.035ns  ((TSJ^2 + TIJ^2)^1/2 + DJ) / 2 + PE
    Total System Jitter     (TSJ):    0.071ns
    Total Input Jitter      (TIJ):    0.000ns
    Discrete Jitter          (DJ):    0.000ns
    Phase Error              (PE):    0.000ns

    Location             Delay type                Incr(ns)  Path(ns)    Netlist Resource(s)
  -------------------------------------------------------------------    -------------------
                         (clock clk rise edge)        0.000     0.000 r  
    V20                                               0.000     0.000 r  clk (IN)
                         net (fo=0)                   0.000     0.000    clk
    V20                  IBUF (Prop_ibuf_I_O)         0.751     0.751 r  clk_IBUF_inst/O
                         net (fo=1, routed)           1.950     2.701    clk_IBUF
    BUFGCTRL_X0Y0        BUFG (Prop_bufg_I_O)         0.093     2.794 r  clk_IBUF_BUFG_inst/O
                         net (fo=243, routed)         1.682     4.476    u_ctrl/clk_IBUF_BUFG
    SLICE_X6Y47          FDCE                                         r  u_ctrl/b_cnt_reg[0]/C
  -------------------------------------------------------------------    -------------------
    SLICE_X6Y47          FDCE (Prop_fdce_C_Q)         0.259     4.735 r  u_ctrl/b_cnt_reg[0]/Q
                         net (fo=11, routed)          0.178     4.912    u_ctrl/b_cnt_reg_n_0_[0]
    SLICE_X7Y47          LUT2 (Prop_lut2_I0_O)        0.043     4.955 r  u_ctrl/z1_full_i_56/O
                         net (fo=1, routed)           0.000     4.955    u_ctrl/z1_full_i_56_n_0
    SLICE_X7Y47          CARRY4 (Prop_carry4_S[1]_O[1])
                                                      0.109     5.064 r  u_ctrl/z1_full_i_44/O[1]
                         net (fo=2, routed)           0.290     5.355    u_ctrl/z1_full_i_44_n_6
    SLICE_X6Y47          LUT3 (Prop_lut3_I2_O)        0.123     5.478 r  u_ctrl/z1_full_i_49/O
                         net (fo=1, routed)           0.000     5.478    u_ctrl/z1_full_i_49_n_0
    SLICE_X6Y47          CARRY4 (Prop_carry4_S[3]_O[3])
                                                      0.114     5.592 r  u_ctrl/z1_full_i_36/O[3]
                         net (fo=2, routed)           0.320     5.912    u_ctrl/orig_addrs2[4]
    SLICE_X5Y47          LUT2 (Prop_lut2_I0_O)        0.120     6.032 r  u_ctrl/z1_full_i_38/O
                         net (fo=1, routed)           0.000     6.032    u_ctrl/z1_full_i_38_n_0
    SLICE_X5Y47          CARRY4 (Prop_carry4_S[2]_O[2])
                                                      0.117     6.149 r  u_ctrl/z1_full_i_32/O[2]
                         net (fo=13, routed)          0.481     6.630    u_ctrl/orig_addrs[4]
    SLICE_X3Y49          LUT2 (Prop_lut2_I0_O)        0.122     6.752 r  u_ctrl/gen_banks[0].mem_reg_0_63_0_2_i_87/O
                         net (fo=1, routed)           0.000     6.752    u_ctrl/gen_banks[0].mem_reg_0_63_0_2_i_87_n_0
    SLICE_X3Y49          CARRY4 (Prop_carry4_S[0]_O[1])
                                                      0.218     6.970 r  u_ctrl/gen_banks[0].mem_reg_0_63_0_2_i_55/O[1]
                         net (fo=5, routed)           0.562     7.532    u_icon_addr/orig_addrs[9]
    SLICE_X3Y47          LUT6 (Prop_lut6_I0_O)        0.123     7.655 r  u_icon_addr/gen_banks[0].mem_reg_0_63_0_2_i_26/O
                         net (fo=2, routed)           0.282     7.937    u_ctrl/ntt_waddr[3]
    SLICE_X3Y50          LUT4 (Prop_lut4_I0_O)        0.043     7.980 r  u_ctrl/gen_banks[0].mem_reg_0_63_0_2_i_7/O
                         net (fo=34, routed)          0.802     8.781    u_membanks/gen_banks[0].mem_reg_0_63_6_8/ADDRA3
    SLICE_X12Y50         RAMD64E (Prop_ramd64e_RADR3_O)
                                                      0.043     8.824 r  u_membanks/gen_banks[0].mem_reg_0_63_6_8/RAMA/O
                         net (fo=13, routed)          0.526     9.350    u_icon_out/bank_dout[6]
    SLICE_X8Y48          LUT6 (Prop_lut6_I3_O)        0.043     9.393 r  u_icon_out/z1_full_i_5__1_replica/O
                         net (fo=2, routed)           0.814    10.207    u_membanks/gen_bfly_pack[2].cur_l[6]_repN_alias
    SLICE_X19Y49         LUT6 (Prop_lut6_I4_O)        0.043    10.250 r  u_membanks/raw_sum_carry_i_13__4_rewire/O
                         net (fo=1, routed)           0.332    10.582    u_membanks/raw_sum_carry_i_13__4_n_0
    SLICE_X22Y45         LUT6 (Prop_lut6_I5_O)        0.043    10.625 r  u_membanks/raw_sum_carry_i_9__8/O
                         net (fo=52, routed)          0.587    11.213    gen_intt_n2d1[2].u_intt_n2d1/raw_sum_carry__2
    SLICE_X20Y43         LUT2 (Prop_lut2_I1_O)        0.045    11.258 r  gen_intt_n2d1[2].u_intt_n2d1/raw_sum_carry__0_i_3__8/O
                         net (fo=5, routed)           0.257    11.515    gen_intt_n2d1[2].u_intt_n2d1/intt_d1_in_34[4]
    SLICE_X21Y44         LUT3 (Prop_lut3_I0_O)        0.132    11.647 r  gen_intt_n2d1[2].u_intt_n2d1/raw_sum_carry__0_i_7__2/O
                         net (fo=1, routed)           0.000    11.647    gen_r2intt_r4.u_r2intt/add23/raw_sum_carry_i_27__2_1[1]
    SLICE_X21Y44         CARRY4 (Prop_carry4_S[1]_CO[3])
                                                      0.267    11.914 r  gen_r2intt_r4.u_r2intt/add23/raw_sum_carry__0/CO[3]
                         net (fo=1, routed)           0.000    11.914    gen_r2intt_r4.u_r2intt/add23/raw_sum_carry__0_n_0
    SLICE_X21Y45         CARRY4 (Prop_carry4_CI_CO[3])
                                                      0.053    11.967 r  gen_r2intt_r4.u_r2intt/add23/raw_sum_carry__1/CO[3]
                         net (fo=1, routed)           0.000    11.967    gen_r2intt_r4.u_r2intt/add23/raw_sum_carry__1_n_0
    SLICE_X21Y46         CARRY4 (Prop_carry4_CI_CO[3])
                                                      0.053    12.020 r  gen_r2intt_r4.u_r2intt/add23/raw_sum_carry__2/CO[3]
                         net (fo=1, routed)           0.000    12.020    gen_r2intt_r4.u_r2intt/add23/raw_sum_carry__2_n_0
    SLICE_X21Y47         CARRY4 (Prop_carry4_CI_O[0])
                                                      0.111    12.131 r  gen_r2intt_r4.u_r2intt/add23/raw_sum_carry__3/O[0]
                         net (fo=1, routed)           0.331    12.463    gen_r2intt_r4.u_r2intt/add23/raw_sum_carry__3_n_7
    SLICE_X20Y42         LUT2 (Prop_lut2_I1_O)        0.124    12.587 r  gen_r2intt_r4.u_r2intt/add23/raw_sum_carry_i_33__1/O
                         net (fo=1, routed)           0.000    12.587    gen_r2intt_r4.u_r2intt/add23/raw_sum_carry_i_33__1_n_0
    SLICE_X20Y42         CARRY4 (Prop_carry4_S[0]_CO[3])
                                                      0.246    12.833 r  gen_r2intt_r4.u_r2intt/add23/raw_sum_carry_i_28__3/CO[3]
                         net (fo=1, routed)           0.000    12.833    gen_r2intt_r4.u_r2intt/add23/raw_sum_carry_i_28__3_n_0
    SLICE_X20Y43         CARRY4 (Prop_carry4_CI_CO[3])
                                                      0.054    12.887 r  gen_r2intt_r4.u_r2intt/add23/raw_sum_carry_i_27__2/CO[3]
                         net (fo=1, routed)           0.000    12.887    gen_r2intt_r4.u_r2intt/add23/raw_sum_carry_i_27__2_n_0
    SLICE_X20Y44         CARRY4 (Prop_carry4_CI_O[2])
                                                      0.112    12.999 r  gen_r2intt_r4.u_r2intt/add23/raw_sum_carry__0_i_15__0/O[2]
                         net (fo=1, routed)           0.297    13.295    gen_intt_n2d1[3].u_intt_n2d1/out0_carry__1_i_4__9[2]
    SLICE_X22Y41         LUT6 (Prop_lut6_I5_O)        0.127    13.422 r  gen_intt_n2d1[3].u_intt_n2d1/raw_sum_carry__1_i_12/O
                         net (fo=8, routed)           0.523    13.946    gen_intt_n2d1[3].u_intt_n2d1/raw_sum_carry__0_i_15__0_1
    SLICE_X23Y37         LUT4 (Prop_lut4_I1_O)        0.043    13.989 r  gen_intt_n2d1[3].u_intt_n2d1/raw_sum_carry_i_7__2/O
                         net (fo=1, routed)           0.350    14.339    gen_intt_n2d1[3].u_intt_n2d1/raw_sum_carry_i_7__2_n_0
    SLICE_X21Y37         LUT4 (Prop_lut4_I1_O)        0.043    14.382 r  gen_intt_n2d1[3].u_intt_n2d1/raw_sum_carry_i_5__2/O
                         net (fo=77, routed)          0.445    14.827    gen_intt_n2d1[3].u_intt_n2d1/raw_sum_carry_i_9__4_0
    SLICE_X20Y36         LUT3 (Prop_lut3_I2_O)        0.043    14.870 r  gen_intt_n2d1[3].u_intt_n2d1/raw_sum_carry_i_2__3/O
                         net (fo=1, routed)           0.000    14.870    gen_r2intt_r4.u_r2intt/sub02/add_inst/out0_carry_i_6__5_0[2]
    SLICE_X20Y36         CARRY4 (Prop_carry4_S[2]_CO[3])
                                                      0.183    15.053 r  gen_r2intt_r4.u_r2intt/sub02/add_inst/raw_sum_carry/CO[3]
                         net (fo=1, routed)           0.000    15.053    gen_r2intt_r4.u_r2intt/sub02/add_inst/raw_sum_carry_n_0
    SLICE_X20Y37         CARRY4 (Prop_carry4_CI_CO[3])
                                                      0.054    15.107 r  gen_r2intt_r4.u_r2intt/sub02/add_inst/raw_sum_carry__0/CO[3]
                         net (fo=1, routed)           0.000    15.107    gen_r2intt_r4.u_r2intt/sub02/add_inst/raw_sum_carry__0_n_0
    SLICE_X20Y38         CARRY4 (Prop_carry4_CI_CO[3])
                                                      0.054    15.161 r  gen_r2intt_r4.u_r2intt/sub02/add_inst/raw_sum_carry__1/CO[3]
                         net (fo=1, routed)           0.000    15.161    gen_r2intt_r4.u_r2intt/sub02/add_inst/raw_sum_carry__1_n_0
    SLICE_X20Y39         CARRY4 (Prop_carry4_CI_CO[3])
                                                      0.054    15.215 r  gen_r2intt_r4.u_r2intt/sub02/add_inst/raw_sum_carry__2/CO[3]
                         net (fo=1, routed)           0.000    15.215    gen_r2intt_r4.u_r2intt/sub02/add_inst/raw_sum_carry__2_n_0
    SLICE_X20Y40         CARRY4 (Prop_carry4_CI_O[0])
                                                      0.108    15.323 r  gen_r2intt_r4.u_r2intt/sub02/add_inst/raw_sum_carry__3/O[0]
                         net (fo=1, routed)           0.383    15.706    gen_r2intt_r4.u_r2intt/sub02/add_inst/raw_sum_carry__3_n_7
    SLICE_X19Y36         LUT2 (Prop_lut2_I1_O)        0.123    15.829 r  gen_r2intt_r4.u_r2intt/sub02/add_inst/out0_carry_i_8__9/O
                         net (fo=1, routed)           0.000    15.829    gen_r2intt_r4.u_r2intt/sub02/add_inst/out0_carry_i_8__9_n_0
    SLICE_X19Y36         CARRY4 (Prop_carry4_S[0]_CO[3])
                                                      0.259    16.088 r  gen_r2intt_r4.u_r2intt/sub02/add_inst/out0_carry_i_6__5/CO[3]
                         net (fo=1, routed)           0.000    16.088    gen_r2intt_r4.u_r2intt/sub02/add_inst/out0_carry_i_6__5_n_0
    SLICE_X19Y37         CARRY4 (Prop_carry4_CI_CO[3])
                                                      0.053    16.141 r  gen_r2intt_r4.u_r2intt/sub02/add_inst/out0_carry_i_7__5/CO[3]
                         net (fo=1, routed)           0.000    16.141    gen_r2intt_r4.u_r2intt/sub02/add_inst/out0_carry_i_7__5_n_0
    SLICE_X19Y38         CARRY4 (Prop_carry4_CI_CO[3])
                                                      0.053    16.194 r  gen_r2intt_r4.u_r2intt/sub02/add_inst/out0_carry__0_i_5__5/CO[3]
                         net (fo=1, routed)           0.000    16.194    gen_r2intt_r4.u_r2intt/sub02/add_inst/out0_carry__0_i_5__5_n_0
    SLICE_X19Y39         CARRY4 (Prop_carry4_CI_CO[3])
                                                      0.053    16.247 r  gen_r2intt_r4.u_r2intt/sub02/add_inst/out0_carry__1_i_5__5/CO[3]
                         net (fo=1, routed)           0.000    16.247    gen_r2intt_r4.u_r2intt/sub02/add_inst/out0_carry__1_i_5__5_n_0
    SLICE_X19Y40         CARRY4 (Prop_carry4_CI_CO[0])
                                                      0.139    16.386 f  gen_r2intt_r4.u_r2intt/sub02/add_inst/out0_carry__2_i_19__0/CO[0]
                         net (fo=1, routed)           0.373    16.759    gen_r2intt_r4.u_r2intt/sub02/add_inst/out0_carry__2_i_19__0_n_3
    SLICE_X16Y36         LUT3 (Prop_lut3_I0_O)        0.131    16.890 r  gen_r2intt_r4.u_r2intt/sub02/add_inst/out0_carry__2_i_16/O
                         net (fo=2, routed)           0.356    17.246    gen_intt_n2d1[1].u_intt_n2d1/product_i_22__0_0
    SLICE_X18Y34         LUT5 (Prop_lut5_I0_O)        0.043    17.289 r  gen_intt_n2d1[1].u_intt_n2d1/out0_carry__2_i_14__0/O
                         net (fo=2, routed)           0.442    17.731    gen_intt_n2d1[1].u_intt_n2d1/out0_carry__2_i_14__0_n_0
    SLICE_X18Y38         LUT5 (Prop_lut5_I4_O)        0.043    17.774 r  gen_intt_n2d1[1].u_intt_n2d1/out0_carry__2_i_2__8/O
                         net (fo=1, routed)           0.000    17.774    gen_intt_d1n[2].u_id1n/gen_r2intt_r4.r2intt_out2[1]
    SLICE_X18Y38         CARRY4 (Prop_carry4_S[2]_O[3])
                                                      0.172    17.946 r  gen_intt_d1n[2].u_id1n/out0_carry__2/O[3]
                         net (fo=1, routed)           0.366    18.312    gen_intt_n2d1[1].u_intt_n2d1/product_7[3]
    SLICE_X17Y34         LUT6 (Prop_lut6_I0_O)        0.120    18.432 r  gen_intt_n2d1[1].u_intt_n2d1/product_i_1__5/O
                         net (fo=1, routed)           0.439    18.871    gen_modmul_intt[2].u_mm_intt/a[16]
    DSP48_X0Y12          DSP48E1 (Prop_dsp48e1_A[16]_P[20])
                                                      2.737    21.608 f  gen_modmul_intt[2].u_mm_intt/product/P[20]
                         net (fo=3, routed)           0.405    22.013    gen_modmul_intt[2].u_mm_intt/product_n_85
    SLICE_X8Y31          LUT2 (Prop_lut2_I1_O)        0.043    22.056 r  gen_modmul_intt[2].u_mm_intt/gen_banks[0].mem_reg_0_63_3_5_i_136/O
                         net (fo=1, routed)           0.290    22.347    gen_modmul_intt[2].u_mm_intt/gen_banks[0].mem_reg_0_63_3_5_i_136_n_0
    SLICE_X11Y33         CARRY4 (Prop_carry4_DI[1]_CO[3])
                                                      0.250    22.597 r  gen_modmul_intt[2].u_mm_intt/gen_banks[0].mem_reg_0_63_3_5_i_83/CO[3]
                         net (fo=1, routed)           0.000    22.597    gen_modmul_intt[2].u_mm_intt/gen_banks[0].mem_reg_0_63_3_5_i_83_n_0
    SLICE_X11Y34         CARRY4 (Prop_carry4_CI_CO[3])
                                                      0.053    22.650 r  gen_modmul_intt[2].u_mm_intt/gen_banks[0].mem_reg_0_63_6_8_i_79/CO[3]
                         net (fo=1, routed)           0.000    22.650    gen_modmul_intt[2].u_mm_intt/gen_banks[0].mem_reg_0_63_6_8_i_79_n_0
    SLICE_X11Y35         CARRY4 (Prop_carry4_CI_O[0])
                                                      0.111    22.761 r  gen_modmul_intt[2].u_mm_intt/gen_banks[0].mem_reg_0_63_12_14_i_83/O[0]
                         net (fo=4, routed)           0.449    23.210    u_membanks/gen_banks[0].mem_reg_0_63_0_2_i_123_0[0]
    SLICE_X11Y37         LUT4 (Prop_lut4_I2_O)        0.124    23.334 r  u_membanks/gen_banks[0].mem_reg_0_63_0_2_i_235/O
                         net (fo=2, routed)           0.379    23.713    u_membanks/gen_banks[0].mem_reg_0_63_0_2_i_235_n_0
    SLICE_X10Y39         LUT6 (Prop_lut6_I4_O)        0.043    23.756 r  u_membanks/gen_banks[0].mem_reg_0_63_0_2_i_123/O
                         net (fo=9, routed)           0.619    24.375    u_ctrl/reduced1_7
    SLICE_X12Y54         LUT5 (Prop_lut5_I2_O)        0.043    24.418 r  u_ctrl/gen_banks[0].mem_reg_0_63_3_5_i_61/O
                         net (fo=1, routed)           0.276    24.693    u_ctrl/gen_banks[0].mem_reg_0_63_3_5_i_61_n_0
    SLICE_X16Y54         LUT5 (Prop_lut5_I4_O)        0.043    24.736 r  u_ctrl/gen_banks[0].mem_reg_0_63_3_5_i_43/O
                         net (fo=1, routed)           0.429    25.165    gen_ntod1[1].u_nd1/gen_banks[0].mem_reg_0_63_21_23_i_6
    SLICE_X19Y54         LUT6 (Prop_lut6_I0_O)        0.043    25.208 r  gen_ntod1[1].u_nd1/gen_banks[0].mem_reg_0_63_3_5_i_28/O
                         net (fo=4, routed)           0.461    25.669    u_icon_in/gen_banks[2].mem_reg_0_63_21_23_i_2
    SLICE_X20Y50         LUT6 (Prop_lut6_I0_O)        0.043    25.712 r  u_icon_in/gen_banks[1].mem_reg_0_63_3_5_i_8/O
                         net (fo=2, routed)           0.355    26.067    u_ctrl/gen_banks[3].mem_reg_0_63_3_5_3
    SLICE_X18Y50         LUT6 (Prop_lut6_I4_O)        0.043    26.110 r  u_ctrl/gen_banks[3].mem_reg_0_63_3_5_i_3/O
                         net (fo=1, routed)           0.405    26.514    u_membanks/gen_banks[3].mem_reg_0_63_3_5/DIC
    SLICE_X16Y51         RAMD64E                                      r  u_membanks/gen_banks[3].mem_reg_0_63_3_5/RAMC/I
  -------------------------------------------------------------------    -------------------

                         (clock clk rise edge)        3.000     3.000 r  
    V20                                               0.000     3.000 r  clk (IN)
                         net (fo=0)                   0.000     3.000    clk
    V20                  IBUF (Prop_ibuf_I_O)         0.676     3.676 r  clk_IBUF_inst/O
                         net (fo=1, routed)           1.834     5.510    clk_IBUF
    BUFGCTRL_X0Y0        BUFG (Prop_bufg_I_O)         0.083     5.593 r  clk_IBUF_BUFG_inst/O
                         net (fo=243, routed)         1.322     6.915    u_membanks/gen_banks[3].mem_reg_0_63_3_5/WCLK
    SLICE_X16Y51         RAMD64E                                      r  u_membanks/gen_banks[3].mem_reg_0_63_3_5/RAMC/CLK
                         clock pessimism              0.216     7.131    
                         clock uncertainty           -0.035     7.095    
    SLICE_X16Y51         RAMD64E (Setup_ramd64e_CLK_I)
                                                     -0.204     6.891    u_membanks/gen_banks[3].mem_reg_0_63_3_5/RAMC
  -------------------------------------------------------------------
                         required time                          6.891    
                         arrival time                         -26.514    
  -------------------------------------------------------------------
                         slack                                -19.623    

Slack (VIOLATED) :        -19.616ns  (required time - arrival time)
  Source:                 u_ctrl/b_cnt_reg[0]/C
                            (rising edge-triggered cell FDCE clocked by clk  {rise@0.000ns fall@1.500ns period=3.000ns})
  Destination:            u_membanks/gen_banks[1].mem_reg_0_63_6_8/RAMB/I
                            (rising edge-triggered cell RAMD64E clocked by clk  {rise@0.000ns fall@1.500ns period=3.000ns})
  Path Group:             clk
  Path Type:              Setup (Max at Slow Process Corner)
  Requirement:            3.000ns  (clk rise@3.000ns - clk rise@0.000ns)
  Data Path Delay:        22.039ns  (logic 8.234ns (37.361%)  route 13.805ns (62.639%))
  Logic Levels:           56  (CARRY4=25 DSP48E1=1 LUT2=7 LUT3=4 LUT4=4 LUT5=4 LUT6=10 RAMD64E=1)
  Clock Path Skew:        -0.344ns (DCD - SCD + CPR)
    Destination Clock Delay (DCD):    3.916ns = ( 6.916 - 3.000 ) 
    Source Clock Delay      (SCD):    4.476ns
    Clock Pessimism Removal (CPR):    0.216ns
  Clock Uncertainty:      0.035ns  ((TSJ^2 + TIJ^2)^1/2 + DJ) / 2 + PE
    Total System Jitter     (TSJ):    0.071ns
    Total Input Jitter      (TIJ):    0.000ns
    Discrete Jitter          (DJ):    0.000ns
    Phase Error              (PE):    0.000ns

    Location             Delay type                Incr(ns)  Path(ns)    Netlist Resource(s)
  -------------------------------------------------------------------    -------------------
                         (clock clk rise edge)        0.000     0.000 r  
    V20                                               0.000     0.000 r  clk (IN)
                         net (fo=0)                   0.000     0.000    clk
    V20                  IBUF (Prop_ibuf_I_O)         0.751     0.751 r  clk_IBUF_inst/O
                         net (fo=1, routed)           1.950     2.701    clk_IBUF
    BUFGCTRL_X0Y0        BUFG (Prop_bufg_I_O)         0.093     2.794 r  clk_IBUF_BUFG_inst/O
                         net (fo=243, routed)         1.682     4.476    u_ctrl/clk_IBUF_BUFG
    SLICE_X6Y47          FDCE                                         r  u_ctrl/b_cnt_reg[0]/C
  -------------------------------------------------------------------    -------------------
    SLICE_X6Y47          FDCE (Prop_fdce_C_Q)         0.259     4.735 r  u_ctrl/b_cnt_reg[0]/Q
                         net (fo=11, routed)          0.178     4.912    u_ctrl/b_cnt_reg_n_0_[0]
    SLICE_X7Y47          LUT2 (Prop_lut2_I0_O)        0.043     4.955 r  u_ctrl/z1_full_i_56/O
                         net (fo=1, routed)           0.000     4.955    u_ctrl/z1_full_i_56_n_0
    SLICE_X7Y47          CARRY4 (Prop_carry4_S[1]_O[1])
                                                      0.109     5.064 r  u_ctrl/z1_full_i_44/O[1]
                         net (fo=2, routed)           0.290     5.355    u_ctrl/z1_full_i_44_n_6
    SLICE_X6Y47          LUT3 (Prop_lut3_I2_O)        0.123     5.478 r  u_ctrl/z1_full_i_49/O
                         net (fo=1, routed)           0.000     5.478    u_ctrl/z1_full_i_49_n_0
    SLICE_X6Y47          CARRY4 (Prop_carry4_S[3]_O[3])
                                                      0.114     5.592 r  u_ctrl/z1_full_i_36/O[3]
                         net (fo=2, routed)           0.320     5.912    u_ctrl/orig_addrs2[4]
    SLICE_X5Y47          LUT2 (Prop_lut2_I0_O)        0.120     6.032 r  u_ctrl/z1_full_i_38/O
                         net (fo=1, routed)           0.000     6.032    u_ctrl/z1_full_i_38_n_0
    SLICE_X5Y47          CARRY4 (Prop_carry4_S[2]_O[2])
                                                      0.117     6.149 r  u_ctrl/z1_full_i_32/O[2]
                         net (fo=13, routed)          0.481     6.630    u_ctrl/orig_addrs[4]
    SLICE_X3Y49          LUT2 (Prop_lut2_I0_O)        0.122     6.752 r  u_ctrl/gen_banks[0].mem_reg_0_63_0_2_i_87/O
                         net (fo=1, routed)           0.000     6.752    u_ctrl/gen_banks[0].mem_reg_0_63_0_2_i_87_n_0
    SLICE_X3Y49          CARRY4 (Prop_carry4_S[0]_O[1])
                                                      0.218     6.970 r  u_ctrl/gen_banks[0].mem_reg_0_63_0_2_i_55/O[1]
                         net (fo=5, routed)           0.562     7.532    u_icon_addr/orig_addrs[9]
    SLICE_X3Y47          LUT6 (Prop_lut6_I0_O)        0.123     7.655 r  u_icon_addr/gen_banks[0].mem_reg_0_63_0_2_i_26/O
                         net (fo=2, routed)           0.282     7.937    u_ctrl/ntt_waddr[3]
    SLICE_X3Y50          LUT4 (Prop_lut4_I0_O)        0.043     7.980 r  u_ctrl/gen_banks[0].mem_reg_0_63_0_2_i_7/O
                         net (fo=34, routed)          0.802     8.781    u_membanks/gen_banks[0].mem_reg_0_63_6_8/ADDRA3
    SLICE_X12Y50         RAMD64E (Prop_ramd64e_RADR3_O)
                                                      0.043     8.824 r  u_membanks/gen_banks[0].mem_reg_0_63_6_8/RAMA/O
                         net (fo=13, routed)          0.526     9.350    u_icon_out/bank_dout[6]
    SLICE_X8Y48          LUT6 (Prop_lut6_I3_O)        0.043     9.393 r  u_icon_out/z1_full_i_5__1_replica/O
                         net (fo=2, routed)           0.814    10.207    u_membanks/gen_bfly_pack[2].cur_l[6]_repN_alias
    SLICE_X19Y49         LUT6 (Prop_lut6_I4_O)        0.043    10.250 r  u_membanks/raw_sum_carry_i_13__4_rewire/O
                         net (fo=1, routed)           0.332    10.582    u_membanks/raw_sum_carry_i_13__4_n_0
    SLICE_X22Y45         LUT6 (Prop_lut6_I5_O)        0.043    10.625 r  u_membanks/raw_sum_carry_i_9__8/O
                         net (fo=52, routed)          0.587    11.213    gen_intt_n2d1[2].u_intt_n2d1/raw_sum_carry__2
    SLICE_X20Y43         LUT2 (Prop_lut2_I1_O)        0.045    11.258 r  gen_intt_n2d1[2].u_intt_n2d1/raw_sum_carry__0_i_3__8/O
                         net (fo=5, routed)           0.257    11.515    gen_intt_n2d1[2].u_intt_n2d1/intt_d1_in_34[4]
    SLICE_X21Y44         LUT3 (Prop_lut3_I0_O)        0.132    11.647 r  gen_intt_n2d1[2].u_intt_n2d1/raw_sum_carry__0_i_7__2/O
                         net (fo=1, routed)           0.000    11.647    gen_r2intt_r4.u_r2intt/add23/raw_sum_carry_i_27__2_1[1]
    SLICE_X21Y44         CARRY4 (Prop_carry4_S[1]_CO[3])
                                                      0.267    11.914 r  gen_r2intt_r4.u_r2intt/add23/raw_sum_carry__0/CO[3]
                         net (fo=1, routed)           0.000    11.914    gen_r2intt_r4.u_r2intt/add23/raw_sum_carry__0_n_0
    SLICE_X21Y45         CARRY4 (Prop_carry4_CI_CO[3])
                                                      0.053    11.967 r  gen_r2intt_r4.u_r2intt/add23/raw_sum_carry__1/CO[3]
                         net (fo=1, routed)           0.000    11.967    gen_r2intt_r4.u_r2intt/add23/raw_sum_carry__1_n_0
    SLICE_X21Y46         CARRY4 (Prop_carry4_CI_CO[3])
                                                      0.053    12.020 r  gen_r2intt_r4.u_r2intt/add23/raw_sum_carry__2/CO[3]
                         net (fo=1, routed)           0.000    12.020    gen_r2intt_r4.u_r2intt/add23/raw_sum_carry__2_n_0
    SLICE_X21Y47         CARRY4 (Prop_carry4_CI_O[0])
                                                      0.111    12.131 r  gen_r2intt_r4.u_r2intt/add23/raw_sum_carry__3/O[0]
                         net (fo=1, routed)           0.331    12.463    gen_r2intt_r4.u_r2intt/add23/raw_sum_carry__3_n_7
    SLICE_X20Y42         LUT2 (Prop_lut2_I1_O)        0.124    12.587 r  gen_r2intt_r4.u_r2intt/add23/raw_sum_carry_i_33__1/O
                         net (fo=1, routed)           0.000    12.587    gen_r2intt_r4.u_r2intt/add23/raw_sum_carry_i_33__1_n_0
    SLICE_X20Y42         CARRY4 (Prop_carry4_S[0]_CO[3])
                                                      0.246    12.833 r  gen_r2intt_r4.u_r2intt/add23/raw_sum_carry_i_28__3/CO[3]
                         net (fo=1, routed)           0.000    12.833    gen_r2intt_r4.u_r2intt/add23/raw_sum_carry_i_28__3_n_0
    SLICE_X20Y43         CARRY4 (Prop_carry4_CI_CO[3])
                                                      0.054    12.887 r  gen_r2intt_r4.u_r2intt/add23/raw_sum_carry_i_27__2/CO[3]
                         net (fo=1, routed)           0.000    12.887    gen_r2intt_r4.u_r2intt/add23/raw_sum_carry_i_27__2_n_0
    SLICE_X20Y44         CARRY4 (Prop_carry4_CI_O[2])
                                                      0.112    12.999 r  gen_r2intt_r4.u_r2intt/add23/raw_sum_carry__0_i_15__0/O[2]
                         net (fo=1, routed)           0.297    13.295    gen_intt_n2d1[3].u_intt_n2d1/out0_carry__1_i_4__9[2]
    SLICE_X22Y41         LUT6 (Prop_lut6_I5_O)        0.127    13.422 r  gen_intt_n2d1[3].u_intt_n2d1/raw_sum_carry__1_i_12/O
                         net (fo=8, routed)           0.523    13.946    gen_intt_n2d1[3].u_intt_n2d1/raw_sum_carry__0_i_15__0_1
    SLICE_X23Y37         LUT4 (Prop_lut4_I1_O)        0.043    13.989 r  gen_intt_n2d1[3].u_intt_n2d1/raw_sum_carry_i_7__2/O
                         net (fo=1, routed)           0.350    14.339    gen_intt_n2d1[3].u_intt_n2d1/raw_sum_carry_i_7__2_n_0
    SLICE_X21Y37         LUT4 (Prop_lut4_I1_O)        0.043    14.382 r  gen_intt_n2d1[3].u_intt_n2d1/raw_sum_carry_i_5__2/O
                         net (fo=77, routed)          0.445    14.827    gen_intt_n2d1[3].u_intt_n2d1/raw_sum_carry_i_9__4_0
    SLICE_X20Y36         LUT3 (Prop_lut3_I2_O)        0.043    14.870 r  gen_intt_n2d1[3].u_intt_n2d1/raw_sum_carry_i_2__3/O
                         net (fo=1, routed)           0.000    14.870    gen_r2intt_r4.u_r2intt/sub02/add_inst/out0_carry_i_6__5_0[2]
    SLICE_X20Y36         CARRY4 (Prop_carry4_S[2]_CO[3])
                                                      0.183    15.053 r  gen_r2intt_r4.u_r2intt/sub02/add_inst/raw_sum_carry/CO[3]
                         net (fo=1, routed)           0.000    15.053    gen_r2intt_r4.u_r2intt/sub02/add_inst/raw_sum_carry_n_0
    SLICE_X20Y37         CARRY4 (Prop_carry4_CI_CO[3])
                                                      0.054    15.107 r  gen_r2intt_r4.u_r2intt/sub02/add_inst/raw_sum_carry__0/CO[3]
                         net (fo=1, routed)           0.000    15.107    gen_r2intt_r4.u_r2intt/sub02/add_inst/raw_sum_carry__0_n_0
    SLICE_X20Y38         CARRY4 (Prop_carry4_CI_CO[3])
                                                      0.054    15.161 r  gen_r2intt_r4.u_r2intt/sub02/add_inst/raw_sum_carry__1/CO[3]
                         net (fo=1, routed)           0.000    15.161    gen_r2intt_r4.u_r2intt/sub02/add_inst/raw_sum_carry__1_n_0
    SLICE_X20Y39         CARRY4 (Prop_carry4_CI_CO[3])
                                                      0.054    15.215 r  gen_r2intt_r4.u_r2intt/sub02/add_inst/raw_sum_carry__2/CO[3]
                         net (fo=1, routed)           0.000    15.215    gen_r2intt_r4.u_r2intt/sub02/add_inst/raw_sum_carry__2_n_0
    SLICE_X20Y40         CARRY4 (Prop_carry4_CI_O[0])
                                                      0.108    15.323 r  gen_r2intt_r4.u_r2intt/sub02/add_inst/raw_sum_carry__3/O[0]
                         net (fo=1, routed)           0.383    15.706    gen_r2intt_r4.u_r2intt/sub02/add_inst/raw_sum_carry__3_n_7
    SLICE_X19Y36         LUT2 (Prop_lut2_I1_O)        0.123    15.829 r  gen_r2intt_r4.u_r2intt/sub02/add_inst/out0_carry_i_8__9/O
                         net (fo=1, routed)           0.000    15.829    gen_r2intt_r4.u_r2intt/sub02/add_inst/out0_carry_i_8__9_n_0
    SLICE_X19Y36         CARRY4 (Prop_carry4_S[0]_CO[3])
                                                      0.259    16.088 r  gen_r2intt_r4.u_r2intt/sub02/add_inst/out0_carry_i_6__5/CO[3]
                         net (fo=1, routed)           0.000    16.088    gen_r2intt_r4.u_r2intt/sub02/add_inst/out0_carry_i_6__5_n_0
    SLICE_X19Y37         CARRY4 (Prop_carry4_CI_CO[3])
                                                      0.053    16.141 r  gen_r2intt_r4.u_r2intt/sub02/add_inst/out0_carry_i_7__5/CO[3]
                         net (fo=1, routed)           0.000    16.141    gen_r2intt_r4.u_r2intt/sub02/add_inst/out0_carry_i_7__5_n_0
    SLICE_X19Y38         CARRY4 (Prop_carry4_CI_CO[3])
                                                      0.053    16.194 r  gen_r2intt_r4.u_r2intt/sub02/add_inst/out0_carry__0_i_5__5/CO[3]
                         net (fo=1, routed)           0.000    16.194    gen_r2intt_r4.u_r2intt/sub02/add_inst/out0_carry__0_i_5__5_n_0
    SLICE_X19Y39         CARRY4 (Prop_carry4_CI_CO[3])
                                                      0.053    16.247 r  gen_r2intt_r4.u_r2intt/sub02/add_inst/out0_carry__1_i_5__5/CO[3]
                         net (fo=1, routed)           0.000    16.247    gen_r2intt_r4.u_r2intt/sub02/add_inst/out0_carry__1_i_5__5_n_0
    SLICE_X19Y40         CARRY4 (Prop_carry4_CI_CO[0])
                                                      0.139    16.386 f  gen_r2intt_r4.u_r2intt/sub02/add_inst/out0_carry__2_i_19__0/CO[0]
                         net (fo=1, routed)           0.373    16.759    gen_r2intt_r4.u_r2intt/sub02/add_inst/out0_carry__2_i_19__0_n_3
    SLICE_X16Y36         LUT3 (Prop_lut3_I0_O)        0.131    16.890 r  gen_r2intt_r4.u_r2intt/sub02/add_inst/out0_carry__2_i_16/O
                         net (fo=2, routed)           0.356    17.246    gen_intt_n2d1[1].u_intt_n2d1/product_i_22__0_0
    SLICE_X18Y34         LUT5 (Prop_lut5_I0_O)        0.043    17.289 r  gen_intt_n2d1[1].u_intt_n2d1/out0_carry__2_i_14__0/O
                         net (fo=2, routed)           0.442    17.731    gen_intt_n2d1[1].u_intt_n2d1/out0_carry__2_i_14__0_n_0
    SLICE_X18Y38         LUT5 (Prop_lut5_I4_O)        0.043    17.774 r  gen_intt_n2d1[1].u_intt_n2d1/out0_carry__2_i_2__8/O
                         net (fo=1, routed)           0.000    17.774    gen_intt_d1n[2].u_id1n/gen_r2intt_r4.r2intt_out2[1]
    SLICE_X18Y38         CARRY4 (Prop_carry4_S[2]_O[3])
                                                      0.172    17.946 r  gen_intt_d1n[2].u_id1n/out0_carry__2/O[3]
                         net (fo=1, routed)           0.366    18.312    gen_intt_n2d1[1].u_intt_n2d1/product_7[3]
    SLICE_X17Y34         LUT6 (Prop_lut6_I0_O)        0.120    18.432 r  gen_intt_n2d1[1].u_intt_n2d1/product_i_1__5/O
                         net (fo=1, routed)           0.439    18.871    gen_modmul_intt[2].u_mm_intt/a[16]
    DSP48_X0Y12          DSP48E1 (Prop_dsp48e1_A[16]_P[20])
                                                      2.737    21.608 f  gen_modmul_intt[2].u_mm_intt/product/P[20]
                         net (fo=3, routed)           0.405    22.013    gen_modmul_intt[2].u_mm_intt/product_n_85
    SLICE_X8Y31          LUT2 (Prop_lut2_I1_O)        0.043    22.056 r  gen_modmul_intt[2].u_mm_intt/gen_banks[0].mem_reg_0_63_3_5_i_136/O
                         net (fo=1, routed)           0.290    22.347    gen_modmul_intt[2].u_mm_intt/gen_banks[0].mem_reg_0_63_3_5_i_136_n_0
    SLICE_X11Y33         CARRY4 (Prop_carry4_DI[1]_CO[3])
                                                      0.250    22.597 r  gen_modmul_intt[2].u_mm_intt/gen_banks[0].mem_reg_0_63_3_5_i_83/CO[3]
                         net (fo=1, routed)           0.000    22.597    gen_modmul_intt[2].u_mm_intt/gen_banks[0].mem_reg_0_63_3_5_i_83_n_0
    SLICE_X11Y34         CARRY4 (Prop_carry4_CI_CO[3])
                                                      0.053    22.650 r  gen_modmul_intt[2].u_mm_intt/gen_banks[0].mem_reg_0_63_6_8_i_79/CO[3]
                         net (fo=1, routed)           0.000    22.650    gen_modmul_intt[2].u_mm_intt/gen_banks[0].mem_reg_0_63_6_8_i_79_n_0
    SLICE_X11Y35         CARRY4 (Prop_carry4_CI_O[0])
                                                      0.111    22.761 r  gen_modmul_intt[2].u_mm_intt/gen_banks[0].mem_reg_0_63_12_14_i_83/O[0]
                         net (fo=4, routed)           0.449    23.210    u_membanks/gen_banks[0].mem_reg_0_63_0_2_i_123_0[0]
    SLICE_X11Y37         LUT4 (Prop_lut4_I2_O)        0.124    23.334 r  u_membanks/gen_banks[0].mem_reg_0_63_0_2_i_235/O
                         net (fo=2, routed)           0.788    24.122    u_membanks/gen_banks[0].mem_reg_0_63_0_2_i_235_n_0
    SLICE_X10Y57         LUT6 (Prop_lut6_I4_O)        0.043    24.165 r  u_membanks/gen_banks[0].mem_reg_0_63_0_2_i_123_replica/O
                         net (fo=8, routed)           0.235    24.401    u_ctrl/reduced1_1_repN_alias
    SLICE_X10Y58         LUT5 (Prop_lut5_I2_O)        0.043    24.444 r  u_ctrl/gen_banks[0].mem_reg_0_63_6_8_i_51/O
                         net (fo=1, routed)           0.379    24.823    u_ctrl/gen_banks[0].mem_reg_0_63_6_8_i_51_n_0
    SLICE_X17Y59         LUT5 (Prop_lut5_I4_O)        0.043    24.866 r  u_ctrl/gen_banks[0].mem_reg_0_63_6_8_i_39/O
                         net (fo=1, routed)           0.355    25.221    gen_ntod1[1].u_nd1/gen_banks[0].mem_reg_0_63_24_26_i_4
    SLICE_X17Y59         LUT6 (Prop_lut6_I0_O)        0.043    25.264 r  gen_ntod1[1].u_nd1/gen_banks[0].mem_reg_0_63_6_8_i_20/O
                         net (fo=5, routed)           0.373    25.638    u_icon_in/gen_banks[2].mem_reg_0_63_24_26_i_1
    SLICE_X16Y58         LUT6 (Prop_lut6_I0_O)        0.043    25.681 r  u_icon_in/gen_banks[1].mem_reg_0_63_6_8_i_6/O
                         net (fo=1, routed)           0.364    26.044    u_ctrl/gen_banks[3].mem_reg_0_63_6_8_1
    SLICE_X12Y57         LUT6 (Prop_lut6_I2_O)        0.043    26.087 r  u_ctrl/gen_banks[1].mem_reg_0_63_6_8_i_2/O
                         net (fo=1, routed)           0.427    26.515    u_membanks/gen_banks[1].mem_reg_0_63_6_8/DIB
    SLICE_X10Y51         RAMD64E                                      r  u_membanks/gen_banks[1].mem_reg_0_63_6_8/RAMB/I
  -------------------------------------------------------------------    -------------------

                         (clock clk rise edge)        3.000     3.000 r  
    V20                                               0.000     3.000 r  clk (IN)
                         net (fo=0)                   0.000     3.000    clk
    V20                  IBUF (Prop_ibuf_I_O)         0.676     3.676 r  clk_IBUF_inst/O
                         net (fo=1, routed)           1.834     5.510    clk_IBUF
    BUFGCTRL_X0Y0        BUFG (Prop_bufg_I_O)         0.083     5.593 r  clk_IBUF_BUFG_inst/O
                         net (fo=243, routed)         1.323     6.916    u_membanks/gen_banks[1].mem_reg_0_63_6_8/WCLK
    SLICE_X10Y51         RAMD64E                                      r  u_membanks/gen_banks[1].mem_reg_0_63_6_8/RAMB/CLK
                         clock pessimism              0.216     7.132    
                         clock uncertainty           -0.035     7.096    
    SLICE_X10Y51         RAMD64E (Setup_ramd64e_CLK_I)
                                                     -0.198     6.898    u_membanks/gen_banks[1].mem_reg_0_63_6_8/RAMB
  -------------------------------------------------------------------
                         required time                          6.898    
                         arrival time                         -26.515    
  -------------------------------------------------------------------
                         slack                                -19.616    

Slack (VIOLATED) :        -19.612ns  (required time - arrival time)
  Source:                 u_ctrl/b_cnt_reg[0]/C
                            (rising edge-triggered cell FDCE clocked by clk  {rise@0.000ns fall@1.500ns period=3.000ns})
  Destination:            u_membanks/gen_banks[1].mem_reg_0_63_9_11/RAMA/I
                            (rising edge-triggered cell RAMD64E clocked by clk  {rise@0.000ns fall@1.500ns period=3.000ns})
  Path Group:             clk
  Path Type:              Setup (Max at Slow Process Corner)
  Requirement:            3.000ns  (clk rise@3.000ns - clk rise@0.000ns)
  Data Path Delay:        22.090ns  (logic 8.477ns (38.375%)  route 13.613ns (61.625%))
  Logic Levels:           55  (CARRY4=26 DSP48E1=1 LUT2=7 LUT3=4 LUT4=3 LUT5=4 LUT6=9 RAMD64E=1)
  Clock Path Skew:        -0.292ns (DCD - SCD + CPR)
    Destination Clock Delay (DCD):    3.968ns = ( 6.968 - 3.000 ) 
    Source Clock Delay      (SCD):    4.476ns
    Clock Pessimism Removal (CPR):    0.216ns
  Clock Uncertainty:      0.035ns  ((TSJ^2 + TIJ^2)^1/2 + DJ) / 2 + PE
    Total System Jitter     (TSJ):    0.071ns
    Total Input Jitter      (TIJ):    0.000ns
    Discrete Jitter          (DJ):    0.000ns
    Phase Error              (PE):    0.000ns

    Location             Delay type                Incr(ns)  Path(ns)    Netlist Resource(s)
  -------------------------------------------------------------------    -------------------
                         (clock clk rise edge)        0.000     0.000 r  
    V20                                               0.000     0.000 r  clk (IN)
                         net (fo=0)                   0.000     0.000    clk
    V20                  IBUF (Prop_ibuf_I_O)         0.751     0.751 r  clk_IBUF_inst/O
                         net (fo=1, routed)           1.950     2.701    clk_IBUF
    BUFGCTRL_X0Y0        BUFG (Prop_bufg_I_O)         0.093     2.794 r  clk_IBUF_BUFG_inst/O
                         net (fo=243, routed)         1.682     4.476    u_ctrl/clk_IBUF_BUFG
    SLICE_X6Y47          FDCE                                         r  u_ctrl/b_cnt_reg[0]/C
  -------------------------------------------------------------------    -------------------
    SLICE_X6Y47          FDCE (Prop_fdce_C_Q)         0.259     4.735 r  u_ctrl/b_cnt_reg[0]/Q
                         net (fo=11, routed)          0.178     4.912    u_ctrl/b_cnt_reg_n_0_[0]
    SLICE_X7Y47          LUT2 (Prop_lut2_I0_O)        0.043     4.955 r  u_ctrl/z1_full_i_56/O
                         net (fo=1, routed)           0.000     4.955    u_ctrl/z1_full_i_56_n_0
    SLICE_X7Y47          CARRY4 (Prop_carry4_S[1]_O[1])
                                                      0.109     5.064 r  u_ctrl/z1_full_i_44/O[1]
                         net (fo=2, routed)           0.290     5.355    u_ctrl/z1_full_i_44_n_6
    SLICE_X6Y47          LUT3 (Prop_lut3_I2_O)        0.123     5.478 r  u_ctrl/z1_full_i_49/O
                         net (fo=1, routed)           0.000     5.478    u_ctrl/z1_full_i_49_n_0
    SLICE_X6Y47          CARRY4 (Prop_carry4_S[3]_O[3])
                                                      0.114     5.592 r  u_ctrl/z1_full_i_36/O[3]
                         net (fo=2, routed)           0.320     5.912    u_ctrl/orig_addrs2[4]
    SLICE_X5Y47          LUT2 (Prop_lut2_I0_O)        0.120     6.032 r  u_ctrl/z1_full_i_38/O
                         net (fo=1, routed)           0.000     6.032    u_ctrl/z1_full_i_38_n_0
    SLICE_X5Y47          CARRY4 (Prop_carry4_S[2]_O[2])
                                                      0.117     6.149 r  u_ctrl/z1_full_i_32/O[2]
                         net (fo=13, routed)          0.481     6.630    u_ctrl/orig_addrs[4]
    SLICE_X3Y49          LUT2 (Prop_lut2_I0_O)        0.122     6.752 r  u_ctrl/gen_banks[0].mem_reg_0_63_0_2_i_87/O
                         net (fo=1, routed)           0.000     6.752    u_ctrl/gen_banks[0].mem_reg_0_63_0_2_i_87_n_0
    SLICE_X3Y49          CARRY4 (Prop_carry4_S[0]_O[1])
                                                      0.218     6.970 r  u_ctrl/gen_banks[0].mem_reg_0_63_0_2_i_55/O[1]
                         net (fo=5, routed)           0.562     7.532    u_icon_addr/orig_addrs[9]
    SLICE_X3Y47          LUT6 (Prop_lut6_I0_O)        0.123     7.655 r  u_icon_addr/gen_banks[0].mem_reg_0_63_0_2_i_26/O
                         net (fo=2, routed)           0.282     7.937    u_ctrl/ntt_waddr[3]
    SLICE_X3Y50          LUT4 (Prop_lut4_I0_O)        0.043     7.980 r  u_ctrl/gen_banks[0].mem_reg_0_63_0_2_i_7/O
                         net (fo=34, routed)          0.802     8.781    u_membanks/gen_banks[0].mem_reg_0_63_6_8/ADDRA3
    SLICE_X12Y50         RAMD64E (Prop_ramd64e_RADR3_O)
                                                      0.043     8.824 r  u_membanks/gen_banks[0].mem_reg_0_63_6_8/RAMA/O
                         net (fo=13, routed)          0.526     9.350    u_icon_out/bank_dout[6]
    SLICE_X8Y48          LUT6 (Prop_lut6_I3_O)        0.043     9.393 r  u_icon_out/z1_full_i_5__1_replica/O
                         net (fo=2, routed)           0.814    10.207    u_membanks/gen_bfly_pack[2].cur_l[6]_repN_alias
    SLICE_X19Y49         LUT6 (Prop_lut6_I4_O)        0.043    10.250 r  u_membanks/raw_sum_carry_i_13__4_rewire/O
                         net (fo=1, routed)           0.332    10.582    u_membanks/raw_sum_carry_i_13__4_n_0
    SLICE_X22Y45         LUT6 (Prop_lut6_I5_O)        0.043    10.625 r  u_membanks/raw_sum_carry_i_9__8/O
                         net (fo=52, routed)          0.587    11.213    gen_intt_n2d1[2].u_intt_n2d1/raw_sum_carry__2
    SLICE_X20Y43         LUT2 (Prop_lut2_I1_O)        0.045    11.258 r  gen_intt_n2d1[2].u_intt_n2d1/raw_sum_carry__0_i_3__8/O
                         net (fo=5, routed)           0.257    11.515    gen_intt_n2d1[2].u_intt_n2d1/intt_d1_in_34[4]
    SLICE_X21Y44         LUT3 (Prop_lut3_I0_O)        0.132    11.647 r  gen_intt_n2d1[2].u_intt_n2d1/raw_sum_carry__0_i_7__2/O
                         net (fo=1, routed)           0.000    11.647    gen_r2intt_r4.u_r2intt/add23/raw_sum_carry_i_27__2_1[1]
    SLICE_X21Y44         CARRY4 (Prop_carry4_S[1]_CO[3])
                                                      0.267    11.914 r  gen_r2intt_r4.u_r2intt/add23/raw_sum_carry__0/CO[3]
                         net (fo=1, routed)           0.000    11.914    gen_r2intt_r4.u_r2intt/add23/raw_sum_carry__0_n_0
    SLICE_X21Y45         CARRY4 (Prop_carry4_CI_CO[3])
                                                      0.053    11.967 r  gen_r2intt_r4.u_r2intt/add23/raw_sum_carry__1/CO[3]
                         net (fo=1, routed)           0.000    11.967    gen_r2intt_r4.u_r2intt/add23/raw_sum_carry__1_n_0
    SLICE_X21Y46         CARRY4 (Prop_carry4_CI_CO[3])
                                                      0.053    12.020 r  gen_r2intt_r4.u_r2intt/add23/raw_sum_carry__2/CO[3]
                         net (fo=1, routed)           0.000    12.020    gen_r2intt_r4.u_r2intt/add23/raw_sum_carry__2_n_0
    SLICE_X21Y47         CARRY4 (Prop_carry4_CI_O[0])
                                                      0.111    12.131 r  gen_r2intt_r4.u_r2intt/add23/raw_sum_carry__3/O[0]
                         net (fo=1, routed)           0.331    12.463    gen_r2intt_r4.u_r2intt/add23/raw_sum_carry__3_n_7
    SLICE_X20Y42         LUT2 (Prop_lut2_I1_O)        0.124    12.587 r  gen_r2intt_r4.u_r2intt/add23/raw_sum_carry_i_33__1/O
                         net (fo=1, routed)           0.000    12.587    gen_r2intt_r4.u_r2intt/add23/raw_sum_carry_i_33__1_n_0
    SLICE_X20Y42         CARRY4 (Prop_carry4_S[0]_CO[3])
                                                      0.246    12.833 r  gen_r2intt_r4.u_r2intt/add23/raw_sum_carry_i_28__3/CO[3]
                         net (fo=1, routed)           0.000    12.833    gen_r2intt_r4.u_r2intt/add23/raw_sum_carry_i_28__3_n_0
    SLICE_X20Y43         CARRY4 (Prop_carry4_CI_CO[3])
                                                      0.054    12.887 r  gen_r2intt_r4.u_r2intt/add23/raw_sum_carry_i_27__2/CO[3]
                         net (fo=1, routed)           0.000    12.887    gen_r2intt_r4.u_r2intt/add23/raw_sum_carry_i_27__2_n_0
    SLICE_X20Y44         CARRY4 (Prop_carry4_CI_O[2])
                                                      0.112    12.999 r  gen_r2intt_r4.u_r2intt/add23/raw_sum_carry__0_i_15__0/O[2]
                         net (fo=1, routed)           0.297    13.295    gen_intt_n2d1[3].u_intt_n2d1/out0_carry__1_i_4__9[2]
    SLICE_X22Y41         LUT6 (Prop_lut6_I5_O)        0.127    13.422 r  gen_intt_n2d1[3].u_intt_n2d1/raw_sum_carry__1_i_12/O
                         net (fo=8, routed)           0.523    13.946    gen_intt_n2d1[3].u_intt_n2d1/raw_sum_carry__0_i_15__0_1
    SLICE_X23Y37         LUT4 (Prop_lut4_I1_O)        0.043    13.989 r  gen_intt_n2d1[3].u_intt_n2d1/raw_sum_carry_i_7__2/O
                         net (fo=1, routed)           0.350    14.339    gen_intt_n2d1[3].u_intt_n2d1/raw_sum_carry_i_7__2_n_0
    SLICE_X21Y37         LUT4 (Prop_lut4_I1_O)        0.043    14.382 r  gen_intt_n2d1[3].u_intt_n2d1/raw_sum_carry_i_5__2/O
                         net (fo=77, routed)          0.445    14.827    gen_intt_n2d1[3].u_intt_n2d1/raw_sum_carry_i_9__4_0
    SLICE_X20Y36         LUT3 (Prop_lut3_I2_O)        0.043    14.870 r  gen_intt_n2d1[3].u_intt_n2d1/raw_sum_carry_i_2__3/O
                         net (fo=1, routed)           0.000    14.870    gen_r2intt_r4.u_r2intt/sub02/add_inst/out0_carry_i_6__5_0[2]
    SLICE_X20Y36         CARRY4 (Prop_carry4_S[2]_CO[3])
                                                      0.183    15.053 r  gen_r2intt_r4.u_r2intt/sub02/add_inst/raw_sum_carry/CO[3]
                         net (fo=1, routed)           0.000    15.053    gen_r2intt_r4.u_r2intt/sub02/add_inst/raw_sum_carry_n_0
    SLICE_X20Y37         CARRY4 (Prop_carry4_CI_CO[3])
                                                      0.054    15.107 r  gen_r2intt_r4.u_r2intt/sub02/add_inst/raw_sum_carry__0/CO[3]
                         net (fo=1, routed)           0.000    15.107    gen_r2intt_r4.u_r2intt/sub02/add_inst/raw_sum_carry__0_n_0
    SLICE_X20Y38         CARRY4 (Prop_carry4_CI_CO[3])
                                                      0.054    15.161 r  gen_r2intt_r4.u_r2intt/sub02/add_inst/raw_sum_carry__1/CO[3]
                         net (fo=1, routed)           0.000    15.161    gen_r2intt_r4.u_r2intt/sub02/add_inst/raw_sum_carry__1_n_0
    SLICE_X20Y39         CARRY4 (Prop_carry4_CI_CO[3])
                                                      0.054    15.215 r  gen_r2intt_r4.u_r2intt/sub02/add_inst/raw_sum_carry__2/CO[3]
                         net (fo=1, routed)           0.000    15.215    gen_r2intt_r4.u_r2intt/sub02/add_inst/raw_sum_carry__2_n_0
    SLICE_X20Y40         CARRY4 (Prop_carry4_CI_O[0])
                                                      0.108    15.323 r  gen_r2intt_r4.u_r2intt/sub02/add_inst/raw_sum_carry__3/O[0]
                         net (fo=1, routed)           0.383    15.706    gen_r2intt_r4.u_r2intt/sub02/add_inst/raw_sum_carry__3_n_7
    SLICE_X19Y36         LUT2 (Prop_lut2_I1_O)        0.123    15.829 r  gen_r2intt_r4.u_r2intt/sub02/add_inst/out0_carry_i_8__9/O
                         net (fo=1, routed)           0.000    15.829    gen_r2intt_r4.u_r2intt/sub02/add_inst/out0_carry_i_8__9_n_0
    SLICE_X19Y36         CARRY4 (Prop_carry4_S[0]_CO[3])
                                                      0.259    16.088 r  gen_r2intt_r4.u_r2intt/sub02/add_inst/out0_carry_i_6__5/CO[3]
                         net (fo=1, routed)           0.000    16.088    gen_r2intt_r4.u_r2intt/sub02/add_inst/out0_carry_i_6__5_n_0
    SLICE_X19Y37         CARRY4 (Prop_carry4_CI_CO[3])
                                                      0.053    16.141 r  gen_r2intt_r4.u_r2intt/sub02/add_inst/out0_carry_i_7__5/CO[3]
                         net (fo=1, routed)           0.000    16.141    gen_r2intt_r4.u_r2intt/sub02/add_inst/out0_carry_i_7__5_n_0
    SLICE_X19Y38         CARRY4 (Prop_carry4_CI_CO[3])
                                                      0.053    16.194 r  gen_r2intt_r4.u_r2intt/sub02/add_inst/out0_carry__0_i_5__5/CO[3]
                         net (fo=1, routed)           0.000    16.194    gen_r2intt_r4.u_r2intt/sub02/add_inst/out0_carry__0_i_5__5_n_0
    SLICE_X19Y39         CARRY4 (Prop_carry4_CI_CO[3])
                                                      0.053    16.247 r  gen_r2intt_r4.u_r2intt/sub02/add_inst/out0_carry__1_i_5__5/CO[3]
                         net (fo=1, routed)           0.000    16.247    gen_r2intt_r4.u_r2intt/sub02/add_inst/out0_carry__1_i_5__5_n_0
    SLICE_X19Y40         CARRY4 (Prop_carry4_CI_CO[0])
                                                      0.139    16.386 f  gen_r2intt_r4.u_r2intt/sub02/add_inst/out0_carry__2_i_19__0/CO[0]
                         net (fo=1, routed)           0.373    16.759    gen_r2intt_r4.u_r2intt/sub02/add_inst/out0_carry__2_i_19__0_n_3
    SLICE_X16Y36         LUT3 (Prop_lut3_I0_O)        0.131    16.890 r  gen_r2intt_r4.u_r2intt/sub02/add_inst/out0_carry__2_i_16/O
                         net (fo=2, routed)           0.356    17.246    gen_intt_n2d1[1].u_intt_n2d1/product_i_22__0_0
    SLICE_X18Y34         LUT5 (Prop_lut5_I0_O)        0.043    17.289 r  gen_intt_n2d1[1].u_intt_n2d1/out0_carry__2_i_14__0/O
                         net (fo=2, routed)           0.442    17.731    gen_intt_n2d1[1].u_intt_n2d1/out0_carry__2_i_14__0_n_0
    SLICE_X18Y38         LUT5 (Prop_lut5_I4_O)        0.043    17.774 r  gen_intt_n2d1[1].u_intt_n2d1/out0_carry__2_i_2__8/O
                         net (fo=1, routed)           0.000    17.774    gen_intt_d1n[2].u_id1n/gen_r2intt_r4.r2intt_out2[1]
    SLICE_X18Y38         CARRY4 (Prop_carry4_S[2]_O[3])
                                                      0.172    17.946 r  gen_intt_d1n[2].u_id1n/out0_carry__2/O[3]
                         net (fo=1, routed)           0.366    18.312    gen_intt_n2d1[1].u_intt_n2d1/product_7[3]
    SLICE_X17Y34         LUT6 (Prop_lut6_I0_O)        0.120    18.432 r  gen_intt_n2d1[1].u_intt_n2d1/product_i_1__5/O
                         net (fo=1, routed)           0.439    18.871    gen_modmul_intt[2].u_mm_intt/a[16]
    DSP48_X0Y12          DSP48E1 (Prop_dsp48e1_A[16]_P[20])
                                                      2.737    21.608 f  gen_modmul_intt[2].u_mm_intt/product/P[20]
                         net (fo=3, routed)           0.405    22.013    gen_modmul_intt[2].u_mm_intt/product_n_85
    SLICE_X8Y31          LUT2 (Prop_lut2_I1_O)        0.043    22.056 r  gen_modmul_intt[2].u_mm_intt/gen_banks[0].mem_reg_0_63_3_5_i_136/O
                         net (fo=1, routed)           0.290    22.347    gen_modmul_intt[2].u_mm_intt/gen_banks[0].mem_reg_0_63_3_5_i_136_n_0
    SLICE_X11Y33         CARRY4 (Prop_carry4_DI[1]_CO[3])
                                                      0.250    22.597 r  gen_modmul_intt[2].u_mm_intt/gen_banks[0].mem_reg_0_63_3_5_i_83/CO[3]
                         net (fo=1, routed)           0.000    22.597    gen_modmul_intt[2].u_mm_intt/gen_banks[0].mem_reg_0_63_3_5_i_83_n_0
    SLICE_X11Y34         CARRY4 (Prop_carry4_CI_O[0])
                                                      0.111    22.708 r  gen_modmul_intt[2].u_mm_intt/gen_banks[0].mem_reg_0_63_6_8_i_79/O[0]
                         net (fo=4, routed)           0.796    23.503    gen_modmul_intt[2].u_mm_intt/product_0[0]
    SLICE_X11Y54         CARRY4 (Prop_carry4_DI[3]_CO[3])
                                                      0.271    23.774 r  gen_modmul_intt[2].u_mm_intt/gen_banks[0].mem_reg_0_63_3_5_i_111/CO[3]
                         net (fo=1, routed)           0.000    23.774    gen_modmul_intt[2].u_mm_intt/gen_banks[0].mem_reg_0_63_3_5_i_111_n_0
    SLICE_X11Y55         CARRY4 (Prop_carry4_CI_O[0])
                                                      0.111    23.885 r  gen_modmul_intt[2].u_mm_intt/gen_banks[0].mem_reg_0_63_9_11_i_71/O[0]
                         net (fo=1, routed)           0.332    24.217    u_ctrl/reduced0_9[8]
    SLICE_X11Y47         LUT5 (Prop_lut5_I4_O)        0.124    24.341 r  u_ctrl/gen_banks[0].mem_reg_0_63_9_11_i_49/O
                         net (fo=1, routed)           0.540    24.882    u_ctrl/gen_banks[0].mem_reg_0_63_9_11_i_49_n_0
    SLICE_X16Y56         LUT5 (Prop_lut5_I4_O)        0.043    24.925 r  u_ctrl/gen_banks[0].mem_reg_0_63_9_11_i_35/O
                         net (fo=1, routed)           0.367    25.291    gen_ntod1[1].u_nd1/gen_banks[0].mem_reg_0_63_24_26_i_8
    SLICE_X16Y56         LUT6 (Prop_lut6_I0_O)        0.043    25.334 r  gen_ntod1[1].u_nd1/gen_banks[0].mem_reg_0_63_9_11_i_12/O
                         net (fo=4, routed)           0.248    25.583    u_icon_in/gen_banks[2].mem_reg_0_63_24_26_i_3
    SLICE_X17Y56         LUT6 (Prop_lut6_I0_O)        0.043    25.626 r  u_icon_in/gen_banks[1].mem_reg_0_63_9_11_i_4/O
                         net (fo=2, routed)           0.582    26.208    u_ctrl/gen_banks[3].mem_reg_0_63_9_11
    SLICE_X2Y57          LUT6 (Prop_lut6_I2_O)        0.043    26.251 r  u_ctrl/gen_banks[1].mem_reg_0_63_9_11_i_1/O
                         net (fo=1, routed)           0.315    26.566    u_membanks/gen_banks[1].mem_reg_0_63_9_11/DIA
    SLICE_X6Y52          RAMD64E                                      r  u_membanks/gen_banks[1].mem_reg_0_63_9_11/RAMA/I
  -------------------------------------------------------------------    -------------------

                         (clock clk rise edge)        3.000     3.000 r  
    V20                                               0.000     3.000 r  clk (IN)
                         net (fo=0)                   0.000     3.000    clk
    V20                  IBUF (Prop_ibuf_I_O)         0.676     3.676 r  clk_IBUF_inst/O
                         net (fo=1, routed)           1.834     5.510    clk_IBUF
    BUFGCTRL_X0Y0        BUFG (Prop_bufg_I_O)         0.083     5.593 r  clk_IBUF_BUFG_inst/O
                         net (fo=243, routed)         1.375     6.968    u_membanks/gen_banks[1].mem_reg_0_63_9_11/WCLK
    SLICE_X6Y52          RAMD64E                                      r  u_membanks/gen_banks[1].mem_reg_0_63_9_11/RAMA/CLK
                         clock pessimism              0.216     7.184    
                         clock uncertainty           -0.035     7.148    
    SLICE_X6Y52          RAMD64E (Setup_ramd64e_CLK_I)
                                                     -0.195     6.953    u_membanks/gen_banks[1].mem_reg_0_63_9_11/RAMA
  -------------------------------------------------------------------
                         required time                          6.953    
                         arrival time                         -26.566    
  -------------------------------------------------------------------
                         slack                                -19.612    

Slack (VIOLATED) :        -19.611ns  (required time - arrival time)
  Source:                 u_ctrl/b_cnt_reg[0]/C
                            (rising edge-triggered cell FDCE clocked by clk  {rise@0.000ns fall@1.500ns period=3.000ns})
  Destination:            u_membanks/gen_banks[1].mem_reg_0_63_33_33/DP/I
                            (rising edge-triggered cell RAMD64E clocked by clk  {rise@0.000ns fall@1.500ns period=3.000ns})
  Path Group:             clk
  Path Type:              Setup (Max at Slow Process Corner)
  Requirement:            3.000ns  (clk rise@3.000ns - clk rise@0.000ns)
  Data Path Delay:        22.018ns  (logic 7.965ns (36.176%)  route 14.053ns (63.824%))
  Logic Levels:           52  (CARRY4=21 DSP48E1=1 LUT2=6 LUT3=2 LUT4=6 LUT5=4 LUT6=11 RAMD64E=1)
  Clock Path Skew:        -0.292ns (DCD - SCD + CPR)
    Destination Clock Delay (DCD):    3.968ns = ( 6.968 - 3.000 ) 
    Source Clock Delay      (SCD):    4.476ns
    Clock Pessimism Removal (CPR):    0.216ns
  Clock Uncertainty:      0.035ns  ((TSJ^2 + TIJ^2)^1/2 + DJ) / 2 + PE
    Total System Jitter     (TSJ):    0.071ns
    Total Input Jitter      (TIJ):    0.000ns
    Discrete Jitter          (DJ):    0.000ns
    Phase Error              (PE):    0.000ns

    Location             Delay type                Incr(ns)  Path(ns)    Netlist Resource(s)
  -------------------------------------------------------------------    -------------------
                         (clock clk rise edge)        0.000     0.000 r  
    V20                                               0.000     0.000 r  clk (IN)
                         net (fo=0)                   0.000     0.000    clk
    V20                  IBUF (Prop_ibuf_I_O)         0.751     0.751 r  clk_IBUF_inst/O
                         net (fo=1, routed)           1.950     2.701    clk_IBUF
    BUFGCTRL_X0Y0        BUFG (Prop_bufg_I_O)         0.093     2.794 r  clk_IBUF_BUFG_inst/O
                         net (fo=243, routed)         1.682     4.476    u_ctrl/clk_IBUF_BUFG
    SLICE_X6Y47          FDCE                                         r  u_ctrl/b_cnt_reg[0]/C
  -------------------------------------------------------------------    -------------------
    SLICE_X6Y47          FDCE (Prop_fdce_C_Q)         0.259     4.735 r  u_ctrl/b_cnt_reg[0]/Q
                         net (fo=11, routed)          0.178     4.912    u_ctrl/b_cnt_reg_n_0_[0]
    SLICE_X7Y47          LUT2 (Prop_lut2_I0_O)        0.043     4.955 r  u_ctrl/z1_full_i_56/O
                         net (fo=1, routed)           0.000     4.955    u_ctrl/z1_full_i_56_n_0
    SLICE_X7Y47          CARRY4 (Prop_carry4_S[1]_O[1])
                                                      0.109     5.064 r  u_ctrl/z1_full_i_44/O[1]
                         net (fo=2, routed)           0.290     5.355    u_ctrl/z1_full_i_44_n_6
    SLICE_X6Y47          LUT3 (Prop_lut3_I2_O)        0.123     5.478 r  u_ctrl/z1_full_i_49/O
                         net (fo=1, routed)           0.000     5.478    u_ctrl/z1_full_i_49_n_0
    SLICE_X6Y47          CARRY4 (Prop_carry4_S[3]_O[3])
                                                      0.114     5.592 r  u_ctrl/z1_full_i_36/O[3]
                         net (fo=2, routed)           0.320     5.912    u_ctrl/orig_addrs2[4]
    SLICE_X5Y47          LUT2 (Prop_lut2_I0_O)        0.120     6.032 r  u_ctrl/z1_full_i_38/O
                         net (fo=1, routed)           0.000     6.032    u_ctrl/z1_full_i_38_n_0
    SLICE_X5Y47          CARRY4 (Prop_carry4_S[2]_O[2])
                                                      0.117     6.149 r  u_ctrl/z1_full_i_32/O[2]
                         net (fo=13, routed)          0.481     6.630    u_ctrl/orig_addrs[4]
    SLICE_X3Y49          LUT2 (Prop_lut2_I0_O)        0.122     6.752 r  u_ctrl/gen_banks[0].mem_reg_0_63_0_2_i_87/O
                         net (fo=1, routed)           0.000     6.752    u_ctrl/gen_banks[0].mem_reg_0_63_0_2_i_87_n_0
    SLICE_X3Y49          CARRY4 (Prop_carry4_S[0]_O[1])
                                                      0.218     6.970 r  u_ctrl/gen_banks[0].mem_reg_0_63_0_2_i_55/O[1]
                         net (fo=5, routed)           0.562     7.532    u_icon_addr/orig_addrs[9]
    SLICE_X3Y47          LUT6 (Prop_lut6_I0_O)        0.123     7.655 r  u_icon_addr/gen_banks[0].mem_reg_0_63_0_2_i_26/O
                         net (fo=2, routed)           0.282     7.937    u_ctrl/ntt_waddr[3]
    SLICE_X3Y50          LUT4 (Prop_lut4_I0_O)        0.043     7.980 r  u_ctrl/gen_banks[0].mem_reg_0_63_0_2_i_7/O
                         net (fo=34, routed)          0.802     8.781    u_membanks/gen_banks[0].mem_reg_0_63_6_8/ADDRA3
    SLICE_X12Y50         RAMD64E (Prop_ramd64e_RADR3_O)
                                                      0.043     8.824 r  u_membanks/gen_banks[0].mem_reg_0_63_6_8/RAMA/O
                         net (fo=13, routed)          0.526     9.350    u_icon_out/bank_dout[6]
    SLICE_X8Y48          LUT6 (Prop_lut6_I3_O)        0.043     9.393 r  u_icon_out/z1_full_i_5__1_replica/O
                         net (fo=2, routed)           0.814    10.207    u_membanks/gen_bfly_pack[2].cur_l[6]_repN_alias
    SLICE_X19Y49         LUT6 (Prop_lut6_I4_O)        0.043    10.250 r  u_membanks/raw_sum_carry_i_13__4_rewire/O
                         net (fo=1, routed)           0.332    10.582    u_membanks/raw_sum_carry_i_13__4_n_0
    SLICE_X22Y45         LUT6 (Prop_lut6_I5_O)        0.043    10.625 r  u_membanks/raw_sum_carry_i_9__8/O
                         net (fo=52, routed)          0.587    11.213    gen_intt_n2d1[2].u_intt_n2d1/raw_sum_carry__2
    SLICE_X20Y43         LUT2 (Prop_lut2_I1_O)        0.045    11.258 r  gen_intt_n2d1[2].u_intt_n2d1/raw_sum_carry__0_i_3__8/O
                         net (fo=5, routed)           0.257    11.515    gen_intt_n2d1[2].u_intt_n2d1/intt_d1_in_34[4]
    SLICE_X21Y44         LUT3 (Prop_lut3_I0_O)        0.132    11.647 r  gen_intt_n2d1[2].u_intt_n2d1/raw_sum_carry__0_i_7__2/O
                         net (fo=1, routed)           0.000    11.647    gen_r2intt_r4.u_r2intt/add23/raw_sum_carry_i_27__2_1[1]
    SLICE_X21Y44         CARRY4 (Prop_carry4_S[1]_CO[3])
                                                      0.267    11.914 r  gen_r2intt_r4.u_r2intt/add23/raw_sum_carry__0/CO[3]
                         net (fo=1, routed)           0.000    11.914    gen_r2intt_r4.u_r2intt/add23/raw_sum_carry__0_n_0
    SLICE_X21Y45         CARRY4 (Prop_carry4_CI_CO[3])
                                                      0.053    11.967 r  gen_r2intt_r4.u_r2intt/add23/raw_sum_carry__1/CO[3]
                         net (fo=1, routed)           0.000    11.967    gen_r2intt_r4.u_r2intt/add23/raw_sum_carry__1_n_0
    SLICE_X21Y46         CARRY4 (Prop_carry4_CI_CO[3])
                                                      0.053    12.020 r  gen_r2intt_r4.u_r2intt/add23/raw_sum_carry__2/CO[3]
                         net (fo=1, routed)           0.000    12.020    gen_r2intt_r4.u_r2intt/add23/raw_sum_carry__2_n_0
    SLICE_X21Y47         CARRY4 (Prop_carry4_CI_O[0])
                                                      0.111    12.131 r  gen_r2intt_r4.u_r2intt/add23/raw_sum_carry__3/O[0]
                         net (fo=1, routed)           0.331    12.463    gen_r2intt_r4.u_r2intt/add23/raw_sum_carry__3_n_7
    SLICE_X20Y42         LUT2 (Prop_lut2_I1_O)        0.124    12.587 r  gen_r2intt_r4.u_r2intt/add23/raw_sum_carry_i_33__1/O
                         net (fo=1, routed)           0.000    12.587    gen_r2intt_r4.u_r2intt/add23/raw_sum_carry_i_33__1_n_0
    SLICE_X20Y42         CARRY4 (Prop_carry4_S[0]_CO[3])
                                                      0.246    12.833 r  gen_r2intt_r4.u_r2intt/add23/raw_sum_carry_i_28__3/CO[3]
                         net (fo=1, routed)           0.000    12.833    gen_r2intt_r4.u_r2intt/add23/raw_sum_carry_i_28__3_n_0
    SLICE_X20Y43         CARRY4 (Prop_carry4_CI_CO[3])
                                                      0.054    12.887 r  gen_r2intt_r4.u_r2intt/add23/raw_sum_carry_i_27__2/CO[3]
                         net (fo=1, routed)           0.000    12.887    gen_r2intt_r4.u_r2intt/add23/raw_sum_carry_i_27__2_n_0
    SLICE_X20Y44         CARRY4 (Prop_carry4_CI_CO[3])
                                                      0.054    12.941 r  gen_r2intt_r4.u_r2intt/add23/raw_sum_carry__0_i_15__0/CO[3]
                         net (fo=1, routed)           0.000    12.941    gen_r2intt_r4.u_r2intt/add23/raw_sum_carry__0_i_15__0_n_0
    SLICE_X20Y45         CARRY4 (Prop_carry4_CI_O[2])
                                                      0.112    13.053 f  gen_r2intt_r4.u_r2intt/add23/raw_sum_carry__1_i_14__0/O[2]
                         net (fo=1, routed)           0.417    13.469    gen_intt_n2d1[3].u_intt_n2d1/raw_sum_carry__2_i_6__4[2]
    SLICE_X19Y42         LUT6 (Prop_lut6_I5_O)        0.127    13.596 f  gen_intt_n2d1[3].u_intt_n2d1/raw_sum_carry__2_i_14__1/O
                         net (fo=8, routed)           0.603    14.199    gen_intt_n2d1[3].u_intt_n2d1/raw_sum_carry__1_i_14__0_0
    SLICE_X23Y36         LUT4 (Prop_lut4_I0_O)        0.043    14.242 f  gen_intt_n2d1[3].u_intt_n2d1/raw_sum_carry__2_i_21__0/O
                         net (fo=1, routed)           0.230    14.472    gen_intt_n2d1[3].u_intt_n2d1/raw_sum_carry__2_i_21__0_n_0
    SLICE_X23Y36         LUT6 (Prop_lut6_I1_O)        0.043    14.515 r  gen_intt_n2d1[3].u_intt_n2d1/raw_sum_carry__2_i_12__1/O
                         net (fo=9, routed)           0.467    14.982    u_membanks/raw_sum_carry__2_6
    SLICE_X22Y39         LUT4 (Prop_lut4_I1_O)        0.043    15.025 r  u_membanks/raw_sum_carry__2_i_5__9/O
                         net (fo=1, routed)           0.000    15.025    gen_r2intt_r4.u_r2intt/add02/out0_carry__1_i_5__3_2[3]
    SLICE_X22Y39         CARRY4 (Prop_carry4_S[3]_CO[3])
                                                      0.180    15.205 r  gen_r2intt_r4.u_r2intt/add02/raw_sum_carry__2/CO[3]
                         net (fo=1, routed)           0.000    15.205    gen_r2intt_r4.u_r2intt/add02/raw_sum_carry__2_n_0
    SLICE_X22Y40         CARRY4 (Prop_carry4_CI_O[0])
                                                      0.108    15.313 r  gen_r2intt_r4.u_r2intt/add02/raw_sum_carry__3/O[0]
                         net (fo=1, routed)           0.279    15.592    gen_r2intt_r4.u_r2intt/add02/raw_sum_carry__3_n_7
    SLICE_X21Y38         LUT2 (Prop_lut2_I1_O)        0.123    15.715 r  gen_r2intt_r4.u_r2intt/add02/out0_carry_i_8__8/O
                         net (fo=1, routed)           0.000    15.715    gen_r2intt_r4.u_r2intt/add02/out0_carry_i_8__8_n_0
    SLICE_X21Y38         CARRY4 (Prop_carry4_S[0]_CO[3])
                                                      0.259    15.974 r  gen_r2intt_r4.u_r2intt/add02/out0_carry_i_6__4/CO[3]
                         net (fo=1, routed)           0.000    15.974    gen_r2intt_r4.u_r2intt/add02/out0_carry_i_6__4_n_0
    SLICE_X21Y39         CARRY4 (Prop_carry4_CI_CO[3])
                                                      0.053    16.027 r  gen_r2intt_r4.u_r2intt/add02/out0_carry_i_7__3/CO[3]
                         net (fo=1, routed)           0.000    16.027    gen_r2intt_r4.u_r2intt/add02/out0_carry_i_7__3_n_0
    SLICE_X21Y40         CARRY4 (Prop_carry4_CI_CO[3])
                                                      0.053    16.080 r  gen_r2intt_r4.u_r2intt/add02/out0_carry__0_i_5__3/CO[3]
                         net (fo=1, routed)           0.000    16.080    gen_r2intt_r4.u_r2intt/add02/out0_carry__0_i_5__3_n_0
    SLICE_X21Y41         CARRY4 (Prop_carry4_CI_O[0])
                                                      0.111    16.191 r  gen_r2intt_r4.u_r2intt/add02/out0_carry__1_i_5__3/O[0]
                         net (fo=3, routed)           0.362    16.553    gen_intt_n2d1[3].u_intt_n2d1/out0_carry__2_0[0]
    SLICE_X20Y41         LUT5 (Prop_lut5_I0_O)        0.124    16.677 r  gen_intt_n2d1[3].u_intt_n2d1/product_i_24/O
                         net (fo=2, routed)           0.609    17.286    gen_intt_n2d1[3].u_intt_n2d1/gen_r2intt_r4.r2intt_out0[11]
    SLICE_X24Y43         LUT4 (Prop_lut4_I2_O)        0.043    17.329 r  gen_intt_n2d1[3].u_intt_n2d1/out0_carry__2_i_13__3/O
                         net (fo=2, routed)           0.377    17.706    gen_intt_n2d1[3].u_intt_n2d1/out0_carry__2_i_13__3_n_0
    SLICE_X23Y43         LUT5 (Prop_lut5_I2_O)        0.043    17.749 r  gen_intt_n2d1[3].u_intt_n2d1/out0_carry__2_i_2__7/O
                         net (fo=1, routed)           0.000    17.749    gen_intt_d1n[0].u_id1n/gen_r2intt_r4.r2intt_out0[1]
    SLICE_X23Y43         CARRY4 (Prop_carry4_S[2]_O[3])
                                                      0.178    17.927 r  gen_intt_d1n[0].u_id1n/out0_carry__2/O[3]
                         net (fo=1, routed)           0.326    18.253    gen_intt_n2d1[3].u_intt_n2d1/product_4[3]
    SLICE_X27Y44         LUT6 (Prop_lut6_I0_O)        0.120    18.373 r  gen_intt_n2d1[3].u_intt_n2d1/product_i_1__3/O
                         net (fo=1, routed)           0.656    19.029    gen_modmul_intt[0].u_mm_intt/a[16]
    DSP48_X2Y18          DSP48E1 (Prop_dsp48e1_A[16]_P[18])
                                                      2.737    21.766 r  gen_modmul_intt[0].u_mm_intt/product/P[18]
                         net (fo=3, routed)           0.635    22.401    gen_modmul_intt[0].u_mm_intt/product_n_87
    SLICE_X43Y47         LUT4 (Prop_lut4_I0_O)        0.043    22.444 r  gen_modmul_intt[0].u_mm_intt/gen_banks[0].mem_reg_0_63_0_2_i_279/O
                         net (fo=1, routed)           0.000    22.444    gen_modmul_intt[0].u_mm_intt/gen_banks[0].mem_reg_0_63_0_2_i_279_n_0
    SLICE_X43Y47         CARRY4 (Prop_carry4_S[3]_CO[3])
                                                      0.193    22.637 r  gen_modmul_intt[0].u_mm_intt/gen_banks[0].mem_reg_0_63_0_2_i_158/CO[3]
                         net (fo=1, routed)           0.000    22.637    gen_modmul_intt[0].u_mm_intt/gen_banks[0].mem_reg_0_63_0_2_i_158_n_0
    SLICE_X43Y48         CARRY4 (Prop_carry4_CI_O[3])
                                                      0.149    22.786 r  gen_modmul_intt[0].u_mm_intt/gen_banks[0].mem_reg_0_63_3_5_i_101/O[3]
                         net (fo=4, routed)           0.453    23.239    u_membanks/gen_banks[0].mem_reg_0_63_0_2_i_159_3[3]
    SLICE_X41Y50         LUT4 (Prop_lut4_I3_O)        0.120    23.359 r  u_membanks/gen_banks[0].mem_reg_0_63_0_2_i_284/O
                         net (fo=1, routed)           0.432    23.791    u_membanks/gen_banks[0].mem_reg_0_63_0_2_i_284_n_0
    SLICE_X39Y50         LUT6 (Prop_lut6_I1_O)        0.043    23.834 r  u_membanks/gen_banks[0].mem_reg_0_63_0_2_i_159/O
                         net (fo=17, routed)          0.310    24.143    u_ctrl/reduced1_0
    SLICE_X36Y51         LUT5 (Prop_lut5_I2_O)        0.043    24.186 r  u_ctrl/gen_banks[0].mem_reg_0_63_15_17_i_50/O
                         net (fo=1, routed)           0.184    24.371    u_ctrl/gen_banks[0].mem_reg_0_63_15_17_i_50_n_0
    SLICE_X37Y52         LUT5 (Prop_lut5_I4_O)        0.043    24.414 r  u_ctrl/gen_banks[0].mem_reg_0_63_15_17_i_38/O
                         net (fo=1, routed)           0.558    24.971    gen_ntod1[1].u_nd1/gen_banks[1].mem_reg_0_63_33_33_i_3_3
    SLICE_X26Y52         LUT6 (Prop_lut6_I0_O)        0.043    25.014 r  gen_ntod1[1].u_nd1/gen_banks[0].mem_reg_0_63_15_17_i_24/O
                         net (fo=4, routed)           0.814    25.828    u_icon_in/gen_banks[3].mem_reg_0_63_33_33_i_1_0
    SLICE_X9Y55          LUT6 (Prop_lut6_I1_O)        0.043    25.871 r  u_icon_in/gen_banks[1].mem_reg_0_63_33_33_i_3/O
                         net (fo=2, routed)           0.387    26.258    u_ctrl/gen_banks[3].mem_reg_0_63_33_33_0
    SLICE_X4Y55          LUT6 (Prop_lut6_I4_O)        0.043    26.301 r  u_ctrl/gen_banks[1].mem_reg_0_63_33_33_i_1/O
                         net (fo=2, routed)           0.193    26.493    u_membanks/gen_banks[1].mem_reg_0_63_33_33/D
    SLICE_X6Y55          RAMD64E                                      r  u_membanks/gen_banks[1].mem_reg_0_63_33_33/DP/I
  -------------------------------------------------------------------    -------------------

                         (clock clk rise edge)        3.000     3.000 r  
    V20                                               0.000     3.000 r  clk (IN)
                         net (fo=0)                   0.000     3.000    clk
    V20                  IBUF (Prop_ibuf_I_O)         0.676     3.676 r  clk_IBUF_inst/O
                         net (fo=1, routed)           1.834     5.510    clk_IBUF
    BUFGCTRL_X0Y0        BUFG (Prop_bufg_I_O)         0.083     5.593 r  clk_IBUF_BUFG_inst/O
                         net (fo=243, routed)         1.375     6.968    u_membanks/gen_banks[1].mem_reg_0_63_33_33/WCLK
    SLICE_X6Y55          RAMD64E                                      r  u_membanks/gen_banks[1].mem_reg_0_63_33_33/DP/CLK
                         clock pessimism              0.216     7.184    
                         clock uncertainty           -0.035     7.148    
    SLICE_X6Y55          RAMD64E (Setup_ramd64e_CLK_I)
                                                     -0.266     6.882    u_membanks/gen_banks[1].mem_reg_0_63_33_33/DP
  -------------------------------------------------------------------
                         required time                          6.882    
                         arrival time                         -26.493    
  -------------------------------------------------------------------
                         slack                                -19.611    

Slack (VIOLATED) :        -19.598ns  (required time - arrival time)
  Source:                 u_ctrl/b_cnt_reg[0]/C
                            (rising edge-triggered cell FDCE clocked by clk  {rise@0.000ns fall@1.500ns period=3.000ns})
  Destination:            u_membanks/gen_banks[1].mem_reg_0_63_12_14/RAMB/I
                            (rising edge-triggered cell RAMD64E clocked by clk  {rise@0.000ns fall@1.500ns period=3.000ns})
  Path Group:             clk
  Path Type:              Setup (Max at Slow Process Corner)
  Requirement:            3.000ns  (clk rise@3.000ns - clk rise@0.000ns)
  Data Path Delay:        22.075ns  (logic 7.965ns (36.082%)  route 14.110ns (63.918%))
  Logic Levels:           52  (CARRY4=21 DSP48E1=1 LUT2=6 LUT3=2 LUT4=6 LUT5=4 LUT6=11 RAMD64E=1)
  Clock Path Skew:        -0.290ns (DCD - SCD + CPR)
    Destination Clock Delay (DCD):    3.970ns = ( 6.970 - 3.000 ) 
    Source Clock Delay      (SCD):    4.476ns
    Clock Pessimism Removal (CPR):    0.216ns
  Clock Uncertainty:      0.035ns  ((TSJ^2 + TIJ^2)^1/2 + DJ) / 2 + PE
    Total System Jitter     (TSJ):    0.071ns
    Total Input Jitter      (TIJ):    0.000ns
    Discrete Jitter          (DJ):    0.000ns
    Phase Error              (PE):    0.000ns

    Location             Delay type                Incr(ns)  Path(ns)    Netlist Resource(s)
  -------------------------------------------------------------------    -------------------
                         (clock clk rise edge)        0.000     0.000 r  
    V20                                               0.000     0.000 r  clk (IN)
                         net (fo=0)                   0.000     0.000    clk
    V20                  IBUF (Prop_ibuf_I_O)         0.751     0.751 r  clk_IBUF_inst/O
                         net (fo=1, routed)           1.950     2.701    clk_IBUF
    BUFGCTRL_X0Y0        BUFG (Prop_bufg_I_O)         0.093     2.794 r  clk_IBUF_BUFG_inst/O
                         net (fo=243, routed)         1.682     4.476    u_ctrl/clk_IBUF_BUFG
    SLICE_X6Y47          FDCE                                         r  u_ctrl/b_cnt_reg[0]/C
  -------------------------------------------------------------------    -------------------
    SLICE_X6Y47          FDCE (Prop_fdce_C_Q)         0.259     4.735 r  u_ctrl/b_cnt_reg[0]/Q
                         net (fo=11, routed)          0.178     4.912    u_ctrl/b_cnt_reg_n_0_[0]
    SLICE_X7Y47          LUT2 (Prop_lut2_I0_O)        0.043     4.955 r  u_ctrl/z1_full_i_56/O
                         net (fo=1, routed)           0.000     4.955    u_ctrl/z1_full_i_56_n_0
    SLICE_X7Y47          CARRY4 (Prop_carry4_S[1]_O[1])
                                                      0.109     5.064 r  u_ctrl/z1_full_i_44/O[1]
                         net (fo=2, routed)           0.290     5.355    u_ctrl/z1_full_i_44_n_6
    SLICE_X6Y47          LUT3 (Prop_lut3_I2_O)        0.123     5.478 r  u_ctrl/z1_full_i_49/O
                         net (fo=1, routed)           0.000     5.478    u_ctrl/z1_full_i_49_n_0
    SLICE_X6Y47          CARRY4 (Prop_carry4_S[3]_O[3])
                                                      0.114     5.592 r  u_ctrl/z1_full_i_36/O[3]
                         net (fo=2, routed)           0.320     5.912    u_ctrl/orig_addrs2[4]
    SLICE_X5Y47          LUT2 (Prop_lut2_I0_O)        0.120     6.032 r  u_ctrl/z1_full_i_38/O
                         net (fo=1, routed)           0.000     6.032    u_ctrl/z1_full_i_38_n_0
    SLICE_X5Y47          CARRY4 (Prop_carry4_S[2]_O[2])
                                                      0.117     6.149 r  u_ctrl/z1_full_i_32/O[2]
                         net (fo=13, routed)          0.481     6.630    u_ctrl/orig_addrs[4]
    SLICE_X3Y49          LUT2 (Prop_lut2_I0_O)        0.122     6.752 r  u_ctrl/gen_banks[0].mem_reg_0_63_0_2_i_87/O
                         net (fo=1, routed)           0.000     6.752    u_ctrl/gen_banks[0].mem_reg_0_63_0_2_i_87_n_0
    SLICE_X3Y49          CARRY4 (Prop_carry4_S[0]_O[1])
                                                      0.218     6.970 r  u_ctrl/gen_banks[0].mem_reg_0_63_0_2_i_55/O[1]
                         net (fo=5, routed)           0.562     7.532    u_icon_addr/orig_addrs[9]
    SLICE_X3Y47          LUT6 (Prop_lut6_I0_O)        0.123     7.655 r  u_icon_addr/gen_banks[0].mem_reg_0_63_0_2_i_26/O
                         net (fo=2, routed)           0.282     7.937    u_ctrl/ntt_waddr[3]
    SLICE_X3Y50          LUT4 (Prop_lut4_I0_O)        0.043     7.980 r  u_ctrl/gen_banks[0].mem_reg_0_63_0_2_i_7/O
                         net (fo=34, routed)          0.802     8.781    u_membanks/gen_banks[0].mem_reg_0_63_6_8/ADDRA3
    SLICE_X12Y50         RAMD64E (Prop_ramd64e_RADR3_O)
                                                      0.043     8.824 r  u_membanks/gen_banks[0].mem_reg_0_63_6_8/RAMA/O
                         net (fo=13, routed)          0.526     9.350    u_icon_out/bank_dout[6]
    SLICE_X8Y48          LUT6 (Prop_lut6_I3_O)        0.043     9.393 r  u_icon_out/z1_full_i_5__1_replica/O
                         net (fo=2, routed)           0.814    10.207    u_membanks/gen_bfly_pack[2].cur_l[6]_repN_alias
    SLICE_X19Y49         LUT6 (Prop_lut6_I4_O)        0.043    10.250 r  u_membanks/raw_sum_carry_i_13__4_rewire/O
                         net (fo=1, routed)           0.332    10.582    u_membanks/raw_sum_carry_i_13__4_n_0
    SLICE_X22Y45         LUT6 (Prop_lut6_I5_O)        0.043    10.625 r  u_membanks/raw_sum_carry_i_9__8/O
                         net (fo=52, routed)          0.587    11.213    gen_intt_n2d1[2].u_intt_n2d1/raw_sum_carry__2
    SLICE_X20Y43         LUT2 (Prop_lut2_I1_O)        0.045    11.258 r  gen_intt_n2d1[2].u_intt_n2d1/raw_sum_carry__0_i_3__8/O
                         net (fo=5, routed)           0.257    11.515    gen_intt_n2d1[2].u_intt_n2d1/intt_d1_in_34[4]
    SLICE_X21Y44         LUT3 (Prop_lut3_I0_O)        0.132    11.647 r  gen_intt_n2d1[2].u_intt_n2d1/raw_sum_carry__0_i_7__2/O
                         net (fo=1, routed)           0.000    11.647    gen_r2intt_r4.u_r2intt/add23/raw_sum_carry_i_27__2_1[1]
    SLICE_X21Y44         CARRY4 (Prop_carry4_S[1]_CO[3])
                                                      0.267    11.914 r  gen_r2intt_r4.u_r2intt/add23/raw_sum_carry__0/CO[3]
                         net (fo=1, routed)           0.000    11.914    gen_r2intt_r4.u_r2intt/add23/raw_sum_carry__0_n_0
    SLICE_X21Y45         CARRY4 (Prop_carry4_CI_CO[3])
                                                      0.053    11.967 r  gen_r2intt_r4.u_r2intt/add23/raw_sum_carry__1/CO[3]
                         net (fo=1, routed)           0.000    11.967    gen_r2intt_r4.u_r2intt/add23/raw_sum_carry__1_n_0
    SLICE_X21Y46         CARRY4 (Prop_carry4_CI_CO[3])
                                                      0.053    12.020 r  gen_r2intt_r4.u_r2intt/add23/raw_sum_carry__2/CO[3]
                         net (fo=1, routed)           0.000    12.020    gen_r2intt_r4.u_r2intt/add23/raw_sum_carry__2_n_0
    SLICE_X21Y47         CARRY4 (Prop_carry4_CI_O[0])
                                                      0.111    12.131 r  gen_r2intt_r4.u_r2intt/add23/raw_sum_carry__3/O[0]
                         net (fo=1, routed)           0.331    12.463    gen_r2intt_r4.u_r2intt/add23/raw_sum_carry__3_n_7
    SLICE_X20Y42         LUT2 (Prop_lut2_I1_O)        0.124    12.587 r  gen_r2intt_r4.u_r2intt/add23/raw_sum_carry_i_33__1/O
                         net (fo=1, routed)           0.000    12.587    gen_r2intt_r4.u_r2intt/add23/raw_sum_carry_i_33__1_n_0
    SLICE_X20Y42         CARRY4 (Prop_carry4_S[0]_CO[3])
                                                      0.246    12.833 r  gen_r2intt_r4.u_r2intt/add23/raw_sum_carry_i_28__3/CO[3]
                         net (fo=1, routed)           0.000    12.833    gen_r2intt_r4.u_r2intt/add23/raw_sum_carry_i_28__3_n_0
    SLICE_X20Y43         CARRY4 (Prop_carry4_CI_CO[3])
                                                      0.054    12.887 r  gen_r2intt_r4.u_r2intt/add23/raw_sum_carry_i_27__2/CO[3]
                         net (fo=1, routed)           0.000    12.887    gen_r2intt_r4.u_r2intt/add23/raw_sum_carry_i_27__2_n_0
    SLICE_X20Y44         CARRY4 (Prop_carry4_CI_CO[3])
                                                      0.054    12.941 r  gen_r2intt_r4.u_r2intt/add23/raw_sum_carry__0_i_15__0/CO[3]
                         net (fo=1, routed)           0.000    12.941    gen_r2intt_r4.u_r2intt/add23/raw_sum_carry__0_i_15__0_n_0
    SLICE_X20Y45         CARRY4 (Prop_carry4_CI_O[2])
                                                      0.112    13.053 f  gen_r2intt_r4.u_r2intt/add23/raw_sum_carry__1_i_14__0/O[2]
                         net (fo=1, routed)           0.417    13.469    gen_intt_n2d1[3].u_intt_n2d1/raw_sum_carry__2_i_6__4[2]
    SLICE_X19Y42         LUT6 (Prop_lut6_I5_O)        0.127    13.596 f  gen_intt_n2d1[3].u_intt_n2d1/raw_sum_carry__2_i_14__1/O
                         net (fo=8, routed)           0.603    14.199    gen_intt_n2d1[3].u_intt_n2d1/raw_sum_carry__1_i_14__0_0
    SLICE_X23Y36         LUT4 (Prop_lut4_I0_O)        0.043    14.242 f  gen_intt_n2d1[3].u_intt_n2d1/raw_sum_carry__2_i_21__0/O
                         net (fo=1, routed)           0.230    14.472    gen_intt_n2d1[3].u_intt_n2d1/raw_sum_carry__2_i_21__0_n_0
    SLICE_X23Y36         LUT6 (Prop_lut6_I1_O)        0.043    14.515 r  gen_intt_n2d1[3].u_intt_n2d1/raw_sum_carry__2_i_12__1/O
                         net (fo=9, routed)           0.467    14.982    u_membanks/raw_sum_carry__2_6
    SLICE_X22Y39         LUT4 (Prop_lut4_I1_O)        0.043    15.025 r  u_membanks/raw_sum_carry__2_i_5__9/O
                         net (fo=1, routed)           0.000    15.025    gen_r2intt_r4.u_r2intt/add02/out0_carry__1_i_5__3_2[3]
    SLICE_X22Y39         CARRY4 (Prop_carry4_S[3]_CO[3])
                                                      0.180    15.205 r  gen_r2intt_r4.u_r2intt/add02/raw_sum_carry__2/CO[3]
                         net (fo=1, routed)           0.000    15.205    gen_r2intt_r4.u_r2intt/add02/raw_sum_carry__2_n_0
    SLICE_X22Y40         CARRY4 (Prop_carry4_CI_O[0])
                                                      0.108    15.313 r  gen_r2intt_r4.u_r2intt/add02/raw_sum_carry__3/O[0]
                         net (fo=1, routed)           0.279    15.592    gen_r2intt_r4.u_r2intt/add02/raw_sum_carry__3_n_7
    SLICE_X21Y38         LUT2 (Prop_lut2_I1_O)        0.123    15.715 r  gen_r2intt_r4.u_r2intt/add02/out0_carry_i_8__8/O
                         net (fo=1, routed)           0.000    15.715    gen_r2intt_r4.u_r2intt/add02/out0_carry_i_8__8_n_0
    SLICE_X21Y38         CARRY4 (Prop_carry4_S[0]_CO[3])
                                                      0.259    15.974 r  gen_r2intt_r4.u_r2intt/add02/out0_carry_i_6__4/CO[3]
                         net (fo=1, routed)           0.000    15.974    gen_r2intt_r4.u_r2intt/add02/out0_carry_i_6__4_n_0
    SLICE_X21Y39         CARRY4 (Prop_carry4_CI_CO[3])
                                                      0.053    16.027 r  gen_r2intt_r4.u_r2intt/add02/out0_carry_i_7__3/CO[3]
                         net (fo=1, routed)           0.000    16.027    gen_r2intt_r4.u_r2intt/add02/out0_carry_i_7__3_n_0
    SLICE_X21Y40         CARRY4 (Prop_carry4_CI_CO[3])
                                                      0.053    16.080 r  gen_r2intt_r4.u_r2intt/add02/out0_carry__0_i_5__3/CO[3]
                         net (fo=1, routed)           0.000    16.080    gen_r2intt_r4.u_r2intt/add02/out0_carry__0_i_5__3_n_0
    SLICE_X21Y41         CARRY4 (Prop_carry4_CI_O[0])
                                                      0.111    16.191 r  gen_r2intt_r4.u_r2intt/add02/out0_carry__1_i_5__3/O[0]
                         net (fo=3, routed)           0.362    16.553    gen_intt_n2d1[3].u_intt_n2d1/out0_carry__2_0[0]
    SLICE_X20Y41         LUT5 (Prop_lut5_I0_O)        0.124    16.677 r  gen_intt_n2d1[3].u_intt_n2d1/product_i_24/O
                         net (fo=2, routed)           0.609    17.286    gen_intt_n2d1[3].u_intt_n2d1/gen_r2intt_r4.r2intt_out0[11]
    SLICE_X24Y43         LUT4 (Prop_lut4_I2_O)        0.043    17.329 r  gen_intt_n2d1[3].u_intt_n2d1/out0_carry__2_i_13__3/O
                         net (fo=2, routed)           0.377    17.706    gen_intt_n2d1[3].u_intt_n2d1/out0_carry__2_i_13__3_n_0
    SLICE_X23Y43         LUT5 (Prop_lut5_I2_O)        0.043    17.749 r  gen_intt_n2d1[3].u_intt_n2d1/out0_carry__2_i_2__7/O
                         net (fo=1, routed)           0.000    17.749    gen_intt_d1n[0].u_id1n/gen_r2intt_r4.r2intt_out0[1]
    SLICE_X23Y43         CARRY4 (Prop_carry4_S[2]_O[3])
                                                      0.178    17.927 r  gen_intt_d1n[0].u_id1n/out0_carry__2/O[3]
                         net (fo=1, routed)           0.326    18.253    gen_intt_n2d1[3].u_intt_n2d1/product_4[3]
    SLICE_X27Y44         LUT6 (Prop_lut6_I0_O)        0.120    18.373 r  gen_intt_n2d1[3].u_intt_n2d1/product_i_1__3/O
                         net (fo=1, routed)           0.656    19.029    gen_modmul_intt[0].u_mm_intt/a[16]
    DSP48_X2Y18          DSP48E1 (Prop_dsp48e1_A[16]_P[18])
                                                      2.737    21.766 r  gen_modmul_intt[0].u_mm_intt/product/P[18]
                         net (fo=3, routed)           0.635    22.401    gen_modmul_intt[0].u_mm_intt/product_n_87
    SLICE_X43Y47         LUT4 (Prop_lut4_I0_O)        0.043    22.444 r  gen_modmul_intt[0].u_mm_intt/gen_banks[0].mem_reg_0_63_0_2_i_279/O
                         net (fo=1, routed)           0.000    22.444    gen_modmul_intt[0].u_mm_intt/gen_banks[0].mem_reg_0_63_0_2_i_279_n_0
    SLICE_X43Y47         CARRY4 (Prop_carry4_S[3]_CO[3])
                                                      0.193    22.637 r  gen_modmul_intt[0].u_mm_intt/gen_banks[0].mem_reg_0_63_0_2_i_158/CO[3]
                         net (fo=1, routed)           0.000    22.637    gen_modmul_intt[0].u_mm_intt/gen_banks[0].mem_reg_0_63_0_2_i_158_n_0
    SLICE_X43Y48         CARRY4 (Prop_carry4_CI_O[3])
                                                      0.149    22.786 r  gen_modmul_intt[0].u_mm_intt/gen_banks[0].mem_reg_0_63_3_5_i_101/O[3]
                         net (fo=4, routed)           0.453    23.239    u_membanks/gen_banks[0].mem_reg_0_63_0_2_i_159_3[3]
    SLICE_X41Y50         LUT4 (Prop_lut4_I3_O)        0.120    23.359 r  u_membanks/gen_banks[0].mem_reg_0_63_0_2_i_284/O
                         net (fo=1, routed)           0.432    23.791    u_membanks/gen_banks[0].mem_reg_0_63_0_2_i_284_n_0
    SLICE_X39Y50         LUT6 (Prop_lut6_I1_O)        0.043    23.834 r  u_membanks/gen_banks[0].mem_reg_0_63_0_2_i_159/O
                         net (fo=17, routed)          0.291    24.125    u_ctrl/reduced1_0
    SLICE_X36Y50         LUT5 (Prop_lut5_I2_O)        0.043    24.168 r  u_ctrl/gen_banks[0].mem_reg_0_63_12_14_i_61/O
                         net (fo=1, routed)           0.313    24.480    u_ctrl/gen_banks[0].mem_reg_0_63_12_14_i_61_n_0
    SLICE_X35Y53         LUT5 (Prop_lut5_I4_O)        0.043    24.523 r  u_ctrl/gen_banks[0].mem_reg_0_63_12_14_i_41/O
                         net (fo=2, routed)           0.347    24.870    gen_ntod1[1].u_nd1/gen_banks[1].mem_reg_0_63_30_32_i_5_0
    SLICE_X26Y54         LUT6 (Prop_lut6_I0_O)        0.043    24.913 r  gen_ntod1[1].u_nd1/gen_banks[0].mem_reg_0_63_12_14_i_24/O
                         net (fo=3, routed)           0.644    25.557    u_icon_in/gen_banks[3].mem_reg_0_63_30_32_i_1
    SLICE_X15Y57         LUT6 (Prop_lut6_I0_O)        0.043    25.600 r  u_icon_in/gen_banks[1].mem_reg_0_63_12_14_i_7/O
                         net (fo=2, routed)           0.491    26.090    u_ctrl/gen_banks[3].mem_reg_0_63_12_14_2
    SLICE_X5Y57          LUT6 (Prop_lut6_I4_O)        0.043    26.133 r  u_ctrl/gen_banks[1].mem_reg_0_63_12_14_i_2/O
                         net (fo=1, routed)           0.417    26.551    u_membanks/gen_banks[1].mem_reg_0_63_12_14/DIB
    SLICE_X2Y50          RAMD64E                                      r  u_membanks/gen_banks[1].mem_reg_0_63_12_14/RAMB/I
  -------------------------------------------------------------------    -------------------

                         (clock clk rise edge)        3.000     3.000 r  
    V20                                               0.000     3.000 r  clk (IN)
                         net (fo=0)                   0.000     3.000    clk
    V20                  IBUF (Prop_ibuf_I_O)         0.676     3.676 r  clk_IBUF_inst/O
                         net (fo=1, routed)           1.834     5.510    clk_IBUF
    BUFGCTRL_X0Y0        BUFG (Prop_bufg_I_O)         0.083     5.593 r  clk_IBUF_BUFG_inst/O
                         net (fo=243, routed)         1.377     6.970    u_membanks/gen_banks[1].mem_reg_0_63_12_14/WCLK
    SLICE_X2Y50          RAMD64E                                      r  u_membanks/gen_banks[1].mem_reg_0_63_12_14/RAMB/CLK
                         clock pessimism              0.216     7.186    
                         clock uncertainty           -0.035     7.150    
    SLICE_X2Y50          RAMD64E (Setup_ramd64e_CLK_I)
                                                     -0.198     6.952    u_membanks/gen_banks[1].mem_reg_0_63_12_14/RAMB
  -------------------------------------------------------------------
                         required time                          6.952    
                         arrival time                         -26.551    
  -------------------------------------------------------------------
                         slack                                -19.598    

Slack (VIOLATED) :        -19.582ns  (required time - arrival time)
  Source:                 u_ctrl/b_cnt_reg[0]/C
                            (rising edge-triggered cell FDCE clocked by clk  {rise@0.000ns fall@1.500ns period=3.000ns})
  Destination:            u_membanks/gen_banks[2].mem_reg_0_63_27_29/RAMC/I
                            (rising edge-triggered cell RAMD64E clocked by clk  {rise@0.000ns fall@1.500ns period=3.000ns})
  Path Group:             clk
  Path Type:              Setup (Max at Slow Process Corner)
  Requirement:            3.000ns  (clk rise@3.000ns - clk rise@0.000ns)
  Data Path Delay:        21.998ns  (logic 8.234ns (37.431%)  route 13.764ns (62.569%))
  Logic Levels:           56  (CARRY4=25 DSP48E1=1 LUT2=7 LUT3=4 LUT4=4 LUT5=4 LUT6=10 RAMD64E=1)
  Clock Path Skew:        -0.345ns (DCD - SCD + CPR)
    Destination Clock Delay (DCD):    3.915ns = ( 6.915 - 3.000 ) 
    Source Clock Delay      (SCD):    4.476ns
    Clock Pessimism Removal (CPR):    0.216ns
  Clock Uncertainty:      0.035ns  ((TSJ^2 + TIJ^2)^1/2 + DJ) / 2 + PE
    Total System Jitter     (TSJ):    0.071ns
    Total Input Jitter      (TIJ):    0.000ns
    Discrete Jitter          (DJ):    0.000ns
    Phase Error              (PE):    0.000ns

    Location             Delay type                Incr(ns)  Path(ns)    Netlist Resource(s)
  -------------------------------------------------------------------    -------------------
                         (clock clk rise edge)        0.000     0.000 r  
    V20                                               0.000     0.000 r  clk (IN)
                         net (fo=0)                   0.000     0.000    clk
    V20                  IBUF (Prop_ibuf_I_O)         0.751     0.751 r  clk_IBUF_inst/O
                         net (fo=1, routed)           1.950     2.701    clk_IBUF
    BUFGCTRL_X0Y0        BUFG (Prop_bufg_I_O)         0.093     2.794 r  clk_IBUF_BUFG_inst/O
                         net (fo=243, routed)         1.682     4.476    u_ctrl/clk_IBUF_BUFG
    SLICE_X6Y47          FDCE                                         r  u_ctrl/b_cnt_reg[0]/C
  -------------------------------------------------------------------    -------------------
    SLICE_X6Y47          FDCE (Prop_fdce_C_Q)         0.259     4.735 r  u_ctrl/b_cnt_reg[0]/Q
                         net (fo=11, routed)          0.178     4.912    u_ctrl/b_cnt_reg_n_0_[0]
    SLICE_X7Y47          LUT2 (Prop_lut2_I0_O)        0.043     4.955 r  u_ctrl/z1_full_i_56/O
                         net (fo=1, routed)           0.000     4.955    u_ctrl/z1_full_i_56_n_0
    SLICE_X7Y47          CARRY4 (Prop_carry4_S[1]_O[1])
                                                      0.109     5.064 r  u_ctrl/z1_full_i_44/O[1]
                         net (fo=2, routed)           0.290     5.355    u_ctrl/z1_full_i_44_n_6
    SLICE_X6Y47          LUT3 (Prop_lut3_I2_O)        0.123     5.478 r  u_ctrl/z1_full_i_49/O
                         net (fo=1, routed)           0.000     5.478    u_ctrl/z1_full_i_49_n_0
    SLICE_X6Y47          CARRY4 (Prop_carry4_S[3]_O[3])
                                                      0.114     5.592 r  u_ctrl/z1_full_i_36/O[3]
                         net (fo=2, routed)           0.320     5.912    u_ctrl/orig_addrs2[4]
    SLICE_X5Y47          LUT2 (Prop_lut2_I0_O)        0.120     6.032 r  u_ctrl/z1_full_i_38/O
                         net (fo=1, routed)           0.000     6.032    u_ctrl/z1_full_i_38_n_0
    SLICE_X5Y47          CARRY4 (Prop_carry4_S[2]_O[2])
                                                      0.117     6.149 r  u_ctrl/z1_full_i_32/O[2]
                         net (fo=13, routed)          0.481     6.630    u_ctrl/orig_addrs[4]
    SLICE_X3Y49          LUT2 (Prop_lut2_I0_O)        0.122     6.752 r  u_ctrl/gen_banks[0].mem_reg_0_63_0_2_i_87/O
                         net (fo=1, routed)           0.000     6.752    u_ctrl/gen_banks[0].mem_reg_0_63_0_2_i_87_n_0
    SLICE_X3Y49          CARRY4 (Prop_carry4_S[0]_O[1])
                                                      0.218     6.970 r  u_ctrl/gen_banks[0].mem_reg_0_63_0_2_i_55/O[1]
                         net (fo=5, routed)           0.562     7.532    u_icon_addr/orig_addrs[9]
    SLICE_X3Y47          LUT6 (Prop_lut6_I0_O)        0.123     7.655 r  u_icon_addr/gen_banks[0].mem_reg_0_63_0_2_i_26/O
                         net (fo=2, routed)           0.282     7.937    u_ctrl/ntt_waddr[3]
    SLICE_X3Y50          LUT4 (Prop_lut4_I0_O)        0.043     7.980 r  u_ctrl/gen_banks[0].mem_reg_0_63_0_2_i_7/O
                         net (fo=34, routed)          0.802     8.781    u_membanks/gen_banks[0].mem_reg_0_63_6_8/ADDRA3
    SLICE_X12Y50         RAMD64E (Prop_ramd64e_RADR3_O)
                                                      0.043     8.824 r  u_membanks/gen_banks[0].mem_reg_0_63_6_8/RAMA/O
                         net (fo=13, routed)          0.526     9.350    u_icon_out/bank_dout[6]
    SLICE_X8Y48          LUT6 (Prop_lut6_I3_O)        0.043     9.393 r  u_icon_out/z1_full_i_5__1_replica/O
                         net (fo=2, routed)           0.814    10.207    u_membanks/gen_bfly_pack[2].cur_l[6]_repN_alias
    SLICE_X19Y49         LUT6 (Prop_lut6_I4_O)        0.043    10.250 r  u_membanks/raw_sum_carry_i_13__4_rewire/O
                         net (fo=1, routed)           0.332    10.582    u_membanks/raw_sum_carry_i_13__4_n_0
    SLICE_X22Y45         LUT6 (Prop_lut6_I5_O)        0.043    10.625 r  u_membanks/raw_sum_carry_i_9__8/O
                         net (fo=52, routed)          0.587    11.213    gen_intt_n2d1[2].u_intt_n2d1/raw_sum_carry__2
    SLICE_X20Y43         LUT2 (Prop_lut2_I1_O)        0.045    11.258 r  gen_intt_n2d1[2].u_intt_n2d1/raw_sum_carry__0_i_3__8/O
                         net (fo=5, routed)           0.257    11.515    gen_intt_n2d1[2].u_intt_n2d1/intt_d1_in_34[4]
    SLICE_X21Y44         LUT3 (Prop_lut3_I0_O)        0.132    11.647 r  gen_intt_n2d1[2].u_intt_n2d1/raw_sum_carry__0_i_7__2/O
                         net (fo=1, routed)           0.000    11.647    gen_r2intt_r4.u_r2intt/add23/raw_sum_carry_i_27__2_1[1]
    SLICE_X21Y44         CARRY4 (Prop_carry4_S[1]_CO[3])
                                                      0.267    11.914 r  gen_r2intt_r4.u_r2intt/add23/raw_sum_carry__0/CO[3]
                         net (fo=1, routed)           0.000    11.914    gen_r2intt_r4.u_r2intt/add23/raw_sum_carry__0_n_0
    SLICE_X21Y45         CARRY4 (Prop_carry4_CI_CO[3])
                                                      0.053    11.967 r  gen_r2intt_r4.u_r2intt/add23/raw_sum_carry__1/CO[3]
                         net (fo=1, routed)           0.000    11.967    gen_r2intt_r4.u_r2intt/add23/raw_sum_carry__1_n_0
    SLICE_X21Y46         CARRY4 (Prop_carry4_CI_CO[3])
                                                      0.053    12.020 r  gen_r2intt_r4.u_r2intt/add23/raw_sum_carry__2/CO[3]
                         net (fo=1, routed)           0.000    12.020    gen_r2intt_r4.u_r2intt/add23/raw_sum_carry__2_n_0
    SLICE_X21Y47         CARRY4 (Prop_carry4_CI_O[0])
                                                      0.111    12.131 r  gen_r2intt_r4.u_r2intt/add23/raw_sum_carry__3/O[0]
                         net (fo=1, routed)           0.331    12.463    gen_r2intt_r4.u_r2intt/add23/raw_sum_carry__3_n_7
    SLICE_X20Y42         LUT2 (Prop_lut2_I1_O)        0.124    12.587 r  gen_r2intt_r4.u_r2intt/add23/raw_sum_carry_i_33__1/O
                         net (fo=1, routed)           0.000    12.587    gen_r2intt_r4.u_r2intt/add23/raw_sum_carry_i_33__1_n_0
    SLICE_X20Y42         CARRY4 (Prop_carry4_S[0]_CO[3])
                                                      0.246    12.833 r  gen_r2intt_r4.u_r2intt/add23/raw_sum_carry_i_28__3/CO[3]
                         net (fo=1, routed)           0.000    12.833    gen_r2intt_r4.u_r2intt/add23/raw_sum_carry_i_28__3_n_0
    SLICE_X20Y43         CARRY4 (Prop_carry4_CI_CO[3])
                                                      0.054    12.887 r  gen_r2intt_r4.u_r2intt/add23/raw_sum_carry_i_27__2/CO[3]
                         net (fo=1, routed)           0.000    12.887    gen_r2intt_r4.u_r2intt/add23/raw_sum_carry_i_27__2_n_0
    SLICE_X20Y44         CARRY4 (Prop_carry4_CI_O[2])
                                                      0.112    12.999 r  gen_r2intt_r4.u_r2intt/add23/raw_sum_carry__0_i_15__0/O[2]
                         net (fo=1, routed)           0.297    13.295    gen_intt_n2d1[3].u_intt_n2d1/out0_carry__1_i_4__9[2]
    SLICE_X22Y41         LUT6 (Prop_lut6_I5_O)        0.127    13.422 r  gen_intt_n2d1[3].u_intt_n2d1/raw_sum_carry__1_i_12/O
                         net (fo=8, routed)           0.523    13.946    gen_intt_n2d1[3].u_intt_n2d1/raw_sum_carry__0_i_15__0_1
    SLICE_X23Y37         LUT4 (Prop_lut4_I1_O)        0.043    13.989 r  gen_intt_n2d1[3].u_intt_n2d1/raw_sum_carry_i_7__2/O
                         net (fo=1, routed)           0.350    14.339    gen_intt_n2d1[3].u_intt_n2d1/raw_sum_carry_i_7__2_n_0
    SLICE_X21Y37         LUT4 (Prop_lut4_I1_O)        0.043    14.382 r  gen_intt_n2d1[3].u_intt_n2d1/raw_sum_carry_i_5__2/O
                         net (fo=77, routed)          0.445    14.827    gen_intt_n2d1[3].u_intt_n2d1/raw_sum_carry_i_9__4_0
    SLICE_X20Y36         LUT3 (Prop_lut3_I2_O)        0.043    14.870 r  gen_intt_n2d1[3].u_intt_n2d1/raw_sum_carry_i_2__3/O
                         net (fo=1, routed)           0.000    14.870    gen_r2intt_r4.u_r2intt/sub02/add_inst/out0_carry_i_6__5_0[2]
    SLICE_X20Y36         CARRY4 (Prop_carry4_S[2]_CO[3])
                                                      0.183    15.053 r  gen_r2intt_r4.u_r2intt/sub02/add_inst/raw_sum_carry/CO[3]
                         net (fo=1, routed)           0.000    15.053    gen_r2intt_r4.u_r2intt/sub02/add_inst/raw_sum_carry_n_0
    SLICE_X20Y37         CARRY4 (Prop_carry4_CI_CO[3])
                                                      0.054    15.107 r  gen_r2intt_r4.u_r2intt/sub02/add_inst/raw_sum_carry__0/CO[3]
                         net (fo=1, routed)           0.000    15.107    gen_r2intt_r4.u_r2intt/sub02/add_inst/raw_sum_carry__0_n_0
    SLICE_X20Y38         CARRY4 (Prop_carry4_CI_CO[3])
                                                      0.054    15.161 r  gen_r2intt_r4.u_r2intt/sub02/add_inst/raw_sum_carry__1/CO[3]
                         net (fo=1, routed)           0.000    15.161    gen_r2intt_r4.u_r2intt/sub02/add_inst/raw_sum_carry__1_n_0
    SLICE_X20Y39         CARRY4 (Prop_carry4_CI_CO[3])
                                                      0.054    15.215 r  gen_r2intt_r4.u_r2intt/sub02/add_inst/raw_sum_carry__2/CO[3]
                         net (fo=1, routed)           0.000    15.215    gen_r2intt_r4.u_r2intt/sub02/add_inst/raw_sum_carry__2_n_0
    SLICE_X20Y40         CARRY4 (Prop_carry4_CI_O[0])
                                                      0.108    15.323 r  gen_r2intt_r4.u_r2intt/sub02/add_inst/raw_sum_carry__3/O[0]
                         net (fo=1, routed)           0.383    15.706    gen_r2intt_r4.u_r2intt/sub02/add_inst/raw_sum_carry__3_n_7
    SLICE_X19Y36         LUT2 (Prop_lut2_I1_O)        0.123    15.829 r  gen_r2intt_r4.u_r2intt/sub02/add_inst/out0_carry_i_8__9/O
                         net (fo=1, routed)           0.000    15.829    gen_r2intt_r4.u_r2intt/sub02/add_inst/out0_carry_i_8__9_n_0
    SLICE_X19Y36         CARRY4 (Prop_carry4_S[0]_CO[3])
                                                      0.259    16.088 r  gen_r2intt_r4.u_r2intt/sub02/add_inst/out0_carry_i_6__5/CO[3]
                         net (fo=1, routed)           0.000    16.088    gen_r2intt_r4.u_r2intt/sub02/add_inst/out0_carry_i_6__5_n_0
    SLICE_X19Y37         CARRY4 (Prop_carry4_CI_CO[3])
                                                      0.053    16.141 r  gen_r2intt_r4.u_r2intt/sub02/add_inst/out0_carry_i_7__5/CO[3]
                         net (fo=1, routed)           0.000    16.141    gen_r2intt_r4.u_r2intt/sub02/add_inst/out0_carry_i_7__5_n_0
    SLICE_X19Y38         CARRY4 (Prop_carry4_CI_CO[3])
                                                      0.053    16.194 r  gen_r2intt_r4.u_r2intt/sub02/add_inst/out0_carry__0_i_5__5/CO[3]
                         net (fo=1, routed)           0.000    16.194    gen_r2intt_r4.u_r2intt/sub02/add_inst/out0_carry__0_i_5__5_n_0
    SLICE_X19Y39         CARRY4 (Prop_carry4_CI_CO[3])
                                                      0.053    16.247 r  gen_r2intt_r4.u_r2intt/sub02/add_inst/out0_carry__1_i_5__5/CO[3]
                         net (fo=1, routed)           0.000    16.247    gen_r2intt_r4.u_r2intt/sub02/add_inst/out0_carry__1_i_5__5_n_0
    SLICE_X19Y40         CARRY4 (Prop_carry4_CI_CO[0])
                                                      0.139    16.386 f  gen_r2intt_r4.u_r2intt/sub02/add_inst/out0_carry__2_i_19__0/CO[0]
                         net (fo=1, routed)           0.373    16.759    gen_r2intt_r4.u_r2intt/sub02/add_inst/out0_carry__2_i_19__0_n_3
    SLICE_X16Y36         LUT3 (Prop_lut3_I0_O)        0.131    16.890 r  gen_r2intt_r4.u_r2intt/sub02/add_inst/out0_carry__2_i_16/O
                         net (fo=2, routed)           0.356    17.246    gen_intt_n2d1[1].u_intt_n2d1/product_i_22__0_0
    SLICE_X18Y34         LUT5 (Prop_lut5_I0_O)        0.043    17.289 r  gen_intt_n2d1[1].u_intt_n2d1/out0_carry__2_i_14__0/O
                         net (fo=2, routed)           0.442    17.731    gen_intt_n2d1[1].u_intt_n2d1/out0_carry__2_i_14__0_n_0
    SLICE_X18Y38         LUT5 (Prop_lut5_I4_O)        0.043    17.774 r  gen_intt_n2d1[1].u_intt_n2d1/out0_carry__2_i_2__8/O
                         net (fo=1, routed)           0.000    17.774    gen_intt_d1n[2].u_id1n/gen_r2intt_r4.r2intt_out2[1]
    SLICE_X18Y38         CARRY4 (Prop_carry4_S[2]_O[3])
                                                      0.172    17.946 r  gen_intt_d1n[2].u_id1n/out0_carry__2/O[3]
                         net (fo=1, routed)           0.366    18.312    gen_intt_n2d1[1].u_intt_n2d1/product_7[3]
    SLICE_X17Y34         LUT6 (Prop_lut6_I0_O)        0.120    18.432 r  gen_intt_n2d1[1].u_intt_n2d1/product_i_1__5/O
                         net (fo=1, routed)           0.439    18.871    gen_modmul_intt[2].u_mm_intt/a[16]
    DSP48_X0Y12          DSP48E1 (Prop_dsp48e1_A[16]_P[20])
                                                      2.737    21.608 f  gen_modmul_intt[2].u_mm_intt/product/P[20]
                         net (fo=3, routed)           0.405    22.013    gen_modmul_intt[2].u_mm_intt/product_n_85
    SLICE_X8Y31          LUT2 (Prop_lut2_I1_O)        0.043    22.056 r  gen_modmul_intt[2].u_mm_intt/gen_banks[0].mem_reg_0_63_3_5_i_136/O
                         net (fo=1, routed)           0.290    22.347    gen_modmul_intt[2].u_mm_intt/gen_banks[0].mem_reg_0_63_3_5_i_136_n_0
    SLICE_X11Y33         CARRY4 (Prop_carry4_DI[1]_CO[3])
                                                      0.250    22.597 r  gen_modmul_intt[2].u_mm_intt/gen_banks[0].mem_reg_0_63_3_5_i_83/CO[3]
                         net (fo=1, routed)           0.000    22.597    gen_modmul_intt[2].u_mm_intt/gen_banks[0].mem_reg_0_63_3_5_i_83_n_0
    SLICE_X11Y34         CARRY4 (Prop_carry4_CI_CO[3])
                                                      0.053    22.650 r  gen_modmul_intt[2].u_mm_intt/gen_banks[0].mem_reg_0_63_6_8_i_79/CO[3]
                         net (fo=1, routed)           0.000    22.650    gen_modmul_intt[2].u_mm_intt/gen_banks[0].mem_reg_0_63_6_8_i_79_n_0
    SLICE_X11Y35         CARRY4 (Prop_carry4_CI_O[0])
                                                      0.111    22.761 r  gen_modmul_intt[2].u_mm_intt/gen_banks[0].mem_reg_0_63_12_14_i_83/O[0]
                         net (fo=4, routed)           0.449    23.210    u_membanks/gen_banks[0].mem_reg_0_63_0_2_i_123_0[0]
    SLICE_X11Y37         LUT4 (Prop_lut4_I2_O)        0.124    23.334 r  u_membanks/gen_banks[0].mem_reg_0_63_0_2_i_235/O
                         net (fo=2, routed)           0.788    24.122    u_membanks/gen_banks[0].mem_reg_0_63_0_2_i_235_n_0
    SLICE_X10Y57         LUT6 (Prop_lut6_I4_O)        0.043    24.165 r  u_membanks/gen_banks[0].mem_reg_0_63_0_2_i_123_replica/O
                         net (fo=8, routed)           0.369    24.535    u_ctrl/reduced1_1_repN_alias
    SLICE_X10Y59         LUT5 (Prop_lut5_I2_O)        0.043    24.578 r  u_ctrl/gen_banks[0].mem_reg_0_63_12_14_i_49/O
                         net (fo=1, routed)           0.109    24.687    u_ctrl/gen_banks[0].mem_reg_0_63_12_14_i_49_n_0
    SLICE_X10Y59         LUT5 (Prop_lut5_I4_O)        0.043    24.730 r  u_ctrl/gen_banks[0].mem_reg_0_63_12_14_i_35/O
                         net (fo=1, routed)           0.440    25.170    gen_ntod1[1].u_nd1/gen_banks[0].mem_reg_0_63_27_29_i_8_0
    SLICE_X11Y60         LUT6 (Prop_lut6_I0_O)        0.043    25.213 r  gen_ntod1[1].u_nd1/gen_banks[0].mem_reg_0_63_12_14_i_12/O
                         net (fo=4, routed)           0.597    25.811    u_icon_in/gen_banks[2].mem_reg_0_63_27_29_i_3
    SLICE_X19Y51         LUT6 (Prop_lut6_I5_O)        0.043    25.854 r  u_icon_in/gen_banks[0].mem_reg_0_63_27_29_i_8/O
                         net (fo=2, routed)           0.277    26.131    u_ctrl/gen_banks[2].mem_reg_0_63_27_29_3
    SLICE_X17Y52         LUT6 (Prop_lut6_I4_O)        0.043    26.174 r  u_ctrl/gen_banks[2].mem_reg_0_63_27_29_i_3/O
                         net (fo=1, routed)           0.300    26.474    u_membanks/gen_banks[2].mem_reg_0_63_27_29/DIC
    SLICE_X16Y52         RAMD64E                                      r  u_membanks/gen_banks[2].mem_reg_0_63_27_29/RAMC/I
  -------------------------------------------------------------------    -------------------

                         (clock clk rise edge)        3.000     3.000 r  
    V20                                               0.000     3.000 r  clk (IN)
                         net (fo=0)                   0.000     3.000    clk
    V20                  IBUF (Prop_ibuf_I_O)         0.676     3.676 r  clk_IBUF_inst/O
                         net (fo=1, routed)           1.834     5.510    clk_IBUF
    BUFGCTRL_X0Y0        BUFG (Prop_bufg_I_O)         0.083     5.593 r  clk_IBUF_BUFG_inst/O
                         net (fo=243, routed)         1.322     6.915    u_membanks/gen_banks[2].mem_reg_0_63_27_29/WCLK
    SLICE_X16Y52         RAMD64E                                      r  u_membanks/gen_banks[2].mem_reg_0_63_27_29/RAMC/CLK
                         clock pessimism              0.216     7.131    
                         clock uncertainty           -0.035     7.095    
    SLICE_X16Y52         RAMD64E (Setup_ramd64e_CLK_I)
                                                     -0.204     6.891    u_membanks/gen_banks[2].mem_reg_0_63_27_29/RAMC
  -------------------------------------------------------------------
                         required time                          6.891    
                         arrival time                         -26.474    
  -------------------------------------------------------------------
                         slack                                -19.582    

Slack (VIOLATED) :        -19.576ns  (required time - arrival time)
  Source:                 u_ctrl/b_cnt_reg[0]/C
                            (rising edge-triggered cell FDCE clocked by clk  {rise@0.000ns fall@1.500ns period=3.000ns})
  Destination:            u_membanks/gen_banks[0].mem_reg_0_63_27_29/RAMC/I
                            (rising edge-triggered cell RAMD64E clocked by clk  {rise@0.000ns fall@1.500ns period=3.000ns})
  Path Group:             clk
  Path Type:              Setup (Max at Slow Process Corner)
  Requirement:            3.000ns  (clk rise@3.000ns - clk rise@0.000ns)
  Data Path Delay:        21.992ns  (logic 8.234ns (37.441%)  route 13.758ns (62.559%))
  Logic Levels:           56  (CARRY4=25 DSP48E1=1 LUT2=7 LUT3=4 LUT4=4 LUT5=4 LUT6=10 RAMD64E=1)
  Clock Path Skew:        -0.345ns (DCD - SCD + CPR)
    Destination Clock Delay (DCD):    3.915ns = ( 6.915 - 3.000 ) 
    Source Clock Delay      (SCD):    4.476ns
    Clock Pessimism Removal (CPR):    0.216ns
  Clock Uncertainty:      0.035ns  ((TSJ^2 + TIJ^2)^1/2 + DJ) / 2 + PE
    Total System Jitter     (TSJ):    0.071ns
    Total Input Jitter      (TIJ):    0.000ns
    Discrete Jitter          (DJ):    0.000ns
    Phase Error              (PE):    0.000ns

    Location             Delay type                Incr(ns)  Path(ns)    Netlist Resource(s)
  -------------------------------------------------------------------    -------------------
                         (clock clk rise edge)        0.000     0.000 r  
    V20                                               0.000     0.000 r  clk (IN)
                         net (fo=0)                   0.000     0.000    clk
    V20                  IBUF (Prop_ibuf_I_O)         0.751     0.751 r  clk_IBUF_inst/O
                         net (fo=1, routed)           1.950     2.701    clk_IBUF
    BUFGCTRL_X0Y0        BUFG (Prop_bufg_I_O)         0.093     2.794 r  clk_IBUF_BUFG_inst/O
                         net (fo=243, routed)         1.682     4.476    u_ctrl/clk_IBUF_BUFG
    SLICE_X6Y47          FDCE                                         r  u_ctrl/b_cnt_reg[0]/C
  -------------------------------------------------------------------    -------------------
    SLICE_X6Y47          FDCE (Prop_fdce_C_Q)         0.259     4.735 r  u_ctrl/b_cnt_reg[0]/Q
                         net (fo=11, routed)          0.178     4.912    u_ctrl/b_cnt_reg_n_0_[0]
    SLICE_X7Y47          LUT2 (Prop_lut2_I0_O)        0.043     4.955 r  u_ctrl/z1_full_i_56/O
                         net (fo=1, routed)           0.000     4.955    u_ctrl/z1_full_i_56_n_0
    SLICE_X7Y47          CARRY4 (Prop_carry4_S[1]_O[1])
                                                      0.109     5.064 r  u_ctrl/z1_full_i_44/O[1]
                         net (fo=2, routed)           0.290     5.355    u_ctrl/z1_full_i_44_n_6
    SLICE_X6Y47          LUT3 (Prop_lut3_I2_O)        0.123     5.478 r  u_ctrl/z1_full_i_49/O
                         net (fo=1, routed)           0.000     5.478    u_ctrl/z1_full_i_49_n_0
    SLICE_X6Y47          CARRY4 (Prop_carry4_S[3]_O[3])
                                                      0.114     5.592 r  u_ctrl/z1_full_i_36/O[3]
                         net (fo=2, routed)           0.320     5.912    u_ctrl/orig_addrs2[4]
    SLICE_X5Y47          LUT2 (Prop_lut2_I0_O)        0.120     6.032 r  u_ctrl/z1_full_i_38/O
                         net (fo=1, routed)           0.000     6.032    u_ctrl/z1_full_i_38_n_0
    SLICE_X5Y47          CARRY4 (Prop_carry4_S[2]_O[2])
                                                      0.117     6.149 r  u_ctrl/z1_full_i_32/O[2]
                         net (fo=13, routed)          0.481     6.630    u_ctrl/orig_addrs[4]
    SLICE_X3Y49          LUT2 (Prop_lut2_I0_O)        0.122     6.752 r  u_ctrl/gen_banks[0].mem_reg_0_63_0_2_i_87/O
                         net (fo=1, routed)           0.000     6.752    u_ctrl/gen_banks[0].mem_reg_0_63_0_2_i_87_n_0
    SLICE_X3Y49          CARRY4 (Prop_carry4_S[0]_O[1])
                                                      0.218     6.970 r  u_ctrl/gen_banks[0].mem_reg_0_63_0_2_i_55/O[1]
                         net (fo=5, routed)           0.562     7.532    u_icon_addr/orig_addrs[9]
    SLICE_X3Y47          LUT6 (Prop_lut6_I0_O)        0.123     7.655 r  u_icon_addr/gen_banks[0].mem_reg_0_63_0_2_i_26/O
                         net (fo=2, routed)           0.282     7.937    u_ctrl/ntt_waddr[3]
    SLICE_X3Y50          LUT4 (Prop_lut4_I0_O)        0.043     7.980 r  u_ctrl/gen_banks[0].mem_reg_0_63_0_2_i_7/O
                         net (fo=34, routed)          0.802     8.781    u_membanks/gen_banks[0].mem_reg_0_63_6_8/ADDRA3
    SLICE_X12Y50         RAMD64E (Prop_ramd64e_RADR3_O)
                                                      0.043     8.824 r  u_membanks/gen_banks[0].mem_reg_0_63_6_8/RAMA/O
                         net (fo=13, routed)          0.526     9.350    u_icon_out/bank_dout[6]
    SLICE_X8Y48          LUT6 (Prop_lut6_I3_O)        0.043     9.393 r  u_icon_out/z1_full_i_5__1_replica/O
                         net (fo=2, routed)           0.814    10.207    u_membanks/gen_bfly_pack[2].cur_l[6]_repN_alias
    SLICE_X19Y49         LUT6 (Prop_lut6_I4_O)        0.043    10.250 r  u_membanks/raw_sum_carry_i_13__4_rewire/O
                         net (fo=1, routed)           0.332    10.582    u_membanks/raw_sum_carry_i_13__4_n_0
    SLICE_X22Y45         LUT6 (Prop_lut6_I5_O)        0.043    10.625 r  u_membanks/raw_sum_carry_i_9__8/O
                         net (fo=52, routed)          0.587    11.213    gen_intt_n2d1[2].u_intt_n2d1/raw_sum_carry__2
    SLICE_X20Y43         LUT2 (Prop_lut2_I1_O)        0.045    11.258 r  gen_intt_n2d1[2].u_intt_n2d1/raw_sum_carry__0_i_3__8/O
                         net (fo=5, routed)           0.257    11.515    gen_intt_n2d1[2].u_intt_n2d1/intt_d1_in_34[4]
    SLICE_X21Y44         LUT3 (Prop_lut3_I0_O)        0.132    11.647 r  gen_intt_n2d1[2].u_intt_n2d1/raw_sum_carry__0_i_7__2/O
                         net (fo=1, routed)           0.000    11.647    gen_r2intt_r4.u_r2intt/add23/raw_sum_carry_i_27__2_1[1]
    SLICE_X21Y44         CARRY4 (Prop_carry4_S[1]_CO[3])
                                                      0.267    11.914 r  gen_r2intt_r4.u_r2intt/add23/raw_sum_carry__0/CO[3]
                         net (fo=1, routed)           0.000    11.914    gen_r2intt_r4.u_r2intt/add23/raw_sum_carry__0_n_0
    SLICE_X21Y45         CARRY4 (Prop_carry4_CI_CO[3])
                                                      0.053    11.967 r  gen_r2intt_r4.u_r2intt/add23/raw_sum_carry__1/CO[3]
                         net (fo=1, routed)           0.000    11.967    gen_r2intt_r4.u_r2intt/add23/raw_sum_carry__1_n_0
    SLICE_X21Y46         CARRY4 (Prop_carry4_CI_CO[3])
                                                      0.053    12.020 r  gen_r2intt_r4.u_r2intt/add23/raw_sum_carry__2/CO[3]
                         net (fo=1, routed)           0.000    12.020    gen_r2intt_r4.u_r2intt/add23/raw_sum_carry__2_n_0
    SLICE_X21Y47         CARRY4 (Prop_carry4_CI_O[0])
                                                      0.111    12.131 r  gen_r2intt_r4.u_r2intt/add23/raw_sum_carry__3/O[0]
                         net (fo=1, routed)           0.331    12.463    gen_r2intt_r4.u_r2intt/add23/raw_sum_carry__3_n_7
    SLICE_X20Y42         LUT2 (Prop_lut2_I1_O)        0.124    12.587 r  gen_r2intt_r4.u_r2intt/add23/raw_sum_carry_i_33__1/O
                         net (fo=1, routed)           0.000    12.587    gen_r2intt_r4.u_r2intt/add23/raw_sum_carry_i_33__1_n_0
    SLICE_X20Y42         CARRY4 (Prop_carry4_S[0]_CO[3])
                                                      0.246    12.833 r  gen_r2intt_r4.u_r2intt/add23/raw_sum_carry_i_28__3/CO[3]
                         net (fo=1, routed)           0.000    12.833    gen_r2intt_r4.u_r2intt/add23/raw_sum_carry_i_28__3_n_0
    SLICE_X20Y43         CARRY4 (Prop_carry4_CI_CO[3])
                                                      0.054    12.887 r  gen_r2intt_r4.u_r2intt/add23/raw_sum_carry_i_27__2/CO[3]
                         net (fo=1, routed)           0.000    12.887    gen_r2intt_r4.u_r2intt/add23/raw_sum_carry_i_27__2_n_0
    SLICE_X20Y44         CARRY4 (Prop_carry4_CI_O[2])
                                                      0.112    12.999 r  gen_r2intt_r4.u_r2intt/add23/raw_sum_carry__0_i_15__0/O[2]
                         net (fo=1, routed)           0.297    13.295    gen_intt_n2d1[3].u_intt_n2d1/out0_carry__1_i_4__9[2]
    SLICE_X22Y41         LUT6 (Prop_lut6_I5_O)        0.127    13.422 r  gen_intt_n2d1[3].u_intt_n2d1/raw_sum_carry__1_i_12/O
                         net (fo=8, routed)           0.523    13.946    gen_intt_n2d1[3].u_intt_n2d1/raw_sum_carry__0_i_15__0_1
    SLICE_X23Y37         LUT4 (Prop_lut4_I1_O)        0.043    13.989 r  gen_intt_n2d1[3].u_intt_n2d1/raw_sum_carry_i_7__2/O
                         net (fo=1, routed)           0.350    14.339    gen_intt_n2d1[3].u_intt_n2d1/raw_sum_carry_i_7__2_n_0
    SLICE_X21Y37         LUT4 (Prop_lut4_I1_O)        0.043    14.382 r  gen_intt_n2d1[3].u_intt_n2d1/raw_sum_carry_i_5__2/O
                         net (fo=77, routed)          0.445    14.827    gen_intt_n2d1[3].u_intt_n2d1/raw_sum_carry_i_9__4_0
    SLICE_X20Y36         LUT3 (Prop_lut3_I2_O)        0.043    14.870 r  gen_intt_n2d1[3].u_intt_n2d1/raw_sum_carry_i_2__3/O
                         net (fo=1, routed)           0.000    14.870    gen_r2intt_r4.u_r2intt/sub02/add_inst/out0_carry_i_6__5_0[2]
    SLICE_X20Y36         CARRY4 (Prop_carry4_S[2]_CO[3])
                                                      0.183    15.053 r  gen_r2intt_r4.u_r2intt/sub02/add_inst/raw_sum_carry/CO[3]
                         net (fo=1, routed)           0.000    15.053    gen_r2intt_r4.u_r2intt/sub02/add_inst/raw_sum_carry_n_0
    SLICE_X20Y37         CARRY4 (Prop_carry4_CI_CO[3])
                                                      0.054    15.107 r  gen_r2intt_r4.u_r2intt/sub02/add_inst/raw_sum_carry__0/CO[3]
                         net (fo=1, routed)           0.000    15.107    gen_r2intt_r4.u_r2intt/sub02/add_inst/raw_sum_carry__0_n_0
    SLICE_X20Y38         CARRY4 (Prop_carry4_CI_CO[3])
                                                      0.054    15.161 r  gen_r2intt_r4.u_r2intt/sub02/add_inst/raw_sum_carry__1/CO[3]
                         net (fo=1, routed)           0.000    15.161    gen_r2intt_r4.u_r2intt/sub02/add_inst/raw_sum_carry__1_n_0
    SLICE_X20Y39         CARRY4 (Prop_carry4_CI_CO[3])
                                                      0.054    15.215 r  gen_r2intt_r4.u_r2intt/sub02/add_inst/raw_sum_carry__2/CO[3]
                         net (fo=1, routed)           0.000    15.215    gen_r2intt_r4.u_r2intt/sub02/add_inst/raw_sum_carry__2_n_0
    SLICE_X20Y40         CARRY4 (Prop_carry4_CI_O[0])
                                                      0.108    15.323 r  gen_r2intt_r4.u_r2intt/sub02/add_inst/raw_sum_carry__3/O[0]
                         net (fo=1, routed)           0.383    15.706    gen_r2intt_r4.u_r2intt/sub02/add_inst/raw_sum_carry__3_n_7
    SLICE_X19Y36         LUT2 (Prop_lut2_I1_O)        0.123    15.829 r  gen_r2intt_r4.u_r2intt/sub02/add_inst/out0_carry_i_8__9/O
                         net (fo=1, routed)           0.000    15.829    gen_r2intt_r4.u_r2intt/sub02/add_inst/out0_carry_i_8__9_n_0
    SLICE_X19Y36         CARRY4 (Prop_carry4_S[0]_CO[3])
                                                      0.259    16.088 r  gen_r2intt_r4.u_r2intt/sub02/add_inst/out0_carry_i_6__5/CO[3]
                         net (fo=1, routed)           0.000    16.088    gen_r2intt_r4.u_r2intt/sub02/add_inst/out0_carry_i_6__5_n_0
    SLICE_X19Y37         CARRY4 (Prop_carry4_CI_CO[3])
                                                      0.053    16.141 r  gen_r2intt_r4.u_r2intt/sub02/add_inst/out0_carry_i_7__5/CO[3]
                         net (fo=1, routed)           0.000    16.141    gen_r2intt_r4.u_r2intt/sub02/add_inst/out0_carry_i_7__5_n_0
    SLICE_X19Y38         CARRY4 (Prop_carry4_CI_CO[3])
                                                      0.053    16.194 r  gen_r2intt_r4.u_r2intt/sub02/add_inst/out0_carry__0_i_5__5/CO[3]
                         net (fo=1, routed)           0.000    16.194    gen_r2intt_r4.u_r2intt/sub02/add_inst/out0_carry__0_i_5__5_n_0
    SLICE_X19Y39         CARRY4 (Prop_carry4_CI_CO[3])
                                                      0.053    16.247 r  gen_r2intt_r4.u_r2intt/sub02/add_inst/out0_carry__1_i_5__5/CO[3]
                         net (fo=1, routed)           0.000    16.247    gen_r2intt_r4.u_r2intt/sub02/add_inst/out0_carry__1_i_5__5_n_0
    SLICE_X19Y40         CARRY4 (Prop_carry4_CI_CO[0])
                                                      0.139    16.386 f  gen_r2intt_r4.u_r2intt/sub02/add_inst/out0_carry__2_i_19__0/CO[0]
                         net (fo=1, routed)           0.373    16.759    gen_r2intt_r4.u_r2intt/sub02/add_inst/out0_carry__2_i_19__0_n_3
    SLICE_X16Y36         LUT3 (Prop_lut3_I0_O)        0.131    16.890 r  gen_r2intt_r4.u_r2intt/sub02/add_inst/out0_carry__2_i_16/O
                         net (fo=2, routed)           0.356    17.246    gen_intt_n2d1[1].u_intt_n2d1/product_i_22__0_0
    SLICE_X18Y34         LUT5 (Prop_lut5_I0_O)        0.043    17.289 r  gen_intt_n2d1[1].u_intt_n2d1/out0_carry__2_i_14__0/O
                         net (fo=2, routed)           0.442    17.731    gen_intt_n2d1[1].u_intt_n2d1/out0_carry__2_i_14__0_n_0
    SLICE_X18Y38         LUT5 (Prop_lut5_I4_O)        0.043    17.774 r  gen_intt_n2d1[1].u_intt_n2d1/out0_carry__2_i_2__8/O
                         net (fo=1, routed)           0.000    17.774    gen_intt_d1n[2].u_id1n/gen_r2intt_r4.r2intt_out2[1]
    SLICE_X18Y38         CARRY4 (Prop_carry4_S[2]_O[3])
                                                      0.172    17.946 r  gen_intt_d1n[2].u_id1n/out0_carry__2/O[3]
                         net (fo=1, routed)           0.366    18.312    gen_intt_n2d1[1].u_intt_n2d1/product_7[3]
    SLICE_X17Y34         LUT6 (Prop_lut6_I0_O)        0.120    18.432 r  gen_intt_n2d1[1].u_intt_n2d1/product_i_1__5/O
                         net (fo=1, routed)           0.439    18.871    gen_modmul_intt[2].u_mm_intt/a[16]
    DSP48_X0Y12          DSP48E1 (Prop_dsp48e1_A[16]_P[20])
                                                      2.737    21.608 f  gen_modmul_intt[2].u_mm_intt/product/P[20]
                         net (fo=3, routed)           0.405    22.013    gen_modmul_intt[2].u_mm_intt/product_n_85
    SLICE_X8Y31          LUT2 (Prop_lut2_I1_O)        0.043    22.056 r  gen_modmul_intt[2].u_mm_intt/gen_banks[0].mem_reg_0_63_3_5_i_136/O
                         net (fo=1, routed)           0.290    22.347    gen_modmul_intt[2].u_mm_intt/gen_banks[0].mem_reg_0_63_3_5_i_136_n_0
    SLICE_X11Y33         CARRY4 (Prop_carry4_DI[1]_CO[3])
                                                      0.250    22.597 r  gen_modmul_intt[2].u_mm_intt/gen_banks[0].mem_reg_0_63_3_5_i_83/CO[3]
                         net (fo=1, routed)           0.000    22.597    gen_modmul_intt[2].u_mm_intt/gen_banks[0].mem_reg_0_63_3_5_i_83_n_0
    SLICE_X11Y34         CARRY4 (Prop_carry4_CI_CO[3])
                                                      0.053    22.650 r  gen_modmul_intt[2].u_mm_intt/gen_banks[0].mem_reg_0_63_6_8_i_79/CO[3]
                         net (fo=1, routed)           0.000    22.650    gen_modmul_intt[2].u_mm_intt/gen_banks[0].mem_reg_0_63_6_8_i_79_n_0
    SLICE_X11Y35         CARRY4 (Prop_carry4_CI_O[0])
                                                      0.111    22.761 r  gen_modmul_intt[2].u_mm_intt/gen_banks[0].mem_reg_0_63_12_14_i_83/O[0]
                         net (fo=4, routed)           0.449    23.210    u_membanks/gen_banks[0].mem_reg_0_63_0_2_i_123_0[0]
    SLICE_X11Y37         LUT4 (Prop_lut4_I2_O)        0.124    23.334 r  u_membanks/gen_banks[0].mem_reg_0_63_0_2_i_235/O
                         net (fo=2, routed)           0.788    24.122    u_membanks/gen_banks[0].mem_reg_0_63_0_2_i_235_n_0
    SLICE_X10Y57         LUT6 (Prop_lut6_I4_O)        0.043    24.165 r  u_membanks/gen_banks[0].mem_reg_0_63_0_2_i_123_replica/O
                         net (fo=8, routed)           0.369    24.535    u_ctrl/reduced1_1_repN_alias
    SLICE_X10Y59         LUT5 (Prop_lut5_I2_O)        0.043    24.578 r  u_ctrl/gen_banks[0].mem_reg_0_63_12_14_i_49/O
                         net (fo=1, routed)           0.109    24.687    u_ctrl/gen_banks[0].mem_reg_0_63_12_14_i_49_n_0
    SLICE_X10Y59         LUT5 (Prop_lut5_I4_O)        0.043    24.730 r  u_ctrl/gen_banks[0].mem_reg_0_63_12_14_i_35/O
                         net (fo=1, routed)           0.440    25.170    gen_ntod1[1].u_nd1/gen_banks[0].mem_reg_0_63_27_29_i_8_0
    SLICE_X11Y60         LUT6 (Prop_lut6_I0_O)        0.043    25.213 r  gen_ntod1[1].u_nd1/gen_banks[0].mem_reg_0_63_12_14_i_12/O
                         net (fo=4, routed)           0.597    25.811    u_icon_in/gen_banks[2].mem_reg_0_63_27_29_i_3
    SLICE_X19Y51         LUT6 (Prop_lut6_I5_O)        0.043    25.854 r  u_icon_in/gen_banks[0].mem_reg_0_63_27_29_i_8/O
                         net (fo=2, routed)           0.279    26.133    u_ctrl/gen_banks[2].mem_reg_0_63_27_29_3
    SLICE_X17Y52         LUT6 (Prop_lut6_I2_O)        0.043    26.176 r  u_ctrl/gen_banks[0].mem_reg_0_63_27_29_i_3/O
                         net (fo=1, routed)           0.292    26.468    u_membanks/gen_banks[0].mem_reg_0_63_27_29/DIC
    SLICE_X18Y51         RAMD64E                                      r  u_membanks/gen_banks[0].mem_reg_0_63_27_29/RAMC/I
  -------------------------------------------------------------------    -------------------

                         (clock clk rise edge)        3.000     3.000 r  
    V20                                               0.000     3.000 r  clk (IN)
                         net (fo=0)                   0.000     3.000    clk
    V20                  IBUF (Prop_ibuf_I_O)         0.676     3.676 r  clk_IBUF_inst/O
                         net (fo=1, routed)           1.834     5.510    clk_IBUF
    BUFGCTRL_X0Y0        BUFG (Prop_bufg_I_O)         0.083     5.593 r  clk_IBUF_BUFG_inst/O
                         net (fo=243, routed)         1.322     6.915    u_membanks/gen_banks[0].mem_reg_0_63_27_29/WCLK
    SLICE_X18Y51         RAMD64E                                      r  u_membanks/gen_banks[0].mem_reg_0_63_27_29/RAMC/CLK
                         clock pessimism              0.216     7.131    
                         clock uncertainty           -0.035     7.095    
    SLICE_X18Y51         RAMD64E (Setup_ramd64e_CLK_I)
                                                     -0.204     6.891    u_membanks/gen_banks[0].mem_reg_0_63_27_29/RAMC
  -------------------------------------------------------------------
                         required time                          6.891    
                         arrival time                         -26.468    
  -------------------------------------------------------------------
                         slack                                -19.576    

Slack (VIOLATED) :        -19.570ns  (required time - arrival time)
  Source:                 u_ctrl/b_cnt_reg[0]/C
                            (rising edge-triggered cell FDCE clocked by clk  {rise@0.000ns fall@1.500ns period=3.000ns})
  Destination:            u_membanks/gen_banks[3].mem_reg_0_63_18_20/RAMC/I
                            (rising edge-triggered cell RAMD64E clocked by clk  {rise@0.000ns fall@1.500ns period=3.000ns})
  Path Group:             clk
  Path Type:              Setup (Max at Slow Process Corner)
  Requirement:            3.000ns  (clk rise@3.000ns - clk rise@0.000ns)
  Data Path Delay:        21.982ns  (logic 8.234ns (37.457%)  route 13.748ns (62.543%))
  Logic Levels:           56  (CARRY4=25 DSP48E1=1 LUT2=7 LUT3=4 LUT4=4 LUT5=4 LUT6=10 RAMD64E=1)
  Clock Path Skew:        -0.348ns (DCD - SCD + CPR)
    Destination Clock Delay (DCD):    3.912ns = ( 6.912 - 3.000 ) 
    Source Clock Delay      (SCD):    4.476ns
    Clock Pessimism Removal (CPR):    0.216ns
  Clock Uncertainty:      0.035ns  ((TSJ^2 + TIJ^2)^1/2 + DJ) / 2 + PE
    Total System Jitter     (TSJ):    0.071ns
    Total Input Jitter      (TIJ):    0.000ns
    Discrete Jitter          (DJ):    0.000ns
    Phase Error              (PE):    0.000ns

    Location             Delay type                Incr(ns)  Path(ns)    Netlist Resource(s)
  -------------------------------------------------------------------    -------------------
                         (clock clk rise edge)        0.000     0.000 r  
    V20                                               0.000     0.000 r  clk (IN)
                         net (fo=0)                   0.000     0.000    clk
    V20                  IBUF (Prop_ibuf_I_O)         0.751     0.751 r  clk_IBUF_inst/O
                         net (fo=1, routed)           1.950     2.701    clk_IBUF
    BUFGCTRL_X0Y0        BUFG (Prop_bufg_I_O)         0.093     2.794 r  clk_IBUF_BUFG_inst/O
                         net (fo=243, routed)         1.682     4.476    u_ctrl/clk_IBUF_BUFG
    SLICE_X6Y47          FDCE                                         r  u_ctrl/b_cnt_reg[0]/C
  -------------------------------------------------------------------    -------------------
    SLICE_X6Y47          FDCE (Prop_fdce_C_Q)         0.259     4.735 r  u_ctrl/b_cnt_reg[0]/Q
                         net (fo=11, routed)          0.178     4.912    u_ctrl/b_cnt_reg_n_0_[0]
    SLICE_X7Y47          LUT2 (Prop_lut2_I0_O)        0.043     4.955 r  u_ctrl/z1_full_i_56/O
                         net (fo=1, routed)           0.000     4.955    u_ctrl/z1_full_i_56_n_0
    SLICE_X7Y47          CARRY4 (Prop_carry4_S[1]_O[1])
                                                      0.109     5.064 r  u_ctrl/z1_full_i_44/O[1]
                         net (fo=2, routed)           0.290     5.355    u_ctrl/z1_full_i_44_n_6
    SLICE_X6Y47          LUT3 (Prop_lut3_I2_O)        0.123     5.478 r  u_ctrl/z1_full_i_49/O
                         net (fo=1, routed)           0.000     5.478    u_ctrl/z1_full_i_49_n_0
    SLICE_X6Y47          CARRY4 (Prop_carry4_S[3]_O[3])
                                                      0.114     5.592 r  u_ctrl/z1_full_i_36/O[3]
                         net (fo=2, routed)           0.320     5.912    u_ctrl/orig_addrs2[4]
    SLICE_X5Y47          LUT2 (Prop_lut2_I0_O)        0.120     6.032 r  u_ctrl/z1_full_i_38/O
                         net (fo=1, routed)           0.000     6.032    u_ctrl/z1_full_i_38_n_0
    SLICE_X5Y47          CARRY4 (Prop_carry4_S[2]_O[2])
                                                      0.117     6.149 r  u_ctrl/z1_full_i_32/O[2]
                         net (fo=13, routed)          0.481     6.630    u_ctrl/orig_addrs[4]
    SLICE_X3Y49          LUT2 (Prop_lut2_I0_O)        0.122     6.752 r  u_ctrl/gen_banks[0].mem_reg_0_63_0_2_i_87/O
                         net (fo=1, routed)           0.000     6.752    u_ctrl/gen_banks[0].mem_reg_0_63_0_2_i_87_n_0
    SLICE_X3Y49          CARRY4 (Prop_carry4_S[0]_O[1])
                                                      0.218     6.970 r  u_ctrl/gen_banks[0].mem_reg_0_63_0_2_i_55/O[1]
                         net (fo=5, routed)           0.562     7.532    u_icon_addr/orig_addrs[9]
    SLICE_X3Y47          LUT6 (Prop_lut6_I0_O)        0.123     7.655 r  u_icon_addr/gen_banks[0].mem_reg_0_63_0_2_i_26/O
                         net (fo=2, routed)           0.282     7.937    u_ctrl/ntt_waddr[3]
    SLICE_X3Y50          LUT4 (Prop_lut4_I0_O)        0.043     7.980 r  u_ctrl/gen_banks[0].mem_reg_0_63_0_2_i_7/O
                         net (fo=34, routed)          0.802     8.781    u_membanks/gen_banks[0].mem_reg_0_63_6_8/ADDRA3
    SLICE_X12Y50         RAMD64E (Prop_ramd64e_RADR3_O)
                                                      0.043     8.824 r  u_membanks/gen_banks[0].mem_reg_0_63_6_8/RAMA/O
                         net (fo=13, routed)          0.526     9.350    u_icon_out/bank_dout[6]
    SLICE_X8Y48          LUT6 (Prop_lut6_I3_O)        0.043     9.393 r  u_icon_out/z1_full_i_5__1_replica/O
                         net (fo=2, routed)           0.814    10.207    u_membanks/gen_bfly_pack[2].cur_l[6]_repN_alias
    SLICE_X19Y49         LUT6 (Prop_lut6_I4_O)        0.043    10.250 r  u_membanks/raw_sum_carry_i_13__4_rewire/O
                         net (fo=1, routed)           0.332    10.582    u_membanks/raw_sum_carry_i_13__4_n_0
    SLICE_X22Y45         LUT6 (Prop_lut6_I5_O)        0.043    10.625 r  u_membanks/raw_sum_carry_i_9__8/O
                         net (fo=52, routed)          0.587    11.213    gen_intt_n2d1[2].u_intt_n2d1/raw_sum_carry__2
    SLICE_X20Y43         LUT2 (Prop_lut2_I1_O)        0.045    11.258 r  gen_intt_n2d1[2].u_intt_n2d1/raw_sum_carry__0_i_3__8/O
                         net (fo=5, routed)           0.257    11.515    gen_intt_n2d1[2].u_intt_n2d1/intt_d1_in_34[4]
    SLICE_X21Y44         LUT3 (Prop_lut3_I0_O)        0.132    11.647 r  gen_intt_n2d1[2].u_intt_n2d1/raw_sum_carry__0_i_7__2/O
                         net (fo=1, routed)           0.000    11.647    gen_r2intt_r4.u_r2intt/add23/raw_sum_carry_i_27__2_1[1]
    SLICE_X21Y44         CARRY4 (Prop_carry4_S[1]_CO[3])
                                                      0.267    11.914 r  gen_r2intt_r4.u_r2intt/add23/raw_sum_carry__0/CO[3]
                         net (fo=1, routed)           0.000    11.914    gen_r2intt_r4.u_r2intt/add23/raw_sum_carry__0_n_0
    SLICE_X21Y45         CARRY4 (Prop_carry4_CI_CO[3])
                                                      0.053    11.967 r  gen_r2intt_r4.u_r2intt/add23/raw_sum_carry__1/CO[3]
                         net (fo=1, routed)           0.000    11.967    gen_r2intt_r4.u_r2intt/add23/raw_sum_carry__1_n_0
    SLICE_X21Y46         CARRY4 (Prop_carry4_CI_CO[3])
                                                      0.053    12.020 r  gen_r2intt_r4.u_r2intt/add23/raw_sum_carry__2/CO[3]
                         net (fo=1, routed)           0.000    12.020    gen_r2intt_r4.u_r2intt/add23/raw_sum_carry__2_n_0
    SLICE_X21Y47         CARRY4 (Prop_carry4_CI_O[0])
                                                      0.111    12.131 r  gen_r2intt_r4.u_r2intt/add23/raw_sum_carry__3/O[0]
                         net (fo=1, routed)           0.331    12.463    gen_r2intt_r4.u_r2intt/add23/raw_sum_carry__3_n_7
    SLICE_X20Y42         LUT2 (Prop_lut2_I1_O)        0.124    12.587 r  gen_r2intt_r4.u_r2intt/add23/raw_sum_carry_i_33__1/O
                         net (fo=1, routed)           0.000    12.587    gen_r2intt_r4.u_r2intt/add23/raw_sum_carry_i_33__1_n_0
    SLICE_X20Y42         CARRY4 (Prop_carry4_S[0]_CO[3])
                                                      0.246    12.833 r  gen_r2intt_r4.u_r2intt/add23/raw_sum_carry_i_28__3/CO[3]
                         net (fo=1, routed)           0.000    12.833    gen_r2intt_r4.u_r2intt/add23/raw_sum_carry_i_28__3_n_0
    SLICE_X20Y43         CARRY4 (Prop_carry4_CI_CO[3])
                                                      0.054    12.887 r  gen_r2intt_r4.u_r2intt/add23/raw_sum_carry_i_27__2/CO[3]
                         net (fo=1, routed)           0.000    12.887    gen_r2intt_r4.u_r2intt/add23/raw_sum_carry_i_27__2_n_0
    SLICE_X20Y44         CARRY4 (Prop_carry4_CI_O[2])
                                                      0.112    12.999 r  gen_r2intt_r4.u_r2intt/add23/raw_sum_carry__0_i_15__0/O[2]
                         net (fo=1, routed)           0.297    13.295    gen_intt_n2d1[3].u_intt_n2d1/out0_carry__1_i_4__9[2]
    SLICE_X22Y41         LUT6 (Prop_lut6_I5_O)        0.127    13.422 r  gen_intt_n2d1[3].u_intt_n2d1/raw_sum_carry__1_i_12/O
                         net (fo=8, routed)           0.523    13.946    gen_intt_n2d1[3].u_intt_n2d1/raw_sum_carry__0_i_15__0_1
    SLICE_X23Y37         LUT4 (Prop_lut4_I1_O)        0.043    13.989 r  gen_intt_n2d1[3].u_intt_n2d1/raw_sum_carry_i_7__2/O
                         net (fo=1, routed)           0.350    14.339    gen_intt_n2d1[3].u_intt_n2d1/raw_sum_carry_i_7__2_n_0
    SLICE_X21Y37         LUT4 (Prop_lut4_I1_O)        0.043    14.382 r  gen_intt_n2d1[3].u_intt_n2d1/raw_sum_carry_i_5__2/O
                         net (fo=77, routed)          0.445    14.827    gen_intt_n2d1[3].u_intt_n2d1/raw_sum_carry_i_9__4_0
    SLICE_X20Y36         LUT3 (Prop_lut3_I2_O)        0.043    14.870 r  gen_intt_n2d1[3].u_intt_n2d1/raw_sum_carry_i_2__3/O
                         net (fo=1, routed)           0.000    14.870    gen_r2intt_r4.u_r2intt/sub02/add_inst/out0_carry_i_6__5_0[2]
    SLICE_X20Y36         CARRY4 (Prop_carry4_S[2]_CO[3])
                                                      0.183    15.053 r  gen_r2intt_r4.u_r2intt/sub02/add_inst/raw_sum_carry/CO[3]
                         net (fo=1, routed)           0.000    15.053    gen_r2intt_r4.u_r2intt/sub02/add_inst/raw_sum_carry_n_0
    SLICE_X20Y37         CARRY4 (Prop_carry4_CI_CO[3])
                                                      0.054    15.107 r  gen_r2intt_r4.u_r2intt/sub02/add_inst/raw_sum_carry__0/CO[3]
                         net (fo=1, routed)           0.000    15.107    gen_r2intt_r4.u_r2intt/sub02/add_inst/raw_sum_carry__0_n_0
    SLICE_X20Y38         CARRY4 (Prop_carry4_CI_CO[3])
                                                      0.054    15.161 r  gen_r2intt_r4.u_r2intt/sub02/add_inst/raw_sum_carry__1/CO[3]
                         net (fo=1, routed)           0.000    15.161    gen_r2intt_r4.u_r2intt/sub02/add_inst/raw_sum_carry__1_n_0
    SLICE_X20Y39         CARRY4 (Prop_carry4_CI_CO[3])
                                                      0.054    15.215 r  gen_r2intt_r4.u_r2intt/sub02/add_inst/raw_sum_carry__2/CO[3]
                         net (fo=1, routed)           0.000    15.215    gen_r2intt_r4.u_r2intt/sub02/add_inst/raw_sum_carry__2_n_0
    SLICE_X20Y40         CARRY4 (Prop_carry4_CI_O[0])
                                                      0.108    15.323 r  gen_r2intt_r4.u_r2intt/sub02/add_inst/raw_sum_carry__3/O[0]
                         net (fo=1, routed)           0.383    15.706    gen_r2intt_r4.u_r2intt/sub02/add_inst/raw_sum_carry__3_n_7
    SLICE_X19Y36         LUT2 (Prop_lut2_I1_O)        0.123    15.829 r  gen_r2intt_r4.u_r2intt/sub02/add_inst/out0_carry_i_8__9/O
                         net (fo=1, routed)           0.000    15.829    gen_r2intt_r4.u_r2intt/sub02/add_inst/out0_carry_i_8__9_n_0
    SLICE_X19Y36         CARRY4 (Prop_carry4_S[0]_CO[3])
                                                      0.259    16.088 r  gen_r2intt_r4.u_r2intt/sub02/add_inst/out0_carry_i_6__5/CO[3]
                         net (fo=1, routed)           0.000    16.088    gen_r2intt_r4.u_r2intt/sub02/add_inst/out0_carry_i_6__5_n_0
    SLICE_X19Y37         CARRY4 (Prop_carry4_CI_CO[3])
                                                      0.053    16.141 r  gen_r2intt_r4.u_r2intt/sub02/add_inst/out0_carry_i_7__5/CO[3]
                         net (fo=1, routed)           0.000    16.141    gen_r2intt_r4.u_r2intt/sub02/add_inst/out0_carry_i_7__5_n_0
    SLICE_X19Y38         CARRY4 (Prop_carry4_CI_CO[3])
                                                      0.053    16.194 r  gen_r2intt_r4.u_r2intt/sub02/add_inst/out0_carry__0_i_5__5/CO[3]
                         net (fo=1, routed)           0.000    16.194    gen_r2intt_r4.u_r2intt/sub02/add_inst/out0_carry__0_i_5__5_n_0
    SLICE_X19Y39         CARRY4 (Prop_carry4_CI_CO[3])
                                                      0.053    16.247 r  gen_r2intt_r4.u_r2intt/sub02/add_inst/out0_carry__1_i_5__5/CO[3]
                         net (fo=1, routed)           0.000    16.247    gen_r2intt_r4.u_r2intt/sub02/add_inst/out0_carry__1_i_5__5_n_0
    SLICE_X19Y40         CARRY4 (Prop_carry4_CI_CO[0])
                                                      0.139    16.386 f  gen_r2intt_r4.u_r2intt/sub02/add_inst/out0_carry__2_i_19__0/CO[0]
                         net (fo=1, routed)           0.373    16.759    gen_r2intt_r4.u_r2intt/sub02/add_inst/out0_carry__2_i_19__0_n_3
    SLICE_X16Y36         LUT3 (Prop_lut3_I0_O)        0.131    16.890 r  gen_r2intt_r4.u_r2intt/sub02/add_inst/out0_carry__2_i_16/O
                         net (fo=2, routed)           0.356    17.246    gen_intt_n2d1[1].u_intt_n2d1/product_i_22__0_0
    SLICE_X18Y34         LUT5 (Prop_lut5_I0_O)        0.043    17.289 r  gen_intt_n2d1[1].u_intt_n2d1/out0_carry__2_i_14__0/O
                         net (fo=2, routed)           0.442    17.731    gen_intt_n2d1[1].u_intt_n2d1/out0_carry__2_i_14__0_n_0
    SLICE_X18Y38         LUT5 (Prop_lut5_I4_O)        0.043    17.774 r  gen_intt_n2d1[1].u_intt_n2d1/out0_carry__2_i_2__8/O
                         net (fo=1, routed)           0.000    17.774    gen_intt_d1n[2].u_id1n/gen_r2intt_r4.r2intt_out2[1]
    SLICE_X18Y38         CARRY4 (Prop_carry4_S[2]_O[3])
                                                      0.172    17.946 r  gen_intt_d1n[2].u_id1n/out0_carry__2/O[3]
                         net (fo=1, routed)           0.366    18.312    gen_intt_n2d1[1].u_intt_n2d1/product_7[3]
    SLICE_X17Y34         LUT6 (Prop_lut6_I0_O)        0.120    18.432 r  gen_intt_n2d1[1].u_intt_n2d1/product_i_1__5/O
                         net (fo=1, routed)           0.439    18.871    gen_modmul_intt[2].u_mm_intt/a[16]
    DSP48_X0Y12          DSP48E1 (Prop_dsp48e1_A[16]_P[20])
                                                      2.737    21.608 f  gen_modmul_intt[2].u_mm_intt/product/P[20]
                         net (fo=3, routed)           0.405    22.013    gen_modmul_intt[2].u_mm_intt/product_n_85
    SLICE_X8Y31          LUT2 (Prop_lut2_I1_O)        0.043    22.056 r  gen_modmul_intt[2].u_mm_intt/gen_banks[0].mem_reg_0_63_3_5_i_136/O
                         net (fo=1, routed)           0.290    22.347    gen_modmul_intt[2].u_mm_intt/gen_banks[0].mem_reg_0_63_3_5_i_136_n_0
    SLICE_X11Y33         CARRY4 (Prop_carry4_DI[1]_CO[3])
                                                      0.250    22.597 r  gen_modmul_intt[2].u_mm_intt/gen_banks[0].mem_reg_0_63_3_5_i_83/CO[3]
                         net (fo=1, routed)           0.000    22.597    gen_modmul_intt[2].u_mm_intt/gen_banks[0].mem_reg_0_63_3_5_i_83_n_0
    SLICE_X11Y34         CARRY4 (Prop_carry4_CI_CO[3])
                                                      0.053    22.650 r  gen_modmul_intt[2].u_mm_intt/gen_banks[0].mem_reg_0_63_6_8_i_79/CO[3]
                         net (fo=1, routed)           0.000    22.650    gen_modmul_intt[2].u_mm_intt/gen_banks[0].mem_reg_0_63_6_8_i_79_n_0
    SLICE_X11Y35         CARRY4 (Prop_carry4_CI_O[0])
                                                      0.111    22.761 r  gen_modmul_intt[2].u_mm_intt/gen_banks[0].mem_reg_0_63_12_14_i_83/O[0]
                         net (fo=4, routed)           0.449    23.210    u_membanks/gen_banks[0].mem_reg_0_63_0_2_i_123_0[0]
    SLICE_X11Y37         LUT4 (Prop_lut4_I2_O)        0.124    23.334 r  u_membanks/gen_banks[0].mem_reg_0_63_0_2_i_235/O
                         net (fo=2, routed)           0.379    23.713    u_membanks/gen_banks[0].mem_reg_0_63_0_2_i_235_n_0
    SLICE_X10Y39         LUT6 (Prop_lut6_I4_O)        0.043    23.756 r  u_membanks/gen_banks[0].mem_reg_0_63_0_2_i_123/O
                         net (fo=9, routed)           0.607    24.363    u_ctrl/reduced1_7
    SLICE_X13Y54         LUT5 (Prop_lut5_I2_O)        0.043    24.406 r  u_ctrl/gen_banks[0].mem_reg_0_63_3_5_i_47/O
                         net (fo=1, routed)           0.490    24.896    u_ctrl/gen_banks[0].mem_reg_0_63_3_5_i_47_n_0
    SLICE_X24Y50         LUT5 (Prop_lut5_I4_O)        0.043    24.939 r  u_ctrl/gen_banks[0].mem_reg_0_63_3_5_i_35/O
                         net (fo=1, routed)           0.360    25.299    gen_ntod1[1].u_nd1/gen_banks[0].mem_reg_0_63_18_20_i_8
    SLICE_X24Y50         LUT6 (Prop_lut6_I0_O)        0.043    25.342 r  gen_ntod1[1].u_nd1/gen_banks[0].mem_reg_0_63_3_5_i_12/O
                         net (fo=4, routed)           0.504    25.847    u_icon_in/gen_banks[2].mem_reg_0_63_18_20_i_3
    SLICE_X24Y54         LUT6 (Prop_lut6_I1_O)        0.043    25.890 r  u_icon_in/gen_banks[1].mem_reg_0_63_18_20_i_8/O
                         net (fo=2, routed)           0.193    26.083    u_ctrl/gen_banks[3].mem_reg_0_63_18_20_3
    SLICE_X24Y55         LUT6 (Prop_lut6_I4_O)        0.043    26.126 r  u_ctrl/gen_banks[3].mem_reg_0_63_18_20_i_3/O
                         net (fo=1, routed)           0.332    26.458    u_membanks/gen_banks[3].mem_reg_0_63_18_20/DIC
    SLICE_X22Y56         RAMD64E                                      r  u_membanks/gen_banks[3].mem_reg_0_63_18_20/RAMC/I
  -------------------------------------------------------------------    -------------------

                         (clock clk rise edge)        3.000     3.000 r  
    V20                                               0.000     3.000 r  clk (IN)
                         net (fo=0)                   0.000     3.000    clk
    V20                  IBUF (Prop_ibuf_I_O)         0.676     3.676 r  clk_IBUF_inst/O
                         net (fo=1, routed)           1.834     5.510    clk_IBUF
    BUFGCTRL_X0Y0        BUFG (Prop_bufg_I_O)         0.083     5.593 r  clk_IBUF_BUFG_inst/O
                         net (fo=243, routed)         1.319     6.912    u_membanks/gen_banks[3].mem_reg_0_63_18_20/WCLK
    SLICE_X22Y56         RAMD64E                                      r  u_membanks/gen_banks[3].mem_reg_0_63_18_20/RAMC/CLK
                         clock pessimism              0.216     7.128    
                         clock uncertainty           -0.035     7.092    
    SLICE_X22Y56         RAMD64E (Setup_ramd64e_CLK_I)
                                                     -0.204     6.888    u_membanks/gen_banks[3].mem_reg_0_63_18_20/RAMC
  -------------------------------------------------------------------
                         required time                          6.888    
                         arrival time                         -26.458    
  -------------------------------------------------------------------
                         slack                                -19.570    

Slack (VIOLATED) :        -19.569ns  (required time - arrival time)
  Source:                 u_ctrl/b_cnt_reg[0]/C
                            (rising edge-triggered cell FDCE clocked by clk  {rise@0.000ns fall@1.500ns period=3.000ns})
  Destination:            u_membanks/gen_banks[1].mem_reg_0_63_18_20/RAMC/I
                            (rising edge-triggered cell RAMD64E clocked by clk  {rise@0.000ns fall@1.500ns period=3.000ns})
  Path Group:             clk
  Path Type:              Setup (Max at Slow Process Corner)
  Requirement:            3.000ns  (clk rise@3.000ns - clk rise@0.000ns)
  Data Path Delay:        21.983ns  (logic 8.234ns (37.457%)  route 13.749ns (62.543%))
  Logic Levels:           56  (CARRY4=25 DSP48E1=1 LUT2=7 LUT3=4 LUT4=4 LUT5=4 LUT6=10 RAMD64E=1)
  Clock Path Skew:        -0.347ns (DCD - SCD + CPR)
    Destination Clock Delay (DCD):    3.913ns = ( 6.913 - 3.000 ) 
    Source Clock Delay      (SCD):    4.476ns
    Clock Pessimism Removal (CPR):    0.216ns
  Clock Uncertainty:      0.035ns  ((TSJ^2 + TIJ^2)^1/2 + DJ) / 2 + PE
    Total System Jitter     (TSJ):    0.071ns
    Total Input Jitter      (TIJ):    0.000ns
    Discrete Jitter          (DJ):    0.000ns
    Phase Error              (PE):    0.000ns

    Location             Delay type                Incr(ns)  Path(ns)    Netlist Resource(s)
  -------------------------------------------------------------------    -------------------
                         (clock clk rise edge)        0.000     0.000 r  
    V20                                               0.000     0.000 r  clk (IN)
                         net (fo=0)                   0.000     0.000    clk
    V20                  IBUF (Prop_ibuf_I_O)         0.751     0.751 r  clk_IBUF_inst/O
                         net (fo=1, routed)           1.950     2.701    clk_IBUF
    BUFGCTRL_X0Y0        BUFG (Prop_bufg_I_O)         0.093     2.794 r  clk_IBUF_BUFG_inst/O
                         net (fo=243, routed)         1.682     4.476    u_ctrl/clk_IBUF_BUFG
    SLICE_X6Y47          FDCE                                         r  u_ctrl/b_cnt_reg[0]/C
  -------------------------------------------------------------------    -------------------
    SLICE_X6Y47          FDCE (Prop_fdce_C_Q)         0.259     4.735 r  u_ctrl/b_cnt_reg[0]/Q
                         net (fo=11, routed)          0.178     4.912    u_ctrl/b_cnt_reg_n_0_[0]
    SLICE_X7Y47          LUT2 (Prop_lut2_I0_O)        0.043     4.955 r  u_ctrl/z1_full_i_56/O
                         net (fo=1, routed)           0.000     4.955    u_ctrl/z1_full_i_56_n_0
    SLICE_X7Y47          CARRY4 (Prop_carry4_S[1]_O[1])
                                                      0.109     5.064 r  u_ctrl/z1_full_i_44/O[1]
                         net (fo=2, routed)           0.290     5.355    u_ctrl/z1_full_i_44_n_6
    SLICE_X6Y47          LUT3 (Prop_lut3_I2_O)        0.123     5.478 r  u_ctrl/z1_full_i_49/O
                         net (fo=1, routed)           0.000     5.478    u_ctrl/z1_full_i_49_n_0
    SLICE_X6Y47          CARRY4 (Prop_carry4_S[3]_O[3])
                                                      0.114     5.592 r  u_ctrl/z1_full_i_36/O[3]
                         net (fo=2, routed)           0.320     5.912    u_ctrl/orig_addrs2[4]
    SLICE_X5Y47          LUT2 (Prop_lut2_I0_O)        0.120     6.032 r  u_ctrl/z1_full_i_38/O
                         net (fo=1, routed)           0.000     6.032    u_ctrl/z1_full_i_38_n_0
    SLICE_X5Y47          CARRY4 (Prop_carry4_S[2]_O[2])
                                                      0.117     6.149 r  u_ctrl/z1_full_i_32/O[2]
                         net (fo=13, routed)          0.481     6.630    u_ctrl/orig_addrs[4]
    SLICE_X3Y49          LUT2 (Prop_lut2_I0_O)        0.122     6.752 r  u_ctrl/gen_banks[0].mem_reg_0_63_0_2_i_87/O
                         net (fo=1, routed)           0.000     6.752    u_ctrl/gen_banks[0].mem_reg_0_63_0_2_i_87_n_0
    SLICE_X3Y49          CARRY4 (Prop_carry4_S[0]_O[1])
                                                      0.218     6.970 r  u_ctrl/gen_banks[0].mem_reg_0_63_0_2_i_55/O[1]
                         net (fo=5, routed)           0.562     7.532    u_icon_addr/orig_addrs[9]
    SLICE_X3Y47          LUT6 (Prop_lut6_I0_O)        0.123     7.655 r  u_icon_addr/gen_banks[0].mem_reg_0_63_0_2_i_26/O
                         net (fo=2, routed)           0.282     7.937    u_ctrl/ntt_waddr[3]
    SLICE_X3Y50          LUT4 (Prop_lut4_I0_O)        0.043     7.980 r  u_ctrl/gen_banks[0].mem_reg_0_63_0_2_i_7/O
                         net (fo=34, routed)          0.802     8.781    u_membanks/gen_banks[0].mem_reg_0_63_6_8/ADDRA3
    SLICE_X12Y50         RAMD64E (Prop_ramd64e_RADR3_O)
                                                      0.043     8.824 r  u_membanks/gen_banks[0].mem_reg_0_63_6_8/RAMA/O
                         net (fo=13, routed)          0.526     9.350    u_icon_out/bank_dout[6]
    SLICE_X8Y48          LUT6 (Prop_lut6_I3_O)        0.043     9.393 r  u_icon_out/z1_full_i_5__1_replica/O
                         net (fo=2, routed)           0.814    10.207    u_membanks/gen_bfly_pack[2].cur_l[6]_repN_alias
    SLICE_X19Y49         LUT6 (Prop_lut6_I4_O)        0.043    10.250 r  u_membanks/raw_sum_carry_i_13__4_rewire/O
                         net (fo=1, routed)           0.332    10.582    u_membanks/raw_sum_carry_i_13__4_n_0
    SLICE_X22Y45         LUT6 (Prop_lut6_I5_O)        0.043    10.625 r  u_membanks/raw_sum_carry_i_9__8/O
                         net (fo=52, routed)          0.587    11.213    gen_intt_n2d1[2].u_intt_n2d1/raw_sum_carry__2
    SLICE_X20Y43         LUT2 (Prop_lut2_I1_O)        0.045    11.258 r  gen_intt_n2d1[2].u_intt_n2d1/raw_sum_carry__0_i_3__8/O
                         net (fo=5, routed)           0.257    11.515    gen_intt_n2d1[2].u_intt_n2d1/intt_d1_in_34[4]
    SLICE_X21Y44         LUT3 (Prop_lut3_I0_O)        0.132    11.647 r  gen_intt_n2d1[2].u_intt_n2d1/raw_sum_carry__0_i_7__2/O
                         net (fo=1, routed)           0.000    11.647    gen_r2intt_r4.u_r2intt/add23/raw_sum_carry_i_27__2_1[1]
    SLICE_X21Y44         CARRY4 (Prop_carry4_S[1]_CO[3])
                                                      0.267    11.914 r  gen_r2intt_r4.u_r2intt/add23/raw_sum_carry__0/CO[3]
                         net (fo=1, routed)           0.000    11.914    gen_r2intt_r4.u_r2intt/add23/raw_sum_carry__0_n_0
    SLICE_X21Y45         CARRY4 (Prop_carry4_CI_CO[3])
                                                      0.053    11.967 r  gen_r2intt_r4.u_r2intt/add23/raw_sum_carry__1/CO[3]
                         net (fo=1, routed)           0.000    11.967    gen_r2intt_r4.u_r2intt/add23/raw_sum_carry__1_n_0
    SLICE_X21Y46         CARRY4 (Prop_carry4_CI_CO[3])
                                                      0.053    12.020 r  gen_r2intt_r4.u_r2intt/add23/raw_sum_carry__2/CO[3]
                         net (fo=1, routed)           0.000    12.020    gen_r2intt_r4.u_r2intt/add23/raw_sum_carry__2_n_0
    SLICE_X21Y47         CARRY4 (Prop_carry4_CI_O[0])
                                                      0.111    12.131 r  gen_r2intt_r4.u_r2intt/add23/raw_sum_carry__3/O[0]
                         net (fo=1, routed)           0.331    12.463    gen_r2intt_r4.u_r2intt/add23/raw_sum_carry__3_n_7
    SLICE_X20Y42         LUT2 (Prop_lut2_I1_O)        0.124    12.587 r  gen_r2intt_r4.u_r2intt/add23/raw_sum_carry_i_33__1/O
                         net (fo=1, routed)           0.000    12.587    gen_r2intt_r4.u_r2intt/add23/raw_sum_carry_i_33__1_n_0
    SLICE_X20Y42         CARRY4 (Prop_carry4_S[0]_CO[3])
                                                      0.246    12.833 r  gen_r2intt_r4.u_r2intt/add23/raw_sum_carry_i_28__3/CO[3]
                         net (fo=1, routed)           0.000    12.833    gen_r2intt_r4.u_r2intt/add23/raw_sum_carry_i_28__3_n_0
    SLICE_X20Y43         CARRY4 (Prop_carry4_CI_CO[3])
                                                      0.054    12.887 r  gen_r2intt_r4.u_r2intt/add23/raw_sum_carry_i_27__2/CO[3]
                         net (fo=1, routed)           0.000    12.887    gen_r2intt_r4.u_r2intt/add23/raw_sum_carry_i_27__2_n_0
    SLICE_X20Y44         CARRY4 (Prop_carry4_CI_O[2])
                                                      0.112    12.999 r  gen_r2intt_r4.u_r2intt/add23/raw_sum_carry__0_i_15__0/O[2]
                         net (fo=1, routed)           0.297    13.295    gen_intt_n2d1[3].u_intt_n2d1/out0_carry__1_i_4__9[2]
    SLICE_X22Y41         LUT6 (Prop_lut6_I5_O)        0.127    13.422 r  gen_intt_n2d1[3].u_intt_n2d1/raw_sum_carry__1_i_12/O
                         net (fo=8, routed)           0.523    13.946    gen_intt_n2d1[3].u_intt_n2d1/raw_sum_carry__0_i_15__0_1
    SLICE_X23Y37         LUT4 (Prop_lut4_I1_O)        0.043    13.989 r  gen_intt_n2d1[3].u_intt_n2d1/raw_sum_carry_i_7__2/O
                         net (fo=1, routed)           0.350    14.339    gen_intt_n2d1[3].u_intt_n2d1/raw_sum_carry_i_7__2_n_0
    SLICE_X21Y37         LUT4 (Prop_lut4_I1_O)        0.043    14.382 r  gen_intt_n2d1[3].u_intt_n2d1/raw_sum_carry_i_5__2/O
                         net (fo=77, routed)          0.445    14.827    gen_intt_n2d1[3].u_intt_n2d1/raw_sum_carry_i_9__4_0
    SLICE_X20Y36         LUT3 (Prop_lut3_I2_O)        0.043    14.870 r  gen_intt_n2d1[3].u_intt_n2d1/raw_sum_carry_i_2__3/O
                         net (fo=1, routed)           0.000    14.870    gen_r2intt_r4.u_r2intt/sub02/add_inst/out0_carry_i_6__5_0[2]
    SLICE_X20Y36         CARRY4 (Prop_carry4_S[2]_CO[3])
                                                      0.183    15.053 r  gen_r2intt_r4.u_r2intt/sub02/add_inst/raw_sum_carry/CO[3]
                         net (fo=1, routed)           0.000    15.053    gen_r2intt_r4.u_r2intt/sub02/add_inst/raw_sum_carry_n_0
    SLICE_X20Y37         CARRY4 (Prop_carry4_CI_CO[3])
                                                      0.054    15.107 r  gen_r2intt_r4.u_r2intt/sub02/add_inst/raw_sum_carry__0/CO[3]
                         net (fo=1, routed)           0.000    15.107    gen_r2intt_r4.u_r2intt/sub02/add_inst/raw_sum_carry__0_n_0
    SLICE_X20Y38         CARRY4 (Prop_carry4_CI_CO[3])
                                                      0.054    15.161 r  gen_r2intt_r4.u_r2intt/sub02/add_inst/raw_sum_carry__1/CO[3]
                         net (fo=1, routed)           0.000    15.161    gen_r2intt_r4.u_r2intt/sub02/add_inst/raw_sum_carry__1_n_0
    SLICE_X20Y39         CARRY4 (Prop_carry4_CI_CO[3])
                                                      0.054    15.215 r  gen_r2intt_r4.u_r2intt/sub02/add_inst/raw_sum_carry__2/CO[3]
                         net (fo=1, routed)           0.000    15.215    gen_r2intt_r4.u_r2intt/sub02/add_inst/raw_sum_carry__2_n_0
    SLICE_X20Y40         CARRY4 (Prop_carry4_CI_O[0])
                                                      0.108    15.323 r  gen_r2intt_r4.u_r2intt/sub02/add_inst/raw_sum_carry__3/O[0]
                         net (fo=1, routed)           0.383    15.706    gen_r2intt_r4.u_r2intt/sub02/add_inst/raw_sum_carry__3_n_7
    SLICE_X19Y36         LUT2 (Prop_lut2_I1_O)        0.123    15.829 r  gen_r2intt_r4.u_r2intt/sub02/add_inst/out0_carry_i_8__9/O
                         net (fo=1, routed)           0.000    15.829    gen_r2intt_r4.u_r2intt/sub02/add_inst/out0_carry_i_8__9_n_0
    SLICE_X19Y36         CARRY4 (Prop_carry4_S[0]_CO[3])
                                                      0.259    16.088 r  gen_r2intt_r4.u_r2intt/sub02/add_inst/out0_carry_i_6__5/CO[3]
                         net (fo=1, routed)           0.000    16.088    gen_r2intt_r4.u_r2intt/sub02/add_inst/out0_carry_i_6__5_n_0
    SLICE_X19Y37         CARRY4 (Prop_carry4_CI_CO[3])
                                                      0.053    16.141 r  gen_r2intt_r4.u_r2intt/sub02/add_inst/out0_carry_i_7__5/CO[3]
                         net (fo=1, routed)           0.000    16.141    gen_r2intt_r4.u_r2intt/sub02/add_inst/out0_carry_i_7__5_n_0
    SLICE_X19Y38         CARRY4 (Prop_carry4_CI_CO[3])
                                                      0.053    16.194 r  gen_r2intt_r4.u_r2intt/sub02/add_inst/out0_carry__0_i_5__5/CO[3]
                         net (fo=1, routed)           0.000    16.194    gen_r2intt_r4.u_r2intt/sub02/add_inst/out0_carry__0_i_5__5_n_0
    SLICE_X19Y39         CARRY4 (Prop_carry4_CI_CO[3])
                                                      0.053    16.247 r  gen_r2intt_r4.u_r2intt/sub02/add_inst/out0_carry__1_i_5__5/CO[3]
                         net (fo=1, routed)           0.000    16.247    gen_r2intt_r4.u_r2intt/sub02/add_inst/out0_carry__1_i_5__5_n_0
    SLICE_X19Y40         CARRY4 (Prop_carry4_CI_CO[0])
                                                      0.139    16.386 f  gen_r2intt_r4.u_r2intt/sub02/add_inst/out0_carry__2_i_19__0/CO[0]
                         net (fo=1, routed)           0.373    16.759    gen_r2intt_r4.u_r2intt/sub02/add_inst/out0_carry__2_i_19__0_n_3
    SLICE_X16Y36         LUT3 (Prop_lut3_I0_O)        0.131    16.890 r  gen_r2intt_r4.u_r2intt/sub02/add_inst/out0_carry__2_i_16/O
                         net (fo=2, routed)           0.356    17.246    gen_intt_n2d1[1].u_intt_n2d1/product_i_22__0_0
    SLICE_X18Y34         LUT5 (Prop_lut5_I0_O)        0.043    17.289 r  gen_intt_n2d1[1].u_intt_n2d1/out0_carry__2_i_14__0/O
                         net (fo=2, routed)           0.442    17.731    gen_intt_n2d1[1].u_intt_n2d1/out0_carry__2_i_14__0_n_0
    SLICE_X18Y38         LUT5 (Prop_lut5_I4_O)        0.043    17.774 r  gen_intt_n2d1[1].u_intt_n2d1/out0_carry__2_i_2__8/O
                         net (fo=1, routed)           0.000    17.774    gen_intt_d1n[2].u_id1n/gen_r2intt_r4.r2intt_out2[1]
    SLICE_X18Y38         CARRY4 (Prop_carry4_S[2]_O[3])
                                                      0.172    17.946 r  gen_intt_d1n[2].u_id1n/out0_carry__2/O[3]
                         net (fo=1, routed)           0.366    18.312    gen_intt_n2d1[1].u_intt_n2d1/product_7[3]
    SLICE_X17Y34         LUT6 (Prop_lut6_I0_O)        0.120    18.432 r  gen_intt_n2d1[1].u_intt_n2d1/product_i_1__5/O
                         net (fo=1, routed)           0.439    18.871    gen_modmul_intt[2].u_mm_intt/a[16]
    DSP48_X0Y12          DSP48E1 (Prop_dsp48e1_A[16]_P[20])
                                                      2.737    21.608 f  gen_modmul_intt[2].u_mm_intt/product/P[20]
                         net (fo=3, routed)           0.405    22.013    gen_modmul_intt[2].u_mm_intt/product_n_85
    SLICE_X8Y31          LUT2 (Prop_lut2_I1_O)        0.043    22.056 r  gen_modmul_intt[2].u_mm_intt/gen_banks[0].mem_reg_0_63_3_5_i_136/O
                         net (fo=1, routed)           0.290    22.347    gen_modmul_intt[2].u_mm_intt/gen_banks[0].mem_reg_0_63_3_5_i_136_n_0
    SLICE_X11Y33         CARRY4 (Prop_carry4_DI[1]_CO[3])
                                                      0.250    22.597 r  gen_modmul_intt[2].u_mm_intt/gen_banks[0].mem_reg_0_63_3_5_i_83/CO[3]
                         net (fo=1, routed)           0.000    22.597    gen_modmul_intt[2].u_mm_intt/gen_banks[0].mem_reg_0_63_3_5_i_83_n_0
    SLICE_X11Y34         CARRY4 (Prop_carry4_CI_CO[3])
                                                      0.053    22.650 r  gen_modmul_intt[2].u_mm_intt/gen_banks[0].mem_reg_0_63_6_8_i_79/CO[3]
                         net (fo=1, routed)           0.000    22.650    gen_modmul_intt[2].u_mm_intt/gen_banks[0].mem_reg_0_63_6_8_i_79_n_0
    SLICE_X11Y35         CARRY4 (Prop_carry4_CI_O[0])
                                                      0.111    22.761 r  gen_modmul_intt[2].u_mm_intt/gen_banks[0].mem_reg_0_63_12_14_i_83/O[0]
                         net (fo=4, routed)           0.449    23.210    u_membanks/gen_banks[0].mem_reg_0_63_0_2_i_123_0[0]
    SLICE_X11Y37         LUT4 (Prop_lut4_I2_O)        0.124    23.334 r  u_membanks/gen_banks[0].mem_reg_0_63_0_2_i_235/O
                         net (fo=2, routed)           0.379    23.713    u_membanks/gen_banks[0].mem_reg_0_63_0_2_i_235_n_0
    SLICE_X10Y39         LUT6 (Prop_lut6_I4_O)        0.043    23.756 r  u_membanks/gen_banks[0].mem_reg_0_63_0_2_i_123/O
                         net (fo=9, routed)           0.607    24.363    u_ctrl/reduced1_7
    SLICE_X13Y54         LUT5 (Prop_lut5_I2_O)        0.043    24.406 r  u_ctrl/gen_banks[0].mem_reg_0_63_3_5_i_47/O
                         net (fo=1, routed)           0.490    24.896    u_ctrl/gen_banks[0].mem_reg_0_63_3_5_i_47_n_0
    SLICE_X24Y50         LUT5 (Prop_lut5_I4_O)        0.043    24.939 r  u_ctrl/gen_banks[0].mem_reg_0_63_3_5_i_35/O
                         net (fo=1, routed)           0.360    25.299    gen_ntod1[1].u_nd1/gen_banks[0].mem_reg_0_63_18_20_i_8
    SLICE_X24Y50         LUT6 (Prop_lut6_I0_O)        0.043    25.342 r  gen_ntod1[1].u_nd1/gen_banks[0].mem_reg_0_63_3_5_i_12/O
                         net (fo=4, routed)           0.504    25.847    u_icon_in/gen_banks[2].mem_reg_0_63_18_20_i_3
    SLICE_X24Y54         LUT6 (Prop_lut6_I1_O)        0.043    25.890 r  u_icon_in/gen_banks[1].mem_reg_0_63_18_20_i_8/O
                         net (fo=2, routed)           0.194    26.084    u_ctrl/gen_banks[3].mem_reg_0_63_18_20_3
    SLICE_X24Y55         LUT6 (Prop_lut6_I2_O)        0.043    26.127 r  u_ctrl/gen_banks[1].mem_reg_0_63_18_20_i_3/O
                         net (fo=1, routed)           0.331    26.458    u_membanks/gen_banks[1].mem_reg_0_63_18_20/DIC
    SLICE_X22Y55         RAMD64E                                      r  u_membanks/gen_banks[1].mem_reg_0_63_18_20/RAMC/I
  -------------------------------------------------------------------    -------------------

                         (clock clk rise edge)        3.000     3.000 r  
    V20                                               0.000     3.000 r  clk (IN)
                         net (fo=0)                   0.000     3.000    clk
    V20                  IBUF (Prop_ibuf_I_O)         0.676     3.676 r  clk_IBUF_inst/O
                         net (fo=1, routed)           1.834     5.510    clk_IBUF
    BUFGCTRL_X0Y0        BUFG (Prop_bufg_I_O)         0.083     5.593 r  clk_IBUF_BUFG_inst/O
                         net (fo=243, routed)         1.320     6.913    u_membanks/gen_banks[1].mem_reg_0_63_18_20/WCLK
    SLICE_X22Y55         RAMD64E                                      r  u_membanks/gen_banks[1].mem_reg_0_63_18_20/RAMC/CLK
                         clock pessimism              0.216     7.129    
                         clock uncertainty           -0.035     7.093    
    SLICE_X22Y55         RAMD64E (Setup_ramd64e_CLK_I)
                                                     -0.204     6.889    u_membanks/gen_banks[1].mem_reg_0_63_18_20/RAMC
  -------------------------------------------------------------------
                         required time                          6.889    
                         arrival time                         -26.458    
  -------------------------------------------------------------------
                         slack                                -19.569    

Slack (VIOLATED) :        -19.563ns  (required time - arrival time)
  Source:                 u_ctrl/b_cnt_reg[0]/C
                            (rising edge-triggered cell FDCE clocked by clk  {rise@0.000ns fall@1.500ns period=3.000ns})
  Destination:            u_membanks/gen_banks[2].mem_reg_0_63_3_5/RAMB/I
                            (rising edge-triggered cell RAMD64E clocked by clk  {rise@0.000ns fall@1.500ns period=3.000ns})
  Path Group:             clk
  Path Type:              Setup (Max at Slow Process Corner)
  Requirement:            3.000ns  (clk rise@3.000ns - clk rise@0.000ns)
  Data Path Delay:        21.986ns  (logic 8.234ns (37.452%)  route 13.752ns (62.548%))
  Logic Levels:           56  (CARRY4=25 DSP48E1=1 LUT2=7 LUT3=4 LUT4=4 LUT5=4 LUT6=10 RAMD64E=1)
  Clock Path Skew:        -0.344ns (DCD - SCD + CPR)
    Destination Clock Delay (DCD):    3.916ns = ( 6.916 - 3.000 ) 
    Source Clock Delay      (SCD):    4.476ns
    Clock Pessimism Removal (CPR):    0.216ns
  Clock Uncertainty:      0.035ns  ((TSJ^2 + TIJ^2)^1/2 + DJ) / 2 + PE
    Total System Jitter     (TSJ):    0.071ns
    Total Input Jitter      (TIJ):    0.000ns
    Discrete Jitter          (DJ):    0.000ns
    Phase Error              (PE):    0.000ns

    Location             Delay type                Incr(ns)  Path(ns)    Netlist Resource(s)
  -------------------------------------------------------------------    -------------------
                         (clock clk rise edge)        0.000     0.000 r  
    V20                                               0.000     0.000 r  clk (IN)
                         net (fo=0)                   0.000     0.000    clk
    V20                  IBUF (Prop_ibuf_I_O)         0.751     0.751 r  clk_IBUF_inst/O
                         net (fo=1, routed)           1.950     2.701    clk_IBUF
    BUFGCTRL_X0Y0        BUFG (Prop_bufg_I_O)         0.093     2.794 r  clk_IBUF_BUFG_inst/O
                         net (fo=243, routed)         1.682     4.476    u_ctrl/clk_IBUF_BUFG
    SLICE_X6Y47          FDCE                                         r  u_ctrl/b_cnt_reg[0]/C
  -------------------------------------------------------------------    -------------------
    SLICE_X6Y47          FDCE (Prop_fdce_C_Q)         0.259     4.735 r  u_ctrl/b_cnt_reg[0]/Q
                         net (fo=11, routed)          0.178     4.912    u_ctrl/b_cnt_reg_n_0_[0]
    SLICE_X7Y47          LUT2 (Prop_lut2_I0_O)        0.043     4.955 r  u_ctrl/z1_full_i_56/O
                         net (fo=1, routed)           0.000     4.955    u_ctrl/z1_full_i_56_n_0
    SLICE_X7Y47          CARRY4 (Prop_carry4_S[1]_O[1])
                                                      0.109     5.064 r  u_ctrl/z1_full_i_44/O[1]
                         net (fo=2, routed)           0.290     5.355    u_ctrl/z1_full_i_44_n_6
    SLICE_X6Y47          LUT3 (Prop_lut3_I2_O)        0.123     5.478 r  u_ctrl/z1_full_i_49/O
                         net (fo=1, routed)           0.000     5.478    u_ctrl/z1_full_i_49_n_0
    SLICE_X6Y47          CARRY4 (Prop_carry4_S[3]_O[3])
                                                      0.114     5.592 r  u_ctrl/z1_full_i_36/O[3]
                         net (fo=2, routed)           0.320     5.912    u_ctrl/orig_addrs2[4]
    SLICE_X5Y47          LUT2 (Prop_lut2_I0_O)        0.120     6.032 r  u_ctrl/z1_full_i_38/O
                         net (fo=1, routed)           0.000     6.032    u_ctrl/z1_full_i_38_n_0
    SLICE_X5Y47          CARRY4 (Prop_carry4_S[2]_O[2])
                                                      0.117     6.149 r  u_ctrl/z1_full_i_32/O[2]
                         net (fo=13, routed)          0.481     6.630    u_ctrl/orig_addrs[4]
    SLICE_X3Y49          LUT2 (Prop_lut2_I0_O)        0.122     6.752 r  u_ctrl/gen_banks[0].mem_reg_0_63_0_2_i_87/O
                         net (fo=1, routed)           0.000     6.752    u_ctrl/gen_banks[0].mem_reg_0_63_0_2_i_87_n_0
    SLICE_X3Y49          CARRY4 (Prop_carry4_S[0]_O[1])
                                                      0.218     6.970 r  u_ctrl/gen_banks[0].mem_reg_0_63_0_2_i_55/O[1]
                         net (fo=5, routed)           0.562     7.532    u_icon_addr/orig_addrs[9]
    SLICE_X3Y47          LUT6 (Prop_lut6_I0_O)        0.123     7.655 r  u_icon_addr/gen_banks[0].mem_reg_0_63_0_2_i_26/O
                         net (fo=2, routed)           0.282     7.937    u_ctrl/ntt_waddr[3]
    SLICE_X3Y50          LUT4 (Prop_lut4_I0_O)        0.043     7.980 r  u_ctrl/gen_banks[0].mem_reg_0_63_0_2_i_7/O
                         net (fo=34, routed)          0.802     8.781    u_membanks/gen_banks[0].mem_reg_0_63_6_8/ADDRA3
    SLICE_X12Y50         RAMD64E (Prop_ramd64e_RADR3_O)
                                                      0.043     8.824 r  u_membanks/gen_banks[0].mem_reg_0_63_6_8/RAMA/O
                         net (fo=13, routed)          0.526     9.350    u_icon_out/bank_dout[6]
    SLICE_X8Y48          LUT6 (Prop_lut6_I3_O)        0.043     9.393 r  u_icon_out/z1_full_i_5__1_replica/O
                         net (fo=2, routed)           0.814    10.207    u_membanks/gen_bfly_pack[2].cur_l[6]_repN_alias
    SLICE_X19Y49         LUT6 (Prop_lut6_I4_O)        0.043    10.250 r  u_membanks/raw_sum_carry_i_13__4_rewire/O
                         net (fo=1, routed)           0.332    10.582    u_membanks/raw_sum_carry_i_13__4_n_0
    SLICE_X22Y45         LUT6 (Prop_lut6_I5_O)        0.043    10.625 r  u_membanks/raw_sum_carry_i_9__8/O
                         net (fo=52, routed)          0.587    11.213    gen_intt_n2d1[2].u_intt_n2d1/raw_sum_carry__2
    SLICE_X20Y43         LUT2 (Prop_lut2_I1_O)        0.045    11.258 r  gen_intt_n2d1[2].u_intt_n2d1/raw_sum_carry__0_i_3__8/O
                         net (fo=5, routed)           0.257    11.515    gen_intt_n2d1[2].u_intt_n2d1/intt_d1_in_34[4]
    SLICE_X21Y44         LUT3 (Prop_lut3_I0_O)        0.132    11.647 r  gen_intt_n2d1[2].u_intt_n2d1/raw_sum_carry__0_i_7__2/O
                         net (fo=1, routed)           0.000    11.647    gen_r2intt_r4.u_r2intt/add23/raw_sum_carry_i_27__2_1[1]
    SLICE_X21Y44         CARRY4 (Prop_carry4_S[1]_CO[3])
                                                      0.267    11.914 r  gen_r2intt_r4.u_r2intt/add23/raw_sum_carry__0/CO[3]
                         net (fo=1, routed)           0.000    11.914    gen_r2intt_r4.u_r2intt/add23/raw_sum_carry__0_n_0
    SLICE_X21Y45         CARRY4 (Prop_carry4_CI_CO[3])
                                                      0.053    11.967 r  gen_r2intt_r4.u_r2intt/add23/raw_sum_carry__1/CO[3]
                         net (fo=1, routed)           0.000    11.967    gen_r2intt_r4.u_r2intt/add23/raw_sum_carry__1_n_0
    SLICE_X21Y46         CARRY4 (Prop_carry4_CI_CO[3])
                                                      0.053    12.020 r  gen_r2intt_r4.u_r2intt/add23/raw_sum_carry__2/CO[3]
                         net (fo=1, routed)           0.000    12.020    gen_r2intt_r4.u_r2intt/add23/raw_sum_carry__2_n_0
    SLICE_X21Y47         CARRY4 (Prop_carry4_CI_O[0])
                                                      0.111    12.131 r  gen_r2intt_r4.u_r2intt/add23/raw_sum_carry__3/O[0]
                         net (fo=1, routed)           0.331    12.463    gen_r2intt_r4.u_r2intt/add23/raw_sum_carry__3_n_7
    SLICE_X20Y42         LUT2 (Prop_lut2_I1_O)        0.124    12.587 r  gen_r2intt_r4.u_r2intt/add23/raw_sum_carry_i_33__1/O
                         net (fo=1, routed)           0.000    12.587    gen_r2intt_r4.u_r2intt/add23/raw_sum_carry_i_33__1_n_0
    SLICE_X20Y42         CARRY4 (Prop_carry4_S[0]_CO[3])
                                                      0.246    12.833 r  gen_r2intt_r4.u_r2intt/add23/raw_sum_carry_i_28__3/CO[3]
                         net (fo=1, routed)           0.000    12.833    gen_r2intt_r4.u_r2intt/add23/raw_sum_carry_i_28__3_n_0
    SLICE_X20Y43         CARRY4 (Prop_carry4_CI_CO[3])
                                                      0.054    12.887 r  gen_r2intt_r4.u_r2intt/add23/raw_sum_carry_i_27__2/CO[3]
                         net (fo=1, routed)           0.000    12.887    gen_r2intt_r4.u_r2intt/add23/raw_sum_carry_i_27__2_n_0
    SLICE_X20Y44         CARRY4 (Prop_carry4_CI_O[2])
                                                      0.112    12.999 r  gen_r2intt_r4.u_r2intt/add23/raw_sum_carry__0_i_15__0/O[2]
                         net (fo=1, routed)           0.297    13.295    gen_intt_n2d1[3].u_intt_n2d1/out0_carry__1_i_4__9[2]
    SLICE_X22Y41         LUT6 (Prop_lut6_I5_O)        0.127    13.422 r  gen_intt_n2d1[3].u_intt_n2d1/raw_sum_carry__1_i_12/O
                         net (fo=8, routed)           0.523    13.946    gen_intt_n2d1[3].u_intt_n2d1/raw_sum_carry__0_i_15__0_1
    SLICE_X23Y37         LUT4 (Prop_lut4_I1_O)        0.043    13.989 r  gen_intt_n2d1[3].u_intt_n2d1/raw_sum_carry_i_7__2/O
                         net (fo=1, routed)           0.350    14.339    gen_intt_n2d1[3].u_intt_n2d1/raw_sum_carry_i_7__2_n_0
    SLICE_X21Y37         LUT4 (Prop_lut4_I1_O)        0.043    14.382 r  gen_intt_n2d1[3].u_intt_n2d1/raw_sum_carry_i_5__2/O
                         net (fo=77, routed)          0.445    14.827    gen_intt_n2d1[3].u_intt_n2d1/raw_sum_carry_i_9__4_0
    SLICE_X20Y36         LUT3 (Prop_lut3_I2_O)        0.043    14.870 r  gen_intt_n2d1[3].u_intt_n2d1/raw_sum_carry_i_2__3/O
                         net (fo=1, routed)           0.000    14.870    gen_r2intt_r4.u_r2intt/sub02/add_inst/out0_carry_i_6__5_0[2]
    SLICE_X20Y36         CARRY4 (Prop_carry4_S[2]_CO[3])
                                                      0.183    15.053 r  gen_r2intt_r4.u_r2intt/sub02/add_inst/raw_sum_carry/CO[3]
                         net (fo=1, routed)           0.000    15.053    gen_r2intt_r4.u_r2intt/sub02/add_inst/raw_sum_carry_n_0
    SLICE_X20Y37         CARRY4 (Prop_carry4_CI_CO[3])
                                                      0.054    15.107 r  gen_r2intt_r4.u_r2intt/sub02/add_inst/raw_sum_carry__0/CO[3]
                         net (fo=1, routed)           0.000    15.107    gen_r2intt_r4.u_r2intt/sub02/add_inst/raw_sum_carry__0_n_0
    SLICE_X20Y38         CARRY4 (Prop_carry4_CI_CO[3])
                                                      0.054    15.161 r  gen_r2intt_r4.u_r2intt/sub02/add_inst/raw_sum_carry__1/CO[3]
                         net (fo=1, routed)           0.000    15.161    gen_r2intt_r4.u_r2intt/sub02/add_inst/raw_sum_carry__1_n_0
    SLICE_X20Y39         CARRY4 (Prop_carry4_CI_CO[3])
                                                      0.054    15.215 r  gen_r2intt_r4.u_r2intt/sub02/add_inst/raw_sum_carry__2/CO[3]
                         net (fo=1, routed)           0.000    15.215    gen_r2intt_r4.u_r2intt/sub02/add_inst/raw_sum_carry__2_n_0
    SLICE_X20Y40         CARRY4 (Prop_carry4_CI_O[0])
                                                      0.108    15.323 r  gen_r2intt_r4.u_r2intt/sub02/add_inst/raw_sum_carry__3/O[0]
                         net (fo=1, routed)           0.383    15.706    gen_r2intt_r4.u_r2intt/sub02/add_inst/raw_sum_carry__3_n_7
    SLICE_X19Y36         LUT2 (Prop_lut2_I1_O)        0.123    15.829 r  gen_r2intt_r4.u_r2intt/sub02/add_inst/out0_carry_i_8__9/O
                         net (fo=1, routed)           0.000    15.829    gen_r2intt_r4.u_r2intt/sub02/add_inst/out0_carry_i_8__9_n_0
    SLICE_X19Y36         CARRY4 (Prop_carry4_S[0]_CO[3])
                                                      0.259    16.088 r  gen_r2intt_r4.u_r2intt/sub02/add_inst/out0_carry_i_6__5/CO[3]
                         net (fo=1, routed)           0.000    16.088    gen_r2intt_r4.u_r2intt/sub02/add_inst/out0_carry_i_6__5_n_0
    SLICE_X19Y37         CARRY4 (Prop_carry4_CI_CO[3])
                                                      0.053    16.141 r  gen_r2intt_r4.u_r2intt/sub02/add_inst/out0_carry_i_7__5/CO[3]
                         net (fo=1, routed)           0.000    16.141    gen_r2intt_r4.u_r2intt/sub02/add_inst/out0_carry_i_7__5_n_0
    SLICE_X19Y38         CARRY4 (Prop_carry4_CI_CO[3])
                                                      0.053    16.194 r  gen_r2intt_r4.u_r2intt/sub02/add_inst/out0_carry__0_i_5__5/CO[3]
                         net (fo=1, routed)           0.000    16.194    gen_r2intt_r4.u_r2intt/sub02/add_inst/out0_carry__0_i_5__5_n_0
    SLICE_X19Y39         CARRY4 (Prop_carry4_CI_CO[3])
                                                      0.053    16.247 r  gen_r2intt_r4.u_r2intt/sub02/add_inst/out0_carry__1_i_5__5/CO[3]
                         net (fo=1, routed)           0.000    16.247    gen_r2intt_r4.u_r2intt/sub02/add_inst/out0_carry__1_i_5__5_n_0
    SLICE_X19Y40         CARRY4 (Prop_carry4_CI_CO[0])
                                                      0.139    16.386 f  gen_r2intt_r4.u_r2intt/sub02/add_inst/out0_carry__2_i_19__0/CO[0]
                         net (fo=1, routed)           0.373    16.759    gen_r2intt_r4.u_r2intt/sub02/add_inst/out0_carry__2_i_19__0_n_3
    SLICE_X16Y36         LUT3 (Prop_lut3_I0_O)        0.131    16.890 r  gen_r2intt_r4.u_r2intt/sub02/add_inst/out0_carry__2_i_16/O
                         net (fo=2, routed)           0.356    17.246    gen_intt_n2d1[1].u_intt_n2d1/product_i_22__0_0
    SLICE_X18Y34         LUT5 (Prop_lut5_I0_O)        0.043    17.289 r  gen_intt_n2d1[1].u_intt_n2d1/out0_carry__2_i_14__0/O
                         net (fo=2, routed)           0.442    17.731    gen_intt_n2d1[1].u_intt_n2d1/out0_carry__2_i_14__0_n_0
    SLICE_X18Y38         LUT5 (Prop_lut5_I4_O)        0.043    17.774 r  gen_intt_n2d1[1].u_intt_n2d1/out0_carry__2_i_2__8/O
                         net (fo=1, routed)           0.000    17.774    gen_intt_d1n[2].u_id1n/gen_r2intt_r4.r2intt_out2[1]
    SLICE_X18Y38         CARRY4 (Prop_carry4_S[2]_O[3])
                                                      0.172    17.946 r  gen_intt_d1n[2].u_id1n/out0_carry__2/O[3]
                         net (fo=1, routed)           0.366    18.312    gen_intt_n2d1[1].u_intt_n2d1/product_7[3]
    SLICE_X17Y34         LUT6 (Prop_lut6_I0_O)        0.120    18.432 r  gen_intt_n2d1[1].u_intt_n2d1/product_i_1__5/O
                         net (fo=1, routed)           0.439    18.871    gen_modmul_intt[2].u_mm_intt/a[16]
    DSP48_X0Y12          DSP48E1 (Prop_dsp48e1_A[16]_P[20])
                                                      2.737    21.608 f  gen_modmul_intt[2].u_mm_intt/product/P[20]
                         net (fo=3, routed)           0.405    22.013    gen_modmul_intt[2].u_mm_intt/product_n_85
    SLICE_X8Y31          LUT2 (Prop_lut2_I1_O)        0.043    22.056 r  gen_modmul_intt[2].u_mm_intt/gen_banks[0].mem_reg_0_63_3_5_i_136/O
                         net (fo=1, routed)           0.290    22.347    gen_modmul_intt[2].u_mm_intt/gen_banks[0].mem_reg_0_63_3_5_i_136_n_0
    SLICE_X11Y33         CARRY4 (Prop_carry4_DI[1]_CO[3])
                                                      0.250    22.597 r  gen_modmul_intt[2].u_mm_intt/gen_banks[0].mem_reg_0_63_3_5_i_83/CO[3]
                         net (fo=1, routed)           0.000    22.597    gen_modmul_intt[2].u_mm_intt/gen_banks[0].mem_reg_0_63_3_5_i_83_n_0
    SLICE_X11Y34         CARRY4 (Prop_carry4_CI_CO[3])
                                                      0.053    22.650 r  gen_modmul_intt[2].u_mm_intt/gen_banks[0].mem_reg_0_63_6_8_i_79/CO[3]
                         net (fo=1, routed)           0.000    22.650    gen_modmul_intt[2].u_mm_intt/gen_banks[0].mem_reg_0_63_6_8_i_79_n_0
    SLICE_X11Y35         CARRY4 (Prop_carry4_CI_O[0])
                                                      0.111    22.761 r  gen_modmul_intt[2].u_mm_intt/gen_banks[0].mem_reg_0_63_12_14_i_83/O[0]
                         net (fo=4, routed)           0.449    23.210    u_membanks/gen_banks[0].mem_reg_0_63_0_2_i_123_0[0]
    SLICE_X11Y37         LUT4 (Prop_lut4_I2_O)        0.124    23.334 r  u_membanks/gen_banks[0].mem_reg_0_63_0_2_i_235/O
                         net (fo=2, routed)           0.788    24.122    u_membanks/gen_banks[0].mem_reg_0_63_0_2_i_235_n_0
    SLICE_X10Y57         LUT6 (Prop_lut6_I4_O)        0.043    24.165 r  u_membanks/gen_banks[0].mem_reg_0_63_0_2_i_123_replica/O
                         net (fo=8, routed)           0.230    24.395    u_ctrl/reduced1_1_repN_alias
    SLICE_X10Y55         LUT5 (Prop_lut5_I2_O)        0.043    24.438 r  u_ctrl/gen_banks[0].mem_reg_0_63_3_5_i_53/O
                         net (fo=1, routed)           0.359    24.797    u_ctrl/gen_banks[0].mem_reg_0_63_3_5_i_53_n_0
    SLICE_X16Y55         LUT5 (Prop_lut5_I4_O)        0.043    24.840 r  u_ctrl/gen_banks[0].mem_reg_0_63_3_5_i_39/O
                         net (fo=1, routed)           0.349    25.188    gen_ntod1[1].u_nd1/gen_banks[0].mem_reg_0_63_21_23_i_4_0
    SLICE_X17Y55         LUT6 (Prop_lut6_I0_O)        0.043    25.231 r  gen_ntod1[1].u_nd1/gen_banks[0].mem_reg_0_63_3_5_i_20/O
                         net (fo=4, routed)           0.418    25.649    u_icon_in/gen_banks[2].mem_reg_0_63_21_23_i_1
    SLICE_X22Y52         LUT6 (Prop_lut6_I4_O)        0.043    25.692 r  u_icon_in/gen_banks[0].mem_reg_0_63_3_5_i_6/O
                         net (fo=2, routed)           0.289    25.981    u_ctrl/gen_banks[2].mem_reg_0_63_3_5_1
    SLICE_X20Y52         LUT6 (Prop_lut6_I4_O)        0.043    26.024 r  u_ctrl/gen_banks[2].mem_reg_0_63_3_5_i_2/O
                         net (fo=1, routed)           0.437    26.461    u_membanks/gen_banks[2].mem_reg_0_63_3_5/DIB
    SLICE_X14Y50         RAMD64E                                      r  u_membanks/gen_banks[2].mem_reg_0_63_3_5/RAMB/I
  -------------------------------------------------------------------    -------------------

                         (clock clk rise edge)        3.000     3.000 r  
    V20                                               0.000     3.000 r  clk (IN)
                         net (fo=0)                   0.000     3.000    clk
    V20                  IBUF (Prop_ibuf_I_O)         0.676     3.676 r  clk_IBUF_inst/O
                         net (fo=1, routed)           1.834     5.510    clk_IBUF
    BUFGCTRL_X0Y0        BUFG (Prop_bufg_I_O)         0.083     5.593 r  clk_IBUF_BUFG_inst/O
                         net (fo=243, routed)         1.323     6.916    u_membanks/gen_banks[2].mem_reg_0_63_3_5/WCLK
    SLICE_X14Y50         RAMD64E                                      r  u_membanks/gen_banks[2].mem_reg_0_63_3_5/RAMB/CLK
                         clock pessimism              0.216     7.132    
                         clock uncertainty           -0.035     7.096    
    SLICE_X14Y50         RAMD64E (Setup_ramd64e_CLK_I)
                                                     -0.198     6.898    u_membanks/gen_banks[2].mem_reg_0_63_3_5/RAMB
  -------------------------------------------------------------------
                         required time                          6.898    
                         arrival time                         -26.461    
  -------------------------------------------------------------------
                         slack                                -19.563    





Min Delay Paths
--------------------------------------------------------------------------------------
Slack (MET) :             0.158ns  (arrival time - required time)
  Source:                 u_ctrl/delta_idx_reg[6]/C
                            (rising edge-triggered cell FDPE clocked by clk  {rise@0.000ns fall@1.500ns period=3.000ns})
  Destination:            u_ctrl/delta_idx_reg[4]/D
                            (rising edge-triggered cell FDCE clocked by clk  {rise@0.000ns fall@1.500ns period=3.000ns})
  Path Group:             clk
  Path Type:              Hold (Min at Fast Process Corner)
  Requirement:            0.000ns  (clk rise@0.000ns - clk rise@0.000ns)
  Data Path Delay:        0.358ns  (logic 0.128ns (35.750%)  route 0.230ns (64.250%))
  Logic Levels:           1  (LUT6=1)
  Clock Path Skew:        0.140ns (DCD - SCD - CPR)
    Destination Clock Delay (DCD):    2.214ns
    Source Clock Delay      (SCD):    1.727ns
    Clock Pessimism Removal (CPR):    0.347ns

    Location             Delay type                Incr(ns)  Path(ns)    Netlist Resource(s)
  -------------------------------------------------------------------    -------------------
                         (clock clk rise edge)        0.000     0.000 r  
    V20                                               0.000     0.000 r  clk (IN)
                         net (fo=0)                   0.000     0.000    clk
    V20                  IBUF (Prop_ibuf_I_O)         0.093     0.093 r  clk_IBUF_inst/O
                         net (fo=1, routed)           0.891     0.984    clk_IBUF
    BUFGCTRL_X0Y0        BUFG (Prop_bufg_I_O)         0.026     1.010 r  clk_IBUF_BUFG_inst/O
                         net (fo=243, routed)         0.717     1.727    u_ctrl/clk_IBUF_BUFG
    SLICE_X4Y49          FDPE                                         r  u_ctrl/delta_idx_reg[6]/C
  -------------------------------------------------------------------    -------------------
    SLICE_X4Y49          FDPE (Prop_fdpe_C_Q)         0.100     1.827 r  u_ctrl/delta_idx_reg[6]/Q
                         net (fo=30, routed)          0.230     2.057    u_ctrl/delta_idx_reg_n_0_[6]
    SLICE_X5Y51          LUT6 (Prop_lut6_I5_O)        0.028     2.085 r  u_ctrl/delta_idx[4]_i_1/O
                         net (fo=1, routed)           0.000     2.085    u_ctrl/delta_idx[4]
    SLICE_X5Y51          FDCE                                         r  u_ctrl/delta_idx_reg[4]/D
  -------------------------------------------------------------------    -------------------

                         (clock clk rise edge)        0.000     0.000 r  
    V20                                               0.000     0.000 r  clk (IN)
                         net (fo=0)                   0.000     0.000    clk
    V20                  IBUF (Prop_ibuf_I_O)         0.341     0.341 r  clk_IBUF_inst/O
                         net (fo=1, routed)           0.958     1.299    clk_IBUF
    BUFGCTRL_X0Y0        BUFG (Prop_bufg_I_O)         0.030     1.329 r  clk_IBUF_BUFG_inst/O
                         net (fo=243, routed)         0.885     2.214    u_ctrl/clk_IBUF_BUFG
    SLICE_X5Y51          FDCE                                         r  u_ctrl/delta_idx_reg[4]/C
                         clock pessimism             -0.347     1.867    
    SLICE_X5Y51          FDCE (Hold_fdce_C_D)         0.060     1.927    u_ctrl/delta_idx_reg[4]
  -------------------------------------------------------------------
                         required time                         -1.927    
                         arrival time                           2.085    
  -------------------------------------------------------------------
                         slack                                  0.158    

Slack (MET) :             0.162ns  (arrival time - required time)
  Source:                 u_ctrl/load_cnt_reg[1]/C
                            (rising edge-triggered cell FDCE clocked by clk  {rise@0.000ns fall@1.500ns period=3.000ns})
  Destination:            u_ctrl/load_cnt_reg[2]/D
                            (rising edge-triggered cell FDCE clocked by clk  {rise@0.000ns fall@1.500ns period=3.000ns})
  Path Group:             clk
  Path Type:              Hold (Min at Fast Process Corner)
  Requirement:            0.000ns  (clk rise@0.000ns - clk rise@0.000ns)
  Data Path Delay:        0.222ns  (logic 0.157ns (70.878%)  route 0.065ns (29.122%))
  Logic Levels:           1  (LUT6=1)
  Clock Path Skew:        0.000ns (DCD - SCD - CPR)
    Destination Clock Delay (DCD):    2.177ns
    Source Clock Delay      (SCD):    1.640ns
    Clock Pessimism Removal (CPR):    0.537ns

    Location             Delay type                Incr(ns)  Path(ns)    Netlist Resource(s)
  -------------------------------------------------------------------    -------------------
                         (clock clk rise edge)        0.000     0.000 r  
    V20                                               0.000     0.000 r  clk (IN)
                         net (fo=0)                   0.000     0.000    clk
    V20                  IBUF (Prop_ibuf_I_O)         0.093     0.093 r  clk_IBUF_inst/O
                         net (fo=1, routed)           0.891     0.984    clk_IBUF
    BUFGCTRL_X0Y0        BUFG (Prop_bufg_I_O)         0.026     1.010 r  clk_IBUF_BUFG_inst/O
                         net (fo=243, routed)         0.630     1.640    u_ctrl/clk_IBUF_BUFG
    SLICE_X11Y65         FDCE                                         r  u_ctrl/load_cnt_reg[1]/C
  -------------------------------------------------------------------    -------------------
    SLICE_X11Y65         FDCE (Prop_fdce_C_Q)         0.091     1.731 r  u_ctrl/load_cnt_reg[1]/Q
                         net (fo=6, routed)           0.065     1.795    u_ctrl/load_cnt_reg_n_0_[1]
    SLICE_X11Y65         LUT6 (Prop_lut6_I2_O)        0.066     1.861 r  u_ctrl/load_cnt[2]_i_1/O
                         net (fo=1, routed)           0.000     1.861    u_ctrl/load_cnt[2]_i_1_n_0
    SLICE_X11Y65         FDCE                                         r  u_ctrl/load_cnt_reg[2]/D
  -------------------------------------------------------------------    -------------------

                         (clock clk rise edge)        0.000     0.000 r  
    V20                                               0.000     0.000 r  clk (IN)
                         net (fo=0)                   0.000     0.000    clk
    V20                  IBUF (Prop_ibuf_I_O)         0.341     0.341 r  clk_IBUF_inst/O
                         net (fo=1, routed)           0.958     1.299    clk_IBUF
    BUFGCTRL_X0Y0        BUFG (Prop_bufg_I_O)         0.030     1.329 r  clk_IBUF_BUFG_inst/O
                         net (fo=243, routed)         0.848     2.177    u_ctrl/clk_IBUF_BUFG
    SLICE_X11Y65         FDCE                                         r  u_ctrl/load_cnt_reg[2]/C
                         clock pessimism             -0.537     1.640    
    SLICE_X11Y65         FDCE (Hold_fdce_C_D)         0.060     1.700    u_ctrl/load_cnt_reg[2]
  -------------------------------------------------------------------
                         required time                         -1.700    
                         arrival time                           1.861    
  -------------------------------------------------------------------
                         slack                                  0.162    

Slack (MET) :             0.162ns  (arrival time - required time)
  Source:                 u_ctrl/FSM_sequential_state_reg[1]/C
                            (rising edge-triggered cell FDCE clocked by clk  {rise@0.000ns fall@1.500ns period=3.000ns})
  Destination:            u_ctrl/FSM_sequential_state_reg[0]/D
                            (rising edge-triggered cell FDPE clocked by clk  {rise@0.000ns fall@1.500ns period=3.000ns})
  Path Group:             clk
  Path Type:              Hold (Min at Fast Process Corner)
  Requirement:            0.000ns  (clk rise@0.000ns - clk rise@0.000ns)
  Data Path Delay:        0.264ns  (logic 0.128ns (48.474%)  route 0.136ns (51.526%))
  Logic Levels:           1  (LUT6=1)
  Clock Path Skew:        0.015ns (DCD - SCD - CPR)
    Destination Clock Delay (DCD):    2.215ns
    Source Clock Delay      (SCD):    1.675ns
    Clock Pessimism Removal (CPR):    0.525ns

    Location             Delay type                Incr(ns)  Path(ns)    Netlist Resource(s)
  -------------------------------------------------------------------    -------------------
                         (clock clk rise edge)        0.000     0.000 r  
    V20                                               0.000     0.000 r  clk (IN)
                         net (fo=0)                   0.000     0.000    clk
    V20                  IBUF (Prop_ibuf_I_O)         0.093     0.093 r  clk_IBUF_inst/O
                         net (fo=1, routed)           0.891     0.984    clk_IBUF
    BUFGCTRL_X0Y0        BUFG (Prop_bufg_I_O)         0.026     1.010 r  clk_IBUF_BUFG_inst/O
                         net (fo=243, routed)         0.665     1.675    u_ctrl/clk_IBUF_BUFG
    SLICE_X1Y53          FDCE                                         r  u_ctrl/FSM_sequential_state_reg[1]/C
  -------------------------------------------------------------------    -------------------
    SLICE_X1Y53          FDCE (Prop_fdce_C_Q)         0.100     1.775 f  u_ctrl/FSM_sequential_state_reg[1]/Q
                         net (fo=54, routed)          0.136     1.911    u_ctrl/FSM_sequential_state_reg_n_0_[1]
    SLICE_X2Y52          LUT6 (Prop_lut6_I0_O)        0.028     1.939 r  u_ctrl/FSM_sequential_state[0]_i_1/O
                         net (fo=1, routed)           0.000     1.939    u_ctrl/FSM_sequential_state[0]_i_1_n_0
    SLICE_X2Y52          FDPE                                         r  u_ctrl/FSM_sequential_state_reg[0]/D
  -------------------------------------------------------------------    -------------------

                         (clock clk rise edge)        0.000     0.000 r  
    V20                                               0.000     0.000 r  clk (IN)
                         net (fo=0)                   0.000     0.000    clk
    V20                  IBUF (Prop_ibuf_I_O)         0.341     0.341 r  clk_IBUF_inst/O
                         net (fo=1, routed)           0.958     1.299    clk_IBUF
    BUFGCTRL_X0Y0        BUFG (Prop_bufg_I_O)         0.030     1.329 r  clk_IBUF_BUFG_inst/O
                         net (fo=243, routed)         0.886     2.215    u_ctrl/clk_IBUF_BUFG
    SLICE_X2Y52          FDPE                                         r  u_ctrl/FSM_sequential_state_reg[0]/C
                         clock pessimism             -0.525     1.690    
    SLICE_X2Y52          FDPE (Hold_fdpe_C_D)         0.087     1.777    u_ctrl/FSM_sequential_state_reg[0]
  -------------------------------------------------------------------
                         required time                         -1.777    
                         arrival time                           1.939    
  -------------------------------------------------------------------
                         slack                                  0.162    

Slack (MET) :             0.189ns  (arrival time - required time)
  Source:                 u_ctrl/FSM_sequential_state_reg[0]/C
                            (rising edge-triggered cell FDPE clocked by clk  {rise@0.000ns fall@1.500ns period=3.000ns})
  Destination:            u_ctrl/b_limit_reg[3]/D
                            (rising edge-triggered cell FDCE clocked by clk  {rise@0.000ns fall@1.500ns period=3.000ns})
  Path Group:             clk
  Path Type:              Hold (Min at Fast Process Corner)
  Requirement:            0.000ns  (clk rise@0.000ns - clk rise@0.000ns)
  Data Path Delay:        0.511ns  (logic 0.146ns (28.591%)  route 0.365ns (71.409%))
  Logic Levels:           1  (LUT6=1)
  Clock Path Skew:        0.262ns (DCD - SCD - CPR)
    Destination Clock Delay (DCD):    2.285ns
    Source Clock Delay      (SCD):    1.676ns
    Clock Pessimism Removal (CPR):    0.347ns

    Location             Delay type                Incr(ns)  Path(ns)    Netlist Resource(s)
  -------------------------------------------------------------------    -------------------
                         (clock clk rise edge)        0.000     0.000 r  
    V20                                               0.000     0.000 r  clk (IN)
                         net (fo=0)                   0.000     0.000    clk
    V20                  IBUF (Prop_ibuf_I_O)         0.093     0.093 r  clk_IBUF_inst/O
                         net (fo=1, routed)           0.891     0.984    clk_IBUF
    BUFGCTRL_X0Y0        BUFG (Prop_bufg_I_O)         0.026     1.010 r  clk_IBUF_BUFG_inst/O
                         net (fo=243, routed)         0.666     1.676    u_ctrl/clk_IBUF_BUFG
    SLICE_X2Y52          FDPE                                         r  u_ctrl/FSM_sequential_state_reg[0]/C
  -------------------------------------------------------------------    -------------------
    SLICE_X2Y52          FDPE (Prop_fdpe_C_Q)         0.118     1.794 f  u_ctrl/FSM_sequential_state_reg[0]/Q
                         net (fo=80, routed)          0.365     2.159    u_ctrl/state__0[0]
    SLICE_X3Y42          LUT6 (Prop_lut6_I5_O)        0.028     2.187 r  u_ctrl/b_limit[3]_i_1/O
                         net (fo=1, routed)           0.000     2.187    u_ctrl/b_limit[3]
    SLICE_X3Y42          FDCE                                         r  u_ctrl/b_limit_reg[3]/D
  -------------------------------------------------------------------    -------------------

                         (clock clk rise edge)        0.000     0.000 r  
    V20                                               0.000     0.000 r  clk (IN)
                         net (fo=0)                   0.000     0.000    clk
    V20                  IBUF (Prop_ibuf_I_O)         0.341     0.341 r  clk_IBUF_inst/O
                         net (fo=1, routed)           0.958     1.299    clk_IBUF
    BUFGCTRL_X0Y0        BUFG (Prop_bufg_I_O)         0.030     1.329 r  clk_IBUF_BUFG_inst/O
                         net (fo=243, routed)         0.956     2.285    u_ctrl/clk_IBUF_BUFG
    SLICE_X3Y42          FDCE                                         r  u_ctrl/b_limit_reg[3]/C
                         clock pessimism             -0.347     1.938    
    SLICE_X3Y42          FDCE (Hold_fdce_C_D)         0.060     1.998    u_ctrl/b_limit_reg[3]
  -------------------------------------------------------------------
                         required time                         -1.998    
                         arrival time                           2.187    
  -------------------------------------------------------------------
                         slack                                  0.189    

Slack (MET) :             0.189ns  (arrival time - required time)
  Source:                 u_ctrl/b_limit_reg[3]/C
                            (rising edge-triggered cell FDCE clocked by clk  {rise@0.000ns fall@1.500ns period=3.000ns})
  Destination:            u_ctrl/b_limit_reg[1]/D
                            (rising edge-triggered cell FDCE clocked by clk  {rise@0.000ns fall@1.500ns period=3.000ns})
  Path Group:             clk
  Path Type:              Hold (Min at Fast Process Corner)
  Requirement:            0.000ns  (clk rise@0.000ns - clk rise@0.000ns)
  Data Path Delay:        0.249ns  (logic 0.128ns (51.427%)  route 0.121ns (48.573%))
  Logic Levels:           1  (LUT6=1)
  Clock Path Skew:        0.000ns (DCD - SCD - CPR)
    Destination Clock Delay (DCD):    2.285ns
    Source Clock Delay      (SCD):    1.726ns
    Clock Pessimism Removal (CPR):    0.559ns

    Location             Delay type                Incr(ns)  Path(ns)    Netlist Resource(s)
  -------------------------------------------------------------------    -------------------
                         (clock clk rise edge)        0.000     0.000 r  
    V20                                               0.000     0.000 r  clk (IN)
                         net (fo=0)                   0.000     0.000    clk
    V20                  IBUF (Prop_ibuf_I_O)         0.093     0.093 r  clk_IBUF_inst/O
                         net (fo=1, routed)           0.891     0.984    clk_IBUF
    BUFGCTRL_X0Y0        BUFG (Prop_bufg_I_O)         0.026     1.010 r  clk_IBUF_BUFG_inst/O
                         net (fo=243, routed)         0.716     1.726    u_ctrl/clk_IBUF_BUFG
    SLICE_X3Y42          FDCE                                         r  u_ctrl/b_limit_reg[3]/C
  -------------------------------------------------------------------    -------------------
    SLICE_X3Y42          FDCE (Prop_fdce_C_Q)         0.100     1.826 r  u_ctrl/b_limit_reg[3]/Q
                         net (fo=4, routed)           0.121     1.947    u_ctrl/b_limit_reg_n_0_[3]
    SLICE_X3Y42          LUT6 (Prop_lut6_I0_O)        0.028     1.975 r  u_ctrl/b_limit[1]_i_1/O
                         net (fo=1, routed)           0.000     1.975    u_ctrl/b_limit[1]
    SLICE_X3Y42          FDCE                                         r  u_ctrl/b_limit_reg[1]/D
  -------------------------------------------------------------------    -------------------

                         (clock clk rise edge)        0.000     0.000 r  
    V20                                               0.000     0.000 r  clk (IN)
                         net (fo=0)                   0.000     0.000    clk
    V20                  IBUF (Prop_ibuf_I_O)         0.341     0.341 r  clk_IBUF_inst/O
                         net (fo=1, routed)           0.958     1.299    clk_IBUF
    BUFGCTRL_X0Y0        BUFG (Prop_bufg_I_O)         0.030     1.329 r  clk_IBUF_BUFG_inst/O
                         net (fo=243, routed)         0.956     2.285    u_ctrl/clk_IBUF_BUFG
    SLICE_X3Y42          FDCE                                         r  u_ctrl/b_limit_reg[1]/C
                         clock pessimism             -0.559     1.726    
    SLICE_X3Y42          FDCE (Hold_fdce_C_D)         0.060     1.786    u_ctrl/b_limit_reg[1]
  -------------------------------------------------------------------
                         required time                         -1.786    
                         arrival time                           1.975    
  -------------------------------------------------------------------
                         slack                                  0.189    

Slack (MET) :             0.190ns  (arrival time - required time)
  Source:                 u_ctrl/FSM_sequential_state_reg[1]/C
                            (rising edge-triggered cell FDCE clocked by clk  {rise@0.000ns fall@1.500ns period=3.000ns})
  Destination:            u_ctrl/FSM_sequential_state_reg[2]/D
                            (rising edge-triggered cell FDCE clocked by clk  {rise@0.000ns fall@1.500ns period=3.000ns})
  Path Group:             clk
  Path Type:              Hold (Min at Fast Process Corner)
  Requirement:            0.000ns  (clk rise@0.000ns - clk rise@0.000ns)
  Data Path Delay:        0.265ns  (logic 0.129ns (48.689%)  route 0.136ns (51.311%))
  Logic Levels:           1  (LUT4=1)
  Clock Path Skew:        0.000ns (DCD - SCD - CPR)
    Destination Clock Delay (DCD):    2.214ns
    Source Clock Delay      (SCD):    1.675ns
    Clock Pessimism Removal (CPR):    0.539ns

    Location             Delay type                Incr(ns)  Path(ns)    Netlist Resource(s)
  -------------------------------------------------------------------    -------------------
                         (clock clk rise edge)        0.000     0.000 r  
    V20                                               0.000     0.000 r  clk (IN)
                         net (fo=0)                   0.000     0.000    clk
    V20                  IBUF (Prop_ibuf_I_O)         0.093     0.093 r  clk_IBUF_inst/O
                         net (fo=1, routed)           0.891     0.984    clk_IBUF
    BUFGCTRL_X0Y0        BUFG (Prop_bufg_I_O)         0.026     1.010 r  clk_IBUF_BUFG_inst/O
                         net (fo=243, routed)         0.665     1.675    u_ctrl/clk_IBUF_BUFG
    SLICE_X1Y53          FDCE                                         r  u_ctrl/FSM_sequential_state_reg[1]/C
  -------------------------------------------------------------------    -------------------
    SLICE_X1Y53          FDCE (Prop_fdce_C_Q)         0.100     1.775 r  u_ctrl/FSM_sequential_state_reg[1]/Q
                         net (fo=54, routed)          0.136     1.911    u_ctrl/FSM_sequential_state_reg_n_0_[1]
    SLICE_X1Y53          LUT4 (Prop_lut4_I0_O)        0.029     1.940 r  u_ctrl/FSM_sequential_state[2]_i_1/O
                         net (fo=1, routed)           0.000     1.940    u_ctrl/FSM_sequential_state[2]_i_1_n_0
    SLICE_X1Y53          FDCE                                         r  u_ctrl/FSM_sequential_state_reg[2]/D
  -------------------------------------------------------------------    -------------------

                         (clock clk rise edge)        0.000     0.000 r  
    V20                                               0.000     0.000 r  clk (IN)
                         net (fo=0)                   0.000     0.000    clk
    V20                  IBUF (Prop_ibuf_I_O)         0.341     0.341 r  clk_IBUF_inst/O
                         net (fo=1, routed)           0.958     1.299    clk_IBUF
    BUFGCTRL_X0Y0        BUFG (Prop_bufg_I_O)         0.030     1.329 r  clk_IBUF_BUFG_inst/O
                         net (fo=243, routed)         0.885     2.214    u_ctrl/clk_IBUF_BUFG
    SLICE_X1Y53          FDCE                                         r  u_ctrl/FSM_sequential_state_reg[2]/C
                         clock pessimism             -0.539     1.675    
    SLICE_X1Y53          FDCE (Hold_fdce_C_D)         0.075     1.750    u_ctrl/FSM_sequential_state_reg[2]
  -------------------------------------------------------------------
                         required time                         -1.750    
                         arrival time                           1.940    
  -------------------------------------------------------------------
                         slack                                  0.190    

Slack (MET) :             0.191ns  (arrival time - required time)
  Source:                 u_ctrl/FSM_sequential_state_reg[0]/C
                            (rising edge-triggered cell FDPE clocked by clk  {rise@0.000ns fall@1.500ns period=3.000ns})
  Destination:            u_ctrl/stage_cnt_reg[0]/D
                            (rising edge-triggered cell FDCE clocked by clk  {rise@0.000ns fall@1.500ns period=3.000ns})
  Path Group:             clk
  Path Type:              Hold (Min at Fast Process Corner)
  Requirement:            0.000ns  (clk rise@0.000ns - clk rise@0.000ns)
  Data Path Delay:        0.514ns  (logic 0.146ns (28.405%)  route 0.368ns (71.595%))
  Logic Levels:           1  (LUT5=1)
  Clock Path Skew:        0.263ns (DCD - SCD - CPR)
    Destination Clock Delay (DCD):    2.286ns
    Source Clock Delay      (SCD):    1.676ns
    Clock Pessimism Removal (CPR):    0.347ns

    Location             Delay type                Incr(ns)  Path(ns)    Netlist Resource(s)
  -------------------------------------------------------------------    -------------------
                         (clock clk rise edge)        0.000     0.000 r  
    V20                                               0.000     0.000 r  clk (IN)
                         net (fo=0)                   0.000     0.000    clk
    V20                  IBUF (Prop_ibuf_I_O)         0.093     0.093 r  clk_IBUF_inst/O
                         net (fo=1, routed)           0.891     0.984    clk_IBUF
    BUFGCTRL_X0Y0        BUFG (Prop_bufg_I_O)         0.026     1.010 r  clk_IBUF_BUFG_inst/O
                         net (fo=243, routed)         0.666     1.676    u_ctrl/clk_IBUF_BUFG
    SLICE_X2Y52          FDPE                                         r  u_ctrl/FSM_sequential_state_reg[0]/C
  -------------------------------------------------------------------    -------------------
    SLICE_X2Y52          FDPE (Prop_fdpe_C_Q)         0.118     1.794 f  u_ctrl/FSM_sequential_state_reg[0]/Q
                         net (fo=80, routed)          0.368     2.162    u_ctrl/state__0[0]
    SLICE_X3Y44          LUT5 (Prop_lut5_I2_O)        0.028     2.190 r  u_ctrl/stage_cnt[0]_i_1/O
                         net (fo=1, routed)           0.000     2.190    u_ctrl/stage_cnt[0]_i_1_n_0
    SLICE_X3Y44          FDCE                                         r  u_ctrl/stage_cnt_reg[0]/D
  -------------------------------------------------------------------    -------------------

                         (clock clk rise edge)        0.000     0.000 r  
    V20                                               0.000     0.000 r  clk (IN)
                         net (fo=0)                   0.000     0.000    clk
    V20                  IBUF (Prop_ibuf_I_O)         0.341     0.341 r  clk_IBUF_inst/O
                         net (fo=1, routed)           0.958     1.299    clk_IBUF
    BUFGCTRL_X0Y0        BUFG (Prop_bufg_I_O)         0.030     1.329 r  clk_IBUF_BUFG_inst/O
                         net (fo=243, routed)         0.957     2.286    u_ctrl/clk_IBUF_BUFG
    SLICE_X3Y44          FDCE                                         r  u_ctrl/stage_cnt_reg[0]/C
                         clock pessimism             -0.347     1.939    
    SLICE_X3Y44          FDCE (Hold_fdce_C_D)         0.060     1.999    u_ctrl/stage_cnt_reg[0]
  -------------------------------------------------------------------
                         required time                         -1.999    
                         arrival time                           2.190    
  -------------------------------------------------------------------
                         slack                                  0.191    

Slack (MET) :             0.203ns  (arrival time - required time)
  Source:                 u_ctrl/stage_cnt_reg[0]/C
                            (rising edge-triggered cell FDCE clocked by clk  {rise@0.000ns fall@1.500ns period=3.000ns})
  Destination:            u_ctrl/b_limit_reg[0]/D
                            (rising edge-triggered cell FDCE clocked by clk  {rise@0.000ns fall@1.500ns period=3.000ns})
  Path Group:             clk
  Path Type:              Hold (Min at Fast Process Corner)
  Requirement:            0.000ns  (clk rise@0.000ns - clk rise@0.000ns)
  Data Path Delay:        0.295ns  (logic 0.128ns (43.408%)  route 0.167ns (56.592%))
  Logic Levels:           1  (LUT6=1)
  Clock Path Skew:        0.031ns (DCD - SCD - CPR)
    Destination Clock Delay (DCD):    2.285ns
    Source Clock Delay      (SCD):    1.727ns
    Clock Pessimism Removal (CPR):    0.527ns

    Location             Delay type                Incr(ns)  Path(ns)    Netlist Resource(s)
  -------------------------------------------------------------------    -------------------
                         (clock clk rise edge)        0.000     0.000 r  
    V20                                               0.000     0.000 r  clk (IN)
                         net (fo=0)                   0.000     0.000    clk
    V20                  IBUF (Prop_ibuf_I_O)         0.093     0.093 r  clk_IBUF_inst/O
                         net (fo=1, routed)           0.891     0.984    clk_IBUF
    BUFGCTRL_X0Y0        BUFG (Prop_bufg_I_O)         0.026     1.010 r  clk_IBUF_BUFG_inst/O
                         net (fo=243, routed)         0.717     1.727    u_ctrl/clk_IBUF_BUFG
    SLICE_X3Y44          FDCE                                         r  u_ctrl/stage_cnt_reg[0]/C
  -------------------------------------------------------------------    -------------------
    SLICE_X3Y44          FDCE (Prop_fdce_C_Q)         0.100     1.827 f  u_ctrl/stage_cnt_reg[0]/Q
                         net (fo=12, routed)          0.167     1.994    u_ctrl/stage_cnt_reg_n_0_[0]
    SLICE_X4Y43          LUT6 (Prop_lut6_I1_O)        0.028     2.022 r  u_ctrl/b_limit[0]_i_1/O
                         net (fo=1, routed)           0.000     2.022    u_ctrl/b_limit[0]
    SLICE_X4Y43          FDCE                                         r  u_ctrl/b_limit_reg[0]/D
  -------------------------------------------------------------------    -------------------

                         (clock clk rise edge)        0.000     0.000 r  
    V20                                               0.000     0.000 r  clk (IN)
                         net (fo=0)                   0.000     0.000    clk
    V20                  IBUF (Prop_ibuf_I_O)         0.341     0.341 r  clk_IBUF_inst/O
                         net (fo=1, routed)           0.958     1.299    clk_IBUF
    BUFGCTRL_X0Y0        BUFG (Prop_bufg_I_O)         0.030     1.329 r  clk_IBUF_BUFG_inst/O
                         net (fo=243, routed)         0.956     2.285    u_ctrl/clk_IBUF_BUFG
    SLICE_X4Y43          FDCE                                         r  u_ctrl/b_limit_reg[0]/C
                         clock pessimism             -0.527     1.758    
    SLICE_X4Y43          FDCE (Hold_fdce_C_D)         0.061     1.819    u_ctrl/b_limit_reg[0]
  -------------------------------------------------------------------
                         required time                         -1.819    
                         arrival time                           2.022    
  -------------------------------------------------------------------
                         slack                                  0.203    

Slack (MET) :             0.204ns  (arrival time - required time)
  Source:                 u_ctrl/FSM_sequential_state_reg[1]/C
                            (rising edge-triggered cell FDCE clocked by clk  {rise@0.000ns fall@1.500ns period=3.000ns})
  Destination:            u_ctrl/FSM_sequential_state_reg[1]/D
                            (rising edge-triggered cell FDCE clocked by clk  {rise@0.000ns fall@1.500ns period=3.000ns})
  Path Group:             clk
  Path Type:              Hold (Min at Fast Process Corner)
  Requirement:            0.000ns  (clk rise@0.000ns - clk rise@0.000ns)
  Data Path Delay:        0.264ns  (logic 0.128ns (48.495%)  route 0.136ns (51.505%))
  Logic Levels:           1  (LUT5=1)
  Clock Path Skew:        0.000ns (DCD - SCD - CPR)
    Destination Clock Delay (DCD):    2.214ns
    Source Clock Delay      (SCD):    1.675ns
    Clock Pessimism Removal (CPR):    0.539ns

    Location             Delay type                Incr(ns)  Path(ns)    Netlist Resource(s)
  -------------------------------------------------------------------    -------------------
                         (clock clk rise edge)        0.000     0.000 r  
    V20                                               0.000     0.000 r  clk (IN)
                         net (fo=0)                   0.000     0.000    clk
    V20                  IBUF (Prop_ibuf_I_O)         0.093     0.093 r  clk_IBUF_inst/O
                         net (fo=1, routed)           0.891     0.984    clk_IBUF
    BUFGCTRL_X0Y0        BUFG (Prop_bufg_I_O)         0.026     1.010 r  clk_IBUF_BUFG_inst/O
                         net (fo=243, routed)         0.665     1.675    u_ctrl/clk_IBUF_BUFG
    SLICE_X1Y53          FDCE                                         r  u_ctrl/FSM_sequential_state_reg[1]/C
  -------------------------------------------------------------------    -------------------
    SLICE_X1Y53          FDCE (Prop_fdce_C_Q)         0.100     1.775 r  u_ctrl/FSM_sequential_state_reg[1]/Q
                         net (fo=54, routed)          0.136     1.911    u_ctrl/FSM_sequential_state_reg_n_0_[1]
    SLICE_X1Y53          LUT5 (Prop_lut5_I0_O)        0.028     1.939 r  u_ctrl/FSM_sequential_state[1]_i_1/O
                         net (fo=1, routed)           0.000     1.939    u_ctrl/FSM_sequential_state[1]_i_1_n_0
    SLICE_X1Y53          FDCE                                         r  u_ctrl/FSM_sequential_state_reg[1]/D
  -------------------------------------------------------------------    -------------------

                         (clock clk rise edge)        0.000     0.000 r  
    V20                                               0.000     0.000 r  clk (IN)
                         net (fo=0)                   0.000     0.000    clk
    V20                  IBUF (Prop_ibuf_I_O)         0.341     0.341 r  clk_IBUF_inst/O
                         net (fo=1, routed)           0.958     1.299    clk_IBUF
    BUFGCTRL_X0Y0        BUFG (Prop_bufg_I_O)         0.030     1.329 r  clk_IBUF_BUFG_inst/O
                         net (fo=243, routed)         0.885     2.214    u_ctrl/clk_IBUF_BUFG
    SLICE_X1Y53          FDCE                                         r  u_ctrl/FSM_sequential_state_reg[1]/C
                         clock pessimism             -0.539     1.675    
    SLICE_X1Y53          FDCE (Hold_fdce_C_D)         0.060     1.735    u_ctrl/FSM_sequential_state_reg[1]
  -------------------------------------------------------------------
                         required time                         -1.735    
                         arrival time                           1.939    
  -------------------------------------------------------------------
                         slack                                  0.204    

Slack (MET) :             0.204ns  (arrival time - required time)
  Source:                 u_ctrl/ntt_mode_reg/C
                            (rising edge-triggered cell FDPE clocked by clk  {rise@0.000ns fall@1.500ns period=3.000ns})
  Destination:            u_ctrl/ntt_mode_reg/D
                            (rising edge-triggered cell FDPE clocked by clk  {rise@0.000ns fall@1.500ns period=3.000ns})
  Path Group:             clk
  Path Type:              Hold (Min at Fast Process Corner)
  Requirement:            0.000ns  (clk rise@0.000ns - clk rise@0.000ns)
  Data Path Delay:        0.264ns  (logic 0.128ns (48.461%)  route 0.136ns (51.539%))
  Logic Levels:           1  (LUT4=1)
  Clock Path Skew:        0.000ns (DCD - SCD - CPR)
    Destination Clock Delay (DCD):    2.212ns
    Source Clock Delay      (SCD):    1.673ns
    Clock Pessimism Removal (CPR):    0.539ns

    Location             Delay type                Incr(ns)  Path(ns)    Netlist Resource(s)
  -------------------------------------------------------------------    -------------------
                         (clock clk rise edge)        0.000     0.000 r  
    V20                                               0.000     0.000 r  clk (IN)
                         net (fo=0)                   0.000     0.000    clk
    V20                  IBUF (Prop_ibuf_I_O)         0.093     0.093 r  clk_IBUF_inst/O
                         net (fo=1, routed)           0.891     0.984    clk_IBUF
    BUFGCTRL_X0Y0        BUFG (Prop_bufg_I_O)         0.026     1.010 r  clk_IBUF_BUFG_inst/O
                         net (fo=243, routed)         0.663     1.673    u_ctrl/clk_IBUF_BUFG
    SLICE_X7Y57          FDPE                                         r  u_ctrl/ntt_mode_reg/C
  -------------------------------------------------------------------    -------------------
    SLICE_X7Y57          FDPE (Prop_fdpe_C_Q)         0.100     1.773 r  u_ctrl/ntt_mode_reg/Q
                         net (fo=70, routed)          0.136     1.909    u_ctrl/ntt_mode
    SLICE_X7Y57          LUT4 (Prop_lut4_I3_O)        0.028     1.937 r  u_ctrl/ntt_mode_i_1/O
                         net (fo=1, routed)           0.000     1.937    u_ctrl/ntt_mode_i_1_n_0
    SLICE_X7Y57          FDPE                                         r  u_ctrl/ntt_mode_reg/D
  -------------------------------------------------------------------    -------------------

                         (clock clk rise edge)        0.000     0.000 r  
    V20                                               0.000     0.000 r  clk (IN)
                         net (fo=0)                   0.000     0.000    clk
    V20                  IBUF (Prop_ibuf_I_O)         0.341     0.341 r  clk_IBUF_inst/O
                         net (fo=1, routed)           0.958     1.299    clk_IBUF
    BUFGCTRL_X0Y0        BUFG (Prop_bufg_I_O)         0.030     1.329 r  clk_IBUF_BUFG_inst/O
                         net (fo=243, routed)         0.883     2.212    u_ctrl/clk_IBUF_BUFG
    SLICE_X7Y57          FDPE                                         r  u_ctrl/ntt_mode_reg/C
                         clock pessimism             -0.539     1.673    
    SLICE_X7Y57          FDPE (Hold_fdpe_C_D)         0.060     1.733    u_ctrl/ntt_mode_reg
  -------------------------------------------------------------------
                         required time                         -1.733    
                         arrival time                           1.937    
  -------------------------------------------------------------------
                         slack                                  0.204    





Pulse Width Checks
--------------------------------------------------------------------------------------
Clock Name:         clk
Waveform(ns):       { 0.000 1.500 }
Period(ns):         3.000
Sources:            { clk }

Check Type        Corner  Lib Pin      Reference Pin  Required(ns)  Actual(ns)  Slack(ns)  Location       Pin
Min Period        n/a     BUFG/I       n/a            1.408         3.000       1.592      BUFGCTRL_X0Y0  clk_IBUF_BUFG_inst/I
Min Period        n/a     FDCE/C       n/a            0.750         3.000       2.250      SLICE_X0Y52    seq_cnt_reg[3]/C
Min Period        n/a     FDCE/C       n/a            0.750         3.000       2.250      SLICE_X1Y51    seq_cnt_reg[6]/C
Min Period        n/a     FDCE/C       n/a            0.750         3.000       2.250      SLICE_X1Y53    u_ctrl/FSM_sequential_state_reg[2]/C
Min Period        n/a     FDCE/C       n/a            0.750         3.000       2.250      SLICE_X7Y47    u_ctrl/b_cnt_reg[2]/C
Min Period        n/a     FDCE/C       n/a            0.750         3.000       2.250      SLICE_X6Y46    u_ctrl/b_cnt_reg[3]/C
Min Period        n/a     FDCE/C       n/a            0.750         3.000       2.250      SLICE_X4Y45    u_ctrl/g_cnt_reg[3]/C
Min Period        n/a     FDCE/C       n/a            0.750         3.000       2.250      SLICE_X11Y65   u_ctrl/load_cnt_reg[1]/C
Min Period        n/a     FDCE/C       n/a            0.750         3.000       2.250      SLICE_X13Y59   u_ctrl/rd_sel_reg[1]/C
Min Period        n/a     FDCE/C       n/a            0.700         3.000       2.300      SLICE_X8Y59    seq_cnt_reg[0]/C
Low Pulse Width   Slow    RAMD64E/CLK  n/a            0.768         1.500       0.732      SLICE_X10Y49   u_membanks/gen_banks[0].mem_reg_0_63_0_2/RAMA/CLK
Low Pulse Width   Fast    RAMD64E/CLK  n/a            0.768         1.500       0.732      SLICE_X10Y49   u_membanks/gen_banks[0].mem_reg_0_63_0_2/RAMA/CLK
Low Pulse Width   Slow    RAMD64E/CLK  n/a            0.768         1.500       0.732      SLICE_X10Y49   u_membanks/gen_banks[0].mem_reg_0_63_0_2/RAMB/CLK
Low Pulse Width   Fast    RAMD64E/CLK  n/a            0.768         1.500       0.732      SLICE_X10Y49   u_membanks/gen_banks[0].mem_reg_0_63_0_2/RAMB/CLK
Low Pulse Width   Slow    RAMD64E/CLK  n/a            0.768         1.500       0.732      SLICE_X10Y49   u_membanks/gen_banks[0].mem_reg_0_63_0_2/RAMC/CLK
Low Pulse Width   Fast    RAMD64E/CLK  n/a            0.768         1.500       0.732      SLICE_X10Y49   u_membanks/gen_banks[0].mem_reg_0_63_0_2/RAMC/CLK
Low Pulse Width   Slow    RAMD64E/CLK  n/a            0.768         1.500       0.732      SLICE_X10Y49   u_membanks/gen_banks[0].mem_reg_0_63_0_2/RAMD/CLK
Low Pulse Width   Fast    RAMD64E/CLK  n/a            0.768         1.500       0.732      SLICE_X10Y49   u_membanks/gen_banks[0].mem_reg_0_63_0_2/RAMD/CLK
Low Pulse Width   Slow    RAMD64E/CLK  n/a            0.768         1.500       0.732      SLICE_X6Y49    u_membanks/gen_banks[0].mem_reg_0_63_12_14/RAMA/CLK
Low Pulse Width   Fast    RAMD64E/CLK  n/a            0.768         1.500       0.732      SLICE_X6Y49    u_membanks/gen_banks[0].mem_reg_0_63_12_14/RAMA/CLK
High Pulse Width  Slow    RAMD64E/CLK  n/a            0.768         1.500       0.732      SLICE_X10Y49   u_membanks/gen_banks[0].mem_reg_0_63_0_2/RAMA/CLK
High Pulse Width  Fast    RAMD64E/CLK  n/a            0.768         1.500       0.732      SLICE_X10Y49   u_membanks/gen_banks[0].mem_reg_0_63_0_2/RAMA/CLK
High Pulse Width  Slow    RAMD64E/CLK  n/a            0.768         1.500       0.732      SLICE_X10Y49   u_membanks/gen_banks[0].mem_reg_0_63_0_2/RAMB/CLK
High Pulse Width  Fast    RAMD64E/CLK  n/a            0.768         1.500       0.732      SLICE_X10Y49   u_membanks/gen_banks[0].mem_reg_0_63_0_2/RAMB/CLK
High Pulse Width  Slow    RAMD64E/CLK  n/a            0.768         1.500       0.732      SLICE_X10Y49   u_membanks/gen_banks[0].mem_reg_0_63_0_2/RAMC/CLK
High Pulse Width  Fast    RAMD64E/CLK  n/a            0.768         1.500       0.732      SLICE_X10Y49   u_membanks/gen_banks[0].mem_reg_0_63_0_2/RAMC/CLK
High Pulse Width  Slow    RAMD64E/CLK  n/a            0.768         1.500       0.732      SLICE_X10Y49   u_membanks/gen_banks[0].mem_reg_0_63_0_2/RAMD/CLK
High Pulse Width  Fast    RAMD64E/CLK  n/a            0.768         1.500       0.732      SLICE_X10Y49   u_membanks/gen_banks[0].mem_reg_0_63_0_2/RAMD/CLK
High Pulse Width  Slow    RAMD64E/CLK  n/a            0.768         1.500       0.732      SLICE_X6Y49    u_membanks/gen_banks[0].mem_reg_0_63_12_14/RAMA/CLK
High Pulse Width  Fast    RAMD64E/CLK  n/a            0.768         1.500       0.732      SLICE_X6Y49    u_membanks/gen_banks[0].mem_reg_0_63_12_14/RAMA/CLK



