Copyright 1986-2022 Xilinx, Inc. All Rights Reserved.
------------------------------------------------------------------------------------------------------------------------------------------------------------------------------------------------------------
| Tool Version : Vivado v.2022.2 (win64) Build 3671981 Fri Oct 14 05:00:03 MDT 2022
| Date         : Sun May 10 19:22:16 2026
| Host         : LAPTOP-54I1J1D9 running 64-bit major release  (build 9200)
| Command      : report_timing_summary -max_paths 10 -file {D:/Projects/Current projects/RE sem 6 (Mixed-Radix_NTT_Multiplication)/NTT Multiplication Algorithm/synth/results_r16_n256/01_synth_timing.rpt}
| Design       : ntt_top
| Device       : 7k160t-fbg484
| Speed File   : -2  PRODUCTION 1.12 2017-02-17
------------------------------------------------------------------------------------------------------------------------------------------------------------------------------------------------------------

Timing Summary Report

------------------------------------------------------------------------------------------------
| Timer Settings
| --------------
------------------------------------------------------------------------------------------------

  Enable Multi Corner Analysis               :  Yes
  Enable Pessimism Removal                   :  Yes
  Pessimism Removal Resolution               :  Nearest Common Node
  Enable Input Delay Default Clock           :  No
  Enable Preset / Clear Arcs                 :  No
  Disable Flight Delays                      :  No
  Ignore I/O Paths                           :  No
  Timing Early Launch at Borrowing Latches   :  No
  Borrow Time for Max Delay Exceptions       :  Yes
  Merge Timing Exceptions                    :  Yes

  Corner  Analyze    Analyze    
  Name    Max Paths  Min Paths  
  ------  ---------  ---------  
  Slow    Yes        Yes        
  Fast    Yes        Yes        


------------------------------------------------------------------------------------------------
| Report Methodology
| ------------------
------------------------------------------------------------------------------------------------

No report available as report_methodology has not been run prior. Run report_methodology on the current design for the summary of methodology violations.



check_timing report

Table of Contents
-----------------
1. checking no_clock (0)
2. checking constant_clock (0)
3. checking pulse_width_clock (0)
4. checking unconstrained_internal_endpoints (0)
5. checking no_input_delay (36)
6. checking no_output_delay (18)
7. checking multiple_clock (0)
8. checking generated_clocks (0)
9. checking loops (0)
10. checking partial_input_delay (0)
11. checking partial_output_delay (0)
12. checking latch_loops (0)

1. checking no_clock (0)
------------------------
 There are 0 register/latch pins with no clock.


2. checking constant_clock (0)
------------------------------
 There are 0 register/latch pins with constant_clock.


3. checking pulse_width_clock (0)
---------------------------------
 There are 0 register/latch pins which need pulse_width check


4. checking unconstrained_internal_endpoints (0)
------------------------------------------------
 There are 0 pins that are not constrained for maximum delay.

 There are 0 pins that are not constrained for maximum delay due to constant clock.


5. checking no_input_delay (36)
-------------------------------
 There are 36 input ports with no input delay specified. (HIGH)

 There are 0 input ports with no input delay but user has a false path constraint.


6. checking no_output_delay (18)
--------------------------------
 There are 18 ports with no output delay specified. (HIGH)

 There are 0 ports with no output delay but user has a false path constraint

 There are 0 ports with no output delay but with a timing clock defined on it or propagating through it


7. checking multiple_clock (0)
------------------------------
 There are 0 register/latch pins with multiple clocks.


8. checking generated_clocks (0)
--------------------------------
 There are 0 generated clocks that are not connected to a clock source.


9. checking loops (0)
---------------------
 There are 0 combinational loops in the design.


10. checking partial_input_delay (0)
------------------------------------
 There are 0 input ports with partial input delay specified.


11. checking partial_output_delay (0)
-------------------------------------
 There are 0 ports with partial output delay specified.


12. checking latch_loops (0)
----------------------------
 There are 0 combinational latch loops in the design through latch input



------------------------------------------------------------------------------------------------
| Design Timing Summary
| ---------------------
------------------------------------------------------------------------------------------------

    WNS(ns)      TNS(ns)  TNS Failing Endpoints  TNS Total Endpoints      WHS(ns)      THS(ns)  THS Failing Endpoints  THS Total Endpoints     WPWS(ns)     TPWS(ns)  TPWS Failing Endpoints  TPWS Total Endpoints  
    -------      -------  ---------------------  -------------------      -------      -------  ---------------------  -------------------     --------     --------  ----------------------  --------------------  
    -30.721   -22703.936                   3635                 4498        0.065        0.000                      0                 4498        0.732        0.000                       0                   839  


Timing constraints are not met.


------------------------------------------------------------------------------------------------
| Clock Summary
| -------------
------------------------------------------------------------------------------------------------

Clock  Waveform(ns)         Period(ns)      Frequency(MHz)
-----  ------------         ----------      --------------
clk    {0.000 1.500}        3.000           333.333         


------------------------------------------------------------------------------------------------
| Intra Clock Table
| -----------------
------------------------------------------------------------------------------------------------

Clock             WNS(ns)      TNS(ns)  TNS Failing Endpoints  TNS Total Endpoints      WHS(ns)      THS(ns)  THS Failing Endpoints  THS Total Endpoints     WPWS(ns)     TPWS(ns)  TPWS Failing Endpoints  TPWS Total Endpoints  
-----             -------      -------  ---------------------  -------------------      -------      -------  ---------------------  -------------------     --------     --------  ----------------------  --------------------  
clk               -30.721   -22703.936                   3635                 4498        0.065        0.000                      0                 4498        0.732        0.000                       0                   839  


------------------------------------------------------------------------------------------------
| Inter Clock Table
| -----------------
------------------------------------------------------------------------------------------------

From Clock    To Clock          WNS(ns)      TNS(ns)  TNS Failing Endpoints  TNS Total Endpoints      WHS(ns)      THS(ns)  THS Failing Endpoints  THS Total Endpoints  
----------    --------          -------      -------  ---------------------  -------------------      -------      -------  ---------------------  -------------------  


------------------------------------------------------------------------------------------------
| Other Path Groups Table
| -----------------------
------------------------------------------------------------------------------------------------

Path Group    From Clock    To Clock          WNS(ns)      TNS(ns)  TNS Failing Endpoints  TNS Total Endpoints      WHS(ns)      THS(ns)  THS Failing Endpoints  THS Total Endpoints  
----------    ----------    --------          -------      -------  ---------------------  -------------------      -------      -------  ---------------------  -------------------  


------------------------------------------------------------------------------------------------
| Timing Details
| --------------
------------------------------------------------------------------------------------------------


---------------------------------------------------------------------------------------------------
From Clock:  clk
  To Clock:  clk

Setup :         3635  Failing Endpoints,  Worst Slack      -30.721ns,  Total Violation   -22703.936ns
Hold  :            0  Failing Endpoints,  Worst Slack        0.065ns,  Total Violation        0.000ns
PW    :            0  Failing Endpoints,  Worst Slack        0.732ns,  Total Violation        0.000ns
---------------------------------------------------------------------------------------------------


Max Delay Paths
--------------------------------------------------------------------------------------
Slack (VIOLATED) :        -30.721ns  (required time - arrival time)
  Source:                 u_ctrl/b_cnt_reg[1]/C
                            (rising edge-triggered cell FDCE clocked by clk  {rise@0.000ns fall@1.500ns period=3.000ns})
  Destination:            u_membanks/gen_banks[0].mem_reg_0_15_18_23/RAMC_D1/I
                            (rising edge-triggered cell RAMD32 clocked by clk  {rise@0.000ns fall@1.500ns period=3.000ns})
  Path Group:             clk
  Path Type:              Setup (Max at Slow Process Corner)
  Requirement:            3.000ns  (clk rise@3.000ns - clk rise@0.000ns)
  Data Path Delay:        33.314ns  (logic 11.202ns (33.625%)  route 22.112ns (66.375%))
  Logic Levels:           73  (CARRY4=26 DSP48E1=1 LUT2=5 LUT3=4 LUT4=9 LUT5=6 LUT6=20 MUXF7=1 RAMD32=1)
  Clock Path Skew:        -0.145ns (DCD - SCD + CPR)
    Destination Clock Delay (DCD):    1.613ns = ( 4.613 - 3.000 ) 
    Source Clock Delay      (SCD):    1.866ns
    Clock Pessimism Removal (CPR):    0.108ns
  Clock Uncertainty:      0.035ns  ((TSJ^2 + TIJ^2)^1/2 + DJ) / 2 + PE
    Total System Jitter     (TSJ):    0.071ns
    Total Input Jitter      (TIJ):    0.000ns
    Discrete Jitter          (DJ):    0.000ns
    Phase Error              (PE):    0.000ns

    Location             Delay type                Incr(ns)  Path(ns)    Netlist Resource(s)
  -------------------------------------------------------------------    -------------------
                         (clock clk rise edge)        0.000     0.000 r  
                                                      0.000     0.000 r  clk (IN)
                         net (fo=0)                   0.000     0.000    clk
                         IBUF (Prop_ibuf_I_O)         0.723     0.723 r  clk_IBUF_inst/O
                         net (fo=1, unplaced)         0.466     1.189    clk_IBUF
                         BUFG (Prop_bufg_I_O)         0.093     1.282 r  clk_IBUF_BUFG_inst/O
                         net (fo=838, unplaced)       0.584     1.866    u_ctrl/clk_IBUF_BUFG
                         FDCE                                         r  u_ctrl/b_cnt_reg[1]/C
  -------------------------------------------------------------------    -------------------
                         FDCE (Prop_fdce_C_Q)         0.233     2.099 r  u_ctrl/b_cnt_reg[1]/Q
                         net (fo=10, unplaced)        0.310     2.409    u_ctrl/b_cnt_reg_n_0_[1]
                         LUT2 (Prop_lut2_I0_O)        0.133     2.542 r  u_ctrl/z1_full_i_111/O
                         net (fo=1, unplaced)         0.000     2.542    u_ctrl/z1_full_i_111_n_0
                         CARRY4 (Prop_carry4_DI[1]_O[2])
                                                      0.286     2.828 r  u_ctrl/z1_full_i_105/O[2]
                         net (fo=2, unplaced)         0.508     3.336    u_addrgen/z1_full_i_108[1]
                         CARRY4 (Prop_carry4_DI[1]_O[2])
                                                      0.358     3.694 r  u_addrgen/z1_full_i_104/O[2]
                         net (fo=1, unplaced)         0.270     3.964    u_ctrl/O[2]
                         LUT2 (Prop_lut2_I0_O)        0.127     4.091 r  u_ctrl/z1_full_i_106/O
                         net (fo=1, unplaced)         0.000     4.091    u_ctrl/z1_full_i_106_n_0
                         CARRY4 (Prop_carry4_S[3]_O[3])
                                                      0.114     4.205 r  u_ctrl/z1_full_i_103/O[3]
                         net (fo=29, unplaced)        0.563     4.768    u_ctrl/g_cnt_reg[7]_0[7]
                         LUT2 (Prop_lut2_I0_O)        0.120     4.888 r  u_ctrl/gen_banks[15].mem_reg_0_15_0_5_i_318/O
                         net (fo=1, unplaced)         0.000     4.888    u_ctrl/gen_banks[15].mem_reg_0_15_0_5_i_318_n_0
                         CARRY4 (Prop_carry4_S[3]_O[3])
                                                      0.114     5.002 r  u_ctrl/gen_banks[15].mem_reg_0_15_0_5_i_184/O[3]
                         net (fo=4, unplaced)         0.518     5.520    u_ctrl/orig_addrs[47]
                         LUT6 (Prop_lut6_I5_O)        0.120     5.640 r  u_ctrl/gen_banks[13].mem_reg_0_15_0_5_i_58/O
                         net (fo=4, unplaced)         0.383     6.023    u_ctrl/gen_banks[13].mem_reg_0_15_0_5_i_58_n_0
                         LUT6 (Prop_lut6_I1_O)        0.043     6.066 r  u_ctrl/gen_banks[13].mem_reg_0_15_0_5_i_29/O
                         net (fo=2, unplaced)         0.281     6.347    u_ctrl/ntt_waddr[55]
                         LUT4 (Prop_lut4_I3_O)        0.043     6.390 r  u_ctrl/gen_banks[13].mem_reg_0_15_0_5_i_8/O
                         net (fo=36, unplaced)        0.481     6.871    u_membanks/gen_banks[13].mem_reg_0_15_0_5/ADDRB3
                         RAMD32 (Prop_ramd32_RADR3_O)
                                                      0.043     6.914 f  u_membanks/gen_banks[13].mem_reg_0_15_0_5/RAMB_D1/O
                         net (fo=5, unplaced)         0.770     7.684    u_membanks/bank_dout[445]
                         LUT6 (Prop_lut6_I1_O)        0.043     7.727 f  u_membanks/z1_full_i_48__0/O
                         net (fo=4, unplaced)         0.766     8.493    u_membanks/z1_full_i_48__0_n_0
                         LUT6 (Prop_lut6_I0_O)        0.043     8.536 f  u_membanks/z1_full_i_8__14/O
                         net (fo=23, unplaced)        0.470     9.006    u_membanks/g_cnt_reg[2]_9[2]
                         LUT4 (Prop_lut4_I1_O)        0.043     9.049 f  u_membanks/raw_sum_carry_i_21__59/O
                         net (fo=1, unplaced)         0.407     9.456    u_membanks/raw_sum_carry_i_21__59_n_0
                         LUT5 (Prop_lut5_I2_O)        0.043     9.499 f  u_membanks/raw_sum_carry_i_11__96/O
                         net (fo=79, unplaced)        0.836    10.335    gen_intt_n2d1[15].u_intt_n2d1/raw_sum_carry_i_49__4_0
                         LUT5 (Prop_lut5_I3_O)        0.043    10.378 f  gen_intt_n2d1[15].u_intt_n2d1/raw_sum_carry_i_19__30/O
                         net (fo=10, unplaced)        0.450    10.828    gen_intt_n2d1[15].u_intt_n2d1/raw_sum_carry_i_19__30_n_0
                         LUT4 (Prop_lut4_I3_O)        0.043    10.871 r  gen_intt_n2d1[15].u_intt_n2d1/raw_sum_carry_i_10__55/O
                         net (fo=58, unplaced)        0.356    11.227    gen_intt_n2d1[15].u_intt_n2d1/raw_sum_carry_i_19__30_0
                         LUT4 (Prop_lut4_I3_O)        0.043    11.270 r  gen_intt_n2d1[15].u_intt_n2d1/raw_sum_carry_i_7__61/O
                         net (fo=1, unplaced)         0.000    11.270    gen_r2intt_r16.u_r2intt16/gen_s0[7].u_bf/u_sub/add_inst/raw_sum_carry__0_i_24__1_1[1]
                         CARRY4 (Prop_carry4_S[1]_CO[3])
                                                      0.256    11.526 r  gen_r2intt_r16.u_r2intt16/gen_s0[7].u_bf/u_sub/add_inst/raw_sum_carry/CO[3]
                         net (fo=1, unplaced)         0.007    11.533    gen_r2intt_r16.u_r2intt16/gen_s0[7].u_bf/u_sub/add_inst/raw_sum_carry_n_0
                         CARRY4 (Prop_carry4_CI_O[1])
                                                      0.173    11.706 r  gen_r2intt_r16.u_r2intt16/gen_s0[7].u_bf/u_sub/add_inst/raw_sum_carry__0/O[1]
                         net (fo=1, unplaced)         0.386    12.092    gen_r2intt_r16.u_r2intt16/gen_s0[7].u_bf/u_sub/add_inst/raw_sum_carry__0_n_6
                         CARRY4 (Prop_carry4_S[1]_CO[3])
                                                      0.381    12.473 r  gen_r2intt_r16.u_r2intt16/gen_s0[7].u_bf/u_sub/add_inst/raw_sum_carry__1_i_22__6/CO[3]
                         net (fo=1, unplaced)         0.000    12.473    gen_r2intt_r16.u_r2intt16/gen_s0[7].u_bf/u_sub/add_inst/raw_sum_carry__1_i_22__6_n_0
                         CARRY4 (Prop_carry4_CI_O[3])
                                                      0.157    12.630 f  gen_r2intt_r16.u_r2intt16/gen_s0[7].u_bf/u_sub/add_inst/raw_sum_carry_i_37__9/O[3]
                         net (fo=2, unplaced)         0.505    13.135    gen_intt_n2d1[15].u_intt_n2d1/reduced[10]
                         LUT6 (Prop_lut6_I5_O)        0.120    13.255 f  gen_intt_n2d1[15].u_intt_n2d1/raw_sum_carry_i_59__4/O
                         net (fo=1, unplaced)         0.270    13.525    gen_intt_n2d1[15].u_intt_n2d1/raw_sum_carry_i_59__4_n_0
                         LUT6 (Prop_lut6_I2_O)        0.043    13.568 f  gen_intt_n2d1[15].u_intt_n2d1/raw_sum_carry_i_49__4/O
                         net (fo=1, unplaced)         0.742    14.310    gen_intt_n2d1[15].u_intt_n2d1/raw_sum_carry_i_49__4_n_0
                         LUT6 (Prop_lut6_I1_O)        0.043    14.353 f  gen_intt_n2d1[15].u_intt_n2d1/raw_sum_carry_i_46__4/O
                         net (fo=2, unplaced)         0.253    14.606    gen_intt_n2d1[15].u_intt_n2d1/raw_sum_carry_i_46__4_n_0
                         LUT6 (Prop_lut6_I3_O)        0.043    14.649 f  gen_intt_n2d1[15].u_intt_n2d1/raw_sum_carry_i_35__21/O
                         net (fo=1, unplaced)         0.270    14.919    gen_intt_n2d1[15].u_intt_n2d1/raw_sum_carry_i_35__21_n_0
                         LUT6 (Prop_lut6_I5_O)        0.043    14.962 r  gen_intt_n2d1[15].u_intt_n2d1/raw_sum_carry_i_19__47/O
                         net (fo=51, unplaced)        0.353    15.315    gen_intt_n2d1[15].u_intt_n2d1/raw_sum_carry_i_35__21_0
                         LUT4 (Prop_lut4_I0_O)        0.043    15.358 r  gen_intt_n2d1[15].u_intt_n2d1/raw_sum_carry_i_7__106/O
                         net (fo=1, unplaced)         0.000    15.358    gen_r2intt_r16.u_r2intt16/gen_s1_b[3].gen_s1_g[1].u_bf/u_sub/add_inst/raw_sum_carry_i_26__40_0[1]
                         CARRY4 (Prop_carry4_S[1]_CO[3])
                                                      0.256    15.614 r  gen_r2intt_r16.u_r2intt16/gen_s1_b[3].gen_s1_g[1].u_bf/u_sub/add_inst/raw_sum_carry/CO[3]
                         net (fo=1, unplaced)         0.007    15.621    gen_r2intt_r16.u_r2intt16/gen_s1_b[3].gen_s1_g[1].u_bf/u_sub/add_inst/raw_sum_carry_n_0
                         CARRY4 (Prop_carry4_CI_O[1])
                                                      0.173    15.794 r  gen_r2intt_r16.u_r2intt16/gen_s1_b[3].gen_s1_g[1].u_bf/u_sub/add_inst/raw_sum_carry__0/O[1]
                         net (fo=1, unplaced)         0.386    16.180    gen_r2intt_r16.u_r2intt16/gen_s1_b[3].gen_s1_g[1].u_bf/u_sub/add_inst/raw_sum_carry__0_n_6
                         CARRY4 (Prop_carry4_S[1]_CO[3])
                                                      0.381    16.561 r  gen_r2intt_r16.u_r2intt16/gen_s1_b[3].gen_s1_g[1].u_bf/u_sub/add_inst/raw_sum_carry_i_23__43/CO[3]
                         net (fo=1, unplaced)         0.000    16.561    gen_r2intt_r16.u_r2intt16/gen_s1_b[3].gen_s1_g[1].u_bf/u_sub/add_inst/raw_sum_carry_i_23__43_n_0
                         CARRY4 (Prop_carry4_CI_O[3])
                                                      0.157    16.718 r  gen_r2intt_r16.u_r2intt16/gen_s1_b[3].gen_s1_g[1].u_bf/u_sub/add_inst/raw_sum_carry_i_22__39/O[3]
                         net (fo=1, unplaced)         0.494    17.212    gen_intt_n2d1[15].u_intt_n2d1/reduced_6[5]
                         LUT6 (Prop_lut6_I5_O)        0.120    17.332 r  gen_intt_n2d1[15].u_intt_n2d1/raw_sum_carry__0_i_17__10/O
                         net (fo=9, unplaced)         0.400    17.732    gen_intt_n2d1[15].u_intt_n2d1/s1[15]_1[5]
                         LUT4 (Prop_lut4_I0_O)        0.043    17.775 r  gen_intt_n2d1[15].u_intt_n2d1/raw_sum_carry__2_i_18__27/O
                         net (fo=7, unplaced)         0.442    18.217    gen_intt_n2d1[13].u_intt_n2d1/raw_sum_carry_i_7__87_0
                         LUT6 (Prop_lut6_I0_O)        0.043    18.260 r  gen_intt_n2d1[13].u_intt_n2d1/raw_sum_carry__2_i_16__29/O
                         net (fo=6, unplaced)         0.302    18.562    gen_intt_n2d1[15].u_intt_n2d1/raw_sum_carry__2[3]
                         LUT5 (Prop_lut5_I4_O)        0.043    18.605 r  gen_intt_n2d1[15].u_intt_n2d1/raw_sum_carry_i_8__81/O
                         net (fo=1, unplaced)         0.270    18.875    gen_intt_n2d1[15].u_intt_n2d1/raw_sum_carry_i_8__81_n_0
                         LUT5 (Prop_lut5_I3_O)        0.043    18.918 r  gen_intt_n2d1[15].u_intt_n2d1/raw_sum_carry_i_5__108/O
                         net (fo=37, unplaced)        0.345    19.263    gen_intt_n2d1[15].u_intt_n2d1/raw_sum_carry__1_i_16__16_0
                         LUT3 (Prop_lut3_I0_O)        0.043    19.306 r  gen_intt_n2d1[15].u_intt_n2d1/raw_sum_carry_i_3__119/O
                         net (fo=1, unplaced)         0.000    19.306    gen_r2intt_r16.u_r2intt16/gen_s2_b[1].gen_s2_g[3].u_bf/u_sub/add_inst/raw_sum_carry__0_i_14__50_0[1]
                         CARRY4 (Prop_carry4_S[1]_CO[3])
                                                      0.256    19.562 r  gen_r2intt_r16.u_r2intt16/gen_s2_b[1].gen_s2_g[3].u_bf/u_sub/add_inst/raw_sum_carry/CO[3]
                         net (fo=1, unplaced)         0.007    19.569    gen_r2intt_r16.u_r2intt16/gen_s2_b[1].gen_s2_g[3].u_bf/u_sub/add_inst/raw_sum_carry_n_0
                         CARRY4 (Prop_carry4_CI_O[1])
                                                      0.173    19.742 r  gen_r2intt_r16.u_r2intt16/gen_s2_b[1].gen_s2_g[3].u_bf/u_sub/add_inst/raw_sum_carry__0/O[1]
                         net (fo=1, unplaced)         0.386    20.128    gen_r2intt_r16.u_r2intt16/gen_s2_b[1].gen_s2_g[3].u_bf/u_sub/add_inst/raw_sum_carry__0_n_6
                         CARRY4 (Prop_carry4_S[1]_CO[3])
                                                      0.381    20.509 r  gen_r2intt_r16.u_r2intt16/gen_s2_b[1].gen_s2_g[3].u_bf/u_sub/add_inst/raw_sum_carry__1_i_15__22/CO[3]
                         net (fo=1, unplaced)         0.000    20.509    gen_r2intt_r16.u_r2intt16/gen_s2_b[1].gen_s2_g[3].u_bf/u_sub/add_inst/raw_sum_carry__1_i_15__22_n_0
                         CARRY4 (Prop_carry4_CI_O[3])
                                                      0.157    20.666 f  gen_r2intt_r16.u_r2intt16/gen_s2_b[1].gen_s2_g[3].u_bf/u_sub/add_inst/raw_sum_carry_i_25__50/O[3]
                         net (fo=1, unplaced)         0.494    21.160    gen_intt_n2d1[11].u_intt_n2d1/raw_sum_carry_i_23__53_0[2]
                         LUT3 (Prop_lut3_I2_O)        0.124    21.284 f  gen_intt_n2d1[11].u_intt_n2d1/raw_sum_carry_i_31__33/O
                         net (fo=1, unplaced)         0.270    21.554    gen_intt_n2d1[11].u_intt_n2d1/raw_sum_carry_i_31__33_n_0
                         LUT5 (Prop_lut5_I4_O)        0.043    21.597 r  gen_intt_n2d1[11].u_intt_n2d1/raw_sum_carry_i_23__53/O
                         net (fo=8, unplaced)         0.308    21.905    gen_intt_n2d1[15].u_intt_n2d1/raw_sum_carry_i_7__103_0
                         LUT4 (Prop_lut4_I0_O)        0.043    21.948 f  gen_intt_n2d1[15].u_intt_n2d1/raw_sum_carry_i_17__62/O
                         net (fo=12, unplaced)        0.455    22.403    gen_intt_n2d1[15].u_intt_n2d1/raw_sum_carry_i_17__62_n_0
                         LUT5 (Prop_lut5_I1_O)        0.043    22.446 f  gen_intt_n2d1[15].u_intt_n2d1/out0_carry_i_6__33/O
                         net (fo=3, unplaced)         0.760    23.206    gen_intt_n2d1[15].u_intt_n2d1/gen_r2intt_r16.u_r2intt16/s2[15][1]
                         LUT6 (Prop_lut6_I1_O)        0.043    23.249 r  gen_intt_n2d1[15].u_intt_n2d1/raw_sum_carry_i_6__103/O
                         net (fo=63, unplaced)        0.358    23.607    gen_intt_n2d1[15].u_intt_n2d1/raw_sum_carry_i_15__81_0
                         LUT3 (Prop_lut3_I1_O)        0.043    23.650 r  gen_intt_n2d1[15].u_intt_n2d1/raw_sum_carry_i_4__108/O
                         net (fo=1, unplaced)         0.000    23.650    gen_r2intt_r16.u_r2intt16/gen_s3[7].u_bf/u_sub/add_inst/out0_carry_i_7__46_0[0]
                         CARRY4 (Prop_carry4_S[0]_CO[3])
                                                      0.246    23.896 r  gen_r2intt_r16.u_r2intt16/gen_s3[7].u_bf/u_sub/add_inst/raw_sum_carry/CO[3]
                         net (fo=1, unplaced)         0.007    23.903    gen_r2intt_r16.u_r2intt16/gen_s3[7].u_bf/u_sub/add_inst/raw_sum_carry_n_0
                         CARRY4 (Prop_carry4_CI_CO[3])
                                                      0.054    23.957 r  gen_r2intt_r16.u_r2intt16/gen_s3[7].u_bf/u_sub/add_inst/raw_sum_carry__0/CO[3]
                         net (fo=1, unplaced)         0.000    23.957    gen_r2intt_r16.u_r2intt16/gen_s3[7].u_bf/u_sub/add_inst/raw_sum_carry__0_n_0
                         CARRY4 (Prop_carry4_CI_CO[3])
                                                      0.054    24.011 r  gen_r2intt_r16.u_r2intt16/gen_s3[7].u_bf/u_sub/add_inst/raw_sum_carry__1/CO[3]
                         net (fo=1, unplaced)         0.000    24.011    gen_r2intt_r16.u_r2intt16/gen_s3[7].u_bf/u_sub/add_inst/raw_sum_carry__1_n_0
                         CARRY4 (Prop_carry4_CI_CO[3])
                                                      0.054    24.065 r  gen_r2intt_r16.u_r2intt16/gen_s3[7].u_bf/u_sub/add_inst/raw_sum_carry__2/CO[3]
                         net (fo=1, unplaced)         0.000    24.065    gen_r2intt_r16.u_r2intt16/gen_s3[7].u_bf/u_sub/add_inst/raw_sum_carry__2_n_0
                         CARRY4 (Prop_carry4_CI_O[0])
                                                      0.114    24.179 r  gen_r2intt_r16.u_r2intt16/gen_s3[7].u_bf/u_sub/add_inst/raw_sum_carry__3/O[0]
                         net (fo=1, unplaced)         0.191    24.370    gen_r2intt_r16.u_r2intt16/gen_s3[7].u_bf/u_sub/add_inst/raw_sum_carry__3_n_7
                         LUT2 (Prop_lut2_I1_O)        0.123    24.493 r  gen_r2intt_r16.u_r2intt16/gen_s3[7].u_bf/u_sub/add_inst/out0_carry_i_9__34/O
                         net (fo=1, unplaced)         0.000    24.493    gen_r2intt_r16.u_r2intt16/gen_s3[7].u_bf/u_sub/add_inst/out0_carry_i_9__34_n_0
                         CARRY4 (Prop_carry4_S[0]_CO[3])
                                                      0.246    24.739 r  gen_r2intt_r16.u_r2intt16/gen_s3[7].u_bf/u_sub/add_inst/out0_carry_i_7__46/CO[3]
                         net (fo=1, unplaced)         0.007    24.746    gen_r2intt_r16.u_r2intt16/gen_s3[7].u_bf/u_sub/add_inst/out0_carry_i_7__46_n_0
                         CARRY4 (Prop_carry4_CI_O[3])
                                                      0.157    24.903 r  gen_r2intt_r16.u_r2intt16/gen_s3[7].u_bf/u_sub/add_inst/out0_carry_i_8__42/O[3]
                         net (fo=2, unplaced)         0.505    25.408    gen_intt_n2d1[15].u_intt_n2d1/out0_carry__0_5[3]
                         LUT6 (Prop_lut6_I5_O)        0.120    25.528 r  gen_intt_n2d1[15].u_intt_n2d1/product_i_31__28/O
                         net (fo=2, unplaced)         0.253    25.781    gen_intt_n2d1[15].u_intt_n2d1/intt_d1_out[261]
                         LUT4 (Prop_lut4_I0_O)        0.043    25.824 r  gen_intt_n2d1[15].u_intt_n2d1/out0_carry__2_i_7__29/O
                         net (fo=4, unplaced)         0.766    26.590    gen_intt_n2d1[15].u_intt_n2d1/out0_carry__2_i_7__29_n_0
                         LUT6 (Prop_lut6_I3_O)        0.043    26.633 r  gen_intt_n2d1[15].u_intt_n2d1/out0_carry__2_i_2__45/O
                         net (fo=1, unplaced)         0.000    26.633    gen_intt_d1n[15].u_id1n/intt_d1_out[2]
                         CARRY4 (Prop_carry4_S[2]_O[3])
                                                      0.172    26.805 r  gen_intt_d1n[15].u_id1n/out0_carry__2/O[3]
                         net (fo=1, unplaced)         0.494    27.299    gen_intt_n2d1[15].u_intt_n2d1/data0__1[15]
                         LUT6 (Prop_lut6_I0_O)        0.120    27.419 r  gen_intt_n2d1[15].u_intt_n2d1/product_i_1__29/O
                         net (fo=1, unplaced)         0.466    27.885    gen_modmul_intt[15].u_mm_intt/product_0[16]
                         DSP48E1 (Prop_dsp48e1_A[16]_P[1])
                                                      2.737    30.622 r  gen_modmul_intt[15].u_mm_intt/product/P[1]
                         net (fo=1, unplaced)         0.466    31.087    gen_modmul_intt[15].u_mm_intt/product_n_104
                         LUT2 (Prop_lut2_I1_O)        0.043    31.130 r  gen_modmul_intt[15].u_mm_intt/t_carry_i_5__30/O
                         net (fo=1, unplaced)         0.000    31.130    gen_modmul_intt[15].u_mm_intt/t_carry_i_5__30_n_0
                         CARRY4 (Prop_carry4_S[1]_CO[3])
                                                      0.256    31.386 r  gen_modmul_intt[15].u_mm_intt/t_carry/CO[3]
                         net (fo=1, unplaced)         0.007    31.393    gen_modmul_intt[15].u_mm_intt/t_carry_n_0
                         CARRY4 (Prop_carry4_CI_O[1])
                                                      0.173    31.566 r  gen_modmul_intt[15].u_mm_intt/t_carry__0/O[1]
                         net (fo=4, unplaced)         0.350    31.916    gen_modmul_intt[15].u_mm_intt/t_carry__0_n_6
                         LUT4 (Prop_lut4_I1_O)        0.125    32.041 r  gen_modmul_intt[15].u_mm_intt/gen_banks[15].mem_reg_0_15_0_5_i_1466/O
                         net (fo=1, unplaced)         0.742    32.783    gen_modmul_intt[15].u_mm_intt/gen_banks[15].mem_reg_0_15_0_5_i_1466_n_0
                         LUT6 (Prop_lut6_I1_O)        0.043    32.826 r  gen_modmul_intt[15].u_mm_intt/gen_banks[15].mem_reg_0_15_0_5_i_983/O
                         net (fo=17, unplaced)        0.326    33.152    gen_modmul_intt[15].u_mm_intt/reduced1__0
                         LUT3 (Prop_lut3_I1_O)        0.047    33.199 r  gen_modmul_intt[15].u_mm_intt/gen_banks[15].mem_reg_0_15_6_11_i_269/O
                         net (fo=1, unplaced)         0.359    33.558    u_ctrl/mm_intt_out[101]
                         LUT6 (Prop_lut6_I5_O)        0.043    33.601 r  u_ctrl/gen_banks[15].mem_reg_0_15_6_11_i_171/O
                         net (fo=2, unplaced)         0.418    34.019    u_ctrl/gen_banks[15].mem_reg_0_15_6_11_i_171_n_0
                         LUT6 (Prop_lut6_I3_O)        0.043    34.062 r  u_ctrl/gen_banks[15].mem_reg_0_15_18_23_i_123/O
                         net (fo=4, unplaced)         0.431    34.493    u_ctrl/bfly_data_pre[533]
                         LUT6 (Prop_lut6_I3_O)        0.043    34.536 r  u_ctrl/gen_banks[12].mem_reg_0_15_18_23_i_35/O
                         net (fo=4, unplaced)         0.294    34.830    u_ctrl/gen_banks[12].mem_reg_0_15_18_23_i_35_n_0
                         LUT6 (Prop_lut6_I5_O)        0.043    34.873 r  u_ctrl/gen_banks[0].mem_reg_0_15_18_23_i_15/O
                         net (fo=1, unplaced)         0.000    34.873    u_ctrl/bfly_data_routed[23]
                         MUXF7 (Prop_muxf7_I0_O)      0.115    34.988 r  u_ctrl/gen_banks[0].mem_reg_0_15_18_23_i_5/O
                         net (fo=1, unplaced)         0.192    35.180    u_membanks/gen_banks[0].mem_reg_0_15_18_23/DIC1
                         RAMD32                                       r  u_membanks/gen_banks[0].mem_reg_0_15_18_23/RAMC_D1/I
  -------------------------------------------------------------------    -------------------

                         (clock clk rise edge)        3.000     3.000 r  
                                                      0.000     3.000 r  clk (IN)
                         net (fo=0)                   0.000     3.000    clk
                         IBUF (Prop_ibuf_I_O)         0.649     3.649 r  clk_IBUF_inst/O
                         net (fo=1, unplaced)         0.442     4.091    clk_IBUF
                         BUFG (Prop_bufg_I_O)         0.083     4.174 r  clk_IBUF_BUFG_inst/O
                         net (fo=838, unplaced)       0.439     4.613    u_membanks/gen_banks[0].mem_reg_0_15_18_23/WCLK
                         RAMD32                                       r  u_membanks/gen_banks[0].mem_reg_0_15_18_23/RAMC_D1/CLK
                         clock pessimism              0.108     4.721    
                         clock uncertainty           -0.035     4.686    
                         RAMD32 (Setup_ramd32_CLK_I)
                                                     -0.226     4.460    u_membanks/gen_banks[0].mem_reg_0_15_18_23/RAMC_D1
  -------------------------------------------------------------------
                         required time                          4.460    
                         arrival time                         -35.180    
  -------------------------------------------------------------------
                         slack                                -30.721    

Slack (VIOLATED) :        -30.721ns  (required time - arrival time)
  Source:                 u_ctrl/b_cnt_reg[1]/C
                            (rising edge-triggered cell FDCE clocked by clk  {rise@0.000ns fall@1.500ns period=3.000ns})
  Destination:            u_membanks/gen_banks[0].mem_reg_0_15_6_11/RAMC_D1/I
                            (rising edge-triggered cell RAMD32 clocked by clk  {rise@0.000ns fall@1.500ns period=3.000ns})
  Path Group:             clk
  Path Type:              Setup (Max at Slow Process Corner)
  Requirement:            3.000ns  (clk rise@3.000ns - clk rise@0.000ns)
  Data Path Delay:        33.314ns  (logic 11.202ns (33.625%)  route 22.112ns (66.375%))
  Logic Levels:           73  (CARRY4=26 DSP48E1=1 LUT2=5 LUT3=4 LUT4=9 LUT5=6 LUT6=20 MUXF7=1 RAMD32=1)
  Clock Path Skew:        -0.145ns (DCD - SCD + CPR)
    Destination Clock Delay (DCD):    1.613ns = ( 4.613 - 3.000 ) 
    Source Clock Delay      (SCD):    1.866ns
    Clock Pessimism Removal (CPR):    0.108ns
  Clock Uncertainty:      0.035ns  ((TSJ^2 + TIJ^2)^1/2 + DJ) / 2 + PE
    Total System Jitter     (TSJ):    0.071ns
    Total Input Jitter      (TIJ):    0.000ns
    Discrete Jitter          (DJ):    0.000ns
    Phase Error              (PE):    0.000ns

    Location             Delay type                Incr(ns)  Path(ns)    Netlist Resource(s)
  -------------------------------------------------------------------    -------------------
                         (clock clk rise edge)        0.000     0.000 r  
                                                      0.000     0.000 r  clk (IN)
                         net (fo=0)                   0.000     0.000    clk
                         IBUF (Prop_ibuf_I_O)         0.723     0.723 r  clk_IBUF_inst/O
                         net (fo=1, unplaced)         0.466     1.189    clk_IBUF
                         BUFG (Prop_bufg_I_O)         0.093     1.282 r  clk_IBUF_BUFG_inst/O
                         net (fo=838, unplaced)       0.584     1.866    u_ctrl/clk_IBUF_BUFG
                         FDCE                                         r  u_ctrl/b_cnt_reg[1]/C
  -------------------------------------------------------------------    -------------------
                         FDCE (Prop_fdce_C_Q)         0.233     2.099 r  u_ctrl/b_cnt_reg[1]/Q
                         net (fo=10, unplaced)        0.310     2.409    u_ctrl/b_cnt_reg_n_0_[1]
                         LUT2 (Prop_lut2_I0_O)        0.133     2.542 r  u_ctrl/z1_full_i_111/O
                         net (fo=1, unplaced)         0.000     2.542    u_ctrl/z1_full_i_111_n_0
                         CARRY4 (Prop_carry4_DI[1]_O[2])
                                                      0.286     2.828 r  u_ctrl/z1_full_i_105/O[2]
                         net (fo=2, unplaced)         0.508     3.336    u_addrgen/z1_full_i_108[1]
                         CARRY4 (Prop_carry4_DI[1]_O[2])
                                                      0.358     3.694 r  u_addrgen/z1_full_i_104/O[2]
                         net (fo=1, unplaced)         0.270     3.964    u_ctrl/O[2]
                         LUT2 (Prop_lut2_I0_O)        0.127     4.091 r  u_ctrl/z1_full_i_106/O
                         net (fo=1, unplaced)         0.000     4.091    u_ctrl/z1_full_i_106_n_0
                         CARRY4 (Prop_carry4_S[3]_O[3])
                                                      0.114     4.205 r  u_ctrl/z1_full_i_103/O[3]
                         net (fo=29, unplaced)        0.563     4.768    u_ctrl/g_cnt_reg[7]_0[7]
                         LUT2 (Prop_lut2_I0_O)        0.120     4.888 r  u_ctrl/gen_banks[15].mem_reg_0_15_0_5_i_318/O
                         net (fo=1, unplaced)         0.000     4.888    u_ctrl/gen_banks[15].mem_reg_0_15_0_5_i_318_n_0
                         CARRY4 (Prop_carry4_S[3]_O[3])
                                                      0.114     5.002 r  u_ctrl/gen_banks[15].mem_reg_0_15_0_5_i_184/O[3]
                         net (fo=4, unplaced)         0.518     5.520    u_ctrl/orig_addrs[47]
                         LUT6 (Prop_lut6_I5_O)        0.120     5.640 r  u_ctrl/gen_banks[13].mem_reg_0_15_0_5_i_58/O
                         net (fo=4, unplaced)         0.383     6.023    u_ctrl/gen_banks[13].mem_reg_0_15_0_5_i_58_n_0
                         LUT6 (Prop_lut6_I1_O)        0.043     6.066 r  u_ctrl/gen_banks[13].mem_reg_0_15_0_5_i_29/O
                         net (fo=2, unplaced)         0.281     6.347    u_ctrl/ntt_waddr[55]
                         LUT4 (Prop_lut4_I3_O)        0.043     6.390 r  u_ctrl/gen_banks[13].mem_reg_0_15_0_5_i_8/O
                         net (fo=36, unplaced)        0.481     6.871    u_membanks/gen_banks[13].mem_reg_0_15_0_5/ADDRB3
                         RAMD32 (Prop_ramd32_RADR3_O)
                                                      0.043     6.914 f  u_membanks/gen_banks[13].mem_reg_0_15_0_5/RAMB_D1/O
                         net (fo=5, unplaced)         0.770     7.684    u_membanks/bank_dout[445]
                         LUT6 (Prop_lut6_I1_O)        0.043     7.727 f  u_membanks/z1_full_i_48__0/O
                         net (fo=4, unplaced)         0.766     8.493    u_membanks/z1_full_i_48__0_n_0
                         LUT6 (Prop_lut6_I0_O)        0.043     8.536 f  u_membanks/z1_full_i_8__14/O
                         net (fo=23, unplaced)        0.470     9.006    u_membanks/g_cnt_reg[2]_9[2]
                         LUT4 (Prop_lut4_I1_O)        0.043     9.049 f  u_membanks/raw_sum_carry_i_21__59/O
                         net (fo=1, unplaced)         0.407     9.456    u_membanks/raw_sum_carry_i_21__59_n_0
                         LUT5 (Prop_lut5_I2_O)        0.043     9.499 f  u_membanks/raw_sum_carry_i_11__96/O
                         net (fo=79, unplaced)        0.836    10.335    gen_intt_n2d1[15].u_intt_n2d1/raw_sum_carry_i_49__4_0
                         LUT5 (Prop_lut5_I3_O)        0.043    10.378 f  gen_intt_n2d1[15].u_intt_n2d1/raw_sum_carry_i_19__30/O
                         net (fo=10, unplaced)        0.450    10.828    gen_intt_n2d1[15].u_intt_n2d1/raw_sum_carry_i_19__30_n_0
                         LUT4 (Prop_lut4_I3_O)        0.043    10.871 r  gen_intt_n2d1[15].u_intt_n2d1/raw_sum_carry_i_10__55/O
                         net (fo=58, unplaced)        0.356    11.227    gen_intt_n2d1[15].u_intt_n2d1/raw_sum_carry_i_19__30_0
                         LUT4 (Prop_lut4_I3_O)        0.043    11.270 r  gen_intt_n2d1[15].u_intt_n2d1/raw_sum_carry_i_7__61/O
                         net (fo=1, unplaced)         0.000    11.270    gen_r2intt_r16.u_r2intt16/gen_s0[7].u_bf/u_sub/add_inst/raw_sum_carry__0_i_24__1_1[1]
                         CARRY4 (Prop_carry4_S[1]_CO[3])
                                                      0.256    11.526 r  gen_r2intt_r16.u_r2intt16/gen_s0[7].u_bf/u_sub/add_inst/raw_sum_carry/CO[3]
                         net (fo=1, unplaced)         0.007    11.533    gen_r2intt_r16.u_r2intt16/gen_s0[7].u_bf/u_sub/add_inst/raw_sum_carry_n_0
                         CARRY4 (Prop_carry4_CI_O[1])
                                                      0.173    11.706 r  gen_r2intt_r16.u_r2intt16/gen_s0[7].u_bf/u_sub/add_inst/raw_sum_carry__0/O[1]
                         net (fo=1, unplaced)         0.386    12.092    gen_r2intt_r16.u_r2intt16/gen_s0[7].u_bf/u_sub/add_inst/raw_sum_carry__0_n_6
                         CARRY4 (Prop_carry4_S[1]_CO[3])
                                                      0.381    12.473 r  gen_r2intt_r16.u_r2intt16/gen_s0[7].u_bf/u_sub/add_inst/raw_sum_carry__1_i_22__6/CO[3]
                         net (fo=1, unplaced)         0.000    12.473    gen_r2intt_r16.u_r2intt16/gen_s0[7].u_bf/u_sub/add_inst/raw_sum_carry__1_i_22__6_n_0
                         CARRY4 (Prop_carry4_CI_O[3])
                                                      0.157    12.630 f  gen_r2intt_r16.u_r2intt16/gen_s0[7].u_bf/u_sub/add_inst/raw_sum_carry_i_37__9/O[3]
                         net (fo=2, unplaced)         0.505    13.135    gen_intt_n2d1[15].u_intt_n2d1/reduced[10]
                         LUT6 (Prop_lut6_I5_O)        0.120    13.255 f  gen_intt_n2d1[15].u_intt_n2d1/raw_sum_carry_i_59__4/O
                         net (fo=1, unplaced)         0.270    13.525    gen_intt_n2d1[15].u_intt_n2d1/raw_sum_carry_i_59__4_n_0
                         LUT6 (Prop_lut6_I2_O)        0.043    13.568 f  gen_intt_n2d1[15].u_intt_n2d1/raw_sum_carry_i_49__4/O
                         net (fo=1, unplaced)         0.742    14.310    gen_intt_n2d1[15].u_intt_n2d1/raw_sum_carry_i_49__4_n_0
                         LUT6 (Prop_lut6_I1_O)        0.043    14.353 f  gen_intt_n2d1[15].u_intt_n2d1/raw_sum_carry_i_46__4/O
                         net (fo=2, unplaced)         0.253    14.606    gen_intt_n2d1[15].u_intt_n2d1/raw_sum_carry_i_46__4_n_0
                         LUT6 (Prop_lut6_I3_O)        0.043    14.649 f  gen_intt_n2d1[15].u_intt_n2d1/raw_sum_carry_i_35__21/O
                         net (fo=1, unplaced)         0.270    14.919    gen_intt_n2d1[15].u_intt_n2d1/raw_sum_carry_i_35__21_n_0
                         LUT6 (Prop_lut6_I5_O)        0.043    14.962 r  gen_intt_n2d1[15].u_intt_n2d1/raw_sum_carry_i_19__47/O
                         net (fo=51, unplaced)        0.353    15.315    gen_intt_n2d1[15].u_intt_n2d1/raw_sum_carry_i_35__21_0
                         LUT4 (Prop_lut4_I0_O)        0.043    15.358 r  gen_intt_n2d1[15].u_intt_n2d1/raw_sum_carry_i_7__106/O
                         net (fo=1, unplaced)         0.000    15.358    gen_r2intt_r16.u_r2intt16/gen_s1_b[3].gen_s1_g[1].u_bf/u_sub/add_inst/raw_sum_carry_i_26__40_0[1]
                         CARRY4 (Prop_carry4_S[1]_CO[3])
                                                      0.256    15.614 r  gen_r2intt_r16.u_r2intt16/gen_s1_b[3].gen_s1_g[1].u_bf/u_sub/add_inst/raw_sum_carry/CO[3]
                         net (fo=1, unplaced)         0.007    15.621    gen_r2intt_r16.u_r2intt16/gen_s1_b[3].gen_s1_g[1].u_bf/u_sub/add_inst/raw_sum_carry_n_0
                         CARRY4 (Prop_carry4_CI_O[1])
                                                      0.173    15.794 r  gen_r2intt_r16.u_r2intt16/gen_s1_b[3].gen_s1_g[1].u_bf/u_sub/add_inst/raw_sum_carry__0/O[1]
                         net (fo=1, unplaced)         0.386    16.180    gen_r2intt_r16.u_r2intt16/gen_s1_b[3].gen_s1_g[1].u_bf/u_sub/add_inst/raw_sum_carry__0_n_6
                         CARRY4 (Prop_carry4_S[1]_CO[3])
                                                      0.381    16.561 r  gen_r2intt_r16.u_r2intt16/gen_s1_b[3].gen_s1_g[1].u_bf/u_sub/add_inst/raw_sum_carry_i_23__43/CO[3]
                         net (fo=1, unplaced)         0.000    16.561    gen_r2intt_r16.u_r2intt16/gen_s1_b[3].gen_s1_g[1].u_bf/u_sub/add_inst/raw_sum_carry_i_23__43_n_0
                         CARRY4 (Prop_carry4_CI_O[3])
                                                      0.157    16.718 r  gen_r2intt_r16.u_r2intt16/gen_s1_b[3].gen_s1_g[1].u_bf/u_sub/add_inst/raw_sum_carry_i_22__39/O[3]
                         net (fo=1, unplaced)         0.494    17.212    gen_intt_n2d1[15].u_intt_n2d1/reduced_6[5]
                         LUT6 (Prop_lut6_I5_O)        0.120    17.332 r  gen_intt_n2d1[15].u_intt_n2d1/raw_sum_carry__0_i_17__10/O
                         net (fo=9, unplaced)         0.400    17.732    gen_intt_n2d1[15].u_intt_n2d1/s1[15]_1[5]
                         LUT4 (Prop_lut4_I0_O)        0.043    17.775 r  gen_intt_n2d1[15].u_intt_n2d1/raw_sum_carry__2_i_18__27/O
                         net (fo=7, unplaced)         0.442    18.217    gen_intt_n2d1[13].u_intt_n2d1/raw_sum_carry_i_7__87_0
                         LUT6 (Prop_lut6_I0_O)        0.043    18.260 r  gen_intt_n2d1[13].u_intt_n2d1/raw_sum_carry__2_i_16__29/O
                         net (fo=6, unplaced)         0.302    18.562    gen_intt_n2d1[15].u_intt_n2d1/raw_sum_carry__2[3]
                         LUT5 (Prop_lut5_I4_O)        0.043    18.605 r  gen_intt_n2d1[15].u_intt_n2d1/raw_sum_carry_i_8__81/O
                         net (fo=1, unplaced)         0.270    18.875    gen_intt_n2d1[15].u_intt_n2d1/raw_sum_carry_i_8__81_n_0
                         LUT5 (Prop_lut5_I3_O)        0.043    18.918 r  gen_intt_n2d1[15].u_intt_n2d1/raw_sum_carry_i_5__108/O
                         net (fo=37, unplaced)        0.345    19.263    gen_intt_n2d1[15].u_intt_n2d1/raw_sum_carry__1_i_16__16_0
                         LUT3 (Prop_lut3_I0_O)        0.043    19.306 r  gen_intt_n2d1[15].u_intt_n2d1/raw_sum_carry_i_3__119/O
                         net (fo=1, unplaced)         0.000    19.306    gen_r2intt_r16.u_r2intt16/gen_s2_b[1].gen_s2_g[3].u_bf/u_sub/add_inst/raw_sum_carry__0_i_14__50_0[1]
                         CARRY4 (Prop_carry4_S[1]_CO[3])
                                                      0.256    19.562 r  gen_r2intt_r16.u_r2intt16/gen_s2_b[1].gen_s2_g[3].u_bf/u_sub/add_inst/raw_sum_carry/CO[3]
                         net (fo=1, unplaced)         0.007    19.569    gen_r2intt_r16.u_r2intt16/gen_s2_b[1].gen_s2_g[3].u_bf/u_sub/add_inst/raw_sum_carry_n_0
                         CARRY4 (Prop_carry4_CI_O[1])
                                                      0.173    19.742 r  gen_r2intt_r16.u_r2intt16/gen_s2_b[1].gen_s2_g[3].u_bf/u_sub/add_inst/raw_sum_carry__0/O[1]
                         net (fo=1, unplaced)         0.386    20.128    gen_r2intt_r16.u_r2intt16/gen_s2_b[1].gen_s2_g[3].u_bf/u_sub/add_inst/raw_sum_carry__0_n_6
                         CARRY4 (Prop_carry4_S[1]_CO[3])
                                                      0.381    20.509 r  gen_r2intt_r16.u_r2intt16/gen_s2_b[1].gen_s2_g[3].u_bf/u_sub/add_inst/raw_sum_carry__1_i_15__22/CO[3]
                         net (fo=1, unplaced)         0.000    20.509    gen_r2intt_r16.u_r2intt16/gen_s2_b[1].gen_s2_g[3].u_bf/u_sub/add_inst/raw_sum_carry__1_i_15__22_n_0
                         CARRY4 (Prop_carry4_CI_O[3])
                                                      0.157    20.666 f  gen_r2intt_r16.u_r2intt16/gen_s2_b[1].gen_s2_g[3].u_bf/u_sub/add_inst/raw_sum_carry_i_25__50/O[3]
                         net (fo=1, unplaced)         0.494    21.160    gen_intt_n2d1[11].u_intt_n2d1/raw_sum_carry_i_23__53_0[2]
                         LUT3 (Prop_lut3_I2_O)        0.124    21.284 f  gen_intt_n2d1[11].u_intt_n2d1/raw_sum_carry_i_31__33/O
                         net (fo=1, unplaced)         0.270    21.554    gen_intt_n2d1[11].u_intt_n2d1/raw_sum_carry_i_31__33_n_0
                         LUT5 (Prop_lut5_I4_O)        0.043    21.597 r  gen_intt_n2d1[11].u_intt_n2d1/raw_sum_carry_i_23__53/O
                         net (fo=8, unplaced)         0.308    21.905    gen_intt_n2d1[15].u_intt_n2d1/raw_sum_carry_i_7__103_0
                         LUT4 (Prop_lut4_I0_O)        0.043    21.948 f  gen_intt_n2d1[15].u_intt_n2d1/raw_sum_carry_i_17__62/O
                         net (fo=12, unplaced)        0.455    22.403    gen_intt_n2d1[15].u_intt_n2d1/raw_sum_carry_i_17__62_n_0
                         LUT5 (Prop_lut5_I1_O)        0.043    22.446 f  gen_intt_n2d1[15].u_intt_n2d1/out0_carry_i_6__33/O
                         net (fo=3, unplaced)         0.760    23.206    gen_intt_n2d1[15].u_intt_n2d1/gen_r2intt_r16.u_r2intt16/s2[15][1]
                         LUT6 (Prop_lut6_I1_O)        0.043    23.249 r  gen_intt_n2d1[15].u_intt_n2d1/raw_sum_carry_i_6__103/O
                         net (fo=63, unplaced)        0.358    23.607    gen_intt_n2d1[15].u_intt_n2d1/raw_sum_carry_i_15__81_0
                         LUT3 (Prop_lut3_I1_O)        0.043    23.650 r  gen_intt_n2d1[15].u_intt_n2d1/raw_sum_carry_i_4__108/O
                         net (fo=1, unplaced)         0.000    23.650    gen_r2intt_r16.u_r2intt16/gen_s3[7].u_bf/u_sub/add_inst/out0_carry_i_7__46_0[0]
                         CARRY4 (Prop_carry4_S[0]_CO[3])
                                                      0.246    23.896 r  gen_r2intt_r16.u_r2intt16/gen_s3[7].u_bf/u_sub/add_inst/raw_sum_carry/CO[3]
                         net (fo=1, unplaced)         0.007    23.903    gen_r2intt_r16.u_r2intt16/gen_s3[7].u_bf/u_sub/add_inst/raw_sum_carry_n_0
                         CARRY4 (Prop_carry4_CI_CO[3])
                                                      0.054    23.957 r  gen_r2intt_r16.u_r2intt16/gen_s3[7].u_bf/u_sub/add_inst/raw_sum_carry__0/CO[3]
                         net (fo=1, unplaced)         0.000    23.957    gen_r2intt_r16.u_r2intt16/gen_s3[7].u_bf/u_sub/add_inst/raw_sum_carry__0_n_0
                         CARRY4 (Prop_carry4_CI_CO[3])
                                                      0.054    24.011 r  gen_r2intt_r16.u_r2intt16/gen_s3[7].u_bf/u_sub/add_inst/raw_sum_carry__1/CO[3]
                         net (fo=1, unplaced)         0.000    24.011    gen_r2intt_r16.u_r2intt16/gen_s3[7].u_bf/u_sub/add_inst/raw_sum_carry__1_n_0
                         CARRY4 (Prop_carry4_CI_CO[3])
                                                      0.054    24.065 r  gen_r2intt_r16.u_r2intt16/gen_s3[7].u_bf/u_sub/add_inst/raw_sum_carry__2/CO[3]
                         net (fo=1, unplaced)         0.000    24.065    gen_r2intt_r16.u_r2intt16/gen_s3[7].u_bf/u_sub/add_inst/raw_sum_carry__2_n_0
                         CARRY4 (Prop_carry4_CI_O[0])
                                                      0.114    24.179 r  gen_r2intt_r16.u_r2intt16/gen_s3[7].u_bf/u_sub/add_inst/raw_sum_carry__3/O[0]
                         net (fo=1, unplaced)         0.191    24.370    gen_r2intt_r16.u_r2intt16/gen_s3[7].u_bf/u_sub/add_inst/raw_sum_carry__3_n_7
                         LUT2 (Prop_lut2_I1_O)        0.123    24.493 r  gen_r2intt_r16.u_r2intt16/gen_s3[7].u_bf/u_sub/add_inst/out0_carry_i_9__34/O
                         net (fo=1, unplaced)         0.000    24.493    gen_r2intt_r16.u_r2intt16/gen_s3[7].u_bf/u_sub/add_inst/out0_carry_i_9__34_n_0
                         CARRY4 (Prop_carry4_S[0]_CO[3])
                                                      0.246    24.739 r  gen_r2intt_r16.u_r2intt16/gen_s3[7].u_bf/u_sub/add_inst/out0_carry_i_7__46/CO[3]
                         net (fo=1, unplaced)         0.007    24.746    gen_r2intt_r16.u_r2intt16/gen_s3[7].u_bf/u_sub/add_inst/out0_carry_i_7__46_n_0
                         CARRY4 (Prop_carry4_CI_O[3])
                                                      0.157    24.903 r  gen_r2intt_r16.u_r2intt16/gen_s3[7].u_bf/u_sub/add_inst/out0_carry_i_8__42/O[3]
                         net (fo=2, unplaced)         0.505    25.408    gen_intt_n2d1[15].u_intt_n2d1/out0_carry__0_5[3]
                         LUT6 (Prop_lut6_I5_O)        0.120    25.528 r  gen_intt_n2d1[15].u_intt_n2d1/product_i_31__28/O
                         net (fo=2, unplaced)         0.253    25.781    gen_intt_n2d1[15].u_intt_n2d1/intt_d1_out[261]
                         LUT4 (Prop_lut4_I0_O)        0.043    25.824 r  gen_intt_n2d1[15].u_intt_n2d1/out0_carry__2_i_7__29/O
                         net (fo=4, unplaced)         0.766    26.590    gen_intt_n2d1[15].u_intt_n2d1/out0_carry__2_i_7__29_n_0
                         LUT6 (Prop_lut6_I3_O)        0.043    26.633 r  gen_intt_n2d1[15].u_intt_n2d1/out0_carry__2_i_2__45/O
                         net (fo=1, unplaced)         0.000    26.633    gen_intt_d1n[15].u_id1n/intt_d1_out[2]
                         CARRY4 (Prop_carry4_S[2]_O[3])
                                                      0.172    26.805 r  gen_intt_d1n[15].u_id1n/out0_carry__2/O[3]
                         net (fo=1, unplaced)         0.494    27.299    gen_intt_n2d1[15].u_intt_n2d1/data0__1[15]
                         LUT6 (Prop_lut6_I0_O)        0.120    27.419 r  gen_intt_n2d1[15].u_intt_n2d1/product_i_1__29/O
                         net (fo=1, unplaced)         0.466    27.885    gen_modmul_intt[15].u_mm_intt/product_0[16]
                         DSP48E1 (Prop_dsp48e1_A[16]_P[1])
                                                      2.737    30.622 r  gen_modmul_intt[15].u_mm_intt/product/P[1]
                         net (fo=1, unplaced)         0.466    31.087    gen_modmul_intt[15].u_mm_intt/product_n_104
                         LUT2 (Prop_lut2_I1_O)        0.043    31.130 r  gen_modmul_intt[15].u_mm_intt/t_carry_i_5__30/O
                         net (fo=1, unplaced)         0.000    31.130    gen_modmul_intt[15].u_mm_intt/t_carry_i_5__30_n_0
                         CARRY4 (Prop_carry4_S[1]_CO[3])
                                                      0.256    31.386 r  gen_modmul_intt[15].u_mm_intt/t_carry/CO[3]
                         net (fo=1, unplaced)         0.007    31.393    gen_modmul_intt[15].u_mm_intt/t_carry_n_0
                         CARRY4 (Prop_carry4_CI_O[1])
                                                      0.173    31.566 r  gen_modmul_intt[15].u_mm_intt/t_carry__0/O[1]
                         net (fo=4, unplaced)         0.350    31.916    gen_modmul_intt[15].u_mm_intt/t_carry__0_n_6
                         LUT4 (Prop_lut4_I1_O)        0.125    32.041 r  gen_modmul_intt[15].u_mm_intt/gen_banks[15].mem_reg_0_15_0_5_i_1466/O
                         net (fo=1, unplaced)         0.742    32.783    gen_modmul_intt[15].u_mm_intt/gen_banks[15].mem_reg_0_15_0_5_i_1466_n_0
                         LUT6 (Prop_lut6_I1_O)        0.043    32.826 r  gen_modmul_intt[15].u_mm_intt/gen_banks[15].mem_reg_0_15_0_5_i_983/O
                         net (fo=17, unplaced)        0.326    33.152    gen_modmul_intt[15].u_mm_intt/reduced1__0
                         LUT3 (Prop_lut3_I1_O)        0.047    33.199 r  gen_modmul_intt[15].u_mm_intt/gen_banks[15].mem_reg_0_15_6_11_i_349/O
                         net (fo=1, unplaced)         0.359    33.558    u_ctrl/mm_intt_out[106]
                         LUT6 (Prop_lut6_I5_O)        0.043    33.601 r  u_ctrl/gen_banks[15].mem_reg_0_15_6_11_i_221/O
                         net (fo=2, unplaced)         0.418    34.019    u_ctrl/gen_banks[15].mem_reg_0_15_6_11_i_221_n_0
                         LUT6 (Prop_lut6_I1_O)        0.043    34.062 r  u_ctrl/gen_banks[15].mem_reg_0_15_6_11_i_123/O
                         net (fo=4, unplaced)         0.431    34.493    u_ctrl/bfly_data_pre[521]
                         LUT6 (Prop_lut6_I3_O)        0.043    34.536 r  u_ctrl/gen_banks[12].mem_reg_0_15_6_11_i_35/O
                         net (fo=4, unplaced)         0.294    34.830    u_ctrl/gen_banks[12].mem_reg_0_15_6_11_i_35_n_0
                         LUT6 (Prop_lut6_I5_O)        0.043    34.873 r  u_ctrl/gen_banks[0].mem_reg_0_15_6_11_i_15/O
                         net (fo=1, unplaced)         0.000    34.873    u_ctrl/bfly_data_routed[11]
                         MUXF7 (Prop_muxf7_I0_O)      0.115    34.988 r  u_ctrl/gen_banks[0].mem_reg_0_15_6_11_i_5/O
                         net (fo=1, unplaced)         0.192    35.180    u_membanks/gen_banks[0].mem_reg_0_15_6_11/DIC1
                         RAMD32                                       r  u_membanks/gen_banks[0].mem_reg_0_15_6_11/RAMC_D1/I
  -------------------------------------------------------------------    -------------------

                         (clock clk rise edge)        3.000     3.000 r  
                                                      0.000     3.000 r  clk (IN)
                         net (fo=0)                   0.000     3.000    clk
                         IBUF (Prop_ibuf_I_O)         0.649     3.649 r  clk_IBUF_inst/O
                         net (fo=1, unplaced)         0.442     4.091    clk_IBUF
                         BUFG (Prop_bufg_I_O)         0.083     4.174 r  clk_IBUF_BUFG_inst/O
                         net (fo=838, unplaced)       0.439     4.613    u_membanks/gen_banks[0].mem_reg_0_15_6_11/WCLK
                         RAMD32                                       r  u_membanks/gen_banks[0].mem_reg_0_15_6_11/RAMC_D1/CLK
                         clock pessimism              0.108     4.721    
                         clock uncertainty           -0.035     4.686    
                         RAMD32 (Setup_ramd32_CLK_I)
                                                     -0.226     4.460    u_membanks/gen_banks[0].mem_reg_0_15_6_11/RAMC_D1
  -------------------------------------------------------------------
                         required time                          4.460    
                         arrival time                         -35.180    
  -------------------------------------------------------------------
                         slack                                -30.721    

Slack (VIOLATED) :        -30.721ns  (required time - arrival time)
  Source:                 u_ctrl/b_cnt_reg[1]/C
                            (rising edge-triggered cell FDCE clocked by clk  {rise@0.000ns fall@1.500ns period=3.000ns})
  Destination:            u_membanks/gen_banks[4].mem_reg_0_15_18_23/RAMC_D1/I
                            (rising edge-triggered cell RAMD32 clocked by clk  {rise@0.000ns fall@1.500ns period=3.000ns})
  Path Group:             clk
  Path Type:              Setup (Max at Slow Process Corner)
  Requirement:            3.000ns  (clk rise@3.000ns - clk rise@0.000ns)
  Data Path Delay:        33.314ns  (logic 11.202ns (33.625%)  route 22.112ns (66.375%))
  Logic Levels:           73  (CARRY4=26 DSP48E1=1 LUT2=5 LUT3=4 LUT4=9 LUT5=6 LUT6=20 MUXF7=1 RAMD32=1)
  Clock Path Skew:        -0.145ns (DCD - SCD + CPR)
    Destination Clock Delay (DCD):    1.613ns = ( 4.613 - 3.000 ) 
    Source Clock Delay      (SCD):    1.866ns
    Clock Pessimism Removal (CPR):    0.108ns
  Clock Uncertainty:      0.035ns  ((TSJ^2 + TIJ^2)^1/2 + DJ) / 2 + PE
    Total System Jitter     (TSJ):    0.071ns
    Total Input Jitter      (TIJ):    0.000ns
    Discrete Jitter          (DJ):    0.000ns
    Phase Error              (PE):    0.000ns

    Location             Delay type                Incr(ns)  Path(ns)    Netlist Resource(s)
  -------------------------------------------------------------------    -------------------
                         (clock clk rise edge)        0.000     0.000 r  
                                                      0.000     0.000 r  clk (IN)
                         net (fo=0)                   0.000     0.000    clk
                         IBUF (Prop_ibuf_I_O)         0.723     0.723 r  clk_IBUF_inst/O
                         net (fo=1, unplaced)         0.466     1.189    clk_IBUF
                         BUFG (Prop_bufg_I_O)         0.093     1.282 r  clk_IBUF_BUFG_inst/O
                         net (fo=838, unplaced)       0.584     1.866    u_ctrl/clk_IBUF_BUFG
                         FDCE                                         r  u_ctrl/b_cnt_reg[1]/C
  -------------------------------------------------------------------    -------------------
                         FDCE (Prop_fdce_C_Q)         0.233     2.099 r  u_ctrl/b_cnt_reg[1]/Q
                         net (fo=10, unplaced)        0.310     2.409    u_ctrl/b_cnt_reg_n_0_[1]
                         LUT2 (Prop_lut2_I0_O)        0.133     2.542 r  u_ctrl/z1_full_i_111/O
                         net (fo=1, unplaced)         0.000     2.542    u_ctrl/z1_full_i_111_n_0
                         CARRY4 (Prop_carry4_DI[1]_O[2])
                                                      0.286     2.828 r  u_ctrl/z1_full_i_105/O[2]
                         net (fo=2, unplaced)         0.508     3.336    u_addrgen/z1_full_i_108[1]
                         CARRY4 (Prop_carry4_DI[1]_O[2])
                                                      0.358     3.694 r  u_addrgen/z1_full_i_104/O[2]
                         net (fo=1, unplaced)         0.270     3.964    u_ctrl/O[2]
                         LUT2 (Prop_lut2_I0_O)        0.127     4.091 r  u_ctrl/z1_full_i_106/O
                         net (fo=1, unplaced)         0.000     4.091    u_ctrl/z1_full_i_106_n_0
                         CARRY4 (Prop_carry4_S[3]_O[3])
                                                      0.114     4.205 r  u_ctrl/z1_full_i_103/O[3]
                         net (fo=29, unplaced)        0.563     4.768    u_ctrl/g_cnt_reg[7]_0[7]
                         LUT2 (Prop_lut2_I0_O)        0.120     4.888 r  u_ctrl/gen_banks[15].mem_reg_0_15_0_5_i_318/O
                         net (fo=1, unplaced)         0.000     4.888    u_ctrl/gen_banks[15].mem_reg_0_15_0_5_i_318_n_0
                         CARRY4 (Prop_carry4_S[3]_O[3])
                                                      0.114     5.002 r  u_ctrl/gen_banks[15].mem_reg_0_15_0_5_i_184/O[3]
                         net (fo=4, unplaced)         0.518     5.520    u_ctrl/orig_addrs[47]
                         LUT6 (Prop_lut6_I5_O)        0.120     5.640 r  u_ctrl/gen_banks[13].mem_reg_0_15_0_5_i_58/O
                         net (fo=4, unplaced)         0.383     6.023    u_ctrl/gen_banks[13].mem_reg_0_15_0_5_i_58_n_0
                         LUT6 (Prop_lut6_I1_O)        0.043     6.066 r  u_ctrl/gen_banks[13].mem_reg_0_15_0_5_i_29/O
                         net (fo=2, unplaced)         0.281     6.347    u_ctrl/ntt_waddr[55]
                         LUT4 (Prop_lut4_I3_O)        0.043     6.390 r  u_ctrl/gen_banks[13].mem_reg_0_15_0_5_i_8/O
                         net (fo=36, unplaced)        0.481     6.871    u_membanks/gen_banks[13].mem_reg_0_15_0_5/ADDRB3
                         RAMD32 (Prop_ramd32_RADR3_O)
                                                      0.043     6.914 f  u_membanks/gen_banks[13].mem_reg_0_15_0_5/RAMB_D1/O
                         net (fo=5, unplaced)         0.770     7.684    u_membanks/bank_dout[445]
                         LUT6 (Prop_lut6_I1_O)        0.043     7.727 f  u_membanks/z1_full_i_48__0/O
                         net (fo=4, unplaced)         0.766     8.493    u_membanks/z1_full_i_48__0_n_0
                         LUT6 (Prop_lut6_I0_O)        0.043     8.536 f  u_membanks/z1_full_i_8__14/O
                         net (fo=23, unplaced)        0.470     9.006    u_membanks/g_cnt_reg[2]_9[2]
                         LUT4 (Prop_lut4_I1_O)        0.043     9.049 f  u_membanks/raw_sum_carry_i_21__59/O
                         net (fo=1, unplaced)         0.407     9.456    u_membanks/raw_sum_carry_i_21__59_n_0
                         LUT5 (Prop_lut5_I2_O)        0.043     9.499 f  u_membanks/raw_sum_carry_i_11__96/O
                         net (fo=79, unplaced)        0.836    10.335    gen_intt_n2d1[15].u_intt_n2d1/raw_sum_carry_i_49__4_0
                         LUT5 (Prop_lut5_I3_O)        0.043    10.378 f  gen_intt_n2d1[15].u_intt_n2d1/raw_sum_carry_i_19__30/O
                         net (fo=10, unplaced)        0.450    10.828    gen_intt_n2d1[15].u_intt_n2d1/raw_sum_carry_i_19__30_n_0
                         LUT4 (Prop_lut4_I3_O)        0.043    10.871 r  gen_intt_n2d1[15].u_intt_n2d1/raw_sum_carry_i_10__55/O
                         net (fo=58, unplaced)        0.356    11.227    gen_intt_n2d1[15].u_intt_n2d1/raw_sum_carry_i_19__30_0
                         LUT4 (Prop_lut4_I3_O)        0.043    11.270 r  gen_intt_n2d1[15].u_intt_n2d1/raw_sum_carry_i_7__61/O
                         net (fo=1, unplaced)         0.000    11.270    gen_r2intt_r16.u_r2intt16/gen_s0[7].u_bf/u_sub/add_inst/raw_sum_carry__0_i_24__1_1[1]
                         CARRY4 (Prop_carry4_S[1]_CO[3])
                                                      0.256    11.526 r  gen_r2intt_r16.u_r2intt16/gen_s0[7].u_bf/u_sub/add_inst/raw_sum_carry/CO[3]
                         net (fo=1, unplaced)         0.007    11.533    gen_r2intt_r16.u_r2intt16/gen_s0[7].u_bf/u_sub/add_inst/raw_sum_carry_n_0
                         CARRY4 (Prop_carry4_CI_O[1])
                                                      0.173    11.706 r  gen_r2intt_r16.u_r2intt16/gen_s0[7].u_bf/u_sub/add_inst/raw_sum_carry__0/O[1]
                         net (fo=1, unplaced)         0.386    12.092    gen_r2intt_r16.u_r2intt16/gen_s0[7].u_bf/u_sub/add_inst/raw_sum_carry__0_n_6
                         CARRY4 (Prop_carry4_S[1]_CO[3])
                                                      0.381    12.473 r  gen_r2intt_r16.u_r2intt16/gen_s0[7].u_bf/u_sub/add_inst/raw_sum_carry__1_i_22__6/CO[3]
                         net (fo=1, unplaced)         0.000    12.473    gen_r2intt_r16.u_r2intt16/gen_s0[7].u_bf/u_sub/add_inst/raw_sum_carry__1_i_22__6_n_0
                         CARRY4 (Prop_carry4_CI_O[3])
                                                      0.157    12.630 f  gen_r2intt_r16.u_r2intt16/gen_s0[7].u_bf/u_sub/add_inst/raw_sum_carry_i_37__9/O[3]
                         net (fo=2, unplaced)         0.505    13.135    gen_intt_n2d1[15].u_intt_n2d1/reduced[10]
                         LUT6 (Prop_lut6_I5_O)        0.120    13.255 f  gen_intt_n2d1[15].u_intt_n2d1/raw_sum_carry_i_59__4/O
                         net (fo=1, unplaced)         0.270    13.525    gen_intt_n2d1[15].u_intt_n2d1/raw_sum_carry_i_59__4_n_0
                         LUT6 (Prop_lut6_I2_O)        0.043    13.568 f  gen_intt_n2d1[15].u_intt_n2d1/raw_sum_carry_i_49__4/O
                         net (fo=1, unplaced)         0.742    14.310    gen_intt_n2d1[15].u_intt_n2d1/raw_sum_carry_i_49__4_n_0
                         LUT6 (Prop_lut6_I1_O)        0.043    14.353 f  gen_intt_n2d1[15].u_intt_n2d1/raw_sum_carry_i_46__4/O
                         net (fo=2, unplaced)         0.253    14.606    gen_intt_n2d1[15].u_intt_n2d1/raw_sum_carry_i_46__4_n_0
                         LUT6 (Prop_lut6_I3_O)        0.043    14.649 f  gen_intt_n2d1[15].u_intt_n2d1/raw_sum_carry_i_35__21/O
                         net (fo=1, unplaced)         0.270    14.919    gen_intt_n2d1[15].u_intt_n2d1/raw_sum_carry_i_35__21_n_0
                         LUT6 (Prop_lut6_I5_O)        0.043    14.962 r  gen_intt_n2d1[15].u_intt_n2d1/raw_sum_carry_i_19__47/O
                         net (fo=51, unplaced)        0.353    15.315    gen_intt_n2d1[15].u_intt_n2d1/raw_sum_carry_i_35__21_0
                         LUT4 (Prop_lut4_I0_O)        0.043    15.358 r  gen_intt_n2d1[15].u_intt_n2d1/raw_sum_carry_i_7__106/O
                         net (fo=1, unplaced)         0.000    15.358    gen_r2intt_r16.u_r2intt16/gen_s1_b[3].gen_s1_g[1].u_bf/u_sub/add_inst/raw_sum_carry_i_26__40_0[1]
                         CARRY4 (Prop_carry4_S[1]_CO[3])
                                                      0.256    15.614 r  gen_r2intt_r16.u_r2intt16/gen_s1_b[3].gen_s1_g[1].u_bf/u_sub/add_inst/raw_sum_carry/CO[3]
                         net (fo=1, unplaced)         0.007    15.621    gen_r2intt_r16.u_r2intt16/gen_s1_b[3].gen_s1_g[1].u_bf/u_sub/add_inst/raw_sum_carry_n_0
                         CARRY4 (Prop_carry4_CI_O[1])
                                                      0.173    15.794 r  gen_r2intt_r16.u_r2intt16/gen_s1_b[3].gen_s1_g[1].u_bf/u_sub/add_inst/raw_sum_carry__0/O[1]
                         net (fo=1, unplaced)         0.386    16.180    gen_r2intt_r16.u_r2intt16/gen_s1_b[3].gen_s1_g[1].u_bf/u_sub/add_inst/raw_sum_carry__0_n_6
                         CARRY4 (Prop_carry4_S[1]_CO[3])
                                                      0.381    16.561 r  gen_r2intt_r16.u_r2intt16/gen_s1_b[3].gen_s1_g[1].u_bf/u_sub/add_inst/raw_sum_carry_i_23__43/CO[3]
                         net (fo=1, unplaced)         0.000    16.561    gen_r2intt_r16.u_r2intt16/gen_s1_b[3].gen_s1_g[1].u_bf/u_sub/add_inst/raw_sum_carry_i_23__43_n_0
                         CARRY4 (Prop_carry4_CI_O[3])
                                                      0.157    16.718 r  gen_r2intt_r16.u_r2intt16/gen_s1_b[3].gen_s1_g[1].u_bf/u_sub/add_inst/raw_sum_carry_i_22__39/O[3]
                         net (fo=1, unplaced)         0.494    17.212    gen_intt_n2d1[15].u_intt_n2d1/reduced_6[5]
                         LUT6 (Prop_lut6_I5_O)        0.120    17.332 r  gen_intt_n2d1[15].u_intt_n2d1/raw_sum_carry__0_i_17__10/O
                         net (fo=9, unplaced)         0.400    17.732    gen_intt_n2d1[15].u_intt_n2d1/s1[15]_1[5]
                         LUT4 (Prop_lut4_I0_O)        0.043    17.775 r  gen_intt_n2d1[15].u_intt_n2d1/raw_sum_carry__2_i_18__27/O
                         net (fo=7, unplaced)         0.442    18.217    gen_intt_n2d1[13].u_intt_n2d1/raw_sum_carry_i_7__87_0
                         LUT6 (Prop_lut6_I0_O)        0.043    18.260 r  gen_intt_n2d1[13].u_intt_n2d1/raw_sum_carry__2_i_16__29/O
                         net (fo=6, unplaced)         0.302    18.562    gen_intt_n2d1[15].u_intt_n2d1/raw_sum_carry__2[3]
                         LUT5 (Prop_lut5_I4_O)        0.043    18.605 r  gen_intt_n2d1[15].u_intt_n2d1/raw_sum_carry_i_8__81/O
                         net (fo=1, unplaced)         0.270    18.875    gen_intt_n2d1[15].u_intt_n2d1/raw_sum_carry_i_8__81_n_0
                         LUT5 (Prop_lut5_I3_O)        0.043    18.918 r  gen_intt_n2d1[15].u_intt_n2d1/raw_sum_carry_i_5__108/O
                         net (fo=37, unplaced)        0.345    19.263    gen_intt_n2d1[15].u_intt_n2d1/raw_sum_carry__1_i_16__16_0
                         LUT3 (Prop_lut3_I0_O)        0.043    19.306 r  gen_intt_n2d1[15].u_intt_n2d1/raw_sum_carry_i_3__119/O
                         net (fo=1, unplaced)         0.000    19.306    gen_r2intt_r16.u_r2intt16/gen_s2_b[1].gen_s2_g[3].u_bf/u_sub/add_inst/raw_sum_carry__0_i_14__50_0[1]
                         CARRY4 (Prop_carry4_S[1]_CO[3])
                                                      0.256    19.562 r  gen_r2intt_r16.u_r2intt16/gen_s2_b[1].gen_s2_g[3].u_bf/u_sub/add_inst/raw_sum_carry/CO[3]
                         net (fo=1, unplaced)         0.007    19.569    gen_r2intt_r16.u_r2intt16/gen_s2_b[1].gen_s2_g[3].u_bf/u_sub/add_inst/raw_sum_carry_n_0
                         CARRY4 (Prop_carry4_CI_O[1])
                                                      0.173    19.742 r  gen_r2intt_r16.u_r2intt16/gen_s2_b[1].gen_s2_g[3].u_bf/u_sub/add_inst/raw_sum_carry__0/O[1]
                         net (fo=1, unplaced)         0.386    20.128    gen_r2intt_r16.u_r2intt16/gen_s2_b[1].gen_s2_g[3].u_bf/u_sub/add_inst/raw_sum_carry__0_n_6
                         CARRY4 (Prop_carry4_S[1]_CO[3])
                                                      0.381    20.509 r  gen_r2intt_r16.u_r2intt16/gen_s2_b[1].gen_s2_g[3].u_bf/u_sub/add_inst/raw_sum_carry__1_i_15__22/CO[3]
                         net (fo=1, unplaced)         0.000    20.509    gen_r2intt_r16.u_r2intt16/gen_s2_b[1].gen_s2_g[3].u_bf/u_sub/add_inst/raw_sum_carry__1_i_15__22_n_0
                         CARRY4 (Prop_carry4_CI_O[3])
                                                      0.157    20.666 f  gen_r2intt_r16.u_r2intt16/gen_s2_b[1].gen_s2_g[3].u_bf/u_sub/add_inst/raw_sum_carry_i_25__50/O[3]
                         net (fo=1, unplaced)         0.494    21.160    gen_intt_n2d1[11].u_intt_n2d1/raw_sum_carry_i_23__53_0[2]
                         LUT3 (Prop_lut3_I2_O)        0.124    21.284 f  gen_intt_n2d1[11].u_intt_n2d1/raw_sum_carry_i_31__33/O
                         net (fo=1, unplaced)         0.270    21.554    gen_intt_n2d1[11].u_intt_n2d1/raw_sum_carry_i_31__33_n_0
                         LUT5 (Prop_lut5_I4_O)        0.043    21.597 r  gen_intt_n2d1[11].u_intt_n2d1/raw_sum_carry_i_23__53/O
                         net (fo=8, unplaced)         0.308    21.905    gen_intt_n2d1[15].u_intt_n2d1/raw_sum_carry_i_7__103_0
                         LUT4 (Prop_lut4_I0_O)        0.043    21.948 f  gen_intt_n2d1[15].u_intt_n2d1/raw_sum_carry_i_17__62/O
                         net (fo=12, unplaced)        0.455    22.403    gen_intt_n2d1[15].u_intt_n2d1/raw_sum_carry_i_17__62_n_0
                         LUT5 (Prop_lut5_I1_O)        0.043    22.446 f  gen_intt_n2d1[15].u_intt_n2d1/out0_carry_i_6__33/O
                         net (fo=3, unplaced)         0.760    23.206    gen_intt_n2d1[15].u_intt_n2d1/gen_r2intt_r16.u_r2intt16/s2[15][1]
                         LUT6 (Prop_lut6_I1_O)        0.043    23.249 r  gen_intt_n2d1[15].u_intt_n2d1/raw_sum_carry_i_6__103/O
                         net (fo=63, unplaced)        0.358    23.607    gen_intt_n2d1[15].u_intt_n2d1/raw_sum_carry_i_15__81_0
                         LUT3 (Prop_lut3_I1_O)        0.043    23.650 r  gen_intt_n2d1[15].u_intt_n2d1/raw_sum_carry_i_4__108/O
                         net (fo=1, unplaced)         0.000    23.650    gen_r2intt_r16.u_r2intt16/gen_s3[7].u_bf/u_sub/add_inst/out0_carry_i_7__46_0[0]
                         CARRY4 (Prop_carry4_S[0]_CO[3])
                                                      0.246    23.896 r  gen_r2intt_r16.u_r2intt16/gen_s3[7].u_bf/u_sub/add_inst/raw_sum_carry/CO[3]
                         net (fo=1, unplaced)         0.007    23.903    gen_r2intt_r16.u_r2intt16/gen_s3[7].u_bf/u_sub/add_inst/raw_sum_carry_n_0
                         CARRY4 (Prop_carry4_CI_CO[3])
                                                      0.054    23.957 r  gen_r2intt_r16.u_r2intt16/gen_s3[7].u_bf/u_sub/add_inst/raw_sum_carry__0/CO[3]
                         net (fo=1, unplaced)         0.000    23.957    gen_r2intt_r16.u_r2intt16/gen_s3[7].u_bf/u_sub/add_inst/raw_sum_carry__0_n_0
                         CARRY4 (Prop_carry4_CI_CO[3])
                                                      0.054    24.011 r  gen_r2intt_r16.u_r2intt16/gen_s3[7].u_bf/u_sub/add_inst/raw_sum_carry__1/CO[3]
                         net (fo=1, unplaced)         0.000    24.011    gen_r2intt_r16.u_r2intt16/gen_s3[7].u_bf/u_sub/add_inst/raw_sum_carry__1_n_0
                         CARRY4 (Prop_carry4_CI_CO[3])
                                                      0.054    24.065 r  gen_r2intt_r16.u_r2intt16/gen_s3[7].u_bf/u_sub/add_inst/raw_sum_carry__2/CO[3]
                         net (fo=1, unplaced)         0.000    24.065    gen_r2intt_r16.u_r2intt16/gen_s3[7].u_bf/u_sub/add_inst/raw_sum_carry__2_n_0
                         CARRY4 (Prop_carry4_CI_O[0])
                                                      0.114    24.179 r  gen_r2intt_r16.u_r2intt16/gen_s3[7].u_bf/u_sub/add_inst/raw_sum_carry__3/O[0]
                         net (fo=1, unplaced)         0.191    24.370    gen_r2intt_r16.u_r2intt16/gen_s3[7].u_bf/u_sub/add_inst/raw_sum_carry__3_n_7
                         LUT2 (Prop_lut2_I1_O)        0.123    24.493 r  gen_r2intt_r16.u_r2intt16/gen_s3[7].u_bf/u_sub/add_inst/out0_carry_i_9__34/O
                         net (fo=1, unplaced)         0.000    24.493    gen_r2intt_r16.u_r2intt16/gen_s3[7].u_bf/u_sub/add_inst/out0_carry_i_9__34_n_0
                         CARRY4 (Prop_carry4_S[0]_CO[3])
                                                      0.246    24.739 r  gen_r2intt_r16.u_r2intt16/gen_s3[7].u_bf/u_sub/add_inst/out0_carry_i_7__46/CO[3]
                         net (fo=1, unplaced)         0.007    24.746    gen_r2intt_r16.u_r2intt16/gen_s3[7].u_bf/u_sub/add_inst/out0_carry_i_7__46_n_0
                         CARRY4 (Prop_carry4_CI_O[3])
                                                      0.157    24.903 r  gen_r2intt_r16.u_r2intt16/gen_s3[7].u_bf/u_sub/add_inst/out0_carry_i_8__42/O[3]
                         net (fo=2, unplaced)         0.505    25.408    gen_intt_n2d1[15].u_intt_n2d1/out0_carry__0_5[3]
                         LUT6 (Prop_lut6_I5_O)        0.120    25.528 r  gen_intt_n2d1[15].u_intt_n2d1/product_i_31__28/O
                         net (fo=2, unplaced)         0.253    25.781    gen_intt_n2d1[15].u_intt_n2d1/intt_d1_out[261]
                         LUT4 (Prop_lut4_I0_O)        0.043    25.824 r  gen_intt_n2d1[15].u_intt_n2d1/out0_carry__2_i_7__29/O
                         net (fo=4, unplaced)         0.766    26.590    gen_intt_n2d1[15].u_intt_n2d1/out0_carry__2_i_7__29_n_0
                         LUT6 (Prop_lut6_I3_O)        0.043    26.633 r  gen_intt_n2d1[15].u_intt_n2d1/out0_carry__2_i_2__45/O
                         net (fo=1, unplaced)         0.000    26.633    gen_intt_d1n[15].u_id1n/intt_d1_out[2]
                         CARRY4 (Prop_carry4_S[2]_O[3])
                                                      0.172    26.805 r  gen_intt_d1n[15].u_id1n/out0_carry__2/O[3]
                         net (fo=1, unplaced)         0.494    27.299    gen_intt_n2d1[15].u_intt_n2d1/data0__1[15]
                         LUT6 (Prop_lut6_I0_O)        0.120    27.419 r  gen_intt_n2d1[15].u_intt_n2d1/product_i_1__29/O
                         net (fo=1, unplaced)         0.466    27.885    gen_modmul_intt[15].u_mm_intt/product_0[16]
                         DSP48E1 (Prop_dsp48e1_A[16]_P[1])
                                                      2.737    30.622 r  gen_modmul_intt[15].u_mm_intt/product/P[1]
                         net (fo=1, unplaced)         0.466    31.087    gen_modmul_intt[15].u_mm_intt/product_n_104
                         LUT2 (Prop_lut2_I1_O)        0.043    31.130 r  gen_modmul_intt[15].u_mm_intt/t_carry_i_5__30/O
                         net (fo=1, unplaced)         0.000    31.130    gen_modmul_intt[15].u_mm_intt/t_carry_i_5__30_n_0
                         CARRY4 (Prop_carry4_S[1]_CO[3])
                                                      0.256    31.386 r  gen_modmul_intt[15].u_mm_intt/t_carry/CO[3]
                         net (fo=1, unplaced)         0.007    31.393    gen_modmul_intt[15].u_mm_intt/t_carry_n_0
                         CARRY4 (Prop_carry4_CI_O[1])
                                                      0.173    31.566 r  gen_modmul_intt[15].u_mm_intt/t_carry__0/O[1]
                         net (fo=4, unplaced)         0.350    31.916    gen_modmul_intt[15].u_mm_intt/t_carry__0_n_6
                         LUT4 (Prop_lut4_I1_O)        0.125    32.041 r  gen_modmul_intt[15].u_mm_intt/gen_banks[15].mem_reg_0_15_0_5_i_1466/O
                         net (fo=1, unplaced)         0.742    32.783    gen_modmul_intt[15].u_mm_intt/gen_banks[15].mem_reg_0_15_0_5_i_1466_n_0
                         LUT6 (Prop_lut6_I1_O)        0.043    32.826 r  gen_modmul_intt[15].u_mm_intt/gen_banks[15].mem_reg_0_15_0_5_i_983/O
                         net (fo=17, unplaced)        0.326    33.152    gen_modmul_intt[15].u_mm_intt/reduced1__0
                         LUT3 (Prop_lut3_I1_O)        0.047    33.199 r  gen_modmul_intt[15].u_mm_intt/gen_banks[15].mem_reg_0_15_6_11_i_269/O
                         net (fo=1, unplaced)         0.359    33.558    u_ctrl/mm_intt_out[101]
                         LUT6 (Prop_lut6_I5_O)        0.043    33.601 r  u_ctrl/gen_banks[15].mem_reg_0_15_6_11_i_171/O
                         net (fo=2, unplaced)         0.418    34.019    u_ctrl/gen_banks[15].mem_reg_0_15_6_11_i_171_n_0
                         LUT6 (Prop_lut6_I3_O)        0.043    34.062 r  u_ctrl/gen_banks[15].mem_reg_0_15_18_23_i_123/O
                         net (fo=4, unplaced)         0.431    34.493    u_ctrl/bfly_data_pre[533]
                         LUT6 (Prop_lut6_I3_O)        0.043    34.536 r  u_ctrl/gen_banks[12].mem_reg_0_15_18_23_i_35/O
                         net (fo=4, unplaced)         0.294    34.830    u_ctrl/gen_banks[12].mem_reg_0_15_18_23_i_35_n_0
                         LUT6 (Prop_lut6_I3_O)        0.043    34.873 r  u_ctrl/gen_banks[4].mem_reg_0_15_18_23_i_15/O
                         net (fo=1, unplaced)         0.000    34.873    u_ctrl/bfly_data_routed[159]
                         MUXF7 (Prop_muxf7_I0_O)      0.115    34.988 r  u_ctrl/gen_banks[4].mem_reg_0_15_18_23_i_5/O
                         net (fo=1, unplaced)         0.192    35.180    u_membanks/gen_banks[4].mem_reg_0_15_18_23/DIC1
                         RAMD32                                       r  u_membanks/gen_banks[4].mem_reg_0_15_18_23/RAMC_D1/I
  -------------------------------------------------------------------    -------------------

                         (clock clk rise edge)        3.000     3.000 r  
                                                      0.000     3.000 r  clk (IN)
                         net (fo=0)                   0.000     3.000    clk
                         IBUF (Prop_ibuf_I_O)         0.649     3.649 r  clk_IBUF_inst/O
                         net (fo=1, unplaced)         0.442     4.091    clk_IBUF
                         BUFG (Prop_bufg_I_O)         0.083     4.174 r  clk_IBUF_BUFG_inst/O
                         net (fo=838, unplaced)       0.439     4.613    u_membanks/gen_banks[4].mem_reg_0_15_18_23/WCLK
                         RAMD32                                       r  u_membanks/gen_banks[4].mem_reg_0_15_18_23/RAMC_D1/CLK
                         clock pessimism              0.108     4.721    
                         clock uncertainty           -0.035     4.686    
                         RAMD32 (Setup_ramd32_CLK_I)
                                                     -0.226     4.460    u_membanks/gen_banks[4].mem_reg_0_15_18_23/RAMC_D1
  -------------------------------------------------------------------
                         required time                          4.460    
                         arrival time                         -35.180    
  -------------------------------------------------------------------
                         slack                                -30.721    

Slack (VIOLATED) :        -30.721ns  (required time - arrival time)
  Source:                 u_ctrl/b_cnt_reg[1]/C
                            (rising edge-triggered cell FDCE clocked by clk  {rise@0.000ns fall@1.500ns period=3.000ns})
  Destination:            u_membanks/gen_banks[4].mem_reg_0_15_6_11/RAMC_D1/I
                            (rising edge-triggered cell RAMD32 clocked by clk  {rise@0.000ns fall@1.500ns period=3.000ns})
  Path Group:             clk
  Path Type:              Setup (Max at Slow Process Corner)
  Requirement:            3.000ns  (clk rise@3.000ns - clk rise@0.000ns)
  Data Path Delay:        33.314ns  (logic 11.202ns (33.625%)  route 22.112ns (66.375%))
  Logic Levels:           73  (CARRY4=26 DSP48E1=1 LUT2=5 LUT3=4 LUT4=9 LUT5=6 LUT6=20 MUXF7=1 RAMD32=1)
  Clock Path Skew:        -0.145ns (DCD - SCD + CPR)
    Destination Clock Delay (DCD):    1.613ns = ( 4.613 - 3.000 ) 
    Source Clock Delay      (SCD):    1.866ns
    Clock Pessimism Removal (CPR):    0.108ns
  Clock Uncertainty:      0.035ns  ((TSJ^2 + TIJ^2)^1/2 + DJ) / 2 + PE
    Total System Jitter     (TSJ):    0.071ns
    Total Input Jitter      (TIJ):    0.000ns
    Discrete Jitter          (DJ):    0.000ns
    Phase Error              (PE):    0.000ns

    Location             Delay type                Incr(ns)  Path(ns)    Netlist Resource(s)
  -------------------------------------------------------------------    -------------------
                         (clock clk rise edge)        0.000     0.000 r  
                                                      0.000     0.000 r  clk (IN)
                         net (fo=0)                   0.000     0.000    clk
                         IBUF (Prop_ibuf_I_O)         0.723     0.723 r  clk_IBUF_inst/O
                         net (fo=1, unplaced)         0.466     1.189    clk_IBUF
                         BUFG (Prop_bufg_I_O)         0.093     1.282 r  clk_IBUF_BUFG_inst/O
                         net (fo=838, unplaced)       0.584     1.866    u_ctrl/clk_IBUF_BUFG
                         FDCE                                         r  u_ctrl/b_cnt_reg[1]/C
  -------------------------------------------------------------------    -------------------
                         FDCE (Prop_fdce_C_Q)         0.233     2.099 r  u_ctrl/b_cnt_reg[1]/Q
                         net (fo=10, unplaced)        0.310     2.409    u_ctrl/b_cnt_reg_n_0_[1]
                         LUT2 (Prop_lut2_I0_O)        0.133     2.542 r  u_ctrl/z1_full_i_111/O
                         net (fo=1, unplaced)         0.000     2.542    u_ctrl/z1_full_i_111_n_0
                         CARRY4 (Prop_carry4_DI[1]_O[2])
                                                      0.286     2.828 r  u_ctrl/z1_full_i_105/O[2]
                         net (fo=2, unplaced)         0.508     3.336    u_addrgen/z1_full_i_108[1]
                         CARRY4 (Prop_carry4_DI[1]_O[2])
                                                      0.358     3.694 r  u_addrgen/z1_full_i_104/O[2]
                         net (fo=1, unplaced)         0.270     3.964    u_ctrl/O[2]
                         LUT2 (Prop_lut2_I0_O)        0.127     4.091 r  u_ctrl/z1_full_i_106/O
                         net (fo=1, unplaced)         0.000     4.091    u_ctrl/z1_full_i_106_n_0
                         CARRY4 (Prop_carry4_S[3]_O[3])
                                                      0.114     4.205 r  u_ctrl/z1_full_i_103/O[3]
                         net (fo=29, unplaced)        0.563     4.768    u_ctrl/g_cnt_reg[7]_0[7]
                         LUT2 (Prop_lut2_I0_O)        0.120     4.888 r  u_ctrl/gen_banks[15].mem_reg_0_15_0_5_i_318/O
                         net (fo=1, unplaced)         0.000     4.888    u_ctrl/gen_banks[15].mem_reg_0_15_0_5_i_318_n_0
                         CARRY4 (Prop_carry4_S[3]_O[3])
                                                      0.114     5.002 r  u_ctrl/gen_banks[15].mem_reg_0_15_0_5_i_184/O[3]
                         net (fo=4, unplaced)         0.518     5.520    u_ctrl/orig_addrs[47]
                         LUT6 (Prop_lut6_I5_O)        0.120     5.640 r  u_ctrl/gen_banks[13].mem_reg_0_15_0_5_i_58/O
                         net (fo=4, unplaced)         0.383     6.023    u_ctrl/gen_banks[13].mem_reg_0_15_0_5_i_58_n_0
                         LUT6 (Prop_lut6_I1_O)        0.043     6.066 r  u_ctrl/gen_banks[13].mem_reg_0_15_0_5_i_29/O
                         net (fo=2, unplaced)         0.281     6.347    u_ctrl/ntt_waddr[55]
                         LUT4 (Prop_lut4_I3_O)        0.043     6.390 r  u_ctrl/gen_banks[13].mem_reg_0_15_0_5_i_8/O
                         net (fo=36, unplaced)        0.481     6.871    u_membanks/gen_banks[13].mem_reg_0_15_0_5/ADDRB3
                         RAMD32 (Prop_ramd32_RADR3_O)
                                                      0.043     6.914 f  u_membanks/gen_banks[13].mem_reg_0_15_0_5/RAMB_D1/O
                         net (fo=5, unplaced)         0.770     7.684    u_membanks/bank_dout[445]
                         LUT6 (Prop_lut6_I1_O)        0.043     7.727 f  u_membanks/z1_full_i_48__0/O
                         net (fo=4, unplaced)         0.766     8.493    u_membanks/z1_full_i_48__0_n_0
                         LUT6 (Prop_lut6_I0_O)        0.043     8.536 f  u_membanks/z1_full_i_8__14/O
                         net (fo=23, unplaced)        0.470     9.006    u_membanks/g_cnt_reg[2]_9[2]
                         LUT4 (Prop_lut4_I1_O)        0.043     9.049 f  u_membanks/raw_sum_carry_i_21__59/O
                         net (fo=1, unplaced)         0.407     9.456    u_membanks/raw_sum_carry_i_21__59_n_0
                         LUT5 (Prop_lut5_I2_O)        0.043     9.499 f  u_membanks/raw_sum_carry_i_11__96/O
                         net (fo=79, unplaced)        0.836    10.335    gen_intt_n2d1[15].u_intt_n2d1/raw_sum_carry_i_49__4_0
                         LUT5 (Prop_lut5_I3_O)        0.043    10.378 f  gen_intt_n2d1[15].u_intt_n2d1/raw_sum_carry_i_19__30/O
                         net (fo=10, unplaced)        0.450    10.828    gen_intt_n2d1[15].u_intt_n2d1/raw_sum_carry_i_19__30_n_0
                         LUT4 (Prop_lut4_I3_O)        0.043    10.871 r  gen_intt_n2d1[15].u_intt_n2d1/raw_sum_carry_i_10__55/O
                         net (fo=58, unplaced)        0.356    11.227    gen_intt_n2d1[15].u_intt_n2d1/raw_sum_carry_i_19__30_0
                         LUT4 (Prop_lut4_I3_O)        0.043    11.270 r  gen_intt_n2d1[15].u_intt_n2d1/raw_sum_carry_i_7__61/O
                         net (fo=1, unplaced)         0.000    11.270    gen_r2intt_r16.u_r2intt16/gen_s0[7].u_bf/u_sub/add_inst/raw_sum_carry__0_i_24__1_1[1]
                         CARRY4 (Prop_carry4_S[1]_CO[3])
                                                      0.256    11.526 r  gen_r2intt_r16.u_r2intt16/gen_s0[7].u_bf/u_sub/add_inst/raw_sum_carry/CO[3]
                         net (fo=1, unplaced)         0.007    11.533    gen_r2intt_r16.u_r2intt16/gen_s0[7].u_bf/u_sub/add_inst/raw_sum_carry_n_0
                         CARRY4 (Prop_carry4_CI_O[1])
                                                      0.173    11.706 r  gen_r2intt_r16.u_r2intt16/gen_s0[7].u_bf/u_sub/add_inst/raw_sum_carry__0/O[1]
                         net (fo=1, unplaced)         0.386    12.092    gen_r2intt_r16.u_r2intt16/gen_s0[7].u_bf/u_sub/add_inst/raw_sum_carry__0_n_6
                         CARRY4 (Prop_carry4_S[1]_CO[3])
                                                      0.381    12.473 r  gen_r2intt_r16.u_r2intt16/gen_s0[7].u_bf/u_sub/add_inst/raw_sum_carry__1_i_22__6/CO[3]
                         net (fo=1, unplaced)         0.000    12.473    gen_r2intt_r16.u_r2intt16/gen_s0[7].u_bf/u_sub/add_inst/raw_sum_carry__1_i_22__6_n_0
                         CARRY4 (Prop_carry4_CI_O[3])
                                                      0.157    12.630 f  gen_r2intt_r16.u_r2intt16/gen_s0[7].u_bf/u_sub/add_inst/raw_sum_carry_i_37__9/O[3]
                         net (fo=2, unplaced)         0.505    13.135    gen_intt_n2d1[15].u_intt_n2d1/reduced[10]
                         LUT6 (Prop_lut6_I5_O)        0.120    13.255 f  gen_intt_n2d1[15].u_intt_n2d1/raw_sum_carry_i_59__4/O
                         net (fo=1, unplaced)         0.270    13.525    gen_intt_n2d1[15].u_intt_n2d1/raw_sum_carry_i_59__4_n_0
                         LUT6 (Prop_lut6_I2_O)        0.043    13.568 f  gen_intt_n2d1[15].u_intt_n2d1/raw_sum_carry_i_49__4/O
                         net (fo=1, unplaced)         0.742    14.310    gen_intt_n2d1[15].u_intt_n2d1/raw_sum_carry_i_49__4_n_0
                         LUT6 (Prop_lut6_I1_O)        0.043    14.353 f  gen_intt_n2d1[15].u_intt_n2d1/raw_sum_carry_i_46__4/O
                         net (fo=2, unplaced)         0.253    14.606    gen_intt_n2d1[15].u_intt_n2d1/raw_sum_carry_i_46__4_n_0
                         LUT6 (Prop_lut6_I3_O)        0.043    14.649 f  gen_intt_n2d1[15].u_intt_n2d1/raw_sum_carry_i_35__21/O
                         net (fo=1, unplaced)         0.270    14.919    gen_intt_n2d1[15].u_intt_n2d1/raw_sum_carry_i_35__21_n_0
                         LUT6 (Prop_lut6_I5_O)        0.043    14.962 r  gen_intt_n2d1[15].u_intt_n2d1/raw_sum_carry_i_19__47/O
                         net (fo=51, unplaced)        0.353    15.315    gen_intt_n2d1[15].u_intt_n2d1/raw_sum_carry_i_35__21_0
                         LUT4 (Prop_lut4_I0_O)        0.043    15.358 r  gen_intt_n2d1[15].u_intt_n2d1/raw_sum_carry_i_7__106/O
                         net (fo=1, unplaced)         0.000    15.358    gen_r2intt_r16.u_r2intt16/gen_s1_b[3].gen_s1_g[1].u_bf/u_sub/add_inst/raw_sum_carry_i_26__40_0[1]
                         CARRY4 (Prop_carry4_S[1]_CO[3])
                                                      0.256    15.614 r  gen_r2intt_r16.u_r2intt16/gen_s1_b[3].gen_s1_g[1].u_bf/u_sub/add_inst/raw_sum_carry/CO[3]
                         net (fo=1, unplaced)         0.007    15.621    gen_r2intt_r16.u_r2intt16/gen_s1_b[3].gen_s1_g[1].u_bf/u_sub/add_inst/raw_sum_carry_n_0
                         CARRY4 (Prop_carry4_CI_O[1])
                                                      0.173    15.794 r  gen_r2intt_r16.u_r2intt16/gen_s1_b[3].gen_s1_g[1].u_bf/u_sub/add_inst/raw_sum_carry__0/O[1]
                         net (fo=1, unplaced)         0.386    16.180    gen_r2intt_r16.u_r2intt16/gen_s1_b[3].gen_s1_g[1].u_bf/u_sub/add_inst/raw_sum_carry__0_n_6
                         CARRY4 (Prop_carry4_S[1]_CO[3])
                                                      0.381    16.561 r  gen_r2intt_r16.u_r2intt16/gen_s1_b[3].gen_s1_g[1].u_bf/u_sub/add_inst/raw_sum_carry_i_23__43/CO[3]
                         net (fo=1, unplaced)         0.000    16.561    gen_r2intt_r16.u_r2intt16/gen_s1_b[3].gen_s1_g[1].u_bf/u_sub/add_inst/raw_sum_carry_i_23__43_n_0
                         CARRY4 (Prop_carry4_CI_O[3])
                                                      0.157    16.718 r  gen_r2intt_r16.u_r2intt16/gen_s1_b[3].gen_s1_g[1].u_bf/u_sub/add_inst/raw_sum_carry_i_22__39/O[3]
                         net (fo=1, unplaced)         0.494    17.212    gen_intt_n2d1[15].u_intt_n2d1/reduced_6[5]
                         LUT6 (Prop_lut6_I5_O)        0.120    17.332 r  gen_intt_n2d1[15].u_intt_n2d1/raw_sum_carry__0_i_17__10/O
                         net (fo=9, unplaced)         0.400    17.732    gen_intt_n2d1[15].u_intt_n2d1/s1[15]_1[5]
                         LUT4 (Prop_lut4_I0_O)        0.043    17.775 r  gen_intt_n2d1[15].u_intt_n2d1/raw_sum_carry__2_i_18__27/O
                         net (fo=7, unplaced)         0.442    18.217    gen_intt_n2d1[13].u_intt_n2d1/raw_sum_carry_i_7__87_0
                         LUT6 (Prop_lut6_I0_O)        0.043    18.260 r  gen_intt_n2d1[13].u_intt_n2d1/raw_sum_carry__2_i_16__29/O
                         net (fo=6, unplaced)         0.302    18.562    gen_intt_n2d1[15].u_intt_n2d1/raw_sum_carry__2[3]
                         LUT5 (Prop_lut5_I4_O)        0.043    18.605 r  gen_intt_n2d1[15].u_intt_n2d1/raw_sum_carry_i_8__81/O
                         net (fo=1, unplaced)         0.270    18.875    gen_intt_n2d1[15].u_intt_n2d1/raw_sum_carry_i_8__81_n_0
                         LUT5 (Prop_lut5_I3_O)        0.043    18.918 r  gen_intt_n2d1[15].u_intt_n2d1/raw_sum_carry_i_5__108/O
                         net (fo=37, unplaced)        0.345    19.263    gen_intt_n2d1[15].u_intt_n2d1/raw_sum_carry__1_i_16__16_0
                         LUT3 (Prop_lut3_I0_O)        0.043    19.306 r  gen_intt_n2d1[15].u_intt_n2d1/raw_sum_carry_i_3__119/O
                         net (fo=1, unplaced)         0.000    19.306    gen_r2intt_r16.u_r2intt16/gen_s2_b[1].gen_s2_g[3].u_bf/u_sub/add_inst/raw_sum_carry__0_i_14__50_0[1]
                         CARRY4 (Prop_carry4_S[1]_CO[3])
                                                      0.256    19.562 r  gen_r2intt_r16.u_r2intt16/gen_s2_b[1].gen_s2_g[3].u_bf/u_sub/add_inst/raw_sum_carry/CO[3]
                         net (fo=1, unplaced)         0.007    19.569    gen_r2intt_r16.u_r2intt16/gen_s2_b[1].gen_s2_g[3].u_bf/u_sub/add_inst/raw_sum_carry_n_0
                         CARRY4 (Prop_carry4_CI_O[1])
                                                      0.173    19.742 r  gen_r2intt_r16.u_r2intt16/gen_s2_b[1].gen_s2_g[3].u_bf/u_sub/add_inst/raw_sum_carry__0/O[1]
                         net (fo=1, unplaced)         0.386    20.128    gen_r2intt_r16.u_r2intt16/gen_s2_b[1].gen_s2_g[3].u_bf/u_sub/add_inst/raw_sum_carry__0_n_6
                         CARRY4 (Prop_carry4_S[1]_CO[3])
                                                      0.381    20.509 r  gen_r2intt_r16.u_r2intt16/gen_s2_b[1].gen_s2_g[3].u_bf/u_sub/add_inst/raw_sum_carry__1_i_15__22/CO[3]
                         net (fo=1, unplaced)         0.000    20.509    gen_r2intt_r16.u_r2intt16/gen_s2_b[1].gen_s2_g[3].u_bf/u_sub/add_inst/raw_sum_carry__1_i_15__22_n_0
                         CARRY4 (Prop_carry4_CI_O[3])
                                                      0.157    20.666 f  gen_r2intt_r16.u_r2intt16/gen_s2_b[1].gen_s2_g[3].u_bf/u_sub/add_inst/raw_sum_carry_i_25__50/O[3]
                         net (fo=1, unplaced)         0.494    21.160    gen_intt_n2d1[11].u_intt_n2d1/raw_sum_carry_i_23__53_0[2]
                         LUT3 (Prop_lut3_I2_O)        0.124    21.284 f  gen_intt_n2d1[11].u_intt_n2d1/raw_sum_carry_i_31__33/O
                         net (fo=1, unplaced)         0.270    21.554    gen_intt_n2d1[11].u_intt_n2d1/raw_sum_carry_i_31__33_n_0
                         LUT5 (Prop_lut5_I4_O)        0.043    21.597 r  gen_intt_n2d1[11].u_intt_n2d1/raw_sum_carry_i_23__53/O
                         net (fo=8, unplaced)         0.308    21.905    gen_intt_n2d1[15].u_intt_n2d1/raw_sum_carry_i_7__103_0
                         LUT4 (Prop_lut4_I0_O)        0.043    21.948 f  gen_intt_n2d1[15].u_intt_n2d1/raw_sum_carry_i_17__62/O
                         net (fo=12, unplaced)        0.455    22.403    gen_intt_n2d1[15].u_intt_n2d1/raw_sum_carry_i_17__62_n_0
                         LUT5 (Prop_lut5_I1_O)        0.043    22.446 f  gen_intt_n2d1[15].u_intt_n2d1/out0_carry_i_6__33/O
                         net (fo=3, unplaced)         0.760    23.206    gen_intt_n2d1[15].u_intt_n2d1/gen_r2intt_r16.u_r2intt16/s2[15][1]
                         LUT6 (Prop_lut6_I1_O)        0.043    23.249 r  gen_intt_n2d1[15].u_intt_n2d1/raw_sum_carry_i_6__103/O
                         net (fo=63, unplaced)        0.358    23.607    gen_intt_n2d1[15].u_intt_n2d1/raw_sum_carry_i_15__81_0
                         LUT3 (Prop_lut3_I1_O)        0.043    23.650 r  gen_intt_n2d1[15].u_intt_n2d1/raw_sum_carry_i_4__108/O
                         net (fo=1, unplaced)         0.000    23.650    gen_r2intt_r16.u_r2intt16/gen_s3[7].u_bf/u_sub/add_inst/out0_carry_i_7__46_0[0]
                         CARRY4 (Prop_carry4_S[0]_CO[3])
                                                      0.246    23.896 r  gen_r2intt_r16.u_r2intt16/gen_s3[7].u_bf/u_sub/add_inst/raw_sum_carry/CO[3]
                         net (fo=1, unplaced)         0.007    23.903    gen_r2intt_r16.u_r2intt16/gen_s3[7].u_bf/u_sub/add_inst/raw_sum_carry_n_0
                         CARRY4 (Prop_carry4_CI_CO[3])
                                                      0.054    23.957 r  gen_r2intt_r16.u_r2intt16/gen_s3[7].u_bf/u_sub/add_inst/raw_sum_carry__0/CO[3]
                         net (fo=1, unplaced)         0.000    23.957    gen_r2intt_r16.u_r2intt16/gen_s3[7].u_bf/u_sub/add_inst/raw_sum_carry__0_n_0
                         CARRY4 (Prop_carry4_CI_CO[3])
                                                      0.054    24.011 r  gen_r2intt_r16.u_r2intt16/gen_s3[7].u_bf/u_sub/add_inst/raw_sum_carry__1/CO[3]
                         net (fo=1, unplaced)         0.000    24.011    gen_r2intt_r16.u_r2intt16/gen_s3[7].u_bf/u_sub/add_inst/raw_sum_carry__1_n_0
                         CARRY4 (Prop_carry4_CI_CO[3])
                                                      0.054    24.065 r  gen_r2intt_r16.u_r2intt16/gen_s3[7].u_bf/u_sub/add_inst/raw_sum_carry__2/CO[3]
                         net (fo=1, unplaced)         0.000    24.065    gen_r2intt_r16.u_r2intt16/gen_s3[7].u_bf/u_sub/add_inst/raw_sum_carry__2_n_0
                         CARRY4 (Prop_carry4_CI_O[0])
                                                      0.114    24.179 r  gen_r2intt_r16.u_r2intt16/gen_s3[7].u_bf/u_sub/add_inst/raw_sum_carry__3/O[0]
                         net (fo=1, unplaced)         0.191    24.370    gen_r2intt_r16.u_r2intt16/gen_s3[7].u_bf/u_sub/add_inst/raw_sum_carry__3_n_7
                         LUT2 (Prop_lut2_I1_O)        0.123    24.493 r  gen_r2intt_r16.u_r2intt16/gen_s3[7].u_bf/u_sub/add_inst/out0_carry_i_9__34/O
                         net (fo=1, unplaced)         0.000    24.493    gen_r2intt_r16.u_r2intt16/gen_s3[7].u_bf/u_sub/add_inst/out0_carry_i_9__34_n_0
                         CARRY4 (Prop_carry4_S[0]_CO[3])
                                                      0.246    24.739 r  gen_r2intt_r16.u_r2intt16/gen_s3[7].u_bf/u_sub/add_inst/out0_carry_i_7__46/CO[3]
                         net (fo=1, unplaced)         0.007    24.746    gen_r2intt_r16.u_r2intt16/gen_s3[7].u_bf/u_sub/add_inst/out0_carry_i_7__46_n_0
                         CARRY4 (Prop_carry4_CI_O[3])
                                                      0.157    24.903 r  gen_r2intt_r16.u_r2intt16/gen_s3[7].u_bf/u_sub/add_inst/out0_carry_i_8__42/O[3]
                         net (fo=2, unplaced)         0.505    25.408    gen_intt_n2d1[15].u_intt_n2d1/out0_carry__0_5[3]
                         LUT6 (Prop_lut6_I5_O)        0.120    25.528 r  gen_intt_n2d1[15].u_intt_n2d1/product_i_31__28/O
                         net (fo=2, unplaced)         0.253    25.781    gen_intt_n2d1[15].u_intt_n2d1/intt_d1_out[261]
                         LUT4 (Prop_lut4_I0_O)        0.043    25.824 r  gen_intt_n2d1[15].u_intt_n2d1/out0_carry__2_i_7__29/O
                         net (fo=4, unplaced)         0.766    26.590    gen_intt_n2d1[15].u_intt_n2d1/out0_carry__2_i_7__29_n_0
                         LUT6 (Prop_lut6_I3_O)        0.043    26.633 r  gen_intt_n2d1[15].u_intt_n2d1/out0_carry__2_i_2__45/O
                         net (fo=1, unplaced)         0.000    26.633    gen_intt_d1n[15].u_id1n/intt_d1_out[2]
                         CARRY4 (Prop_carry4_S[2]_O[3])
                                                      0.172    26.805 r  gen_intt_d1n[15].u_id1n/out0_carry__2/O[3]
                         net (fo=1, unplaced)         0.494    27.299    gen_intt_n2d1[15].u_intt_n2d1/data0__1[15]
                         LUT6 (Prop_lut6_I0_O)        0.120    27.419 r  gen_intt_n2d1[15].u_intt_n2d1/product_i_1__29/O
                         net (fo=1, unplaced)         0.466    27.885    gen_modmul_intt[15].u_mm_intt/product_0[16]
                         DSP48E1 (Prop_dsp48e1_A[16]_P[1])
                                                      2.737    30.622 r  gen_modmul_intt[15].u_mm_intt/product/P[1]
                         net (fo=1, unplaced)         0.466    31.087    gen_modmul_intt[15].u_mm_intt/product_n_104
                         LUT2 (Prop_lut2_I1_O)        0.043    31.130 r  gen_modmul_intt[15].u_mm_intt/t_carry_i_5__30/O
                         net (fo=1, unplaced)         0.000    31.130    gen_modmul_intt[15].u_mm_intt/t_carry_i_5__30_n_0
                         CARRY4 (Prop_carry4_S[1]_CO[3])
                                                      0.256    31.386 r  gen_modmul_intt[15].u_mm_intt/t_carry/CO[3]
                         net (fo=1, unplaced)         0.007    31.393    gen_modmul_intt[15].u_mm_intt/t_carry_n_0
                         CARRY4 (Prop_carry4_CI_O[1])
                                                      0.173    31.566 r  gen_modmul_intt[15].u_mm_intt/t_carry__0/O[1]
                         net (fo=4, unplaced)         0.350    31.916    gen_modmul_intt[15].u_mm_intt/t_carry__0_n_6
                         LUT4 (Prop_lut4_I1_O)        0.125    32.041 r  gen_modmul_intt[15].u_mm_intt/gen_banks[15].mem_reg_0_15_0_5_i_1466/O
                         net (fo=1, unplaced)         0.742    32.783    gen_modmul_intt[15].u_mm_intt/gen_banks[15].mem_reg_0_15_0_5_i_1466_n_0
                         LUT6 (Prop_lut6_I1_O)        0.043    32.826 r  gen_modmul_intt[15].u_mm_intt/gen_banks[15].mem_reg_0_15_0_5_i_983/O
                         net (fo=17, unplaced)        0.326    33.152    gen_modmul_intt[15].u_mm_intt/reduced1__0
                         LUT3 (Prop_lut3_I1_O)        0.047    33.199 r  gen_modmul_intt[15].u_mm_intt/gen_banks[15].mem_reg_0_15_6_11_i_349/O
                         net (fo=1, unplaced)         0.359    33.558    u_ctrl/mm_intt_out[106]
                         LUT6 (Prop_lut6_I5_O)        0.043    33.601 r  u_ctrl/gen_banks[15].mem_reg_0_15_6_11_i_221/O
                         net (fo=2, unplaced)         0.418    34.019    u_ctrl/gen_banks[15].mem_reg_0_15_6_11_i_221_n_0
                         LUT6 (Prop_lut6_I1_O)        0.043    34.062 r  u_ctrl/gen_banks[15].mem_reg_0_15_6_11_i_123/O
                         net (fo=4, unplaced)         0.431    34.493    u_ctrl/bfly_data_pre[521]
                         LUT6 (Prop_lut6_I3_O)        0.043    34.536 r  u_ctrl/gen_banks[12].mem_reg_0_15_6_11_i_35/O
                         net (fo=4, unplaced)         0.294    34.830    u_ctrl/gen_banks[12].mem_reg_0_15_6_11_i_35_n_0
                         LUT6 (Prop_lut6_I3_O)        0.043    34.873 r  u_ctrl/gen_banks[4].mem_reg_0_15_6_11_i_15/O
                         net (fo=1, unplaced)         0.000    34.873    u_ctrl/bfly_data_routed[147]
                         MUXF7 (Prop_muxf7_I0_O)      0.115    34.988 r  u_ctrl/gen_banks[4].mem_reg_0_15_6_11_i_5/O
                         net (fo=1, unplaced)         0.192    35.180    u_membanks/gen_banks[4].mem_reg_0_15_6_11/DIC1
                         RAMD32                                       r  u_membanks/gen_banks[4].mem_reg_0_15_6_11/RAMC_D1/I
  -------------------------------------------------------------------    -------------------

                         (clock clk rise edge)        3.000     3.000 r  
                                                      0.000     3.000 r  clk (IN)
                         net (fo=0)                   0.000     3.000    clk
                         IBUF (Prop_ibuf_I_O)         0.649     3.649 r  clk_IBUF_inst/O
                         net (fo=1, unplaced)         0.442     4.091    clk_IBUF
                         BUFG (Prop_bufg_I_O)         0.083     4.174 r  clk_IBUF_BUFG_inst/O
                         net (fo=838, unplaced)       0.439     4.613    u_membanks/gen_banks[4].mem_reg_0_15_6_11/WCLK
                         RAMD32                                       r  u_membanks/gen_banks[4].mem_reg_0_15_6_11/RAMC_D1/CLK
                         clock pessimism              0.108     4.721    
                         clock uncertainty           -0.035     4.686    
                         RAMD32 (Setup_ramd32_CLK_I)
                                                     -0.226     4.460    u_membanks/gen_banks[4].mem_reg_0_15_6_11/RAMC_D1
  -------------------------------------------------------------------
                         required time                          4.460    
                         arrival time                         -35.180    
  -------------------------------------------------------------------
                         slack                                -30.721    

Slack (VIOLATED) :        -30.721ns  (required time - arrival time)
  Source:                 u_ctrl/b_cnt_reg[1]/C
                            (rising edge-triggered cell FDCE clocked by clk  {rise@0.000ns fall@1.500ns period=3.000ns})
  Destination:            u_membanks/gen_banks[8].mem_reg_0_15_18_23/RAMC_D1/I
                            (rising edge-triggered cell RAMD32 clocked by clk  {rise@0.000ns fall@1.500ns period=3.000ns})
  Path Group:             clk
  Path Type:              Setup (Max at Slow Process Corner)
  Requirement:            3.000ns  (clk rise@3.000ns - clk rise@0.000ns)
  Data Path Delay:        33.314ns  (logic 11.202ns (33.625%)  route 22.112ns (66.375%))
  Logic Levels:           73  (CARRY4=26 DSP48E1=1 LUT2=5 LUT3=4 LUT4=9 LUT5=6 LUT6=20 MUXF7=1 RAMD32=1)
  Clock Path Skew:        -0.145ns (DCD - SCD + CPR)
    Destination Clock Delay (DCD):    1.613ns = ( 4.613 - 3.000 ) 
    Source Clock Delay      (SCD):    1.866ns
    Clock Pessimism Removal (CPR):    0.108ns
  Clock Uncertainty:      0.035ns  ((TSJ^2 + TIJ^2)^1/2 + DJ) / 2 + PE
    Total System Jitter     (TSJ):    0.071ns
    Total Input Jitter      (TIJ):    0.000ns
    Discrete Jitter          (DJ):    0.000ns
    Phase Error              (PE):    0.000ns

    Location             Delay type                Incr(ns)  Path(ns)    Netlist Resource(s)
  -------------------------------------------------------------------    -------------------
                         (clock clk rise edge)        0.000     0.000 r  
                                                      0.000     0.000 r  clk (IN)
                         net (fo=0)                   0.000     0.000    clk
                         IBUF (Prop_ibuf_I_O)         0.723     0.723 r  clk_IBUF_inst/O
                         net (fo=1, unplaced)         0.466     1.189    clk_IBUF
                         BUFG (Prop_bufg_I_O)         0.093     1.282 r  clk_IBUF_BUFG_inst/O
                         net (fo=838, unplaced)       0.584     1.866    u_ctrl/clk_IBUF_BUFG
                         FDCE                                         r  u_ctrl/b_cnt_reg[1]/C
  -------------------------------------------------------------------    -------------------
                         FDCE (Prop_fdce_C_Q)         0.233     2.099 r  u_ctrl/b_cnt_reg[1]/Q
                         net (fo=10, unplaced)        0.310     2.409    u_ctrl/b_cnt_reg_n_0_[1]
                         LUT2 (Prop_lut2_I0_O)        0.133     2.542 r  u_ctrl/z1_full_i_111/O
                         net (fo=1, unplaced)         0.000     2.542    u_ctrl/z1_full_i_111_n_0
                         CARRY4 (Prop_carry4_DI[1]_O[2])
                                                      0.286     2.828 r  u_ctrl/z1_full_i_105/O[2]
                         net (fo=2, unplaced)         0.508     3.336    u_addrgen/z1_full_i_108[1]
                         CARRY4 (Prop_carry4_DI[1]_O[2])
                                                      0.358     3.694 r  u_addrgen/z1_full_i_104/O[2]
                         net (fo=1, unplaced)         0.270     3.964    u_ctrl/O[2]
                         LUT2 (Prop_lut2_I0_O)        0.127     4.091 r  u_ctrl/z1_full_i_106/O
                         net (fo=1, unplaced)         0.000     4.091    u_ctrl/z1_full_i_106_n_0
                         CARRY4 (Prop_carry4_S[3]_O[3])
                                                      0.114     4.205 r  u_ctrl/z1_full_i_103/O[3]
                         net (fo=29, unplaced)        0.563     4.768    u_ctrl/g_cnt_reg[7]_0[7]
                         LUT2 (Prop_lut2_I0_O)        0.120     4.888 r  u_ctrl/gen_banks[15].mem_reg_0_15_0_5_i_318/O
                         net (fo=1, unplaced)         0.000     4.888    u_ctrl/gen_banks[15].mem_reg_0_15_0_5_i_318_n_0
                         CARRY4 (Prop_carry4_S[3]_O[3])
                                                      0.114     5.002 r  u_ctrl/gen_banks[15].mem_reg_0_15_0_5_i_184/O[3]
                         net (fo=4, unplaced)         0.518     5.520    u_ctrl/orig_addrs[47]
                         LUT6 (Prop_lut6_I5_O)        0.120     5.640 r  u_ctrl/gen_banks[13].mem_reg_0_15_0_5_i_58/O
                         net (fo=4, unplaced)         0.383     6.023    u_ctrl/gen_banks[13].mem_reg_0_15_0_5_i_58_n_0
                         LUT6 (Prop_lut6_I1_O)        0.043     6.066 r  u_ctrl/gen_banks[13].mem_reg_0_15_0_5_i_29/O
                         net (fo=2, unplaced)         0.281     6.347    u_ctrl/ntt_waddr[55]
                         LUT4 (Prop_lut4_I3_O)        0.043     6.390 r  u_ctrl/gen_banks[13].mem_reg_0_15_0_5_i_8/O
                         net (fo=36, unplaced)        0.481     6.871    u_membanks/gen_banks[13].mem_reg_0_15_0_5/ADDRB3
                         RAMD32 (Prop_ramd32_RADR3_O)
                                                      0.043     6.914 f  u_membanks/gen_banks[13].mem_reg_0_15_0_5/RAMB_D1/O
                         net (fo=5, unplaced)         0.770     7.684    u_membanks/bank_dout[445]
                         LUT6 (Prop_lut6_I1_O)        0.043     7.727 f  u_membanks/z1_full_i_48__0/O
                         net (fo=4, unplaced)         0.766     8.493    u_membanks/z1_full_i_48__0_n_0
                         LUT6 (Prop_lut6_I0_O)        0.043     8.536 f  u_membanks/z1_full_i_8__14/O
                         net (fo=23, unplaced)        0.470     9.006    u_membanks/g_cnt_reg[2]_9[2]
                         LUT4 (Prop_lut4_I1_O)        0.043     9.049 f  u_membanks/raw_sum_carry_i_21__59/O
                         net (fo=1, unplaced)         0.407     9.456    u_membanks/raw_sum_carry_i_21__59_n_0
                         LUT5 (Prop_lut5_I2_O)        0.043     9.499 f  u_membanks/raw_sum_carry_i_11__96/O
                         net (fo=79, unplaced)        0.836    10.335    gen_intt_n2d1[15].u_intt_n2d1/raw_sum_carry_i_49__4_0
                         LUT5 (Prop_lut5_I3_O)        0.043    10.378 f  gen_intt_n2d1[15].u_intt_n2d1/raw_sum_carry_i_19__30/O
                         net (fo=10, unplaced)        0.450    10.828    gen_intt_n2d1[15].u_intt_n2d1/raw_sum_carry_i_19__30_n_0
                         LUT4 (Prop_lut4_I3_O)        0.043    10.871 r  gen_intt_n2d1[15].u_intt_n2d1/raw_sum_carry_i_10__55/O
                         net (fo=58, unplaced)        0.356    11.227    gen_intt_n2d1[15].u_intt_n2d1/raw_sum_carry_i_19__30_0
                         LUT4 (Prop_lut4_I3_O)        0.043    11.270 r  gen_intt_n2d1[15].u_intt_n2d1/raw_sum_carry_i_7__61/O
                         net (fo=1, unplaced)         0.000    11.270    gen_r2intt_r16.u_r2intt16/gen_s0[7].u_bf/u_sub/add_inst/raw_sum_carry__0_i_24__1_1[1]
                         CARRY4 (Prop_carry4_S[1]_CO[3])
                                                      0.256    11.526 r  gen_r2intt_r16.u_r2intt16/gen_s0[7].u_bf/u_sub/add_inst/raw_sum_carry/CO[3]
                         net (fo=1, unplaced)         0.007    11.533    gen_r2intt_r16.u_r2intt16/gen_s0[7].u_bf/u_sub/add_inst/raw_sum_carry_n_0
                         CARRY4 (Prop_carry4_CI_O[1])
                                                      0.173    11.706 r  gen_r2intt_r16.u_r2intt16/gen_s0[7].u_bf/u_sub/add_inst/raw_sum_carry__0/O[1]
                         net (fo=1, unplaced)         0.386    12.092    gen_r2intt_r16.u_r2intt16/gen_s0[7].u_bf/u_sub/add_inst/raw_sum_carry__0_n_6
                         CARRY4 (Prop_carry4_S[1]_CO[3])
                                                      0.381    12.473 r  gen_r2intt_r16.u_r2intt16/gen_s0[7].u_bf/u_sub/add_inst/raw_sum_carry__1_i_22__6/CO[3]
                         net (fo=1, unplaced)         0.000    12.473    gen_r2intt_r16.u_r2intt16/gen_s0[7].u_bf/u_sub/add_inst/raw_sum_carry__1_i_22__6_n_0
                         CARRY4 (Prop_carry4_CI_O[3])
                                                      0.157    12.630 f  gen_r2intt_r16.u_r2intt16/gen_s0[7].u_bf/u_sub/add_inst/raw_sum_carry_i_37__9/O[3]
                         net (fo=2, unplaced)         0.505    13.135    gen_intt_n2d1[15].u_intt_n2d1/reduced[10]
                         LUT6 (Prop_lut6_I5_O)        0.120    13.255 f  gen_intt_n2d1[15].u_intt_n2d1/raw_sum_carry_i_59__4/O
                         net (fo=1, unplaced)         0.270    13.525    gen_intt_n2d1[15].u_intt_n2d1/raw_sum_carry_i_59__4_n_0
                         LUT6 (Prop_lut6_I2_O)        0.043    13.568 f  gen_intt_n2d1[15].u_intt_n2d1/raw_sum_carry_i_49__4/O
                         net (fo=1, unplaced)         0.742    14.310    gen_intt_n2d1[15].u_intt_n2d1/raw_sum_carry_i_49__4_n_0
                         LUT6 (Prop_lut6_I1_O)        0.043    14.353 f  gen_intt_n2d1[15].u_intt_n2d1/raw_sum_carry_i_46__4/O
                         net (fo=2, unplaced)         0.253    14.606    gen_intt_n2d1[15].u_intt_n2d1/raw_sum_carry_i_46__4_n_0
                         LUT6 (Prop_lut6_I3_O)        0.043    14.649 f  gen_intt_n2d1[15].u_intt_n2d1/raw_sum_carry_i_35__21/O
                         net (fo=1, unplaced)         0.270    14.919    gen_intt_n2d1[15].u_intt_n2d1/raw_sum_carry_i_35__21_n_0
                         LUT6 (Prop_lut6_I5_O)        0.043    14.962 r  gen_intt_n2d1[15].u_intt_n2d1/raw_sum_carry_i_19__47/O
                         net (fo=51, unplaced)        0.353    15.315    gen_intt_n2d1[15].u_intt_n2d1/raw_sum_carry_i_35__21_0
                         LUT4 (Prop_lut4_I0_O)        0.043    15.358 r  gen_intt_n2d1[15].u_intt_n2d1/raw_sum_carry_i_7__106/O
                         net (fo=1, unplaced)         0.000    15.358    gen_r2intt_r16.u_r2intt16/gen_s1_b[3].gen_s1_g[1].u_bf/u_sub/add_inst/raw_sum_carry_i_26__40_0[1]
                         CARRY4 (Prop_carry4_S[1]_CO[3])
                                                      0.256    15.614 r  gen_r2intt_r16.u_r2intt16/gen_s1_b[3].gen_s1_g[1].u_bf/u_sub/add_inst/raw_sum_carry/CO[3]
                         net (fo=1, unplaced)         0.007    15.621    gen_r2intt_r16.u_r2intt16/gen_s1_b[3].gen_s1_g[1].u_bf/u_sub/add_inst/raw_sum_carry_n_0
                         CARRY4 (Prop_carry4_CI_O[1])
                                                      0.173    15.794 r  gen_r2intt_r16.u_r2intt16/gen_s1_b[3].gen_s1_g[1].u_bf/u_sub/add_inst/raw_sum_carry__0/O[1]
                         net (fo=1, unplaced)         0.386    16.180    gen_r2intt_r16.u_r2intt16/gen_s1_b[3].gen_s1_g[1].u_bf/u_sub/add_inst/raw_sum_carry__0_n_6
                         CARRY4 (Prop_carry4_S[1]_CO[3])
                                                      0.381    16.561 r  gen_r2intt_r16.u_r2intt16/gen_s1_b[3].gen_s1_g[1].u_bf/u_sub/add_inst/raw_sum_carry_i_23__43/CO[3]
                         net (fo=1, unplaced)         0.000    16.561    gen_r2intt_r16.u_r2intt16/gen_s1_b[3].gen_s1_g[1].u_bf/u_sub/add_inst/raw_sum_carry_i_23__43_n_0
                         CARRY4 (Prop_carry4_CI_O[3])
                                                      0.157    16.718 r  gen_r2intt_r16.u_r2intt16/gen_s1_b[3].gen_s1_g[1].u_bf/u_sub/add_inst/raw_sum_carry_i_22__39/O[3]
                         net (fo=1, unplaced)         0.494    17.212    gen_intt_n2d1[15].u_intt_n2d1/reduced_6[5]
                         LUT6 (Prop_lut6_I5_O)        0.120    17.332 r  gen_intt_n2d1[15].u_intt_n2d1/raw_sum_carry__0_i_17__10/O
                         net (fo=9, unplaced)         0.400    17.732    gen_intt_n2d1[15].u_intt_n2d1/s1[15]_1[5]
                         LUT4 (Prop_lut4_I0_O)        0.043    17.775 r  gen_intt_n2d1[15].u_intt_n2d1/raw_sum_carry__2_i_18__27/O
                         net (fo=7, unplaced)         0.442    18.217    gen_intt_n2d1[13].u_intt_n2d1/raw_sum_carry_i_7__87_0
                         LUT6 (Prop_lut6_I0_O)        0.043    18.260 r  gen_intt_n2d1[13].u_intt_n2d1/raw_sum_carry__2_i_16__29/O
                         net (fo=6, unplaced)         0.302    18.562    gen_intt_n2d1[15].u_intt_n2d1/raw_sum_carry__2[3]
                         LUT5 (Prop_lut5_I4_O)        0.043    18.605 r  gen_intt_n2d1[15].u_intt_n2d1/raw_sum_carry_i_8__81/O
                         net (fo=1, unplaced)         0.270    18.875    gen_intt_n2d1[15].u_intt_n2d1/raw_sum_carry_i_8__81_n_0
                         LUT5 (Prop_lut5_I3_O)        0.043    18.918 r  gen_intt_n2d1[15].u_intt_n2d1/raw_sum_carry_i_5__108/O
                         net (fo=37, unplaced)        0.345    19.263    gen_intt_n2d1[15].u_intt_n2d1/raw_sum_carry__1_i_16__16_0
                         LUT3 (Prop_lut3_I0_O)        0.043    19.306 r  gen_intt_n2d1[15].u_intt_n2d1/raw_sum_carry_i_3__119/O
                         net (fo=1, unplaced)         0.000    19.306    gen_r2intt_r16.u_r2intt16/gen_s2_b[1].gen_s2_g[3].u_bf/u_sub/add_inst/raw_sum_carry__0_i_14__50_0[1]
                         CARRY4 (Prop_carry4_S[1]_CO[3])
                                                      0.256    19.562 r  gen_r2intt_r16.u_r2intt16/gen_s2_b[1].gen_s2_g[3].u_bf/u_sub/add_inst/raw_sum_carry/CO[3]
                         net (fo=1, unplaced)         0.007    19.569    gen_r2intt_r16.u_r2intt16/gen_s2_b[1].gen_s2_g[3].u_bf/u_sub/add_inst/raw_sum_carry_n_0
                         CARRY4 (Prop_carry4_CI_O[1])
                                                      0.173    19.742 r  gen_r2intt_r16.u_r2intt16/gen_s2_b[1].gen_s2_g[3].u_bf/u_sub/add_inst/raw_sum_carry__0/O[1]
                         net (fo=1, unplaced)         0.386    20.128    gen_r2intt_r16.u_r2intt16/gen_s2_b[1].gen_s2_g[3].u_bf/u_sub/add_inst/raw_sum_carry__0_n_6
                         CARRY4 (Prop_carry4_S[1]_CO[3])
                                                      0.381    20.509 r  gen_r2intt_r16.u_r2intt16/gen_s2_b[1].gen_s2_g[3].u_bf/u_sub/add_inst/raw_sum_carry__1_i_15__22/CO[3]
                         net (fo=1, unplaced)         0.000    20.509    gen_r2intt_r16.u_r2intt16/gen_s2_b[1].gen_s2_g[3].u_bf/u_sub/add_inst/raw_sum_carry__1_i_15__22_n_0
                         CARRY4 (Prop_carry4_CI_O[3])
                                                      0.157    20.666 f  gen_r2intt_r16.u_r2intt16/gen_s2_b[1].gen_s2_g[3].u_bf/u_sub/add_inst/raw_sum_carry_i_25__50/O[3]
                         net (fo=1, unplaced)         0.494    21.160    gen_intt_n2d1[11].u_intt_n2d1/raw_sum_carry_i_23__53_0[2]
                         LUT3 (Prop_lut3_I2_O)        0.124    21.284 f  gen_intt_n2d1[11].u_intt_n2d1/raw_sum_carry_i_31__33/O
                         net (fo=1, unplaced)         0.270    21.554    gen_intt_n2d1[11].u_intt_n2d1/raw_sum_carry_i_31__33_n_0
                         LUT5 (Prop_lut5_I4_O)        0.043    21.597 r  gen_intt_n2d1[11].u_intt_n2d1/raw_sum_carry_i_23__53/O
                         net (fo=8, unplaced)         0.308    21.905    gen_intt_n2d1[15].u_intt_n2d1/raw_sum_carry_i_7__103_0
                         LUT4 (Prop_lut4_I0_O)        0.043    21.948 f  gen_intt_n2d1[15].u_intt_n2d1/raw_sum_carry_i_17__62/O
                         net (fo=12, unplaced)        0.455    22.403    gen_intt_n2d1[15].u_intt_n2d1/raw_sum_carry_i_17__62_n_0
                         LUT5 (Prop_lut5_I1_O)        0.043    22.446 f  gen_intt_n2d1[15].u_intt_n2d1/out0_carry_i_6__33/O
                         net (fo=3, unplaced)         0.760    23.206    gen_intt_n2d1[15].u_intt_n2d1/gen_r2intt_r16.u_r2intt16/s2[15][1]
                         LUT6 (Prop_lut6_I1_O)        0.043    23.249 r  gen_intt_n2d1[15].u_intt_n2d1/raw_sum_carry_i_6__103/O
                         net (fo=63, unplaced)        0.358    23.607    gen_intt_n2d1[15].u_intt_n2d1/raw_sum_carry_i_15__81_0
                         LUT3 (Prop_lut3_I1_O)        0.043    23.650 r  gen_intt_n2d1[15].u_intt_n2d1/raw_sum_carry_i_4__108/O
                         net (fo=1, unplaced)         0.000    23.650    gen_r2intt_r16.u_r2intt16/gen_s3[7].u_bf/u_sub/add_inst/out0_carry_i_7__46_0[0]
                         CARRY4 (Prop_carry4_S[0]_CO[3])
                                                      0.246    23.896 r  gen_r2intt_r16.u_r2intt16/gen_s3[7].u_bf/u_sub/add_inst/raw_sum_carry/CO[3]
                         net (fo=1, unplaced)         0.007    23.903    gen_r2intt_r16.u_r2intt16/gen_s3[7].u_bf/u_sub/add_inst/raw_sum_carry_n_0
                         CARRY4 (Prop_carry4_CI_CO[3])
                                                      0.054    23.957 r  gen_r2intt_r16.u_r2intt16/gen_s3[7].u_bf/u_sub/add_inst/raw_sum_carry__0/CO[3]
                         net (fo=1, unplaced)         0.000    23.957    gen_r2intt_r16.u_r2intt16/gen_s3[7].u_bf/u_sub/add_inst/raw_sum_carry__0_n_0
                         CARRY4 (Prop_carry4_CI_CO[3])
                                                      0.054    24.011 r  gen_r2intt_r16.u_r2intt16/gen_s3[7].u_bf/u_sub/add_inst/raw_sum_carry__1/CO[3]
                         net (fo=1, unplaced)         0.000    24.011    gen_r2intt_r16.u_r2intt16/gen_s3[7].u_bf/u_sub/add_inst/raw_sum_carry__1_n_0
                         CARRY4 (Prop_carry4_CI_CO[3])
                                                      0.054    24.065 r  gen_r2intt_r16.u_r2intt16/gen_s3[7].u_bf/u_sub/add_inst/raw_sum_carry__2/CO[3]
                         net (fo=1, unplaced)         0.000    24.065    gen_r2intt_r16.u_r2intt16/gen_s3[7].u_bf/u_sub/add_inst/raw_sum_carry__2_n_0
                         CARRY4 (Prop_carry4_CI_O[0])
                                                      0.114    24.179 r  gen_r2intt_r16.u_r2intt16/gen_s3[7].u_bf/u_sub/add_inst/raw_sum_carry__3/O[0]
                         net (fo=1, unplaced)         0.191    24.370    gen_r2intt_r16.u_r2intt16/gen_s3[7].u_bf/u_sub/add_inst/raw_sum_carry__3_n_7
                         LUT2 (Prop_lut2_I1_O)        0.123    24.493 r  gen_r2intt_r16.u_r2intt16/gen_s3[7].u_bf/u_sub/add_inst/out0_carry_i_9__34/O
                         net (fo=1, unplaced)         0.000    24.493    gen_r2intt_r16.u_r2intt16/gen_s3[7].u_bf/u_sub/add_inst/out0_carry_i_9__34_n_0
                         CARRY4 (Prop_carry4_S[0]_CO[3])
                                                      0.246    24.739 r  gen_r2intt_r16.u_r2intt16/gen_s3[7].u_bf/u_sub/add_inst/out0_carry_i_7__46/CO[3]
                         net (fo=1, unplaced)         0.007    24.746    gen_r2intt_r16.u_r2intt16/gen_s3[7].u_bf/u_sub/add_inst/out0_carry_i_7__46_n_0
                         CARRY4 (Prop_carry4_CI_O[3])
                                                      0.157    24.903 r  gen_r2intt_r16.u_r2intt16/gen_s3[7].u_bf/u_sub/add_inst/out0_carry_i_8__42/O[3]
                         net (fo=2, unplaced)         0.505    25.408    gen_intt_n2d1[15].u_intt_n2d1/out0_carry__0_5[3]
                         LUT6 (Prop_lut6_I5_O)        0.120    25.528 r  gen_intt_n2d1[15].u_intt_n2d1/product_i_31__28/O
                         net (fo=2, unplaced)         0.253    25.781    gen_intt_n2d1[15].u_intt_n2d1/intt_d1_out[261]
                         LUT4 (Prop_lut4_I0_O)        0.043    25.824 r  gen_intt_n2d1[15].u_intt_n2d1/out0_carry__2_i_7__29/O
                         net (fo=4, unplaced)         0.766    26.590    gen_intt_n2d1[15].u_intt_n2d1/out0_carry__2_i_7__29_n_0
                         LUT6 (Prop_lut6_I3_O)        0.043    26.633 r  gen_intt_n2d1[15].u_intt_n2d1/out0_carry__2_i_2__45/O
                         net (fo=1, unplaced)         0.000    26.633    gen_intt_d1n[15].u_id1n/intt_d1_out[2]
                         CARRY4 (Prop_carry4_S[2]_O[3])
                                                      0.172    26.805 r  gen_intt_d1n[15].u_id1n/out0_carry__2/O[3]
                         net (fo=1, unplaced)         0.494    27.299    gen_intt_n2d1[15].u_intt_n2d1/data0__1[15]
                         LUT6 (Prop_lut6_I0_O)        0.120    27.419 r  gen_intt_n2d1[15].u_intt_n2d1/product_i_1__29/O
                         net (fo=1, unplaced)         0.466    27.885    gen_modmul_intt[15].u_mm_intt/product_0[16]
                         DSP48E1 (Prop_dsp48e1_A[16]_P[1])
                                                      2.737    30.622 r  gen_modmul_intt[15].u_mm_intt/product/P[1]
                         net (fo=1, unplaced)         0.466    31.087    gen_modmul_intt[15].u_mm_intt/product_n_104
                         LUT2 (Prop_lut2_I1_O)        0.043    31.130 r  gen_modmul_intt[15].u_mm_intt/t_carry_i_5__30/O
                         net (fo=1, unplaced)         0.000    31.130    gen_modmul_intt[15].u_mm_intt/t_carry_i_5__30_n_0
                         CARRY4 (Prop_carry4_S[1]_CO[3])
                                                      0.256    31.386 r  gen_modmul_intt[15].u_mm_intt/t_carry/CO[3]
                         net (fo=1, unplaced)         0.007    31.393    gen_modmul_intt[15].u_mm_intt/t_carry_n_0
                         CARRY4 (Prop_carry4_CI_O[1])
                                                      0.173    31.566 r  gen_modmul_intt[15].u_mm_intt/t_carry__0/O[1]
                         net (fo=4, unplaced)         0.350    31.916    gen_modmul_intt[15].u_mm_intt/t_carry__0_n_6
                         LUT4 (Prop_lut4_I1_O)        0.125    32.041 r  gen_modmul_intt[15].u_mm_intt/gen_banks[15].mem_reg_0_15_0_5_i_1466/O
                         net (fo=1, unplaced)         0.742    32.783    gen_modmul_intt[15].u_mm_intt/gen_banks[15].mem_reg_0_15_0_5_i_1466_n_0
                         LUT6 (Prop_lut6_I1_O)        0.043    32.826 r  gen_modmul_intt[15].u_mm_intt/gen_banks[15].mem_reg_0_15_0_5_i_983/O
                         net (fo=17, unplaced)        0.326    33.152    gen_modmul_intt[15].u_mm_intt/reduced1__0
                         LUT3 (Prop_lut3_I1_O)        0.047    33.199 r  gen_modmul_intt[15].u_mm_intt/gen_banks[15].mem_reg_0_15_6_11_i_269/O
                         net (fo=1, unplaced)         0.359    33.558    u_ctrl/mm_intt_out[101]
                         LUT6 (Prop_lut6_I5_O)        0.043    33.601 r  u_ctrl/gen_banks[15].mem_reg_0_15_6_11_i_171/O
                         net (fo=2, unplaced)         0.418    34.019    u_ctrl/gen_banks[15].mem_reg_0_15_6_11_i_171_n_0
                         LUT6 (Prop_lut6_I3_O)        0.043    34.062 r  u_ctrl/gen_banks[15].mem_reg_0_15_18_23_i_123/O
                         net (fo=4, unplaced)         0.431    34.493    u_ctrl/bfly_data_pre[533]
                         LUT6 (Prop_lut6_I3_O)        0.043    34.536 r  u_ctrl/gen_banks[12].mem_reg_0_15_18_23_i_35/O
                         net (fo=4, unplaced)         0.294    34.830    u_ctrl/gen_banks[12].mem_reg_0_15_18_23_i_35_n_0
                         LUT6 (Prop_lut6_I1_O)        0.043    34.873 r  u_ctrl/gen_banks[8].mem_reg_0_15_18_23_i_15/O
                         net (fo=1, unplaced)         0.000    34.873    u_ctrl/bfly_data_routed[295]
                         MUXF7 (Prop_muxf7_I0_O)      0.115    34.988 r  u_ctrl/gen_banks[8].mem_reg_0_15_18_23_i_5/O
                         net (fo=1, unplaced)         0.192    35.180    u_membanks/gen_banks[8].mem_reg_0_15_18_23/DIC1
                         RAMD32                                       r  u_membanks/gen_banks[8].mem_reg_0_15_18_23/RAMC_D1/I
  -------------------------------------------------------------------    -------------------

                         (clock clk rise edge)        3.000     3.000 r  
                                                      0.000     3.000 r  clk (IN)
                         net (fo=0)                   0.000     3.000    clk
                         IBUF (Prop_ibuf_I_O)         0.649     3.649 r  clk_IBUF_inst/O
                         net (fo=1, unplaced)         0.442     4.091    clk_IBUF
                         BUFG (Prop_bufg_I_O)         0.083     4.174 r  clk_IBUF_BUFG_inst/O
                         net (fo=838, unplaced)       0.439     4.613    u_membanks/gen_banks[8].mem_reg_0_15_18_23/WCLK
                         RAMD32                                       r  u_membanks/gen_banks[8].mem_reg_0_15_18_23/RAMC_D1/CLK
                         clock pessimism              0.108     4.721    
                         clock uncertainty           -0.035     4.686    
                         RAMD32 (Setup_ramd32_CLK_I)
                                                     -0.226     4.460    u_membanks/gen_banks[8].mem_reg_0_15_18_23/RAMC_D1
  -------------------------------------------------------------------
                         required time                          4.460    
                         arrival time                         -35.180    
  -------------------------------------------------------------------
                         slack                                -30.721    

Slack (VIOLATED) :        -30.721ns  (required time - arrival time)
  Source:                 u_ctrl/b_cnt_reg[1]/C
                            (rising edge-triggered cell FDCE clocked by clk  {rise@0.000ns fall@1.500ns period=3.000ns})
  Destination:            u_membanks/gen_banks[8].mem_reg_0_15_6_11/RAMC_D1/I
                            (rising edge-triggered cell RAMD32 clocked by clk  {rise@0.000ns fall@1.500ns period=3.000ns})
  Path Group:             clk
  Path Type:              Setup (Max at Slow Process Corner)
  Requirement:            3.000ns  (clk rise@3.000ns - clk rise@0.000ns)
  Data Path Delay:        33.314ns  (logic 11.202ns (33.625%)  route 22.112ns (66.375%))
  Logic Levels:           73  (CARRY4=26 DSP48E1=1 LUT2=5 LUT3=4 LUT4=9 LUT5=6 LUT6=20 MUXF7=1 RAMD32=1)
  Clock Path Skew:        -0.145ns (DCD - SCD + CPR)
    Destination Clock Delay (DCD):    1.613ns = ( 4.613 - 3.000 ) 
    Source Clock Delay      (SCD):    1.866ns
    Clock Pessimism Removal (CPR):    0.108ns
  Clock Uncertainty:      0.035ns  ((TSJ^2 + TIJ^2)^1/2 + DJ) / 2 + PE
    Total System Jitter     (TSJ):    0.071ns
    Total Input Jitter      (TIJ):    0.000ns
    Discrete Jitter          (DJ):    0.000ns
    Phase Error              (PE):    0.000ns

    Location             Delay type                Incr(ns)  Path(ns)    Netlist Resource(s)
  -------------------------------------------------------------------    -------------------
                         (clock clk rise edge)        0.000     0.000 r  
                                                      0.000     0.000 r  clk (IN)
                         net (fo=0)                   0.000     0.000    clk
                         IBUF (Prop_ibuf_I_O)         0.723     0.723 r  clk_IBUF_inst/O
                         net (fo=1, unplaced)         0.466     1.189    clk_IBUF
                         BUFG (Prop_bufg_I_O)         0.093     1.282 r  clk_IBUF_BUFG_inst/O
                         net (fo=838, unplaced)       0.584     1.866    u_ctrl/clk_IBUF_BUFG
                         FDCE                                         r  u_ctrl/b_cnt_reg[1]/C
  -------------------------------------------------------------------    -------------------
                         FDCE (Prop_fdce_C_Q)         0.233     2.099 r  u_ctrl/b_cnt_reg[1]/Q
                         net (fo=10, unplaced)        0.310     2.409    u_ctrl/b_cnt_reg_n_0_[1]
                         LUT2 (Prop_lut2_I0_O)        0.133     2.542 r  u_ctrl/z1_full_i_111/O
                         net (fo=1, unplaced)         0.000     2.542    u_ctrl/z1_full_i_111_n_0
                         CARRY4 (Prop_carry4_DI[1]_O[2])
                                                      0.286     2.828 r  u_ctrl/z1_full_i_105/O[2]
                         net (fo=2, unplaced)         0.508     3.336    u_addrgen/z1_full_i_108[1]
                         CARRY4 (Prop_carry4_DI[1]_O[2])
                                                      0.358     3.694 r  u_addrgen/z1_full_i_104/O[2]
                         net (fo=1, unplaced)         0.270     3.964    u_ctrl/O[2]
                         LUT2 (Prop_lut2_I0_O)        0.127     4.091 r  u_ctrl/z1_full_i_106/O
                         net (fo=1, unplaced)         0.000     4.091    u_ctrl/z1_full_i_106_n_0
                         CARRY4 (Prop_carry4_S[3]_O[3])
                                                      0.114     4.205 r  u_ctrl/z1_full_i_103/O[3]
                         net (fo=29, unplaced)        0.563     4.768    u_ctrl/g_cnt_reg[7]_0[7]
                         LUT2 (Prop_lut2_I0_O)        0.120     4.888 r  u_ctrl/gen_banks[15].mem_reg_0_15_0_5_i_318/O
                         net (fo=1, unplaced)         0.000     4.888    u_ctrl/gen_banks[15].mem_reg_0_15_0_5_i_318_n_0
                         CARRY4 (Prop_carry4_S[3]_O[3])
                                                      0.114     5.002 r  u_ctrl/gen_banks[15].mem_reg_0_15_0_5_i_184/O[3]
                         net (fo=4, unplaced)         0.518     5.520    u_ctrl/orig_addrs[47]
                         LUT6 (Prop_lut6_I5_O)        0.120     5.640 r  u_ctrl/gen_banks[13].mem_reg_0_15_0_5_i_58/O
                         net (fo=4, unplaced)         0.383     6.023    u_ctrl/gen_banks[13].mem_reg_0_15_0_5_i_58_n_0
                         LUT6 (Prop_lut6_I1_O)        0.043     6.066 r  u_ctrl/gen_banks[13].mem_reg_0_15_0_5_i_29/O
                         net (fo=2, unplaced)         0.281     6.347    u_ctrl/ntt_waddr[55]
                         LUT4 (Prop_lut4_I3_O)        0.043     6.390 r  u_ctrl/gen_banks[13].mem_reg_0_15_0_5_i_8/O
                         net (fo=36, unplaced)        0.481     6.871    u_membanks/gen_banks[13].mem_reg_0_15_0_5/ADDRB3
                         RAMD32 (Prop_ramd32_RADR3_O)
                                                      0.043     6.914 f  u_membanks/gen_banks[13].mem_reg_0_15_0_5/RAMB_D1/O
                         net (fo=5, unplaced)         0.770     7.684    u_membanks/bank_dout[445]
                         LUT6 (Prop_lut6_I1_O)        0.043     7.727 f  u_membanks/z1_full_i_48__0/O
                         net (fo=4, unplaced)         0.766     8.493    u_membanks/z1_full_i_48__0_n_0
                         LUT6 (Prop_lut6_I0_O)        0.043     8.536 f  u_membanks/z1_full_i_8__14/O
                         net (fo=23, unplaced)        0.470     9.006    u_membanks/g_cnt_reg[2]_9[2]
                         LUT4 (Prop_lut4_I1_O)        0.043     9.049 f  u_membanks/raw_sum_carry_i_21__59/O
                         net (fo=1, unplaced)         0.407     9.456    u_membanks/raw_sum_carry_i_21__59_n_0
                         LUT5 (Prop_lut5_I2_O)        0.043     9.499 f  u_membanks/raw_sum_carry_i_11__96/O
                         net (fo=79, unplaced)        0.836    10.335    gen_intt_n2d1[15].u_intt_n2d1/raw_sum_carry_i_49__4_0
                         LUT5 (Prop_lut5_I3_O)        0.043    10.378 f  gen_intt_n2d1[15].u_intt_n2d1/raw_sum_carry_i_19__30/O
                         net (fo=10, unplaced)        0.450    10.828    gen_intt_n2d1[15].u_intt_n2d1/raw_sum_carry_i_19__30_n_0
                         LUT4 (Prop_lut4_I3_O)        0.043    10.871 r  gen_intt_n2d1[15].u_intt_n2d1/raw_sum_carry_i_10__55/O
                         net (fo=58, unplaced)        0.356    11.227    gen_intt_n2d1[15].u_intt_n2d1/raw_sum_carry_i_19__30_0
                         LUT4 (Prop_lut4_I3_O)        0.043    11.270 r  gen_intt_n2d1[15].u_intt_n2d1/raw_sum_carry_i_7__61/O
                         net (fo=1, unplaced)         0.000    11.270    gen_r2intt_r16.u_r2intt16/gen_s0[7].u_bf/u_sub/add_inst/raw_sum_carry__0_i_24__1_1[1]
                         CARRY4 (Prop_carry4_S[1]_CO[3])
                                                      0.256    11.526 r  gen_r2intt_r16.u_r2intt16/gen_s0[7].u_bf/u_sub/add_inst/raw_sum_carry/CO[3]
                         net (fo=1, unplaced)         0.007    11.533    gen_r2intt_r16.u_r2intt16/gen_s0[7].u_bf/u_sub/add_inst/raw_sum_carry_n_0
                         CARRY4 (Prop_carry4_CI_O[1])
                                                      0.173    11.706 r  gen_r2intt_r16.u_r2intt16/gen_s0[7].u_bf/u_sub/add_inst/raw_sum_carry__0/O[1]
                         net (fo=1, unplaced)         0.386    12.092    gen_r2intt_r16.u_r2intt16/gen_s0[7].u_bf/u_sub/add_inst/raw_sum_carry__0_n_6
                         CARRY4 (Prop_carry4_S[1]_CO[3])
                                                      0.381    12.473 r  gen_r2intt_r16.u_r2intt16/gen_s0[7].u_bf/u_sub/add_inst/raw_sum_carry__1_i_22__6/CO[3]
                         net (fo=1, unplaced)         0.000    12.473    gen_r2intt_r16.u_r2intt16/gen_s0[7].u_bf/u_sub/add_inst/raw_sum_carry__1_i_22__6_n_0
                         CARRY4 (Prop_carry4_CI_O[3])
                                                      0.157    12.630 f  gen_r2intt_r16.u_r2intt16/gen_s0[7].u_bf/u_sub/add_inst/raw_sum_carry_i_37__9/O[3]
                         net (fo=2, unplaced)         0.505    13.135    gen_intt_n2d1[15].u_intt_n2d1/reduced[10]
                         LUT6 (Prop_lut6_I5_O)        0.120    13.255 f  gen_intt_n2d1[15].u_intt_n2d1/raw_sum_carry_i_59__4/O
                         net (fo=1, unplaced)         0.270    13.525    gen_intt_n2d1[15].u_intt_n2d1/raw_sum_carry_i_59__4_n_0
                         LUT6 (Prop_lut6_I2_O)        0.043    13.568 f  gen_intt_n2d1[15].u_intt_n2d1/raw_sum_carry_i_49__4/O
                         net (fo=1, unplaced)         0.742    14.310    gen_intt_n2d1[15].u_intt_n2d1/raw_sum_carry_i_49__4_n_0
                         LUT6 (Prop_lut6_I1_O)        0.043    14.353 f  gen_intt_n2d1[15].u_intt_n2d1/raw_sum_carry_i_46__4/O
                         net (fo=2, unplaced)         0.253    14.606    gen_intt_n2d1[15].u_intt_n2d1/raw_sum_carry_i_46__4_n_0
                         LUT6 (Prop_lut6_I3_O)        0.043    14.649 f  gen_intt_n2d1[15].u_intt_n2d1/raw_sum_carry_i_35__21/O
                         net (fo=1, unplaced)         0.270    14.919    gen_intt_n2d1[15].u_intt_n2d1/raw_sum_carry_i_35__21_n_0
                         LUT6 (Prop_lut6_I5_O)        0.043    14.962 r  gen_intt_n2d1[15].u_intt_n2d1/raw_sum_carry_i_19__47/O
                         net (fo=51, unplaced)        0.353    15.315    gen_intt_n2d1[15].u_intt_n2d1/raw_sum_carry_i_35__21_0
                         LUT4 (Prop_lut4_I0_O)        0.043    15.358 r  gen_intt_n2d1[15].u_intt_n2d1/raw_sum_carry_i_7__106/O
                         net (fo=1, unplaced)         0.000    15.358    gen_r2intt_r16.u_r2intt16/gen_s1_b[3].gen_s1_g[1].u_bf/u_sub/add_inst/raw_sum_carry_i_26__40_0[1]
                         CARRY4 (Prop_carry4_S[1]_CO[3])
                                                      0.256    15.614 r  gen_r2intt_r16.u_r2intt16/gen_s1_b[3].gen_s1_g[1].u_bf/u_sub/add_inst/raw_sum_carry/CO[3]
                         net (fo=1, unplaced)         0.007    15.621    gen_r2intt_r16.u_r2intt16/gen_s1_b[3].gen_s1_g[1].u_bf/u_sub/add_inst/raw_sum_carry_n_0
                         CARRY4 (Prop_carry4_CI_O[1])
                                                      0.173    15.794 r  gen_r2intt_r16.u_r2intt16/gen_s1_b[3].gen_s1_g[1].u_bf/u_sub/add_inst/raw_sum_carry__0/O[1]
                         net (fo=1, unplaced)         0.386    16.180    gen_r2intt_r16.u_r2intt16/gen_s1_b[3].gen_s1_g[1].u_bf/u_sub/add_inst/raw_sum_carry__0_n_6
                         CARRY4 (Prop_carry4_S[1]_CO[3])
                                                      0.381    16.561 r  gen_r2intt_r16.u_r2intt16/gen_s1_b[3].gen_s1_g[1].u_bf/u_sub/add_inst/raw_sum_carry_i_23__43/CO[3]
                         net (fo=1, unplaced)         0.000    16.561    gen_r2intt_r16.u_r2intt16/gen_s1_b[3].gen_s1_g[1].u_bf/u_sub/add_inst/raw_sum_carry_i_23__43_n_0
                         CARRY4 (Prop_carry4_CI_O[3])
                                                      0.157    16.718 r  gen_r2intt_r16.u_r2intt16/gen_s1_b[3].gen_s1_g[1].u_bf/u_sub/add_inst/raw_sum_carry_i_22__39/O[3]
                         net (fo=1, unplaced)         0.494    17.212    gen_intt_n2d1[15].u_intt_n2d1/reduced_6[5]
                         LUT6 (Prop_lut6_I5_O)        0.120    17.332 r  gen_intt_n2d1[15].u_intt_n2d1/raw_sum_carry__0_i_17__10/O
                         net (fo=9, unplaced)         0.400    17.732    gen_intt_n2d1[15].u_intt_n2d1/s1[15]_1[5]
                         LUT4 (Prop_lut4_I0_O)        0.043    17.775 r  gen_intt_n2d1[15].u_intt_n2d1/raw_sum_carry__2_i_18__27/O
                         net (fo=7, unplaced)         0.442    18.217    gen_intt_n2d1[13].u_intt_n2d1/raw_sum_carry_i_7__87_0
                         LUT6 (Prop_lut6_I0_O)        0.043    18.260 r  gen_intt_n2d1[13].u_intt_n2d1/raw_sum_carry__2_i_16__29/O
                         net (fo=6, unplaced)         0.302    18.562    gen_intt_n2d1[15].u_intt_n2d1/raw_sum_carry__2[3]
                         LUT5 (Prop_lut5_I4_O)        0.043    18.605 r  gen_intt_n2d1[15].u_intt_n2d1/raw_sum_carry_i_8__81/O
                         net (fo=1, unplaced)         0.270    18.875    gen_intt_n2d1[15].u_intt_n2d1/raw_sum_carry_i_8__81_n_0
                         LUT5 (Prop_lut5_I3_O)        0.043    18.918 r  gen_intt_n2d1[15].u_intt_n2d1/raw_sum_carry_i_5__108/O
                         net (fo=37, unplaced)        0.345    19.263    gen_intt_n2d1[15].u_intt_n2d1/raw_sum_carry__1_i_16__16_0
                         LUT3 (Prop_lut3_I0_O)        0.043    19.306 r  gen_intt_n2d1[15].u_intt_n2d1/raw_sum_carry_i_3__119/O
                         net (fo=1, unplaced)         0.000    19.306    gen_r2intt_r16.u_r2intt16/gen_s2_b[1].gen_s2_g[3].u_bf/u_sub/add_inst/raw_sum_carry__0_i_14__50_0[1]
                         CARRY4 (Prop_carry4_S[1]_CO[3])
                                                      0.256    19.562 r  gen_r2intt_r16.u_r2intt16/gen_s2_b[1].gen_s2_g[3].u_bf/u_sub/add_inst/raw_sum_carry/CO[3]
                         net (fo=1, unplaced)         0.007    19.569    gen_r2intt_r16.u_r2intt16/gen_s2_b[1].gen_s2_g[3].u_bf/u_sub/add_inst/raw_sum_carry_n_0
                         CARRY4 (Prop_carry4_CI_O[1])
                                                      0.173    19.742 r  gen_r2intt_r16.u_r2intt16/gen_s2_b[1].gen_s2_g[3].u_bf/u_sub/add_inst/raw_sum_carry__0/O[1]
                         net (fo=1, unplaced)         0.386    20.128    gen_r2intt_r16.u_r2intt16/gen_s2_b[1].gen_s2_g[3].u_bf/u_sub/add_inst/raw_sum_carry__0_n_6
                         CARRY4 (Prop_carry4_S[1]_CO[3])
                                                      0.381    20.509 r  gen_r2intt_r16.u_r2intt16/gen_s2_b[1].gen_s2_g[3].u_bf/u_sub/add_inst/raw_sum_carry__1_i_15__22/CO[3]
                         net (fo=1, unplaced)         0.000    20.509    gen_r2intt_r16.u_r2intt16/gen_s2_b[1].gen_s2_g[3].u_bf/u_sub/add_inst/raw_sum_carry__1_i_15__22_n_0
                         CARRY4 (Prop_carry4_CI_O[3])
                                                      0.157    20.666 f  gen_r2intt_r16.u_r2intt16/gen_s2_b[1].gen_s2_g[3].u_bf/u_sub/add_inst/raw_sum_carry_i_25__50/O[3]
                         net (fo=1, unplaced)         0.494    21.160    gen_intt_n2d1[11].u_intt_n2d1/raw_sum_carry_i_23__53_0[2]
                         LUT3 (Prop_lut3_I2_O)        0.124    21.284 f  gen_intt_n2d1[11].u_intt_n2d1/raw_sum_carry_i_31__33/O
                         net (fo=1, unplaced)         0.270    21.554    gen_intt_n2d1[11].u_intt_n2d1/raw_sum_carry_i_31__33_n_0
                         LUT5 (Prop_lut5_I4_O)        0.043    21.597 r  gen_intt_n2d1[11].u_intt_n2d1/raw_sum_carry_i_23__53/O
                         net (fo=8, unplaced)         0.308    21.905    gen_intt_n2d1[15].u_intt_n2d1/raw_sum_carry_i_7__103_0
                         LUT4 (Prop_lut4_I0_O)        0.043    21.948 f  gen_intt_n2d1[15].u_intt_n2d1/raw_sum_carry_i_17__62/O
                         net (fo=12, unplaced)        0.455    22.403    gen_intt_n2d1[15].u_intt_n2d1/raw_sum_carry_i_17__62_n_0
                         LUT5 (Prop_lut5_I1_O)        0.043    22.446 f  gen_intt_n2d1[15].u_intt_n2d1/out0_carry_i_6__33/O
                         net (fo=3, unplaced)         0.760    23.206    gen_intt_n2d1[15].u_intt_n2d1/gen_r2intt_r16.u_r2intt16/s2[15][1]
                         LUT6 (Prop_lut6_I1_O)        0.043    23.249 r  gen_intt_n2d1[15].u_intt_n2d1/raw_sum_carry_i_6__103/O
                         net (fo=63, unplaced)        0.358    23.607    gen_intt_n2d1[15].u_intt_n2d1/raw_sum_carry_i_15__81_0
                         LUT3 (Prop_lut3_I1_O)        0.043    23.650 r  gen_intt_n2d1[15].u_intt_n2d1/raw_sum_carry_i_4__108/O
                         net (fo=1, unplaced)         0.000    23.650    gen_r2intt_r16.u_r2intt16/gen_s3[7].u_bf/u_sub/add_inst/out0_carry_i_7__46_0[0]
                         CARRY4 (Prop_carry4_S[0]_CO[3])
                                                      0.246    23.896 r  gen_r2intt_r16.u_r2intt16/gen_s3[7].u_bf/u_sub/add_inst/raw_sum_carry/CO[3]
                         net (fo=1, unplaced)         0.007    23.903    gen_r2intt_r16.u_r2intt16/gen_s3[7].u_bf/u_sub/add_inst/raw_sum_carry_n_0
                         CARRY4 (Prop_carry4_CI_CO[3])
                                                      0.054    23.957 r  gen_r2intt_r16.u_r2intt16/gen_s3[7].u_bf/u_sub/add_inst/raw_sum_carry__0/CO[3]
                         net (fo=1, unplaced)         0.000    23.957    gen_r2intt_r16.u_r2intt16/gen_s3[7].u_bf/u_sub/add_inst/raw_sum_carry__0_n_0
                         CARRY4 (Prop_carry4_CI_CO[3])
                                                      0.054    24.011 r  gen_r2intt_r16.u_r2intt16/gen_s3[7].u_bf/u_sub/add_inst/raw_sum_carry__1/CO[3]
                         net (fo=1, unplaced)         0.000    24.011    gen_r2intt_r16.u_r2intt16/gen_s3[7].u_bf/u_sub/add_inst/raw_sum_carry__1_n_0
                         CARRY4 (Prop_carry4_CI_CO[3])
                                                      0.054    24.065 r  gen_r2intt_r16.u_r2intt16/gen_s3[7].u_bf/u_sub/add_inst/raw_sum_carry__2/CO[3]
                         net (fo=1, unplaced)         0.000    24.065    gen_r2intt_r16.u_r2intt16/gen_s3[7].u_bf/u_sub/add_inst/raw_sum_carry__2_n_0
                         CARRY4 (Prop_carry4_CI_O[0])
                                                      0.114    24.179 r  gen_r2intt_r16.u_r2intt16/gen_s3[7].u_bf/u_sub/add_inst/raw_sum_carry__3/O[0]
                         net (fo=1, unplaced)         0.191    24.370    gen_r2intt_r16.u_r2intt16/gen_s3[7].u_bf/u_sub/add_inst/raw_sum_carry__3_n_7
                         LUT2 (Prop_lut2_I1_O)        0.123    24.493 r  gen_r2intt_r16.u_r2intt16/gen_s3[7].u_bf/u_sub/add_inst/out0_carry_i_9__34/O
                         net (fo=1, unplaced)         0.000    24.493    gen_r2intt_r16.u_r2intt16/gen_s3[7].u_bf/u_sub/add_inst/out0_carry_i_9__34_n_0
                         CARRY4 (Prop_carry4_S[0]_CO[3])
                                                      0.246    24.739 r  gen_r2intt_r16.u_r2intt16/gen_s3[7].u_bf/u_sub/add_inst/out0_carry_i_7__46/CO[3]
                         net (fo=1, unplaced)         0.007    24.746    gen_r2intt_r16.u_r2intt16/gen_s3[7].u_bf/u_sub/add_inst/out0_carry_i_7__46_n_0
                         CARRY4 (Prop_carry4_CI_O[3])
                                                      0.157    24.903 r  gen_r2intt_r16.u_r2intt16/gen_s3[7].u_bf/u_sub/add_inst/out0_carry_i_8__42/O[3]
                         net (fo=2, unplaced)         0.505    25.408    gen_intt_n2d1[15].u_intt_n2d1/out0_carry__0_5[3]
                         LUT6 (Prop_lut6_I5_O)        0.120    25.528 r  gen_intt_n2d1[15].u_intt_n2d1/product_i_31__28/O
                         net (fo=2, unplaced)         0.253    25.781    gen_intt_n2d1[15].u_intt_n2d1/intt_d1_out[261]
                         LUT4 (Prop_lut4_I0_O)        0.043    25.824 r  gen_intt_n2d1[15].u_intt_n2d1/out0_carry__2_i_7__29/O
                         net (fo=4, unplaced)         0.766    26.590    gen_intt_n2d1[15].u_intt_n2d1/out0_carry__2_i_7__29_n_0
                         LUT6 (Prop_lut6_I3_O)        0.043    26.633 r  gen_intt_n2d1[15].u_intt_n2d1/out0_carry__2_i_2__45/O
                         net (fo=1, unplaced)         0.000    26.633    gen_intt_d1n[15].u_id1n/intt_d1_out[2]
                         CARRY4 (Prop_carry4_S[2]_O[3])
                                                      0.172    26.805 r  gen_intt_d1n[15].u_id1n/out0_carry__2/O[3]
                         net (fo=1, unplaced)         0.494    27.299    gen_intt_n2d1[15].u_intt_n2d1/data0__1[15]
                         LUT6 (Prop_lut6_I0_O)        0.120    27.419 r  gen_intt_n2d1[15].u_intt_n2d1/product_i_1__29/O
                         net (fo=1, unplaced)         0.466    27.885    gen_modmul_intt[15].u_mm_intt/product_0[16]
                         DSP48E1 (Prop_dsp48e1_A[16]_P[1])
                                                      2.737    30.622 r  gen_modmul_intt[15].u_mm_intt/product/P[1]
                         net (fo=1, unplaced)         0.466    31.087    gen_modmul_intt[15].u_mm_intt/product_n_104
                         LUT2 (Prop_lut2_I1_O)        0.043    31.130 r  gen_modmul_intt[15].u_mm_intt/t_carry_i_5__30/O
                         net (fo=1, unplaced)         0.000    31.130    gen_modmul_intt[15].u_mm_intt/t_carry_i_5__30_n_0
                         CARRY4 (Prop_carry4_S[1]_CO[3])
                                                      0.256    31.386 r  gen_modmul_intt[15].u_mm_intt/t_carry/CO[3]
                         net (fo=1, unplaced)         0.007    31.393    gen_modmul_intt[15].u_mm_intt/t_carry_n_0
                         CARRY4 (Prop_carry4_CI_O[1])
                                                      0.173    31.566 r  gen_modmul_intt[15].u_mm_intt/t_carry__0/O[1]
                         net (fo=4, unplaced)         0.350    31.916    gen_modmul_intt[15].u_mm_intt/t_carry__0_n_6
                         LUT4 (Prop_lut4_I1_O)        0.125    32.041 r  gen_modmul_intt[15].u_mm_intt/gen_banks[15].mem_reg_0_15_0_5_i_1466/O
                         net (fo=1, unplaced)         0.742    32.783    gen_modmul_intt[15].u_mm_intt/gen_banks[15].mem_reg_0_15_0_5_i_1466_n_0
                         LUT6 (Prop_lut6_I1_O)        0.043    32.826 r  gen_modmul_intt[15].u_mm_intt/gen_banks[15].mem_reg_0_15_0_5_i_983/O
                         net (fo=17, unplaced)        0.326    33.152    gen_modmul_intt[15].u_mm_intt/reduced1__0
                         LUT3 (Prop_lut3_I1_O)        0.047    33.199 r  gen_modmul_intt[15].u_mm_intt/gen_banks[15].mem_reg_0_15_6_11_i_349/O
                         net (fo=1, unplaced)         0.359    33.558    u_ctrl/mm_intt_out[106]
                         LUT6 (Prop_lut6_I5_O)        0.043    33.601 r  u_ctrl/gen_banks[15].mem_reg_0_15_6_11_i_221/O
                         net (fo=2, unplaced)         0.418    34.019    u_ctrl/gen_banks[15].mem_reg_0_15_6_11_i_221_n_0
                         LUT6 (Prop_lut6_I1_O)        0.043    34.062 r  u_ctrl/gen_banks[15].mem_reg_0_15_6_11_i_123/O
                         net (fo=4, unplaced)         0.431    34.493    u_ctrl/bfly_data_pre[521]
                         LUT6 (Prop_lut6_I3_O)        0.043    34.536 r  u_ctrl/gen_banks[12].mem_reg_0_15_6_11_i_35/O
                         net (fo=4, unplaced)         0.294    34.830    u_ctrl/gen_banks[12].mem_reg_0_15_6_11_i_35_n_0
                         LUT6 (Prop_lut6_I1_O)        0.043    34.873 r  u_ctrl/gen_banks[8].mem_reg_0_15_6_11_i_15/O
                         net (fo=1, unplaced)         0.000    34.873    u_ctrl/bfly_data_routed[283]
                         MUXF7 (Prop_muxf7_I0_O)      0.115    34.988 r  u_ctrl/gen_banks[8].mem_reg_0_15_6_11_i_5/O
                         net (fo=1, unplaced)         0.192    35.180    u_membanks/gen_banks[8].mem_reg_0_15_6_11/DIC1
                         RAMD32                                       r  u_membanks/gen_banks[8].mem_reg_0_15_6_11/RAMC_D1/I
  -------------------------------------------------------------------    -------------------

                         (clock clk rise edge)        3.000     3.000 r  
                                                      0.000     3.000 r  clk (IN)
                         net (fo=0)                   0.000     3.000    clk
                         IBUF (Prop_ibuf_I_O)         0.649     3.649 r  clk_IBUF_inst/O
                         net (fo=1, unplaced)         0.442     4.091    clk_IBUF
                         BUFG (Prop_bufg_I_O)         0.083     4.174 r  clk_IBUF_BUFG_inst/O
                         net (fo=838, unplaced)       0.439     4.613    u_membanks/gen_banks[8].mem_reg_0_15_6_11/WCLK
                         RAMD32                                       r  u_membanks/gen_banks[8].mem_reg_0_15_6_11/RAMC_D1/CLK
                         clock pessimism              0.108     4.721    
                         clock uncertainty           -0.035     4.686    
                         RAMD32 (Setup_ramd32_CLK_I)
                                                     -0.226     4.460    u_membanks/gen_banks[8].mem_reg_0_15_6_11/RAMC_D1
  -------------------------------------------------------------------
                         required time                          4.460    
                         arrival time                         -35.180    
  -------------------------------------------------------------------
                         slack                                -30.721    

Slack (VIOLATED) :        -30.720ns  (required time - arrival time)
  Source:                 u_ctrl/b_cnt_reg[1]/C
                            (rising edge-triggered cell FDCE clocked by clk  {rise@0.000ns fall@1.500ns period=3.000ns})
  Destination:            u_membanks/gen_banks[0].mem_reg_0_15_30_33/RAMB_D1/I
                            (rising edge-triggered cell RAMD32 clocked by clk  {rise@0.000ns fall@1.500ns period=3.000ns})
  Path Group:             clk
  Path Type:              Setup (Max at Slow Process Corner)
  Requirement:            3.000ns  (clk rise@3.000ns - clk rise@0.000ns)
  Data Path Delay:        33.325ns  (logic 11.451ns (34.361%)  route 21.874ns (65.639%))
  Logic Levels:           75  (CARRY4=30 DSP48E1=1 LUT2=5 LUT3=4 LUT4=8 LUT5=6 LUT6=19 MUXF7=1 RAMD32=1)
  Clock Path Skew:        -0.145ns (DCD - SCD + CPR)
    Destination Clock Delay (DCD):    1.613ns = ( 4.613 - 3.000 ) 
    Source Clock Delay      (SCD):    1.866ns
    Clock Pessimism Removal (CPR):    0.108ns
  Clock Uncertainty:      0.035ns  ((TSJ^2 + TIJ^2)^1/2 + DJ) / 2 + PE
    Total System Jitter     (TSJ):    0.071ns
    Total Input Jitter      (TIJ):    0.000ns
    Discrete Jitter          (DJ):    0.000ns
    Phase Error              (PE):    0.000ns

    Location             Delay type                Incr(ns)  Path(ns)    Netlist Resource(s)
  -------------------------------------------------------------------    -------------------
                         (clock clk rise edge)        0.000     0.000 r  
                                                      0.000     0.000 r  clk (IN)
                         net (fo=0)                   0.000     0.000    clk
                         IBUF (Prop_ibuf_I_O)         0.723     0.723 r  clk_IBUF_inst/O
                         net (fo=1, unplaced)         0.466     1.189    clk_IBUF
                         BUFG (Prop_bufg_I_O)         0.093     1.282 r  clk_IBUF_BUFG_inst/O
                         net (fo=838, unplaced)       0.584     1.866    u_ctrl/clk_IBUF_BUFG
                         FDCE                                         r  u_ctrl/b_cnt_reg[1]/C
  -------------------------------------------------------------------    -------------------
                         FDCE (Prop_fdce_C_Q)         0.233     2.099 r  u_ctrl/b_cnt_reg[1]/Q
                         net (fo=10, unplaced)        0.310     2.409    u_ctrl/b_cnt_reg_n_0_[1]
                         LUT2 (Prop_lut2_I0_O)        0.133     2.542 r  u_ctrl/z1_full_i_111/O
                         net (fo=1, unplaced)         0.000     2.542    u_ctrl/z1_full_i_111_n_0
                         CARRY4 (Prop_carry4_DI[1]_O[2])
                                                      0.286     2.828 r  u_ctrl/z1_full_i_105/O[2]
                         net (fo=2, unplaced)         0.508     3.336    u_addrgen/z1_full_i_108[1]
                         CARRY4 (Prop_carry4_DI[1]_O[2])
                                                      0.358     3.694 r  u_addrgen/z1_full_i_104/O[2]
                         net (fo=1, unplaced)         0.270     3.964    u_ctrl/O[2]
                         LUT2 (Prop_lut2_I0_O)        0.127     4.091 r  u_ctrl/z1_full_i_106/O
                         net (fo=1, unplaced)         0.000     4.091    u_ctrl/z1_full_i_106_n_0
                         CARRY4 (Prop_carry4_S[3]_O[3])
                                                      0.114     4.205 r  u_ctrl/z1_full_i_103/O[3]
                         net (fo=29, unplaced)        0.563     4.768    u_ctrl/g_cnt_reg[7]_0[7]
                         LUT2 (Prop_lut2_I0_O)        0.120     4.888 r  u_ctrl/gen_banks[15].mem_reg_0_15_0_5_i_318/O
                         net (fo=1, unplaced)         0.000     4.888    u_ctrl/gen_banks[15].mem_reg_0_15_0_5_i_318_n_0
                         CARRY4 (Prop_carry4_S[3]_O[3])
                                                      0.114     5.002 r  u_ctrl/gen_banks[15].mem_reg_0_15_0_5_i_184/O[3]
                         net (fo=4, unplaced)         0.518     5.520    u_ctrl/orig_addrs[47]
                         LUT6 (Prop_lut6_I5_O)        0.120     5.640 r  u_ctrl/gen_banks[13].mem_reg_0_15_0_5_i_58/O
                         net (fo=4, unplaced)         0.383     6.023    u_ctrl/gen_banks[13].mem_reg_0_15_0_5_i_58_n_0
                         LUT6 (Prop_lut6_I1_O)        0.043     6.066 r  u_ctrl/gen_banks[13].mem_reg_0_15_0_5_i_29/O
                         net (fo=2, unplaced)         0.281     6.347    u_ctrl/ntt_waddr[55]
                         LUT4 (Prop_lut4_I3_O)        0.043     6.390 r  u_ctrl/gen_banks[13].mem_reg_0_15_0_5_i_8/O
                         net (fo=36, unplaced)        0.481     6.871    u_membanks/gen_banks[13].mem_reg_0_15_0_5/ADDRB3
                         RAMD32 (Prop_ramd32_RADR3_O)
                                                      0.043     6.914 f  u_membanks/gen_banks[13].mem_reg_0_15_0_5/RAMB_D1/O
                         net (fo=5, unplaced)         0.770     7.684    u_membanks/bank_dout[445]
                         LUT6 (Prop_lut6_I1_O)        0.043     7.727 f  u_membanks/z1_full_i_48__0/O
                         net (fo=4, unplaced)         0.766     8.493    u_membanks/z1_full_i_48__0_n_0
                         LUT6 (Prop_lut6_I0_O)        0.043     8.536 f  u_membanks/z1_full_i_8__14/O
                         net (fo=23, unplaced)        0.470     9.006    u_membanks/g_cnt_reg[2]_9[2]
                         LUT4 (Prop_lut4_I1_O)        0.043     9.049 f  u_membanks/raw_sum_carry_i_21__59/O
                         net (fo=1, unplaced)         0.407     9.456    u_membanks/raw_sum_carry_i_21__59_n_0
                         LUT5 (Prop_lut5_I2_O)        0.043     9.499 f  u_membanks/raw_sum_carry_i_11__96/O
                         net (fo=79, unplaced)        0.836    10.335    gen_intt_n2d1[15].u_intt_n2d1/raw_sum_carry_i_49__4_0
                         LUT5 (Prop_lut5_I3_O)        0.043    10.378 f  gen_intt_n2d1[15].u_intt_n2d1/raw_sum_carry_i_19__30/O
                         net (fo=10, unplaced)        0.450    10.828    gen_intt_n2d1[15].u_intt_n2d1/raw_sum_carry_i_19__30_n_0
                         LUT4 (Prop_lut4_I3_O)        0.043    10.871 r  gen_intt_n2d1[15].u_intt_n2d1/raw_sum_carry_i_10__55/O
                         net (fo=58, unplaced)        0.356    11.227    gen_intt_n2d1[15].u_intt_n2d1/raw_sum_carry_i_19__30_0
                         LUT4 (Prop_lut4_I3_O)        0.043    11.270 r  gen_intt_n2d1[15].u_intt_n2d1/raw_sum_carry_i_7__61/O
                         net (fo=1, unplaced)         0.000    11.270    gen_r2intt_r16.u_r2intt16/gen_s0[7].u_bf/u_sub/add_inst/raw_sum_carry__0_i_24__1_1[1]
                         CARRY4 (Prop_carry4_S[1]_CO[3])
                                                      0.256    11.526 r  gen_r2intt_r16.u_r2intt16/gen_s0[7].u_bf/u_sub/add_inst/raw_sum_carry/CO[3]
                         net (fo=1, unplaced)         0.007    11.533    gen_r2intt_r16.u_r2intt16/gen_s0[7].u_bf/u_sub/add_inst/raw_sum_carry_n_0
                         CARRY4 (Prop_carry4_CI_O[1])
                                                      0.173    11.706 r  gen_r2intt_r16.u_r2intt16/gen_s0[7].u_bf/u_sub/add_inst/raw_sum_carry__0/O[1]
                         net (fo=1, unplaced)         0.386    12.092    gen_r2intt_r16.u_r2intt16/gen_s0[7].u_bf/u_sub/add_inst/raw_sum_carry__0_n_6
                         CARRY4 (Prop_carry4_S[1]_CO[3])
                                                      0.381    12.473 r  gen_r2intt_r16.u_r2intt16/gen_s0[7].u_bf/u_sub/add_inst/raw_sum_carry__1_i_22__6/CO[3]
                         net (fo=1, unplaced)         0.000    12.473    gen_r2intt_r16.u_r2intt16/gen_s0[7].u_bf/u_sub/add_inst/raw_sum_carry__1_i_22__6_n_0
                         CARRY4 (Prop_carry4_CI_O[3])
                                                      0.157    12.630 f  gen_r2intt_r16.u_r2intt16/gen_s0[7].u_bf/u_sub/add_inst/raw_sum_carry_i_37__9/O[3]
                         net (fo=2, unplaced)         0.505    13.135    gen_intt_n2d1[15].u_intt_n2d1/reduced[10]
                         LUT6 (Prop_lut6_I5_O)        0.120    13.255 f  gen_intt_n2d1[15].u_intt_n2d1/raw_sum_carry_i_59__4/O
                         net (fo=1, unplaced)         0.270    13.525    gen_intt_n2d1[15].u_intt_n2d1/raw_sum_carry_i_59__4_n_0
                         LUT6 (Prop_lut6_I2_O)        0.043    13.568 f  gen_intt_n2d1[15].u_intt_n2d1/raw_sum_carry_i_49__4/O
                         net (fo=1, unplaced)         0.742    14.310    gen_intt_n2d1[15].u_intt_n2d1/raw_sum_carry_i_49__4_n_0
                         LUT6 (Prop_lut6_I1_O)        0.043    14.353 f  gen_intt_n2d1[15].u_intt_n2d1/raw_sum_carry_i_46__4/O
                         net (fo=2, unplaced)         0.253    14.606    gen_intt_n2d1[15].u_intt_n2d1/raw_sum_carry_i_46__4_n_0
                         LUT6 (Prop_lut6_I3_O)        0.043    14.649 f  gen_intt_n2d1[15].u_intt_n2d1/raw_sum_carry_i_35__21/O
                         net (fo=1, unplaced)         0.270    14.919    gen_intt_n2d1[15].u_intt_n2d1/raw_sum_carry_i_35__21_n_0
                         LUT6 (Prop_lut6_I5_O)        0.043    14.962 r  gen_intt_n2d1[15].u_intt_n2d1/raw_sum_carry_i_19__47/O
                         net (fo=51, unplaced)        0.353    15.315    gen_intt_n2d1[15].u_intt_n2d1/raw_sum_carry_i_35__21_0
                         LUT4 (Prop_lut4_I0_O)        0.043    15.358 r  gen_intt_n2d1[15].u_intt_n2d1/raw_sum_carry_i_7__106/O
                         net (fo=1, unplaced)         0.000    15.358    gen_r2intt_r16.u_r2intt16/gen_s1_b[3].gen_s1_g[1].u_bf/u_sub/add_inst/raw_sum_carry_i_26__40_0[1]
                         CARRY4 (Prop_carry4_S[1]_CO[3])
                                                      0.256    15.614 r  gen_r2intt_r16.u_r2intt16/gen_s1_b[3].gen_s1_g[1].u_bf/u_sub/add_inst/raw_sum_carry/CO[3]
                         net (fo=1, unplaced)         0.007    15.621    gen_r2intt_r16.u_r2intt16/gen_s1_b[3].gen_s1_g[1].u_bf/u_sub/add_inst/raw_sum_carry_n_0
                         CARRY4 (Prop_carry4_CI_O[1])
                                                      0.173    15.794 r  gen_r2intt_r16.u_r2intt16/gen_s1_b[3].gen_s1_g[1].u_bf/u_sub/add_inst/raw_sum_carry__0/O[1]
                         net (fo=1, unplaced)         0.386    16.180    gen_r2intt_r16.u_r2intt16/gen_s1_b[3].gen_s1_g[1].u_bf/u_sub/add_inst/raw_sum_carry__0_n_6
                         CARRY4 (Prop_carry4_S[1]_CO[3])
                                                      0.381    16.561 r  gen_r2intt_r16.u_r2intt16/gen_s1_b[3].gen_s1_g[1].u_bf/u_sub/add_inst/raw_sum_carry_i_23__43/CO[3]
                         net (fo=1, unplaced)         0.000    16.561    gen_r2intt_r16.u_r2intt16/gen_s1_b[3].gen_s1_g[1].u_bf/u_sub/add_inst/raw_sum_carry_i_23__43_n_0
                         CARRY4 (Prop_carry4_CI_O[3])
                                                      0.157    16.718 r  gen_r2intt_r16.u_r2intt16/gen_s1_b[3].gen_s1_g[1].u_bf/u_sub/add_inst/raw_sum_carry_i_22__39/O[3]
                         net (fo=1, unplaced)         0.494    17.212    gen_intt_n2d1[15].u_intt_n2d1/reduced_6[5]
                         LUT6 (Prop_lut6_I5_O)        0.120    17.332 r  gen_intt_n2d1[15].u_intt_n2d1/raw_sum_carry__0_i_17__10/O
                         net (fo=9, unplaced)         0.400    17.732    gen_intt_n2d1[15].u_intt_n2d1/s1[15]_1[5]
                         LUT4 (Prop_lut4_I0_O)        0.043    17.775 r  gen_intt_n2d1[15].u_intt_n2d1/raw_sum_carry__2_i_18__27/O
                         net (fo=7, unplaced)         0.442    18.217    gen_intt_n2d1[13].u_intt_n2d1/raw_sum_carry_i_7__87_0
                         LUT6 (Prop_lut6_I0_O)        0.043    18.260 r  gen_intt_n2d1[13].u_intt_n2d1/raw_sum_carry__2_i_16__29/O
                         net (fo=6, unplaced)         0.302    18.562    gen_intt_n2d1[15].u_intt_n2d1/raw_sum_carry__2[3]
                         LUT5 (Prop_lut5_I4_O)        0.043    18.605 r  gen_intt_n2d1[15].u_intt_n2d1/raw_sum_carry_i_8__81/O
                         net (fo=1, unplaced)         0.270    18.875    gen_intt_n2d1[15].u_intt_n2d1/raw_sum_carry_i_8__81_n_0
                         LUT5 (Prop_lut5_I3_O)        0.043    18.918 r  gen_intt_n2d1[15].u_intt_n2d1/raw_sum_carry_i_5__108/O
                         net (fo=37, unplaced)        0.345    19.263    gen_intt_n2d1[15].u_intt_n2d1/raw_sum_carry__1_i_16__16_0
                         LUT3 (Prop_lut3_I0_O)        0.043    19.306 r  gen_intt_n2d1[15].u_intt_n2d1/raw_sum_carry_i_3__119/O
                         net (fo=1, unplaced)         0.000    19.306    gen_r2intt_r16.u_r2intt16/gen_s2_b[1].gen_s2_g[3].u_bf/u_sub/add_inst/raw_sum_carry__0_i_14__50_0[1]
                         CARRY4 (Prop_carry4_S[1]_CO[3])
                                                      0.256    19.562 r  gen_r2intt_r16.u_r2intt16/gen_s2_b[1].gen_s2_g[3].u_bf/u_sub/add_inst/raw_sum_carry/CO[3]
                         net (fo=1, unplaced)         0.007    19.569    gen_r2intt_r16.u_r2intt16/gen_s2_b[1].gen_s2_g[3].u_bf/u_sub/add_inst/raw_sum_carry_n_0
                         CARRY4 (Prop_carry4_CI_O[1])
                                                      0.173    19.742 r  gen_r2intt_r16.u_r2intt16/gen_s2_b[1].gen_s2_g[3].u_bf/u_sub/add_inst/raw_sum_carry__0/O[1]
                         net (fo=1, unplaced)         0.386    20.128    gen_r2intt_r16.u_r2intt16/gen_s2_b[1].gen_s2_g[3].u_bf/u_sub/add_inst/raw_sum_carry__0_n_6
                         CARRY4 (Prop_carry4_S[1]_CO[3])
                                                      0.381    20.509 r  gen_r2intt_r16.u_r2intt16/gen_s2_b[1].gen_s2_g[3].u_bf/u_sub/add_inst/raw_sum_carry__1_i_15__22/CO[3]
                         net (fo=1, unplaced)         0.000    20.509    gen_r2intt_r16.u_r2intt16/gen_s2_b[1].gen_s2_g[3].u_bf/u_sub/add_inst/raw_sum_carry__1_i_15__22_n_0
                         CARRY4 (Prop_carry4_CI_O[3])
                                                      0.157    20.666 f  gen_r2intt_r16.u_r2intt16/gen_s2_b[1].gen_s2_g[3].u_bf/u_sub/add_inst/raw_sum_carry_i_25__50/O[3]
                         net (fo=1, unplaced)         0.494    21.160    gen_intt_n2d1[11].u_intt_n2d1/raw_sum_carry_i_23__53_0[2]
                         LUT3 (Prop_lut3_I2_O)        0.124    21.284 f  gen_intt_n2d1[11].u_intt_n2d1/raw_sum_carry_i_31__33/O
                         net (fo=1, unplaced)         0.270    21.554    gen_intt_n2d1[11].u_intt_n2d1/raw_sum_carry_i_31__33_n_0
                         LUT5 (Prop_lut5_I4_O)        0.043    21.597 r  gen_intt_n2d1[11].u_intt_n2d1/raw_sum_carry_i_23__53/O
                         net (fo=8, unplaced)         0.308    21.905    gen_intt_n2d1[15].u_intt_n2d1/raw_sum_carry_i_7__103_0
                         LUT4 (Prop_lut4_I0_O)        0.043    21.948 f  gen_intt_n2d1[15].u_intt_n2d1/raw_sum_carry_i_17__62/O
                         net (fo=12, unplaced)        0.455    22.403    gen_intt_n2d1[15].u_intt_n2d1/raw_sum_carry_i_17__62_n_0
                         LUT5 (Prop_lut5_I1_O)        0.043    22.446 f  gen_intt_n2d1[15].u_intt_n2d1/out0_carry_i_6__33/O
                         net (fo=3, unplaced)         0.760    23.206    gen_intt_n2d1[15].u_intt_n2d1/gen_r2intt_r16.u_r2intt16/s2[15][1]
                         LUT6 (Prop_lut6_I1_O)        0.043    23.249 r  gen_intt_n2d1[15].u_intt_n2d1/raw_sum_carry_i_6__103/O
                         net (fo=63, unplaced)        0.358    23.607    gen_intt_n2d1[15].u_intt_n2d1/raw_sum_carry_i_15__81_0
                         LUT3 (Prop_lut3_I1_O)        0.043    23.650 r  gen_intt_n2d1[15].u_intt_n2d1/raw_sum_carry_i_4__108/O
                         net (fo=1, unplaced)         0.000    23.650    gen_r2intt_r16.u_r2intt16/gen_s3[7].u_bf/u_sub/add_inst/out0_carry_i_7__46_0[0]
                         CARRY4 (Prop_carry4_S[0]_CO[3])
                                                      0.246    23.896 r  gen_r2intt_r16.u_r2intt16/gen_s3[7].u_bf/u_sub/add_inst/raw_sum_carry/CO[3]
                         net (fo=1, unplaced)         0.007    23.903    gen_r2intt_r16.u_r2intt16/gen_s3[7].u_bf/u_sub/add_inst/raw_sum_carry_n_0
                         CARRY4 (Prop_carry4_CI_CO[3])
                                                      0.054    23.957 r  gen_r2intt_r16.u_r2intt16/gen_s3[7].u_bf/u_sub/add_inst/raw_sum_carry__0/CO[3]
                         net (fo=1, unplaced)         0.000    23.957    gen_r2intt_r16.u_r2intt16/gen_s3[7].u_bf/u_sub/add_inst/raw_sum_carry__0_n_0
                         CARRY4 (Prop_carry4_CI_CO[3])
                                                      0.054    24.011 r  gen_r2intt_r16.u_r2intt16/gen_s3[7].u_bf/u_sub/add_inst/raw_sum_carry__1/CO[3]
                         net (fo=1, unplaced)         0.000    24.011    gen_r2intt_r16.u_r2intt16/gen_s3[7].u_bf/u_sub/add_inst/raw_sum_carry__1_n_0
                         CARRY4 (Prop_carry4_CI_CO[3])
                                                      0.054    24.065 r  gen_r2intt_r16.u_r2intt16/gen_s3[7].u_bf/u_sub/add_inst/raw_sum_carry__2/CO[3]
                         net (fo=1, unplaced)         0.000    24.065    gen_r2intt_r16.u_r2intt16/gen_s3[7].u_bf/u_sub/add_inst/raw_sum_carry__2_n_0
                         CARRY4 (Prop_carry4_CI_O[0])
                                                      0.114    24.179 r  gen_r2intt_r16.u_r2intt16/gen_s3[7].u_bf/u_sub/add_inst/raw_sum_carry__3/O[0]
                         net (fo=1, unplaced)         0.191    24.370    gen_r2intt_r16.u_r2intt16/gen_s3[7].u_bf/u_sub/add_inst/raw_sum_carry__3_n_7
                         LUT2 (Prop_lut2_I1_O)        0.123    24.493 r  gen_r2intt_r16.u_r2intt16/gen_s3[7].u_bf/u_sub/add_inst/out0_carry_i_9__34/O
                         net (fo=1, unplaced)         0.000    24.493    gen_r2intt_r16.u_r2intt16/gen_s3[7].u_bf/u_sub/add_inst/out0_carry_i_9__34_n_0
                         CARRY4 (Prop_carry4_S[0]_CO[3])
                                                      0.246    24.739 r  gen_r2intt_r16.u_r2intt16/gen_s3[7].u_bf/u_sub/add_inst/out0_carry_i_7__46/CO[3]
                         net (fo=1, unplaced)         0.007    24.746    gen_r2intt_r16.u_r2intt16/gen_s3[7].u_bf/u_sub/add_inst/out0_carry_i_7__46_n_0
                         CARRY4 (Prop_carry4_CI_O[3])
                                                      0.157    24.903 r  gen_r2intt_r16.u_r2intt16/gen_s3[7].u_bf/u_sub/add_inst/out0_carry_i_8__42/O[3]
                         net (fo=2, unplaced)         0.505    25.408    gen_intt_n2d1[15].u_intt_n2d1/out0_carry__0_5[3]
                         LUT6 (Prop_lut6_I5_O)        0.120    25.528 r  gen_intt_n2d1[15].u_intt_n2d1/product_i_31__28/O
                         net (fo=2, unplaced)         0.253    25.781    gen_intt_n2d1[15].u_intt_n2d1/intt_d1_out[261]
                         LUT4 (Prop_lut4_I0_O)        0.043    25.824 r  gen_intt_n2d1[15].u_intt_n2d1/out0_carry__2_i_7__29/O
                         net (fo=4, unplaced)         0.766    26.590    gen_intt_n2d1[15].u_intt_n2d1/out0_carry__2_i_7__29_n_0
                         LUT6 (Prop_lut6_I3_O)        0.043    26.633 r  gen_intt_n2d1[15].u_intt_n2d1/out0_carry__2_i_2__45/O
                         net (fo=1, unplaced)         0.000    26.633    gen_intt_d1n[15].u_id1n/intt_d1_out[2]
                         CARRY4 (Prop_carry4_S[2]_O[3])
                                                      0.172    26.805 r  gen_intt_d1n[15].u_id1n/out0_carry__2/O[3]
                         net (fo=1, unplaced)         0.494    27.299    gen_intt_n2d1[15].u_intt_n2d1/data0__1[15]
                         LUT6 (Prop_lut6_I0_O)        0.120    27.419 r  gen_intt_n2d1[15].u_intt_n2d1/product_i_1__29/O
                         net (fo=1, unplaced)         0.466    27.885    gen_modmul_intt[15].u_mm_intt/product_0[16]
                         DSP48E1 (Prop_dsp48e1_A[16]_P[1])
                                                      2.737    30.622 r  gen_modmul_intt[15].u_mm_intt/product/P[1]
                         net (fo=1, unplaced)         0.466    31.087    gen_modmul_intt[15].u_mm_intt/product_n_104
                         LUT2 (Prop_lut2_I1_O)        0.043    31.130 r  gen_modmul_intt[15].u_mm_intt/t_carry_i_5__30/O
                         net (fo=1, unplaced)         0.000    31.130    gen_modmul_intt[15].u_mm_intt/t_carry_i_5__30_n_0
                         CARRY4 (Prop_carry4_S[1]_CO[3])
                                                      0.256    31.386 r  gen_modmul_intt[15].u_mm_intt/t_carry/CO[3]
                         net (fo=1, unplaced)         0.007    31.393    gen_modmul_intt[15].u_mm_intt/t_carry_n_0
                         CARRY4 (Prop_carry4_CI_CO[3])
                                                      0.054    31.447 r  gen_modmul_intt[15].u_mm_intt/t_carry__0/CO[3]
                         net (fo=1, unplaced)         0.000    31.447    gen_modmul_intt[15].u_mm_intt/t_carry__0_n_0
                         CARRY4 (Prop_carry4_CI_CO[3])
                                                      0.054    31.501 r  gen_modmul_intt[15].u_mm_intt/t_carry__1/CO[3]
                         net (fo=1, unplaced)         0.000    31.501    gen_modmul_intt[15].u_mm_intt/t_carry__1_n_0
                         CARRY4 (Prop_carry4_CI_CO[3])
                                                      0.054    31.555 r  gen_modmul_intt[15].u_mm_intt/t_carry__2/CO[3]
                         net (fo=1, unplaced)         0.000    31.555    gen_modmul_intt[15].u_mm_intt/t_carry__2_n_0
                         CARRY4 (Prop_carry4_CI_O[0])
                                                      0.114    31.669 r  gen_modmul_intt[15].u_mm_intt/t_carry__3/O[0]
                         net (fo=3, unplaced)         0.686    32.355    gen_modmul_intt[15].u_mm_intt/t_carry__3_n_7
                         CARRY4 (Prop_carry4_S[3]_O[3])
                                                      0.237    32.592 r  gen_modmul_intt[15].u_mm_intt/reduced0_carry__2/O[3]
                         net (fo=1, unplaced)         0.494    33.086    gen_modmul_intt[15].u_mm_intt/reduced0__0[16]
                         LUT3 (Prop_lut3_I0_O)        0.124    33.210 r  gen_modmul_intt[15].u_mm_intt/gen_banks[15].mem_reg_0_15_12_17_i_349/O
                         net (fo=1, unplaced)         0.359    33.569    u_ctrl/mm_intt_out[111]
                         LUT6 (Prop_lut6_I5_O)        0.043    33.612 r  u_ctrl/gen_banks[15].mem_reg_0_15_12_17_i_221/O
                         net (fo=2, unplaced)         0.418    34.030    u_ctrl/gen_banks[15].mem_reg_0_15_12_17_i_221_n_0
                         LUT6 (Prop_lut6_I3_O)        0.043    34.073 r  u_ctrl/gen_banks[15].mem_reg_0_15_30_33_i_77/O
                         net (fo=4, unplaced)         0.431    34.504    u_ctrl/bfly_data_pre[543]
                         LUT6 (Prop_lut6_I3_O)        0.043    34.547 r  u_ctrl/gen_banks[12].mem_reg_0_15_30_33_i_21/O
                         net (fo=4, unplaced)         0.294    34.841    u_ctrl/gen_banks[12].mem_reg_0_15_30_33_i_21_n_0
                         LUT6 (Prop_lut6_I5_O)        0.043    34.884 r  u_ctrl/gen_banks[0].mem_reg_0_15_30_33_i_9/O
                         net (fo=1, unplaced)         0.000    34.884    u_ctrl/bfly_data_routed[33]
                         MUXF7 (Prop_muxf7_I0_O)      0.115    34.999 r  u_ctrl/gen_banks[0].mem_reg_0_15_30_33_i_3/O
                         net (fo=1, unplaced)         0.192    35.191    u_membanks/gen_banks[0].mem_reg_0_15_30_33/DIB1
                         RAMD32                                       r  u_membanks/gen_banks[0].mem_reg_0_15_30_33/RAMB_D1/I
  -------------------------------------------------------------------    -------------------

                         (clock clk rise edge)        3.000     3.000 r  
                                                      0.000     3.000 r  clk (IN)
                         net (fo=0)                   0.000     3.000    clk
                         IBUF (Prop_ibuf_I_O)         0.649     3.649 r  clk_IBUF_inst/O
                         net (fo=1, unplaced)         0.442     4.091    clk_IBUF
                         BUFG (Prop_bufg_I_O)         0.083     4.174 r  clk_IBUF_BUFG_inst/O
                         net (fo=838, unplaced)       0.439     4.613    u_membanks/gen_banks[0].mem_reg_0_15_30_33/WCLK
                         RAMD32                                       r  u_membanks/gen_banks[0].mem_reg_0_15_30_33/RAMB_D1/CLK
                         clock pessimism              0.108     4.721    
                         clock uncertainty           -0.035     4.686    
                         RAMD32 (Setup_ramd32_CLK_I)
                                                     -0.214     4.472    u_membanks/gen_banks[0].mem_reg_0_15_30_33/RAMB_D1
  -------------------------------------------------------------------
                         required time                          4.472    
                         arrival time                         -35.191    
  -------------------------------------------------------------------
                         slack                                -30.720    

Slack (VIOLATED) :        -30.720ns  (required time - arrival time)
  Source:                 u_ctrl/b_cnt_reg[1]/C
                            (rising edge-triggered cell FDCE clocked by clk  {rise@0.000ns fall@1.500ns period=3.000ns})
  Destination:            u_membanks/gen_banks[10].mem_reg_0_15_30_33/RAMB_D1/I
                            (rising edge-triggered cell RAMD32 clocked by clk  {rise@0.000ns fall@1.500ns period=3.000ns})
  Path Group:             clk
  Path Type:              Setup (Max at Slow Process Corner)
  Requirement:            3.000ns  (clk rise@3.000ns - clk rise@0.000ns)
  Data Path Delay:        33.325ns  (logic 11.451ns (34.361%)  route 21.874ns (65.639%))
  Logic Levels:           75  (CARRY4=30 DSP48E1=1 LUT2=5 LUT3=4 LUT4=8 LUT5=6 LUT6=19 MUXF7=1 RAMD32=1)
  Clock Path Skew:        -0.145ns (DCD - SCD + CPR)
    Destination Clock Delay (DCD):    1.613ns = ( 4.613 - 3.000 ) 
    Source Clock Delay      (SCD):    1.866ns
    Clock Pessimism Removal (CPR):    0.108ns
  Clock Uncertainty:      0.035ns  ((TSJ^2 + TIJ^2)^1/2 + DJ) / 2 + PE
    Total System Jitter     (TSJ):    0.071ns
    Total Input Jitter      (TIJ):    0.000ns
    Discrete Jitter          (DJ):    0.000ns
    Phase Error              (PE):    0.000ns

    Location             Delay type                Incr(ns)  Path(ns)    Netlist Resource(s)
  -------------------------------------------------------------------    -------------------
                         (clock clk rise edge)        0.000     0.000 r  
                                                      0.000     0.000 r  clk (IN)
                         net (fo=0)                   0.000     0.000    clk
                         IBUF (Prop_ibuf_I_O)         0.723     0.723 r  clk_IBUF_inst/O
                         net (fo=1, unplaced)         0.466     1.189    clk_IBUF
                         BUFG (Prop_bufg_I_O)         0.093     1.282 r  clk_IBUF_BUFG_inst/O
                         net (fo=838, unplaced)       0.584     1.866    u_ctrl/clk_IBUF_BUFG
                         FDCE                                         r  u_ctrl/b_cnt_reg[1]/C
  -------------------------------------------------------------------    -------------------
                         FDCE (Prop_fdce_C_Q)         0.233     2.099 r  u_ctrl/b_cnt_reg[1]/Q
                         net (fo=10, unplaced)        0.310     2.409    u_ctrl/b_cnt_reg_n_0_[1]
                         LUT2 (Prop_lut2_I0_O)        0.133     2.542 r  u_ctrl/z1_full_i_111/O
                         net (fo=1, unplaced)         0.000     2.542    u_ctrl/z1_full_i_111_n_0
                         CARRY4 (Prop_carry4_DI[1]_O[2])
                                                      0.286     2.828 r  u_ctrl/z1_full_i_105/O[2]
                         net (fo=2, unplaced)         0.508     3.336    u_addrgen/z1_full_i_108[1]
                         CARRY4 (Prop_carry4_DI[1]_O[2])
                                                      0.358     3.694 r  u_addrgen/z1_full_i_104/O[2]
                         net (fo=1, unplaced)         0.270     3.964    u_ctrl/O[2]
                         LUT2 (Prop_lut2_I0_O)        0.127     4.091 r  u_ctrl/z1_full_i_106/O
                         net (fo=1, unplaced)         0.000     4.091    u_ctrl/z1_full_i_106_n_0
                         CARRY4 (Prop_carry4_S[3]_O[3])
                                                      0.114     4.205 r  u_ctrl/z1_full_i_103/O[3]
                         net (fo=29, unplaced)        0.563     4.768    u_ctrl/g_cnt_reg[7]_0[7]
                         LUT2 (Prop_lut2_I0_O)        0.120     4.888 r  u_ctrl/gen_banks[15].mem_reg_0_15_0_5_i_318/O
                         net (fo=1, unplaced)         0.000     4.888    u_ctrl/gen_banks[15].mem_reg_0_15_0_5_i_318_n_0
                         CARRY4 (Prop_carry4_S[3]_O[3])
                                                      0.114     5.002 r  u_ctrl/gen_banks[15].mem_reg_0_15_0_5_i_184/O[3]
                         net (fo=4, unplaced)         0.518     5.520    u_ctrl/orig_addrs[47]
                         LUT6 (Prop_lut6_I5_O)        0.120     5.640 r  u_ctrl/gen_banks[13].mem_reg_0_15_0_5_i_58/O
                         net (fo=4, unplaced)         0.383     6.023    u_ctrl/gen_banks[13].mem_reg_0_15_0_5_i_58_n_0
                         LUT6 (Prop_lut6_I1_O)        0.043     6.066 r  u_ctrl/gen_banks[13].mem_reg_0_15_0_5_i_29/O
                         net (fo=2, unplaced)         0.281     6.347    u_ctrl/ntt_waddr[55]
                         LUT4 (Prop_lut4_I3_O)        0.043     6.390 r  u_ctrl/gen_banks[13].mem_reg_0_15_0_5_i_8/O
                         net (fo=36, unplaced)        0.481     6.871    u_membanks/gen_banks[13].mem_reg_0_15_0_5/ADDRB3
                         RAMD32 (Prop_ramd32_RADR3_O)
                                                      0.043     6.914 f  u_membanks/gen_banks[13].mem_reg_0_15_0_5/RAMB_D1/O
                         net (fo=5, unplaced)         0.770     7.684    u_membanks/bank_dout[445]
                         LUT6 (Prop_lut6_I1_O)        0.043     7.727 f  u_membanks/z1_full_i_48__0/O
                         net (fo=4, unplaced)         0.766     8.493    u_membanks/z1_full_i_48__0_n_0
                         LUT6 (Prop_lut6_I0_O)        0.043     8.536 f  u_membanks/z1_full_i_8__14/O
                         net (fo=23, unplaced)        0.470     9.006    u_membanks/g_cnt_reg[2]_9[2]
                         LUT4 (Prop_lut4_I1_O)        0.043     9.049 f  u_membanks/raw_sum_carry_i_21__59/O
                         net (fo=1, unplaced)         0.407     9.456    u_membanks/raw_sum_carry_i_21__59_n_0
                         LUT5 (Prop_lut5_I2_O)        0.043     9.499 f  u_membanks/raw_sum_carry_i_11__96/O
                         net (fo=79, unplaced)        0.836    10.335    gen_intt_n2d1[15].u_intt_n2d1/raw_sum_carry_i_49__4_0
                         LUT5 (Prop_lut5_I3_O)        0.043    10.378 f  gen_intt_n2d1[15].u_intt_n2d1/raw_sum_carry_i_19__30/O
                         net (fo=10, unplaced)        0.450    10.828    gen_intt_n2d1[15].u_intt_n2d1/raw_sum_carry_i_19__30_n_0
                         LUT4 (Prop_lut4_I3_O)        0.043    10.871 r  gen_intt_n2d1[15].u_intt_n2d1/raw_sum_carry_i_10__55/O
                         net (fo=58, unplaced)        0.356    11.227    gen_intt_n2d1[15].u_intt_n2d1/raw_sum_carry_i_19__30_0
                         LUT4 (Prop_lut4_I3_O)        0.043    11.270 r  gen_intt_n2d1[15].u_intt_n2d1/raw_sum_carry_i_7__61/O
                         net (fo=1, unplaced)         0.000    11.270    gen_r2intt_r16.u_r2intt16/gen_s0[7].u_bf/u_sub/add_inst/raw_sum_carry__0_i_24__1_1[1]
                         CARRY4 (Prop_carry4_S[1]_CO[3])
                                                      0.256    11.526 r  gen_r2intt_r16.u_r2intt16/gen_s0[7].u_bf/u_sub/add_inst/raw_sum_carry/CO[3]
                         net (fo=1, unplaced)         0.007    11.533    gen_r2intt_r16.u_r2intt16/gen_s0[7].u_bf/u_sub/add_inst/raw_sum_carry_n_0
                         CARRY4 (Prop_carry4_CI_O[1])
                                                      0.173    11.706 r  gen_r2intt_r16.u_r2intt16/gen_s0[7].u_bf/u_sub/add_inst/raw_sum_carry__0/O[1]
                         net (fo=1, unplaced)         0.386    12.092    gen_r2intt_r16.u_r2intt16/gen_s0[7].u_bf/u_sub/add_inst/raw_sum_carry__0_n_6
                         CARRY4 (Prop_carry4_S[1]_CO[3])
                                                      0.381    12.473 r  gen_r2intt_r16.u_r2intt16/gen_s0[7].u_bf/u_sub/add_inst/raw_sum_carry__1_i_22__6/CO[3]
                         net (fo=1, unplaced)         0.000    12.473    gen_r2intt_r16.u_r2intt16/gen_s0[7].u_bf/u_sub/add_inst/raw_sum_carry__1_i_22__6_n_0
                         CARRY4 (Prop_carry4_CI_O[3])
                                                      0.157    12.630 f  gen_r2intt_r16.u_r2intt16/gen_s0[7].u_bf/u_sub/add_inst/raw_sum_carry_i_37__9/O[3]
                         net (fo=2, unplaced)         0.505    13.135    gen_intt_n2d1[15].u_intt_n2d1/reduced[10]
                         LUT6 (Prop_lut6_I5_O)        0.120    13.255 f  gen_intt_n2d1[15].u_intt_n2d1/raw_sum_carry_i_59__4/O
                         net (fo=1, unplaced)         0.270    13.525    gen_intt_n2d1[15].u_intt_n2d1/raw_sum_carry_i_59__4_n_0
                         LUT6 (Prop_lut6_I2_O)        0.043    13.568 f  gen_intt_n2d1[15].u_intt_n2d1/raw_sum_carry_i_49__4/O
                         net (fo=1, unplaced)         0.742    14.310    gen_intt_n2d1[15].u_intt_n2d1/raw_sum_carry_i_49__4_n_0
                         LUT6 (Prop_lut6_I1_O)        0.043    14.353 f  gen_intt_n2d1[15].u_intt_n2d1/raw_sum_carry_i_46__4/O
                         net (fo=2, unplaced)         0.253    14.606    gen_intt_n2d1[15].u_intt_n2d1/raw_sum_carry_i_46__4_n_0
                         LUT6 (Prop_lut6_I3_O)        0.043    14.649 f  gen_intt_n2d1[15].u_intt_n2d1/raw_sum_carry_i_35__21/O
                         net (fo=1, unplaced)         0.270    14.919    gen_intt_n2d1[15].u_intt_n2d1/raw_sum_carry_i_35__21_n_0
                         LUT6 (Prop_lut6_I5_O)        0.043    14.962 r  gen_intt_n2d1[15].u_intt_n2d1/raw_sum_carry_i_19__47/O
                         net (fo=51, unplaced)        0.353    15.315    gen_intt_n2d1[15].u_intt_n2d1/raw_sum_carry_i_35__21_0
                         LUT4 (Prop_lut4_I0_O)        0.043    15.358 r  gen_intt_n2d1[15].u_intt_n2d1/raw_sum_carry_i_7__106/O
                         net (fo=1, unplaced)         0.000    15.358    gen_r2intt_r16.u_r2intt16/gen_s1_b[3].gen_s1_g[1].u_bf/u_sub/add_inst/raw_sum_carry_i_26__40_0[1]
                         CARRY4 (Prop_carry4_S[1]_CO[3])
                                                      0.256    15.614 r  gen_r2intt_r16.u_r2intt16/gen_s1_b[3].gen_s1_g[1].u_bf/u_sub/add_inst/raw_sum_carry/CO[3]
                         net (fo=1, unplaced)         0.007    15.621    gen_r2intt_r16.u_r2intt16/gen_s1_b[3].gen_s1_g[1].u_bf/u_sub/add_inst/raw_sum_carry_n_0
                         CARRY4 (Prop_carry4_CI_O[1])
                                                      0.173    15.794 r  gen_r2intt_r16.u_r2intt16/gen_s1_b[3].gen_s1_g[1].u_bf/u_sub/add_inst/raw_sum_carry__0/O[1]
                         net (fo=1, unplaced)         0.386    16.180    gen_r2intt_r16.u_r2intt16/gen_s1_b[3].gen_s1_g[1].u_bf/u_sub/add_inst/raw_sum_carry__0_n_6
                         CARRY4 (Prop_carry4_S[1]_CO[3])
                                                      0.381    16.561 r  gen_r2intt_r16.u_r2intt16/gen_s1_b[3].gen_s1_g[1].u_bf/u_sub/add_inst/raw_sum_carry_i_23__43/CO[3]
                         net (fo=1, unplaced)         0.000    16.561    gen_r2intt_r16.u_r2intt16/gen_s1_b[3].gen_s1_g[1].u_bf/u_sub/add_inst/raw_sum_carry_i_23__43_n_0
                         CARRY4 (Prop_carry4_CI_O[3])
                                                      0.157    16.718 r  gen_r2intt_r16.u_r2intt16/gen_s1_b[3].gen_s1_g[1].u_bf/u_sub/add_inst/raw_sum_carry_i_22__39/O[3]
                         net (fo=1, unplaced)         0.494    17.212    gen_intt_n2d1[15].u_intt_n2d1/reduced_6[5]
                         LUT6 (Prop_lut6_I5_O)        0.120    17.332 r  gen_intt_n2d1[15].u_intt_n2d1/raw_sum_carry__0_i_17__10/O
                         net (fo=9, unplaced)         0.400    17.732    gen_intt_n2d1[15].u_intt_n2d1/s1[15]_1[5]
                         LUT4 (Prop_lut4_I0_O)        0.043    17.775 r  gen_intt_n2d1[15].u_intt_n2d1/raw_sum_carry__2_i_18__27/O
                         net (fo=7, unplaced)         0.442    18.217    gen_intt_n2d1[13].u_intt_n2d1/raw_sum_carry_i_7__87_0
                         LUT6 (Prop_lut6_I0_O)        0.043    18.260 r  gen_intt_n2d1[13].u_intt_n2d1/raw_sum_carry__2_i_16__29/O
                         net (fo=6, unplaced)         0.302    18.562    gen_intt_n2d1[15].u_intt_n2d1/raw_sum_carry__2[3]
                         LUT5 (Prop_lut5_I4_O)        0.043    18.605 r  gen_intt_n2d1[15].u_intt_n2d1/raw_sum_carry_i_8__81/O
                         net (fo=1, unplaced)         0.270    18.875    gen_intt_n2d1[15].u_intt_n2d1/raw_sum_carry_i_8__81_n_0
                         LUT5 (Prop_lut5_I3_O)        0.043    18.918 r  gen_intt_n2d1[15].u_intt_n2d1/raw_sum_carry_i_5__108/O
                         net (fo=37, unplaced)        0.345    19.263    gen_intt_n2d1[15].u_intt_n2d1/raw_sum_carry__1_i_16__16_0
                         LUT3 (Prop_lut3_I0_O)        0.043    19.306 r  gen_intt_n2d1[15].u_intt_n2d1/raw_sum_carry_i_3__119/O
                         net (fo=1, unplaced)         0.000    19.306    gen_r2intt_r16.u_r2intt16/gen_s2_b[1].gen_s2_g[3].u_bf/u_sub/add_inst/raw_sum_carry__0_i_14__50_0[1]
                         CARRY4 (Prop_carry4_S[1]_CO[3])
                                                      0.256    19.562 r  gen_r2intt_r16.u_r2intt16/gen_s2_b[1].gen_s2_g[3].u_bf/u_sub/add_inst/raw_sum_carry/CO[3]
                         net (fo=1, unplaced)         0.007    19.569    gen_r2intt_r16.u_r2intt16/gen_s2_b[1].gen_s2_g[3].u_bf/u_sub/add_inst/raw_sum_carry_n_0
                         CARRY4 (Prop_carry4_CI_O[1])
                                                      0.173    19.742 r  gen_r2intt_r16.u_r2intt16/gen_s2_b[1].gen_s2_g[3].u_bf/u_sub/add_inst/raw_sum_carry__0/O[1]
                         net (fo=1, unplaced)         0.386    20.128    gen_r2intt_r16.u_r2intt16/gen_s2_b[1].gen_s2_g[3].u_bf/u_sub/add_inst/raw_sum_carry__0_n_6
                         CARRY4 (Prop_carry4_S[1]_CO[3])
                                                      0.381    20.509 r  gen_r2intt_r16.u_r2intt16/gen_s2_b[1].gen_s2_g[3].u_bf/u_sub/add_inst/raw_sum_carry__1_i_15__22/CO[3]
                         net (fo=1, unplaced)         0.000    20.509    gen_r2intt_r16.u_r2intt16/gen_s2_b[1].gen_s2_g[3].u_bf/u_sub/add_inst/raw_sum_carry__1_i_15__22_n_0
                         CARRY4 (Prop_carry4_CI_O[3])
                                                      0.157    20.666 f  gen_r2intt_r16.u_r2intt16/gen_s2_b[1].gen_s2_g[3].u_bf/u_sub/add_inst/raw_sum_carry_i_25__50/O[3]
                         net (fo=1, unplaced)         0.494    21.160    gen_intt_n2d1[11].u_intt_n2d1/raw_sum_carry_i_23__53_0[2]
                         LUT3 (Prop_lut3_I2_O)        0.124    21.284 f  gen_intt_n2d1[11].u_intt_n2d1/raw_sum_carry_i_31__33/O
                         net (fo=1, unplaced)         0.270    21.554    gen_intt_n2d1[11].u_intt_n2d1/raw_sum_carry_i_31__33_n_0
                         LUT5 (Prop_lut5_I4_O)        0.043    21.597 r  gen_intt_n2d1[11].u_intt_n2d1/raw_sum_carry_i_23__53/O
                         net (fo=8, unplaced)         0.308    21.905    gen_intt_n2d1[15].u_intt_n2d1/raw_sum_carry_i_7__103_0
                         LUT4 (Prop_lut4_I0_O)        0.043    21.948 f  gen_intt_n2d1[15].u_intt_n2d1/raw_sum_carry_i_17__62/O
                         net (fo=12, unplaced)        0.455    22.403    gen_intt_n2d1[15].u_intt_n2d1/raw_sum_carry_i_17__62_n_0
                         LUT5 (Prop_lut5_I1_O)        0.043    22.446 f  gen_intt_n2d1[15].u_intt_n2d1/out0_carry_i_6__33/O
                         net (fo=3, unplaced)         0.760    23.206    gen_intt_n2d1[15].u_intt_n2d1/gen_r2intt_r16.u_r2intt16/s2[15][1]
                         LUT6 (Prop_lut6_I1_O)        0.043    23.249 r  gen_intt_n2d1[15].u_intt_n2d1/raw_sum_carry_i_6__103/O
                         net (fo=63, unplaced)        0.358    23.607    gen_intt_n2d1[15].u_intt_n2d1/raw_sum_carry_i_15__81_0
                         LUT3 (Prop_lut3_I1_O)        0.043    23.650 r  gen_intt_n2d1[15].u_intt_n2d1/raw_sum_carry_i_4__108/O
                         net (fo=1, unplaced)         0.000    23.650    gen_r2intt_r16.u_r2intt16/gen_s3[7].u_bf/u_sub/add_inst/out0_carry_i_7__46_0[0]
                         CARRY4 (Prop_carry4_S[0]_CO[3])
                                                      0.246    23.896 r  gen_r2intt_r16.u_r2intt16/gen_s3[7].u_bf/u_sub/add_inst/raw_sum_carry/CO[3]
                         net (fo=1, unplaced)         0.007    23.903    gen_r2intt_r16.u_r2intt16/gen_s3[7].u_bf/u_sub/add_inst/raw_sum_carry_n_0
                         CARRY4 (Prop_carry4_CI_CO[3])
                                                      0.054    23.957 r  gen_r2intt_r16.u_r2intt16/gen_s3[7].u_bf/u_sub/add_inst/raw_sum_carry__0/CO[3]
                         net (fo=1, unplaced)         0.000    23.957    gen_r2intt_r16.u_r2intt16/gen_s3[7].u_bf/u_sub/add_inst/raw_sum_carry__0_n_0
                         CARRY4 (Prop_carry4_CI_CO[3])
                                                      0.054    24.011 r  gen_r2intt_r16.u_r2intt16/gen_s3[7].u_bf/u_sub/add_inst/raw_sum_carry__1/CO[3]
                         net (fo=1, unplaced)         0.000    24.011    gen_r2intt_r16.u_r2intt16/gen_s3[7].u_bf/u_sub/add_inst/raw_sum_carry__1_n_0
                         CARRY4 (Prop_carry4_CI_CO[3])
                                                      0.054    24.065 r  gen_r2intt_r16.u_r2intt16/gen_s3[7].u_bf/u_sub/add_inst/raw_sum_carry__2/CO[3]
                         net (fo=1, unplaced)         0.000    24.065    gen_r2intt_r16.u_r2intt16/gen_s3[7].u_bf/u_sub/add_inst/raw_sum_carry__2_n_0
                         CARRY4 (Prop_carry4_CI_O[0])
                                                      0.114    24.179 r  gen_r2intt_r16.u_r2intt16/gen_s3[7].u_bf/u_sub/add_inst/raw_sum_carry__3/O[0]
                         net (fo=1, unplaced)         0.191    24.370    gen_r2intt_r16.u_r2intt16/gen_s3[7].u_bf/u_sub/add_inst/raw_sum_carry__3_n_7
                         LUT2 (Prop_lut2_I1_O)        0.123    24.493 r  gen_r2intt_r16.u_r2intt16/gen_s3[7].u_bf/u_sub/add_inst/out0_carry_i_9__34/O
                         net (fo=1, unplaced)         0.000    24.493    gen_r2intt_r16.u_r2intt16/gen_s3[7].u_bf/u_sub/add_inst/out0_carry_i_9__34_n_0
                         CARRY4 (Prop_carry4_S[0]_CO[3])
                                                      0.246    24.739 r  gen_r2intt_r16.u_r2intt16/gen_s3[7].u_bf/u_sub/add_inst/out0_carry_i_7__46/CO[3]
                         net (fo=1, unplaced)         0.007    24.746    gen_r2intt_r16.u_r2intt16/gen_s3[7].u_bf/u_sub/add_inst/out0_carry_i_7__46_n_0
                         CARRY4 (Prop_carry4_CI_O[3])
                                                      0.157    24.903 r  gen_r2intt_r16.u_r2intt16/gen_s3[7].u_bf/u_sub/add_inst/out0_carry_i_8__42/O[3]
                         net (fo=2, unplaced)         0.505    25.408    gen_intt_n2d1[15].u_intt_n2d1/out0_carry__0_5[3]
                         LUT6 (Prop_lut6_I5_O)        0.120    25.528 r  gen_intt_n2d1[15].u_intt_n2d1/product_i_31__28/O
                         net (fo=2, unplaced)         0.253    25.781    gen_intt_n2d1[15].u_intt_n2d1/intt_d1_out[261]
                         LUT4 (Prop_lut4_I0_O)        0.043    25.824 r  gen_intt_n2d1[15].u_intt_n2d1/out0_carry__2_i_7__29/O
                         net (fo=4, unplaced)         0.766    26.590    gen_intt_n2d1[15].u_intt_n2d1/out0_carry__2_i_7__29_n_0
                         LUT6 (Prop_lut6_I3_O)        0.043    26.633 r  gen_intt_n2d1[15].u_intt_n2d1/out0_carry__2_i_2__45/O
                         net (fo=1, unplaced)         0.000    26.633    gen_intt_d1n[15].u_id1n/intt_d1_out[2]
                         CARRY4 (Prop_carry4_S[2]_O[3])
                                                      0.172    26.805 r  gen_intt_d1n[15].u_id1n/out0_carry__2/O[3]
                         net (fo=1, unplaced)         0.494    27.299    gen_intt_n2d1[15].u_intt_n2d1/data0__1[15]
                         LUT6 (Prop_lut6_I0_O)        0.120    27.419 r  gen_intt_n2d1[15].u_intt_n2d1/product_i_1__29/O
                         net (fo=1, unplaced)         0.466    27.885    gen_modmul_intt[15].u_mm_intt/product_0[16]
                         DSP48E1 (Prop_dsp48e1_A[16]_P[1])
                                                      2.737    30.622 r  gen_modmul_intt[15].u_mm_intt/product/P[1]
                         net (fo=1, unplaced)         0.466    31.087    gen_modmul_intt[15].u_mm_intt/product_n_104
                         LUT2 (Prop_lut2_I1_O)        0.043    31.130 r  gen_modmul_intt[15].u_mm_intt/t_carry_i_5__30/O
                         net (fo=1, unplaced)         0.000    31.130    gen_modmul_intt[15].u_mm_intt/t_carry_i_5__30_n_0
                         CARRY4 (Prop_carry4_S[1]_CO[3])
                                                      0.256    31.386 r  gen_modmul_intt[15].u_mm_intt/t_carry/CO[3]
                         net (fo=1, unplaced)         0.007    31.393    gen_modmul_intt[15].u_mm_intt/t_carry_n_0
                         CARRY4 (Prop_carry4_CI_CO[3])
                                                      0.054    31.447 r  gen_modmul_intt[15].u_mm_intt/t_carry__0/CO[3]
                         net (fo=1, unplaced)         0.000    31.447    gen_modmul_intt[15].u_mm_intt/t_carry__0_n_0
                         CARRY4 (Prop_carry4_CI_CO[3])
                                                      0.054    31.501 r  gen_modmul_intt[15].u_mm_intt/t_carry__1/CO[3]
                         net (fo=1, unplaced)         0.000    31.501    gen_modmul_intt[15].u_mm_intt/t_carry__1_n_0
                         CARRY4 (Prop_carry4_CI_CO[3])
                                                      0.054    31.555 r  gen_modmul_intt[15].u_mm_intt/t_carry__2/CO[3]
                         net (fo=1, unplaced)         0.000    31.555    gen_modmul_intt[15].u_mm_intt/t_carry__2_n_0
                         CARRY4 (Prop_carry4_CI_O[0])
                                                      0.114    31.669 r  gen_modmul_intt[15].u_mm_intt/t_carry__3/O[0]
                         net (fo=3, unplaced)         0.686    32.355    gen_modmul_intt[15].u_mm_intt/t_carry__3_n_7
                         CARRY4 (Prop_carry4_S[3]_O[3])
                                                      0.237    32.592 r  gen_modmul_intt[15].u_mm_intt/reduced0_carry__2/O[3]
                         net (fo=1, unplaced)         0.494    33.086    gen_modmul_intt[15].u_mm_intt/reduced0__0[16]
                         LUT3 (Prop_lut3_I0_O)        0.124    33.210 r  gen_modmul_intt[15].u_mm_intt/gen_banks[15].mem_reg_0_15_12_17_i_349/O
                         net (fo=1, unplaced)         0.359    33.569    u_ctrl/mm_intt_out[111]
                         LUT6 (Prop_lut6_I5_O)        0.043    33.612 r  u_ctrl/gen_banks[15].mem_reg_0_15_12_17_i_221/O
                         net (fo=2, unplaced)         0.418    34.030    u_ctrl/gen_banks[15].mem_reg_0_15_12_17_i_221_n_0
                         LUT6 (Prop_lut6_I3_O)        0.043    34.073 r  u_ctrl/gen_banks[15].mem_reg_0_15_30_33_i_77/O
                         net (fo=4, unplaced)         0.294    34.367    u_ctrl/bfly_data_pre[543]
                         LUT6 (Prop_lut6_I0_O)        0.043    34.410 r  u_ctrl/gen_banks[14].mem_reg_0_15_30_33_i_21/O
                         net (fo=4, unplaced)         0.431    34.841    u_ctrl/gen_banks[14].mem_reg_0_15_30_33_i_21_n_0
                         LUT6 (Prop_lut6_I1_O)        0.043    34.884 r  u_ctrl/gen_banks[10].mem_reg_0_15_30_33_i_9/O
                         net (fo=1, unplaced)         0.000    34.884    u_ctrl/bfly_data_routed[373]
                         MUXF7 (Prop_muxf7_I0_O)      0.115    34.999 r  u_ctrl/gen_banks[10].mem_reg_0_15_30_33_i_3/O
                         net (fo=1, unplaced)         0.192    35.191    u_membanks/gen_banks[10].mem_reg_0_15_30_33/DIB1
                         RAMD32                                       r  u_membanks/gen_banks[10].mem_reg_0_15_30_33/RAMB_D1/I
  -------------------------------------------------------------------    -------------------

                         (clock clk rise edge)        3.000     3.000 r  
                                                      0.000     3.000 r  clk (IN)
                         net (fo=0)                   0.000     3.000    clk
                         IBUF (Prop_ibuf_I_O)         0.649     3.649 r  clk_IBUF_inst/O
                         net (fo=1, unplaced)         0.442     4.091    clk_IBUF
                         BUFG (Prop_bufg_I_O)         0.083     4.174 r  clk_IBUF_BUFG_inst/O
                         net (fo=838, unplaced)       0.439     4.613    u_membanks/gen_banks[10].mem_reg_0_15_30_33/WCLK
                         RAMD32                                       r  u_membanks/gen_banks[10].mem_reg_0_15_30_33/RAMB_D1/CLK
                         clock pessimism              0.108     4.721    
                         clock uncertainty           -0.035     4.686    
                         RAMD32 (Setup_ramd32_CLK_I)
                                                     -0.214     4.472    u_membanks/gen_banks[10].mem_reg_0_15_30_33/RAMB_D1
  -------------------------------------------------------------------
                         required time                          4.472    
                         arrival time                         -35.191    
  -------------------------------------------------------------------
                         slack                                -30.720    

Slack (VIOLATED) :        -30.720ns  (required time - arrival time)
  Source:                 u_ctrl/b_cnt_reg[1]/C
                            (rising edge-triggered cell FDCE clocked by clk  {rise@0.000ns fall@1.500ns period=3.000ns})
  Destination:            u_membanks/gen_banks[14].mem_reg_0_15_30_33/RAMB_D1/I
                            (rising edge-triggered cell RAMD32 clocked by clk  {rise@0.000ns fall@1.500ns period=3.000ns})
  Path Group:             clk
  Path Type:              Setup (Max at Slow Process Corner)
  Requirement:            3.000ns  (clk rise@3.000ns - clk rise@0.000ns)
  Data Path Delay:        33.325ns  (logic 11.451ns (34.361%)  route 21.874ns (65.639%))
  Logic Levels:           75  (CARRY4=30 DSP48E1=1 LUT2=5 LUT3=4 LUT4=8 LUT5=6 LUT6=19 MUXF7=1 RAMD32=1)
  Clock Path Skew:        -0.145ns (DCD - SCD + CPR)
    Destination Clock Delay (DCD):    1.613ns = ( 4.613 - 3.000 ) 
    Source Clock Delay      (SCD):    1.866ns
    Clock Pessimism Removal (CPR):    0.108ns
  Clock Uncertainty:      0.035ns  ((TSJ^2 + TIJ^2)^1/2 + DJ) / 2 + PE
    Total System Jitter     (TSJ):    0.071ns
    Total Input Jitter      (TIJ):    0.000ns
    Discrete Jitter          (DJ):    0.000ns
    Phase Error              (PE):    0.000ns

    Location             Delay type                Incr(ns)  Path(ns)    Netlist Resource(s)
  -------------------------------------------------------------------    -------------------
                         (clock clk rise edge)        0.000     0.000 r  
                                                      0.000     0.000 r  clk (IN)
                         net (fo=0)                   0.000     0.000    clk
                         IBUF (Prop_ibuf_I_O)         0.723     0.723 r  clk_IBUF_inst/O
                         net (fo=1, unplaced)         0.466     1.189    clk_IBUF
                         BUFG (Prop_bufg_I_O)         0.093     1.282 r  clk_IBUF_BUFG_inst/O
                         net (fo=838, unplaced)       0.584     1.866    u_ctrl/clk_IBUF_BUFG
                         FDCE                                         r  u_ctrl/b_cnt_reg[1]/C
  -------------------------------------------------------------------    -------------------
                         FDCE (Prop_fdce_C_Q)         0.233     2.099 r  u_ctrl/b_cnt_reg[1]/Q
                         net (fo=10, unplaced)        0.310     2.409    u_ctrl/b_cnt_reg_n_0_[1]
                         LUT2 (Prop_lut2_I0_O)        0.133     2.542 r  u_ctrl/z1_full_i_111/O
                         net (fo=1, unplaced)         0.000     2.542    u_ctrl/z1_full_i_111_n_0
                         CARRY4 (Prop_carry4_DI[1]_O[2])
                                                      0.286     2.828 r  u_ctrl/z1_full_i_105/O[2]
                         net (fo=2, unplaced)         0.508     3.336    u_addrgen/z1_full_i_108[1]
                         CARRY4 (Prop_carry4_DI[1]_O[2])
                                                      0.358     3.694 r  u_addrgen/z1_full_i_104/O[2]
                         net (fo=1, unplaced)         0.270     3.964    u_ctrl/O[2]
                         LUT2 (Prop_lut2_I0_O)        0.127     4.091 r  u_ctrl/z1_full_i_106/O
                         net (fo=1, unplaced)         0.000     4.091    u_ctrl/z1_full_i_106_n_0
                         CARRY4 (Prop_carry4_S[3]_O[3])
                                                      0.114     4.205 r  u_ctrl/z1_full_i_103/O[3]
                         net (fo=29, unplaced)        0.563     4.768    u_ctrl/g_cnt_reg[7]_0[7]
                         LUT2 (Prop_lut2_I0_O)        0.120     4.888 r  u_ctrl/gen_banks[15].mem_reg_0_15_0_5_i_318/O
                         net (fo=1, unplaced)         0.000     4.888    u_ctrl/gen_banks[15].mem_reg_0_15_0_5_i_318_n_0
                         CARRY4 (Prop_carry4_S[3]_O[3])
                                                      0.114     5.002 r  u_ctrl/gen_banks[15].mem_reg_0_15_0_5_i_184/O[3]
                         net (fo=4, unplaced)         0.518     5.520    u_ctrl/orig_addrs[47]
                         LUT6 (Prop_lut6_I5_O)        0.120     5.640 r  u_ctrl/gen_banks[13].mem_reg_0_15_0_5_i_58/O
                         net (fo=4, unplaced)         0.383     6.023    u_ctrl/gen_banks[13].mem_reg_0_15_0_5_i_58_n_0
                         LUT6 (Prop_lut6_I1_O)        0.043     6.066 r  u_ctrl/gen_banks[13].mem_reg_0_15_0_5_i_29/O
                         net (fo=2, unplaced)         0.281     6.347    u_ctrl/ntt_waddr[55]
                         LUT4 (Prop_lut4_I3_O)        0.043     6.390 r  u_ctrl/gen_banks[13].mem_reg_0_15_0_5_i_8/O
                         net (fo=36, unplaced)        0.481     6.871    u_membanks/gen_banks[13].mem_reg_0_15_0_5/ADDRB3
                         RAMD32 (Prop_ramd32_RADR3_O)
                                                      0.043     6.914 f  u_membanks/gen_banks[13].mem_reg_0_15_0_5/RAMB_D1/O
                         net (fo=5, unplaced)         0.770     7.684    u_membanks/bank_dout[445]
                         LUT6 (Prop_lut6_I1_O)        0.043     7.727 f  u_membanks/z1_full_i_48__0/O
                         net (fo=4, unplaced)         0.766     8.493    u_membanks/z1_full_i_48__0_n_0
                         LUT6 (Prop_lut6_I0_O)        0.043     8.536 f  u_membanks/z1_full_i_8__14/O
                         net (fo=23, unplaced)        0.470     9.006    u_membanks/g_cnt_reg[2]_9[2]
                         LUT4 (Prop_lut4_I1_O)        0.043     9.049 f  u_membanks/raw_sum_carry_i_21__59/O
                         net (fo=1, unplaced)         0.407     9.456    u_membanks/raw_sum_carry_i_21__59_n_0
                         LUT5 (Prop_lut5_I2_O)        0.043     9.499 f  u_membanks/raw_sum_carry_i_11__96/O
                         net (fo=79, unplaced)        0.836    10.335    gen_intt_n2d1[15].u_intt_n2d1/raw_sum_carry_i_49__4_0
                         LUT5 (Prop_lut5_I3_O)        0.043    10.378 f  gen_intt_n2d1[15].u_intt_n2d1/raw_sum_carry_i_19__30/O
                         net (fo=10, unplaced)        0.450    10.828    gen_intt_n2d1[15].u_intt_n2d1/raw_sum_carry_i_19__30_n_0
                         LUT4 (Prop_lut4_I3_O)        0.043    10.871 r  gen_intt_n2d1[15].u_intt_n2d1/raw_sum_carry_i_10__55/O
                         net (fo=58, unplaced)        0.356    11.227    gen_intt_n2d1[15].u_intt_n2d1/raw_sum_carry_i_19__30_0
                         LUT4 (Prop_lut4_I3_O)        0.043    11.270 r  gen_intt_n2d1[15].u_intt_n2d1/raw_sum_carry_i_7__61/O
                         net (fo=1, unplaced)         0.000    11.270    gen_r2intt_r16.u_r2intt16/gen_s0[7].u_bf/u_sub/add_inst/raw_sum_carry__0_i_24__1_1[1]
                         CARRY4 (Prop_carry4_S[1]_CO[3])
                                                      0.256    11.526 r  gen_r2intt_r16.u_r2intt16/gen_s0[7].u_bf/u_sub/add_inst/raw_sum_carry/CO[3]
                         net (fo=1, unplaced)         0.007    11.533    gen_r2intt_r16.u_r2intt16/gen_s0[7].u_bf/u_sub/add_inst/raw_sum_carry_n_0
                         CARRY4 (Prop_carry4_CI_O[1])
                                                      0.173    11.706 r  gen_r2intt_r16.u_r2intt16/gen_s0[7].u_bf/u_sub/add_inst/raw_sum_carry__0/O[1]
                         net (fo=1, unplaced)         0.386    12.092    gen_r2intt_r16.u_r2intt16/gen_s0[7].u_bf/u_sub/add_inst/raw_sum_carry__0_n_6
                         CARRY4 (Prop_carry4_S[1]_CO[3])
                                                      0.381    12.473 r  gen_r2intt_r16.u_r2intt16/gen_s0[7].u_bf/u_sub/add_inst/raw_sum_carry__1_i_22__6/CO[3]
                         net (fo=1, unplaced)         0.000    12.473    gen_r2intt_r16.u_r2intt16/gen_s0[7].u_bf/u_sub/add_inst/raw_sum_carry__1_i_22__6_n_0
                         CARRY4 (Prop_carry4_CI_O[3])
                                                      0.157    12.630 f  gen_r2intt_r16.u_r2intt16/gen_s0[7].u_bf/u_sub/add_inst/raw_sum_carry_i_37__9/O[3]
                         net (fo=2, unplaced)         0.505    13.135    gen_intt_n2d1[15].u_intt_n2d1/reduced[10]
                         LUT6 (Prop_lut6_I5_O)        0.120    13.255 f  gen_intt_n2d1[15].u_intt_n2d1/raw_sum_carry_i_59__4/O
                         net (fo=1, unplaced)         0.270    13.525    gen_intt_n2d1[15].u_intt_n2d1/raw_sum_carry_i_59__4_n_0
                         LUT6 (Prop_lut6_I2_O)        0.043    13.568 f  gen_intt_n2d1[15].u_intt_n2d1/raw_sum_carry_i_49__4/O
                         net (fo=1, unplaced)         0.742    14.310    gen_intt_n2d1[15].u_intt_n2d1/raw_sum_carry_i_49__4_n_0
                         LUT6 (Prop_lut6_I1_O)        0.043    14.353 f  gen_intt_n2d1[15].u_intt_n2d1/raw_sum_carry_i_46__4/O
                         net (fo=2, unplaced)         0.253    14.606    gen_intt_n2d1[15].u_intt_n2d1/raw_sum_carry_i_46__4_n_0
                         LUT6 (Prop_lut6_I3_O)        0.043    14.649 f  gen_intt_n2d1[15].u_intt_n2d1/raw_sum_carry_i_35__21/O
                         net (fo=1, unplaced)         0.270    14.919    gen_intt_n2d1[15].u_intt_n2d1/raw_sum_carry_i_35__21_n_0
                         LUT6 (Prop_lut6_I5_O)        0.043    14.962 r  gen_intt_n2d1[15].u_intt_n2d1/raw_sum_carry_i_19__47/O
                         net (fo=51, unplaced)        0.353    15.315    gen_intt_n2d1[15].u_intt_n2d1/raw_sum_carry_i_35__21_0
                         LUT4 (Prop_lut4_I0_O)        0.043    15.358 r  gen_intt_n2d1[15].u_intt_n2d1/raw_sum_carry_i_7__106/O
                         net (fo=1, unplaced)         0.000    15.358    gen_r2intt_r16.u_r2intt16/gen_s1_b[3].gen_s1_g[1].u_bf/u_sub/add_inst/raw_sum_carry_i_26__40_0[1]
                         CARRY4 (Prop_carry4_S[1]_CO[3])
                                                      0.256    15.614 r  gen_r2intt_r16.u_r2intt16/gen_s1_b[3].gen_s1_g[1].u_bf/u_sub/add_inst/raw_sum_carry/CO[3]
                         net (fo=1, unplaced)         0.007    15.621    gen_r2intt_r16.u_r2intt16/gen_s1_b[3].gen_s1_g[1].u_bf/u_sub/add_inst/raw_sum_carry_n_0
                         CARRY4 (Prop_carry4_CI_O[1])
                                                      0.173    15.794 r  gen_r2intt_r16.u_r2intt16/gen_s1_b[3].gen_s1_g[1].u_bf/u_sub/add_inst/raw_sum_carry__0/O[1]
                         net (fo=1, unplaced)         0.386    16.180    gen_r2intt_r16.u_r2intt16/gen_s1_b[3].gen_s1_g[1].u_bf/u_sub/add_inst/raw_sum_carry__0_n_6
                         CARRY4 (Prop_carry4_S[1]_CO[3])
                                                      0.381    16.561 r  gen_r2intt_r16.u_r2intt16/gen_s1_b[3].gen_s1_g[1].u_bf/u_sub/add_inst/raw_sum_carry_i_23__43/CO[3]
                         net (fo=1, unplaced)         0.000    16.561    gen_r2intt_r16.u_r2intt16/gen_s1_b[3].gen_s1_g[1].u_bf/u_sub/add_inst/raw_sum_carry_i_23__43_n_0
                         CARRY4 (Prop_carry4_CI_O[3])
                                                      0.157    16.718 r  gen_r2intt_r16.u_r2intt16/gen_s1_b[3].gen_s1_g[1].u_bf/u_sub/add_inst/raw_sum_carry_i_22__39/O[3]
                         net (fo=1, unplaced)         0.494    17.212    gen_intt_n2d1[15].u_intt_n2d1/reduced_6[5]
                         LUT6 (Prop_lut6_I5_O)        0.120    17.332 r  gen_intt_n2d1[15].u_intt_n2d1/raw_sum_carry__0_i_17__10/O
                         net (fo=9, unplaced)         0.400    17.732    gen_intt_n2d1[15].u_intt_n2d1/s1[15]_1[5]
                         LUT4 (Prop_lut4_I0_O)        0.043    17.775 r  gen_intt_n2d1[15].u_intt_n2d1/raw_sum_carry__2_i_18__27/O
                         net (fo=7, unplaced)         0.442    18.217    gen_intt_n2d1[13].u_intt_n2d1/raw_sum_carry_i_7__87_0
                         LUT6 (Prop_lut6_I0_O)        0.043    18.260 r  gen_intt_n2d1[13].u_intt_n2d1/raw_sum_carry__2_i_16__29/O
                         net (fo=6, unplaced)         0.302    18.562    gen_intt_n2d1[15].u_intt_n2d1/raw_sum_carry__2[3]
                         LUT5 (Prop_lut5_I4_O)        0.043    18.605 r  gen_intt_n2d1[15].u_intt_n2d1/raw_sum_carry_i_8__81/O
                         net (fo=1, unplaced)         0.270    18.875    gen_intt_n2d1[15].u_intt_n2d1/raw_sum_carry_i_8__81_n_0
                         LUT5 (Prop_lut5_I3_O)        0.043    18.918 r  gen_intt_n2d1[15].u_intt_n2d1/raw_sum_carry_i_5__108/O
                         net (fo=37, unplaced)        0.345    19.263    gen_intt_n2d1[15].u_intt_n2d1/raw_sum_carry__1_i_16__16_0
                         LUT3 (Prop_lut3_I0_O)        0.043    19.306 r  gen_intt_n2d1[15].u_intt_n2d1/raw_sum_carry_i_3__119/O
                         net (fo=1, unplaced)         0.000    19.306    gen_r2intt_r16.u_r2intt16/gen_s2_b[1].gen_s2_g[3].u_bf/u_sub/add_inst/raw_sum_carry__0_i_14__50_0[1]
                         CARRY4 (Prop_carry4_S[1]_CO[3])
                                                      0.256    19.562 r  gen_r2intt_r16.u_r2intt16/gen_s2_b[1].gen_s2_g[3].u_bf/u_sub/add_inst/raw_sum_carry/CO[3]
                         net (fo=1, unplaced)         0.007    19.569    gen_r2intt_r16.u_r2intt16/gen_s2_b[1].gen_s2_g[3].u_bf/u_sub/add_inst/raw_sum_carry_n_0
                         CARRY4 (Prop_carry4_CI_O[1])
                                                      0.173    19.742 r  gen_r2intt_r16.u_r2intt16/gen_s2_b[1].gen_s2_g[3].u_bf/u_sub/add_inst/raw_sum_carry__0/O[1]
                         net (fo=1, unplaced)         0.386    20.128    gen_r2intt_r16.u_r2intt16/gen_s2_b[1].gen_s2_g[3].u_bf/u_sub/add_inst/raw_sum_carry__0_n_6
                         CARRY4 (Prop_carry4_S[1]_CO[3])
                                                      0.381    20.509 r  gen_r2intt_r16.u_r2intt16/gen_s2_b[1].gen_s2_g[3].u_bf/u_sub/add_inst/raw_sum_carry__1_i_15__22/CO[3]
                         net (fo=1, unplaced)         0.000    20.509    gen_r2intt_r16.u_r2intt16/gen_s2_b[1].gen_s2_g[3].u_bf/u_sub/add_inst/raw_sum_carry__1_i_15__22_n_0
                         CARRY4 (Prop_carry4_CI_O[3])
                                                      0.157    20.666 f  gen_r2intt_r16.u_r2intt16/gen_s2_b[1].gen_s2_g[3].u_bf/u_sub/add_inst/raw_sum_carry_i_25__50/O[3]
                         net (fo=1, unplaced)         0.494    21.160    gen_intt_n2d1[11].u_intt_n2d1/raw_sum_carry_i_23__53_0[2]
                         LUT3 (Prop_lut3_I2_O)        0.124    21.284 f  gen_intt_n2d1[11].u_intt_n2d1/raw_sum_carry_i_31__33/O
                         net (fo=1, unplaced)         0.270    21.554    gen_intt_n2d1[11].u_intt_n2d1/raw_sum_carry_i_31__33_n_0
                         LUT5 (Prop_lut5_I4_O)        0.043    21.597 r  gen_intt_n2d1[11].u_intt_n2d1/raw_sum_carry_i_23__53/O
                         net (fo=8, unplaced)         0.308    21.905    gen_intt_n2d1[15].u_intt_n2d1/raw_sum_carry_i_7__103_0
                         LUT4 (Prop_lut4_I0_O)        0.043    21.948 f  gen_intt_n2d1[15].u_intt_n2d1/raw_sum_carry_i_17__62/O
                         net (fo=12, unplaced)        0.455    22.403    gen_intt_n2d1[15].u_intt_n2d1/raw_sum_carry_i_17__62_n_0
                         LUT5 (Prop_lut5_I1_O)        0.043    22.446 f  gen_intt_n2d1[15].u_intt_n2d1/out0_carry_i_6__33/O
                         net (fo=3, unplaced)         0.760    23.206    gen_intt_n2d1[15].u_intt_n2d1/gen_r2intt_r16.u_r2intt16/s2[15][1]
                         LUT6 (Prop_lut6_I1_O)        0.043    23.249 r  gen_intt_n2d1[15].u_intt_n2d1/raw_sum_carry_i_6__103/O
                         net (fo=63, unplaced)        0.358    23.607    gen_intt_n2d1[15].u_intt_n2d1/raw_sum_carry_i_15__81_0
                         LUT3 (Prop_lut3_I1_O)        0.043    23.650 r  gen_intt_n2d1[15].u_intt_n2d1/raw_sum_carry_i_4__108/O
                         net (fo=1, unplaced)         0.000    23.650    gen_r2intt_r16.u_r2intt16/gen_s3[7].u_bf/u_sub/add_inst/out0_carry_i_7__46_0[0]
                         CARRY4 (Prop_carry4_S[0]_CO[3])
                                                      0.246    23.896 r  gen_r2intt_r16.u_r2intt16/gen_s3[7].u_bf/u_sub/add_inst/raw_sum_carry/CO[3]
                         net (fo=1, unplaced)         0.007    23.903    gen_r2intt_r16.u_r2intt16/gen_s3[7].u_bf/u_sub/add_inst/raw_sum_carry_n_0
                         CARRY4 (Prop_carry4_CI_CO[3])
                                                      0.054    23.957 r  gen_r2intt_r16.u_r2intt16/gen_s3[7].u_bf/u_sub/add_inst/raw_sum_carry__0/CO[3]
                         net (fo=1, unplaced)         0.000    23.957    gen_r2intt_r16.u_r2intt16/gen_s3[7].u_bf/u_sub/add_inst/raw_sum_carry__0_n_0
                         CARRY4 (Prop_carry4_CI_CO[3])
                                                      0.054    24.011 r  gen_r2intt_r16.u_r2intt16/gen_s3[7].u_bf/u_sub/add_inst/raw_sum_carry__1/CO[3]
                         net (fo=1, unplaced)         0.000    24.011    gen_r2intt_r16.u_r2intt16/gen_s3[7].u_bf/u_sub/add_inst/raw_sum_carry__1_n_0
                         CARRY4 (Prop_carry4_CI_CO[3])
                                                      0.054    24.065 r  gen_r2intt_r16.u_r2intt16/gen_s3[7].u_bf/u_sub/add_inst/raw_sum_carry__2/CO[3]
                         net (fo=1, unplaced)         0.000    24.065    gen_r2intt_r16.u_r2intt16/gen_s3[7].u_bf/u_sub/add_inst/raw_sum_carry__2_n_0
                         CARRY4 (Prop_carry4_CI_O[0])
                                                      0.114    24.179 r  gen_r2intt_r16.u_r2intt16/gen_s3[7].u_bf/u_sub/add_inst/raw_sum_carry__3/O[0]
                         net (fo=1, unplaced)         0.191    24.370    gen_r2intt_r16.u_r2intt16/gen_s3[7].u_bf/u_sub/add_inst/raw_sum_carry__3_n_7
                         LUT2 (Prop_lut2_I1_O)        0.123    24.493 r  gen_r2intt_r16.u_r2intt16/gen_s3[7].u_bf/u_sub/add_inst/out0_carry_i_9__34/O
                         net (fo=1, unplaced)         0.000    24.493    gen_r2intt_r16.u_r2intt16/gen_s3[7].u_bf/u_sub/add_inst/out0_carry_i_9__34_n_0
                         CARRY4 (Prop_carry4_S[0]_CO[3])
                                                      0.246    24.739 r  gen_r2intt_r16.u_r2intt16/gen_s3[7].u_bf/u_sub/add_inst/out0_carry_i_7__46/CO[3]
                         net (fo=1, unplaced)         0.007    24.746    gen_r2intt_r16.u_r2intt16/gen_s3[7].u_bf/u_sub/add_inst/out0_carry_i_7__46_n_0
                         CARRY4 (Prop_carry4_CI_O[3])
                                                      0.157    24.903 r  gen_r2intt_r16.u_r2intt16/gen_s3[7].u_bf/u_sub/add_inst/out0_carry_i_8__42/O[3]
                         net (fo=2, unplaced)         0.505    25.408    gen_intt_n2d1[15].u_intt_n2d1/out0_carry__0_5[3]
                         LUT6 (Prop_lut6_I5_O)        0.120    25.528 r  gen_intt_n2d1[15].u_intt_n2d1/product_i_31__28/O
                         net (fo=2, unplaced)         0.253    25.781    gen_intt_n2d1[15].u_intt_n2d1/intt_d1_out[261]
                         LUT4 (Prop_lut4_I0_O)        0.043    25.824 r  gen_intt_n2d1[15].u_intt_n2d1/out0_carry__2_i_7__29/O
                         net (fo=4, unplaced)         0.766    26.590    gen_intt_n2d1[15].u_intt_n2d1/out0_carry__2_i_7__29_n_0
                         LUT6 (Prop_lut6_I3_O)        0.043    26.633 r  gen_intt_n2d1[15].u_intt_n2d1/out0_carry__2_i_2__45/O
                         net (fo=1, unplaced)         0.000    26.633    gen_intt_d1n[15].u_id1n/intt_d1_out[2]
                         CARRY4 (Prop_carry4_S[2]_O[3])
                                                      0.172    26.805 r  gen_intt_d1n[15].u_id1n/out0_carry__2/O[3]
                         net (fo=1, unplaced)         0.494    27.299    gen_intt_n2d1[15].u_intt_n2d1/data0__1[15]
                         LUT6 (Prop_lut6_I0_O)        0.120    27.419 r  gen_intt_n2d1[15].u_intt_n2d1/product_i_1__29/O
                         net (fo=1, unplaced)         0.466    27.885    gen_modmul_intt[15].u_mm_intt/product_0[16]
                         DSP48E1 (Prop_dsp48e1_A[16]_P[1])
                                                      2.737    30.622 r  gen_modmul_intt[15].u_mm_intt/product/P[1]
                         net (fo=1, unplaced)         0.466    31.087    gen_modmul_intt[15].u_mm_intt/product_n_104
                         LUT2 (Prop_lut2_I1_O)        0.043    31.130 r  gen_modmul_intt[15].u_mm_intt/t_carry_i_5__30/O
                         net (fo=1, unplaced)         0.000    31.130    gen_modmul_intt[15].u_mm_intt/t_carry_i_5__30_n_0
                         CARRY4 (Prop_carry4_S[1]_CO[3])
                                                      0.256    31.386 r  gen_modmul_intt[15].u_mm_intt/t_carry/CO[3]
                         net (fo=1, unplaced)         0.007    31.393    gen_modmul_intt[15].u_mm_intt/t_carry_n_0
                         CARRY4 (Prop_carry4_CI_CO[3])
                                                      0.054    31.447 r  gen_modmul_intt[15].u_mm_intt/t_carry__0/CO[3]
                         net (fo=1, unplaced)         0.000    31.447    gen_modmul_intt[15].u_mm_intt/t_carry__0_n_0
                         CARRY4 (Prop_carry4_CI_CO[3])
                                                      0.054    31.501 r  gen_modmul_intt[15].u_mm_intt/t_carry__1/CO[3]
                         net (fo=1, unplaced)         0.000    31.501    gen_modmul_intt[15].u_mm_intt/t_carry__1_n_0
                         CARRY4 (Prop_carry4_CI_CO[3])
                                                      0.054    31.555 r  gen_modmul_intt[15].u_mm_intt/t_carry__2/CO[3]
                         net (fo=1, unplaced)         0.000    31.555    gen_modmul_intt[15].u_mm_intt/t_carry__2_n_0
                         CARRY4 (Prop_carry4_CI_O[0])
                                                      0.114    31.669 r  gen_modmul_intt[15].u_mm_intt/t_carry__3/O[0]
                         net (fo=3, unplaced)         0.686    32.355    gen_modmul_intt[15].u_mm_intt/t_carry__3_n_7
                         CARRY4 (Prop_carry4_S[3]_O[3])
                                                      0.237    32.592 r  gen_modmul_intt[15].u_mm_intt/reduced0_carry__2/O[3]
                         net (fo=1, unplaced)         0.494    33.086    gen_modmul_intt[15].u_mm_intt/reduced0__0[16]
                         LUT3 (Prop_lut3_I0_O)        0.124    33.210 r  gen_modmul_intt[15].u_mm_intt/gen_banks[15].mem_reg_0_15_12_17_i_349/O
                         net (fo=1, unplaced)         0.359    33.569    u_ctrl/mm_intt_out[111]
                         LUT6 (Prop_lut6_I5_O)        0.043    33.612 r  u_ctrl/gen_banks[15].mem_reg_0_15_12_17_i_221/O
                         net (fo=2, unplaced)         0.418    34.030    u_ctrl/gen_banks[15].mem_reg_0_15_12_17_i_221_n_0
                         LUT6 (Prop_lut6_I3_O)        0.043    34.073 r  u_ctrl/gen_banks[15].mem_reg_0_15_30_33_i_77/O
                         net (fo=4, unplaced)         0.294    34.367    u_ctrl/bfly_data_pre[543]
                         LUT6 (Prop_lut6_I0_O)        0.043    34.410 r  u_ctrl/gen_banks[14].mem_reg_0_15_30_33_i_21/O
                         net (fo=4, unplaced)         0.431    34.841    u_ctrl/gen_banks[14].mem_reg_0_15_30_33_i_21_n_0
                         LUT6 (Prop_lut6_I0_O)        0.043    34.884 r  u_ctrl/gen_banks[14].mem_reg_0_15_30_33_i_9/O
                         net (fo=1, unplaced)         0.000    34.884    u_ctrl/bfly_data_routed[509]
                         MUXF7 (Prop_muxf7_I0_O)      0.115    34.999 r  u_ctrl/gen_banks[14].mem_reg_0_15_30_33_i_3/O
                         net (fo=1, unplaced)         0.192    35.191    u_membanks/gen_banks[14].mem_reg_0_15_30_33/DIB1
                         RAMD32                                       r  u_membanks/gen_banks[14].mem_reg_0_15_30_33/RAMB_D1/I
  -------------------------------------------------------------------    -------------------

                         (clock clk rise edge)        3.000     3.000 r  
                                                      0.000     3.000 r  clk (IN)
                         net (fo=0)                   0.000     3.000    clk
                         IBUF (Prop_ibuf_I_O)         0.649     3.649 r  clk_IBUF_inst/O
                         net (fo=1, unplaced)         0.442     4.091    clk_IBUF
                         BUFG (Prop_bufg_I_O)         0.083     4.174 r  clk_IBUF_BUFG_inst/O
                         net (fo=838, unplaced)       0.439     4.613    u_membanks/gen_banks[14].mem_reg_0_15_30_33/WCLK
                         RAMD32                                       r  u_membanks/gen_banks[14].mem_reg_0_15_30_33/RAMB_D1/CLK
                         clock pessimism              0.108     4.721    
                         clock uncertainty           -0.035     4.686    
                         RAMD32 (Setup_ramd32_CLK_I)
                                                     -0.214     4.472    u_membanks/gen_banks[14].mem_reg_0_15_30_33/RAMB_D1
  -------------------------------------------------------------------
                         required time                          4.472    
                         arrival time                         -35.191    
  -------------------------------------------------------------------
                         slack                                -30.720    

Slack (VIOLATED) :        -30.720ns  (required time - arrival time)
  Source:                 u_ctrl/b_cnt_reg[1]/C
                            (rising edge-triggered cell FDCE clocked by clk  {rise@0.000ns fall@1.500ns period=3.000ns})
  Destination:            u_membanks/gen_banks[4].mem_reg_0_15_30_33/RAMB_D1/I
                            (rising edge-triggered cell RAMD32 clocked by clk  {rise@0.000ns fall@1.500ns period=3.000ns})
  Path Group:             clk
  Path Type:              Setup (Max at Slow Process Corner)
  Requirement:            3.000ns  (clk rise@3.000ns - clk rise@0.000ns)
  Data Path Delay:        33.325ns  (logic 11.451ns (34.361%)  route 21.874ns (65.639%))
  Logic Levels:           75  (CARRY4=30 DSP48E1=1 LUT2=5 LUT3=4 LUT4=8 LUT5=6 LUT6=19 MUXF7=1 RAMD32=1)
  Clock Path Skew:        -0.145ns (DCD - SCD + CPR)
    Destination Clock Delay (DCD):    1.613ns = ( 4.613 - 3.000 ) 
    Source Clock Delay      (SCD):    1.866ns
    Clock Pessimism Removal (CPR):    0.108ns
  Clock Uncertainty:      0.035ns  ((TSJ^2 + TIJ^2)^1/2 + DJ) / 2 + PE
    Total System Jitter     (TSJ):    0.071ns
    Total Input Jitter      (TIJ):    0.000ns
    Discrete Jitter          (DJ):    0.000ns
    Phase Error              (PE):    0.000ns

    Location             Delay type                Incr(ns)  Path(ns)    Netlist Resource(s)
  -------------------------------------------------------------------    -------------------
                         (clock clk rise edge)        0.000     0.000 r  
                                                      0.000     0.000 r  clk (IN)
                         net (fo=0)                   0.000     0.000    clk
                         IBUF (Prop_ibuf_I_O)         0.723     0.723 r  clk_IBUF_inst/O
                         net (fo=1, unplaced)         0.466     1.189    clk_IBUF
                         BUFG (Prop_bufg_I_O)         0.093     1.282 r  clk_IBUF_BUFG_inst/O
                         net (fo=838, unplaced)       0.584     1.866    u_ctrl/clk_IBUF_BUFG
                         FDCE                                         r  u_ctrl/b_cnt_reg[1]/C
  -------------------------------------------------------------------    -------------------
                         FDCE (Prop_fdce_C_Q)         0.233     2.099 r  u_ctrl/b_cnt_reg[1]/Q
                         net (fo=10, unplaced)        0.310     2.409    u_ctrl/b_cnt_reg_n_0_[1]
                         LUT2 (Prop_lut2_I0_O)        0.133     2.542 r  u_ctrl/z1_full_i_111/O
                         net (fo=1, unplaced)         0.000     2.542    u_ctrl/z1_full_i_111_n_0
                         CARRY4 (Prop_carry4_DI[1]_O[2])
                                                      0.286     2.828 r  u_ctrl/z1_full_i_105/O[2]
                         net (fo=2, unplaced)         0.508     3.336    u_addrgen/z1_full_i_108[1]
                         CARRY4 (Prop_carry4_DI[1]_O[2])
                                                      0.358     3.694 r  u_addrgen/z1_full_i_104/O[2]
                         net (fo=1, unplaced)         0.270     3.964    u_ctrl/O[2]
                         LUT2 (Prop_lut2_I0_O)        0.127     4.091 r  u_ctrl/z1_full_i_106/O
                         net (fo=1, unplaced)         0.000     4.091    u_ctrl/z1_full_i_106_n_0
                         CARRY4 (Prop_carry4_S[3]_O[3])
                                                      0.114     4.205 r  u_ctrl/z1_full_i_103/O[3]
                         net (fo=29, unplaced)        0.563     4.768    u_ctrl/g_cnt_reg[7]_0[7]
                         LUT2 (Prop_lut2_I0_O)        0.120     4.888 r  u_ctrl/gen_banks[15].mem_reg_0_15_0_5_i_318/O
                         net (fo=1, unplaced)         0.000     4.888    u_ctrl/gen_banks[15].mem_reg_0_15_0_5_i_318_n_0
                         CARRY4 (Prop_carry4_S[3]_O[3])
                                                      0.114     5.002 r  u_ctrl/gen_banks[15].mem_reg_0_15_0_5_i_184/O[3]
                         net (fo=4, unplaced)         0.518     5.520    u_ctrl/orig_addrs[47]
                         LUT6 (Prop_lut6_I5_O)        0.120     5.640 r  u_ctrl/gen_banks[13].mem_reg_0_15_0_5_i_58/O
                         net (fo=4, unplaced)         0.383     6.023    u_ctrl/gen_banks[13].mem_reg_0_15_0_5_i_58_n_0
                         LUT6 (Prop_lut6_I1_O)        0.043     6.066 r  u_ctrl/gen_banks[13].mem_reg_0_15_0_5_i_29/O
                         net (fo=2, unplaced)         0.281     6.347    u_ctrl/ntt_waddr[55]
                         LUT4 (Prop_lut4_I3_O)        0.043     6.390 r  u_ctrl/gen_banks[13].mem_reg_0_15_0_5_i_8/O
                         net (fo=36, unplaced)        0.481     6.871    u_membanks/gen_banks[13].mem_reg_0_15_0_5/ADDRB3
                         RAMD32 (Prop_ramd32_RADR3_O)
                                                      0.043     6.914 f  u_membanks/gen_banks[13].mem_reg_0_15_0_5/RAMB_D1/O
                         net (fo=5, unplaced)         0.770     7.684    u_membanks/bank_dout[445]
                         LUT6 (Prop_lut6_I1_O)        0.043     7.727 f  u_membanks/z1_full_i_48__0/O
                         net (fo=4, unplaced)         0.766     8.493    u_membanks/z1_full_i_48__0_n_0
                         LUT6 (Prop_lut6_I0_O)        0.043     8.536 f  u_membanks/z1_full_i_8__14/O
                         net (fo=23, unplaced)        0.470     9.006    u_membanks/g_cnt_reg[2]_9[2]
                         LUT4 (Prop_lut4_I1_O)        0.043     9.049 f  u_membanks/raw_sum_carry_i_21__59/O
                         net (fo=1, unplaced)         0.407     9.456    u_membanks/raw_sum_carry_i_21__59_n_0
                         LUT5 (Prop_lut5_I2_O)        0.043     9.499 f  u_membanks/raw_sum_carry_i_11__96/O
                         net (fo=79, unplaced)        0.836    10.335    gen_intt_n2d1[15].u_intt_n2d1/raw_sum_carry_i_49__4_0
                         LUT5 (Prop_lut5_I3_O)        0.043    10.378 f  gen_intt_n2d1[15].u_intt_n2d1/raw_sum_carry_i_19__30/O
                         net (fo=10, unplaced)        0.450    10.828    gen_intt_n2d1[15].u_intt_n2d1/raw_sum_carry_i_19__30_n_0
                         LUT4 (Prop_lut4_I3_O)        0.043    10.871 r  gen_intt_n2d1[15].u_intt_n2d1/raw_sum_carry_i_10__55/O
                         net (fo=58, unplaced)        0.356    11.227    gen_intt_n2d1[15].u_intt_n2d1/raw_sum_carry_i_19__30_0
                         LUT4 (Prop_lut4_I3_O)        0.043    11.270 r  gen_intt_n2d1[15].u_intt_n2d1/raw_sum_carry_i_7__61/O
                         net (fo=1, unplaced)         0.000    11.270    gen_r2intt_r16.u_r2intt16/gen_s0[7].u_bf/u_sub/add_inst/raw_sum_carry__0_i_24__1_1[1]
                         CARRY4 (Prop_carry4_S[1]_CO[3])
                                                      0.256    11.526 r  gen_r2intt_r16.u_r2intt16/gen_s0[7].u_bf/u_sub/add_inst/raw_sum_carry/CO[3]
                         net (fo=1, unplaced)         0.007    11.533    gen_r2intt_r16.u_r2intt16/gen_s0[7].u_bf/u_sub/add_inst/raw_sum_carry_n_0
                         CARRY4 (Prop_carry4_CI_O[1])
                                                      0.173    11.706 r  gen_r2intt_r16.u_r2intt16/gen_s0[7].u_bf/u_sub/add_inst/raw_sum_carry__0/O[1]
                         net (fo=1, unplaced)         0.386    12.092    gen_r2intt_r16.u_r2intt16/gen_s0[7].u_bf/u_sub/add_inst/raw_sum_carry__0_n_6
                         CARRY4 (Prop_carry4_S[1]_CO[3])
                                                      0.381    12.473 r  gen_r2intt_r16.u_r2intt16/gen_s0[7].u_bf/u_sub/add_inst/raw_sum_carry__1_i_22__6/CO[3]
                         net (fo=1, unplaced)         0.000    12.473    gen_r2intt_r16.u_r2intt16/gen_s0[7].u_bf/u_sub/add_inst/raw_sum_carry__1_i_22__6_n_0
                         CARRY4 (Prop_carry4_CI_O[3])
                                                      0.157    12.630 f  gen_r2intt_r16.u_r2intt16/gen_s0[7].u_bf/u_sub/add_inst/raw_sum_carry_i_37__9/O[3]
                         net (fo=2, unplaced)         0.505    13.135    gen_intt_n2d1[15].u_intt_n2d1/reduced[10]
                         LUT6 (Prop_lut6_I5_O)        0.120    13.255 f  gen_intt_n2d1[15].u_intt_n2d1/raw_sum_carry_i_59__4/O
                         net (fo=1, unplaced)         0.270    13.525    gen_intt_n2d1[15].u_intt_n2d1/raw_sum_carry_i_59__4_n_0
                         LUT6 (Prop_lut6_I2_O)        0.043    13.568 f  gen_intt_n2d1[15].u_intt_n2d1/raw_sum_carry_i_49__4/O
                         net (fo=1, unplaced)         0.742    14.310    gen_intt_n2d1[15].u_intt_n2d1/raw_sum_carry_i_49__4_n_0
                         LUT6 (Prop_lut6_I1_O)        0.043    14.353 f  gen_intt_n2d1[15].u_intt_n2d1/raw_sum_carry_i_46__4/O
                         net (fo=2, unplaced)         0.253    14.606    gen_intt_n2d1[15].u_intt_n2d1/raw_sum_carry_i_46__4_n_0
                         LUT6 (Prop_lut6_I3_O)        0.043    14.649 f  gen_intt_n2d1[15].u_intt_n2d1/raw_sum_carry_i_35__21/O
                         net (fo=1, unplaced)         0.270    14.919    gen_intt_n2d1[15].u_intt_n2d1/raw_sum_carry_i_35__21_n_0
                         LUT6 (Prop_lut6_I5_O)        0.043    14.962 r  gen_intt_n2d1[15].u_intt_n2d1/raw_sum_carry_i_19__47/O
                         net (fo=51, unplaced)        0.353    15.315    gen_intt_n2d1[15].u_intt_n2d1/raw_sum_carry_i_35__21_0
                         LUT4 (Prop_lut4_I0_O)        0.043    15.358 r  gen_intt_n2d1[15].u_intt_n2d1/raw_sum_carry_i_7__106/O
                         net (fo=1, unplaced)         0.000    15.358    gen_r2intt_r16.u_r2intt16/gen_s1_b[3].gen_s1_g[1].u_bf/u_sub/add_inst/raw_sum_carry_i_26__40_0[1]
                         CARRY4 (Prop_carry4_S[1]_CO[3])
                                                      0.256    15.614 r  gen_r2intt_r16.u_r2intt16/gen_s1_b[3].gen_s1_g[1].u_bf/u_sub/add_inst/raw_sum_carry/CO[3]
                         net (fo=1, unplaced)         0.007    15.621    gen_r2intt_r16.u_r2intt16/gen_s1_b[3].gen_s1_g[1].u_bf/u_sub/add_inst/raw_sum_carry_n_0
                         CARRY4 (Prop_carry4_CI_O[1])
                                                      0.173    15.794 r  gen_r2intt_r16.u_r2intt16/gen_s1_b[3].gen_s1_g[1].u_bf/u_sub/add_inst/raw_sum_carry__0/O[1]
                         net (fo=1, unplaced)         0.386    16.180    gen_r2intt_r16.u_r2intt16/gen_s1_b[3].gen_s1_g[1].u_bf/u_sub/add_inst/raw_sum_carry__0_n_6
                         CARRY4 (Prop_carry4_S[1]_CO[3])
                                                      0.381    16.561 r  gen_r2intt_r16.u_r2intt16/gen_s1_b[3].gen_s1_g[1].u_bf/u_sub/add_inst/raw_sum_carry_i_23__43/CO[3]
                         net (fo=1, unplaced)         0.000    16.561    gen_r2intt_r16.u_r2intt16/gen_s1_b[3].gen_s1_g[1].u_bf/u_sub/add_inst/raw_sum_carry_i_23__43_n_0
                         CARRY4 (Prop_carry4_CI_O[3])
                                                      0.157    16.718 r  gen_r2intt_r16.u_r2intt16/gen_s1_b[3].gen_s1_g[1].u_bf/u_sub/add_inst/raw_sum_carry_i_22__39/O[3]
                         net (fo=1, unplaced)         0.494    17.212    gen_intt_n2d1[15].u_intt_n2d1/reduced_6[5]
                         LUT6 (Prop_lut6_I5_O)        0.120    17.332 r  gen_intt_n2d1[15].u_intt_n2d1/raw_sum_carry__0_i_17__10/O
                         net (fo=9, unplaced)         0.400    17.732    gen_intt_n2d1[15].u_intt_n2d1/s1[15]_1[5]
                         LUT4 (Prop_lut4_I0_O)        0.043    17.775 r  gen_intt_n2d1[15].u_intt_n2d1/raw_sum_carry__2_i_18__27/O
                         net (fo=7, unplaced)         0.442    18.217    gen_intt_n2d1[13].u_intt_n2d1/raw_sum_carry_i_7__87_0
                         LUT6 (Prop_lut6_I0_O)        0.043    18.260 r  gen_intt_n2d1[13].u_intt_n2d1/raw_sum_carry__2_i_16__29/O
                         net (fo=6, unplaced)         0.302    18.562    gen_intt_n2d1[15].u_intt_n2d1/raw_sum_carry__2[3]
                         LUT5 (Prop_lut5_I4_O)        0.043    18.605 r  gen_intt_n2d1[15].u_intt_n2d1/raw_sum_carry_i_8__81/O
                         net (fo=1, unplaced)         0.270    18.875    gen_intt_n2d1[15].u_intt_n2d1/raw_sum_carry_i_8__81_n_0
                         LUT5 (Prop_lut5_I3_O)        0.043    18.918 r  gen_intt_n2d1[15].u_intt_n2d1/raw_sum_carry_i_5__108/O
                         net (fo=37, unplaced)        0.345    19.263    gen_intt_n2d1[15].u_intt_n2d1/raw_sum_carry__1_i_16__16_0
                         LUT3 (Prop_lut3_I0_O)        0.043    19.306 r  gen_intt_n2d1[15].u_intt_n2d1/raw_sum_carry_i_3__119/O
                         net (fo=1, unplaced)         0.000    19.306    gen_r2intt_r16.u_r2intt16/gen_s2_b[1].gen_s2_g[3].u_bf/u_sub/add_inst/raw_sum_carry__0_i_14__50_0[1]
                         CARRY4 (Prop_carry4_S[1]_CO[3])
                                                      0.256    19.562 r  gen_r2intt_r16.u_r2intt16/gen_s2_b[1].gen_s2_g[3].u_bf/u_sub/add_inst/raw_sum_carry/CO[3]
                         net (fo=1, unplaced)         0.007    19.569    gen_r2intt_r16.u_r2intt16/gen_s2_b[1].gen_s2_g[3].u_bf/u_sub/add_inst/raw_sum_carry_n_0
                         CARRY4 (Prop_carry4_CI_O[1])
                                                      0.173    19.742 r  gen_r2intt_r16.u_r2intt16/gen_s2_b[1].gen_s2_g[3].u_bf/u_sub/add_inst/raw_sum_carry__0/O[1]
                         net (fo=1, unplaced)         0.386    20.128    gen_r2intt_r16.u_r2intt16/gen_s2_b[1].gen_s2_g[3].u_bf/u_sub/add_inst/raw_sum_carry__0_n_6
                         CARRY4 (Prop_carry4_S[1]_CO[3])
                                                      0.381    20.509 r  gen_r2intt_r16.u_r2intt16/gen_s2_b[1].gen_s2_g[3].u_bf/u_sub/add_inst/raw_sum_carry__1_i_15__22/CO[3]
                         net (fo=1, unplaced)         0.000    20.509    gen_r2intt_r16.u_r2intt16/gen_s2_b[1].gen_s2_g[3].u_bf/u_sub/add_inst/raw_sum_carry__1_i_15__22_n_0
                         CARRY4 (Prop_carry4_CI_O[3])
                                                      0.157    20.666 f  gen_r2intt_r16.u_r2intt16/gen_s2_b[1].gen_s2_g[3].u_bf/u_sub/add_inst/raw_sum_carry_i_25__50/O[3]
                         net (fo=1, unplaced)         0.494    21.160    gen_intt_n2d1[11].u_intt_n2d1/raw_sum_carry_i_23__53_0[2]
                         LUT3 (Prop_lut3_I2_O)        0.124    21.284 f  gen_intt_n2d1[11].u_intt_n2d1/raw_sum_carry_i_31__33/O
                         net (fo=1, unplaced)         0.270    21.554    gen_intt_n2d1[11].u_intt_n2d1/raw_sum_carry_i_31__33_n_0
                         LUT5 (Prop_lut5_I4_O)        0.043    21.597 r  gen_intt_n2d1[11].u_intt_n2d1/raw_sum_carry_i_23__53/O
                         net (fo=8, unplaced)         0.308    21.905    gen_intt_n2d1[15].u_intt_n2d1/raw_sum_carry_i_7__103_0
                         LUT4 (Prop_lut4_I0_O)        0.043    21.948 f  gen_intt_n2d1[15].u_intt_n2d1/raw_sum_carry_i_17__62/O
                         net (fo=12, unplaced)        0.455    22.403    gen_intt_n2d1[15].u_intt_n2d1/raw_sum_carry_i_17__62_n_0
                         LUT5 (Prop_lut5_I1_O)        0.043    22.446 f  gen_intt_n2d1[15].u_intt_n2d1/out0_carry_i_6__33/O
                         net (fo=3, unplaced)         0.760    23.206    gen_intt_n2d1[15].u_intt_n2d1/gen_r2intt_r16.u_r2intt16/s2[15][1]
                         LUT6 (Prop_lut6_I1_O)        0.043    23.249 r  gen_intt_n2d1[15].u_intt_n2d1/raw_sum_carry_i_6__103/O
                         net (fo=63, unplaced)        0.358    23.607    gen_intt_n2d1[15].u_intt_n2d1/raw_sum_carry_i_15__81_0
                         LUT3 (Prop_lut3_I1_O)        0.043    23.650 r  gen_intt_n2d1[15].u_intt_n2d1/raw_sum_carry_i_4__108/O
                         net (fo=1, unplaced)         0.000    23.650    gen_r2intt_r16.u_r2intt16/gen_s3[7].u_bf/u_sub/add_inst/out0_carry_i_7__46_0[0]
                         CARRY4 (Prop_carry4_S[0]_CO[3])
                                                      0.246    23.896 r  gen_r2intt_r16.u_r2intt16/gen_s3[7].u_bf/u_sub/add_inst/raw_sum_carry/CO[3]
                         net (fo=1, unplaced)         0.007    23.903    gen_r2intt_r16.u_r2intt16/gen_s3[7].u_bf/u_sub/add_inst/raw_sum_carry_n_0
                         CARRY4 (Prop_carry4_CI_CO[3])
                                                      0.054    23.957 r  gen_r2intt_r16.u_r2intt16/gen_s3[7].u_bf/u_sub/add_inst/raw_sum_carry__0/CO[3]
                         net (fo=1, unplaced)         0.000    23.957    gen_r2intt_r16.u_r2intt16/gen_s3[7].u_bf/u_sub/add_inst/raw_sum_carry__0_n_0
                         CARRY4 (Prop_carry4_CI_CO[3])
                                                      0.054    24.011 r  gen_r2intt_r16.u_r2intt16/gen_s3[7].u_bf/u_sub/add_inst/raw_sum_carry__1/CO[3]
                         net (fo=1, unplaced)         0.000    24.011    gen_r2intt_r16.u_r2intt16/gen_s3[7].u_bf/u_sub/add_inst/raw_sum_carry__1_n_0
                         CARRY4 (Prop_carry4_CI_CO[3])
                                                      0.054    24.065 r  gen_r2intt_r16.u_r2intt16/gen_s3[7].u_bf/u_sub/add_inst/raw_sum_carry__2/CO[3]
                         net (fo=1, unplaced)         0.000    24.065    gen_r2intt_r16.u_r2intt16/gen_s3[7].u_bf/u_sub/add_inst/raw_sum_carry__2_n_0
                         CARRY4 (Prop_carry4_CI_O[0])
                                                      0.114    24.179 r  gen_r2intt_r16.u_r2intt16/gen_s3[7].u_bf/u_sub/add_inst/raw_sum_carry__3/O[0]
                         net (fo=1, unplaced)         0.191    24.370    gen_r2intt_r16.u_r2intt16/gen_s3[7].u_bf/u_sub/add_inst/raw_sum_carry__3_n_7
                         LUT2 (Prop_lut2_I1_O)        0.123    24.493 r  gen_r2intt_r16.u_r2intt16/gen_s3[7].u_bf/u_sub/add_inst/out0_carry_i_9__34/O
                         net (fo=1, unplaced)         0.000    24.493    gen_r2intt_r16.u_r2intt16/gen_s3[7].u_bf/u_sub/add_inst/out0_carry_i_9__34_n_0
                         CARRY4 (Prop_carry4_S[0]_CO[3])
                                                      0.246    24.739 r  gen_r2intt_r16.u_r2intt16/gen_s3[7].u_bf/u_sub/add_inst/out0_carry_i_7__46/CO[3]
                         net (fo=1, unplaced)         0.007    24.746    gen_r2intt_r16.u_r2intt16/gen_s3[7].u_bf/u_sub/add_inst/out0_carry_i_7__46_n_0
                         CARRY4 (Prop_carry4_CI_O[3])
                                                      0.157    24.903 r  gen_r2intt_r16.u_r2intt16/gen_s3[7].u_bf/u_sub/add_inst/out0_carry_i_8__42/O[3]
                         net (fo=2, unplaced)         0.505    25.408    gen_intt_n2d1[15].u_intt_n2d1/out0_carry__0_5[3]
                         LUT6 (Prop_lut6_I5_O)        0.120    25.528 r  gen_intt_n2d1[15].u_intt_n2d1/product_i_31__28/O
                         net (fo=2, unplaced)         0.253    25.781    gen_intt_n2d1[15].u_intt_n2d1/intt_d1_out[261]
                         LUT4 (Prop_lut4_I0_O)        0.043    25.824 r  gen_intt_n2d1[15].u_intt_n2d1/out0_carry__2_i_7__29/O
                         net (fo=4, unplaced)         0.766    26.590    gen_intt_n2d1[15].u_intt_n2d1/out0_carry__2_i_7__29_n_0
                         LUT6 (Prop_lut6_I3_O)        0.043    26.633 r  gen_intt_n2d1[15].u_intt_n2d1/out0_carry__2_i_2__45/O
                         net (fo=1, unplaced)         0.000    26.633    gen_intt_d1n[15].u_id1n/intt_d1_out[2]
                         CARRY4 (Prop_carry4_S[2]_O[3])
                                                      0.172    26.805 r  gen_intt_d1n[15].u_id1n/out0_carry__2/O[3]
                         net (fo=1, unplaced)         0.494    27.299    gen_intt_n2d1[15].u_intt_n2d1/data0__1[15]
                         LUT6 (Prop_lut6_I0_O)        0.120    27.419 r  gen_intt_n2d1[15].u_intt_n2d1/product_i_1__29/O
                         net (fo=1, unplaced)         0.466    27.885    gen_modmul_intt[15].u_mm_intt/product_0[16]
                         DSP48E1 (Prop_dsp48e1_A[16]_P[1])
                                                      2.737    30.622 r  gen_modmul_intt[15].u_mm_intt/product/P[1]
                         net (fo=1, unplaced)         0.466    31.087    gen_modmul_intt[15].u_mm_intt/product_n_104
                         LUT2 (Prop_lut2_I1_O)        0.043    31.130 r  gen_modmul_intt[15].u_mm_intt/t_carry_i_5__30/O
                         net (fo=1, unplaced)         0.000    31.130    gen_modmul_intt[15].u_mm_intt/t_carry_i_5__30_n_0
                         CARRY4 (Prop_carry4_S[1]_CO[3])
                                                      0.256    31.386 r  gen_modmul_intt[15].u_mm_intt/t_carry/CO[3]
                         net (fo=1, unplaced)         0.007    31.393    gen_modmul_intt[15].u_mm_intt/t_carry_n_0
                         CARRY4 (Prop_carry4_CI_CO[3])
                                                      0.054    31.447 r  gen_modmul_intt[15].u_mm_intt/t_carry__0/CO[3]
                         net (fo=1, unplaced)         0.000    31.447    gen_modmul_intt[15].u_mm_intt/t_carry__0_n_0
                         CARRY4 (Prop_carry4_CI_CO[3])
                                                      0.054    31.501 r  gen_modmul_intt[15].u_mm_intt/t_carry__1/CO[3]
                         net (fo=1, unplaced)         0.000    31.501    gen_modmul_intt[15].u_mm_intt/t_carry__1_n_0
                         CARRY4 (Prop_carry4_CI_CO[3])
                                                      0.054    31.555 r  gen_modmul_intt[15].u_mm_intt/t_carry__2/CO[3]
                         net (fo=1, unplaced)         0.000    31.555    gen_modmul_intt[15].u_mm_intt/t_carry__2_n_0
                         CARRY4 (Prop_carry4_CI_O[0])
                                                      0.114    31.669 r  gen_modmul_intt[15].u_mm_intt/t_carry__3/O[0]
                         net (fo=3, unplaced)         0.686    32.355    gen_modmul_intt[15].u_mm_intt/t_carry__3_n_7
                         CARRY4 (Prop_carry4_S[3]_O[3])
                                                      0.237    32.592 r  gen_modmul_intt[15].u_mm_intt/reduced0_carry__2/O[3]
                         net (fo=1, unplaced)         0.494    33.086    gen_modmul_intt[15].u_mm_intt/reduced0__0[16]
                         LUT3 (Prop_lut3_I0_O)        0.124    33.210 r  gen_modmul_intt[15].u_mm_intt/gen_banks[15].mem_reg_0_15_12_17_i_349/O
                         net (fo=1, unplaced)         0.359    33.569    u_ctrl/mm_intt_out[111]
                         LUT6 (Prop_lut6_I5_O)        0.043    33.612 r  u_ctrl/gen_banks[15].mem_reg_0_15_12_17_i_221/O
                         net (fo=2, unplaced)         0.418    34.030    u_ctrl/gen_banks[15].mem_reg_0_15_12_17_i_221_n_0
                         LUT6 (Prop_lut6_I3_O)        0.043    34.073 r  u_ctrl/gen_banks[15].mem_reg_0_15_30_33_i_77/O
                         net (fo=4, unplaced)         0.431    34.504    u_ctrl/bfly_data_pre[543]
                         LUT6 (Prop_lut6_I3_O)        0.043    34.547 r  u_ctrl/gen_banks[12].mem_reg_0_15_30_33_i_21/O
                         net (fo=4, unplaced)         0.294    34.841    u_ctrl/gen_banks[12].mem_reg_0_15_30_33_i_21_n_0
                         LUT6 (Prop_lut6_I3_O)        0.043    34.884 r  u_ctrl/gen_banks[4].mem_reg_0_15_30_33_i_9/O
                         net (fo=1, unplaced)         0.000    34.884    u_ctrl/bfly_data_routed[169]
                         MUXF7 (Prop_muxf7_I0_O)      0.115    34.999 r  u_ctrl/gen_banks[4].mem_reg_0_15_30_33_i_3/O
                         net (fo=1, unplaced)         0.192    35.191    u_membanks/gen_banks[4].mem_reg_0_15_30_33/DIB1
                         RAMD32                                       r  u_membanks/gen_banks[4].mem_reg_0_15_30_33/RAMB_D1/I
  -------------------------------------------------------------------    -------------------

                         (clock clk rise edge)        3.000     3.000 r  
                                                      0.000     3.000 r  clk (IN)
                         net (fo=0)                   0.000     3.000    clk
                         IBUF (Prop_ibuf_I_O)         0.649     3.649 r  clk_IBUF_inst/O
                         net (fo=1, unplaced)         0.442     4.091    clk_IBUF
                         BUFG (Prop_bufg_I_O)         0.083     4.174 r  clk_IBUF_BUFG_inst/O
                         net (fo=838, unplaced)       0.439     4.613    u_membanks/gen_banks[4].mem_reg_0_15_30_33/WCLK
                         RAMD32                                       r  u_membanks/gen_banks[4].mem_reg_0_15_30_33/RAMB_D1/CLK
                         clock pessimism              0.108     4.721    
                         clock uncertainty           -0.035     4.686    
                         RAMD32 (Setup_ramd32_CLK_I)
                                                     -0.214     4.472    u_membanks/gen_banks[4].mem_reg_0_15_30_33/RAMB_D1
  -------------------------------------------------------------------
                         required time                          4.472    
                         arrival time                         -35.191    
  -------------------------------------------------------------------
                         slack                                -30.720    





Min Delay Paths
--------------------------------------------------------------------------------------
Slack (MET) :             0.065ns  (arrival time - required time)
  Source:                 u_ctrl/load_cnt_reg[2]/C
                            (rising edge-triggered cell FDCE clocked by clk  {rise@0.000ns fall@1.500ns period=3.000ns})
  Destination:            u_ctrl/load_cnt_reg[2]/D
                            (rising edge-triggered cell FDCE clocked by clk  {rise@0.000ns fall@1.500ns period=3.000ns})
  Path Group:             clk
  Path Type:              Hold (Min at Fast Process Corner)
  Requirement:            0.000ns  (clk rise@0.000ns - clk rise@0.000ns)
  Data Path Delay:        0.279ns  (logic 0.168ns (60.304%)  route 0.111ns (39.696%))
  Logic Levels:           1  (LUT6=1)
  Clock Path Skew:        0.145ns (DCD - SCD - CPR)
    Destination Clock Delay (DCD):    0.846ns
    Source Clock Delay      (SCD):    0.437ns
    Clock Pessimism Removal (CPR):    0.264ns

    Location             Delay type                Incr(ns)  Path(ns)    Netlist Resource(s)
  -------------------------------------------------------------------    -------------------
                         (clock clk rise edge)        0.000     0.000 r  
                                                      0.000     0.000 r  clk (IN)
                         net (fo=0)                   0.000     0.000    clk
                         IBUF (Prop_ibuf_I_O)         0.066     0.066 r  clk_IBUF_inst/O
                         net (fo=1, unplaced)         0.231     0.297    clk_IBUF
                         BUFG (Prop_bufg_I_O)         0.026     0.323 r  clk_IBUF_BUFG_inst/O
                         net (fo=838, unplaced)       0.114     0.437    u_ctrl/clk_IBUF_BUFG
                         FDCE                                         r  u_ctrl/load_cnt_reg[2]/C
  -------------------------------------------------------------------    -------------------
                         FDCE (Prop_fdce_C_Q)         0.104     0.541 r  u_ctrl/load_cnt_reg[2]/Q
                         net (fo=6, unplaced)         0.111     0.651    u_ctrl/load_cnt_reg_n_0_[2]
                         LUT6 (Prop_lut6_I5_O)        0.064     0.715 r  u_ctrl/load_cnt[2]_i_1/O
                         net (fo=1, unplaced)         0.000     0.715    u_ctrl/load_cnt[2]_i_1_n_0
                         FDCE                                         r  u_ctrl/load_cnt_reg[2]/D
  -------------------------------------------------------------------    -------------------

                         (clock clk rise edge)        0.000     0.000 r  
                                                      0.000     0.000 r  clk (IN)
                         net (fo=0)                   0.000     0.000    clk
                         IBUF (Prop_ibuf_I_O)         0.313     0.313 r  clk_IBUF_inst/O
                         net (fo=1, unplaced)         0.243     0.557    clk_IBUF
                         BUFG (Prop_bufg_I_O)         0.030     0.587 r  clk_IBUF_BUFG_inst/O
                         net (fo=838, unplaced)       0.259     0.846    u_ctrl/clk_IBUF_BUFG
                         FDCE                                         r  u_ctrl/load_cnt_reg[2]/C
                         clock pessimism             -0.264     0.582    
                         FDCE (Hold_fdce_C_D)         0.069     0.651    u_ctrl/load_cnt_reg[2]
  -------------------------------------------------------------------
                         required time                         -0.651    
                         arrival time                           0.715    
  -------------------------------------------------------------------
                         slack                                  0.065    

Slack (MET) :             0.068ns  (arrival time - required time)
  Source:                 u_ctrl/load_cnt_reg[0]/C
                            (rising edge-triggered cell FDCE clocked by clk  {rise@0.000ns fall@1.500ns period=3.000ns})
  Destination:            u_ctrl/load_cnt_reg[0]/D
                            (rising edge-triggered cell FDCE clocked by clk  {rise@0.000ns fall@1.500ns period=3.000ns})
  Path Group:             clk
  Path Type:              Hold (Min at Fast Process Corner)
  Requirement:            0.000ns  (clk rise@0.000ns - clk rise@0.000ns)
  Data Path Delay:        0.282ns  (logic 0.168ns (59.667%)  route 0.114ns (40.333%))
  Logic Levels:           1  (LUT4=1)
  Clock Path Skew:        0.145ns (DCD - SCD - CPR)
    Destination Clock Delay (DCD):    0.846ns
    Source Clock Delay      (SCD):    0.437ns
    Clock Pessimism Removal (CPR):    0.264ns

    Location             Delay type                Incr(ns)  Path(ns)    Netlist Resource(s)
  -------------------------------------------------------------------    -------------------
                         (clock clk rise edge)        0.000     0.000 r  
                                                      0.000     0.000 r  clk (IN)
                         net (fo=0)                   0.000     0.000    clk
                         IBUF (Prop_ibuf_I_O)         0.066     0.066 r  clk_IBUF_inst/O
                         net (fo=1, unplaced)         0.231     0.297    clk_IBUF
                         BUFG (Prop_bufg_I_O)         0.026     0.323 r  clk_IBUF_BUFG_inst/O
                         net (fo=838, unplaced)       0.114     0.437    u_ctrl/clk_IBUF_BUFG
                         FDCE                                         r  u_ctrl/load_cnt_reg[0]/C
  -------------------------------------------------------------------    -------------------
                         FDCE (Prop_fdce_C_Q)         0.104     0.541 f  u_ctrl/load_cnt_reg[0]/Q
                         net (fo=8, unplaced)         0.114     0.654    u_ctrl/load_cnt_reg_n_0_[0]
                         LUT4 (Prop_lut4_I3_O)        0.064     0.718 r  u_ctrl/load_cnt[0]_i_1/O
                         net (fo=1, unplaced)         0.000     0.718    u_ctrl/load_cnt[0]_i_1_n_0
                         FDCE                                         r  u_ctrl/load_cnt_reg[0]/D
  -------------------------------------------------------------------    -------------------

                         (clock clk rise edge)        0.000     0.000 r  
                                                      0.000     0.000 r  clk (IN)
                         net (fo=0)                   0.000     0.000    clk
                         IBUF (Prop_ibuf_I_O)         0.313     0.313 r  clk_IBUF_inst/O
                         net (fo=1, unplaced)         0.243     0.557    clk_IBUF
                         BUFG (Prop_bufg_I_O)         0.030     0.587 r  clk_IBUF_BUFG_inst/O
                         net (fo=838, unplaced)       0.259     0.846    u_ctrl/clk_IBUF_BUFG
                         FDCE                                         r  u_ctrl/load_cnt_reg[0]/C
                         clock pessimism             -0.264     0.582    
                         FDCE (Hold_fdce_C_D)         0.069     0.651    u_ctrl/load_cnt_reg[0]
  -------------------------------------------------------------------
                         required time                         -0.651    
                         arrival time                           0.718    
  -------------------------------------------------------------------
                         slack                                  0.068    

Slack (MET) :             0.068ns  (arrival time - required time)
  Source:                 u_ctrl/stage_cnt_reg[1]/C
                            (rising edge-triggered cell FDCE clocked by clk  {rise@0.000ns fall@1.500ns period=3.000ns})
  Destination:            u_ctrl/stage_cnt_reg[1]/D
                            (rising edge-triggered cell FDCE clocked by clk  {rise@0.000ns fall@1.500ns period=3.000ns})
  Path Group:             clk
  Path Type:              Hold (Min at Fast Process Corner)
  Requirement:            0.000ns  (clk rise@0.000ns - clk rise@0.000ns)
  Data Path Delay:        0.282ns  (logic 0.168ns (59.667%)  route 0.114ns (40.333%))
  Logic Levels:           1  (LUT3=1)
  Clock Path Skew:        0.145ns (DCD - SCD - CPR)
    Destination Clock Delay (DCD):    0.846ns
    Source Clock Delay      (SCD):    0.437ns
    Clock Pessimism Removal (CPR):    0.264ns

    Location             Delay type                Incr(ns)  Path(ns)    Netlist Resource(s)
  -------------------------------------------------------------------    -------------------
                         (clock clk rise edge)        0.000     0.000 r  
                                                      0.000     0.000 r  clk (IN)
                         net (fo=0)                   0.000     0.000    clk
                         IBUF (Prop_ibuf_I_O)         0.066     0.066 r  clk_IBUF_inst/O
                         net (fo=1, unplaced)         0.231     0.297    clk_IBUF
                         BUFG (Prop_bufg_I_O)         0.026     0.323 r  clk_IBUF_BUFG_inst/O
                         net (fo=838, unplaced)       0.114     0.437    u_ctrl/clk_IBUF_BUFG
                         FDCE                                         r  u_ctrl/stage_cnt_reg[1]/C
  -------------------------------------------------------------------    -------------------
                         FDCE (Prop_fdce_C_Q)         0.104     0.541 r  u_ctrl/stage_cnt_reg[1]/Q
                         net (fo=8, unplaced)         0.114     0.654    u_ctrl/stage_cnt_reg_n_0_[1]
                         LUT3 (Prop_lut3_I2_O)        0.064     0.718 r  u_ctrl/stage_cnt[1]_i_1/O
                         net (fo=1, unplaced)         0.000     0.718    u_ctrl/stage_cnt[1]_i_1_n_0
                         FDCE                                         r  u_ctrl/stage_cnt_reg[1]/D
  -------------------------------------------------------------------    -------------------

                         (clock clk rise edge)        0.000     0.000 r  
                                                      0.000     0.000 r  clk (IN)
                         net (fo=0)                   0.000     0.000    clk
                         IBUF (Prop_ibuf_I_O)         0.313     0.313 r  clk_IBUF_inst/O
                         net (fo=1, unplaced)         0.243     0.557    clk_IBUF
                         BUFG (Prop_bufg_I_O)         0.030     0.587 r  clk_IBUF_BUFG_inst/O
                         net (fo=838, unplaced)       0.259     0.846    u_ctrl/clk_IBUF_BUFG
                         FDCE                                         r  u_ctrl/stage_cnt_reg[1]/C
                         clock pessimism             -0.264     0.582    
                         FDCE (Hold_fdce_C_D)         0.069     0.651    u_ctrl/stage_cnt_reg[1]
  -------------------------------------------------------------------
                         required time                         -0.651    
                         arrival time                           0.718    
  -------------------------------------------------------------------
                         slack                                  0.068    

Slack (MET) :             0.068ns  (arrival time - required time)
  Source:                 u_ctrl/load_cnt_reg[1]/C
                            (rising edge-triggered cell FDCE clocked by clk  {rise@0.000ns fall@1.500ns period=3.000ns})
  Destination:            u_ctrl/load_cnt_reg[1]/D
                            (rising edge-triggered cell FDCE clocked by clk  {rise@0.000ns fall@1.500ns period=3.000ns})
  Path Group:             clk
  Path Type:              Hold (Min at Fast Process Corner)
  Requirement:            0.000ns  (clk rise@0.000ns - clk rise@0.000ns)
  Data Path Delay:        0.282ns  (logic 0.170ns (60.268%)  route 0.112ns (39.732%))
  Logic Levels:           1  (LUT5=1)
  Clock Path Skew:        0.145ns (DCD - SCD - CPR)
    Destination Clock Delay (DCD):    0.846ns
    Source Clock Delay      (SCD):    0.437ns
    Clock Pessimism Removal (CPR):    0.264ns

    Location             Delay type                Incr(ns)  Path(ns)    Netlist Resource(s)
  -------------------------------------------------------------------    -------------------
                         (clock clk rise edge)        0.000     0.000 r  
                                                      0.000     0.000 r  clk (IN)
                         net (fo=0)                   0.000     0.000    clk
                         IBUF (Prop_ibuf_I_O)         0.066     0.066 r  clk_IBUF_inst/O
                         net (fo=1, unplaced)         0.231     0.297    clk_IBUF
                         BUFG (Prop_bufg_I_O)         0.026     0.323 r  clk_IBUF_BUFG_inst/O
                         net (fo=838, unplaced)       0.114     0.437    u_ctrl/clk_IBUF_BUFG
                         FDCE                                         r  u_ctrl/load_cnt_reg[1]/C
  -------------------------------------------------------------------    -------------------
                         FDCE (Prop_fdce_C_Q)         0.104     0.541 r  u_ctrl/load_cnt_reg[1]/Q
                         net (fo=7, unplaced)         0.112     0.653    u_ctrl/load_cnt_reg_n_0_[1]
                         LUT5 (Prop_lut5_I4_O)        0.066     0.719 r  u_ctrl/load_cnt[1]_i_1/O
                         net (fo=1, unplaced)         0.000     0.719    u_ctrl/load_cnt[1]_i_1_n_0
                         FDCE                                         r  u_ctrl/load_cnt_reg[1]/D
  -------------------------------------------------------------------    -------------------

                         (clock clk rise edge)        0.000     0.000 r  
                                                      0.000     0.000 r  clk (IN)
                         net (fo=0)                   0.000     0.000    clk
                         IBUF (Prop_ibuf_I_O)         0.313     0.313 r  clk_IBUF_inst/O
                         net (fo=1, unplaced)         0.243     0.557    clk_IBUF
                         BUFG (Prop_bufg_I_O)         0.030     0.587 r  clk_IBUF_BUFG_inst/O
                         net (fo=838, unplaced)       0.259     0.846    u_ctrl/clk_IBUF_BUFG
                         FDCE                                         r  u_ctrl/load_cnt_reg[1]/C
                         clock pessimism             -0.264     0.582    
                         FDCE (Hold_fdce_C_D)         0.069     0.651    u_ctrl/load_cnt_reg[1]
  -------------------------------------------------------------------
                         required time                         -0.651    
                         arrival time                           0.719    
  -------------------------------------------------------------------
                         slack                                  0.068    

Slack (MET) :             0.068ns  (arrival time - required time)
  Source:                 u_ctrl/stage_cnt_reg[2]/C
                            (rising edge-triggered cell FDCE clocked by clk  {rise@0.000ns fall@1.500ns period=3.000ns})
  Destination:            u_ctrl/stage_cnt_reg[2]/D
                            (rising edge-triggered cell FDCE clocked by clk  {rise@0.000ns fall@1.500ns period=3.000ns})
  Path Group:             clk
  Path Type:              Hold (Min at Fast Process Corner)
  Requirement:            0.000ns  (clk rise@0.000ns - clk rise@0.000ns)
  Data Path Delay:        0.282ns  (logic 0.170ns (60.268%)  route 0.112ns (39.732%))
  Logic Levels:           1  (LUT4=1)
  Clock Path Skew:        0.145ns (DCD - SCD - CPR)
    Destination Clock Delay (DCD):    0.846ns
    Source Clock Delay      (SCD):    0.437ns
    Clock Pessimism Removal (CPR):    0.264ns

    Location             Delay type                Incr(ns)  Path(ns)    Netlist Resource(s)
  -------------------------------------------------------------------    -------------------
                         (clock clk rise edge)        0.000     0.000 r  
                                                      0.000     0.000 r  clk (IN)
                         net (fo=0)                   0.000     0.000    clk
                         IBUF (Prop_ibuf_I_O)         0.066     0.066 r  clk_IBUF_inst/O
                         net (fo=1, unplaced)         0.231     0.297    clk_IBUF
                         BUFG (Prop_bufg_I_O)         0.026     0.323 r  clk_IBUF_BUFG_inst/O
                         net (fo=838, unplaced)       0.114     0.437    u_ctrl/clk_IBUF_BUFG
                         FDCE                                         r  u_ctrl/stage_cnt_reg[2]/C
  -------------------------------------------------------------------    -------------------
                         FDCE (Prop_fdce_C_Q)         0.104     0.541 r  u_ctrl/stage_cnt_reg[2]/Q
                         net (fo=7, unplaced)         0.112     0.653    u_ctrl/stage_cnt_reg_n_0_[2]
                         LUT4 (Prop_lut4_I3_O)        0.066     0.719 r  u_ctrl/stage_cnt[2]_i_2/O
                         net (fo=1, unplaced)         0.000     0.719    u_ctrl/stage_cnt[2]_i_2_n_0
                         FDCE                                         r  u_ctrl/stage_cnt_reg[2]/D
  -------------------------------------------------------------------    -------------------

                         (clock clk rise edge)        0.000     0.000 r  
                                                      0.000     0.000 r  clk (IN)
                         net (fo=0)                   0.000     0.000    clk
                         IBUF (Prop_ibuf_I_O)         0.313     0.313 r  clk_IBUF_inst/O
                         net (fo=1, unplaced)         0.243     0.557    clk_IBUF
                         BUFG (Prop_bufg_I_O)         0.030     0.587 r  clk_IBUF_BUFG_inst/O
                         net (fo=838, unplaced)       0.259     0.846    u_ctrl/clk_IBUF_BUFG
                         FDCE                                         r  u_ctrl/stage_cnt_reg[2]/C
                         clock pessimism             -0.264     0.582    
                         FDCE (Hold_fdce_C_D)         0.069     0.651    u_ctrl/stage_cnt_reg[2]
  -------------------------------------------------------------------
                         required time                         -0.651    
                         arrival time                           0.719    
  -------------------------------------------------------------------
                         slack                                  0.068    

Slack (MET) :             0.092ns  (arrival time - required time)
  Source:                 u_ctrl/FSM_sequential_state_reg[0]/C
                            (rising edge-triggered cell FDPE clocked by clk  {rise@0.000ns fall@1.500ns period=3.000ns})
  Destination:            u_ctrl/delta_idx_reg[0]/D
                            (rising edge-triggered cell FDCE clocked by clk  {rise@0.000ns fall@1.500ns period=3.000ns})
  Path Group:             clk
  Path Type:              Hold (Min at Fast Process Corner)
  Requirement:            0.000ns  (clk rise@0.000ns - clk rise@0.000ns)
  Data Path Delay:        0.306ns  (logic 0.168ns (54.927%)  route 0.138ns (45.073%))
  Logic Levels:           1  (LUT6=1)
  Clock Path Skew:        0.145ns (DCD - SCD - CPR)
    Destination Clock Delay (DCD):    0.846ns
    Source Clock Delay      (SCD):    0.437ns
    Clock Pessimism Removal (CPR):    0.264ns

    Location             Delay type                Incr(ns)  Path(ns)    Netlist Resource(s)
  -------------------------------------------------------------------    -------------------
                         (clock clk rise edge)        0.000     0.000 r  
                                                      0.000     0.000 r  clk (IN)
                         net (fo=0)                   0.000     0.000    clk
                         IBUF (Prop_ibuf_I_O)         0.066     0.066 r  clk_IBUF_inst/O
                         net (fo=1, unplaced)         0.231     0.297    clk_IBUF
                         BUFG (Prop_bufg_I_O)         0.026     0.323 r  clk_IBUF_BUFG_inst/O
                         net (fo=838, unplaced)       0.114     0.437    u_ctrl/clk_IBUF_BUFG
                         FDPE                                         r  u_ctrl/FSM_sequential_state_reg[0]/C
  -------------------------------------------------------------------    -------------------
                         FDPE (Prop_fdpe_C_Q)         0.104     0.541 f  u_ctrl/FSM_sequential_state_reg[0]/Q
                         net (fo=61, unplaced)        0.138     0.679    u_ctrl/state__0[0]
                         LUT6 (Prop_lut6_I5_O)        0.064     0.743 r  u_ctrl/delta_idx[0]_i_1/O
                         net (fo=1, unplaced)         0.000     0.743    u_ctrl/delta_idx[0]
                         FDCE                                         r  u_ctrl/delta_idx_reg[0]/D
  -------------------------------------------------------------------    -------------------

                         (clock clk rise edge)        0.000     0.000 r  
                                                      0.000     0.000 r  clk (IN)
                         net (fo=0)                   0.000     0.000    clk
                         IBUF (Prop_ibuf_I_O)         0.313     0.313 r  clk_IBUF_inst/O
                         net (fo=1, unplaced)         0.243     0.557    clk_IBUF
                         BUFG (Prop_bufg_I_O)         0.030     0.587 r  clk_IBUF_BUFG_inst/O
                         net (fo=838, unplaced)       0.259     0.846    u_ctrl/clk_IBUF_BUFG
                         FDCE                                         r  u_ctrl/delta_idx_reg[0]/C
                         clock pessimism             -0.264     0.582    
                         FDCE (Hold_fdce_C_D)         0.069     0.651    u_ctrl/delta_idx_reg[0]
  -------------------------------------------------------------------
                         required time                         -0.651    
                         arrival time                           0.743    
  -------------------------------------------------------------------
                         slack                                  0.092    

Slack (MET) :             0.092ns  (arrival time - required time)
  Source:                 u_ctrl/FSM_sequential_state_reg[0]/C
                            (rising edge-triggered cell FDPE clocked by clk  {rise@0.000ns fall@1.500ns period=3.000ns})
  Destination:            u_ctrl/done_reg/D
                            (rising edge-triggered cell FDCE clocked by clk  {rise@0.000ns fall@1.500ns period=3.000ns})
  Path Group:             clk
  Path Type:              Hold (Min at Fast Process Corner)
  Requirement:            0.000ns  (clk rise@0.000ns - clk rise@0.000ns)
  Data Path Delay:        0.306ns  (logic 0.168ns (54.927%)  route 0.138ns (45.073%))
  Logic Levels:           1  (LUT1=1)
  Clock Path Skew:        0.145ns (DCD - SCD - CPR)
    Destination Clock Delay (DCD):    0.846ns
    Source Clock Delay      (SCD):    0.437ns
    Clock Pessimism Removal (CPR):    0.264ns

    Location             Delay type                Incr(ns)  Path(ns)    Netlist Resource(s)
  -------------------------------------------------------------------    -------------------
                         (clock clk rise edge)        0.000     0.000 r  
                                                      0.000     0.000 r  clk (IN)
                         net (fo=0)                   0.000     0.000    clk
                         IBUF (Prop_ibuf_I_O)         0.066     0.066 r  clk_IBUF_inst/O
                         net (fo=1, unplaced)         0.231     0.297    clk_IBUF
                         BUFG (Prop_bufg_I_O)         0.026     0.323 r  clk_IBUF_BUFG_inst/O
                         net (fo=838, unplaced)       0.114     0.437    u_ctrl/clk_IBUF_BUFG
                         FDPE                                         r  u_ctrl/FSM_sequential_state_reg[0]/C
  -------------------------------------------------------------------    -------------------
                         FDPE (Prop_fdpe_C_Q)         0.104     0.541 f  u_ctrl/FSM_sequential_state_reg[0]/Q
                         net (fo=61, unplaced)        0.138     0.679    u_ctrl/state__0[0]
                         LUT1 (Prop_lut1_I0_O)        0.064     0.743 r  u_ctrl/done_i_2/O
                         net (fo=1, unplaced)         0.000     0.743    u_ctrl/done_i_2_n_0
                         FDCE                                         r  u_ctrl/done_reg/D
  -------------------------------------------------------------------    -------------------

                         (clock clk rise edge)        0.000     0.000 r  
                                                      0.000     0.000 r  clk (IN)
                         net (fo=0)                   0.000     0.000    clk
                         IBUF (Prop_ibuf_I_O)         0.313     0.313 r  clk_IBUF_inst/O
                         net (fo=1, unplaced)         0.243     0.557    clk_IBUF
                         BUFG (Prop_bufg_I_O)         0.030     0.587 r  clk_IBUF_BUFG_inst/O
                         net (fo=838, unplaced)       0.259     0.846    u_ctrl/clk_IBUF_BUFG
                         FDCE                                         r  u_ctrl/done_reg/C
                         clock pessimism             -0.264     0.582    
                         FDCE (Hold_fdce_C_D)         0.069     0.651    u_ctrl/done_reg
  -------------------------------------------------------------------
                         required time                         -0.651    
                         arrival time                           0.743    
  -------------------------------------------------------------------
                         slack                                  0.092    

Slack (MET) :             0.092ns  (arrival time - required time)
  Source:                 u_ctrl/load_cnt_reg[7]/C
                            (rising edge-triggered cell FDCE clocked by clk  {rise@0.000ns fall@1.500ns period=3.000ns})
  Destination:            u_ctrl/load_cnt_reg[7]/D
                            (rising edge-triggered cell FDCE clocked by clk  {rise@0.000ns fall@1.500ns period=3.000ns})
  Path Group:             clk
  Path Type:              Hold (Min at Fast Process Corner)
  Requirement:            0.000ns  (clk rise@0.000ns - clk rise@0.000ns)
  Data Path Delay:        0.306ns  (logic 0.168ns (54.927%)  route 0.138ns (45.073%))
  Logic Levels:           1  (LUT6=1)
  Clock Path Skew:        0.145ns (DCD - SCD - CPR)
    Destination Clock Delay (DCD):    0.846ns
    Source Clock Delay      (SCD):    0.437ns
    Clock Pessimism Removal (CPR):    0.264ns

    Location             Delay type                Incr(ns)  Path(ns)    Netlist Resource(s)
  -------------------------------------------------------------------    -------------------
                         (clock clk rise edge)        0.000     0.000 r  
                                                      0.000     0.000 r  clk (IN)
                         net (fo=0)                   0.000     0.000    clk
                         IBUF (Prop_ibuf_I_O)         0.066     0.066 r  clk_IBUF_inst/O
                         net (fo=1, unplaced)         0.231     0.297    clk_IBUF
                         BUFG (Prop_bufg_I_O)         0.026     0.323 r  clk_IBUF_BUFG_inst/O
                         net (fo=838, unplaced)       0.114     0.437    u_ctrl/clk_IBUF_BUFG
                         FDCE                                         r  u_ctrl/load_cnt_reg[7]/C
  -------------------------------------------------------------------    -------------------
                         FDCE (Prop_fdce_C_Q)         0.104     0.541 r  u_ctrl/load_cnt_reg[7]/Q
                         net (fo=2, unplaced)         0.138     0.679    u_ctrl/load_cnt_reg_n_0_[7]
                         LUT6 (Prop_lut6_I5_O)        0.064     0.743 r  u_ctrl/load_cnt[7]_i_2/O
                         net (fo=1, unplaced)         0.000     0.743    u_ctrl/load_cnt[7]_i_2_n_0
                         FDCE                                         r  u_ctrl/load_cnt_reg[7]/D
  -------------------------------------------------------------------    -------------------

                         (clock clk rise edge)        0.000     0.000 r  
                                                      0.000     0.000 r  clk (IN)
                         net (fo=0)                   0.000     0.000    clk
                         IBUF (Prop_ibuf_I_O)         0.313     0.313 r  clk_IBUF_inst/O
                         net (fo=1, unplaced)         0.243     0.557    clk_IBUF
                         BUFG (Prop_bufg_I_O)         0.030     0.587 r  clk_IBUF_BUFG_inst/O
                         net (fo=838, unplaced)       0.259     0.846    u_ctrl/clk_IBUF_BUFG
                         FDCE                                         r  u_ctrl/load_cnt_reg[7]/C
                         clock pessimism             -0.264     0.582    
                         FDCE (Hold_fdce_C_D)         0.069     0.651    u_ctrl/load_cnt_reg[7]
  -------------------------------------------------------------------
                         required time                         -0.651    
                         arrival time                           0.743    
  -------------------------------------------------------------------
                         slack                                  0.092    

Slack (MET) :             0.092ns  (arrival time - required time)
  Source:                 u_ctrl/FSM_sequential_state_reg[1]/C
                            (rising edge-triggered cell FDCE clocked by clk  {rise@0.000ns fall@1.500ns period=3.000ns})
  Destination:            u_ctrl/rd_sel_reg[1]/D
                            (rising edge-triggered cell FDCE clocked by clk  {rise@0.000ns fall@1.500ns period=3.000ns})
  Path Group:             clk
  Path Type:              Hold (Min at Fast Process Corner)
  Requirement:            0.000ns  (clk rise@0.000ns - clk rise@0.000ns)
  Data Path Delay:        0.306ns  (logic 0.168ns (54.927%)  route 0.138ns (45.073%))
  Logic Levels:           1  (LUT4=1)
  Clock Path Skew:        0.145ns (DCD - SCD - CPR)
    Destination Clock Delay (DCD):    0.846ns
    Source Clock Delay      (SCD):    0.437ns
    Clock Pessimism Removal (CPR):    0.264ns

    Location             Delay type                Incr(ns)  Path(ns)    Netlist Resource(s)
  -------------------------------------------------------------------    -------------------
                         (clock clk rise edge)        0.000     0.000 r  
                                                      0.000     0.000 r  clk (IN)
                         net (fo=0)                   0.000     0.000    clk
                         IBUF (Prop_ibuf_I_O)         0.066     0.066 r  clk_IBUF_inst/O
                         net (fo=1, unplaced)         0.231     0.297    clk_IBUF
                         BUFG (Prop_bufg_I_O)         0.026     0.323 r  clk_IBUF_BUFG_inst/O
                         net (fo=838, unplaced)       0.114     0.437    u_ctrl/clk_IBUF_BUFG
                         FDCE                                         r  u_ctrl/FSM_sequential_state_reg[1]/C
  -------------------------------------------------------------------    -------------------
                         FDCE (Prop_fdce_C_Q)         0.104     0.541 r  u_ctrl/FSM_sequential_state_reg[1]/Q
                         net (fo=60, unplaced)        0.138     0.679    u_ctrl/FSM_sequential_state_reg_n_0_[1]
                         LUT4 (Prop_lut4_I3_O)        0.064     0.743 r  u_ctrl/rd_sel[1]_i_2/O
                         net (fo=1, unplaced)         0.000     0.743    u_ctrl/rd_sel[1]_i_2_n_0
                         FDCE                                         r  u_ctrl/rd_sel_reg[1]/D
  -------------------------------------------------------------------    -------------------

                         (clock clk rise edge)        0.000     0.000 r  
                                                      0.000     0.000 r  clk (IN)
                         net (fo=0)                   0.000     0.000    clk
                         IBUF (Prop_ibuf_I_O)         0.313     0.313 r  clk_IBUF_inst/O
                         net (fo=1, unplaced)         0.243     0.557    clk_IBUF
                         BUFG (Prop_bufg_I_O)         0.030     0.587 r  clk_IBUF_BUFG_inst/O
                         net (fo=838, unplaced)       0.259     0.846    u_ctrl/clk_IBUF_BUFG
                         FDCE                                         r  u_ctrl/rd_sel_reg[1]/C
                         clock pessimism             -0.264     0.582    
                         FDCE (Hold_fdce_C_D)         0.069     0.651    u_ctrl/rd_sel_reg[1]
  -------------------------------------------------------------------
                         required time                         -0.651    
                         arrival time                           0.743    
  -------------------------------------------------------------------
                         slack                                  0.092    

Slack (MET) :             0.092ns  (arrival time - required time)
  Source:                 u_ctrl/FSM_sequential_state_reg[1]/C
                            (rising edge-triggered cell FDCE clocked by clk  {rise@0.000ns fall@1.500ns period=3.000ns})
  Destination:            u_ctrl/rd_sel_reg[1]_rep/D
                            (rising edge-triggered cell FDCE clocked by clk  {rise@0.000ns fall@1.500ns period=3.000ns})
  Path Group:             clk
  Path Type:              Hold (Min at Fast Process Corner)
  Requirement:            0.000ns  (clk rise@0.000ns - clk rise@0.000ns)
  Data Path Delay:        0.306ns  (logic 0.168ns (54.927%)  route 0.138ns (45.073%))
  Logic Levels:           1  (LUT4=1)
  Clock Path Skew:        0.145ns (DCD - SCD - CPR)
    Destination Clock Delay (DCD):    0.846ns
    Source Clock Delay      (SCD):    0.437ns
    Clock Pessimism Removal (CPR):    0.264ns

    Location             Delay type                Incr(ns)  Path(ns)    Netlist Resource(s)
  -------------------------------------------------------------------    -------------------
                         (clock clk rise edge)        0.000     0.000 r  
                                                      0.000     0.000 r  clk (IN)
                         net (fo=0)                   0.000     0.000    clk
                         IBUF (Prop_ibuf_I_O)         0.066     0.066 r  clk_IBUF_inst/O
                         net (fo=1, unplaced)         0.231     0.297    clk_IBUF
                         BUFG (Prop_bufg_I_O)         0.026     0.323 r  clk_IBUF_BUFG_inst/O
                         net (fo=838, unplaced)       0.114     0.437    u_ctrl/clk_IBUF_BUFG
                         FDCE                                         r  u_ctrl/FSM_sequential_state_reg[1]/C
  -------------------------------------------------------------------    -------------------
                         FDCE (Prop_fdce_C_Q)         0.104     0.541 r  u_ctrl/FSM_sequential_state_reg[1]/Q
                         net (fo=60, unplaced)        0.138     0.679    u_ctrl/FSM_sequential_state_reg_n_0_[1]
                         LUT4 (Prop_lut4_I3_O)        0.064     0.743 r  u_ctrl/rd_sel[1]_rep_i_1/O
                         net (fo=1, unplaced)         0.000     0.743    u_ctrl/rd_sel[1]_rep_i_1_n_0
                         FDCE                                         r  u_ctrl/rd_sel_reg[1]_rep/D
  -------------------------------------------------------------------    -------------------

                         (clock clk rise edge)        0.000     0.000 r  
                                                      0.000     0.000 r  clk (IN)
                         net (fo=0)                   0.000     0.000    clk
                         IBUF (Prop_ibuf_I_O)         0.313     0.313 r  clk_IBUF_inst/O
                         net (fo=1, unplaced)         0.243     0.557    clk_IBUF
                         BUFG (Prop_bufg_I_O)         0.030     0.587 r  clk_IBUF_BUFG_inst/O
                         net (fo=838, unplaced)       0.259     0.846    u_ctrl/clk_IBUF_BUFG
                         FDCE                                         r  u_ctrl/rd_sel_reg[1]_rep/C
                         clock pessimism             -0.264     0.582    
                         FDCE (Hold_fdce_C_D)         0.069     0.651    u_ctrl/rd_sel_reg[1]_rep
  -------------------------------------------------------------------
                         required time                         -0.651    
                         arrival time                           0.743    
  -------------------------------------------------------------------
                         slack                                  0.092    





Pulse Width Checks
--------------------------------------------------------------------------------------
Clock Name:         clk
Waveform(ns):       { 0.000 1.500 }
Period(ns):         3.000
Sources:            { clk }

Check Type        Corner  Lib Pin     Reference Pin  Required(ns)  Actual(ns)  Slack(ns)  Location  Pin
Min Period        n/a     BUFG/I      n/a            1.408         3.000       1.592                clk_IBUF_BUFG_inst/I
Min Period        n/a     FDCE/C      n/a            0.700         3.000       2.300                seq_cnt_reg[0]/C
Min Period        n/a     FDCE/C      n/a            0.700         3.000       2.300                seq_cnt_reg[1]/C
Min Period        n/a     FDCE/C      n/a            0.700         3.000       2.300                seq_cnt_reg[2]/C
Min Period        n/a     FDCE/C      n/a            0.700         3.000       2.300                seq_cnt_reg[3]/C
Min Period        n/a     FDCE/C      n/a            0.700         3.000       2.300                seq_cnt_reg[4]/C
Min Period        n/a     FDCE/C      n/a            0.700         3.000       2.300                seq_cnt_reg[4]_rep/C
Min Period        n/a     FDCE/C      n/a            0.700         3.000       2.300                seq_cnt_reg[4]_rep__0/C
Min Period        n/a     FDCE/C      n/a            0.700         3.000       2.300                seq_cnt_reg[4]_rep__1/C
Min Period        n/a     FDCE/C      n/a            0.700         3.000       2.300                seq_cnt_reg[4]_rep__2/C
Low Pulse Width   Slow    RAMD32/CLK  n/a            0.768         1.500       0.732                u_membanks/gen_banks[0].mem_reg_0_15_0_5/RAMA/CLK
Low Pulse Width   Fast    RAMD32/CLK  n/a            0.768         1.500       0.732                u_membanks/gen_banks[0].mem_reg_0_15_0_5/RAMA/CLK
Low Pulse Width   Slow    RAMD32/CLK  n/a            0.768         1.500       0.732                u_membanks/gen_banks[0].mem_reg_0_15_0_5/RAMA_D1/CLK
Low Pulse Width   Fast    RAMD32/CLK  n/a            0.768         1.500       0.732                u_membanks/gen_banks[0].mem_reg_0_15_0_5/RAMA_D1/CLK
Low Pulse Width   Slow    RAMD32/CLK  n/a            0.768         1.500       0.732                u_membanks/gen_banks[0].mem_reg_0_15_0_5/RAMB/CLK
Low Pulse Width   Fast    RAMD32/CLK  n/a            0.768         1.500       0.732                u_membanks/gen_banks[0].mem_reg_0_15_0_5/RAMB/CLK
Low Pulse Width   Slow    RAMD32/CLK  n/a            0.768         1.500       0.732                u_membanks/gen_banks[0].mem_reg_0_15_0_5/RAMB_D1/CLK
Low Pulse Width   Fast    RAMD32/CLK  n/a            0.768         1.500       0.732                u_membanks/gen_banks[0].mem_reg_0_15_0_5/RAMB_D1/CLK
Low Pulse Width   Slow    RAMD32/CLK  n/a            0.768         1.500       0.732                u_membanks/gen_banks[0].mem_reg_0_15_0_5/RAMC/CLK
Low Pulse Width   Fast    RAMD32/CLK  n/a            0.768         1.500       0.732                u_membanks/gen_banks[0].mem_reg_0_15_0_5/RAMC/CLK
High Pulse Width  Slow    RAMD32/CLK  n/a            0.768         1.500       0.732                u_membanks/gen_banks[0].mem_reg_0_15_0_5/RAMA/CLK
High Pulse Width  Fast    RAMD32/CLK  n/a            0.768         1.500       0.732                u_membanks/gen_banks[0].mem_reg_0_15_0_5/RAMA/CLK
High Pulse Width  Slow    RAMD32/CLK  n/a            0.768         1.500       0.732                u_membanks/gen_banks[0].mem_reg_0_15_0_5/RAMA_D1/CLK
High Pulse Width  Fast    RAMD32/CLK  n/a            0.768         1.500       0.732                u_membanks/gen_banks[0].mem_reg_0_15_0_5/RAMA_D1/CLK
High Pulse Width  Slow    RAMD32/CLK  n/a            0.768         1.500       0.732                u_membanks/gen_banks[0].mem_reg_0_15_0_5/RAMB/CLK
High Pulse Width  Fast    RAMD32/CLK  n/a            0.768         1.500       0.732                u_membanks/gen_banks[0].mem_reg_0_15_0_5/RAMB/CLK
High Pulse Width  Slow    RAMD32/CLK  n/a            0.768         1.500       0.732                u_membanks/gen_banks[0].mem_reg_0_15_0_5/RAMB_D1/CLK
High Pulse Width  Fast    RAMD32/CLK  n/a            0.768         1.500       0.732                u_membanks/gen_banks[0].mem_reg_0_15_0_5/RAMB_D1/CLK
High Pulse Width  Slow    RAMD32/CLK  n/a            0.768         1.500       0.732                u_membanks/gen_banks[0].mem_reg_0_15_0_5/RAMC/CLK
High Pulse Width  Fast    RAMD32/CLK  n/a            0.768         1.500       0.732                u_membanks/gen_banks[0].mem_reg_0_15_0_5/RAMC/CLK



