Copyright 1986-2022 Xilinx, Inc. All Rights Reserved.
-----------------------------------------------------------------------------------------------------------------------------------------------------------------------------------------------------------
| Tool Version : Vivado v.2022.2 (win64) Build 3671981 Fri Oct 14 05:00:03 MDT 2022
| Date         : Sun May 10 19:51:25 2026
| Host         : LAPTOP-54I1J1D9 running 64-bit major release  (build 9200)
| Command      : report_timing_summary -max_paths 10 -file {D:/Projects/Current projects/RE sem 6 (Mixed-Radix_NTT_Multiplication)/NTT Multiplication Algorithm/synth/results_r16_n256/02_impl_timing.rpt}
| Design       : ntt_top
| Device       : 7k160t-fbg484
| Speed File   : -2  PRODUCTION 1.12 2017-02-17
-----------------------------------------------------------------------------------------------------------------------------------------------------------------------------------------------------------

Timing Summary Report

------------------------------------------------------------------------------------------------
| Timer Settings
| --------------
------------------------------------------------------------------------------------------------

  Enable Multi Corner Analysis               :  Yes
  Enable Pessimism Removal                   :  Yes
  Pessimism Removal Resolution               :  Nearest Common Node
  Enable Input Delay Default Clock           :  No
  Enable Preset / Clear Arcs                 :  No
  Disable Flight Delays                      :  No
  Ignore I/O Paths                           :  No
  Timing Early Launch at Borrowing Latches   :  No
  Borrow Time for Max Delay Exceptions       :  Yes
  Merge Timing Exceptions                    :  Yes

  Corner  Analyze    Analyze    
  Name    Max Paths  Min Paths  
  ------  ---------  ---------  
  Slow    Yes        Yes        
  Fast    Yes        Yes        


------------------------------------------------------------------------------------------------
| Report Methodology
| ------------------
------------------------------------------------------------------------------------------------

No report available as report_methodology has not been run prior. Run report_methodology on the current design for the summary of methodology violations.



check_timing report

Table of Contents
-----------------
1. checking no_clock (0)
2. checking constant_clock (0)
3. checking pulse_width_clock (0)
4. checking unconstrained_internal_endpoints (0)
5. checking no_input_delay (36)
6. checking no_output_delay (18)
7. checking multiple_clock (0)
8. checking generated_clocks (0)
9. checking loops (0)
10. checking partial_input_delay (0)
11. checking partial_output_delay (0)
12. checking latch_loops (0)

1. checking no_clock (0)
------------------------
 There are 0 register/latch pins with no clock.


2. checking constant_clock (0)
------------------------------
 There are 0 register/latch pins with constant_clock.


3. checking pulse_width_clock (0)
---------------------------------
 There are 0 register/latch pins which need pulse_width check


4. checking unconstrained_internal_endpoints (0)
------------------------------------------------
 There are 0 pins that are not constrained for maximum delay.

 There are 0 pins that are not constrained for maximum delay due to constant clock.


5. checking no_input_delay (36)
-------------------------------
 There are 36 input ports with no input delay specified. (HIGH)

 There are 0 input ports with no input delay but user has a false path constraint.


6. checking no_output_delay (18)
--------------------------------
 There are 18 ports with no output delay specified. (HIGH)

 There are 0 ports with no output delay but user has a false path constraint

 There are 0 ports with no output delay but with a timing clock defined on it or propagating through it


7. checking multiple_clock (0)
------------------------------
 There are 0 register/latch pins with multiple clocks.


8. checking generated_clocks (0)
--------------------------------
 There are 0 generated clocks that are not connected to a clock source.


9. checking loops (0)
---------------------
 There are 0 combinational loops in the design.


10. checking partial_input_delay (0)
------------------------------------
 There are 0 input ports with partial input delay specified.


11. checking partial_output_delay (0)
-------------------------------------
 There are 0 ports with partial output delay specified.


12. checking latch_loops (0)
----------------------------
 There are 0 combinational latch loops in the design through latch input



------------------------------------------------------------------------------------------------
| Design Timing Summary
| ---------------------
------------------------------------------------------------------------------------------------

    WNS(ns)      TNS(ns)  TNS Failing Endpoints  TNS Total Endpoints      WHS(ns)      THS(ns)  THS Failing Endpoints  THS Total Endpoints     WPWS(ns)     TPWS(ns)  TPWS Failing Endpoints  TPWS Total Endpoints  
    -------      -------  ---------------------  -------------------      -------      -------  ---------------------  -------------------     --------     --------  ----------------------  --------------------  
    -32.339   -29538.859                   4466                 4508        0.156        0.000                      0                 4508        0.732        0.000                       0                   846  


Timing constraints are not met.


------------------------------------------------------------------------------------------------
| Clock Summary
| -------------
------------------------------------------------------------------------------------------------

Clock  Waveform(ns)         Period(ns)      Frequency(MHz)
-----  ------------         ----------      --------------
clk    {0.000 1.500}        3.000           333.333         


------------------------------------------------------------------------------------------------
| Intra Clock Table
| -----------------
------------------------------------------------------------------------------------------------

Clock             WNS(ns)      TNS(ns)  TNS Failing Endpoints  TNS Total Endpoints      WHS(ns)      THS(ns)  THS Failing Endpoints  THS Total Endpoints     WPWS(ns)     TPWS(ns)  TPWS Failing Endpoints  TPWS Total Endpoints  
-----             -------      -------  ---------------------  -------------------      -------      -------  ---------------------  -------------------     --------     --------  ----------------------  --------------------  
clk               -32.339   -29538.859                   4466                 4508        0.156        0.000                      0                 4508        0.732        0.000                       0                   846  


------------------------------------------------------------------------------------------------
| Inter Clock Table
| -----------------
------------------------------------------------------------------------------------------------

From Clock    To Clock          WNS(ns)      TNS(ns)  TNS Failing Endpoints  TNS Total Endpoints      WHS(ns)      THS(ns)  THS Failing Endpoints  THS Total Endpoints  
----------    --------          -------      -------  ---------------------  -------------------      -------      -------  ---------------------  -------------------  


------------------------------------------------------------------------------------------------
| Other Path Groups Table
| -----------------------
------------------------------------------------------------------------------------------------

Path Group    From Clock    To Clock          WNS(ns)      TNS(ns)  TNS Failing Endpoints  TNS Total Endpoints      WHS(ns)      THS(ns)  THS Failing Endpoints  THS Total Endpoints  
----------    ----------    --------          -------      -------  ---------------------  -------------------      -------      -------  ---------------------  -------------------  


------------------------------------------------------------------------------------------------
| Timing Details
| --------------
------------------------------------------------------------------------------------------------


---------------------------------------------------------------------------------------------------
From Clock:  clk
  To Clock:  clk

Setup :         4466  Failing Endpoints,  Worst Slack      -32.339ns,  Total Violation   -29538.860ns
Hold  :            0  Failing Endpoints,  Worst Slack        0.156ns,  Total Violation        0.000ns
PW    :            0  Failing Endpoints,  Worst Slack        0.732ns,  Total Violation        0.000ns
---------------------------------------------------------------------------------------------------


Max Delay Paths
--------------------------------------------------------------------------------------
Slack (VIOLATED) :        -32.339ns  (required time - arrival time)
  Source:                 u_ctrl/delta_idx_reg[0]/C
                            (rising edge-triggered cell FDCE clocked by clk  {rise@0.000ns fall@1.500ns period=3.000ns})
  Destination:            u_membanks/gen_banks[12].mem_reg_0_15_0_5/RAMB/I
                            (rising edge-triggered cell RAMD32 clocked by clk  {rise@0.000ns fall@1.500ns period=3.000ns})
  Path Group:             clk
  Path Type:              Setup (Max at Slow Process Corner)
  Requirement:            3.000ns  (clk rise@3.000ns - clk rise@0.000ns)
  Data Path Delay:        35.068ns  (logic 11.282ns (32.172%)  route 23.786ns (67.828%))
  Logic Levels:           81  (CARRY4=36 DSP48E1=1 LUT2=7 LUT3=6 LUT4=5 LUT5=4 LUT6=20 MUXF7=1 RAMD32=1)
  Clock Path Skew:        -0.046ns (DCD - SCD + CPR)
    Destination Clock Delay (DCD):    4.034ns = ( 7.034 - 3.000 ) 
    Source Clock Delay      (SCD):    4.371ns
    Clock Pessimism Removal (CPR):    0.291ns
  Clock Uncertainty:      0.035ns  ((TSJ^2 + TIJ^2)^1/2 + DJ) / 2 + PE
    Total System Jitter     (TSJ):    0.071ns
    Total Input Jitter      (TIJ):    0.000ns
    Discrete Jitter          (DJ):    0.000ns
    Phase Error              (PE):    0.000ns

    Location             Delay type                Incr(ns)  Path(ns)    Netlist Resource(s)
  -------------------------------------------------------------------    -------------------
                         (clock clk rise edge)        0.000     0.000 r  
    V20                                               0.000     0.000 r  clk (IN)
                         net (fo=0)                   0.000     0.000    clk
    V20                  IBUF (Prop_ibuf_I_O)         0.751     0.751 r  clk_IBUF_inst/O
                         net (fo=1, routed)           1.950     2.701    clk_IBUF
    BUFGCTRL_X0Y0        BUFG (Prop_bufg_I_O)         0.093     2.794 r  clk_IBUF_BUFG_inst/O
                         net (fo=845, routed)         1.577     4.371    u_ctrl/clk_IBUF_BUFG
    SLICE_X30Y38         FDCE                                         r  u_ctrl/delta_idx_reg[0]/C
  -------------------------------------------------------------------    -------------------
    SLICE_X30Y38         FDCE (Prop_fdce_C_Q)         0.223     4.594 r  u_ctrl/delta_idx_reg[0]/Q
                         net (fo=31, routed)          0.205     4.799    u_ctrl/B[4]
    SLICE_X29Y38         LUT2 (Prop_lut2_I1_O)        0.043     4.842 r  u_ctrl/z1_full_i_115/O
                         net (fo=1, routed)           0.000     4.842    u_ctrl/z1_full_i_115_n_0
    SLICE_X29Y38         CARRY4 (Prop_carry4_S[0]_O[1])
                                                      0.218     5.060 r  u_ctrl/z1_full_i_105/O[1]
                         net (fo=1, routed)           0.270     5.330    u_addrgen/z1_full_i_108[0]
    SLICE_X30Y39         CARRY4 (Prop_carry4_S[0]_O[0])
                                                      0.247     5.577 r  u_addrgen/z1_full_i_104/O[0]
                         net (fo=2, routed)           0.298     5.875    u_ctrl/O[0]
    SLICE_X31Y38         CARRY4 (Prop_carry4_DI[1]_O[2])
                                                      0.343     6.218 r  u_ctrl/z1_full_i_103/O[2]
                         net (fo=54, routed)          0.540     6.758    u_ctrl/g_cnt_reg[7]_0[6]
    SLICE_X37Y36         CARRY4 (Prop_carry4_S[2]_O[2])
                                                      0.239     6.997 r  u_ctrl/gen_banks[15].mem_reg_0_15_0_5_i_181/O[2]
                         net (fo=4, routed)           0.721     7.718    u_ctrl/orig_addrs[22]
    SLICE_X34Y39         LUT6 (Prop_lut6_I5_O)        0.122     7.840 r  u_ctrl/gen_banks[14].mem_reg_0_15_0_5_i_61/O
                         net (fo=4, routed)           0.547     8.387    u_ctrl/gen_banks[14].mem_reg_0_15_0_5_i_61_n_0
    SLICE_X36Y40         LUT6 (Prop_lut6_I0_O)        0.043     8.430 r  u_ctrl/gen_banks[14].mem_reg_0_15_0_5_i_30/O
                         net (fo=2, routed)           0.286     8.716    u_ctrl/ntt_waddr[58]
    SLICE_X36Y39         LUT4 (Prop_lut4_I3_O)        0.043     8.759 r  u_ctrl/gen_banks[14].mem_reg_0_15_0_5_i_9/O
                         net (fo=36, routed)          0.870     9.629    u_membanks/gen_banks[14].mem_reg_0_15_0_5/ADDRA2
    SLICE_X46Y38         RAMD32 (Prop_ramd32_RADR2_O)
                                                      0.051     9.680 r  u_membanks/gen_banks[14].mem_reg_0_15_0_5/RAMA/O
                         net (fo=5, routed)           0.703    10.382    u_membanks/bank_dout[476]
    SLICE_X47Y46         LUT6 (Prop_lut6_I1_O)        0.134    10.516 r  u_membanks/z1_full_i_61__1/O
                         net (fo=4, routed)           0.889    11.406    u_membanks/z1_full_i_61__1_n_0
    SLICE_X24Y54         LUT6 (Prop_lut6_I5_O)        0.043    11.449 r  u_membanks/z1_full_i_11__11/O
                         net (fo=29, routed)          0.696    12.145    u_membanks/g_cnt_reg[2]_5[0]
    SLICE_X25Y60         LUT3 (Prop_lut3_I1_O)        0.050    12.195 r  u_membanks/raw_sum_carry_i_18__69_rewire/O
                         net (fo=1, routed)           0.371    12.566    u_membanks/raw_sum_carry_i_18__69_n_0
    SLICE_X23Y60         LUT6 (Prop_lut6_I3_O)        0.132    12.698 r  u_membanks/raw_sum_carry_i_9__95_rewire/O
                         net (fo=72, routed)          0.580    13.278    gen_intt_n2d1[12].u_intt_n2d1/raw_sum_carry__2
    SLICE_X24Y58         LUT2 (Prop_lut2_I1_O)        0.043    13.321 r  gen_intt_n2d1[12].u_intt_n2d1/raw_sum_carry__0_i_3__106/O
                         net (fo=6, routed)           0.338    13.659    gen_intt_n2d1[12].u_intt_n2d1/intt_d1_in[4]
    SLICE_X24Y60         LUT3 (Prop_lut3_I0_O)        0.043    13.702 r  gen_intt_n2d1[12].u_intt_n2d1/raw_sum_carry__0_i_7__52/O
                         net (fo=1, routed)           0.000    13.702    gen_r2intt_r16.u_r2intt16/gen_s0[6].u_bf/u_add/raw_sum_carry_i_10__54_1[1]
    SLICE_X24Y60         CARRY4 (Prop_carry4_S[1]_CO[3])
                                                      0.267    13.969 r  gen_r2intt_r16.u_r2intt16/gen_s0[6].u_bf/u_add/raw_sum_carry__0/CO[3]
                         net (fo=1, routed)           0.000    13.969    gen_r2intt_r16.u_r2intt16/gen_s0[6].u_bf/u_add/raw_sum_carry__0_n_0
    SLICE_X24Y61         CARRY4 (Prop_carry4_CI_CO[3])
                                                      0.053    14.022 r  gen_r2intt_r16.u_r2intt16/gen_s0[6].u_bf/u_add/raw_sum_carry__1/CO[3]
                         net (fo=1, routed)           0.000    14.022    gen_r2intt_r16.u_r2intt16/gen_s0[6].u_bf/u_add/raw_sum_carry__1_n_0
    SLICE_X24Y62         CARRY4 (Prop_carry4_CI_CO[3])
                                                      0.053    14.075 r  gen_r2intt_r16.u_r2intt16/gen_s0[6].u_bf/u_add/raw_sum_carry__2/CO[3]
                         net (fo=1, routed)           0.000    14.075    gen_r2intt_r16.u_r2intt16/gen_s0[6].u_bf/u_add/raw_sum_carry__2_n_0
    SLICE_X24Y63         CARRY4 (Prop_carry4_CI_O[0])
                                                      0.111    14.186 r  gen_r2intt_r16.u_r2intt16/gen_s0[6].u_bf/u_add/raw_sum_carry__3/O[0]
                         net (fo=1, routed)           0.275    14.461    gen_r2intt_r16.u_r2intt16/gen_s0[6].u_bf/u_add/raw_sum_carry__3_n_7
    SLICE_X25Y60         LUT2 (Prop_lut2_I1_O)        0.124    14.585 r  gen_r2intt_r16.u_r2intt16/gen_s0[6].u_bf/u_add/raw_sum_carry_i_21__60/O
                         net (fo=1, routed)           0.000    14.585    gen_r2intt_r16.u_r2intt16/gen_s0[6].u_bf/u_add/raw_sum_carry_i_21__60_n_0
    SLICE_X25Y60         CARRY4 (Prop_carry4_S[0]_CO[3])
                                                      0.259    14.844 r  gen_r2intt_r16.u_r2intt16/gen_s0[6].u_bf/u_add/raw_sum_carry_i_11__57/CO[3]
                         net (fo=1, routed)           0.000    14.844    gen_r2intt_r16.u_r2intt16/gen_s0[6].u_bf/u_add/raw_sum_carry_i_11__57_n_0
    SLICE_X25Y61         CARRY4 (Prop_carry4_CI_CO[3])
                                                      0.053    14.897 r  gen_r2intt_r16.u_r2intt16/gen_s0[6].u_bf/u_add/raw_sum_carry_i_10__54/CO[3]
                         net (fo=1, routed)           0.000    14.897    gen_r2intt_r16.u_r2intt16/gen_s0[6].u_bf/u_add/raw_sum_carry_i_10__54_n_0
    SLICE_X25Y62         CARRY4 (Prop_carry4_CI_CO[3])
                                                      0.053    14.950 r  gen_r2intt_r16.u_r2intt16/gen_s0[6].u_bf/u_add/raw_sum_carry__0_i_9__35/CO[3]
                         net (fo=1, routed)           0.000    14.950    gen_r2intt_r16.u_r2intt16/gen_s0[6].u_bf/u_add/raw_sum_carry__0_i_9__35_n_0
    SLICE_X25Y63         CARRY4 (Prop_carry4_CI_O[2])
                                                      0.111    15.061 r  gen_r2intt_r16.u_r2intt16/gen_s0[6].u_bf/u_add/raw_sum_carry__1_i_9__33/O[2]
                         net (fo=1, routed)           0.541    15.602    gen_intt_n2d1[13].u_intt_n2d1/reduced[13]
    SLICE_X29Y64         LUT5 (Prop_lut5_I4_O)        0.122    15.724 r  gen_intt_n2d1[13].u_intt_n2d1/raw_sum_carry__2_i_3__69/O
                         net (fo=10, routed)          0.341    16.066    gen_intt_n2d1[13].u_intt_n2d1/s0[12]_1[13]
    SLICE_X28Y65         LUT4 (Prop_lut4_I1_O)        0.043    16.109 r  gen_intt_n2d1[13].u_intt_n2d1/raw_sum_carry__2_i_18__19/O
                         net (fo=2, routed)           0.359    16.468    gen_intt_n2d1[13].u_intt_n2d1/raw_sum_carry__2_i_18__19_n_0
    SLICE_X26Y65         LUT5 (Prop_lut5_I3_O)        0.043    16.511 r  gen_intt_n2d1[13].u_intt_n2d1/raw_sum_carry__2_i_9__33/O
                         net (fo=3, routed)           0.205    16.716    gen_intt_n2d1[13].u_intt_n2d1/raw_sum_carry__2_i_19__10_0
    SLICE_X30Y65         LUT5 (Prop_lut5_I0_O)        0.043    16.759 r  gen_intt_n2d1[13].u_intt_n2d1/raw_sum_carry__2_i_1__71/O
                         net (fo=6, routed)           0.829    17.587    u_membanks/s0[12]_50[3]
    SLICE_X49Y60         LUT3 (Prop_lut3_I2_O)        0.043    17.630 r  u_membanks/raw_sum_carry__2_i_5__83/O
                         net (fo=1, routed)           0.000    17.630    gen_r2intt_r16.u_r2intt16/gen_s1_b[3].gen_s1_g[0].u_bf/u_sub/add_inst/raw_sum_carry__0_i_21__4_1[3]
    SLICE_X49Y60         CARRY4 (Prop_carry4_S[3]_CO[3])
                                                      0.193    17.823 r  gen_r2intt_r16.u_r2intt16/gen_s1_b[3].gen_s1_g[0].u_bf/u_sub/add_inst/raw_sum_carry__2/CO[3]
                         net (fo=1, routed)           0.000    17.823    gen_r2intt_r16.u_r2intt16/gen_s1_b[3].gen_s1_g[0].u_bf/u_sub/add_inst/raw_sum_carry__2_n_0
    SLICE_X49Y61         CARRY4 (Prop_carry4_CI_O[0])
                                                      0.111    17.934 r  gen_r2intt_r16.u_r2intt16/gen_s1_b[3].gen_s1_g[0].u_bf/u_sub/add_inst/raw_sum_carry__3/O[0]
                         net (fo=1, routed)           0.314    18.248    gen_r2intt_r16.u_r2intt16/gen_s1_b[3].gen_s1_g[0].u_bf/u_sub/add_inst/raw_sum_carry__3_n_7
    SLICE_X50Y57         LUT2 (Prop_lut2_I1_O)        0.124    18.372 r  gen_r2intt_r16.u_r2intt16/gen_s1_b[3].gen_s1_g[0].u_bf/u_sub/add_inst/raw_sum_carry_i_27__47/O
                         net (fo=1, routed)           0.000    18.372    gen_r2intt_r16.u_r2intt16/gen_s1_b[3].gen_s1_g[0].u_bf/u_sub/add_inst/raw_sum_carry_i_27__47_n_0
    SLICE_X50Y57         CARRY4 (Prop_carry4_S[0]_CO[3])
                                                      0.246    18.618 r  gen_r2intt_r16.u_r2intt16/gen_s1_b[3].gen_s1_g[0].u_bf/u_sub/add_inst/raw_sum_carry_i_26__39/CO[3]
                         net (fo=1, routed)           0.000    18.618    gen_r2intt_r16.u_r2intt16/gen_s1_b[3].gen_s1_g[0].u_bf/u_sub/add_inst/raw_sum_carry_i_26__39_n_0
    SLICE_X50Y58         CARRY4 (Prop_carry4_CI_O[1])
                                                      0.165    18.783 r  gen_r2intt_r16.u_r2intt16/gen_s1_b[3].gen_s1_g[0].u_bf/u_sub/add_inst/raw_sum_carry_i_23__41/O[1]
                         net (fo=2, routed)           0.440    19.223    gen_intt_n2d1[15].u_intt_n2d1/reduced_4[5]
    SLICE_X56Y56         LUT5 (Prop_lut5_I4_O)        0.125    19.348 r  gen_intt_n2d1[15].u_intt_n2d1/raw_sum_carry_i_41__8/O
                         net (fo=2, routed)           0.570    19.918    gen_intt_n2d1[15].u_intt_n2d1/raw_sum_carry_i_41__8_n_0
    SLICE_X60Y57         LUT6 (Prop_lut6_I2_O)        0.043    19.961 f  gen_intt_n2d1[15].u_intt_n2d1/raw_sum_carry_i_30__22/O
                         net (fo=1, routed)           0.433    20.394    gen_intt_n2d1[13].u_intt_n2d1/raw_sum_carry_i_7__85_0
    SLICE_X60Y56         LUT6 (Prop_lut6_I2_O)        0.043    20.437 f  gen_intt_n2d1[13].u_intt_n2d1/raw_sum_carry_i_21__42/O
                         net (fo=1, routed)           0.545    20.982    gen_intt_n2d1[13].u_intt_n2d1/raw_sum_carry_i_21__42_n_0
    SLICE_X64Y56         LUT6 (Prop_lut6_I5_O)        0.043    21.025 r  gen_intt_n2d1[13].u_intt_n2d1/raw_sum_carry_i_7__85/O
                         net (fo=1, routed)           0.106    21.130    gen_intt_n2d1[13].u_intt_n2d1/raw_sum_carry_i_7__85_n_0
    SLICE_X64Y56         LUT6 (Prop_lut6_I0_O)        0.043    21.173 r  gen_intt_n2d1[13].u_intt_n2d1/raw_sum_carry_i_5__88/O
                         net (fo=42, routed)          0.487    21.660    gen_intt_n2d1[13].u_intt_n2d1/raw_sum_carry_i_12__75_0
    SLICE_X64Y59         LUT3 (Prop_lut3_I0_O)        0.043    21.703 r  gen_intt_n2d1[13].u_intt_n2d1/raw_sum_carry_i_3__118/O
                         net (fo=1, routed)           0.000    21.703    gen_r2intt_r16.u_r2intt16/gen_s2_b[1].gen_s2_g[2].u_bf/u_sub/add_inst/raw_sum_carry__0_i_16__17_0[1]
    SLICE_X64Y59         CARRY4 (Prop_carry4_S[1]_CO[3])
                                                      0.256    21.959 r  gen_r2intt_r16.u_r2intt16/gen_s2_b[1].gen_s2_g[2].u_bf/u_sub/add_inst/raw_sum_carry/CO[3]
                         net (fo=1, routed)           0.000    21.959    gen_r2intt_r16.u_r2intt16/gen_s2_b[1].gen_s2_g[2].u_bf/u_sub/add_inst/raw_sum_carry_n_0
    SLICE_X64Y60         CARRY4 (Prop_carry4_CI_CO[3])
                                                      0.054    22.013 r  gen_r2intt_r16.u_r2intt16/gen_s2_b[1].gen_s2_g[2].u_bf/u_sub/add_inst/raw_sum_carry__0/CO[3]
                         net (fo=1, routed)           0.000    22.013    gen_r2intt_r16.u_r2intt16/gen_s2_b[1].gen_s2_g[2].u_bf/u_sub/add_inst/raw_sum_carry__0_n_0
    SLICE_X64Y61         CARRY4 (Prop_carry4_CI_CO[3])
                                                      0.054    22.067 r  gen_r2intt_r16.u_r2intt16/gen_s2_b[1].gen_s2_g[2].u_bf/u_sub/add_inst/raw_sum_carry__1/CO[3]
                         net (fo=1, routed)           0.000    22.067    gen_r2intt_r16.u_r2intt16/gen_s2_b[1].gen_s2_g[2].u_bf/u_sub/add_inst/raw_sum_carry__1_n_0
    SLICE_X64Y62         CARRY4 (Prop_carry4_CI_CO[3])
                                                      0.054    22.121 r  gen_r2intt_r16.u_r2intt16/gen_s2_b[1].gen_s2_g[2].u_bf/u_sub/add_inst/raw_sum_carry__2/CO[3]
                         net (fo=1, routed)           0.000    22.121    gen_r2intt_r16.u_r2intt16/gen_s2_b[1].gen_s2_g[2].u_bf/u_sub/add_inst/raw_sum_carry__2_n_0
    SLICE_X64Y63         CARRY4 (Prop_carry4_CI_O[0])
                                                      0.108    22.229 r  gen_r2intt_r16.u_r2intt16/gen_s2_b[1].gen_s2_g[2].u_bf/u_sub/add_inst/raw_sum_carry__3/O[0]
                         net (fo=1, routed)           0.363    22.592    gen_r2intt_r16.u_r2intt16/gen_s2_b[1].gen_s2_g[2].u_bf/u_sub/add_inst/raw_sum_carry__3_n_7
    SLICE_X63Y59         LUT2 (Prop_lut2_I1_O)        0.123    22.715 r  gen_r2intt_r16.u_r2intt16/gen_s2_b[1].gen_s2_g[2].u_bf/u_sub/add_inst/raw_sum_carry__0_i_17__14/O
                         net (fo=1, routed)           0.000    22.715    gen_r2intt_r16.u_r2intt16/gen_s2_b[1].gen_s2_g[2].u_bf/u_sub/add_inst/raw_sum_carry__0_i_17__14_n_0
    SLICE_X63Y59         CARRY4 (Prop_carry4_S[0]_CO[3])
                                                      0.259    22.974 r  gen_r2intt_r16.u_r2intt16/gen_s2_b[1].gen_s2_g[2].u_bf/u_sub/add_inst/raw_sum_carry__0_i_16__17/CO[3]
                         net (fo=1, routed)           0.000    22.974    gen_r2intt_r16.u_r2intt16/gen_s2_b[1].gen_s2_g[2].u_bf/u_sub/add_inst/raw_sum_carry__0_i_16__17_n_0
    SLICE_X63Y60         CARRY4 (Prop_carry4_CI_CO[3])
                                                      0.053    23.027 r  gen_r2intt_r16.u_r2intt16/gen_s2_b[1].gen_s2_g[2].u_bf/u_sub/add_inst/raw_sum_carry__1_i_16__18/CO[3]
                         net (fo=1, routed)           0.000    23.027    gen_r2intt_r16.u_r2intt16/gen_s2_b[1].gen_s2_g[2].u_bf/u_sub/add_inst/raw_sum_carry__1_i_16__18_n_0
    SLICE_X63Y61         CARRY4 (Prop_carry4_CI_O[1])
                                                      0.166    23.193 f  gen_r2intt_r16.u_r2intt16/gen_s2_b[1].gen_s2_g[2].u_bf/u_sub/add_inst/raw_sum_carry_i_29__31/O[1]
                         net (fo=1, routed)           0.339    23.531    gen_intt_n2d1[13].u_intt_n2d1/raw_sum_carry_i_28__38_0[1]
    SLICE_X62Y63         LUT6 (Prop_lut6_I5_O)        0.123    23.654 f  gen_intt_n2d1[13].u_intt_n2d1/raw_sum_carry_i_25__44/O
                         net (fo=8, routed)           0.548    24.203    gen_intt_n2d1[13].u_intt_n2d1/raw_sum_carry_i_25__44_n_0
    SLICE_X56Y56         LUT2 (Prop_lut2_I0_O)        0.043    24.246 f  gen_intt_n2d1[13].u_intt_n2d1/raw_sum_carry_i_27__40/O
                         net (fo=6, routed)           0.624    24.870    gen_intt_n2d1[13].u_intt_n2d1/raw_sum_carry_i_27__40_n_0
    SLICE_X56Y53         LUT6 (Prop_lut6_I1_O)        0.043    24.913 f  gen_intt_n2d1[13].u_intt_n2d1/out0_carry_i_6__32/O
                         net (fo=2, routed)           0.449    25.362    gen_intt_n2d1[13].u_intt_n2d1/gen_r2intt_r16.u_r2intt16/s2[14][1]
    SLICE_X56Y53         LUT6 (Prop_lut6_I2_O)        0.043    25.405 r  gen_intt_n2d1[13].u_intt_n2d1/raw_sum_carry_i_6__101/O
                         net (fo=64, routed)          0.257    25.662    gen_intt_n2d1[13].u_intt_n2d1/raw_sum_carry_i_16__64_0
    SLICE_X59Y53         LUT3 (Prop_lut3_I1_O)        0.043    25.705 r  gen_intt_n2d1[13].u_intt_n2d1/raw_sum_carry_i_4__111/O
                         net (fo=1, routed)           0.000    25.705    gen_r2intt_r16.u_r2intt16/gen_s3[6].u_bf/u_sub/add_inst/out0_carry_i_7__44_0[0]
    SLICE_X59Y53         CARRY4 (Prop_carry4_S[0]_CO[3])
                                                      0.259    25.964 r  gen_r2intt_r16.u_r2intt16/gen_s3[6].u_bf/u_sub/add_inst/raw_sum_carry/CO[3]
                         net (fo=1, routed)           0.000    25.964    gen_r2intt_r16.u_r2intt16/gen_s3[6].u_bf/u_sub/add_inst/raw_sum_carry_n_0
    SLICE_X59Y54         CARRY4 (Prop_carry4_CI_CO[3])
                                                      0.053    26.017 r  gen_r2intt_r16.u_r2intt16/gen_s3[6].u_bf/u_sub/add_inst/raw_sum_carry__0/CO[3]
                         net (fo=1, routed)           0.000    26.017    gen_r2intt_r16.u_r2intt16/gen_s3[6].u_bf/u_sub/add_inst/raw_sum_carry__0_n_0
    SLICE_X59Y55         CARRY4 (Prop_carry4_CI_CO[3])
                                                      0.053    26.070 r  gen_r2intt_r16.u_r2intt16/gen_s3[6].u_bf/u_sub/add_inst/raw_sum_carry__1/CO[3]
                         net (fo=1, routed)           0.000    26.070    gen_r2intt_r16.u_r2intt16/gen_s3[6].u_bf/u_sub/add_inst/raw_sum_carry__1_n_0
    SLICE_X59Y56         CARRY4 (Prop_carry4_CI_CO[3])
                                                      0.053    26.123 r  gen_r2intt_r16.u_r2intt16/gen_s3[6].u_bf/u_sub/add_inst/raw_sum_carry__2/CO[3]
                         net (fo=1, routed)           0.000    26.123    gen_r2intt_r16.u_r2intt16/gen_s3[6].u_bf/u_sub/add_inst/raw_sum_carry__2_n_0
    SLICE_X59Y57         CARRY4 (Prop_carry4_CI_O[0])
                                                      0.111    26.234 r  gen_r2intt_r16.u_r2intt16/gen_s3[6].u_bf/u_sub/add_inst/raw_sum_carry__3/O[0]
                         net (fo=1, routed)           0.271    26.504    gen_r2intt_r16.u_r2intt16/gen_s3[6].u_bf/u_sub/add_inst/raw_sum_carry__3_n_7
    SLICE_X57Y55         LUT2 (Prop_lut2_I1_O)        0.124    26.628 r  gen_r2intt_r16.u_r2intt16/gen_s3[6].u_bf/u_sub/add_inst/out0_carry_i_12__33/O
                         net (fo=1, routed)           0.000    26.628    gen_r2intt_r16.u_r2intt16/gen_s3[6].u_bf/u_sub/add_inst/out0_carry_i_12__33_n_0
    SLICE_X57Y55         CARRY4 (Prop_carry4_S[0]_CO[3])
                                                      0.259    26.887 r  gen_r2intt_r16.u_r2intt16/gen_s3[6].u_bf/u_sub/add_inst/out0_carry_i_7__44/CO[3]
                         net (fo=1, routed)           0.000    26.887    gen_r2intt_r16.u_r2intt16/gen_s3[6].u_bf/u_sub/add_inst/out0_carry_i_7__44_n_0
    SLICE_X57Y56         CARRY4 (Prop_carry4_CI_CO[3])
                                                      0.053    26.940 r  gen_r2intt_r16.u_r2intt16/gen_s3[6].u_bf/u_sub/add_inst/out0_carry_i_9__32/CO[3]
                         net (fo=1, routed)           0.000    26.940    gen_r2intt_r16.u_r2intt16/gen_s3[6].u_bf/u_sub/add_inst/out0_carry_i_9__32_n_0
    SLICE_X57Y57         CARRY4 (Prop_carry4_CI_O[0])
                                                      0.111    27.051 r  gen_r2intt_r16.u_r2intt16/gen_s3[6].u_bf/u_sub/add_inst/out0_carry__0_i_5__44/O[0]
                         net (fo=2, routed)           0.518    27.570    gen_intt_n2d1[13].u_intt_n2d1/out0_carry__1_4[0]
    SLICE_X57Y60         LUT6 (Prop_lut6_I5_O)        0.124    27.694 r  gen_intt_n2d1[13].u_intt_n2d1/product_i_30__26/O
                         net (fo=2, routed)           0.365    28.059    gen_intt_n2d1[13].u_intt_n2d1/intt_d1_out[245]
    SLICE_X57Y62         LUT4 (Prop_lut4_I0_O)        0.043    28.102 r  gen_intt_n2d1[13].u_intt_n2d1/out0_carry__2_i_6__26/O
                         net (fo=4, routed)           0.261    28.363    gen_intt_n2d1[13].u_intt_n2d1/out0_carry__2_i_6__26_n_0
    SLICE_X56Y61         LUT6 (Prop_lut6_I4_O)        0.043    28.406 r  gen_intt_n2d1[13].u_intt_n2d1/out0_carry__2_i_2__43/O
                         net (fo=1, routed)           0.000    28.406    gen_intt_d1n[14].u_id1n/intt_d1_out[2]
    SLICE_X56Y61         CARRY4 (Prop_carry4_S[2]_O[3])
                                                      0.178    28.584 r  gen_intt_d1n[14].u_id1n/out0_carry__2/O[3]
                         net (fo=1, routed)           0.958    29.543    gen_intt_n2d1[13].u_intt_n2d1/product_43[3]
    SLICE_X28Y64         LUT6 (Prop_lut6_I0_O)        0.120    29.663 r  gen_intt_n2d1[13].u_intt_n2d1/product_i_1__28/O
                         net (fo=1, routed)           0.478    30.141    gen_modmul_intt[14].u_mm_intt/product_0[16]
    DSP48_X1Y25          DSP48E1 (Prop_dsp48e1_A[16]_P[20])
                                                      2.737    32.878 r  gen_modmul_intt[14].u_mm_intt/product/P[20]
                         net (fo=3, routed)           0.824    33.702    gen_modmul_intt[14].u_mm_intt/product_n_85
    SLICE_X20Y70         LUT4 (Prop_lut4_I0_O)        0.043    33.745 r  gen_modmul_intt[14].u_mm_intt/t_carry__0_i_7__29/O
                         net (fo=1, routed)           0.000    33.745    gen_modmul_intt[14].u_mm_intt/t_carry__0_i_7__29_n_0
    SLICE_X20Y70         CARRY4 (Prop_carry4_S[1]_CO[3])
                                                      0.256    34.001 r  gen_modmul_intt[14].u_mm_intt/t_carry__0/CO[3]
                         net (fo=1, routed)           0.000    34.001    gen_modmul_intt[14].u_mm_intt/t_carry__0_n_0
    SLICE_X20Y71         CARRY4 (Prop_carry4_CI_CO[3])
                                                      0.054    34.055 r  gen_modmul_intt[14].u_mm_intt/t_carry__1/CO[3]
                         net (fo=1, routed)           0.000    34.055    gen_modmul_intt[14].u_mm_intt/t_carry__1_n_0
    SLICE_X20Y72         CARRY4 (Prop_carry4_CI_O[2])
                                                      0.112    34.167 r  gen_modmul_intt[14].u_mm_intt/t_carry__2/O[2]
                         net (fo=4, routed)           0.595    34.762    gen_modmul_intt[14].u_mm_intt/t_carry__2_n_5
    SLICE_X19Y64         LUT4 (Prop_lut4_I0_O)        0.127    34.889 r  gen_modmul_intt[14].u_mm_intt/gen_banks[15].mem_reg_0_15_0_5_i_1458/O
                         net (fo=1, routed)           0.452    35.342    gen_modmul_intt[14].u_mm_intt/gen_banks[15].mem_reg_0_15_0_5_i_1458_n_0
    SLICE_X19Y64         LUT6 (Prop_lut6_I3_O)        0.043    35.385 r  gen_modmul_intt[14].u_mm_intt/gen_banks[15].mem_reg_0_15_0_5_i_951/O
                         net (fo=17, routed)          0.387    35.771    gen_modmul_intt[14].u_mm_intt/gen_banks[15].mem_reg_0_15_0_5_i_951_n_0
    SLICE_X19Y62         LUT3 (Prop_lut3_I1_O)        0.043    35.814 r  gen_modmul_intt[14].u_mm_intt/gen_banks[15].mem_reg_0_15_0_5_i_527/O
                         net (fo=1, routed)           0.556    36.370    u_ctrl/mm_intt_out[80]
    SLICE_X22Y51         LUT6 (Prop_lut6_I5_O)        0.043    36.413 r  u_ctrl/gen_banks[15].mem_reg_0_15_0_5_i_273/O
                         net (fo=2, routed)           0.715    37.128    u_ctrl/gen_banks[15].mem_reg_0_15_0_5_i_273_n_0
    SLICE_X25Y32         LUT6 (Prop_lut6_I1_O)        0.043    37.171 r  u_ctrl/gen_banks[15].mem_reg_0_15_0_5_i_146/O
                         net (fo=4, routed)           0.558    37.729    u_ctrl/bfly_data_pre[478]
    SLICE_X42Y29         LUT6 (Prop_lut6_I1_O)        0.043    37.772 r  u_ctrl/gen_banks[12].mem_reg_0_15_0_5_i_47/O
                         net (fo=4, routed)           0.661    38.433    u_ctrl/gen_banks[12].mem_reg_0_15_0_5_i_47_n_0
    SLICE_X38Y16         LUT6 (Prop_lut6_I0_O)        0.043    38.476 r  u_ctrl/gen_banks[12].mem_reg_0_15_0_5_i_23/O
                         net (fo=1, routed)           0.000    38.476    u_ctrl/bfly_data_routed[410]
    SLICE_X38Y16         MUXF7 (Prop_muxf7_I0_O)      0.115    38.591 r  u_ctrl/gen_banks[12].mem_reg_0_15_0_5_i_5/O
                         net (fo=1, routed)           0.848    39.438    u_membanks/gen_banks[12].mem_reg_0_15_0_5/DIB0
    SLICE_X42Y41         RAMD32                                       r  u_membanks/gen_banks[12].mem_reg_0_15_0_5/RAMB/I
  -------------------------------------------------------------------    -------------------

                         (clock clk rise edge)        3.000     3.000 r  
    V20                                               0.000     3.000 r  clk (IN)
                         net (fo=0)                   0.000     3.000    clk
    V20                  IBUF (Prop_ibuf_I_O)         0.676     3.676 r  clk_IBUF_inst/O
                         net (fo=1, routed)           1.834     5.510    clk_IBUF
    BUFGCTRL_X0Y0        BUFG (Prop_bufg_I_O)         0.083     5.593 r  clk_IBUF_BUFG_inst/O
                         net (fo=845, routed)         1.441     7.034    u_membanks/gen_banks[12].mem_reg_0_15_0_5/WCLK
    SLICE_X42Y41         RAMD32                                       r  u_membanks/gen_banks[12].mem_reg_0_15_0_5/RAMB/CLK
                         clock pessimism              0.291     7.325    
                         clock uncertainty           -0.035     7.289    
    SLICE_X42Y41         RAMD32 (Setup_ramd32_CLK_I)
                                                     -0.190     7.099    u_membanks/gen_banks[12].mem_reg_0_15_0_5/RAMB
  -------------------------------------------------------------------
                         required time                          7.099    
                         arrival time                         -39.438    
  -------------------------------------------------------------------
                         slack                                -32.339    

Slack (VIOLATED) :        -32.246ns  (required time - arrival time)
  Source:                 u_ctrl/delta_idx_reg[0]/C
                            (rising edge-triggered cell FDCE clocked by clk  {rise@0.000ns fall@1.500ns period=3.000ns})
  Destination:            u_membanks/gen_banks[12].mem_reg_0_15_0_5/RAMC_D1/I
                            (rising edge-triggered cell RAMD32 clocked by clk  {rise@0.000ns fall@1.500ns period=3.000ns})
  Path Group:             clk
  Path Type:              Setup (Max at Slow Process Corner)
  Requirement:            3.000ns  (clk rise@3.000ns - clk rise@0.000ns)
  Data Path Delay:        34.937ns  (logic 11.268ns (32.252%)  route 23.669ns (67.748%))
  Logic Levels:           81  (CARRY4=36 DSP48E1=1 LUT2=7 LUT3=6 LUT4=5 LUT5=4 LUT6=20 MUXF7=1 RAMD32=1)
  Clock Path Skew:        -0.046ns (DCD - SCD + CPR)
    Destination Clock Delay (DCD):    4.034ns = ( 7.034 - 3.000 ) 
    Source Clock Delay      (SCD):    4.371ns
    Clock Pessimism Removal (CPR):    0.291ns
  Clock Uncertainty:      0.035ns  ((TSJ^2 + TIJ^2)^1/2 + DJ) / 2 + PE
    Total System Jitter     (TSJ):    0.071ns
    Total Input Jitter      (TIJ):    0.000ns
    Discrete Jitter          (DJ):    0.000ns
    Phase Error              (PE):    0.000ns

    Location             Delay type                Incr(ns)  Path(ns)    Netlist Resource(s)
  -------------------------------------------------------------------    -------------------
                         (clock clk rise edge)        0.000     0.000 r  
    V20                                               0.000     0.000 r  clk (IN)
                         net (fo=0)                   0.000     0.000    clk
    V20                  IBUF (Prop_ibuf_I_O)         0.751     0.751 r  clk_IBUF_inst/O
                         net (fo=1, routed)           1.950     2.701    clk_IBUF
    BUFGCTRL_X0Y0        BUFG (Prop_bufg_I_O)         0.093     2.794 r  clk_IBUF_BUFG_inst/O
                         net (fo=845, routed)         1.577     4.371    u_ctrl/clk_IBUF_BUFG
    SLICE_X30Y38         FDCE                                         r  u_ctrl/delta_idx_reg[0]/C
  -------------------------------------------------------------------    -------------------
    SLICE_X30Y38         FDCE (Prop_fdce_C_Q)         0.223     4.594 r  u_ctrl/delta_idx_reg[0]/Q
                         net (fo=31, routed)          0.205     4.799    u_ctrl/B[4]
    SLICE_X29Y38         LUT2 (Prop_lut2_I1_O)        0.043     4.842 r  u_ctrl/z1_full_i_115/O
                         net (fo=1, routed)           0.000     4.842    u_ctrl/z1_full_i_115_n_0
    SLICE_X29Y38         CARRY4 (Prop_carry4_S[0]_O[1])
                                                      0.218     5.060 r  u_ctrl/z1_full_i_105/O[1]
                         net (fo=1, routed)           0.270     5.330    u_addrgen/z1_full_i_108[0]
    SLICE_X30Y39         CARRY4 (Prop_carry4_S[0]_O[0])
                                                      0.247     5.577 r  u_addrgen/z1_full_i_104/O[0]
                         net (fo=2, routed)           0.298     5.875    u_ctrl/O[0]
    SLICE_X31Y38         CARRY4 (Prop_carry4_DI[1]_O[2])
                                                      0.343     6.218 r  u_ctrl/z1_full_i_103/O[2]
                         net (fo=54, routed)          0.540     6.758    u_ctrl/g_cnt_reg[7]_0[6]
    SLICE_X37Y36         CARRY4 (Prop_carry4_S[2]_O[2])
                                                      0.239     6.997 r  u_ctrl/gen_banks[15].mem_reg_0_15_0_5_i_181/O[2]
                         net (fo=4, routed)           0.721     7.718    u_ctrl/orig_addrs[22]
    SLICE_X34Y39         LUT6 (Prop_lut6_I5_O)        0.122     7.840 r  u_ctrl/gen_banks[14].mem_reg_0_15_0_5_i_61/O
                         net (fo=4, routed)           0.547     8.387    u_ctrl/gen_banks[14].mem_reg_0_15_0_5_i_61_n_0
    SLICE_X36Y40         LUT6 (Prop_lut6_I0_O)        0.043     8.430 r  u_ctrl/gen_banks[14].mem_reg_0_15_0_5_i_30/O
                         net (fo=2, routed)           0.286     8.716    u_ctrl/ntt_waddr[58]
    SLICE_X36Y39         LUT4 (Prop_lut4_I3_O)        0.043     8.759 r  u_ctrl/gen_banks[14].mem_reg_0_15_0_5_i_9/O
                         net (fo=36, routed)          0.870     9.629    u_membanks/gen_banks[14].mem_reg_0_15_0_5/ADDRA2
    SLICE_X46Y38         RAMD32 (Prop_ramd32_RADR2_O)
                                                      0.051     9.680 r  u_membanks/gen_banks[14].mem_reg_0_15_0_5/RAMA/O
                         net (fo=5, routed)           0.703    10.382    u_membanks/bank_dout[476]
    SLICE_X47Y46         LUT6 (Prop_lut6_I1_O)        0.134    10.516 r  u_membanks/z1_full_i_61__1/O
                         net (fo=4, routed)           0.889    11.406    u_membanks/z1_full_i_61__1_n_0
    SLICE_X24Y54         LUT6 (Prop_lut6_I5_O)        0.043    11.449 r  u_membanks/z1_full_i_11__11/O
                         net (fo=29, routed)          0.696    12.145    u_membanks/g_cnt_reg[2]_5[0]
    SLICE_X25Y60         LUT3 (Prop_lut3_I1_O)        0.050    12.195 r  u_membanks/raw_sum_carry_i_18__69_rewire/O
                         net (fo=1, routed)           0.371    12.566    u_membanks/raw_sum_carry_i_18__69_n_0
    SLICE_X23Y60         LUT6 (Prop_lut6_I3_O)        0.132    12.698 r  u_membanks/raw_sum_carry_i_9__95_rewire/O
                         net (fo=72, routed)          0.580    13.278    gen_intt_n2d1[12].u_intt_n2d1/raw_sum_carry__2
    SLICE_X24Y58         LUT2 (Prop_lut2_I1_O)        0.043    13.321 r  gen_intt_n2d1[12].u_intt_n2d1/raw_sum_carry__0_i_3__106/O
                         net (fo=6, routed)           0.338    13.659    gen_intt_n2d1[12].u_intt_n2d1/intt_d1_in[4]
    SLICE_X24Y60         LUT3 (Prop_lut3_I0_O)        0.043    13.702 r  gen_intt_n2d1[12].u_intt_n2d1/raw_sum_carry__0_i_7__52/O
                         net (fo=1, routed)           0.000    13.702    gen_r2intt_r16.u_r2intt16/gen_s0[6].u_bf/u_add/raw_sum_carry_i_10__54_1[1]
    SLICE_X24Y60         CARRY4 (Prop_carry4_S[1]_CO[3])
                                                      0.267    13.969 r  gen_r2intt_r16.u_r2intt16/gen_s0[6].u_bf/u_add/raw_sum_carry__0/CO[3]
                         net (fo=1, routed)           0.000    13.969    gen_r2intt_r16.u_r2intt16/gen_s0[6].u_bf/u_add/raw_sum_carry__0_n_0
    SLICE_X24Y61         CARRY4 (Prop_carry4_CI_CO[3])
                                                      0.053    14.022 r  gen_r2intt_r16.u_r2intt16/gen_s0[6].u_bf/u_add/raw_sum_carry__1/CO[3]
                         net (fo=1, routed)           0.000    14.022    gen_r2intt_r16.u_r2intt16/gen_s0[6].u_bf/u_add/raw_sum_carry__1_n_0
    SLICE_X24Y62         CARRY4 (Prop_carry4_CI_CO[3])
                                                      0.053    14.075 r  gen_r2intt_r16.u_r2intt16/gen_s0[6].u_bf/u_add/raw_sum_carry__2/CO[3]
                         net (fo=1, routed)           0.000    14.075    gen_r2intt_r16.u_r2intt16/gen_s0[6].u_bf/u_add/raw_sum_carry__2_n_0
    SLICE_X24Y63         CARRY4 (Prop_carry4_CI_O[0])
                                                      0.111    14.186 r  gen_r2intt_r16.u_r2intt16/gen_s0[6].u_bf/u_add/raw_sum_carry__3/O[0]
                         net (fo=1, routed)           0.275    14.461    gen_r2intt_r16.u_r2intt16/gen_s0[6].u_bf/u_add/raw_sum_carry__3_n_7
    SLICE_X25Y60         LUT2 (Prop_lut2_I1_O)        0.124    14.585 r  gen_r2intt_r16.u_r2intt16/gen_s0[6].u_bf/u_add/raw_sum_carry_i_21__60/O
                         net (fo=1, routed)           0.000    14.585    gen_r2intt_r16.u_r2intt16/gen_s0[6].u_bf/u_add/raw_sum_carry_i_21__60_n_0
    SLICE_X25Y60         CARRY4 (Prop_carry4_S[0]_CO[3])
                                                      0.259    14.844 r  gen_r2intt_r16.u_r2intt16/gen_s0[6].u_bf/u_add/raw_sum_carry_i_11__57/CO[3]
                         net (fo=1, routed)           0.000    14.844    gen_r2intt_r16.u_r2intt16/gen_s0[6].u_bf/u_add/raw_sum_carry_i_11__57_n_0
    SLICE_X25Y61         CARRY4 (Prop_carry4_CI_CO[3])
                                                      0.053    14.897 r  gen_r2intt_r16.u_r2intt16/gen_s0[6].u_bf/u_add/raw_sum_carry_i_10__54/CO[3]
                         net (fo=1, routed)           0.000    14.897    gen_r2intt_r16.u_r2intt16/gen_s0[6].u_bf/u_add/raw_sum_carry_i_10__54_n_0
    SLICE_X25Y62         CARRY4 (Prop_carry4_CI_CO[3])
                                                      0.053    14.950 r  gen_r2intt_r16.u_r2intt16/gen_s0[6].u_bf/u_add/raw_sum_carry__0_i_9__35/CO[3]
                         net (fo=1, routed)           0.000    14.950    gen_r2intt_r16.u_r2intt16/gen_s0[6].u_bf/u_add/raw_sum_carry__0_i_9__35_n_0
    SLICE_X25Y63         CARRY4 (Prop_carry4_CI_O[2])
                                                      0.111    15.061 r  gen_r2intt_r16.u_r2intt16/gen_s0[6].u_bf/u_add/raw_sum_carry__1_i_9__33/O[2]
                         net (fo=1, routed)           0.541    15.602    gen_intt_n2d1[13].u_intt_n2d1/reduced[13]
    SLICE_X29Y64         LUT5 (Prop_lut5_I4_O)        0.122    15.724 r  gen_intt_n2d1[13].u_intt_n2d1/raw_sum_carry__2_i_3__69/O
                         net (fo=10, routed)          0.341    16.066    gen_intt_n2d1[13].u_intt_n2d1/s0[12]_1[13]
    SLICE_X28Y65         LUT4 (Prop_lut4_I1_O)        0.043    16.109 r  gen_intt_n2d1[13].u_intt_n2d1/raw_sum_carry__2_i_18__19/O
                         net (fo=2, routed)           0.359    16.468    gen_intt_n2d1[13].u_intt_n2d1/raw_sum_carry__2_i_18__19_n_0
    SLICE_X26Y65         LUT5 (Prop_lut5_I3_O)        0.043    16.511 r  gen_intt_n2d1[13].u_intt_n2d1/raw_sum_carry__2_i_9__33/O
                         net (fo=3, routed)           0.205    16.716    gen_intt_n2d1[13].u_intt_n2d1/raw_sum_carry__2_i_19__10_0
    SLICE_X30Y65         LUT5 (Prop_lut5_I0_O)        0.043    16.759 r  gen_intt_n2d1[13].u_intt_n2d1/raw_sum_carry__2_i_1__71/O
                         net (fo=6, routed)           0.829    17.587    u_membanks/s0[12]_50[3]
    SLICE_X49Y60         LUT3 (Prop_lut3_I2_O)        0.043    17.630 r  u_membanks/raw_sum_carry__2_i_5__83/O
                         net (fo=1, routed)           0.000    17.630    gen_r2intt_r16.u_r2intt16/gen_s1_b[3].gen_s1_g[0].u_bf/u_sub/add_inst/raw_sum_carry__0_i_21__4_1[3]
    SLICE_X49Y60         CARRY4 (Prop_carry4_S[3]_CO[3])
                                                      0.193    17.823 r  gen_r2intt_r16.u_r2intt16/gen_s1_b[3].gen_s1_g[0].u_bf/u_sub/add_inst/raw_sum_carry__2/CO[3]
                         net (fo=1, routed)           0.000    17.823    gen_r2intt_r16.u_r2intt16/gen_s1_b[3].gen_s1_g[0].u_bf/u_sub/add_inst/raw_sum_carry__2_n_0
    SLICE_X49Y61         CARRY4 (Prop_carry4_CI_O[0])
                                                      0.111    17.934 r  gen_r2intt_r16.u_r2intt16/gen_s1_b[3].gen_s1_g[0].u_bf/u_sub/add_inst/raw_sum_carry__3/O[0]
                         net (fo=1, routed)           0.314    18.248    gen_r2intt_r16.u_r2intt16/gen_s1_b[3].gen_s1_g[0].u_bf/u_sub/add_inst/raw_sum_carry__3_n_7
    SLICE_X50Y57         LUT2 (Prop_lut2_I1_O)        0.124    18.372 r  gen_r2intt_r16.u_r2intt16/gen_s1_b[3].gen_s1_g[0].u_bf/u_sub/add_inst/raw_sum_carry_i_27__47/O
                         net (fo=1, routed)           0.000    18.372    gen_r2intt_r16.u_r2intt16/gen_s1_b[3].gen_s1_g[0].u_bf/u_sub/add_inst/raw_sum_carry_i_27__47_n_0
    SLICE_X50Y57         CARRY4 (Prop_carry4_S[0]_CO[3])
                                                      0.246    18.618 r  gen_r2intt_r16.u_r2intt16/gen_s1_b[3].gen_s1_g[0].u_bf/u_sub/add_inst/raw_sum_carry_i_26__39/CO[3]
                         net (fo=1, routed)           0.000    18.618    gen_r2intt_r16.u_r2intt16/gen_s1_b[3].gen_s1_g[0].u_bf/u_sub/add_inst/raw_sum_carry_i_26__39_n_0
    SLICE_X50Y58         CARRY4 (Prop_carry4_CI_O[1])
                                                      0.165    18.783 r  gen_r2intt_r16.u_r2intt16/gen_s1_b[3].gen_s1_g[0].u_bf/u_sub/add_inst/raw_sum_carry_i_23__41/O[1]
                         net (fo=2, routed)           0.440    19.223    gen_intt_n2d1[15].u_intt_n2d1/reduced_4[5]
    SLICE_X56Y56         LUT5 (Prop_lut5_I4_O)        0.125    19.348 r  gen_intt_n2d1[15].u_intt_n2d1/raw_sum_carry_i_41__8/O
                         net (fo=2, routed)           0.570    19.918    gen_intt_n2d1[15].u_intt_n2d1/raw_sum_carry_i_41__8_n_0
    SLICE_X60Y57         LUT6 (Prop_lut6_I2_O)        0.043    19.961 f  gen_intt_n2d1[15].u_intt_n2d1/raw_sum_carry_i_30__22/O
                         net (fo=1, routed)           0.433    20.394    gen_intt_n2d1[13].u_intt_n2d1/raw_sum_carry_i_7__85_0
    SLICE_X60Y56         LUT6 (Prop_lut6_I2_O)        0.043    20.437 f  gen_intt_n2d1[13].u_intt_n2d1/raw_sum_carry_i_21__42/O
                         net (fo=1, routed)           0.545    20.982    gen_intt_n2d1[13].u_intt_n2d1/raw_sum_carry_i_21__42_n_0
    SLICE_X64Y56         LUT6 (Prop_lut6_I5_O)        0.043    21.025 r  gen_intt_n2d1[13].u_intt_n2d1/raw_sum_carry_i_7__85/O
                         net (fo=1, routed)           0.106    21.130    gen_intt_n2d1[13].u_intt_n2d1/raw_sum_carry_i_7__85_n_0
    SLICE_X64Y56         LUT6 (Prop_lut6_I0_O)        0.043    21.173 r  gen_intt_n2d1[13].u_intt_n2d1/raw_sum_carry_i_5__88/O
                         net (fo=42, routed)          0.487    21.660    gen_intt_n2d1[13].u_intt_n2d1/raw_sum_carry_i_12__75_0
    SLICE_X64Y59         LUT3 (Prop_lut3_I0_O)        0.043    21.703 r  gen_intt_n2d1[13].u_intt_n2d1/raw_sum_carry_i_3__118/O
                         net (fo=1, routed)           0.000    21.703    gen_r2intt_r16.u_r2intt16/gen_s2_b[1].gen_s2_g[2].u_bf/u_sub/add_inst/raw_sum_carry__0_i_16__17_0[1]
    SLICE_X64Y59         CARRY4 (Prop_carry4_S[1]_CO[3])
                                                      0.256    21.959 r  gen_r2intt_r16.u_r2intt16/gen_s2_b[1].gen_s2_g[2].u_bf/u_sub/add_inst/raw_sum_carry/CO[3]
                         net (fo=1, routed)           0.000    21.959    gen_r2intt_r16.u_r2intt16/gen_s2_b[1].gen_s2_g[2].u_bf/u_sub/add_inst/raw_sum_carry_n_0
    SLICE_X64Y60         CARRY4 (Prop_carry4_CI_CO[3])
                                                      0.054    22.013 r  gen_r2intt_r16.u_r2intt16/gen_s2_b[1].gen_s2_g[2].u_bf/u_sub/add_inst/raw_sum_carry__0/CO[3]
                         net (fo=1, routed)           0.000    22.013    gen_r2intt_r16.u_r2intt16/gen_s2_b[1].gen_s2_g[2].u_bf/u_sub/add_inst/raw_sum_carry__0_n_0
    SLICE_X64Y61         CARRY4 (Prop_carry4_CI_CO[3])
                                                      0.054    22.067 r  gen_r2intt_r16.u_r2intt16/gen_s2_b[1].gen_s2_g[2].u_bf/u_sub/add_inst/raw_sum_carry__1/CO[3]
                         net (fo=1, routed)           0.000    22.067    gen_r2intt_r16.u_r2intt16/gen_s2_b[1].gen_s2_g[2].u_bf/u_sub/add_inst/raw_sum_carry__1_n_0
    SLICE_X64Y62         CARRY4 (Prop_carry4_CI_CO[3])
                                                      0.054    22.121 r  gen_r2intt_r16.u_r2intt16/gen_s2_b[1].gen_s2_g[2].u_bf/u_sub/add_inst/raw_sum_carry__2/CO[3]
                         net (fo=1, routed)           0.000    22.121    gen_r2intt_r16.u_r2intt16/gen_s2_b[1].gen_s2_g[2].u_bf/u_sub/add_inst/raw_sum_carry__2_n_0
    SLICE_X64Y63         CARRY4 (Prop_carry4_CI_O[0])
                                                      0.108    22.229 r  gen_r2intt_r16.u_r2intt16/gen_s2_b[1].gen_s2_g[2].u_bf/u_sub/add_inst/raw_sum_carry__3/O[0]
                         net (fo=1, routed)           0.363    22.592    gen_r2intt_r16.u_r2intt16/gen_s2_b[1].gen_s2_g[2].u_bf/u_sub/add_inst/raw_sum_carry__3_n_7
    SLICE_X63Y59         LUT2 (Prop_lut2_I1_O)        0.123    22.715 r  gen_r2intt_r16.u_r2intt16/gen_s2_b[1].gen_s2_g[2].u_bf/u_sub/add_inst/raw_sum_carry__0_i_17__14/O
                         net (fo=1, routed)           0.000    22.715    gen_r2intt_r16.u_r2intt16/gen_s2_b[1].gen_s2_g[2].u_bf/u_sub/add_inst/raw_sum_carry__0_i_17__14_n_0
    SLICE_X63Y59         CARRY4 (Prop_carry4_S[0]_CO[3])
                                                      0.259    22.974 r  gen_r2intt_r16.u_r2intt16/gen_s2_b[1].gen_s2_g[2].u_bf/u_sub/add_inst/raw_sum_carry__0_i_16__17/CO[3]
                         net (fo=1, routed)           0.000    22.974    gen_r2intt_r16.u_r2intt16/gen_s2_b[1].gen_s2_g[2].u_bf/u_sub/add_inst/raw_sum_carry__0_i_16__17_n_0
    SLICE_X63Y60         CARRY4 (Prop_carry4_CI_CO[3])
                                                      0.053    23.027 r  gen_r2intt_r16.u_r2intt16/gen_s2_b[1].gen_s2_g[2].u_bf/u_sub/add_inst/raw_sum_carry__1_i_16__18/CO[3]
                         net (fo=1, routed)           0.000    23.027    gen_r2intt_r16.u_r2intt16/gen_s2_b[1].gen_s2_g[2].u_bf/u_sub/add_inst/raw_sum_carry__1_i_16__18_n_0
    SLICE_X63Y61         CARRY4 (Prop_carry4_CI_O[1])
                                                      0.166    23.193 f  gen_r2intt_r16.u_r2intt16/gen_s2_b[1].gen_s2_g[2].u_bf/u_sub/add_inst/raw_sum_carry_i_29__31/O[1]
                         net (fo=1, routed)           0.339    23.531    gen_intt_n2d1[13].u_intt_n2d1/raw_sum_carry_i_28__38_0[1]
    SLICE_X62Y63         LUT6 (Prop_lut6_I5_O)        0.123    23.654 f  gen_intt_n2d1[13].u_intt_n2d1/raw_sum_carry_i_25__44/O
                         net (fo=8, routed)           0.548    24.203    gen_intt_n2d1[13].u_intt_n2d1/raw_sum_carry_i_25__44_n_0
    SLICE_X56Y56         LUT2 (Prop_lut2_I0_O)        0.043    24.246 f  gen_intt_n2d1[13].u_intt_n2d1/raw_sum_carry_i_27__40/O
                         net (fo=6, routed)           0.624    24.870    gen_intt_n2d1[13].u_intt_n2d1/raw_sum_carry_i_27__40_n_0
    SLICE_X56Y53         LUT6 (Prop_lut6_I1_O)        0.043    24.913 f  gen_intt_n2d1[13].u_intt_n2d1/out0_carry_i_6__32/O
                         net (fo=2, routed)           0.449    25.362    gen_intt_n2d1[13].u_intt_n2d1/gen_r2intt_r16.u_r2intt16/s2[14][1]
    SLICE_X56Y53         LUT6 (Prop_lut6_I2_O)        0.043    25.405 r  gen_intt_n2d1[13].u_intt_n2d1/raw_sum_carry_i_6__101/O
                         net (fo=64, routed)          0.257    25.662    gen_intt_n2d1[13].u_intt_n2d1/raw_sum_carry_i_16__64_0
    SLICE_X59Y53         LUT3 (Prop_lut3_I1_O)        0.043    25.705 r  gen_intt_n2d1[13].u_intt_n2d1/raw_sum_carry_i_4__111/O
                         net (fo=1, routed)           0.000    25.705    gen_r2intt_r16.u_r2intt16/gen_s3[6].u_bf/u_sub/add_inst/out0_carry_i_7__44_0[0]
    SLICE_X59Y53         CARRY4 (Prop_carry4_S[0]_CO[3])
                                                      0.259    25.964 r  gen_r2intt_r16.u_r2intt16/gen_s3[6].u_bf/u_sub/add_inst/raw_sum_carry/CO[3]
                         net (fo=1, routed)           0.000    25.964    gen_r2intt_r16.u_r2intt16/gen_s3[6].u_bf/u_sub/add_inst/raw_sum_carry_n_0
    SLICE_X59Y54         CARRY4 (Prop_carry4_CI_CO[3])
                                                      0.053    26.017 r  gen_r2intt_r16.u_r2intt16/gen_s3[6].u_bf/u_sub/add_inst/raw_sum_carry__0/CO[3]
                         net (fo=1, routed)           0.000    26.017    gen_r2intt_r16.u_r2intt16/gen_s3[6].u_bf/u_sub/add_inst/raw_sum_carry__0_n_0
    SLICE_X59Y55         CARRY4 (Prop_carry4_CI_CO[3])
                                                      0.053    26.070 r  gen_r2intt_r16.u_r2intt16/gen_s3[6].u_bf/u_sub/add_inst/raw_sum_carry__1/CO[3]
                         net (fo=1, routed)           0.000    26.070    gen_r2intt_r16.u_r2intt16/gen_s3[6].u_bf/u_sub/add_inst/raw_sum_carry__1_n_0
    SLICE_X59Y56         CARRY4 (Prop_carry4_CI_CO[3])
                                                      0.053    26.123 r  gen_r2intt_r16.u_r2intt16/gen_s3[6].u_bf/u_sub/add_inst/raw_sum_carry__2/CO[3]
                         net (fo=1, routed)           0.000    26.123    gen_r2intt_r16.u_r2intt16/gen_s3[6].u_bf/u_sub/add_inst/raw_sum_carry__2_n_0
    SLICE_X59Y57         CARRY4 (Prop_carry4_CI_O[0])
                                                      0.111    26.234 r  gen_r2intt_r16.u_r2intt16/gen_s3[6].u_bf/u_sub/add_inst/raw_sum_carry__3/O[0]
                         net (fo=1, routed)           0.271    26.504    gen_r2intt_r16.u_r2intt16/gen_s3[6].u_bf/u_sub/add_inst/raw_sum_carry__3_n_7
    SLICE_X57Y55         LUT2 (Prop_lut2_I1_O)        0.124    26.628 r  gen_r2intt_r16.u_r2intt16/gen_s3[6].u_bf/u_sub/add_inst/out0_carry_i_12__33/O
                         net (fo=1, routed)           0.000    26.628    gen_r2intt_r16.u_r2intt16/gen_s3[6].u_bf/u_sub/add_inst/out0_carry_i_12__33_n_0
    SLICE_X57Y55         CARRY4 (Prop_carry4_S[0]_CO[3])
                                                      0.259    26.887 r  gen_r2intt_r16.u_r2intt16/gen_s3[6].u_bf/u_sub/add_inst/out0_carry_i_7__44/CO[3]
                         net (fo=1, routed)           0.000    26.887    gen_r2intt_r16.u_r2intt16/gen_s3[6].u_bf/u_sub/add_inst/out0_carry_i_7__44_n_0
    SLICE_X57Y56         CARRY4 (Prop_carry4_CI_CO[3])
                                                      0.053    26.940 r  gen_r2intt_r16.u_r2intt16/gen_s3[6].u_bf/u_sub/add_inst/out0_carry_i_9__32/CO[3]
                         net (fo=1, routed)           0.000    26.940    gen_r2intt_r16.u_r2intt16/gen_s3[6].u_bf/u_sub/add_inst/out0_carry_i_9__32_n_0
    SLICE_X57Y57         CARRY4 (Prop_carry4_CI_O[0])
                                                      0.111    27.051 r  gen_r2intt_r16.u_r2intt16/gen_s3[6].u_bf/u_sub/add_inst/out0_carry__0_i_5__44/O[0]
                         net (fo=2, routed)           0.518    27.570    gen_intt_n2d1[13].u_intt_n2d1/out0_carry__1_4[0]
    SLICE_X57Y60         LUT6 (Prop_lut6_I5_O)        0.124    27.694 r  gen_intt_n2d1[13].u_intt_n2d1/product_i_30__26/O
                         net (fo=2, routed)           0.365    28.059    gen_intt_n2d1[13].u_intt_n2d1/intt_d1_out[245]
    SLICE_X57Y62         LUT4 (Prop_lut4_I0_O)        0.043    28.102 r  gen_intt_n2d1[13].u_intt_n2d1/out0_carry__2_i_6__26/O
                         net (fo=4, routed)           0.261    28.363    gen_intt_n2d1[13].u_intt_n2d1/out0_carry__2_i_6__26_n_0
    SLICE_X56Y61         LUT6 (Prop_lut6_I4_O)        0.043    28.406 r  gen_intt_n2d1[13].u_intt_n2d1/out0_carry__2_i_2__43/O
                         net (fo=1, routed)           0.000    28.406    gen_intt_d1n[14].u_id1n/intt_d1_out[2]
    SLICE_X56Y61         CARRY4 (Prop_carry4_S[2]_O[3])
                                                      0.178    28.584 r  gen_intt_d1n[14].u_id1n/out0_carry__2/O[3]
                         net (fo=1, routed)           0.958    29.543    gen_intt_n2d1[13].u_intt_n2d1/product_43[3]
    SLICE_X28Y64         LUT6 (Prop_lut6_I0_O)        0.120    29.663 r  gen_intt_n2d1[13].u_intt_n2d1/product_i_1__28/O
                         net (fo=1, routed)           0.478    30.141    gen_modmul_intt[14].u_mm_intt/product_0[16]
    DSP48_X1Y25          DSP48E1 (Prop_dsp48e1_A[16]_P[20])
                                                      2.737    32.878 r  gen_modmul_intt[14].u_mm_intt/product/P[20]
                         net (fo=3, routed)           0.824    33.702    gen_modmul_intt[14].u_mm_intt/product_n_85
    SLICE_X20Y70         LUT4 (Prop_lut4_I0_O)        0.043    33.745 r  gen_modmul_intt[14].u_mm_intt/t_carry__0_i_7__29/O
                         net (fo=1, routed)           0.000    33.745    gen_modmul_intt[14].u_mm_intt/t_carry__0_i_7__29_n_0
    SLICE_X20Y70         CARRY4 (Prop_carry4_S[1]_CO[3])
                                                      0.256    34.001 r  gen_modmul_intt[14].u_mm_intt/t_carry__0/CO[3]
                         net (fo=1, routed)           0.000    34.001    gen_modmul_intt[14].u_mm_intt/t_carry__0_n_0
    SLICE_X20Y71         CARRY4 (Prop_carry4_CI_CO[3])
                                                      0.054    34.055 r  gen_modmul_intt[14].u_mm_intt/t_carry__1/CO[3]
                         net (fo=1, routed)           0.000    34.055    gen_modmul_intt[14].u_mm_intt/t_carry__1_n_0
    SLICE_X20Y72         CARRY4 (Prop_carry4_CI_O[2])
                                                      0.112    34.167 r  gen_modmul_intt[14].u_mm_intt/t_carry__2/O[2]
                         net (fo=4, routed)           0.595    34.762    gen_modmul_intt[14].u_mm_intt/t_carry__2_n_5
    SLICE_X19Y64         LUT4 (Prop_lut4_I0_O)        0.127    34.889 r  gen_modmul_intt[14].u_mm_intt/gen_banks[15].mem_reg_0_15_0_5_i_1458/O
                         net (fo=1, routed)           0.452    35.342    gen_modmul_intt[14].u_mm_intt/gen_banks[15].mem_reg_0_15_0_5_i_1458_n_0
    SLICE_X19Y64         LUT6 (Prop_lut6_I3_O)        0.043    35.385 r  gen_modmul_intt[14].u_mm_intt/gen_banks[15].mem_reg_0_15_0_5_i_951/O
                         net (fo=17, routed)          0.474    35.858    gen_modmul_intt[14].u_mm_intt/gen_banks[15].mem_reg_0_15_0_5_i_951_n_0
    SLICE_X19Y59         LUT3 (Prop_lut3_I1_O)        0.043    35.901 r  gen_modmul_intt[14].u_mm_intt/gen_banks[15].mem_reg_0_15_0_5_i_573/O
                         net (fo=1, routed)           0.325    36.226    u_ctrl/mm_intt_out[83]
    SLICE_X19Y54         LUT6 (Prop_lut6_I5_O)        0.043    36.269 r  u_ctrl/gen_banks[15].mem_reg_0_15_0_5_i_289/O
                         net (fo=4, routed)           0.832    37.101    u_ctrl/gen_banks[15].mem_reg_0_15_0_5_i_289_n_0
    SLICE_X27Y36         LUT6 (Prop_lut6_I1_O)        0.043    37.144 r  u_ctrl/gen_banks[15].mem_reg_0_15_0_5_i_162/O
                         net (fo=2, routed)           0.765    37.909    u_ctrl/bfly_data_pre[481]
    SLICE_X49Y35         LUT6 (Prop_lut6_I1_O)        0.043    37.952 r  u_ctrl/gen_banks[12].mem_reg_0_15_0_5_i_51/O
                         net (fo=4, routed)           0.483    38.435    u_ctrl/gen_banks[12].mem_reg_0_15_0_5_i_51_n_0
    SLICE_X50Y32         LUT6 (Prop_lut6_I0_O)        0.043    38.478 r  u_ctrl/gen_banks[12].mem_reg_0_15_0_5_i_25/O
                         net (fo=1, routed)           0.000    38.478    u_ctrl/bfly_data_routed[413]
    SLICE_X50Y32         MUXF7 (Prop_muxf7_I0_O)      0.101    38.579 r  u_ctrl/gen_banks[12].mem_reg_0_15_0_5_i_6/O
                         net (fo=1, routed)           0.729    39.308    u_membanks/gen_banks[12].mem_reg_0_15_0_5/DIC1
    SLICE_X42Y41         RAMD32                                       r  u_membanks/gen_banks[12].mem_reg_0_15_0_5/RAMC_D1/I
  -------------------------------------------------------------------    -------------------

                         (clock clk rise edge)        3.000     3.000 r  
    V20                                               0.000     3.000 r  clk (IN)
                         net (fo=0)                   0.000     3.000    clk
    V20                  IBUF (Prop_ibuf_I_O)         0.676     3.676 r  clk_IBUF_inst/O
                         net (fo=1, routed)           1.834     5.510    clk_IBUF
    BUFGCTRL_X0Y0        BUFG (Prop_bufg_I_O)         0.083     5.593 r  clk_IBUF_BUFG_inst/O
                         net (fo=845, routed)         1.441     7.034    u_membanks/gen_banks[12].mem_reg_0_15_0_5/WCLK
    SLICE_X42Y41         RAMD32                                       r  u_membanks/gen_banks[12].mem_reg_0_15_0_5/RAMC_D1/CLK
                         clock pessimism              0.291     7.325    
                         clock uncertainty           -0.035     7.289    
    SLICE_X42Y41         RAMD32 (Setup_ramd32_CLK_I)
                                                     -0.227     7.062    u_membanks/gen_banks[12].mem_reg_0_15_0_5/RAMC_D1
  -------------------------------------------------------------------
                         required time                          7.062    
                         arrival time                         -39.308    
  -------------------------------------------------------------------
                         slack                                -32.246    

Slack (VIOLATED) :        -32.235ns  (required time - arrival time)
  Source:                 u_ctrl/delta_idx_reg[0]/C
                            (rising edge-triggered cell FDCE clocked by clk  {rise@0.000ns fall@1.500ns period=3.000ns})
  Destination:            u_membanks/gen_banks[12].mem_reg_0_15_30_33/RAMB_D1/I
                            (rising edge-triggered cell RAMD32 clocked by clk  {rise@0.000ns fall@1.500ns period=3.000ns})
  Path Group:             clk
  Path Type:              Setup (Max at Slow Process Corner)
  Requirement:            3.000ns  (clk rise@3.000ns - clk rise@0.000ns)
  Data Path Delay:        34.987ns  (logic 11.759ns (33.610%)  route 23.228ns (66.390%))
  Logic Levels:           88  (CARRY4=44 DSP48E1=1 LUT1=1 LUT2=6 LUT3=4 LUT4=6 LUT5=3 LUT6=21 MUXF7=1 RAMD32=1)
  Clock Path Skew:        0.003ns (DCD - SCD + CPR)
    Destination Clock Delay (DCD):    4.083ns = ( 7.083 - 3.000 ) 
    Source Clock Delay      (SCD):    4.371ns
    Clock Pessimism Removal (CPR):    0.291ns
  Clock Uncertainty:      0.035ns  ((TSJ^2 + TIJ^2)^1/2 + DJ) / 2 + PE
    Total System Jitter     (TSJ):    0.071ns
    Total Input Jitter      (TIJ):    0.000ns
    Discrete Jitter          (DJ):    0.000ns
    Phase Error              (PE):    0.000ns

    Location             Delay type                Incr(ns)  Path(ns)    Netlist Resource(s)
  -------------------------------------------------------------------    -------------------
                         (clock clk rise edge)        0.000     0.000 r  
    V20                                               0.000     0.000 r  clk (IN)
                         net (fo=0)                   0.000     0.000    clk
    V20                  IBUF (Prop_ibuf_I_O)         0.751     0.751 r  clk_IBUF_inst/O
                         net (fo=1, routed)           1.950     2.701    clk_IBUF
    BUFGCTRL_X0Y0        BUFG (Prop_bufg_I_O)         0.093     2.794 r  clk_IBUF_BUFG_inst/O
                         net (fo=845, routed)         1.577     4.371    u_ctrl/clk_IBUF_BUFG
    SLICE_X30Y38         FDCE                                         r  u_ctrl/delta_idx_reg[0]/C
  -------------------------------------------------------------------    -------------------
    SLICE_X30Y38         FDCE (Prop_fdce_C_Q)         0.223     4.594 r  u_ctrl/delta_idx_reg[0]/Q
                         net (fo=31, routed)          0.205     4.799    u_ctrl/B[4]
    SLICE_X29Y38         LUT2 (Prop_lut2_I1_O)        0.043     4.842 r  u_ctrl/z1_full_i_115/O
                         net (fo=1, routed)           0.000     4.842    u_ctrl/z1_full_i_115_n_0
    SLICE_X29Y38         CARRY4 (Prop_carry4_S[0]_O[1])
                                                      0.218     5.060 r  u_ctrl/z1_full_i_105/O[1]
                         net (fo=1, routed)           0.270     5.330    u_addrgen/z1_full_i_108[0]
    SLICE_X30Y39         CARRY4 (Prop_carry4_S[0]_O[0])
                                                      0.247     5.577 r  u_addrgen/z1_full_i_104/O[0]
                         net (fo=2, routed)           0.298     5.875    u_ctrl/O[0]
    SLICE_X31Y38         CARRY4 (Prop_carry4_DI[1]_O[2])
                                                      0.343     6.218 r  u_ctrl/z1_full_i_103/O[2]
                         net (fo=54, routed)          0.540     6.758    u_ctrl/g_cnt_reg[7]_0[6]
    SLICE_X37Y36         CARRY4 (Prop_carry4_S[2]_O[2])
                                                      0.239     6.997 r  u_ctrl/gen_banks[15].mem_reg_0_15_0_5_i_181/O[2]
                         net (fo=4, routed)           0.721     7.718    u_ctrl/orig_addrs[22]
    SLICE_X34Y39         LUT6 (Prop_lut6_I5_O)        0.122     7.840 r  u_ctrl/gen_banks[14].mem_reg_0_15_0_5_i_61/O
                         net (fo=4, routed)           0.547     8.387    u_ctrl/gen_banks[14].mem_reg_0_15_0_5_i_61_n_0
    SLICE_X36Y40         LUT6 (Prop_lut6_I0_O)        0.043     8.430 r  u_ctrl/gen_banks[14].mem_reg_0_15_0_5_i_30/O
                         net (fo=2, routed)           0.286     8.716    u_ctrl/ntt_waddr[58]
    SLICE_X36Y39         LUT4 (Prop_lut4_I3_O)        0.043     8.759 r  u_ctrl/gen_banks[14].mem_reg_0_15_0_5_i_9/O
                         net (fo=36, routed)          0.871     9.630    u_membanks/gen_banks[14].mem_reg_0_15_0_5/ADDRB2
    SLICE_X46Y38         RAMD32 (Prop_ramd32_RADR2_O)
                                                      0.053     9.683 f  u_membanks/gen_banks[14].mem_reg_0_15_0_5/RAMB/O
                         net (fo=5, routed)           0.689    10.372    u_membanks/bank_dout[478]
    SLICE_X45Y42         LUT6 (Prop_lut6_I3_O)        0.138    10.510 f  u_membanks/z1_full_i_53/O
                         net (fo=4, routed)           0.341    10.850    u_membanks/z1_full_i_53_n_0
    SLICE_X43Y43         LUT6 (Prop_lut6_I5_O)        0.043    10.893 f  u_membanks/z1_full_i_9__12/O
                         net (fo=22, routed)          0.815    11.708    u_membanks/gen_bfly_pack[13].cur_l[2]
    SLICE_X25Y55         LUT1 (Prop_lut1_I0_O)        0.043    11.751 r  u_membanks/out0_carry_i_3__59/O
                         net (fo=1, routed)           0.000    11.751    gen_intt_n2d1[13].u_intt_n2d1/S[1]
    SLICE_X25Y55         CARRY4 (Prop_carry4_S[1]_CO[3])
                                                      0.267    12.018 r  gen_intt_n2d1[13].u_intt_n2d1/out0_carry/CO[3]
                         net (fo=1, routed)           0.000    12.018    gen_intt_n2d1[13].u_intt_n2d1/out0_carry_n_0
    SLICE_X25Y56         CARRY4 (Prop_carry4_CI_CO[3])
                                                      0.053    12.071 r  gen_intt_n2d1[13].u_intt_n2d1/out0_carry__0/CO[3]
                         net (fo=1, routed)           0.000    12.071    gen_intt_n2d1[13].u_intt_n2d1/out0_carry__0_n_0
    SLICE_X25Y57         CARRY4 (Prop_carry4_CI_CO[3])
                                                      0.053    12.124 r  gen_intt_n2d1[13].u_intt_n2d1/out0_carry__1/CO[3]
                         net (fo=1, routed)           0.000    12.124    gen_intt_n2d1[13].u_intt_n2d1/out0_carry__1_n_0
    SLICE_X25Y58         CARRY4 (Prop_carry4_CI_O[3])
                                                      0.149    12.273 f  gen_intt_n2d1[13].u_intt_n2d1/out0_carry__2/O[3]
                         net (fo=5, routed)           0.454    12.727    gen_intt_n2d1[13].u_intt_n2d1/O[1]
    SLICE_X24Y58         LUT5 (Prop_lut5_I2_O)        0.120    12.847 r  gen_intt_n2d1[13].u_intt_n2d1/raw_sum_carry_i_11__56/O
                         net (fo=7, routed)           0.462    13.309    gen_intt_n2d1[13].u_intt_n2d1/raw_sum_carry_i_11__56_n_0
    SLICE_X25Y59         LUT6 (Prop_lut6_I0_O)        0.043    13.352 r  gen_intt_n2d1[13].u_intt_n2d1/raw_sum_carry_i_9__53/O
                         net (fo=34, routed)          0.456    13.808    gen_intt_n2d1[13].u_intt_n2d1/raw_sum_carry_i_15__49_0
    SLICE_X26Y59         LUT4 (Prop_lut4_I3_O)        0.043    13.851 r  gen_intt_n2d1[13].u_intt_n2d1/raw_sum_carry_i_7__60_rewire/O
                         net (fo=1, routed)           0.000    13.851    gen_r2intt_r16.u_r2intt16/gen_s0[6].u_bf/u_sub/add_inst/raw_sum_carry__2_i_9__34_1[1]
    SLICE_X26Y59         CARRY4 (Prop_carry4_S[1]_CO[3])
                                                      0.267    14.118 r  gen_r2intt_r16.u_r2intt16/gen_s0[6].u_bf/u_sub/add_inst/raw_sum_carry/CO[3]
                         net (fo=1, routed)           0.000    14.118    gen_r2intt_r16.u_r2intt16/gen_s0[6].u_bf/u_sub/add_inst/raw_sum_carry_n_0
    SLICE_X26Y60         CARRY4 (Prop_carry4_CI_CO[3])
                                                      0.053    14.171 r  gen_r2intt_r16.u_r2intt16/gen_s0[6].u_bf/u_sub/add_inst/raw_sum_carry__0/CO[3]
                         net (fo=1, routed)           0.000    14.171    gen_r2intt_r16.u_r2intt16/gen_s0[6].u_bf/u_sub/add_inst/raw_sum_carry__0_n_0
    SLICE_X26Y61         CARRY4 (Prop_carry4_CI_CO[3])
                                                      0.053    14.224 r  gen_r2intt_r16.u_r2intt16/gen_s0[6].u_bf/u_sub/add_inst/raw_sum_carry__1/CO[3]
                         net (fo=1, routed)           0.000    14.224    gen_r2intt_r16.u_r2intt16/gen_s0[6].u_bf/u_sub/add_inst/raw_sum_carry__1_n_0
    SLICE_X26Y62         CARRY4 (Prop_carry4_CI_CO[3])
                                                      0.053    14.277 r  gen_r2intt_r16.u_r2intt16/gen_s0[6].u_bf/u_sub/add_inst/raw_sum_carry__2/CO[3]
                         net (fo=1, routed)           0.000    14.277    gen_r2intt_r16.u_r2intt16/gen_s0[6].u_bf/u_sub/add_inst/raw_sum_carry__2_n_0
    SLICE_X26Y63         CARRY4 (Prop_carry4_CI_O[0])
                                                      0.111    14.388 r  gen_r2intt_r16.u_r2intt16/gen_s0[6].u_bf/u_sub/add_inst/raw_sum_carry__3/O[0]
                         net (fo=1, routed)           0.275    14.662    gen_r2intt_r16.u_r2intt16/gen_s0[6].u_bf/u_sub/add_inst/raw_sum_carry__3_n_7
    SLICE_X27Y60         LUT2 (Prop_lut2_I1_O)        0.124    14.786 r  gen_r2intt_r16.u_r2intt16/gen_s0[6].u_bf/u_sub/add_inst/raw_sum_carry__2_i_15__41/O
                         net (fo=1, routed)           0.000    14.786    gen_r2intt_r16.u_r2intt16/gen_s0[6].u_bf/u_sub/add_inst/raw_sum_carry__2_i_15__41_n_0
    SLICE_X27Y60         CARRY4 (Prop_carry4_S[0]_CO[3])
                                                      0.259    15.045 r  gen_r2intt_r16.u_r2intt16/gen_s0[6].u_bf/u_sub/add_inst/raw_sum_carry__2_i_9__34/CO[3]
                         net (fo=1, routed)           0.000    15.045    gen_r2intt_r16.u_r2intt16/gen_s0[6].u_bf/u_sub/add_inst/raw_sum_carry__2_i_9__34_n_0
    SLICE_X27Y61         CARRY4 (Prop_carry4_CI_CO[3])
                                                      0.053    15.098 r  gen_r2intt_r16.u_r2intt16/gen_s0[6].u_bf/u_sub/add_inst/raw_sum_carry_i_25__25/CO[3]
                         net (fo=1, routed)           0.000    15.098    gen_r2intt_r16.u_r2intt16/gen_s0[6].u_bf/u_sub/add_inst/raw_sum_carry_i_25__25_n_0
    SLICE_X27Y62         CARRY4 (Prop_carry4_CI_CO[3])
                                                      0.053    15.151 r  gen_r2intt_r16.u_r2intt16/gen_s0[6].u_bf/u_sub/add_inst/raw_sum_carry__0_i_19__7/CO[3]
                         net (fo=1, routed)           0.000    15.151    gen_r2intt_r16.u_r2intt16/gen_s0[6].u_bf/u_sub/add_inst/raw_sum_carry__0_i_19__7_n_0
    SLICE_X27Y63         CARRY4 (Prop_carry4_CI_O[2])
                                                      0.111    15.262 f  gen_r2intt_r16.u_r2intt16/gen_s0[6].u_bf/u_sub/add_inst/raw_sum_carry__1_i_18__12/O[2]
                         net (fo=1, routed)           0.532    15.794    gen_intt_n2d1[12].u_intt_n2d1/raw_sum_carry__1_i_12__29[0]
    SLICE_X28Y66         LUT6 (Prop_lut6_I2_O)        0.122    15.916 r  gen_intt_n2d1[12].u_intt_n2d1/raw_sum_carry__1_i_9__32/O
                         net (fo=6, routed)           0.220    16.136    gen_intt_n2d1[13].u_intt_n2d1/raw_sum_carry__3_i_2__53_0
    SLICE_X28Y66         LUT2 (Prop_lut2_I1_O)        0.043    16.179 f  gen_intt_n2d1[13].u_intt_n2d1/raw_sum_carry__1_i_12__29/O
                         net (fo=4, routed)           0.576    16.755    gen_intt_n2d1[13].u_intt_n2d1/raw_sum_carry__1_i_12__29_n_0
    SLICE_X30Y62         LUT6 (Prop_lut6_I2_O)        0.043    16.798 r  gen_intt_n2d1[13].u_intt_n2d1/raw_sum_carry_i_22__32/O
                         net (fo=30, routed)          0.539    17.337    gen_intt_n2d1[13].u_intt_n2d1/raw_sum_carry_i_10__52_0
    SLICE_X33Y57         LUT3 (Prop_lut3_I0_O)        0.043    17.380 r  gen_intt_n2d1[13].u_intt_n2d1/raw_sum_carry_i_4__82/O
                         net (fo=1, routed)           0.000    17.380    gen_r2intt_r16.u_r2intt16/gen_s1_b[3].gen_s1_g[1].u_bf/u_add/raw_sum_carry_i_25__39_0[0]
    SLICE_X33Y57         CARRY4 (Prop_carry4_S[0]_CO[3])
                                                      0.259    17.639 r  gen_r2intt_r16.u_r2intt16/gen_s1_b[3].gen_s1_g[1].u_bf/u_add/raw_sum_carry/CO[3]
                         net (fo=1, routed)           0.000    17.639    gen_r2intt_r16.u_r2intt16/gen_s1_b[3].gen_s1_g[1].u_bf/u_add/raw_sum_carry_n_0
    SLICE_X33Y58         CARRY4 (Prop_carry4_CI_CO[3])
                                                      0.053    17.692 r  gen_r2intt_r16.u_r2intt16/gen_s1_b[3].gen_s1_g[1].u_bf/u_add/raw_sum_carry__0/CO[3]
                         net (fo=1, routed)           0.000    17.692    gen_r2intt_r16.u_r2intt16/gen_s1_b[3].gen_s1_g[1].u_bf/u_add/raw_sum_carry__0_n_0
    SLICE_X33Y59         CARRY4 (Prop_carry4_CI_CO[3])
                                                      0.053    17.745 r  gen_r2intt_r16.u_r2intt16/gen_s1_b[3].gen_s1_g[1].u_bf/u_add/raw_sum_carry__1/CO[3]
                         net (fo=1, routed)           0.000    17.745    gen_r2intt_r16.u_r2intt16/gen_s1_b[3].gen_s1_g[1].u_bf/u_add/raw_sum_carry__1_n_0
    SLICE_X33Y60         CARRY4 (Prop_carry4_CI_CO[3])
                                                      0.053    17.798 r  gen_r2intt_r16.u_r2intt16/gen_s1_b[3].gen_s1_g[1].u_bf/u_add/raw_sum_carry__2/CO[3]
                         net (fo=1, routed)           0.000    17.798    gen_r2intt_r16.u_r2intt16/gen_s1_b[3].gen_s1_g[1].u_bf/u_add/raw_sum_carry__2_n_0
    SLICE_X33Y61         CARRY4 (Prop_carry4_CI_O[0])
                                                      0.111    17.909 r  gen_r2intt_r16.u_r2intt16/gen_s1_b[3].gen_s1_g[1].u_bf/u_add/raw_sum_carry__3/O[0]
                         net (fo=1, routed)           0.323    18.232    gen_r2intt_r16.u_r2intt16/gen_s1_b[3].gen_s1_g[1].u_bf/u_add/raw_sum_carry__3_n_7
    SLICE_X34Y57         LUT2 (Prop_lut2_I1_O)        0.124    18.356 r  gen_r2intt_r16.u_r2intt16/gen_s1_b[3].gen_s1_g[1].u_bf/u_add/raw_sum_carry_i_33__23/O
                         net (fo=1, routed)           0.000    18.356    gen_r2intt_r16.u_r2intt16/gen_s1_b[3].gen_s1_g[1].u_bf/u_add/raw_sum_carry_i_33__23_n_0
    SLICE_X34Y57         CARRY4 (Prop_carry4_S[0]_CO[3])
                                                      0.259    18.615 r  gen_r2intt_r16.u_r2intt16/gen_s1_b[3].gen_s1_g[1].u_bf/u_add/raw_sum_carry_i_25__39/CO[3]
                         net (fo=1, routed)           0.000    18.615    gen_r2intt_r16.u_r2intt16/gen_s1_b[3].gen_s1_g[1].u_bf/u_add/raw_sum_carry_i_25__39_n_0
    SLICE_X34Y58         CARRY4 (Prop_carry4_CI_CO[3])
                                                      0.053    18.668 r  gen_r2intt_r16.u_r2intt16/gen_s1_b[3].gen_s1_g[1].u_bf/u_add/raw_sum_carry_i_24__36/CO[3]
                         net (fo=1, routed)           0.000    18.668    gen_r2intt_r16.u_r2intt16/gen_s1_b[3].gen_s1_g[1].u_bf/u_add/raw_sum_carry_i_24__36_n_0
    SLICE_X34Y59         CARRY4 (Prop_carry4_CI_CO[3])
                                                      0.053    18.721 r  gen_r2intt_r16.u_r2intt16/gen_s1_b[3].gen_s1_g[1].u_bf/u_add/raw_sum_carry__0_i_14__42/CO[3]
                         net (fo=1, routed)           0.000    18.721    gen_r2intt_r16.u_r2intt16/gen_s1_b[3].gen_s1_g[1].u_bf/u_add/raw_sum_carry__0_i_14__42_n_0
    SLICE_X34Y60         CARRY4 (Prop_carry4_CI_O[0])
                                                      0.111    18.832 r  gen_r2intt_r16.u_r2intt16/gen_s1_b[3].gen_s1_g[1].u_bf/u_add/raw_sum_carry__1_i_14__37/O[0]
                         net (fo=1, routed)           0.356    19.188    gen_intt_n2d1[15].u_intt_n2d1/raw_sum_carry__2_i_6__71[0]
    SLICE_X36Y59         LUT6 (Prop_lut6_I5_O)        0.124    19.312 r  gen_intt_n2d1[15].u_intt_n2d1/raw_sum_carry__1_i_10__42/O
                         net (fo=10, routed)          0.504    19.816    gen_intt_n2d1[15].u_intt_n2d1/raw_sum_carry__2_i_26__6_0[6]
    SLICE_X37Y56         LUT6 (Prop_lut6_I4_O)        0.043    19.859 f  gen_intt_n2d1[15].u_intt_n2d1/raw_sum_carry__2_i_26__6/O
                         net (fo=5, routed)           0.452    20.311    gen_intt_n2d1[15].u_intt_n2d1/raw_sum_carry__1_i_11__36_0
    SLICE_X45Y55         LUT6 (Prop_lut6_I0_O)        0.043    20.354 f  gen_intt_n2d1[15].u_intt_n2d1/raw_sum_carry__3_i_2__63/O
                         net (fo=4, routed)           0.689    21.043    gen_intt_n2d1[15].u_intt_n2d1/gen_r2intt_r16.u_r2intt16/s1[13][16]
    SLICE_X51Y53         LUT5 (Prop_lut5_I1_O)        0.043    21.086 r  gen_intt_n2d1[15].u_intt_n2d1/raw_sum_carry_i_5__86/O
                         net (fo=43, routed)          0.487    21.573    gen_intt_n2d1[15].u_intt_n2d1/raw_sum_carry_i_8__100_0
    SLICE_X54Y51         LUT3 (Prop_lut3_I0_O)        0.043    21.616 r  gen_intt_n2d1[15].u_intt_n2d1/raw_sum_carry_i_1__117/O
                         net (fo=1, routed)           0.000    21.616    gen_r2intt_r16.u_r2intt16/gen_s2_b[1].gen_s2_g[1].u_bf/u_sub/add_inst/raw_sum_carry__0_i_14__46_0[3]
    SLICE_X54Y51         CARRY4 (Prop_carry4_S[3]_CO[3])
                                                      0.180    21.796 r  gen_r2intt_r16.u_r2intt16/gen_s2_b[1].gen_s2_g[1].u_bf/u_sub/add_inst/raw_sum_carry/CO[3]
                         net (fo=1, routed)           0.000    21.796    gen_r2intt_r16.u_r2intt16/gen_s2_b[1].gen_s2_g[1].u_bf/u_sub/add_inst/raw_sum_carry_n_0
    SLICE_X54Y52         CARRY4 (Prop_carry4_CI_CO[3])
                                                      0.054    21.850 r  gen_r2intt_r16.u_r2intt16/gen_s2_b[1].gen_s2_g[1].u_bf/u_sub/add_inst/raw_sum_carry__0/CO[3]
                         net (fo=1, routed)           0.000    21.850    gen_r2intt_r16.u_r2intt16/gen_s2_b[1].gen_s2_g[1].u_bf/u_sub/add_inst/raw_sum_carry__0_n_0
    SLICE_X54Y53         CARRY4 (Prop_carry4_CI_CO[3])
                                                      0.054    21.904 r  gen_r2intt_r16.u_r2intt16/gen_s2_b[1].gen_s2_g[1].u_bf/u_sub/add_inst/raw_sum_carry__1/CO[3]
                         net (fo=1, routed)           0.000    21.904    gen_r2intt_r16.u_r2intt16/gen_s2_b[1].gen_s2_g[1].u_bf/u_sub/add_inst/raw_sum_carry__1_n_0
    SLICE_X54Y54         CARRY4 (Prop_carry4_CI_CO[3])
                                                      0.054    21.958 r  gen_r2intt_r16.u_r2intt16/gen_s2_b[1].gen_s2_g[1].u_bf/u_sub/add_inst/raw_sum_carry__2/CO[3]
                         net (fo=1, routed)           0.000    21.958    gen_r2intt_r16.u_r2intt16/gen_s2_b[1].gen_s2_g[1].u_bf/u_sub/add_inst/raw_sum_carry__2_n_0
    SLICE_X54Y55         CARRY4 (Prop_carry4_CI_O[0])
                                                      0.108    22.066 r  gen_r2intt_r16.u_r2intt16/gen_s2_b[1].gen_s2_g[1].u_bf/u_sub/add_inst/raw_sum_carry__3/O[0]
                         net (fo=1, routed)           0.286    22.352    gen_r2intt_r16.u_r2intt16/gen_s2_b[1].gen_s2_g[1].u_bf/u_sub/add_inst/raw_sum_carry__3_n_7
    SLICE_X55Y51         LUT2 (Prop_lut2_I1_O)        0.123    22.475 r  gen_r2intt_r16.u_r2intt16/gen_s2_b[1].gen_s2_g[1].u_bf/u_sub/add_inst/raw_sum_carry__0_i_18__12/O
                         net (fo=1, routed)           0.000    22.475    gen_r2intt_r16.u_r2intt16/gen_s2_b[1].gen_s2_g[1].u_bf/u_sub/add_inst/raw_sum_carry__0_i_18__12_n_0
    SLICE_X55Y51         CARRY4 (Prop_carry4_S[0]_CO[3])
                                                      0.259    22.734 r  gen_r2intt_r16.u_r2intt16/gen_s2_b[1].gen_s2_g[1].u_bf/u_sub/add_inst/raw_sum_carry__0_i_14__46/CO[3]
                         net (fo=1, routed)           0.000    22.734    gen_r2intt_r16.u_r2intt16/gen_s2_b[1].gen_s2_g[1].u_bf/u_sub/add_inst/raw_sum_carry__0_i_14__46_n_0
    SLICE_X55Y52         CARRY4 (Prop_carry4_CI_CO[3])
                                                      0.053    22.787 r  gen_r2intt_r16.u_r2intt16/gen_s2_b[1].gen_s2_g[1].u_bf/u_sub/add_inst/raw_sum_carry__1_i_15__21/CO[3]
                         net (fo=1, routed)           0.000    22.787    gen_r2intt_r16.u_r2intt16/gen_s2_b[1].gen_s2_g[1].u_bf/u_sub/add_inst/raw_sum_carry__1_i_15__21_n_0
    SLICE_X55Y53         CARRY4 (Prop_carry4_CI_O[1])
                                                      0.166    22.953 r  gen_r2intt_r16.u_r2intt16/gen_s2_b[1].gen_s2_g[1].u_bf/u_sub/add_inst/raw_sum_carry_i_24__41/O[1]
                         net (fo=1, routed)           0.461    23.414    gen_intt_n2d1[15].u_intt_n2d1/raw_sum_carry_i_7__100_0[1]
    SLICE_X56Y48         LUT6 (Prop_lut6_I5_O)        0.123    23.537 r  gen_intt_n2d1[15].u_intt_n2d1/raw_sum_carry_i_15__68/O
                         net (fo=13, routed)          0.984    24.521    gen_intt_n2d1[15].u_intt_n2d1/raw_sum_carry_i_15__68_n_0
    SLICE_X71Y35         LUT5 (Prop_lut5_I4_O)        0.043    24.564 r  gen_intt_n2d1[15].u_intt_n2d1/raw_sum_carry__0_i_15__20/O
                         net (fo=8, routed)           0.461    25.025    gen_intt_n2d1[15].u_intt_n2d1/raw_sum_carry__0_i_15__20_n_0
    SLICE_X70Y33         LUT6 (Prop_lut6_I0_O)        0.043    25.068 r  gen_intt_n2d1[15].u_intt_n2d1/raw_sum_carry__0_i_11__46/O
                         net (fo=7, routed)           0.390    25.458    gen_intt_n2d1[15].u_intt_n2d1/raw_sum_carry_i_24__41[1]
    SLICE_X75Y31         LUT4 (Prop_lut4_I3_O)        0.043    25.501 r  gen_intt_n2d1[15].u_intt_n2d1/raw_sum_carry_i_9__86/O
                         net (fo=2, routed)           0.462    25.963    gen_intt_n2d1[15].u_intt_n2d1/raw_sum_carry_i_9__86_n_0
    SLICE_X72Y26         LUT4 (Prop_lut4_I2_O)        0.043    26.006 r  gen_intt_n2d1[15].u_intt_n2d1/raw_sum_carry_i_5__100/O
                         net (fo=47, routed)          0.403    26.409    gen_intt_n2d1[15].u_intt_n2d1/raw_sum_carry_i_10__89_0
    SLICE_X75Y26         LUT4 (Prop_lut4_I0_O)        0.043    26.452 r  gen_intt_n2d1[15].u_intt_n2d1/raw_sum_carry_i_1__124/O
                         net (fo=1, routed)           0.000    26.452    gen_r2intt_r16.u_r2intt16/gen_s3[5].u_bf/u_sub/add_inst/out0_carry_i_6__44_0[3]
    SLICE_X75Y26         CARRY4 (Prop_carry4_S[3]_CO[3])
                                                      0.193    26.645 r  gen_r2intt_r16.u_r2intt16/gen_s3[5].u_bf/u_sub/add_inst/raw_sum_carry/CO[3]
                         net (fo=1, routed)           0.000    26.645    gen_r2intt_r16.u_r2intt16/gen_s3[5].u_bf/u_sub/add_inst/raw_sum_carry_n_0
    SLICE_X75Y27         CARRY4 (Prop_carry4_CI_CO[3])
                                                      0.053    26.698 r  gen_r2intt_r16.u_r2intt16/gen_s3[5].u_bf/u_sub/add_inst/raw_sum_carry__0/CO[3]
                         net (fo=1, routed)           0.000    26.698    gen_r2intt_r16.u_r2intt16/gen_s3[5].u_bf/u_sub/add_inst/raw_sum_carry__0_n_0
    SLICE_X75Y28         CARRY4 (Prop_carry4_CI_CO[3])
                                                      0.053    26.751 r  gen_r2intt_r16.u_r2intt16/gen_s3[5].u_bf/u_sub/add_inst/raw_sum_carry__1/CO[3]
                         net (fo=1, routed)           0.000    26.751    gen_r2intt_r16.u_r2intt16/gen_s3[5].u_bf/u_sub/add_inst/raw_sum_carry__1_n_0
    SLICE_X75Y29         CARRY4 (Prop_carry4_CI_CO[3])
                                                      0.053    26.804 r  gen_r2intt_r16.u_r2intt16/gen_s3[5].u_bf/u_sub/add_inst/raw_sum_carry__2/CO[3]
                         net (fo=1, routed)           0.000    26.804    gen_r2intt_r16.u_r2intt16/gen_s3[5].u_bf/u_sub/add_inst/raw_sum_carry__2_n_0
    SLICE_X75Y30         CARRY4 (Prop_carry4_CI_O[0])
                                                      0.111    26.915 r  gen_r2intt_r16.u_r2intt16/gen_s3[5].u_bf/u_sub/add_inst/raw_sum_carry__3/O[0]
                         net (fo=1, routed)           0.429    27.344    gen_r2intt_r16.u_r2intt16/gen_s3[5].u_bf/u_sub/add_inst/raw_sum_carry__3_n_7
    SLICE_X76Y26         LUT2 (Prop_lut2_I1_O)        0.124    27.468 r  gen_r2intt_r16.u_r2intt16/gen_s3[5].u_bf/u_sub/add_inst/out0_carry_i_8__46/O
                         net (fo=1, routed)           0.000    27.468    gen_r2intt_r16.u_r2intt16/gen_s3[5].u_bf/u_sub/add_inst/out0_carry_i_8__46_n_0
    SLICE_X76Y26         CARRY4 (Prop_carry4_S[0]_O[2])
                                                      0.261    27.729 r  gen_r2intt_r16.u_r2intt16/gen_s3[5].u_bf/u_sub/add_inst/out0_carry_i_6__44/O[2]
                         net (fo=2, routed)           0.419    28.148    gen_intt_n2d1[15].u_intt_n2d1/out0_carry_3[2]
    SLICE_X78Y26         LUT6 (Prop_lut6_I5_O)        0.127    28.275 r  gen_intt_n2d1[15].u_intt_n2d1/out0_carry__2_i_11__10/O
                         net (fo=2, routed)           0.601    28.876    gen_intt_n2d1[15].u_intt_n2d1/intt_d1_out[222]
    SLICE_X76Y31         LUT6 (Prop_lut6_I0_O)        0.043    28.919 f  gen_intt_n2d1[15].u_intt_n2d1/out0_carry__2_i_5__42/O
                         net (fo=4, routed)           0.377    29.296    gen_intt_n2d1[15].u_intt_n2d1/out0_carry__2_i_5__42_n_0
    SLICE_X77Y28         LUT6 (Prop_lut6_I5_O)        0.043    29.339 r  gen_intt_n2d1[15].u_intt_n2d1/out0_carry__2_i_2__41/O
                         net (fo=1, routed)           0.000    29.339    gen_intt_d1n[13].u_id1n/intt_d1_out[2]
    SLICE_X77Y28         CARRY4 (Prop_carry4_S[2]_O[3])
                                                      0.178    29.517 r  gen_intt_d1n[13].u_id1n/out0_carry__2/O[3]
                         net (fo=1, routed)           0.412    29.929    gen_intt_n2d1[15].u_intt_n2d1/product_37[3]
    SLICE_X74Y31         LUT6 (Prop_lut6_I0_O)        0.120    30.049 r  gen_intt_n2d1[15].u_intt_n2d1/product_i_1__27/O
                         net (fo=1, routed)           0.313    30.362    gen_modmul_intt[13].u_mm_intt/product_0[16]
    DSP48_X4Y10          DSP48E1 (Prop_dsp48e1_A[16]_P[17])
                                                      2.737    33.099 r  gen_modmul_intt[13].u_mm_intt/product/P[17]
                         net (fo=4, routed)           0.665    33.764    gen_modmul_intt[13].u_mm_intt/product_n_88
    SLICE_X74Y26         LUT3 (Prop_lut3_I0_O)        0.043    33.807 r  gen_modmul_intt[13].u_mm_intt/t_carry_i_4__28/O
                         net (fo=1, routed)           0.000    33.807    gen_modmul_intt[13].u_mm_intt/t_carry_i_4__28_n_0
    SLICE_X74Y26         CARRY4 (Prop_carry4_S[2]_CO[3])
                                                      0.183    33.990 r  gen_modmul_intt[13].u_mm_intt/t_carry/CO[3]
                         net (fo=1, routed)           0.000    33.990    gen_modmul_intt[13].u_mm_intt/t_carry_n_0
    SLICE_X74Y27         CARRY4 (Prop_carry4_CI_CO[3])
                                                      0.054    34.044 r  gen_modmul_intt[13].u_mm_intt/t_carry__0/CO[3]
                         net (fo=1, routed)           0.000    34.044    gen_modmul_intt[13].u_mm_intt/t_carry__0_n_0
    SLICE_X74Y28         CARRY4 (Prop_carry4_CI_O[1])
                                                      0.165    34.209 r  gen_modmul_intt[13].u_mm_intt/t_carry__1/O[1]
                         net (fo=4, routed)           0.447    34.656    gen_modmul_intt[13].u_mm_intt/t_carry__1_n_6
    SLICE_X72Y28         LUT4 (Prop_lut4_I1_O)        0.125    34.781 r  gen_modmul_intt[13].u_mm_intt/gen_banks[15].mem_reg_0_15_0_5_i_1449/O
                         net (fo=1, routed)           0.642    35.423    gen_modmul_intt[13].u_mm_intt/gen_banks[15].mem_reg_0_15_0_5_i_1449_n_0
    SLICE_X63Y28         LUT6 (Prop_lut6_I4_O)        0.043    35.466 r  gen_modmul_intt[13].u_mm_intt/gen_banks[15].mem_reg_0_15_0_5_i_919/O
                         net (fo=17, routed)          0.521    35.987    gen_modmul_intt[13].u_mm_intt/gen_banks[15].mem_reg_0_15_0_5_i_919_n_0
    SLICE_X55Y28         LUT3 (Prop_lut3_I1_O)        0.043    36.030 r  gen_modmul_intt[13].u_mm_intt/gen_banks[15].mem_reg_0_15_12_17_i_345/O
                         net (fo=1, routed)           0.279    36.309    u_ctrl/mm_intt_out[77]
    SLICE_X56Y29         LUT6 (Prop_lut6_I5_O)        0.043    36.352 r  u_ctrl/gen_banks[15].mem_reg_0_15_12_17_i_219/O
                         net (fo=2, routed)           0.757    37.109    u_ctrl/gen_banks[15].mem_reg_0_15_12_17_i_219_n_0
    SLICE_X30Y30         LUT6 (Prop_lut6_I3_O)        0.043    37.152 r  u_ctrl/gen_banks[15].mem_reg_0_15_30_33_i_75/O
                         net (fo=4, routed)           0.908    38.060    u_ctrl/bfly_data_pre[475]
    SLICE_X21Y50         LUT6 (Prop_lut6_I0_O)        0.043    38.103 r  u_ctrl/gen_banks[12].mem_reg_0_15_30_33_i_21/O
                         net (fo=4, routed)           0.552    38.656    u_ctrl/gen_banks[12].mem_reg_0_15_30_33_i_21_n_0
    SLICE_X21Y54         LUT6 (Prop_lut6_I0_O)        0.043    38.699 r  u_ctrl/gen_banks[12].mem_reg_0_15_30_33_i_9/O
                         net (fo=1, routed)           0.000    38.699    u_ctrl/bfly_data_routed[441]
    SLICE_X21Y54         MUXF7 (Prop_muxf7_I0_O)      0.107    38.806 r  u_ctrl/gen_banks[12].mem_reg_0_15_30_33_i_3/O
                         net (fo=1, routed)           0.552    39.357    u_membanks/gen_banks[12].mem_reg_0_15_30_33/DIB1
    SLICE_X20Y43         RAMD32                                       r  u_membanks/gen_banks[12].mem_reg_0_15_30_33/RAMB_D1/I
  -------------------------------------------------------------------    -------------------

                         (clock clk rise edge)        3.000     3.000 r  
    V20                                               0.000     3.000 r  clk (IN)
                         net (fo=0)                   0.000     3.000    clk
    V20                  IBUF (Prop_ibuf_I_O)         0.676     3.676 r  clk_IBUF_inst/O
                         net (fo=1, routed)           1.834     5.510    clk_IBUF
    BUFGCTRL_X0Y0        BUFG (Prop_bufg_I_O)         0.083     5.593 r  clk_IBUF_BUFG_inst/O
                         net (fo=845, routed)         1.490     7.083    u_membanks/gen_banks[12].mem_reg_0_15_30_33/WCLK
    SLICE_X20Y43         RAMD32                                       r  u_membanks/gen_banks[12].mem_reg_0_15_30_33/RAMB_D1/CLK
                         clock pessimism              0.291     7.374    
                         clock uncertainty           -0.035     7.338    
    SLICE_X20Y43         RAMD32 (Setup_ramd32_CLK_I)
                                                     -0.216     7.122    u_membanks/gen_banks[12].mem_reg_0_15_30_33/RAMB_D1
  -------------------------------------------------------------------
                         required time                          7.122    
                         arrival time                         -39.357    
  -------------------------------------------------------------------
                         slack                                -32.235    

Slack (VIOLATED) :        -32.223ns  (required time - arrival time)
  Source:                 u_ctrl/delta_idx_reg[0]/C
                            (rising edge-triggered cell FDCE clocked by clk  {rise@0.000ns fall@1.500ns period=3.000ns})
  Destination:            u_membanks/gen_banks[9].mem_reg_0_15_18_23/RAMB_D1/I
                            (rising edge-triggered cell RAMD32 clocked by clk  {rise@0.000ns fall@1.500ns period=3.000ns})
  Path Group:             clk
  Path Type:              Setup (Max at Slow Process Corner)
  Requirement:            3.000ns  (clk rise@3.000ns - clk rise@0.000ns)
  Data Path Delay:        34.971ns  (logic 11.759ns (33.625%)  route 23.212ns (66.375%))
  Logic Levels:           88  (CARRY4=44 DSP48E1=1 LUT1=1 LUT2=6 LUT3=4 LUT4=6 LUT5=3 LUT6=21 MUXF7=1 RAMD32=1)
  Clock Path Skew:        0.000ns (DCD - SCD + CPR)
    Destination Clock Delay (DCD):    4.080ns = ( 7.080 - 3.000 ) 
    Source Clock Delay      (SCD):    4.371ns
    Clock Pessimism Removal (CPR):    0.291ns
  Clock Uncertainty:      0.035ns  ((TSJ^2 + TIJ^2)^1/2 + DJ) / 2 + PE
    Total System Jitter     (TSJ):    0.071ns
    Total Input Jitter      (TIJ):    0.000ns
    Discrete Jitter          (DJ):    0.000ns
    Phase Error              (PE):    0.000ns

    Location             Delay type                Incr(ns)  Path(ns)    Netlist Resource(s)
  -------------------------------------------------------------------    -------------------
                         (clock clk rise edge)        0.000     0.000 r  
    V20                                               0.000     0.000 r  clk (IN)
                         net (fo=0)                   0.000     0.000    clk
    V20                  IBUF (Prop_ibuf_I_O)         0.751     0.751 r  clk_IBUF_inst/O
                         net (fo=1, routed)           1.950     2.701    clk_IBUF
    BUFGCTRL_X0Y0        BUFG (Prop_bufg_I_O)         0.093     2.794 r  clk_IBUF_BUFG_inst/O
                         net (fo=845, routed)         1.577     4.371    u_ctrl/clk_IBUF_BUFG
    SLICE_X30Y38         FDCE                                         r  u_ctrl/delta_idx_reg[0]/C
  -------------------------------------------------------------------    -------------------
    SLICE_X30Y38         FDCE (Prop_fdce_C_Q)         0.223     4.594 r  u_ctrl/delta_idx_reg[0]/Q
                         net (fo=31, routed)          0.205     4.799    u_ctrl/B[4]
    SLICE_X29Y38         LUT2 (Prop_lut2_I1_O)        0.043     4.842 r  u_ctrl/z1_full_i_115/O
                         net (fo=1, routed)           0.000     4.842    u_ctrl/z1_full_i_115_n_0
    SLICE_X29Y38         CARRY4 (Prop_carry4_S[0]_O[1])
                                                      0.218     5.060 r  u_ctrl/z1_full_i_105/O[1]
                         net (fo=1, routed)           0.270     5.330    u_addrgen/z1_full_i_108[0]
    SLICE_X30Y39         CARRY4 (Prop_carry4_S[0]_O[0])
                                                      0.247     5.577 r  u_addrgen/z1_full_i_104/O[0]
                         net (fo=2, routed)           0.298     5.875    u_ctrl/O[0]
    SLICE_X31Y38         CARRY4 (Prop_carry4_DI[1]_O[2])
                                                      0.343     6.218 r  u_ctrl/z1_full_i_103/O[2]
                         net (fo=54, routed)          0.540     6.758    u_ctrl/g_cnt_reg[7]_0[6]
    SLICE_X37Y36         CARRY4 (Prop_carry4_S[2]_O[2])
                                                      0.239     6.997 r  u_ctrl/gen_banks[15].mem_reg_0_15_0_5_i_181/O[2]
                         net (fo=4, routed)           0.721     7.718    u_ctrl/orig_addrs[22]
    SLICE_X34Y39         LUT6 (Prop_lut6_I5_O)        0.122     7.840 r  u_ctrl/gen_banks[14].mem_reg_0_15_0_5_i_61/O
                         net (fo=4, routed)           0.547     8.387    u_ctrl/gen_banks[14].mem_reg_0_15_0_5_i_61_n_0
    SLICE_X36Y40         LUT6 (Prop_lut6_I0_O)        0.043     8.430 r  u_ctrl/gen_banks[14].mem_reg_0_15_0_5_i_30/O
                         net (fo=2, routed)           0.286     8.716    u_ctrl/ntt_waddr[58]
    SLICE_X36Y39         LUT4 (Prop_lut4_I3_O)        0.043     8.759 r  u_ctrl/gen_banks[14].mem_reg_0_15_0_5_i_9/O
                         net (fo=36, routed)          0.871     9.630    u_membanks/gen_banks[14].mem_reg_0_15_0_5/ADDRB2
    SLICE_X46Y38         RAMD32 (Prop_ramd32_RADR2_O)
                                                      0.053     9.683 f  u_membanks/gen_banks[14].mem_reg_0_15_0_5/RAMB/O
                         net (fo=5, routed)           0.689    10.372    u_membanks/bank_dout[478]
    SLICE_X45Y42         LUT6 (Prop_lut6_I3_O)        0.138    10.510 f  u_membanks/z1_full_i_53/O
                         net (fo=4, routed)           0.341    10.850    u_membanks/z1_full_i_53_n_0
    SLICE_X43Y43         LUT6 (Prop_lut6_I5_O)        0.043    10.893 f  u_membanks/z1_full_i_9__12/O
                         net (fo=22, routed)          0.815    11.708    u_membanks/gen_bfly_pack[13].cur_l[2]
    SLICE_X25Y55         LUT1 (Prop_lut1_I0_O)        0.043    11.751 r  u_membanks/out0_carry_i_3__59/O
                         net (fo=1, routed)           0.000    11.751    gen_intt_n2d1[13].u_intt_n2d1/S[1]
    SLICE_X25Y55         CARRY4 (Prop_carry4_S[1]_CO[3])
                                                      0.267    12.018 r  gen_intt_n2d1[13].u_intt_n2d1/out0_carry/CO[3]
                         net (fo=1, routed)           0.000    12.018    gen_intt_n2d1[13].u_intt_n2d1/out0_carry_n_0
    SLICE_X25Y56         CARRY4 (Prop_carry4_CI_CO[3])
                                                      0.053    12.071 r  gen_intt_n2d1[13].u_intt_n2d1/out0_carry__0/CO[3]
                         net (fo=1, routed)           0.000    12.071    gen_intt_n2d1[13].u_intt_n2d1/out0_carry__0_n_0
    SLICE_X25Y57         CARRY4 (Prop_carry4_CI_CO[3])
                                                      0.053    12.124 r  gen_intt_n2d1[13].u_intt_n2d1/out0_carry__1/CO[3]
                         net (fo=1, routed)           0.000    12.124    gen_intt_n2d1[13].u_intt_n2d1/out0_carry__1_n_0
    SLICE_X25Y58         CARRY4 (Prop_carry4_CI_O[3])
                                                      0.149    12.273 f  gen_intt_n2d1[13].u_intt_n2d1/out0_carry__2/O[3]
                         net (fo=5, routed)           0.454    12.727    gen_intt_n2d1[13].u_intt_n2d1/O[1]
    SLICE_X24Y58         LUT5 (Prop_lut5_I2_O)        0.120    12.847 r  gen_intt_n2d1[13].u_intt_n2d1/raw_sum_carry_i_11__56/O
                         net (fo=7, routed)           0.462    13.309    gen_intt_n2d1[13].u_intt_n2d1/raw_sum_carry_i_11__56_n_0
    SLICE_X25Y59         LUT6 (Prop_lut6_I0_O)        0.043    13.352 r  gen_intt_n2d1[13].u_intt_n2d1/raw_sum_carry_i_9__53/O
                         net (fo=34, routed)          0.456    13.808    gen_intt_n2d1[13].u_intt_n2d1/raw_sum_carry_i_15__49_0
    SLICE_X26Y59         LUT4 (Prop_lut4_I3_O)        0.043    13.851 r  gen_intt_n2d1[13].u_intt_n2d1/raw_sum_carry_i_7__60_rewire/O
                         net (fo=1, routed)           0.000    13.851    gen_r2intt_r16.u_r2intt16/gen_s0[6].u_bf/u_sub/add_inst/raw_sum_carry__2_i_9__34_1[1]
    SLICE_X26Y59         CARRY4 (Prop_carry4_S[1]_CO[3])
                                                      0.267    14.118 r  gen_r2intt_r16.u_r2intt16/gen_s0[6].u_bf/u_sub/add_inst/raw_sum_carry/CO[3]
                         net (fo=1, routed)           0.000    14.118    gen_r2intt_r16.u_r2intt16/gen_s0[6].u_bf/u_sub/add_inst/raw_sum_carry_n_0
    SLICE_X26Y60         CARRY4 (Prop_carry4_CI_CO[3])
                                                      0.053    14.171 r  gen_r2intt_r16.u_r2intt16/gen_s0[6].u_bf/u_sub/add_inst/raw_sum_carry__0/CO[3]
                         net (fo=1, routed)           0.000    14.171    gen_r2intt_r16.u_r2intt16/gen_s0[6].u_bf/u_sub/add_inst/raw_sum_carry__0_n_0
    SLICE_X26Y61         CARRY4 (Prop_carry4_CI_CO[3])
                                                      0.053    14.224 r  gen_r2intt_r16.u_r2intt16/gen_s0[6].u_bf/u_sub/add_inst/raw_sum_carry__1/CO[3]
                         net (fo=1, routed)           0.000    14.224    gen_r2intt_r16.u_r2intt16/gen_s0[6].u_bf/u_sub/add_inst/raw_sum_carry__1_n_0
    SLICE_X26Y62         CARRY4 (Prop_carry4_CI_CO[3])
                                                      0.053    14.277 r  gen_r2intt_r16.u_r2intt16/gen_s0[6].u_bf/u_sub/add_inst/raw_sum_carry__2/CO[3]
                         net (fo=1, routed)           0.000    14.277    gen_r2intt_r16.u_r2intt16/gen_s0[6].u_bf/u_sub/add_inst/raw_sum_carry__2_n_0
    SLICE_X26Y63         CARRY4 (Prop_carry4_CI_O[0])
                                                      0.111    14.388 r  gen_r2intt_r16.u_r2intt16/gen_s0[6].u_bf/u_sub/add_inst/raw_sum_carry__3/O[0]
                         net (fo=1, routed)           0.275    14.662    gen_r2intt_r16.u_r2intt16/gen_s0[6].u_bf/u_sub/add_inst/raw_sum_carry__3_n_7
    SLICE_X27Y60         LUT2 (Prop_lut2_I1_O)        0.124    14.786 r  gen_r2intt_r16.u_r2intt16/gen_s0[6].u_bf/u_sub/add_inst/raw_sum_carry__2_i_15__41/O
                         net (fo=1, routed)           0.000    14.786    gen_r2intt_r16.u_r2intt16/gen_s0[6].u_bf/u_sub/add_inst/raw_sum_carry__2_i_15__41_n_0
    SLICE_X27Y60         CARRY4 (Prop_carry4_S[0]_CO[3])
                                                      0.259    15.045 r  gen_r2intt_r16.u_r2intt16/gen_s0[6].u_bf/u_sub/add_inst/raw_sum_carry__2_i_9__34/CO[3]
                         net (fo=1, routed)           0.000    15.045    gen_r2intt_r16.u_r2intt16/gen_s0[6].u_bf/u_sub/add_inst/raw_sum_carry__2_i_9__34_n_0
    SLICE_X27Y61         CARRY4 (Prop_carry4_CI_CO[3])
                                                      0.053    15.098 r  gen_r2intt_r16.u_r2intt16/gen_s0[6].u_bf/u_sub/add_inst/raw_sum_carry_i_25__25/CO[3]
                         net (fo=1, routed)           0.000    15.098    gen_r2intt_r16.u_r2intt16/gen_s0[6].u_bf/u_sub/add_inst/raw_sum_carry_i_25__25_n_0
    SLICE_X27Y62         CARRY4 (Prop_carry4_CI_CO[3])
                                                      0.053    15.151 r  gen_r2intt_r16.u_r2intt16/gen_s0[6].u_bf/u_sub/add_inst/raw_sum_carry__0_i_19__7/CO[3]
                         net (fo=1, routed)           0.000    15.151    gen_r2intt_r16.u_r2intt16/gen_s0[6].u_bf/u_sub/add_inst/raw_sum_carry__0_i_19__7_n_0
    SLICE_X27Y63         CARRY4 (Prop_carry4_CI_O[2])
                                                      0.111    15.262 f  gen_r2intt_r16.u_r2intt16/gen_s0[6].u_bf/u_sub/add_inst/raw_sum_carry__1_i_18__12/O[2]
                         net (fo=1, routed)           0.532    15.794    gen_intt_n2d1[12].u_intt_n2d1/raw_sum_carry__1_i_12__29[0]
    SLICE_X28Y66         LUT6 (Prop_lut6_I2_O)        0.122    15.916 r  gen_intt_n2d1[12].u_intt_n2d1/raw_sum_carry__1_i_9__32/O
                         net (fo=6, routed)           0.220    16.136    gen_intt_n2d1[13].u_intt_n2d1/raw_sum_carry__3_i_2__53_0
    SLICE_X28Y66         LUT2 (Prop_lut2_I1_O)        0.043    16.179 f  gen_intt_n2d1[13].u_intt_n2d1/raw_sum_carry__1_i_12__29/O
                         net (fo=4, routed)           0.576    16.755    gen_intt_n2d1[13].u_intt_n2d1/raw_sum_carry__1_i_12__29_n_0
    SLICE_X30Y62         LUT6 (Prop_lut6_I2_O)        0.043    16.798 r  gen_intt_n2d1[13].u_intt_n2d1/raw_sum_carry_i_22__32/O
                         net (fo=30, routed)          0.539    17.337    gen_intt_n2d1[13].u_intt_n2d1/raw_sum_carry_i_10__52_0
    SLICE_X33Y57         LUT3 (Prop_lut3_I0_O)        0.043    17.380 r  gen_intt_n2d1[13].u_intt_n2d1/raw_sum_carry_i_4__82/O
                         net (fo=1, routed)           0.000    17.380    gen_r2intt_r16.u_r2intt16/gen_s1_b[3].gen_s1_g[1].u_bf/u_add/raw_sum_carry_i_25__39_0[0]
    SLICE_X33Y57         CARRY4 (Prop_carry4_S[0]_CO[3])
                                                      0.259    17.639 r  gen_r2intt_r16.u_r2intt16/gen_s1_b[3].gen_s1_g[1].u_bf/u_add/raw_sum_carry/CO[3]
                         net (fo=1, routed)           0.000    17.639    gen_r2intt_r16.u_r2intt16/gen_s1_b[3].gen_s1_g[1].u_bf/u_add/raw_sum_carry_n_0
    SLICE_X33Y58         CARRY4 (Prop_carry4_CI_CO[3])
                                                      0.053    17.692 r  gen_r2intt_r16.u_r2intt16/gen_s1_b[3].gen_s1_g[1].u_bf/u_add/raw_sum_carry__0/CO[3]
                         net (fo=1, routed)           0.000    17.692    gen_r2intt_r16.u_r2intt16/gen_s1_b[3].gen_s1_g[1].u_bf/u_add/raw_sum_carry__0_n_0
    SLICE_X33Y59         CARRY4 (Prop_carry4_CI_CO[3])
                                                      0.053    17.745 r  gen_r2intt_r16.u_r2intt16/gen_s1_b[3].gen_s1_g[1].u_bf/u_add/raw_sum_carry__1/CO[3]
                         net (fo=1, routed)           0.000    17.745    gen_r2intt_r16.u_r2intt16/gen_s1_b[3].gen_s1_g[1].u_bf/u_add/raw_sum_carry__1_n_0
    SLICE_X33Y60         CARRY4 (Prop_carry4_CI_CO[3])
                                                      0.053    17.798 r  gen_r2intt_r16.u_r2intt16/gen_s1_b[3].gen_s1_g[1].u_bf/u_add/raw_sum_carry__2/CO[3]
                         net (fo=1, routed)           0.000    17.798    gen_r2intt_r16.u_r2intt16/gen_s1_b[3].gen_s1_g[1].u_bf/u_add/raw_sum_carry__2_n_0
    SLICE_X33Y61         CARRY4 (Prop_carry4_CI_O[0])
                                                      0.111    17.909 r  gen_r2intt_r16.u_r2intt16/gen_s1_b[3].gen_s1_g[1].u_bf/u_add/raw_sum_carry__3/O[0]
                         net (fo=1, routed)           0.323    18.232    gen_r2intt_r16.u_r2intt16/gen_s1_b[3].gen_s1_g[1].u_bf/u_add/raw_sum_carry__3_n_7
    SLICE_X34Y57         LUT2 (Prop_lut2_I1_O)        0.124    18.356 r  gen_r2intt_r16.u_r2intt16/gen_s1_b[3].gen_s1_g[1].u_bf/u_add/raw_sum_carry_i_33__23/O
                         net (fo=1, routed)           0.000    18.356    gen_r2intt_r16.u_r2intt16/gen_s1_b[3].gen_s1_g[1].u_bf/u_add/raw_sum_carry_i_33__23_n_0
    SLICE_X34Y57         CARRY4 (Prop_carry4_S[0]_CO[3])
                                                      0.259    18.615 r  gen_r2intt_r16.u_r2intt16/gen_s1_b[3].gen_s1_g[1].u_bf/u_add/raw_sum_carry_i_25__39/CO[3]
                         net (fo=1, routed)           0.000    18.615    gen_r2intt_r16.u_r2intt16/gen_s1_b[3].gen_s1_g[1].u_bf/u_add/raw_sum_carry_i_25__39_n_0
    SLICE_X34Y58         CARRY4 (Prop_carry4_CI_CO[3])
                                                      0.053    18.668 r  gen_r2intt_r16.u_r2intt16/gen_s1_b[3].gen_s1_g[1].u_bf/u_add/raw_sum_carry_i_24__36/CO[3]
                         net (fo=1, routed)           0.000    18.668    gen_r2intt_r16.u_r2intt16/gen_s1_b[3].gen_s1_g[1].u_bf/u_add/raw_sum_carry_i_24__36_n_0
    SLICE_X34Y59         CARRY4 (Prop_carry4_CI_CO[3])
                                                      0.053    18.721 r  gen_r2intt_r16.u_r2intt16/gen_s1_b[3].gen_s1_g[1].u_bf/u_add/raw_sum_carry__0_i_14__42/CO[3]
                         net (fo=1, routed)           0.000    18.721    gen_r2intt_r16.u_r2intt16/gen_s1_b[3].gen_s1_g[1].u_bf/u_add/raw_sum_carry__0_i_14__42_n_0
    SLICE_X34Y60         CARRY4 (Prop_carry4_CI_O[0])
                                                      0.111    18.832 r  gen_r2intt_r16.u_r2intt16/gen_s1_b[3].gen_s1_g[1].u_bf/u_add/raw_sum_carry__1_i_14__37/O[0]
                         net (fo=1, routed)           0.356    19.188    gen_intt_n2d1[15].u_intt_n2d1/raw_sum_carry__2_i_6__71[0]
    SLICE_X36Y59         LUT6 (Prop_lut6_I5_O)        0.124    19.312 r  gen_intt_n2d1[15].u_intt_n2d1/raw_sum_carry__1_i_10__42/O
                         net (fo=10, routed)          0.504    19.816    gen_intt_n2d1[15].u_intt_n2d1/raw_sum_carry__2_i_26__6_0[6]
    SLICE_X37Y56         LUT6 (Prop_lut6_I4_O)        0.043    19.859 f  gen_intt_n2d1[15].u_intt_n2d1/raw_sum_carry__2_i_26__6/O
                         net (fo=5, routed)           0.452    20.311    gen_intt_n2d1[15].u_intt_n2d1/raw_sum_carry__1_i_11__36_0
    SLICE_X45Y55         LUT6 (Prop_lut6_I0_O)        0.043    20.354 f  gen_intt_n2d1[15].u_intt_n2d1/raw_sum_carry__3_i_2__63/O
                         net (fo=4, routed)           0.689    21.043    gen_intt_n2d1[15].u_intt_n2d1/gen_r2intt_r16.u_r2intt16/s1[13][16]
    SLICE_X51Y53         LUT5 (Prop_lut5_I1_O)        0.043    21.086 r  gen_intt_n2d1[15].u_intt_n2d1/raw_sum_carry_i_5__86/O
                         net (fo=43, routed)          0.487    21.573    gen_intt_n2d1[15].u_intt_n2d1/raw_sum_carry_i_8__100_0
    SLICE_X54Y51         LUT3 (Prop_lut3_I0_O)        0.043    21.616 r  gen_intt_n2d1[15].u_intt_n2d1/raw_sum_carry_i_1__117/O
                         net (fo=1, routed)           0.000    21.616    gen_r2intt_r16.u_r2intt16/gen_s2_b[1].gen_s2_g[1].u_bf/u_sub/add_inst/raw_sum_carry__0_i_14__46_0[3]
    SLICE_X54Y51         CARRY4 (Prop_carry4_S[3]_CO[3])
                                                      0.180    21.796 r  gen_r2intt_r16.u_r2intt16/gen_s2_b[1].gen_s2_g[1].u_bf/u_sub/add_inst/raw_sum_carry/CO[3]
                         net (fo=1, routed)           0.000    21.796    gen_r2intt_r16.u_r2intt16/gen_s2_b[1].gen_s2_g[1].u_bf/u_sub/add_inst/raw_sum_carry_n_0
    SLICE_X54Y52         CARRY4 (Prop_carry4_CI_CO[3])
                                                      0.054    21.850 r  gen_r2intt_r16.u_r2intt16/gen_s2_b[1].gen_s2_g[1].u_bf/u_sub/add_inst/raw_sum_carry__0/CO[3]
                         net (fo=1, routed)           0.000    21.850    gen_r2intt_r16.u_r2intt16/gen_s2_b[1].gen_s2_g[1].u_bf/u_sub/add_inst/raw_sum_carry__0_n_0
    SLICE_X54Y53         CARRY4 (Prop_carry4_CI_CO[3])
                                                      0.054    21.904 r  gen_r2intt_r16.u_r2intt16/gen_s2_b[1].gen_s2_g[1].u_bf/u_sub/add_inst/raw_sum_carry__1/CO[3]
                         net (fo=1, routed)           0.000    21.904    gen_r2intt_r16.u_r2intt16/gen_s2_b[1].gen_s2_g[1].u_bf/u_sub/add_inst/raw_sum_carry__1_n_0
    SLICE_X54Y54         CARRY4 (Prop_carry4_CI_CO[3])
                                                      0.054    21.958 r  gen_r2intt_r16.u_r2intt16/gen_s2_b[1].gen_s2_g[1].u_bf/u_sub/add_inst/raw_sum_carry__2/CO[3]
                         net (fo=1, routed)           0.000    21.958    gen_r2intt_r16.u_r2intt16/gen_s2_b[1].gen_s2_g[1].u_bf/u_sub/add_inst/raw_sum_carry__2_n_0
    SLICE_X54Y55         CARRY4 (Prop_carry4_CI_O[0])
                                                      0.108    22.066 r  gen_r2intt_r16.u_r2intt16/gen_s2_b[1].gen_s2_g[1].u_bf/u_sub/add_inst/raw_sum_carry__3/O[0]
                         net (fo=1, routed)           0.286    22.352    gen_r2intt_r16.u_r2intt16/gen_s2_b[1].gen_s2_g[1].u_bf/u_sub/add_inst/raw_sum_carry__3_n_7
    SLICE_X55Y51         LUT2 (Prop_lut2_I1_O)        0.123    22.475 r  gen_r2intt_r16.u_r2intt16/gen_s2_b[1].gen_s2_g[1].u_bf/u_sub/add_inst/raw_sum_carry__0_i_18__12/O
                         net (fo=1, routed)           0.000    22.475    gen_r2intt_r16.u_r2intt16/gen_s2_b[1].gen_s2_g[1].u_bf/u_sub/add_inst/raw_sum_carry__0_i_18__12_n_0
    SLICE_X55Y51         CARRY4 (Prop_carry4_S[0]_CO[3])
                                                      0.259    22.734 r  gen_r2intt_r16.u_r2intt16/gen_s2_b[1].gen_s2_g[1].u_bf/u_sub/add_inst/raw_sum_carry__0_i_14__46/CO[3]
                         net (fo=1, routed)           0.000    22.734    gen_r2intt_r16.u_r2intt16/gen_s2_b[1].gen_s2_g[1].u_bf/u_sub/add_inst/raw_sum_carry__0_i_14__46_n_0
    SLICE_X55Y52         CARRY4 (Prop_carry4_CI_CO[3])
                                                      0.053    22.787 r  gen_r2intt_r16.u_r2intt16/gen_s2_b[1].gen_s2_g[1].u_bf/u_sub/add_inst/raw_sum_carry__1_i_15__21/CO[3]
                         net (fo=1, routed)           0.000    22.787    gen_r2intt_r16.u_r2intt16/gen_s2_b[1].gen_s2_g[1].u_bf/u_sub/add_inst/raw_sum_carry__1_i_15__21_n_0
    SLICE_X55Y53         CARRY4 (Prop_carry4_CI_O[1])
                                                      0.166    22.953 r  gen_r2intt_r16.u_r2intt16/gen_s2_b[1].gen_s2_g[1].u_bf/u_sub/add_inst/raw_sum_carry_i_24__41/O[1]
                         net (fo=1, routed)           0.461    23.414    gen_intt_n2d1[15].u_intt_n2d1/raw_sum_carry_i_7__100_0[1]
    SLICE_X56Y48         LUT6 (Prop_lut6_I5_O)        0.123    23.537 r  gen_intt_n2d1[15].u_intt_n2d1/raw_sum_carry_i_15__68/O
                         net (fo=13, routed)          0.984    24.521    gen_intt_n2d1[15].u_intt_n2d1/raw_sum_carry_i_15__68_n_0
    SLICE_X71Y35         LUT5 (Prop_lut5_I4_O)        0.043    24.564 r  gen_intt_n2d1[15].u_intt_n2d1/raw_sum_carry__0_i_15__20/O
                         net (fo=8, routed)           0.461    25.025    gen_intt_n2d1[15].u_intt_n2d1/raw_sum_carry__0_i_15__20_n_0
    SLICE_X70Y33         LUT6 (Prop_lut6_I0_O)        0.043    25.068 r  gen_intt_n2d1[15].u_intt_n2d1/raw_sum_carry__0_i_11__46/O
                         net (fo=7, routed)           0.390    25.458    gen_intt_n2d1[15].u_intt_n2d1/raw_sum_carry_i_24__41[1]
    SLICE_X75Y31         LUT4 (Prop_lut4_I3_O)        0.043    25.501 r  gen_intt_n2d1[15].u_intt_n2d1/raw_sum_carry_i_9__86/O
                         net (fo=2, routed)           0.462    25.963    gen_intt_n2d1[15].u_intt_n2d1/raw_sum_carry_i_9__86_n_0
    SLICE_X72Y26         LUT4 (Prop_lut4_I2_O)        0.043    26.006 r  gen_intt_n2d1[15].u_intt_n2d1/raw_sum_carry_i_5__100/O
                         net (fo=47, routed)          0.403    26.409    gen_intt_n2d1[15].u_intt_n2d1/raw_sum_carry_i_10__89_0
    SLICE_X75Y26         LUT4 (Prop_lut4_I0_O)        0.043    26.452 r  gen_intt_n2d1[15].u_intt_n2d1/raw_sum_carry_i_1__124/O
                         net (fo=1, routed)           0.000    26.452    gen_r2intt_r16.u_r2intt16/gen_s3[5].u_bf/u_sub/add_inst/out0_carry_i_6__44_0[3]
    SLICE_X75Y26         CARRY4 (Prop_carry4_S[3]_CO[3])
                                                      0.193    26.645 r  gen_r2intt_r16.u_r2intt16/gen_s3[5].u_bf/u_sub/add_inst/raw_sum_carry/CO[3]
                         net (fo=1, routed)           0.000    26.645    gen_r2intt_r16.u_r2intt16/gen_s3[5].u_bf/u_sub/add_inst/raw_sum_carry_n_0
    SLICE_X75Y27         CARRY4 (Prop_carry4_CI_CO[3])
                                                      0.053    26.698 r  gen_r2intt_r16.u_r2intt16/gen_s3[5].u_bf/u_sub/add_inst/raw_sum_carry__0/CO[3]
                         net (fo=1, routed)           0.000    26.698    gen_r2intt_r16.u_r2intt16/gen_s3[5].u_bf/u_sub/add_inst/raw_sum_carry__0_n_0
    SLICE_X75Y28         CARRY4 (Prop_carry4_CI_CO[3])
                                                      0.053    26.751 r  gen_r2intt_r16.u_r2intt16/gen_s3[5].u_bf/u_sub/add_inst/raw_sum_carry__1/CO[3]
                         net (fo=1, routed)           0.000    26.751    gen_r2intt_r16.u_r2intt16/gen_s3[5].u_bf/u_sub/add_inst/raw_sum_carry__1_n_0
    SLICE_X75Y29         CARRY4 (Prop_carry4_CI_CO[3])
                                                      0.053    26.804 r  gen_r2intt_r16.u_r2intt16/gen_s3[5].u_bf/u_sub/add_inst/raw_sum_carry__2/CO[3]
                         net (fo=1, routed)           0.000    26.804    gen_r2intt_r16.u_r2intt16/gen_s3[5].u_bf/u_sub/add_inst/raw_sum_carry__2_n_0
    SLICE_X75Y30         CARRY4 (Prop_carry4_CI_O[0])
                                                      0.111    26.915 r  gen_r2intt_r16.u_r2intt16/gen_s3[5].u_bf/u_sub/add_inst/raw_sum_carry__3/O[0]
                         net (fo=1, routed)           0.429    27.344    gen_r2intt_r16.u_r2intt16/gen_s3[5].u_bf/u_sub/add_inst/raw_sum_carry__3_n_7
    SLICE_X76Y26         LUT2 (Prop_lut2_I1_O)        0.124    27.468 r  gen_r2intt_r16.u_r2intt16/gen_s3[5].u_bf/u_sub/add_inst/out0_carry_i_8__46/O
                         net (fo=1, routed)           0.000    27.468    gen_r2intt_r16.u_r2intt16/gen_s3[5].u_bf/u_sub/add_inst/out0_carry_i_8__46_n_0
    SLICE_X76Y26         CARRY4 (Prop_carry4_S[0]_O[2])
                                                      0.261    27.729 r  gen_r2intt_r16.u_r2intt16/gen_s3[5].u_bf/u_sub/add_inst/out0_carry_i_6__44/O[2]
                         net (fo=2, routed)           0.419    28.148    gen_intt_n2d1[15].u_intt_n2d1/out0_carry_3[2]
    SLICE_X78Y26         LUT6 (Prop_lut6_I5_O)        0.127    28.275 r  gen_intt_n2d1[15].u_intt_n2d1/out0_carry__2_i_11__10/O
                         net (fo=2, routed)           0.601    28.876    gen_intt_n2d1[15].u_intt_n2d1/intt_d1_out[222]
    SLICE_X76Y31         LUT6 (Prop_lut6_I0_O)        0.043    28.919 f  gen_intt_n2d1[15].u_intt_n2d1/out0_carry__2_i_5__42/O
                         net (fo=4, routed)           0.377    29.296    gen_intt_n2d1[15].u_intt_n2d1/out0_carry__2_i_5__42_n_0
    SLICE_X77Y28         LUT6 (Prop_lut6_I5_O)        0.043    29.339 r  gen_intt_n2d1[15].u_intt_n2d1/out0_carry__2_i_2__41/O
                         net (fo=1, routed)           0.000    29.339    gen_intt_d1n[13].u_id1n/intt_d1_out[2]
    SLICE_X77Y28         CARRY4 (Prop_carry4_S[2]_O[3])
                                                      0.178    29.517 r  gen_intt_d1n[13].u_id1n/out0_carry__2/O[3]
                         net (fo=1, routed)           0.412    29.929    gen_intt_n2d1[15].u_intt_n2d1/product_37[3]
    SLICE_X74Y31         LUT6 (Prop_lut6_I0_O)        0.120    30.049 r  gen_intt_n2d1[15].u_intt_n2d1/product_i_1__27/O
                         net (fo=1, routed)           0.313    30.362    gen_modmul_intt[13].u_mm_intt/product_0[16]
    DSP48_X4Y10          DSP48E1 (Prop_dsp48e1_A[16]_P[17])
                                                      2.737    33.099 r  gen_modmul_intt[13].u_mm_intt/product/P[17]
                         net (fo=4, routed)           0.665    33.764    gen_modmul_intt[13].u_mm_intt/product_n_88
    SLICE_X74Y26         LUT3 (Prop_lut3_I0_O)        0.043    33.807 r  gen_modmul_intt[13].u_mm_intt/t_carry_i_4__28/O
                         net (fo=1, routed)           0.000    33.807    gen_modmul_intt[13].u_mm_intt/t_carry_i_4__28_n_0
    SLICE_X74Y26         CARRY4 (Prop_carry4_S[2]_CO[3])
                                                      0.183    33.990 r  gen_modmul_intt[13].u_mm_intt/t_carry/CO[3]
                         net (fo=1, routed)           0.000    33.990    gen_modmul_intt[13].u_mm_intt/t_carry_n_0
    SLICE_X74Y27         CARRY4 (Prop_carry4_CI_CO[3])
                                                      0.054    34.044 r  gen_modmul_intt[13].u_mm_intt/t_carry__0/CO[3]
                         net (fo=1, routed)           0.000    34.044    gen_modmul_intt[13].u_mm_intt/t_carry__0_n_0
    SLICE_X74Y28         CARRY4 (Prop_carry4_CI_O[1])
                                                      0.165    34.209 r  gen_modmul_intt[13].u_mm_intt/t_carry__1/O[1]
                         net (fo=4, routed)           0.447    34.656    gen_modmul_intt[13].u_mm_intt/t_carry__1_n_6
    SLICE_X72Y28         LUT4 (Prop_lut4_I1_O)        0.125    34.781 r  gen_modmul_intt[13].u_mm_intt/gen_banks[15].mem_reg_0_15_0_5_i_1449/O
                         net (fo=1, routed)           0.642    35.423    gen_modmul_intt[13].u_mm_intt/gen_banks[15].mem_reg_0_15_0_5_i_1449_n_0
    SLICE_X63Y28         LUT6 (Prop_lut6_I4_O)        0.043    35.466 r  gen_modmul_intt[13].u_mm_intt/gen_banks[15].mem_reg_0_15_0_5_i_919/O
                         net (fo=17, routed)          0.525    35.991    gen_modmul_intt[13].u_mm_intt/gen_banks[15].mem_reg_0_15_0_5_i_919_n_0
    SLICE_X56Y26         LUT3 (Prop_lut3_I1_O)        0.043    36.034 r  gen_modmul_intt[13].u_mm_intt/gen_banks[15].mem_reg_0_15_0_5_i_590/O
                         net (fo=1, routed)           0.697    36.730    u_ctrl/mm_intt_out[65]
    SLICE_X42Y26         LUT6 (Prop_lut6_I5_O)        0.043    36.773 r  u_ctrl/gen_banks[15].mem_reg_0_15_0_5_i_304/O
                         net (fo=2, routed)           0.534    37.308    u_ctrl/gen_banks[15].mem_reg_0_15_0_5_i_304_n_0
    SLICE_X28Y26         LUT6 (Prop_lut6_I3_O)        0.043    37.351 r  u_ctrl/gen_banks[15].mem_reg_0_15_18_23_i_89/O
                         net (fo=4, routed)           0.683    38.034    u_ctrl/bfly_data_pre[463]
    SLICE_X27Y39         LUT6 (Prop_lut6_I5_O)        0.043    38.077 r  u_ctrl/gen_banks[13].mem_reg_0_15_18_23_i_30/O
                         net (fo=4, routed)           0.382    38.459    u_ctrl/gen_banks[13].mem_reg_0_15_18_23_i_30_n_0
    SLICE_X27Y40         LUT6 (Prop_lut6_I0_O)        0.043    38.502 r  u_ctrl/gen_banks[9].mem_reg_0_15_18_23_i_11/O
                         net (fo=1, routed)           0.000    38.502    u_ctrl/bfly_data_routed[327]
    SLICE_X27Y40         MUXF7 (Prop_muxf7_I0_O)      0.107    38.609 r  u_ctrl/gen_banks[9].mem_reg_0_15_18_23_i_3/O
                         net (fo=1, routed)           0.733    39.342    u_membanks/gen_banks[9].mem_reg_0_15_18_23/DIB1
    SLICE_X20Y37         RAMD32                                       r  u_membanks/gen_banks[9].mem_reg_0_15_18_23/RAMB_D1/I
  -------------------------------------------------------------------    -------------------

                         (clock clk rise edge)        3.000     3.000 r  
    V20                                               0.000     3.000 r  clk (IN)
                         net (fo=0)                   0.000     3.000    clk
    V20                  IBUF (Prop_ibuf_I_O)         0.676     3.676 r  clk_IBUF_inst/O
                         net (fo=1, routed)           1.834     5.510    clk_IBUF
    BUFGCTRL_X0Y0        BUFG (Prop_bufg_I_O)         0.083     5.593 r  clk_IBUF_BUFG_inst/O
                         net (fo=845, routed)         1.487     7.080    u_membanks/gen_banks[9].mem_reg_0_15_18_23/WCLK
    SLICE_X20Y37         RAMD32                                       r  u_membanks/gen_banks[9].mem_reg_0_15_18_23/RAMB_D1/CLK
                         clock pessimism              0.291     7.371    
                         clock uncertainty           -0.035     7.335    
    SLICE_X20Y37         RAMD32 (Setup_ramd32_CLK_I)
                                                     -0.216     7.119    u_membanks/gen_banks[9].mem_reg_0_15_18_23/RAMB_D1
  -------------------------------------------------------------------
                         required time                          7.119    
                         arrival time                         -39.342    
  -------------------------------------------------------------------
                         slack                                -32.223    

Slack (VIOLATED) :        -32.217ns  (required time - arrival time)
  Source:                 u_ctrl/delta_idx_reg[0]/C
                            (rising edge-triggered cell FDCE clocked by clk  {rise@0.000ns fall@1.500ns period=3.000ns})
  Destination:            u_membanks/gen_banks[1].mem_reg_0_15_30_33/RAMB/I
                            (rising edge-triggered cell RAMD32 clocked by clk  {rise@0.000ns fall@1.500ns period=3.000ns})
  Path Group:             clk
  Path Type:              Setup (Max at Slow Process Corner)
  Requirement:            3.000ns  (clk rise@3.000ns - clk rise@0.000ns)
  Data Path Delay:        34.993ns  (logic 11.753ns (33.586%)  route 23.240ns (66.414%))
  Logic Levels:           88  (CARRY4=44 DSP48E1=1 LUT1=1 LUT2=6 LUT3=4 LUT4=6 LUT5=3 LUT6=21 MUXF7=1 RAMD32=1)
  Clock Path Skew:        0.003ns (DCD - SCD + CPR)
    Destination Clock Delay (DCD):    4.083ns = ( 7.083 - 3.000 ) 
    Source Clock Delay      (SCD):    4.371ns
    Clock Pessimism Removal (CPR):    0.291ns
  Clock Uncertainty:      0.035ns  ((TSJ^2 + TIJ^2)^1/2 + DJ) / 2 + PE
    Total System Jitter     (TSJ):    0.071ns
    Total Input Jitter      (TIJ):    0.000ns
    Discrete Jitter          (DJ):    0.000ns
    Phase Error              (PE):    0.000ns

    Location             Delay type                Incr(ns)  Path(ns)    Netlist Resource(s)
  -------------------------------------------------------------------    -------------------
                         (clock clk rise edge)        0.000     0.000 r  
    V20                                               0.000     0.000 r  clk (IN)
                         net (fo=0)                   0.000     0.000    clk
    V20                  IBUF (Prop_ibuf_I_O)         0.751     0.751 r  clk_IBUF_inst/O
                         net (fo=1, routed)           1.950     2.701    clk_IBUF
    BUFGCTRL_X0Y0        BUFG (Prop_bufg_I_O)         0.093     2.794 r  clk_IBUF_BUFG_inst/O
                         net (fo=845, routed)         1.577     4.371    u_ctrl/clk_IBUF_BUFG
    SLICE_X30Y38         FDCE                                         r  u_ctrl/delta_idx_reg[0]/C
  -------------------------------------------------------------------    -------------------
    SLICE_X30Y38         FDCE (Prop_fdce_C_Q)         0.223     4.594 r  u_ctrl/delta_idx_reg[0]/Q
                         net (fo=31, routed)          0.205     4.799    u_ctrl/B[4]
    SLICE_X29Y38         LUT2 (Prop_lut2_I1_O)        0.043     4.842 r  u_ctrl/z1_full_i_115/O
                         net (fo=1, routed)           0.000     4.842    u_ctrl/z1_full_i_115_n_0
    SLICE_X29Y38         CARRY4 (Prop_carry4_S[0]_O[1])
                                                      0.218     5.060 r  u_ctrl/z1_full_i_105/O[1]
                         net (fo=1, routed)           0.270     5.330    u_addrgen/z1_full_i_108[0]
    SLICE_X30Y39         CARRY4 (Prop_carry4_S[0]_O[0])
                                                      0.247     5.577 r  u_addrgen/z1_full_i_104/O[0]
                         net (fo=2, routed)           0.298     5.875    u_ctrl/O[0]
    SLICE_X31Y38         CARRY4 (Prop_carry4_DI[1]_O[2])
                                                      0.343     6.218 r  u_ctrl/z1_full_i_103/O[2]
                         net (fo=54, routed)          0.540     6.758    u_ctrl/g_cnt_reg[7]_0[6]
    SLICE_X37Y36         CARRY4 (Prop_carry4_S[2]_O[2])
                                                      0.239     6.997 r  u_ctrl/gen_banks[15].mem_reg_0_15_0_5_i_181/O[2]
                         net (fo=4, routed)           0.721     7.718    u_ctrl/orig_addrs[22]
    SLICE_X34Y39         LUT6 (Prop_lut6_I5_O)        0.122     7.840 r  u_ctrl/gen_banks[14].mem_reg_0_15_0_5_i_61/O
                         net (fo=4, routed)           0.547     8.387    u_ctrl/gen_banks[14].mem_reg_0_15_0_5_i_61_n_0
    SLICE_X36Y40         LUT6 (Prop_lut6_I0_O)        0.043     8.430 r  u_ctrl/gen_banks[14].mem_reg_0_15_0_5_i_30/O
                         net (fo=2, routed)           0.286     8.716    u_ctrl/ntt_waddr[58]
    SLICE_X36Y39         LUT4 (Prop_lut4_I3_O)        0.043     8.759 r  u_ctrl/gen_banks[14].mem_reg_0_15_0_5_i_9/O
                         net (fo=36, routed)          0.871     9.630    u_membanks/gen_banks[14].mem_reg_0_15_0_5/ADDRB2
    SLICE_X46Y38         RAMD32 (Prop_ramd32_RADR2_O)
                                                      0.053     9.683 f  u_membanks/gen_banks[14].mem_reg_0_15_0_5/RAMB/O
                         net (fo=5, routed)           0.689    10.372    u_membanks/bank_dout[478]
    SLICE_X45Y42         LUT6 (Prop_lut6_I3_O)        0.138    10.510 f  u_membanks/z1_full_i_53/O
                         net (fo=4, routed)           0.341    10.850    u_membanks/z1_full_i_53_n_0
    SLICE_X43Y43         LUT6 (Prop_lut6_I5_O)        0.043    10.893 f  u_membanks/z1_full_i_9__12/O
                         net (fo=22, routed)          0.815    11.708    u_membanks/gen_bfly_pack[13].cur_l[2]
    SLICE_X25Y55         LUT1 (Prop_lut1_I0_O)        0.043    11.751 r  u_membanks/out0_carry_i_3__59/O
                         net (fo=1, routed)           0.000    11.751    gen_intt_n2d1[13].u_intt_n2d1/S[1]
    SLICE_X25Y55         CARRY4 (Prop_carry4_S[1]_CO[3])
                                                      0.267    12.018 r  gen_intt_n2d1[13].u_intt_n2d1/out0_carry/CO[3]
                         net (fo=1, routed)           0.000    12.018    gen_intt_n2d1[13].u_intt_n2d1/out0_carry_n_0
    SLICE_X25Y56         CARRY4 (Prop_carry4_CI_CO[3])
                                                      0.053    12.071 r  gen_intt_n2d1[13].u_intt_n2d1/out0_carry__0/CO[3]
                         net (fo=1, routed)           0.000    12.071    gen_intt_n2d1[13].u_intt_n2d1/out0_carry__0_n_0
    SLICE_X25Y57         CARRY4 (Prop_carry4_CI_CO[3])
                                                      0.053    12.124 r  gen_intt_n2d1[13].u_intt_n2d1/out0_carry__1/CO[3]
                         net (fo=1, routed)           0.000    12.124    gen_intt_n2d1[13].u_intt_n2d1/out0_carry__1_n_0
    SLICE_X25Y58         CARRY4 (Prop_carry4_CI_O[3])
                                                      0.149    12.273 f  gen_intt_n2d1[13].u_intt_n2d1/out0_carry__2/O[3]
                         net (fo=5, routed)           0.454    12.727    gen_intt_n2d1[13].u_intt_n2d1/O[1]
    SLICE_X24Y58         LUT5 (Prop_lut5_I2_O)        0.120    12.847 r  gen_intt_n2d1[13].u_intt_n2d1/raw_sum_carry_i_11__56/O
                         net (fo=7, routed)           0.462    13.309    gen_intt_n2d1[13].u_intt_n2d1/raw_sum_carry_i_11__56_n_0
    SLICE_X25Y59         LUT6 (Prop_lut6_I0_O)        0.043    13.352 r  gen_intt_n2d1[13].u_intt_n2d1/raw_sum_carry_i_9__53/O
                         net (fo=34, routed)          0.456    13.808    gen_intt_n2d1[13].u_intt_n2d1/raw_sum_carry_i_15__49_0
    SLICE_X26Y59         LUT4 (Prop_lut4_I3_O)        0.043    13.851 r  gen_intt_n2d1[13].u_intt_n2d1/raw_sum_carry_i_7__60_rewire/O
                         net (fo=1, routed)           0.000    13.851    gen_r2intt_r16.u_r2intt16/gen_s0[6].u_bf/u_sub/add_inst/raw_sum_carry__2_i_9__34_1[1]
    SLICE_X26Y59         CARRY4 (Prop_carry4_S[1]_CO[3])
                                                      0.267    14.118 r  gen_r2intt_r16.u_r2intt16/gen_s0[6].u_bf/u_sub/add_inst/raw_sum_carry/CO[3]
                         net (fo=1, routed)           0.000    14.118    gen_r2intt_r16.u_r2intt16/gen_s0[6].u_bf/u_sub/add_inst/raw_sum_carry_n_0
    SLICE_X26Y60         CARRY4 (Prop_carry4_CI_CO[3])
                                                      0.053    14.171 r  gen_r2intt_r16.u_r2intt16/gen_s0[6].u_bf/u_sub/add_inst/raw_sum_carry__0/CO[3]
                         net (fo=1, routed)           0.000    14.171    gen_r2intt_r16.u_r2intt16/gen_s0[6].u_bf/u_sub/add_inst/raw_sum_carry__0_n_0
    SLICE_X26Y61         CARRY4 (Prop_carry4_CI_CO[3])
                                                      0.053    14.224 r  gen_r2intt_r16.u_r2intt16/gen_s0[6].u_bf/u_sub/add_inst/raw_sum_carry__1/CO[3]
                         net (fo=1, routed)           0.000    14.224    gen_r2intt_r16.u_r2intt16/gen_s0[6].u_bf/u_sub/add_inst/raw_sum_carry__1_n_0
    SLICE_X26Y62         CARRY4 (Prop_carry4_CI_CO[3])
                                                      0.053    14.277 r  gen_r2intt_r16.u_r2intt16/gen_s0[6].u_bf/u_sub/add_inst/raw_sum_carry__2/CO[3]
                         net (fo=1, routed)           0.000    14.277    gen_r2intt_r16.u_r2intt16/gen_s0[6].u_bf/u_sub/add_inst/raw_sum_carry__2_n_0
    SLICE_X26Y63         CARRY4 (Prop_carry4_CI_O[0])
                                                      0.111    14.388 r  gen_r2intt_r16.u_r2intt16/gen_s0[6].u_bf/u_sub/add_inst/raw_sum_carry__3/O[0]
                         net (fo=1, routed)           0.275    14.662    gen_r2intt_r16.u_r2intt16/gen_s0[6].u_bf/u_sub/add_inst/raw_sum_carry__3_n_7
    SLICE_X27Y60         LUT2 (Prop_lut2_I1_O)        0.124    14.786 r  gen_r2intt_r16.u_r2intt16/gen_s0[6].u_bf/u_sub/add_inst/raw_sum_carry__2_i_15__41/O
                         net (fo=1, routed)           0.000    14.786    gen_r2intt_r16.u_r2intt16/gen_s0[6].u_bf/u_sub/add_inst/raw_sum_carry__2_i_15__41_n_0
    SLICE_X27Y60         CARRY4 (Prop_carry4_S[0]_CO[3])
                                                      0.259    15.045 r  gen_r2intt_r16.u_r2intt16/gen_s0[6].u_bf/u_sub/add_inst/raw_sum_carry__2_i_9__34/CO[3]
                         net (fo=1, routed)           0.000    15.045    gen_r2intt_r16.u_r2intt16/gen_s0[6].u_bf/u_sub/add_inst/raw_sum_carry__2_i_9__34_n_0
    SLICE_X27Y61         CARRY4 (Prop_carry4_CI_CO[3])
                                                      0.053    15.098 r  gen_r2intt_r16.u_r2intt16/gen_s0[6].u_bf/u_sub/add_inst/raw_sum_carry_i_25__25/CO[3]
                         net (fo=1, routed)           0.000    15.098    gen_r2intt_r16.u_r2intt16/gen_s0[6].u_bf/u_sub/add_inst/raw_sum_carry_i_25__25_n_0
    SLICE_X27Y62         CARRY4 (Prop_carry4_CI_CO[3])
                                                      0.053    15.151 r  gen_r2intt_r16.u_r2intt16/gen_s0[6].u_bf/u_sub/add_inst/raw_sum_carry__0_i_19__7/CO[3]
                         net (fo=1, routed)           0.000    15.151    gen_r2intt_r16.u_r2intt16/gen_s0[6].u_bf/u_sub/add_inst/raw_sum_carry__0_i_19__7_n_0
    SLICE_X27Y63         CARRY4 (Prop_carry4_CI_O[2])
                                                      0.111    15.262 f  gen_r2intt_r16.u_r2intt16/gen_s0[6].u_bf/u_sub/add_inst/raw_sum_carry__1_i_18__12/O[2]
                         net (fo=1, routed)           0.532    15.794    gen_intt_n2d1[12].u_intt_n2d1/raw_sum_carry__1_i_12__29[0]
    SLICE_X28Y66         LUT6 (Prop_lut6_I2_O)        0.122    15.916 r  gen_intt_n2d1[12].u_intt_n2d1/raw_sum_carry__1_i_9__32/O
                         net (fo=6, routed)           0.220    16.136    gen_intt_n2d1[13].u_intt_n2d1/raw_sum_carry__3_i_2__53_0
    SLICE_X28Y66         LUT2 (Prop_lut2_I1_O)        0.043    16.179 f  gen_intt_n2d1[13].u_intt_n2d1/raw_sum_carry__1_i_12__29/O
                         net (fo=4, routed)           0.576    16.755    gen_intt_n2d1[13].u_intt_n2d1/raw_sum_carry__1_i_12__29_n_0
    SLICE_X30Y62         LUT6 (Prop_lut6_I2_O)        0.043    16.798 r  gen_intt_n2d1[13].u_intt_n2d1/raw_sum_carry_i_22__32/O
                         net (fo=30, routed)          0.539    17.337    gen_intt_n2d1[13].u_intt_n2d1/raw_sum_carry_i_10__52_0
    SLICE_X33Y57         LUT3 (Prop_lut3_I0_O)        0.043    17.380 r  gen_intt_n2d1[13].u_intt_n2d1/raw_sum_carry_i_4__82/O
                         net (fo=1, routed)           0.000    17.380    gen_r2intt_r16.u_r2intt16/gen_s1_b[3].gen_s1_g[1].u_bf/u_add/raw_sum_carry_i_25__39_0[0]
    SLICE_X33Y57         CARRY4 (Prop_carry4_S[0]_CO[3])
                                                      0.259    17.639 r  gen_r2intt_r16.u_r2intt16/gen_s1_b[3].gen_s1_g[1].u_bf/u_add/raw_sum_carry/CO[3]
                         net (fo=1, routed)           0.000    17.639    gen_r2intt_r16.u_r2intt16/gen_s1_b[3].gen_s1_g[1].u_bf/u_add/raw_sum_carry_n_0
    SLICE_X33Y58         CARRY4 (Prop_carry4_CI_CO[3])
                                                      0.053    17.692 r  gen_r2intt_r16.u_r2intt16/gen_s1_b[3].gen_s1_g[1].u_bf/u_add/raw_sum_carry__0/CO[3]
                         net (fo=1, routed)           0.000    17.692    gen_r2intt_r16.u_r2intt16/gen_s1_b[3].gen_s1_g[1].u_bf/u_add/raw_sum_carry__0_n_0
    SLICE_X33Y59         CARRY4 (Prop_carry4_CI_CO[3])
                                                      0.053    17.745 r  gen_r2intt_r16.u_r2intt16/gen_s1_b[3].gen_s1_g[1].u_bf/u_add/raw_sum_carry__1/CO[3]
                         net (fo=1, routed)           0.000    17.745    gen_r2intt_r16.u_r2intt16/gen_s1_b[3].gen_s1_g[1].u_bf/u_add/raw_sum_carry__1_n_0
    SLICE_X33Y60         CARRY4 (Prop_carry4_CI_CO[3])
                                                      0.053    17.798 r  gen_r2intt_r16.u_r2intt16/gen_s1_b[3].gen_s1_g[1].u_bf/u_add/raw_sum_carry__2/CO[3]
                         net (fo=1, routed)           0.000    17.798    gen_r2intt_r16.u_r2intt16/gen_s1_b[3].gen_s1_g[1].u_bf/u_add/raw_sum_carry__2_n_0
    SLICE_X33Y61         CARRY4 (Prop_carry4_CI_O[0])
                                                      0.111    17.909 r  gen_r2intt_r16.u_r2intt16/gen_s1_b[3].gen_s1_g[1].u_bf/u_add/raw_sum_carry__3/O[0]
                         net (fo=1, routed)           0.323    18.232    gen_r2intt_r16.u_r2intt16/gen_s1_b[3].gen_s1_g[1].u_bf/u_add/raw_sum_carry__3_n_7
    SLICE_X34Y57         LUT2 (Prop_lut2_I1_O)        0.124    18.356 r  gen_r2intt_r16.u_r2intt16/gen_s1_b[3].gen_s1_g[1].u_bf/u_add/raw_sum_carry_i_33__23/O
                         net (fo=1, routed)           0.000    18.356    gen_r2intt_r16.u_r2intt16/gen_s1_b[3].gen_s1_g[1].u_bf/u_add/raw_sum_carry_i_33__23_n_0
    SLICE_X34Y57         CARRY4 (Prop_carry4_S[0]_CO[3])
                                                      0.259    18.615 r  gen_r2intt_r16.u_r2intt16/gen_s1_b[3].gen_s1_g[1].u_bf/u_add/raw_sum_carry_i_25__39/CO[3]
                         net (fo=1, routed)           0.000    18.615    gen_r2intt_r16.u_r2intt16/gen_s1_b[3].gen_s1_g[1].u_bf/u_add/raw_sum_carry_i_25__39_n_0
    SLICE_X34Y58         CARRY4 (Prop_carry4_CI_CO[3])
                                                      0.053    18.668 r  gen_r2intt_r16.u_r2intt16/gen_s1_b[3].gen_s1_g[1].u_bf/u_add/raw_sum_carry_i_24__36/CO[3]
                         net (fo=1, routed)           0.000    18.668    gen_r2intt_r16.u_r2intt16/gen_s1_b[3].gen_s1_g[1].u_bf/u_add/raw_sum_carry_i_24__36_n_0
    SLICE_X34Y59         CARRY4 (Prop_carry4_CI_CO[3])
                                                      0.053    18.721 r  gen_r2intt_r16.u_r2intt16/gen_s1_b[3].gen_s1_g[1].u_bf/u_add/raw_sum_carry__0_i_14__42/CO[3]
                         net (fo=1, routed)           0.000    18.721    gen_r2intt_r16.u_r2intt16/gen_s1_b[3].gen_s1_g[1].u_bf/u_add/raw_sum_carry__0_i_14__42_n_0
    SLICE_X34Y60         CARRY4 (Prop_carry4_CI_O[0])
                                                      0.111    18.832 r  gen_r2intt_r16.u_r2intt16/gen_s1_b[3].gen_s1_g[1].u_bf/u_add/raw_sum_carry__1_i_14__37/O[0]
                         net (fo=1, routed)           0.356    19.188    gen_intt_n2d1[15].u_intt_n2d1/raw_sum_carry__2_i_6__71[0]
    SLICE_X36Y59         LUT6 (Prop_lut6_I5_O)        0.124    19.312 r  gen_intt_n2d1[15].u_intt_n2d1/raw_sum_carry__1_i_10__42/O
                         net (fo=10, routed)          0.504    19.816    gen_intt_n2d1[15].u_intt_n2d1/raw_sum_carry__2_i_26__6_0[6]
    SLICE_X37Y56         LUT6 (Prop_lut6_I4_O)        0.043    19.859 f  gen_intt_n2d1[15].u_intt_n2d1/raw_sum_carry__2_i_26__6/O
                         net (fo=5, routed)           0.452    20.311    gen_intt_n2d1[15].u_intt_n2d1/raw_sum_carry__1_i_11__36_0
    SLICE_X45Y55         LUT6 (Prop_lut6_I0_O)        0.043    20.354 f  gen_intt_n2d1[15].u_intt_n2d1/raw_sum_carry__3_i_2__63/O
                         net (fo=4, routed)           0.689    21.043    gen_intt_n2d1[15].u_intt_n2d1/gen_r2intt_r16.u_r2intt16/s1[13][16]
    SLICE_X51Y53         LUT5 (Prop_lut5_I1_O)        0.043    21.086 r  gen_intt_n2d1[15].u_intt_n2d1/raw_sum_carry_i_5__86/O
                         net (fo=43, routed)          0.487    21.573    gen_intt_n2d1[15].u_intt_n2d1/raw_sum_carry_i_8__100_0
    SLICE_X54Y51         LUT3 (Prop_lut3_I0_O)        0.043    21.616 r  gen_intt_n2d1[15].u_intt_n2d1/raw_sum_carry_i_1__117/O
                         net (fo=1, routed)           0.000    21.616    gen_r2intt_r16.u_r2intt16/gen_s2_b[1].gen_s2_g[1].u_bf/u_sub/add_inst/raw_sum_carry__0_i_14__46_0[3]
    SLICE_X54Y51         CARRY4 (Prop_carry4_S[3]_CO[3])
                                                      0.180    21.796 r  gen_r2intt_r16.u_r2intt16/gen_s2_b[1].gen_s2_g[1].u_bf/u_sub/add_inst/raw_sum_carry/CO[3]
                         net (fo=1, routed)           0.000    21.796    gen_r2intt_r16.u_r2intt16/gen_s2_b[1].gen_s2_g[1].u_bf/u_sub/add_inst/raw_sum_carry_n_0
    SLICE_X54Y52         CARRY4 (Prop_carry4_CI_CO[3])
                                                      0.054    21.850 r  gen_r2intt_r16.u_r2intt16/gen_s2_b[1].gen_s2_g[1].u_bf/u_sub/add_inst/raw_sum_carry__0/CO[3]
                         net (fo=1, routed)           0.000    21.850    gen_r2intt_r16.u_r2intt16/gen_s2_b[1].gen_s2_g[1].u_bf/u_sub/add_inst/raw_sum_carry__0_n_0
    SLICE_X54Y53         CARRY4 (Prop_carry4_CI_CO[3])
                                                      0.054    21.904 r  gen_r2intt_r16.u_r2intt16/gen_s2_b[1].gen_s2_g[1].u_bf/u_sub/add_inst/raw_sum_carry__1/CO[3]
                         net (fo=1, routed)           0.000    21.904    gen_r2intt_r16.u_r2intt16/gen_s2_b[1].gen_s2_g[1].u_bf/u_sub/add_inst/raw_sum_carry__1_n_0
    SLICE_X54Y54         CARRY4 (Prop_carry4_CI_CO[3])
                                                      0.054    21.958 r  gen_r2intt_r16.u_r2intt16/gen_s2_b[1].gen_s2_g[1].u_bf/u_sub/add_inst/raw_sum_carry__2/CO[3]
                         net (fo=1, routed)           0.000    21.958    gen_r2intt_r16.u_r2intt16/gen_s2_b[1].gen_s2_g[1].u_bf/u_sub/add_inst/raw_sum_carry__2_n_0
    SLICE_X54Y55         CARRY4 (Prop_carry4_CI_O[0])
                                                      0.108    22.066 r  gen_r2intt_r16.u_r2intt16/gen_s2_b[1].gen_s2_g[1].u_bf/u_sub/add_inst/raw_sum_carry__3/O[0]
                         net (fo=1, routed)           0.286    22.352    gen_r2intt_r16.u_r2intt16/gen_s2_b[1].gen_s2_g[1].u_bf/u_sub/add_inst/raw_sum_carry__3_n_7
    SLICE_X55Y51         LUT2 (Prop_lut2_I1_O)        0.123    22.475 r  gen_r2intt_r16.u_r2intt16/gen_s2_b[1].gen_s2_g[1].u_bf/u_sub/add_inst/raw_sum_carry__0_i_18__12/O
                         net (fo=1, routed)           0.000    22.475    gen_r2intt_r16.u_r2intt16/gen_s2_b[1].gen_s2_g[1].u_bf/u_sub/add_inst/raw_sum_carry__0_i_18__12_n_0
    SLICE_X55Y51         CARRY4 (Prop_carry4_S[0]_CO[3])
                                                      0.259    22.734 r  gen_r2intt_r16.u_r2intt16/gen_s2_b[1].gen_s2_g[1].u_bf/u_sub/add_inst/raw_sum_carry__0_i_14__46/CO[3]
                         net (fo=1, routed)           0.000    22.734    gen_r2intt_r16.u_r2intt16/gen_s2_b[1].gen_s2_g[1].u_bf/u_sub/add_inst/raw_sum_carry__0_i_14__46_n_0
    SLICE_X55Y52         CARRY4 (Prop_carry4_CI_CO[3])
                                                      0.053    22.787 r  gen_r2intt_r16.u_r2intt16/gen_s2_b[1].gen_s2_g[1].u_bf/u_sub/add_inst/raw_sum_carry__1_i_15__21/CO[3]
                         net (fo=1, routed)           0.000    22.787    gen_r2intt_r16.u_r2intt16/gen_s2_b[1].gen_s2_g[1].u_bf/u_sub/add_inst/raw_sum_carry__1_i_15__21_n_0
    SLICE_X55Y53         CARRY4 (Prop_carry4_CI_O[1])
                                                      0.166    22.953 r  gen_r2intt_r16.u_r2intt16/gen_s2_b[1].gen_s2_g[1].u_bf/u_sub/add_inst/raw_sum_carry_i_24__41/O[1]
                         net (fo=1, routed)           0.461    23.414    gen_intt_n2d1[15].u_intt_n2d1/raw_sum_carry_i_7__100_0[1]
    SLICE_X56Y48         LUT6 (Prop_lut6_I5_O)        0.123    23.537 r  gen_intt_n2d1[15].u_intt_n2d1/raw_sum_carry_i_15__68/O
                         net (fo=13, routed)          0.984    24.521    gen_intt_n2d1[15].u_intt_n2d1/raw_sum_carry_i_15__68_n_0
    SLICE_X71Y35         LUT5 (Prop_lut5_I4_O)        0.043    24.564 r  gen_intt_n2d1[15].u_intt_n2d1/raw_sum_carry__0_i_15__20/O
                         net (fo=8, routed)           0.461    25.025    gen_intt_n2d1[15].u_intt_n2d1/raw_sum_carry__0_i_15__20_n_0
    SLICE_X70Y33         LUT6 (Prop_lut6_I0_O)        0.043    25.068 r  gen_intt_n2d1[15].u_intt_n2d1/raw_sum_carry__0_i_11__46/O
                         net (fo=7, routed)           0.390    25.458    gen_intt_n2d1[15].u_intt_n2d1/raw_sum_carry_i_24__41[1]
    SLICE_X75Y31         LUT4 (Prop_lut4_I3_O)        0.043    25.501 r  gen_intt_n2d1[15].u_intt_n2d1/raw_sum_carry_i_9__86/O
                         net (fo=2, routed)           0.462    25.963    gen_intt_n2d1[15].u_intt_n2d1/raw_sum_carry_i_9__86_n_0
    SLICE_X72Y26         LUT4 (Prop_lut4_I2_O)        0.043    26.006 r  gen_intt_n2d1[15].u_intt_n2d1/raw_sum_carry_i_5__100/O
                         net (fo=47, routed)          0.403    26.409    gen_intt_n2d1[15].u_intt_n2d1/raw_sum_carry_i_10__89_0
    SLICE_X75Y26         LUT4 (Prop_lut4_I0_O)        0.043    26.452 r  gen_intt_n2d1[15].u_intt_n2d1/raw_sum_carry_i_1__124/O
                         net (fo=1, routed)           0.000    26.452    gen_r2intt_r16.u_r2intt16/gen_s3[5].u_bf/u_sub/add_inst/out0_carry_i_6__44_0[3]
    SLICE_X75Y26         CARRY4 (Prop_carry4_S[3]_CO[3])
                                                      0.193    26.645 r  gen_r2intt_r16.u_r2intt16/gen_s3[5].u_bf/u_sub/add_inst/raw_sum_carry/CO[3]
                         net (fo=1, routed)           0.000    26.645    gen_r2intt_r16.u_r2intt16/gen_s3[5].u_bf/u_sub/add_inst/raw_sum_carry_n_0
    SLICE_X75Y27         CARRY4 (Prop_carry4_CI_CO[3])
                                                      0.053    26.698 r  gen_r2intt_r16.u_r2intt16/gen_s3[5].u_bf/u_sub/add_inst/raw_sum_carry__0/CO[3]
                         net (fo=1, routed)           0.000    26.698    gen_r2intt_r16.u_r2intt16/gen_s3[5].u_bf/u_sub/add_inst/raw_sum_carry__0_n_0
    SLICE_X75Y28         CARRY4 (Prop_carry4_CI_CO[3])
                                                      0.053    26.751 r  gen_r2intt_r16.u_r2intt16/gen_s3[5].u_bf/u_sub/add_inst/raw_sum_carry__1/CO[3]
                         net (fo=1, routed)           0.000    26.751    gen_r2intt_r16.u_r2intt16/gen_s3[5].u_bf/u_sub/add_inst/raw_sum_carry__1_n_0
    SLICE_X75Y29         CARRY4 (Prop_carry4_CI_CO[3])
                                                      0.053    26.804 r  gen_r2intt_r16.u_r2intt16/gen_s3[5].u_bf/u_sub/add_inst/raw_sum_carry__2/CO[3]
                         net (fo=1, routed)           0.000    26.804    gen_r2intt_r16.u_r2intt16/gen_s3[5].u_bf/u_sub/add_inst/raw_sum_carry__2_n_0
    SLICE_X75Y30         CARRY4 (Prop_carry4_CI_O[0])
                                                      0.111    26.915 r  gen_r2intt_r16.u_r2intt16/gen_s3[5].u_bf/u_sub/add_inst/raw_sum_carry__3/O[0]
                         net (fo=1, routed)           0.429    27.344    gen_r2intt_r16.u_r2intt16/gen_s3[5].u_bf/u_sub/add_inst/raw_sum_carry__3_n_7
    SLICE_X76Y26         LUT2 (Prop_lut2_I1_O)        0.124    27.468 r  gen_r2intt_r16.u_r2intt16/gen_s3[5].u_bf/u_sub/add_inst/out0_carry_i_8__46/O
                         net (fo=1, routed)           0.000    27.468    gen_r2intt_r16.u_r2intt16/gen_s3[5].u_bf/u_sub/add_inst/out0_carry_i_8__46_n_0
    SLICE_X76Y26         CARRY4 (Prop_carry4_S[0]_O[2])
                                                      0.261    27.729 r  gen_r2intt_r16.u_r2intt16/gen_s3[5].u_bf/u_sub/add_inst/out0_carry_i_6__44/O[2]
                         net (fo=2, routed)           0.419    28.148    gen_intt_n2d1[15].u_intt_n2d1/out0_carry_3[2]
    SLICE_X78Y26         LUT6 (Prop_lut6_I5_O)        0.127    28.275 r  gen_intt_n2d1[15].u_intt_n2d1/out0_carry__2_i_11__10/O
                         net (fo=2, routed)           0.601    28.876    gen_intt_n2d1[15].u_intt_n2d1/intt_d1_out[222]
    SLICE_X76Y31         LUT6 (Prop_lut6_I0_O)        0.043    28.919 f  gen_intt_n2d1[15].u_intt_n2d1/out0_carry__2_i_5__42/O
                         net (fo=4, routed)           0.377    29.296    gen_intt_n2d1[15].u_intt_n2d1/out0_carry__2_i_5__42_n_0
    SLICE_X77Y28         LUT6 (Prop_lut6_I5_O)        0.043    29.339 r  gen_intt_n2d1[15].u_intt_n2d1/out0_carry__2_i_2__41/O
                         net (fo=1, routed)           0.000    29.339    gen_intt_d1n[13].u_id1n/intt_d1_out[2]
    SLICE_X77Y28         CARRY4 (Prop_carry4_S[2]_O[3])
                                                      0.178    29.517 r  gen_intt_d1n[13].u_id1n/out0_carry__2/O[3]
                         net (fo=1, routed)           0.412    29.929    gen_intt_n2d1[15].u_intt_n2d1/product_37[3]
    SLICE_X74Y31         LUT6 (Prop_lut6_I0_O)        0.120    30.049 r  gen_intt_n2d1[15].u_intt_n2d1/product_i_1__27/O
                         net (fo=1, routed)           0.313    30.362    gen_modmul_intt[13].u_mm_intt/product_0[16]
    DSP48_X4Y10          DSP48E1 (Prop_dsp48e1_A[16]_P[17])
                                                      2.737    33.099 r  gen_modmul_intt[13].u_mm_intt/product/P[17]
                         net (fo=4, routed)           0.665    33.764    gen_modmul_intt[13].u_mm_intt/product_n_88
    SLICE_X74Y26         LUT3 (Prop_lut3_I0_O)        0.043    33.807 r  gen_modmul_intt[13].u_mm_intt/t_carry_i_4__28/O
                         net (fo=1, routed)           0.000    33.807    gen_modmul_intt[13].u_mm_intt/t_carry_i_4__28_n_0
    SLICE_X74Y26         CARRY4 (Prop_carry4_S[2]_CO[3])
                                                      0.183    33.990 r  gen_modmul_intt[13].u_mm_intt/t_carry/CO[3]
                         net (fo=1, routed)           0.000    33.990    gen_modmul_intt[13].u_mm_intt/t_carry_n_0
    SLICE_X74Y27         CARRY4 (Prop_carry4_CI_CO[3])
                                                      0.054    34.044 r  gen_modmul_intt[13].u_mm_intt/t_carry__0/CO[3]
                         net (fo=1, routed)           0.000    34.044    gen_modmul_intt[13].u_mm_intt/t_carry__0_n_0
    SLICE_X74Y28         CARRY4 (Prop_carry4_CI_O[1])
                                                      0.165    34.209 r  gen_modmul_intt[13].u_mm_intt/t_carry__1/O[1]
                         net (fo=4, routed)           0.447    34.656    gen_modmul_intt[13].u_mm_intt/t_carry__1_n_6
    SLICE_X72Y28         LUT4 (Prop_lut4_I1_O)        0.125    34.781 r  gen_modmul_intt[13].u_mm_intt/gen_banks[15].mem_reg_0_15_0_5_i_1449/O
                         net (fo=1, routed)           0.642    35.423    gen_modmul_intt[13].u_mm_intt/gen_banks[15].mem_reg_0_15_0_5_i_1449_n_0
    SLICE_X63Y28         LUT6 (Prop_lut6_I4_O)        0.043    35.466 r  gen_modmul_intt[13].u_mm_intt/gen_banks[15].mem_reg_0_15_0_5_i_919/O
                         net (fo=17, routed)          0.597    36.063    gen_modmul_intt[13].u_mm_intt/gen_banks[15].mem_reg_0_15_0_5_i_919_n_0
    SLICE_X52Y28         LUT3 (Prop_lut3_I1_O)        0.043    36.106 r  gen_modmul_intt[13].u_mm_intt/gen_banks[15].mem_reg_0_15_12_17_i_299/O
                         net (fo=1, routed)           0.621    36.726    u_ctrl/mm_intt_out[76]
    SLICE_X38Y28         LUT6 (Prop_lut6_I5_O)        0.043    36.769 r  u_ctrl/gen_banks[15].mem_reg_0_15_12_17_i_185/O
                         net (fo=2, routed)           0.534    37.304    u_ctrl/gen_banks[15].mem_reg_0_15_12_17_i_185_n_0
    SLICE_X28Y28         LUT6 (Prop_lut6_I3_O)        0.043    37.347 r  u_ctrl/gen_banks[15].mem_reg_0_15_30_33_i_91/O
                         net (fo=4, routed)           0.814    38.160    u_ctrl/bfly_data_pre[474]
    SLICE_X19Y47         LUT6 (Prop_lut6_I5_O)        0.043    38.203 r  u_ctrl/gen_banks[13].mem_reg_0_15_30_33_i_28/O
                         net (fo=4, routed)           0.648    38.851    u_ctrl/gen_banks[13].mem_reg_0_15_30_33_i_28_n_0
    SLICE_X22Y47         LUT6 (Prop_lut6_I3_O)        0.043    38.894 r  u_ctrl/gen_banks[1].mem_reg_0_15_30_33_i_11/O
                         net (fo=1, routed)           0.000    38.894    u_ctrl/bfly_data_routed[66]
    SLICE_X22Y47         MUXF7 (Prop_muxf7_I0_O)      0.101    38.995 r  u_ctrl/gen_banks[1].mem_reg_0_15_30_33_i_4/O
                         net (fo=1, routed)           0.369    39.364    u_membanks/gen_banks[1].mem_reg_0_15_30_33/DIB0
    SLICE_X22Y44         RAMD32                                       r  u_membanks/gen_banks[1].mem_reg_0_15_30_33/RAMB/I
  -------------------------------------------------------------------    -------------------

                         (clock clk rise edge)        3.000     3.000 r  
    V20                                               0.000     3.000 r  clk (IN)
                         net (fo=0)                   0.000     3.000    clk
    V20                  IBUF (Prop_ibuf_I_O)         0.676     3.676 r  clk_IBUF_inst/O
                         net (fo=1, routed)           1.834     5.510    clk_IBUF
    BUFGCTRL_X0Y0        BUFG (Prop_bufg_I_O)         0.083     5.593 r  clk_IBUF_BUFG_inst/O
                         net (fo=845, routed)         1.490     7.083    u_membanks/gen_banks[1].mem_reg_0_15_30_33/WCLK
    SLICE_X22Y44         RAMD32                                       r  u_membanks/gen_banks[1].mem_reg_0_15_30_33/RAMB/CLK
                         clock pessimism              0.291     7.374    
                         clock uncertainty           -0.035     7.338    
    SLICE_X22Y44         RAMD32 (Setup_ramd32_CLK_I)
                                                     -0.191     7.147    u_membanks/gen_banks[1].mem_reg_0_15_30_33/RAMB
  -------------------------------------------------------------------
                         required time                          7.147    
                         arrival time                         -39.364    
  -------------------------------------------------------------------
                         slack                                -32.217    

Slack (VIOLATED) :        -32.216ns  (required time - arrival time)
  Source:                 u_ctrl/delta_idx_reg[0]/C
                            (rising edge-triggered cell FDCE clocked by clk  {rise@0.000ns fall@1.500ns period=3.000ns})
  Destination:            u_membanks/gen_banks[11].mem_reg_0_15_30_33/RAMB/I
                            (rising edge-triggered cell RAMD32 clocked by clk  {rise@0.000ns fall@1.500ns period=3.000ns})
  Path Group:             clk
  Path Type:              Setup (Max at Slow Process Corner)
  Requirement:            3.000ns  (clk rise@3.000ns - clk rise@0.000ns)
  Data Path Delay:        34.993ns  (logic 11.753ns (33.586%)  route 23.240ns (66.414%))
  Logic Levels:           88  (CARRY4=44 DSP48E1=1 LUT1=1 LUT2=6 LUT3=4 LUT4=6 LUT5=3 LUT6=21 MUXF7=1 RAMD32=1)
  Clock Path Skew:        0.004ns (DCD - SCD + CPR)
    Destination Clock Delay (DCD):    4.084ns = ( 7.084 - 3.000 ) 
    Source Clock Delay      (SCD):    4.371ns
    Clock Pessimism Removal (CPR):    0.291ns
  Clock Uncertainty:      0.035ns  ((TSJ^2 + TIJ^2)^1/2 + DJ) / 2 + PE
    Total System Jitter     (TSJ):    0.071ns
    Total Input Jitter      (TIJ):    0.000ns
    Discrete Jitter          (DJ):    0.000ns
    Phase Error              (PE):    0.000ns

    Location             Delay type                Incr(ns)  Path(ns)    Netlist Resource(s)
  -------------------------------------------------------------------    -------------------
                         (clock clk rise edge)        0.000     0.000 r  
    V20                                               0.000     0.000 r  clk (IN)
                         net (fo=0)                   0.000     0.000    clk
    V20                  IBUF (Prop_ibuf_I_O)         0.751     0.751 r  clk_IBUF_inst/O
                         net (fo=1, routed)           1.950     2.701    clk_IBUF
    BUFGCTRL_X0Y0        BUFG (Prop_bufg_I_O)         0.093     2.794 r  clk_IBUF_BUFG_inst/O
                         net (fo=845, routed)         1.577     4.371    u_ctrl/clk_IBUF_BUFG
    SLICE_X30Y38         FDCE                                         r  u_ctrl/delta_idx_reg[0]/C
  -------------------------------------------------------------------    -------------------
    SLICE_X30Y38         FDCE (Prop_fdce_C_Q)         0.223     4.594 r  u_ctrl/delta_idx_reg[0]/Q
                         net (fo=31, routed)          0.205     4.799    u_ctrl/B[4]
    SLICE_X29Y38         LUT2 (Prop_lut2_I1_O)        0.043     4.842 r  u_ctrl/z1_full_i_115/O
                         net (fo=1, routed)           0.000     4.842    u_ctrl/z1_full_i_115_n_0
    SLICE_X29Y38         CARRY4 (Prop_carry4_S[0]_O[1])
                                                      0.218     5.060 r  u_ctrl/z1_full_i_105/O[1]
                         net (fo=1, routed)           0.270     5.330    u_addrgen/z1_full_i_108[0]
    SLICE_X30Y39         CARRY4 (Prop_carry4_S[0]_O[0])
                                                      0.247     5.577 r  u_addrgen/z1_full_i_104/O[0]
                         net (fo=2, routed)           0.298     5.875    u_ctrl/O[0]
    SLICE_X31Y38         CARRY4 (Prop_carry4_DI[1]_O[2])
                                                      0.343     6.218 r  u_ctrl/z1_full_i_103/O[2]
                         net (fo=54, routed)          0.540     6.758    u_ctrl/g_cnt_reg[7]_0[6]
    SLICE_X37Y36         CARRY4 (Prop_carry4_S[2]_O[2])
                                                      0.239     6.997 r  u_ctrl/gen_banks[15].mem_reg_0_15_0_5_i_181/O[2]
                         net (fo=4, routed)           0.721     7.718    u_ctrl/orig_addrs[22]
    SLICE_X34Y39         LUT6 (Prop_lut6_I5_O)        0.122     7.840 r  u_ctrl/gen_banks[14].mem_reg_0_15_0_5_i_61/O
                         net (fo=4, routed)           0.547     8.387    u_ctrl/gen_banks[14].mem_reg_0_15_0_5_i_61_n_0
    SLICE_X36Y40         LUT6 (Prop_lut6_I0_O)        0.043     8.430 r  u_ctrl/gen_banks[14].mem_reg_0_15_0_5_i_30/O
                         net (fo=2, routed)           0.286     8.716    u_ctrl/ntt_waddr[58]
    SLICE_X36Y39         LUT4 (Prop_lut4_I3_O)        0.043     8.759 r  u_ctrl/gen_banks[14].mem_reg_0_15_0_5_i_9/O
                         net (fo=36, routed)          0.871     9.630    u_membanks/gen_banks[14].mem_reg_0_15_0_5/ADDRB2
    SLICE_X46Y38         RAMD32 (Prop_ramd32_RADR2_O)
                                                      0.053     9.683 f  u_membanks/gen_banks[14].mem_reg_0_15_0_5/RAMB/O
                         net (fo=5, routed)           0.689    10.372    u_membanks/bank_dout[478]
    SLICE_X45Y42         LUT6 (Prop_lut6_I3_O)        0.138    10.510 f  u_membanks/z1_full_i_53/O
                         net (fo=4, routed)           0.341    10.850    u_membanks/z1_full_i_53_n_0
    SLICE_X43Y43         LUT6 (Prop_lut6_I5_O)        0.043    10.893 f  u_membanks/z1_full_i_9__12/O
                         net (fo=22, routed)          0.815    11.708    u_membanks/gen_bfly_pack[13].cur_l[2]
    SLICE_X25Y55         LUT1 (Prop_lut1_I0_O)        0.043    11.751 r  u_membanks/out0_carry_i_3__59/O
                         net (fo=1, routed)           0.000    11.751    gen_intt_n2d1[13].u_intt_n2d1/S[1]
    SLICE_X25Y55         CARRY4 (Prop_carry4_S[1]_CO[3])
                                                      0.267    12.018 r  gen_intt_n2d1[13].u_intt_n2d1/out0_carry/CO[3]
                         net (fo=1, routed)           0.000    12.018    gen_intt_n2d1[13].u_intt_n2d1/out0_carry_n_0
    SLICE_X25Y56         CARRY4 (Prop_carry4_CI_CO[3])
                                                      0.053    12.071 r  gen_intt_n2d1[13].u_intt_n2d1/out0_carry__0/CO[3]
                         net (fo=1, routed)           0.000    12.071    gen_intt_n2d1[13].u_intt_n2d1/out0_carry__0_n_0
    SLICE_X25Y57         CARRY4 (Prop_carry4_CI_CO[3])
                                                      0.053    12.124 r  gen_intt_n2d1[13].u_intt_n2d1/out0_carry__1/CO[3]
                         net (fo=1, routed)           0.000    12.124    gen_intt_n2d1[13].u_intt_n2d1/out0_carry__1_n_0
    SLICE_X25Y58         CARRY4 (Prop_carry4_CI_O[3])
                                                      0.149    12.273 f  gen_intt_n2d1[13].u_intt_n2d1/out0_carry__2/O[3]
                         net (fo=5, routed)           0.454    12.727    gen_intt_n2d1[13].u_intt_n2d1/O[1]
    SLICE_X24Y58         LUT5 (Prop_lut5_I2_O)        0.120    12.847 r  gen_intt_n2d1[13].u_intt_n2d1/raw_sum_carry_i_11__56/O
                         net (fo=7, routed)           0.462    13.309    gen_intt_n2d1[13].u_intt_n2d1/raw_sum_carry_i_11__56_n_0
    SLICE_X25Y59         LUT6 (Prop_lut6_I0_O)        0.043    13.352 r  gen_intt_n2d1[13].u_intt_n2d1/raw_sum_carry_i_9__53/O
                         net (fo=34, routed)          0.456    13.808    gen_intt_n2d1[13].u_intt_n2d1/raw_sum_carry_i_15__49_0
    SLICE_X26Y59         LUT4 (Prop_lut4_I3_O)        0.043    13.851 r  gen_intt_n2d1[13].u_intt_n2d1/raw_sum_carry_i_7__60_rewire/O
                         net (fo=1, routed)           0.000    13.851    gen_r2intt_r16.u_r2intt16/gen_s0[6].u_bf/u_sub/add_inst/raw_sum_carry__2_i_9__34_1[1]
    SLICE_X26Y59         CARRY4 (Prop_carry4_S[1]_CO[3])
                                                      0.267    14.118 r  gen_r2intt_r16.u_r2intt16/gen_s0[6].u_bf/u_sub/add_inst/raw_sum_carry/CO[3]
                         net (fo=1, routed)           0.000    14.118    gen_r2intt_r16.u_r2intt16/gen_s0[6].u_bf/u_sub/add_inst/raw_sum_carry_n_0
    SLICE_X26Y60         CARRY4 (Prop_carry4_CI_CO[3])
                                                      0.053    14.171 r  gen_r2intt_r16.u_r2intt16/gen_s0[6].u_bf/u_sub/add_inst/raw_sum_carry__0/CO[3]
                         net (fo=1, routed)           0.000    14.171    gen_r2intt_r16.u_r2intt16/gen_s0[6].u_bf/u_sub/add_inst/raw_sum_carry__0_n_0
    SLICE_X26Y61         CARRY4 (Prop_carry4_CI_CO[3])
                                                      0.053    14.224 r  gen_r2intt_r16.u_r2intt16/gen_s0[6].u_bf/u_sub/add_inst/raw_sum_carry__1/CO[3]
                         net (fo=1, routed)           0.000    14.224    gen_r2intt_r16.u_r2intt16/gen_s0[6].u_bf/u_sub/add_inst/raw_sum_carry__1_n_0
    SLICE_X26Y62         CARRY4 (Prop_carry4_CI_CO[3])
                                                      0.053    14.277 r  gen_r2intt_r16.u_r2intt16/gen_s0[6].u_bf/u_sub/add_inst/raw_sum_carry__2/CO[3]
                         net (fo=1, routed)           0.000    14.277    gen_r2intt_r16.u_r2intt16/gen_s0[6].u_bf/u_sub/add_inst/raw_sum_carry__2_n_0
    SLICE_X26Y63         CARRY4 (Prop_carry4_CI_O[0])
                                                      0.111    14.388 r  gen_r2intt_r16.u_r2intt16/gen_s0[6].u_bf/u_sub/add_inst/raw_sum_carry__3/O[0]
                         net (fo=1, routed)           0.275    14.662    gen_r2intt_r16.u_r2intt16/gen_s0[6].u_bf/u_sub/add_inst/raw_sum_carry__3_n_7
    SLICE_X27Y60         LUT2 (Prop_lut2_I1_O)        0.124    14.786 r  gen_r2intt_r16.u_r2intt16/gen_s0[6].u_bf/u_sub/add_inst/raw_sum_carry__2_i_15__41/O
                         net (fo=1, routed)           0.000    14.786    gen_r2intt_r16.u_r2intt16/gen_s0[6].u_bf/u_sub/add_inst/raw_sum_carry__2_i_15__41_n_0
    SLICE_X27Y60         CARRY4 (Prop_carry4_S[0]_CO[3])
                                                      0.259    15.045 r  gen_r2intt_r16.u_r2intt16/gen_s0[6].u_bf/u_sub/add_inst/raw_sum_carry__2_i_9__34/CO[3]
                         net (fo=1, routed)           0.000    15.045    gen_r2intt_r16.u_r2intt16/gen_s0[6].u_bf/u_sub/add_inst/raw_sum_carry__2_i_9__34_n_0
    SLICE_X27Y61         CARRY4 (Prop_carry4_CI_CO[3])
                                                      0.053    15.098 r  gen_r2intt_r16.u_r2intt16/gen_s0[6].u_bf/u_sub/add_inst/raw_sum_carry_i_25__25/CO[3]
                         net (fo=1, routed)           0.000    15.098    gen_r2intt_r16.u_r2intt16/gen_s0[6].u_bf/u_sub/add_inst/raw_sum_carry_i_25__25_n_0
    SLICE_X27Y62         CARRY4 (Prop_carry4_CI_CO[3])
                                                      0.053    15.151 r  gen_r2intt_r16.u_r2intt16/gen_s0[6].u_bf/u_sub/add_inst/raw_sum_carry__0_i_19__7/CO[3]
                         net (fo=1, routed)           0.000    15.151    gen_r2intt_r16.u_r2intt16/gen_s0[6].u_bf/u_sub/add_inst/raw_sum_carry__0_i_19__7_n_0
    SLICE_X27Y63         CARRY4 (Prop_carry4_CI_O[2])
                                                      0.111    15.262 f  gen_r2intt_r16.u_r2intt16/gen_s0[6].u_bf/u_sub/add_inst/raw_sum_carry__1_i_18__12/O[2]
                         net (fo=1, routed)           0.532    15.794    gen_intt_n2d1[12].u_intt_n2d1/raw_sum_carry__1_i_12__29[0]
    SLICE_X28Y66         LUT6 (Prop_lut6_I2_O)        0.122    15.916 r  gen_intt_n2d1[12].u_intt_n2d1/raw_sum_carry__1_i_9__32/O
                         net (fo=6, routed)           0.220    16.136    gen_intt_n2d1[13].u_intt_n2d1/raw_sum_carry__3_i_2__53_0
    SLICE_X28Y66         LUT2 (Prop_lut2_I1_O)        0.043    16.179 f  gen_intt_n2d1[13].u_intt_n2d1/raw_sum_carry__1_i_12__29/O
                         net (fo=4, routed)           0.576    16.755    gen_intt_n2d1[13].u_intt_n2d1/raw_sum_carry__1_i_12__29_n_0
    SLICE_X30Y62         LUT6 (Prop_lut6_I2_O)        0.043    16.798 r  gen_intt_n2d1[13].u_intt_n2d1/raw_sum_carry_i_22__32/O
                         net (fo=30, routed)          0.539    17.337    gen_intt_n2d1[13].u_intt_n2d1/raw_sum_carry_i_10__52_0
    SLICE_X33Y57         LUT3 (Prop_lut3_I0_O)        0.043    17.380 r  gen_intt_n2d1[13].u_intt_n2d1/raw_sum_carry_i_4__82/O
                         net (fo=1, routed)           0.000    17.380    gen_r2intt_r16.u_r2intt16/gen_s1_b[3].gen_s1_g[1].u_bf/u_add/raw_sum_carry_i_25__39_0[0]
    SLICE_X33Y57         CARRY4 (Prop_carry4_S[0]_CO[3])
                                                      0.259    17.639 r  gen_r2intt_r16.u_r2intt16/gen_s1_b[3].gen_s1_g[1].u_bf/u_add/raw_sum_carry/CO[3]
                         net (fo=1, routed)           0.000    17.639    gen_r2intt_r16.u_r2intt16/gen_s1_b[3].gen_s1_g[1].u_bf/u_add/raw_sum_carry_n_0
    SLICE_X33Y58         CARRY4 (Prop_carry4_CI_CO[3])
                                                      0.053    17.692 r  gen_r2intt_r16.u_r2intt16/gen_s1_b[3].gen_s1_g[1].u_bf/u_add/raw_sum_carry__0/CO[3]
                         net (fo=1, routed)           0.000    17.692    gen_r2intt_r16.u_r2intt16/gen_s1_b[3].gen_s1_g[1].u_bf/u_add/raw_sum_carry__0_n_0
    SLICE_X33Y59         CARRY4 (Prop_carry4_CI_CO[3])
                                                      0.053    17.745 r  gen_r2intt_r16.u_r2intt16/gen_s1_b[3].gen_s1_g[1].u_bf/u_add/raw_sum_carry__1/CO[3]
                         net (fo=1, routed)           0.000    17.745    gen_r2intt_r16.u_r2intt16/gen_s1_b[3].gen_s1_g[1].u_bf/u_add/raw_sum_carry__1_n_0
    SLICE_X33Y60         CARRY4 (Prop_carry4_CI_CO[3])
                                                      0.053    17.798 r  gen_r2intt_r16.u_r2intt16/gen_s1_b[3].gen_s1_g[1].u_bf/u_add/raw_sum_carry__2/CO[3]
                         net (fo=1, routed)           0.000    17.798    gen_r2intt_r16.u_r2intt16/gen_s1_b[3].gen_s1_g[1].u_bf/u_add/raw_sum_carry__2_n_0
    SLICE_X33Y61         CARRY4 (Prop_carry4_CI_O[0])
                                                      0.111    17.909 r  gen_r2intt_r16.u_r2intt16/gen_s1_b[3].gen_s1_g[1].u_bf/u_add/raw_sum_carry__3/O[0]
                         net (fo=1, routed)           0.323    18.232    gen_r2intt_r16.u_r2intt16/gen_s1_b[3].gen_s1_g[1].u_bf/u_add/raw_sum_carry__3_n_7
    SLICE_X34Y57         LUT2 (Prop_lut2_I1_O)        0.124    18.356 r  gen_r2intt_r16.u_r2intt16/gen_s1_b[3].gen_s1_g[1].u_bf/u_add/raw_sum_carry_i_33__23/O
                         net (fo=1, routed)           0.000    18.356    gen_r2intt_r16.u_r2intt16/gen_s1_b[3].gen_s1_g[1].u_bf/u_add/raw_sum_carry_i_33__23_n_0
    SLICE_X34Y57         CARRY4 (Prop_carry4_S[0]_CO[3])
                                                      0.259    18.615 r  gen_r2intt_r16.u_r2intt16/gen_s1_b[3].gen_s1_g[1].u_bf/u_add/raw_sum_carry_i_25__39/CO[3]
                         net (fo=1, routed)           0.000    18.615    gen_r2intt_r16.u_r2intt16/gen_s1_b[3].gen_s1_g[1].u_bf/u_add/raw_sum_carry_i_25__39_n_0
    SLICE_X34Y58         CARRY4 (Prop_carry4_CI_CO[3])
                                                      0.053    18.668 r  gen_r2intt_r16.u_r2intt16/gen_s1_b[3].gen_s1_g[1].u_bf/u_add/raw_sum_carry_i_24__36/CO[3]
                         net (fo=1, routed)           0.000    18.668    gen_r2intt_r16.u_r2intt16/gen_s1_b[3].gen_s1_g[1].u_bf/u_add/raw_sum_carry_i_24__36_n_0
    SLICE_X34Y59         CARRY4 (Prop_carry4_CI_CO[3])
                                                      0.053    18.721 r  gen_r2intt_r16.u_r2intt16/gen_s1_b[3].gen_s1_g[1].u_bf/u_add/raw_sum_carry__0_i_14__42/CO[3]
                         net (fo=1, routed)           0.000    18.721    gen_r2intt_r16.u_r2intt16/gen_s1_b[3].gen_s1_g[1].u_bf/u_add/raw_sum_carry__0_i_14__42_n_0
    SLICE_X34Y60         CARRY4 (Prop_carry4_CI_O[0])
                                                      0.111    18.832 r  gen_r2intt_r16.u_r2intt16/gen_s1_b[3].gen_s1_g[1].u_bf/u_add/raw_sum_carry__1_i_14__37/O[0]
                         net (fo=1, routed)           0.356    19.188    gen_intt_n2d1[15].u_intt_n2d1/raw_sum_carry__2_i_6__71[0]
    SLICE_X36Y59         LUT6 (Prop_lut6_I5_O)        0.124    19.312 r  gen_intt_n2d1[15].u_intt_n2d1/raw_sum_carry__1_i_10__42/O
                         net (fo=10, routed)          0.504    19.816    gen_intt_n2d1[15].u_intt_n2d1/raw_sum_carry__2_i_26__6_0[6]
    SLICE_X37Y56         LUT6 (Prop_lut6_I4_O)        0.043    19.859 f  gen_intt_n2d1[15].u_intt_n2d1/raw_sum_carry__2_i_26__6/O
                         net (fo=5, routed)           0.452    20.311    gen_intt_n2d1[15].u_intt_n2d1/raw_sum_carry__1_i_11__36_0
    SLICE_X45Y55         LUT6 (Prop_lut6_I0_O)        0.043    20.354 f  gen_intt_n2d1[15].u_intt_n2d1/raw_sum_carry__3_i_2__63/O
                         net (fo=4, routed)           0.689    21.043    gen_intt_n2d1[15].u_intt_n2d1/gen_r2intt_r16.u_r2intt16/s1[13][16]
    SLICE_X51Y53         LUT5 (Prop_lut5_I1_O)        0.043    21.086 r  gen_intt_n2d1[15].u_intt_n2d1/raw_sum_carry_i_5__86/O
                         net (fo=43, routed)          0.487    21.573    gen_intt_n2d1[15].u_intt_n2d1/raw_sum_carry_i_8__100_0
    SLICE_X54Y51         LUT3 (Prop_lut3_I0_O)        0.043    21.616 r  gen_intt_n2d1[15].u_intt_n2d1/raw_sum_carry_i_1__117/O
                         net (fo=1, routed)           0.000    21.616    gen_r2intt_r16.u_r2intt16/gen_s2_b[1].gen_s2_g[1].u_bf/u_sub/add_inst/raw_sum_carry__0_i_14__46_0[3]
    SLICE_X54Y51         CARRY4 (Prop_carry4_S[3]_CO[3])
                                                      0.180    21.796 r  gen_r2intt_r16.u_r2intt16/gen_s2_b[1].gen_s2_g[1].u_bf/u_sub/add_inst/raw_sum_carry/CO[3]
                         net (fo=1, routed)           0.000    21.796    gen_r2intt_r16.u_r2intt16/gen_s2_b[1].gen_s2_g[1].u_bf/u_sub/add_inst/raw_sum_carry_n_0
    SLICE_X54Y52         CARRY4 (Prop_carry4_CI_CO[3])
                                                      0.054    21.850 r  gen_r2intt_r16.u_r2intt16/gen_s2_b[1].gen_s2_g[1].u_bf/u_sub/add_inst/raw_sum_carry__0/CO[3]
                         net (fo=1, routed)           0.000    21.850    gen_r2intt_r16.u_r2intt16/gen_s2_b[1].gen_s2_g[1].u_bf/u_sub/add_inst/raw_sum_carry__0_n_0
    SLICE_X54Y53         CARRY4 (Prop_carry4_CI_CO[3])
                                                      0.054    21.904 r  gen_r2intt_r16.u_r2intt16/gen_s2_b[1].gen_s2_g[1].u_bf/u_sub/add_inst/raw_sum_carry__1/CO[3]
                         net (fo=1, routed)           0.000    21.904    gen_r2intt_r16.u_r2intt16/gen_s2_b[1].gen_s2_g[1].u_bf/u_sub/add_inst/raw_sum_carry__1_n_0
    SLICE_X54Y54         CARRY4 (Prop_carry4_CI_CO[3])
                                                      0.054    21.958 r  gen_r2intt_r16.u_r2intt16/gen_s2_b[1].gen_s2_g[1].u_bf/u_sub/add_inst/raw_sum_carry__2/CO[3]
                         net (fo=1, routed)           0.000    21.958    gen_r2intt_r16.u_r2intt16/gen_s2_b[1].gen_s2_g[1].u_bf/u_sub/add_inst/raw_sum_carry__2_n_0
    SLICE_X54Y55         CARRY4 (Prop_carry4_CI_O[0])
                                                      0.108    22.066 r  gen_r2intt_r16.u_r2intt16/gen_s2_b[1].gen_s2_g[1].u_bf/u_sub/add_inst/raw_sum_carry__3/O[0]
                         net (fo=1, routed)           0.286    22.352    gen_r2intt_r16.u_r2intt16/gen_s2_b[1].gen_s2_g[1].u_bf/u_sub/add_inst/raw_sum_carry__3_n_7
    SLICE_X55Y51         LUT2 (Prop_lut2_I1_O)        0.123    22.475 r  gen_r2intt_r16.u_r2intt16/gen_s2_b[1].gen_s2_g[1].u_bf/u_sub/add_inst/raw_sum_carry__0_i_18__12/O
                         net (fo=1, routed)           0.000    22.475    gen_r2intt_r16.u_r2intt16/gen_s2_b[1].gen_s2_g[1].u_bf/u_sub/add_inst/raw_sum_carry__0_i_18__12_n_0
    SLICE_X55Y51         CARRY4 (Prop_carry4_S[0]_CO[3])
                                                      0.259    22.734 r  gen_r2intt_r16.u_r2intt16/gen_s2_b[1].gen_s2_g[1].u_bf/u_sub/add_inst/raw_sum_carry__0_i_14__46/CO[3]
                         net (fo=1, routed)           0.000    22.734    gen_r2intt_r16.u_r2intt16/gen_s2_b[1].gen_s2_g[1].u_bf/u_sub/add_inst/raw_sum_carry__0_i_14__46_n_0
    SLICE_X55Y52         CARRY4 (Prop_carry4_CI_CO[3])
                                                      0.053    22.787 r  gen_r2intt_r16.u_r2intt16/gen_s2_b[1].gen_s2_g[1].u_bf/u_sub/add_inst/raw_sum_carry__1_i_15__21/CO[3]
                         net (fo=1, routed)           0.000    22.787    gen_r2intt_r16.u_r2intt16/gen_s2_b[1].gen_s2_g[1].u_bf/u_sub/add_inst/raw_sum_carry__1_i_15__21_n_0
    SLICE_X55Y53         CARRY4 (Prop_carry4_CI_O[1])
                                                      0.166    22.953 r  gen_r2intt_r16.u_r2intt16/gen_s2_b[1].gen_s2_g[1].u_bf/u_sub/add_inst/raw_sum_carry_i_24__41/O[1]
                         net (fo=1, routed)           0.461    23.414    gen_intt_n2d1[15].u_intt_n2d1/raw_sum_carry_i_7__100_0[1]
    SLICE_X56Y48         LUT6 (Prop_lut6_I5_O)        0.123    23.537 r  gen_intt_n2d1[15].u_intt_n2d1/raw_sum_carry_i_15__68/O
                         net (fo=13, routed)          0.984    24.521    gen_intt_n2d1[15].u_intt_n2d1/raw_sum_carry_i_15__68_n_0
    SLICE_X71Y35         LUT5 (Prop_lut5_I4_O)        0.043    24.564 r  gen_intt_n2d1[15].u_intt_n2d1/raw_sum_carry__0_i_15__20/O
                         net (fo=8, routed)           0.461    25.025    gen_intt_n2d1[15].u_intt_n2d1/raw_sum_carry__0_i_15__20_n_0
    SLICE_X70Y33         LUT6 (Prop_lut6_I0_O)        0.043    25.068 r  gen_intt_n2d1[15].u_intt_n2d1/raw_sum_carry__0_i_11__46/O
                         net (fo=7, routed)           0.390    25.458    gen_intt_n2d1[15].u_intt_n2d1/raw_sum_carry_i_24__41[1]
    SLICE_X75Y31         LUT4 (Prop_lut4_I3_O)        0.043    25.501 r  gen_intt_n2d1[15].u_intt_n2d1/raw_sum_carry_i_9__86/O
                         net (fo=2, routed)           0.462    25.963    gen_intt_n2d1[15].u_intt_n2d1/raw_sum_carry_i_9__86_n_0
    SLICE_X72Y26         LUT4 (Prop_lut4_I2_O)        0.043    26.006 r  gen_intt_n2d1[15].u_intt_n2d1/raw_sum_carry_i_5__100/O
                         net (fo=47, routed)          0.403    26.409    gen_intt_n2d1[15].u_intt_n2d1/raw_sum_carry_i_10__89_0
    SLICE_X75Y26         LUT4 (Prop_lut4_I0_O)        0.043    26.452 r  gen_intt_n2d1[15].u_intt_n2d1/raw_sum_carry_i_1__124/O
                         net (fo=1, routed)           0.000    26.452    gen_r2intt_r16.u_r2intt16/gen_s3[5].u_bf/u_sub/add_inst/out0_carry_i_6__44_0[3]
    SLICE_X75Y26         CARRY4 (Prop_carry4_S[3]_CO[3])
                                                      0.193    26.645 r  gen_r2intt_r16.u_r2intt16/gen_s3[5].u_bf/u_sub/add_inst/raw_sum_carry/CO[3]
                         net (fo=1, routed)           0.000    26.645    gen_r2intt_r16.u_r2intt16/gen_s3[5].u_bf/u_sub/add_inst/raw_sum_carry_n_0
    SLICE_X75Y27         CARRY4 (Prop_carry4_CI_CO[3])
                                                      0.053    26.698 r  gen_r2intt_r16.u_r2intt16/gen_s3[5].u_bf/u_sub/add_inst/raw_sum_carry__0/CO[3]
                         net (fo=1, routed)           0.000    26.698    gen_r2intt_r16.u_r2intt16/gen_s3[5].u_bf/u_sub/add_inst/raw_sum_carry__0_n_0
    SLICE_X75Y28         CARRY4 (Prop_carry4_CI_CO[3])
                                                      0.053    26.751 r  gen_r2intt_r16.u_r2intt16/gen_s3[5].u_bf/u_sub/add_inst/raw_sum_carry__1/CO[3]
                         net (fo=1, routed)           0.000    26.751    gen_r2intt_r16.u_r2intt16/gen_s3[5].u_bf/u_sub/add_inst/raw_sum_carry__1_n_0
    SLICE_X75Y29         CARRY4 (Prop_carry4_CI_CO[3])
                                                      0.053    26.804 r  gen_r2intt_r16.u_r2intt16/gen_s3[5].u_bf/u_sub/add_inst/raw_sum_carry__2/CO[3]
                         net (fo=1, routed)           0.000    26.804    gen_r2intt_r16.u_r2intt16/gen_s3[5].u_bf/u_sub/add_inst/raw_sum_carry__2_n_0
    SLICE_X75Y30         CARRY4 (Prop_carry4_CI_O[0])
                                                      0.111    26.915 r  gen_r2intt_r16.u_r2intt16/gen_s3[5].u_bf/u_sub/add_inst/raw_sum_carry__3/O[0]
                         net (fo=1, routed)           0.429    27.344    gen_r2intt_r16.u_r2intt16/gen_s3[5].u_bf/u_sub/add_inst/raw_sum_carry__3_n_7
    SLICE_X76Y26         LUT2 (Prop_lut2_I1_O)        0.124    27.468 r  gen_r2intt_r16.u_r2intt16/gen_s3[5].u_bf/u_sub/add_inst/out0_carry_i_8__46/O
                         net (fo=1, routed)           0.000    27.468    gen_r2intt_r16.u_r2intt16/gen_s3[5].u_bf/u_sub/add_inst/out0_carry_i_8__46_n_0
    SLICE_X76Y26         CARRY4 (Prop_carry4_S[0]_O[2])
                                                      0.261    27.729 r  gen_r2intt_r16.u_r2intt16/gen_s3[5].u_bf/u_sub/add_inst/out0_carry_i_6__44/O[2]
                         net (fo=2, routed)           0.419    28.148    gen_intt_n2d1[15].u_intt_n2d1/out0_carry_3[2]
    SLICE_X78Y26         LUT6 (Prop_lut6_I5_O)        0.127    28.275 r  gen_intt_n2d1[15].u_intt_n2d1/out0_carry__2_i_11__10/O
                         net (fo=2, routed)           0.601    28.876    gen_intt_n2d1[15].u_intt_n2d1/intt_d1_out[222]
    SLICE_X76Y31         LUT6 (Prop_lut6_I0_O)        0.043    28.919 f  gen_intt_n2d1[15].u_intt_n2d1/out0_carry__2_i_5__42/O
                         net (fo=4, routed)           0.377    29.296    gen_intt_n2d1[15].u_intt_n2d1/out0_carry__2_i_5__42_n_0
    SLICE_X77Y28         LUT6 (Prop_lut6_I5_O)        0.043    29.339 r  gen_intt_n2d1[15].u_intt_n2d1/out0_carry__2_i_2__41/O
                         net (fo=1, routed)           0.000    29.339    gen_intt_d1n[13].u_id1n/intt_d1_out[2]
    SLICE_X77Y28         CARRY4 (Prop_carry4_S[2]_O[3])
                                                      0.178    29.517 r  gen_intt_d1n[13].u_id1n/out0_carry__2/O[3]
                         net (fo=1, routed)           0.412    29.929    gen_intt_n2d1[15].u_intt_n2d1/product_37[3]
    SLICE_X74Y31         LUT6 (Prop_lut6_I0_O)        0.120    30.049 r  gen_intt_n2d1[15].u_intt_n2d1/product_i_1__27/O
                         net (fo=1, routed)           0.313    30.362    gen_modmul_intt[13].u_mm_intt/product_0[16]
    DSP48_X4Y10          DSP48E1 (Prop_dsp48e1_A[16]_P[17])
                                                      2.737    33.099 r  gen_modmul_intt[13].u_mm_intt/product/P[17]
                         net (fo=4, routed)           0.665    33.764    gen_modmul_intt[13].u_mm_intt/product_n_88
    SLICE_X74Y26         LUT3 (Prop_lut3_I0_O)        0.043    33.807 r  gen_modmul_intt[13].u_mm_intt/t_carry_i_4__28/O
                         net (fo=1, routed)           0.000    33.807    gen_modmul_intt[13].u_mm_intt/t_carry_i_4__28_n_0
    SLICE_X74Y26         CARRY4 (Prop_carry4_S[2]_CO[3])
                                                      0.183    33.990 r  gen_modmul_intt[13].u_mm_intt/t_carry/CO[3]
                         net (fo=1, routed)           0.000    33.990    gen_modmul_intt[13].u_mm_intt/t_carry_n_0
    SLICE_X74Y27         CARRY4 (Prop_carry4_CI_CO[3])
                                                      0.054    34.044 r  gen_modmul_intt[13].u_mm_intt/t_carry__0/CO[3]
                         net (fo=1, routed)           0.000    34.044    gen_modmul_intt[13].u_mm_intt/t_carry__0_n_0
    SLICE_X74Y28         CARRY4 (Prop_carry4_CI_O[1])
                                                      0.165    34.209 r  gen_modmul_intt[13].u_mm_intt/t_carry__1/O[1]
                         net (fo=4, routed)           0.447    34.656    gen_modmul_intt[13].u_mm_intt/t_carry__1_n_6
    SLICE_X72Y28         LUT4 (Prop_lut4_I1_O)        0.125    34.781 r  gen_modmul_intt[13].u_mm_intt/gen_banks[15].mem_reg_0_15_0_5_i_1449/O
                         net (fo=1, routed)           0.642    35.423    gen_modmul_intt[13].u_mm_intt/gen_banks[15].mem_reg_0_15_0_5_i_1449_n_0
    SLICE_X63Y28         LUT6 (Prop_lut6_I4_O)        0.043    35.466 r  gen_modmul_intt[13].u_mm_intt/gen_banks[15].mem_reg_0_15_0_5_i_919/O
                         net (fo=17, routed)          0.597    36.063    gen_modmul_intt[13].u_mm_intt/gen_banks[15].mem_reg_0_15_0_5_i_919_n_0
    SLICE_X52Y28         LUT3 (Prop_lut3_I1_O)        0.043    36.106 r  gen_modmul_intt[13].u_mm_intt/gen_banks[15].mem_reg_0_15_12_17_i_299/O
                         net (fo=1, routed)           0.621    36.726    u_ctrl/mm_intt_out[76]
    SLICE_X38Y28         LUT6 (Prop_lut6_I5_O)        0.043    36.769 r  u_ctrl/gen_banks[15].mem_reg_0_15_12_17_i_185/O
                         net (fo=2, routed)           0.534    37.304    u_ctrl/gen_banks[15].mem_reg_0_15_12_17_i_185_n_0
    SLICE_X28Y28         LUT6 (Prop_lut6_I3_O)        0.043    37.347 r  u_ctrl/gen_banks[15].mem_reg_0_15_30_33_i_91/O
                         net (fo=4, routed)           0.903    38.250    u_ctrl/bfly_data_pre[474]
    SLICE_X17Y48         LUT6 (Prop_lut6_I1_O)        0.043    38.293 r  u_ctrl/gen_banks[15].mem_reg_0_15_30_33_i_29/O
                         net (fo=4, routed)           0.329    38.622    u_ctrl/gen_banks[15].mem_reg_0_15_30_33_i_29_n_0
    SLICE_X16Y49         LUT6 (Prop_lut6_I0_O)        0.043    38.665 r  u_ctrl/gen_banks[11].mem_reg_0_15_30_33_i_11/O
                         net (fo=1, routed)           0.000    38.665    u_ctrl/bfly_data_routed[406]
    SLICE_X16Y49         MUXF7 (Prop_muxf7_I0_O)      0.101    38.766 r  u_ctrl/gen_banks[11].mem_reg_0_15_30_33_i_4/O
                         net (fo=1, routed)           0.598    39.364    u_membanks/gen_banks[11].mem_reg_0_15_30_33/DIB0
    SLICE_X18Y42         RAMD32                                       r  u_membanks/gen_banks[11].mem_reg_0_15_30_33/RAMB/I
  -------------------------------------------------------------------    -------------------

                         (clock clk rise edge)        3.000     3.000 r  
    V20                                               0.000     3.000 r  clk (IN)
                         net (fo=0)                   0.000     3.000    clk
    V20                  IBUF (Prop_ibuf_I_O)         0.676     3.676 r  clk_IBUF_inst/O
                         net (fo=1, routed)           1.834     5.510    clk_IBUF
    BUFGCTRL_X0Y0        BUFG (Prop_bufg_I_O)         0.083     5.593 r  clk_IBUF_BUFG_inst/O
                         net (fo=845, routed)         1.491     7.084    u_membanks/gen_banks[11].mem_reg_0_15_30_33/WCLK
    SLICE_X18Y42         RAMD32                                       r  u_membanks/gen_banks[11].mem_reg_0_15_30_33/RAMB/CLK
                         clock pessimism              0.291     7.375    
                         clock uncertainty           -0.035     7.339    
    SLICE_X18Y42         RAMD32 (Setup_ramd32_CLK_I)
                                                     -0.191     7.148    u_membanks/gen_banks[11].mem_reg_0_15_30_33/RAMB
  -------------------------------------------------------------------
                         required time                          7.148    
                         arrival time                         -39.364    
  -------------------------------------------------------------------
                         slack                                -32.216    

Slack (VIOLATED) :        -32.213ns  (required time - arrival time)
  Source:                 u_ctrl/delta_idx_reg[0]/C
                            (rising edge-triggered cell FDCE clocked by clk  {rise@0.000ns fall@1.500ns period=3.000ns})
  Destination:            u_membanks/gen_banks[0].mem_reg_0_15_18_23/RAMA/I
                            (rising edge-triggered cell RAMD32 clocked by clk  {rise@0.000ns fall@1.500ns period=3.000ns})
  Path Group:             clk
  Path Type:              Setup (Max at Slow Process Corner)
  Requirement:            3.000ns  (clk rise@3.000ns - clk rise@0.000ns)
  Data Path Delay:        35.002ns  (logic 11.298ns (32.278%)  route 23.704ns (67.722%))
  Logic Levels:           82  (CARRY4=36 DSP48E1=1 LUT2=8 LUT3=4 LUT4=7 LUT5=3 LUT6=21 MUXF7=1 RAMD32=1)
  Clock Path Skew:        0.001ns (DCD - SCD + CPR)
    Destination Clock Delay (DCD):    4.081ns = ( 7.081 - 3.000 ) 
    Source Clock Delay      (SCD):    4.371ns
    Clock Pessimism Removal (CPR):    0.291ns
  Clock Uncertainty:      0.035ns  ((TSJ^2 + TIJ^2)^1/2 + DJ) / 2 + PE
    Total System Jitter     (TSJ):    0.071ns
    Total Input Jitter      (TIJ):    0.000ns
    Discrete Jitter          (DJ):    0.000ns
    Phase Error              (PE):    0.000ns

    Location             Delay type                Incr(ns)  Path(ns)    Netlist Resource(s)
  -------------------------------------------------------------------    -------------------
                         (clock clk rise edge)        0.000     0.000 r  
    V20                                               0.000     0.000 r  clk (IN)
                         net (fo=0)                   0.000     0.000    clk
    V20                  IBUF (Prop_ibuf_I_O)         0.751     0.751 r  clk_IBUF_inst/O
                         net (fo=1, routed)           1.950     2.701    clk_IBUF
    BUFGCTRL_X0Y0        BUFG (Prop_bufg_I_O)         0.093     2.794 r  clk_IBUF_BUFG_inst/O
                         net (fo=845, routed)         1.577     4.371    u_ctrl/clk_IBUF_BUFG
    SLICE_X30Y38         FDCE                                         r  u_ctrl/delta_idx_reg[0]/C
  -------------------------------------------------------------------    -------------------
    SLICE_X30Y38         FDCE (Prop_fdce_C_Q)         0.223     4.594 r  u_ctrl/delta_idx_reg[0]/Q
                         net (fo=31, routed)          0.205     4.799    u_ctrl/B[4]
    SLICE_X29Y38         LUT2 (Prop_lut2_I1_O)        0.043     4.842 r  u_ctrl/z1_full_i_115/O
                         net (fo=1, routed)           0.000     4.842    u_ctrl/z1_full_i_115_n_0
    SLICE_X29Y38         CARRY4 (Prop_carry4_S[0]_O[1])
                                                      0.218     5.060 r  u_ctrl/z1_full_i_105/O[1]
                         net (fo=1, routed)           0.270     5.330    u_addrgen/z1_full_i_108[0]
    SLICE_X30Y39         CARRY4 (Prop_carry4_S[0]_O[0])
                                                      0.247     5.577 r  u_addrgen/z1_full_i_104/O[0]
                         net (fo=2, routed)           0.187     5.764    u_ctrl/O[0]
    SLICE_X31Y38         LUT2 (Prop_lut2_I0_O)        0.124     5.888 r  u_ctrl/z1_full_i_108/O
                         net (fo=1, routed)           0.000     5.888    u_ctrl/z1_full_i_108_n_0
    SLICE_X31Y38         CARRY4 (Prop_carry4_S[1]_O[1])
                                                      0.109     5.997 r  u_ctrl/z1_full_i_103/O[1]
                         net (fo=53, routed)          0.602     6.599    u_ctrl/g_cnt_reg[7]_0[5]
    SLICE_X35Y34         CARRY4 (Prop_carry4_S[1]_O[2])
                                                      0.405     7.004 r  u_ctrl/gen_banks[15].mem_reg_0_15_0_5_i_180/O[2]
                         net (fo=4, routed)           0.675     7.679    u_ctrl/orig_addrs[14]
    SLICE_X39Y34         LUT6 (Prop_lut6_I5_O)        0.122     7.801 r  u_ctrl/gen_banks[13].mem_reg_0_15_0_5_i_61/O
                         net (fo=4, routed)           0.605     8.406    u_ctrl/gen_banks[13].mem_reg_0_15_0_5_i_61_n_0
    SLICE_X39Y42         LUT6 (Prop_lut6_I1_O)        0.043     8.449 r  u_ctrl/gen_banks[9].mem_reg_0_15_0_5_i_29/O
                         net (fo=2, routed)           0.108     8.557    u_ctrl/ntt_waddr[38]
    SLICE_X39Y42         LUT4 (Prop_lut4_I3_O)        0.043     8.600 r  u_ctrl/gen_banks[9].mem_reg_0_15_0_5_i_9/O
                         net (fo=36, routed)          1.098     9.697    u_membanks/gen_banks[9].mem_reg_0_15_24_29/ADDRB2
    SLICE_X22Y36         RAMD32 (Prop_ramd32_RADR2_O)
                                                      0.053     9.750 r  u_membanks/gen_banks[9].mem_reg_0_15_24_29/RAMB/O
                         net (fo=4, routed)           0.888    10.638    u_membanks/bank_dout[332]
    SLICE_X11Y39         LUT6 (Prop_lut6_I1_O)        0.138    10.776 r  u_membanks/product_i_65__0/O
                         net (fo=4, routed)           0.718    11.494    u_membanks/product_i_65__0_n_0
    SLICE_X24Y38         LUT6 (Prop_lut6_I1_O)        0.043    11.537 r  u_membanks/product_i_25__14/O
                         net (fo=22, routed)          0.824    12.361    u_ctrl/product_35[7]
    SLICE_X55Y32         LUT4 (Prop_lut4_I2_O)        0.043    12.404 r  u_ctrl/product_i_8/O
                         net (fo=1, routed)           0.606    13.011    gen_modmul_ntt[15].u_mm/A[9]
    DSP48_X3Y10          DSP48E1 (Prop_dsp48e1_A[9]_P[3])
                                                      2.737    15.748 r  gen_modmul_ntt[15].u_mm/product/P[3]
                         net (fo=3, routed)           0.814    16.562    gen_modmul_ntt[15].u_mm/product_n_102
    SLICE_X67Y11         LUT2 (Prop_lut2_I0_O)        0.043    16.605 r  gen_modmul_ntt[15].u_mm/t_carry__0_i_4__15/O
                         net (fo=1, routed)           0.193    16.797    gen_modmul_ntt[15].u_mm/t_carry__0_i_4__15_n_0
    SLICE_X66Y11         CARRY4 (Prop_carry4_DI[0]_CO[3])
                                                      0.283    17.080 r  gen_modmul_ntt[15].u_mm/t_carry__0/CO[3]
                         net (fo=1, routed)           0.000    17.080    gen_modmul_ntt[15].u_mm/t_carry__0_n_0
    SLICE_X66Y12         CARRY4 (Prop_carry4_CI_CO[3])
                                                      0.054    17.134 r  gen_modmul_ntt[15].u_mm/t_carry__1/CO[3]
                         net (fo=1, routed)           0.000    17.134    gen_modmul_ntt[15].u_mm/t_carry__1_n_0
    SLICE_X66Y13         CARRY4 (Prop_carry4_CI_O[1])
                                                      0.165    17.299 r  gen_modmul_ntt[15].u_mm/t_carry__2/O[1]
                         net (fo=8, routed)           0.568    17.867    gen_modmul_ntt[15].u_mm/t_carry__2_n_6
    SLICE_X72Y11         LUT4 (Prop_lut4_I2_O)        0.125    17.992 r  gen_modmul_ntt[15].u_mm/out0_carry_i_17__15/O
                         net (fo=4, routed)           0.446    18.438    gen_modmul_ntt[15].u_mm/out0_carry_i_17__15_n_0
    SLICE_X72Y12         LUT5 (Prop_lut5_I0_O)        0.043    18.481 r  gen_modmul_ntt[15].u_mm/out0_carry_i_20__6_rewire/O
                         net (fo=2, routed)           0.335    18.816    gen_modmul_ntt[15].u_mm/out0_carry_i_20__6_n_0
    SLICE_X73Y4          LUT6 (Prop_lut6_I5_O)        0.043    18.859 r  gen_modmul_ntt[15].u_mm/out0_carry_i_18__14/O
                         net (fo=2, routed)           0.107    18.966    gen_modmul_ntt[15].u_mm/out0_carry_i_18__14_n_0
    SLICE_X73Y4          LUT4 (Prop_lut4_I3_O)        0.043    19.009 r  gen_modmul_ntt[15].u_mm/out0_carry_i_11__21/O
                         net (fo=2, routed)           0.286    19.294    gen_modmul_ntt[15].u_mm/out0_carry_i_11__21_n_0
    SLICE_X75Y5          LUT6 (Prop_lut6_I5_O)        0.043    19.337 r  gen_modmul_ntt[15].u_mm/out0_carry_i_2__29/O
                         net (fo=1, routed)           0.383    19.720    gen_ntod1[15].u_nd1/sel0[4]
    SLICE_X76Y5          CARRY4 (Prop_carry4_DI[3]_CO[3])
                                                      0.193    19.913 r  gen_ntod1[15].u_nd1/out0_carry/CO[3]
                         net (fo=1, routed)           0.000    19.913    gen_ntod1[15].u_nd1/out0_carry_n_0
    SLICE_X76Y6          CARRY4 (Prop_carry4_CI_CO[3])
                                                      0.054    19.967 r  gen_ntod1[15].u_nd1/out0_carry__0/CO[3]
                         net (fo=1, routed)           0.000    19.967    gen_ntod1[15].u_nd1/out0_carry__0_n_0
    SLICE_X76Y7          CARRY4 (Prop_carry4_CI_O[3])
                                                      0.151    20.118 f  gen_ntod1[15].u_nd1/out0_carry__1/O[3]
                         net (fo=6, routed)           0.548    20.667    gen_modmul_ntt[15].u_mm/data0[11]
    SLICE_X77Y6          LUT6 (Prop_lut6_I1_O)        0.120    20.787 f  gen_modmul_ntt[15].u_mm/raw_sum_carry_i_9__16/O
                         net (fo=2, routed)           0.189    20.976    gen_ntod1[15].u_nd1/raw_sum_carry__3_i_3__10_1
    SLICE_X77Y7          LUT6 (Prop_lut6_I5_O)        0.043    21.019 r  gen_ntod1[15].u_nd1/raw_sum_carry__3_i_5__6/O
                         net (fo=1, routed)           0.312    21.331    gen_ntod1[15].u_nd1/raw_sum_carry__3_i_5__6_n_0
    SLICE_X77Y6          LUT3 (Prop_lut3_I2_O)        0.043    21.374 r  gen_ntod1[15].u_nd1/raw_sum_carry__3_i_3__10_rewire/O
                         net (fo=1, routed)           0.549    21.923    gen_modmul_ntt[7].u_mm/raw_sum_carry__3_i_3__10_n_0_alias
    SLICE_X81Y9          LUT3 (Prop_lut3_I0_O)        0.043    21.966 r  gen_modmul_ntt[7].u_mm/raw_sum_carry__3_i_1__14_rewire/O
                         net (fo=1, routed)           0.000    21.966    gen_r2ntt_r16.u_r2ntt16/gen_s0[7].u_bf/sub_inst/add_inst/raw_sum_carry__1_i_10__25_1[0]
    SLICE_X81Y9          CARRY4 (Prop_carry4_S[0]_O[0])
                                                      0.124    22.090 r  gen_r2ntt_r16.u_r2ntt16/gen_s0[7].u_bf/sub_inst/add_inst/raw_sum_carry__3/O[0]
                         net (fo=1, routed)           0.332    22.422    gen_r2ntt_r16.u_r2ntt16/gen_s0[7].u_bf/sub_inst/add_inst/raw_sum_carry__3_n_7
    SLICE_X80Y7          LUT2 (Prop_lut2_I1_O)        0.124    22.546 r  gen_r2ntt_r16.u_r2ntt16/gen_s0[7].u_bf/sub_inst/add_inst/raw_sum_carry__1_i_10__25/O
                         net (fo=1, routed)           0.000    22.546    gen_r2ntt_r16.u_r2ntt16/gen_s0[7].u_bf/sub_inst/add_inst/raw_sum_carry__1_i_10__25_n_0
    SLICE_X80Y7          CARRY4 (Prop_carry4_S[0]_CO[3])
                                                      0.259    22.805 r  gen_r2ntt_r16.u_r2ntt16/gen_s0[7].u_bf/sub_inst/add_inst/raw_sum_carry__1_i_6__18/CO[3]
                         net (fo=1, routed)           0.000    22.805    gen_r2ntt_r16.u_r2ntt16/gen_s0[7].u_bf/sub_inst/add_inst/raw_sum_carry__1_i_6__18_n_0
    SLICE_X80Y8          CARRY4 (Prop_carry4_CI_CO[3])
                                                      0.053    22.858 r  gen_r2ntt_r16.u_r2ntt16/gen_s0[7].u_bf/sub_inst/add_inst/raw_sum_carry__2_i_5__14/CO[3]
                         net (fo=1, routed)           0.000    22.858    gen_r2ntt_r16.u_r2ntt16/gen_s0[7].u_bf/sub_inst/add_inst/raw_sum_carry__2_i_5__14_n_0
    SLICE_X80Y9          CARRY4 (Prop_carry4_CI_CO[3])
                                                      0.053    22.911 r  gen_r2ntt_r16.u_r2ntt16/gen_s0[7].u_bf/sub_inst/add_inst/raw_sum_carry_i_11__8/CO[3]
                         net (fo=1, routed)           0.000    22.911    gen_r2ntt_r16.u_r2ntt16/gen_s0[7].u_bf/sub_inst/add_inst/raw_sum_carry_i_11__8_n_0
    SLICE_X80Y10         CARRY4 (Prop_carry4_CI_O[2])
                                                      0.111    23.022 r  gen_r2ntt_r16.u_r2ntt16/gen_s0[7].u_bf/sub_inst/add_inst/raw_sum_carry__0_i_10__6/O[2]
                         net (fo=3, routed)           0.446    23.468    gen_modmul_ntt[15].u_mm/raw_sum_carry_i_14__8[2]
    SLICE_X83Y9          LUT6 (Prop_lut6_I5_O)        0.122    23.590 r  gen_modmul_ntt[15].u_mm/raw_sum_carry_i_38__2/O
                         net (fo=3, routed)           0.463    24.053    gen_modmul_ntt[15].u_mm/s0[15]_0[14]
    SLICE_X83Y9          LUT6 (Prop_lut6_I0_O)        0.043    24.096 r  gen_modmul_ntt[15].u_mm/raw_sum_carry__1_i_24__0/O
                         net (fo=1, routed)           0.446    24.542    gen_modmul_ntt[7].u_mm/raw_sum_carry_i_14__8
    SLICE_X82Y7          LUT6 (Prop_lut6_I4_O)        0.043    24.585 f  gen_modmul_ntt[7].u_mm/raw_sum_carry__1_i_20__0/O
                         net (fo=18, routed)          0.354    24.939    gen_modmul_ntt[15].u_mm/raw_sum_carry__1_i_5__26
    SLICE_X81Y13         LUT2 (Prop_lut2_I1_O)        0.043    24.982 r  gen_modmul_ntt[15].u_mm/raw_sum_carry__1_i_19__3/O
                         net (fo=1, routed)           0.346    25.327    gen_modmul_ntt[11].u_mm/in[0]
    SLICE_X80Y14         LUT6 (Prop_lut6_I5_O)        0.043    25.370 r  gen_modmul_ntt[11].u_mm/raw_sum_carry__1_i_8__26/O
                         net (fo=1, routed)           0.000    25.370    gen_r2ntt_r16.u_r2ntt16/gen_s1_b[1].gen_s1_g[3].u_bf/add_inst/raw_sum_carry__0_i_25__0_0[0]
    SLICE_X80Y14         CARRY4 (Prop_carry4_S[0]_CO[3])
                                                      0.259    25.629 r  gen_r2ntt_r16.u_r2ntt16/gen_s1_b[1].gen_s1_g[3].u_bf/add_inst/raw_sum_carry__1/CO[3]
                         net (fo=1, routed)           0.000    25.629    gen_r2ntt_r16.u_r2ntt16/gen_s1_b[1].gen_s1_g[3].u_bf/add_inst/raw_sum_carry__1_n_0
    SLICE_X80Y15         CARRY4 (Prop_carry4_CI_CO[3])
                                                      0.053    25.682 r  gen_r2ntt_r16.u_r2ntt16/gen_s1_b[1].gen_s1_g[3].u_bf/add_inst/raw_sum_carry__2/CO[3]
                         net (fo=1, routed)           0.000    25.682    gen_r2ntt_r16.u_r2ntt16/gen_s1_b[1].gen_s1_g[3].u_bf/add_inst/raw_sum_carry__2_n_0
    SLICE_X80Y16         CARRY4 (Prop_carry4_CI_O[0])
                                                      0.111    25.793 r  gen_r2ntt_r16.u_r2ntt16/gen_s1_b[1].gen_s1_g[3].u_bf/add_inst/raw_sum_carry__3/O[0]
                         net (fo=1, routed)           0.380    26.173    gen_r2ntt_r16.u_r2ntt16/gen_s1_b[1].gen_s1_g[3].u_bf/add_inst/raw_sum_carry__3_n_7
    SLICE_X78Y12         LUT2 (Prop_lut2_I1_O)        0.124    26.297 r  gen_r2ntt_r16.u_r2ntt16/gen_s1_b[1].gen_s1_g[3].u_bf/add_inst/raw_sum_carry__2_i_20__5/O
                         net (fo=1, routed)           0.000    26.297    gen_r2ntt_r16.u_r2ntt16/gen_s1_b[1].gen_s1_g[3].u_bf/add_inst/raw_sum_carry__2_i_20__5_n_0
    SLICE_X78Y12         CARRY4 (Prop_carry4_S[0]_CO[3])
                                                      0.246    26.543 r  gen_r2ntt_r16.u_r2ntt16/gen_s1_b[1].gen_s1_g[3].u_bf/add_inst/raw_sum_carry__2_i_16__11/CO[3]
                         net (fo=1, routed)           0.000    26.543    gen_r2ntt_r16.u_r2ntt16/gen_s1_b[1].gen_s1_g[3].u_bf/add_inst/raw_sum_carry__2_i_16__11_n_0
    SLICE_X78Y13         CARRY4 (Prop_carry4_CI_CO[3])
                                                      0.054    26.597 r  gen_r2ntt_r16.u_r2ntt16/gen_s1_b[1].gen_s1_g[3].u_bf/add_inst/raw_sum_carry_i_31__6/CO[3]
                         net (fo=1, routed)           0.000    26.597    gen_r2ntt_r16.u_r2ntt16/gen_s1_b[1].gen_s1_g[3].u_bf/add_inst/raw_sum_carry_i_31__6_n_0
    SLICE_X78Y14         CARRY4 (Prop_carry4_CI_CO[3])
                                                      0.054    26.651 r  gen_r2ntt_r16.u_r2ntt16/gen_s1_b[1].gen_s1_g[3].u_bf/add_inst/raw_sum_carry__0_i_25__0/CO[3]
                         net (fo=1, routed)           0.000    26.651    gen_r2ntt_r16.u_r2ntt16/gen_s1_b[1].gen_s1_g[3].u_bf/add_inst/raw_sum_carry__0_i_25__0_n_0
    SLICE_X78Y15         CARRY4 (Prop_carry4_CI_O[1])
                                                      0.165    26.816 f  gen_r2ntt_r16.u_r2ntt16/gen_s1_b[1].gen_s1_g[3].u_bf/add_inst/raw_sum_carry__1_i_17__6/O[1]
                         net (fo=1, routed)           0.593    27.409    gen_modmul_ntt[7].u_mm/reduced_9[4]
    SLICE_X76Y13         LUT6 (Prop_lut6_I5_O)        0.125    27.534 f  gen_modmul_ntt[7].u_mm/raw_sum_carry__1_i_14__13/O
                         net (fo=6, routed)           0.439    27.973    gen_modmul_ntt[11].u_mm/raw_sum_carry__2_i_5__27_0[3]
    SLICE_X62Y13         LUT6 (Prop_lut6_I0_O)        0.043    28.016 r  gen_modmul_ntt[11].u_mm/raw_sum_carry_i_32__3/O
                         net (fo=1, routed)           0.244    28.260    gen_modmul_ntt[11].u_mm/raw_sum_carry_i_32__3_n_0
    SLICE_X62Y13         LUT6 (Prop_lut6_I0_O)        0.043    28.303 r  gen_modmul_ntt[11].u_mm/raw_sum_carry_i_15__12/O
                         net (fo=39, routed)          0.624    28.928    gen_modmul_ntt[7].u_mm/raw_sum_carry__0
    SLICE_X52Y13         LUT3 (Prop_lut3_I1_O)        0.043    28.971 r  gen_modmul_ntt[7].u_mm/raw_sum_carry__0_i_8__37/O
                         net (fo=1, routed)           0.000    28.971    gen_r2ntt_r16.u_r2ntt16/gen_s2_b[2].gen_s2_g[1].u_bf/add_inst/raw_sum_carry__1_i_14__19_0[0]
    SLICE_X52Y13         CARRY4 (Prop_carry4_S[0]_CO[3])
                                                      0.259    29.230 r  gen_r2ntt_r16.u_r2ntt16/gen_s2_b[2].gen_s2_g[1].u_bf/add_inst/raw_sum_carry__0/CO[3]
                         net (fo=1, routed)           0.000    29.230    gen_r2ntt_r16.u_r2ntt16/gen_s2_b[2].gen_s2_g[1].u_bf/add_inst/raw_sum_carry__0_n_0
    SLICE_X52Y14         CARRY4 (Prop_carry4_CI_CO[3])
                                                      0.053    29.283 r  gen_r2ntt_r16.u_r2ntt16/gen_s2_b[2].gen_s2_g[1].u_bf/add_inst/raw_sum_carry__1/CO[3]
                         net (fo=1, routed)           0.000    29.283    gen_r2ntt_r16.u_r2ntt16/gen_s2_b[2].gen_s2_g[1].u_bf/add_inst/raw_sum_carry__1_n_0
    SLICE_X52Y15         CARRY4 (Prop_carry4_CI_CO[3])
                                                      0.053    29.336 r  gen_r2ntt_r16.u_r2ntt16/gen_s2_b[2].gen_s2_g[1].u_bf/add_inst/raw_sum_carry__2/CO[3]
                         net (fo=1, routed)           0.000    29.336    gen_r2ntt_r16.u_r2ntt16/gen_s2_b[2].gen_s2_g[1].u_bf/add_inst/raw_sum_carry__2_n_0
    SLICE_X52Y16         CARRY4 (Prop_carry4_CI_O[0])
                                                      0.111    29.447 r  gen_r2ntt_r16.u_r2ntt16/gen_s2_b[2].gen_s2_g[1].u_bf/add_inst/raw_sum_carry__3/O[0]
                         net (fo=1, routed)           0.369    29.815    gen_r2ntt_r16.u_r2ntt16/gen_s2_b[2].gen_s2_g[1].u_bf/add_inst/raw_sum_carry__3_n_7
    SLICE_X49Y13         LUT2 (Prop_lut2_I1_O)        0.124    29.939 r  gen_r2ntt_r16.u_r2ntt16/gen_s2_b[2].gen_s2_g[1].u_bf/add_inst/raw_sum_carry__0_i_16__10/O
                         net (fo=1, routed)           0.000    29.939    gen_r2ntt_r16.u_r2ntt16/gen_s2_b[2].gen_s2_g[1].u_bf/add_inst/raw_sum_carry__0_i_16__10_n_0
    SLICE_X49Y13         CARRY4 (Prop_carry4_S[0]_CO[3])
                                                      0.259    30.198 r  gen_r2ntt_r16.u_r2ntt16/gen_s2_b[2].gen_s2_g[1].u_bf/add_inst/raw_sum_carry__0_i_14__23/CO[3]
                         net (fo=1, routed)           0.000    30.198    gen_r2ntt_r16.u_r2ntt16/gen_s2_b[2].gen_s2_g[1].u_bf/add_inst/raw_sum_carry__0_i_14__23_n_0
    SLICE_X49Y14         CARRY4 (Prop_carry4_CI_CO[3])
                                                      0.053    30.251 r  gen_r2ntt_r16.u_r2ntt16/gen_s2_b[2].gen_s2_g[1].u_bf/add_inst/raw_sum_carry__1_i_14__19/CO[3]
                         net (fo=1, routed)           0.000    30.251    gen_r2ntt_r16.u_r2ntt16/gen_s2_b[2].gen_s2_g[1].u_bf/add_inst/raw_sum_carry__1_i_14__19_n_0
    SLICE_X49Y15         CARRY4 (Prop_carry4_CI_CO[3])
                                                      0.053    30.304 r  gen_r2ntt_r16.u_r2ntt16/gen_s2_b[2].gen_s2_g[1].u_bf/add_inst/raw_sum_carry_i_35__3/CO[3]
                         net (fo=1, routed)           0.000    30.304    gen_r2ntt_r16.u_r2ntt16/gen_s2_b[2].gen_s2_g[1].u_bf/add_inst/raw_sum_carry_i_35__3_n_0
    SLICE_X49Y16         CARRY4 (Prop_carry4_CI_O[2])
                                                      0.111    30.415 f  gen_r2ntt_r16.u_r2ntt16/gen_s2_b[2].gen_s2_g[1].u_bf/add_inst/raw_sum_carry_i_28__0/O[2]
                         net (fo=1, routed)           0.268    30.683    gen_modmul_ntt[11].u_mm/reduced_13[10]
    SLICE_X48Y17         LUT5 (Prop_lut5_I4_O)        0.122    30.805 f  gen_modmul_ntt[11].u_mm/raw_sum_carry__0_i_13__23/O
                         net (fo=8, routed)           0.474    31.278    gen_modmul_ntt[11].u_mm/s2[9]_5[10]
    SLICE_X48Y18         LUT4 (Prop_lut4_I0_O)        0.043    31.321 f  gen_modmul_ntt[11].u_mm/raw_sum_carry__0_i_8__32/O
                         net (fo=1, routed)           0.608    31.930    gen_modmul_ntt[11].u_mm/raw_sum_carry__0_i_8__32_n_0
    SLICE_X43Y19         LUT6 (Prop_lut6_I4_O)        0.043    31.973 r  gen_modmul_ntt[11].u_mm/raw_sum_carry__0_i_5__32/O
                         net (fo=47, routed)          0.503    32.476    gen_modmul_ntt[11].u_mm/raw_sum_carry__0_i_9__27_0
    SLICE_X37Y24         LUT3 (Prop_lut3_I1_O)        0.043    32.519 r  gen_modmul_ntt[11].u_mm/raw_sum_carry__1_i_3__61/O
                         net (fo=1, routed)           0.000    32.519    gen_r2ntt_r16.u_r2ntt16/gen_s3[4].u_bf/sub_inst/add_inst/out0_carry__0_i_5__8_0[1]
    SLICE_X37Y24         CARRY4 (Prop_carry4_S[1]_CO[3])
                                                      0.267    32.786 r  gen_r2ntt_r16.u_r2ntt16/gen_s3[4].u_bf/sub_inst/add_inst/raw_sum_carry__1/CO[3]
                         net (fo=1, routed)           0.007    32.793    gen_r2ntt_r16.u_r2ntt16/gen_s3[4].u_bf/sub_inst/add_inst/raw_sum_carry__1_n_0
    SLICE_X37Y25         CARRY4 (Prop_carry4_CI_CO[3])
                                                      0.053    32.846 r  gen_r2ntt_r16.u_r2ntt16/gen_s3[4].u_bf/sub_inst/add_inst/raw_sum_carry__2/CO[3]
                         net (fo=1, routed)           0.000    32.846    gen_r2ntt_r16.u_r2ntt16/gen_s3[4].u_bf/sub_inst/add_inst/raw_sum_carry__2_n_0
    SLICE_X37Y26         CARRY4 (Prop_carry4_CI_O[0])
                                                      0.111    32.957 r  gen_r2ntt_r16.u_r2ntt16/gen_s3[4].u_bf/sub_inst/add_inst/raw_sum_carry__3/O[0]
                         net (fo=1, routed)           0.327    33.284    gen_r2ntt_r16.u_r2ntt16/gen_s3[4].u_bf/sub_inst/add_inst/raw_sum_carry__3_n_7
    SLICE_X38Y22         LUT2 (Prop_lut2_I1_O)        0.124    33.408 r  gen_r2ntt_r16.u_r2ntt16/gen_s3[4].u_bf/sub_inst/add_inst/out0_carry_i_8__11/O
                         net (fo=1, routed)           0.000    33.408    gen_r2ntt_r16.u_r2ntt16/gen_s3[4].u_bf/sub_inst/add_inst/out0_carry_i_8__11_n_0
    SLICE_X38Y22         CARRY4 (Prop_carry4_S[0]_CO[3])
                                                      0.246    33.654 r  gen_r2ntt_r16.u_r2ntt16/gen_s3[4].u_bf/sub_inst/add_inst/out0_carry_i_6__8/CO[3]
                         net (fo=1, routed)           0.000    33.654    gen_r2ntt_r16.u_r2ntt16/gen_s3[4].u_bf/sub_inst/add_inst/out0_carry_i_6__8_n_0
    SLICE_X38Y23         CARRY4 (Prop_carry4_CI_CO[3])
                                                      0.054    33.708 r  gen_r2ntt_r16.u_r2ntt16/gen_s3[4].u_bf/sub_inst/add_inst/out0_carry_i_7__8/CO[3]
                         net (fo=1, routed)           0.000    33.708    gen_r2ntt_r16.u_r2ntt16/gen_s3[4].u_bf/sub_inst/add_inst/out0_carry_i_7__8_n_0
    SLICE_X38Y24         CARRY4 (Prop_carry4_CI_O[1])
                                                      0.165    33.873 r  gen_r2ntt_r16.u_r2ntt16/gen_s3[4].u_bf/sub_inst/add_inst/out0_carry__0_i_5__8/O[1]
                         net (fo=2, routed)           0.505    34.378    gen_modmul_ntt[11].u_mm/out0_carry__1_0[1]
    SLICE_X43Y17         LUT6 (Prop_lut6_I5_O)        0.125    34.503 r  gen_modmul_ntt[11].u_mm/gen_banks[15].mem_reg_0_15_0_5_i_1608/O
                         net (fo=1, routed)           0.516    35.019    gen_modmul_ntt[11].u_mm/ntt_result_d1__0[162]
    SLICE_X47Y25         LUT4 (Prop_lut4_I3_O)        0.043    35.062 r  gen_modmul_ntt[11].u_mm/gen_banks[15].mem_reg_0_15_0_5_i_1045/O
                         net (fo=17, routed)          0.638    35.700    gen_modmul_ntt[11].u_mm/gen_banks[15].mem_reg_0_15_0_5_i_1045_n_0
    SLICE_X48Y24         LUT6 (Prop_lut6_I1_O)        0.043    35.743 r  gen_modmul_ntt[11].u_mm/gen_banks[15].mem_reg_0_15_0_5_i_792/O
                         net (fo=1, routed)           0.360    36.103    gen_modmul_intt[9].u_mm_intt/ntt_result[0]
    SLICE_X48Y24         LUT6 (Prop_lut6_I5_O)        0.043    36.146 r  gen_modmul_intt[9].u_mm_intt/gen_banks[15].mem_reg_0_15_0_5_i_413/O
                         net (fo=1, routed)           0.261    36.407    gen_modmul_intt[9].u_mm_intt/gen_banks[15].mem_reg_0_15_0_5_i_413_n_0
    SLICE_X48Y25         LUT5 (Prop_lut5_I0_O)        0.043    36.450 r  gen_modmul_intt[9].u_mm_intt/gen_banks[15].mem_reg_0_15_0_5_i_212/O
                         net (fo=2, routed)           0.699    37.149    u_ctrl/gen_banks[15].mem_reg_0_15_30_33_i_24_1[0]
    SLICE_X26Y28         LUT4 (Prop_lut4_I3_O)        0.043    37.192 r  u_ctrl/gen_banks[15].mem_reg_0_15_18_23_i_69/O
                         net (fo=4, routed)           0.731    37.923    u_ctrl/bfly_data_pre[324]
    SLICE_X14Y33         LUT6 (Prop_lut6_I0_O)        0.043    37.966 r  u_ctrl/gen_banks[12].mem_reg_0_15_18_23_i_26/O
                         net (fo=4, routed)           0.558    38.523    u_ctrl/gen_banks[12].mem_reg_0_15_18_23_i_26_n_0
    SLICE_X13Y42         LUT6 (Prop_lut6_I3_O)        0.043    38.566 r  u_ctrl/gen_banks[0].mem_reg_0_15_18_23_i_9/O
                         net (fo=1, routed)           0.000    38.566    u_ctrl/bfly_data_routed[18]
    SLICE_X13Y42         MUXF7 (Prop_muxf7_I0_O)      0.107    38.673 r  u_ctrl/gen_banks[0].mem_reg_0_15_18_23_i_2/O
                         net (fo=1, routed)           0.699    39.373    u_membanks/gen_banks[0].mem_reg_0_15_18_23/DIA0
    SLICE_X16Y38         RAMD32                                       r  u_membanks/gen_banks[0].mem_reg_0_15_18_23/RAMA/I
  -------------------------------------------------------------------    -------------------

                         (clock clk rise edge)        3.000     3.000 r  
    V20                                               0.000     3.000 r  clk (IN)
                         net (fo=0)                   0.000     3.000    clk
    V20                  IBUF (Prop_ibuf_I_O)         0.676     3.676 r  clk_IBUF_inst/O
                         net (fo=1, routed)           1.834     5.510    clk_IBUF
    BUFGCTRL_X0Y0        BUFG (Prop_bufg_I_O)         0.083     5.593 r  clk_IBUF_BUFG_inst/O
                         net (fo=845, routed)         1.488     7.081    u_membanks/gen_banks[0].mem_reg_0_15_18_23/WCLK
    SLICE_X16Y38         RAMD32                                       r  u_membanks/gen_banks[0].mem_reg_0_15_18_23/RAMA/CLK
                         clock pessimism              0.291     7.372    
                         clock uncertainty           -0.035     7.336    
    SLICE_X16Y38         RAMD32 (Setup_ramd32_CLK_I)
                                                     -0.177     7.159    u_membanks/gen_banks[0].mem_reg_0_15_18_23/RAMA
  -------------------------------------------------------------------
                         required time                          7.159    
                         arrival time                         -39.373    
  -------------------------------------------------------------------
                         slack                                -32.213    

Slack (VIOLATED) :        -32.206ns  (required time - arrival time)
  Source:                 u_ctrl/delta_idx_reg[0]/C
                            (rising edge-triggered cell FDCE clocked by clk  {rise@0.000ns fall@1.500ns period=3.000ns})
  Destination:            u_membanks/gen_banks[5].mem_reg_0_15_24_29/RAMA_D1/I
                            (rising edge-triggered cell RAMD32 clocked by clk  {rise@0.000ns fall@1.500ns period=3.000ns})
  Path Group:             clk
  Path Type:              Setup (Max at Slow Process Corner)
  Requirement:            3.000ns  (clk rise@3.000ns - clk rise@0.000ns)
  Data Path Delay:        34.949ns  (logic 11.753ns (33.629%)  route 23.196ns (66.371%))
  Logic Levels:           88  (CARRY4=44 DSP48E1=1 LUT1=1 LUT2=6 LUT3=4 LUT4=6 LUT5=3 LUT6=21 MUXF7=1 RAMD32=1)
  Clock Path Skew:        -0.002ns (DCD - SCD + CPR)
    Destination Clock Delay (DCD):    4.078ns = ( 7.078 - 3.000 ) 
    Source Clock Delay      (SCD):    4.371ns
    Clock Pessimism Removal (CPR):    0.291ns
  Clock Uncertainty:      0.035ns  ((TSJ^2 + TIJ^2)^1/2 + DJ) / 2 + PE
    Total System Jitter     (TSJ):    0.071ns
    Total Input Jitter      (TIJ):    0.000ns
    Discrete Jitter          (DJ):    0.000ns
    Phase Error              (PE):    0.000ns

    Location             Delay type                Incr(ns)  Path(ns)    Netlist Resource(s)
  -------------------------------------------------------------------    -------------------
                         (clock clk rise edge)        0.000     0.000 r  
    V20                                               0.000     0.000 r  clk (IN)
                         net (fo=0)                   0.000     0.000    clk
    V20                  IBUF (Prop_ibuf_I_O)         0.751     0.751 r  clk_IBUF_inst/O
                         net (fo=1, routed)           1.950     2.701    clk_IBUF
    BUFGCTRL_X0Y0        BUFG (Prop_bufg_I_O)         0.093     2.794 r  clk_IBUF_BUFG_inst/O
                         net (fo=845, routed)         1.577     4.371    u_ctrl/clk_IBUF_BUFG
    SLICE_X30Y38         FDCE                                         r  u_ctrl/delta_idx_reg[0]/C
  -------------------------------------------------------------------    -------------------
    SLICE_X30Y38         FDCE (Prop_fdce_C_Q)         0.223     4.594 r  u_ctrl/delta_idx_reg[0]/Q
                         net (fo=31, routed)          0.205     4.799    u_ctrl/B[4]
    SLICE_X29Y38         LUT2 (Prop_lut2_I1_O)        0.043     4.842 r  u_ctrl/z1_full_i_115/O
                         net (fo=1, routed)           0.000     4.842    u_ctrl/z1_full_i_115_n_0
    SLICE_X29Y38         CARRY4 (Prop_carry4_S[0]_O[1])
                                                      0.218     5.060 r  u_ctrl/z1_full_i_105/O[1]
                         net (fo=1, routed)           0.270     5.330    u_addrgen/z1_full_i_108[0]
    SLICE_X30Y39         CARRY4 (Prop_carry4_S[0]_O[0])
                                                      0.247     5.577 r  u_addrgen/z1_full_i_104/O[0]
                         net (fo=2, routed)           0.298     5.875    u_ctrl/O[0]
    SLICE_X31Y38         CARRY4 (Prop_carry4_DI[1]_O[2])
                                                      0.343     6.218 r  u_ctrl/z1_full_i_103/O[2]
                         net (fo=54, routed)          0.540     6.758    u_ctrl/g_cnt_reg[7]_0[6]
    SLICE_X37Y36         CARRY4 (Prop_carry4_S[2]_O[2])
                                                      0.239     6.997 r  u_ctrl/gen_banks[15].mem_reg_0_15_0_5_i_181/O[2]
                         net (fo=4, routed)           0.721     7.718    u_ctrl/orig_addrs[22]
    SLICE_X34Y39         LUT6 (Prop_lut6_I5_O)        0.122     7.840 r  u_ctrl/gen_banks[14].mem_reg_0_15_0_5_i_61/O
                         net (fo=4, routed)           0.547     8.387    u_ctrl/gen_banks[14].mem_reg_0_15_0_5_i_61_n_0
    SLICE_X36Y40         LUT6 (Prop_lut6_I0_O)        0.043     8.430 r  u_ctrl/gen_banks[14].mem_reg_0_15_0_5_i_30/O
                         net (fo=2, routed)           0.286     8.716    u_ctrl/ntt_waddr[58]
    SLICE_X36Y39         LUT4 (Prop_lut4_I3_O)        0.043     8.759 r  u_ctrl/gen_banks[14].mem_reg_0_15_0_5_i_9/O
                         net (fo=36, routed)          0.871     9.630    u_membanks/gen_banks[14].mem_reg_0_15_0_5/ADDRB2
    SLICE_X46Y38         RAMD32 (Prop_ramd32_RADR2_O)
                                                      0.053     9.683 f  u_membanks/gen_banks[14].mem_reg_0_15_0_5/RAMB/O
                         net (fo=5, routed)           0.689    10.372    u_membanks/bank_dout[478]
    SLICE_X45Y42         LUT6 (Prop_lut6_I3_O)        0.138    10.510 f  u_membanks/z1_full_i_53/O
                         net (fo=4, routed)           0.341    10.850    u_membanks/z1_full_i_53_n_0
    SLICE_X43Y43         LUT6 (Prop_lut6_I5_O)        0.043    10.893 f  u_membanks/z1_full_i_9__12/O
                         net (fo=22, routed)          0.815    11.708    u_membanks/gen_bfly_pack[13].cur_l[2]
    SLICE_X25Y55         LUT1 (Prop_lut1_I0_O)        0.043    11.751 r  u_membanks/out0_carry_i_3__59/O
                         net (fo=1, routed)           0.000    11.751    gen_intt_n2d1[13].u_intt_n2d1/S[1]
    SLICE_X25Y55         CARRY4 (Prop_carry4_S[1]_CO[3])
                                                      0.267    12.018 r  gen_intt_n2d1[13].u_intt_n2d1/out0_carry/CO[3]
                         net (fo=1, routed)           0.000    12.018    gen_intt_n2d1[13].u_intt_n2d1/out0_carry_n_0
    SLICE_X25Y56         CARRY4 (Prop_carry4_CI_CO[3])
                                                      0.053    12.071 r  gen_intt_n2d1[13].u_intt_n2d1/out0_carry__0/CO[3]
                         net (fo=1, routed)           0.000    12.071    gen_intt_n2d1[13].u_intt_n2d1/out0_carry__0_n_0
    SLICE_X25Y57         CARRY4 (Prop_carry4_CI_CO[3])
                                                      0.053    12.124 r  gen_intt_n2d1[13].u_intt_n2d1/out0_carry__1/CO[3]
                         net (fo=1, routed)           0.000    12.124    gen_intt_n2d1[13].u_intt_n2d1/out0_carry__1_n_0
    SLICE_X25Y58         CARRY4 (Prop_carry4_CI_O[3])
                                                      0.149    12.273 f  gen_intt_n2d1[13].u_intt_n2d1/out0_carry__2/O[3]
                         net (fo=5, routed)           0.454    12.727    gen_intt_n2d1[13].u_intt_n2d1/O[1]
    SLICE_X24Y58         LUT5 (Prop_lut5_I2_O)        0.120    12.847 r  gen_intt_n2d1[13].u_intt_n2d1/raw_sum_carry_i_11__56/O
                         net (fo=7, routed)           0.462    13.309    gen_intt_n2d1[13].u_intt_n2d1/raw_sum_carry_i_11__56_n_0
    SLICE_X25Y59         LUT6 (Prop_lut6_I0_O)        0.043    13.352 r  gen_intt_n2d1[13].u_intt_n2d1/raw_sum_carry_i_9__53/O
                         net (fo=34, routed)          0.456    13.808    gen_intt_n2d1[13].u_intt_n2d1/raw_sum_carry_i_15__49_0
    SLICE_X26Y59         LUT4 (Prop_lut4_I3_O)        0.043    13.851 r  gen_intt_n2d1[13].u_intt_n2d1/raw_sum_carry_i_7__60_rewire/O
                         net (fo=1, routed)           0.000    13.851    gen_r2intt_r16.u_r2intt16/gen_s0[6].u_bf/u_sub/add_inst/raw_sum_carry__2_i_9__34_1[1]
    SLICE_X26Y59         CARRY4 (Prop_carry4_S[1]_CO[3])
                                                      0.267    14.118 r  gen_r2intt_r16.u_r2intt16/gen_s0[6].u_bf/u_sub/add_inst/raw_sum_carry/CO[3]
                         net (fo=1, routed)           0.000    14.118    gen_r2intt_r16.u_r2intt16/gen_s0[6].u_bf/u_sub/add_inst/raw_sum_carry_n_0
    SLICE_X26Y60         CARRY4 (Prop_carry4_CI_CO[3])
                                                      0.053    14.171 r  gen_r2intt_r16.u_r2intt16/gen_s0[6].u_bf/u_sub/add_inst/raw_sum_carry__0/CO[3]
                         net (fo=1, routed)           0.000    14.171    gen_r2intt_r16.u_r2intt16/gen_s0[6].u_bf/u_sub/add_inst/raw_sum_carry__0_n_0
    SLICE_X26Y61         CARRY4 (Prop_carry4_CI_CO[3])
                                                      0.053    14.224 r  gen_r2intt_r16.u_r2intt16/gen_s0[6].u_bf/u_sub/add_inst/raw_sum_carry__1/CO[3]
                         net (fo=1, routed)           0.000    14.224    gen_r2intt_r16.u_r2intt16/gen_s0[6].u_bf/u_sub/add_inst/raw_sum_carry__1_n_0
    SLICE_X26Y62         CARRY4 (Prop_carry4_CI_CO[3])
                                                      0.053    14.277 r  gen_r2intt_r16.u_r2intt16/gen_s0[6].u_bf/u_sub/add_inst/raw_sum_carry__2/CO[3]
                         net (fo=1, routed)           0.000    14.277    gen_r2intt_r16.u_r2intt16/gen_s0[6].u_bf/u_sub/add_inst/raw_sum_carry__2_n_0
    SLICE_X26Y63         CARRY4 (Prop_carry4_CI_O[0])
                                                      0.111    14.388 r  gen_r2intt_r16.u_r2intt16/gen_s0[6].u_bf/u_sub/add_inst/raw_sum_carry__3/O[0]
                         net (fo=1, routed)           0.275    14.662    gen_r2intt_r16.u_r2intt16/gen_s0[6].u_bf/u_sub/add_inst/raw_sum_carry__3_n_7
    SLICE_X27Y60         LUT2 (Prop_lut2_I1_O)        0.124    14.786 r  gen_r2intt_r16.u_r2intt16/gen_s0[6].u_bf/u_sub/add_inst/raw_sum_carry__2_i_15__41/O
                         net (fo=1, routed)           0.000    14.786    gen_r2intt_r16.u_r2intt16/gen_s0[6].u_bf/u_sub/add_inst/raw_sum_carry__2_i_15__41_n_0
    SLICE_X27Y60         CARRY4 (Prop_carry4_S[0]_CO[3])
                                                      0.259    15.045 r  gen_r2intt_r16.u_r2intt16/gen_s0[6].u_bf/u_sub/add_inst/raw_sum_carry__2_i_9__34/CO[3]
                         net (fo=1, routed)           0.000    15.045    gen_r2intt_r16.u_r2intt16/gen_s0[6].u_bf/u_sub/add_inst/raw_sum_carry__2_i_9__34_n_0
    SLICE_X27Y61         CARRY4 (Prop_carry4_CI_CO[3])
                                                      0.053    15.098 r  gen_r2intt_r16.u_r2intt16/gen_s0[6].u_bf/u_sub/add_inst/raw_sum_carry_i_25__25/CO[3]
                         net (fo=1, routed)           0.000    15.098    gen_r2intt_r16.u_r2intt16/gen_s0[6].u_bf/u_sub/add_inst/raw_sum_carry_i_25__25_n_0
    SLICE_X27Y62         CARRY4 (Prop_carry4_CI_CO[3])
                                                      0.053    15.151 r  gen_r2intt_r16.u_r2intt16/gen_s0[6].u_bf/u_sub/add_inst/raw_sum_carry__0_i_19__7/CO[3]
                         net (fo=1, routed)           0.000    15.151    gen_r2intt_r16.u_r2intt16/gen_s0[6].u_bf/u_sub/add_inst/raw_sum_carry__0_i_19__7_n_0
    SLICE_X27Y63         CARRY4 (Prop_carry4_CI_O[2])
                                                      0.111    15.262 f  gen_r2intt_r16.u_r2intt16/gen_s0[6].u_bf/u_sub/add_inst/raw_sum_carry__1_i_18__12/O[2]
                         net (fo=1, routed)           0.532    15.794    gen_intt_n2d1[12].u_intt_n2d1/raw_sum_carry__1_i_12__29[0]
    SLICE_X28Y66         LUT6 (Prop_lut6_I2_O)        0.122    15.916 r  gen_intt_n2d1[12].u_intt_n2d1/raw_sum_carry__1_i_9__32/O
                         net (fo=6, routed)           0.220    16.136    gen_intt_n2d1[13].u_intt_n2d1/raw_sum_carry__3_i_2__53_0
    SLICE_X28Y66         LUT2 (Prop_lut2_I1_O)        0.043    16.179 f  gen_intt_n2d1[13].u_intt_n2d1/raw_sum_carry__1_i_12__29/O
                         net (fo=4, routed)           0.576    16.755    gen_intt_n2d1[13].u_intt_n2d1/raw_sum_carry__1_i_12__29_n_0
    SLICE_X30Y62         LUT6 (Prop_lut6_I2_O)        0.043    16.798 r  gen_intt_n2d1[13].u_intt_n2d1/raw_sum_carry_i_22__32/O
                         net (fo=30, routed)          0.539    17.337    gen_intt_n2d1[13].u_intt_n2d1/raw_sum_carry_i_10__52_0
    SLICE_X33Y57         LUT3 (Prop_lut3_I0_O)        0.043    17.380 r  gen_intt_n2d1[13].u_intt_n2d1/raw_sum_carry_i_4__82/O
                         net (fo=1, routed)           0.000    17.380    gen_r2intt_r16.u_r2intt16/gen_s1_b[3].gen_s1_g[1].u_bf/u_add/raw_sum_carry_i_25__39_0[0]
    SLICE_X33Y57         CARRY4 (Prop_carry4_S[0]_CO[3])
                                                      0.259    17.639 r  gen_r2intt_r16.u_r2intt16/gen_s1_b[3].gen_s1_g[1].u_bf/u_add/raw_sum_carry/CO[3]
                         net (fo=1, routed)           0.000    17.639    gen_r2intt_r16.u_r2intt16/gen_s1_b[3].gen_s1_g[1].u_bf/u_add/raw_sum_carry_n_0
    SLICE_X33Y58         CARRY4 (Prop_carry4_CI_CO[3])
                                                      0.053    17.692 r  gen_r2intt_r16.u_r2intt16/gen_s1_b[3].gen_s1_g[1].u_bf/u_add/raw_sum_carry__0/CO[3]
                         net (fo=1, routed)           0.000    17.692    gen_r2intt_r16.u_r2intt16/gen_s1_b[3].gen_s1_g[1].u_bf/u_add/raw_sum_carry__0_n_0
    SLICE_X33Y59         CARRY4 (Prop_carry4_CI_CO[3])
                                                      0.053    17.745 r  gen_r2intt_r16.u_r2intt16/gen_s1_b[3].gen_s1_g[1].u_bf/u_add/raw_sum_carry__1/CO[3]
                         net (fo=1, routed)           0.000    17.745    gen_r2intt_r16.u_r2intt16/gen_s1_b[3].gen_s1_g[1].u_bf/u_add/raw_sum_carry__1_n_0
    SLICE_X33Y60         CARRY4 (Prop_carry4_CI_CO[3])
                                                      0.053    17.798 r  gen_r2intt_r16.u_r2intt16/gen_s1_b[3].gen_s1_g[1].u_bf/u_add/raw_sum_carry__2/CO[3]
                         net (fo=1, routed)           0.000    17.798    gen_r2intt_r16.u_r2intt16/gen_s1_b[3].gen_s1_g[1].u_bf/u_add/raw_sum_carry__2_n_0
    SLICE_X33Y61         CARRY4 (Prop_carry4_CI_O[0])
                                                      0.111    17.909 r  gen_r2intt_r16.u_r2intt16/gen_s1_b[3].gen_s1_g[1].u_bf/u_add/raw_sum_carry__3/O[0]
                         net (fo=1, routed)           0.323    18.232    gen_r2intt_r16.u_r2intt16/gen_s1_b[3].gen_s1_g[1].u_bf/u_add/raw_sum_carry__3_n_7
    SLICE_X34Y57         LUT2 (Prop_lut2_I1_O)        0.124    18.356 r  gen_r2intt_r16.u_r2intt16/gen_s1_b[3].gen_s1_g[1].u_bf/u_add/raw_sum_carry_i_33__23/O
                         net (fo=1, routed)           0.000    18.356    gen_r2intt_r16.u_r2intt16/gen_s1_b[3].gen_s1_g[1].u_bf/u_add/raw_sum_carry_i_33__23_n_0
    SLICE_X34Y57         CARRY4 (Prop_carry4_S[0]_CO[3])
                                                      0.259    18.615 r  gen_r2intt_r16.u_r2intt16/gen_s1_b[3].gen_s1_g[1].u_bf/u_add/raw_sum_carry_i_25__39/CO[3]
                         net (fo=1, routed)           0.000    18.615    gen_r2intt_r16.u_r2intt16/gen_s1_b[3].gen_s1_g[1].u_bf/u_add/raw_sum_carry_i_25__39_n_0
    SLICE_X34Y58         CARRY4 (Prop_carry4_CI_CO[3])
                                                      0.053    18.668 r  gen_r2intt_r16.u_r2intt16/gen_s1_b[3].gen_s1_g[1].u_bf/u_add/raw_sum_carry_i_24__36/CO[3]
                         net (fo=1, routed)           0.000    18.668    gen_r2intt_r16.u_r2intt16/gen_s1_b[3].gen_s1_g[1].u_bf/u_add/raw_sum_carry_i_24__36_n_0
    SLICE_X34Y59         CARRY4 (Prop_carry4_CI_CO[3])
                                                      0.053    18.721 r  gen_r2intt_r16.u_r2intt16/gen_s1_b[3].gen_s1_g[1].u_bf/u_add/raw_sum_carry__0_i_14__42/CO[3]
                         net (fo=1, routed)           0.000    18.721    gen_r2intt_r16.u_r2intt16/gen_s1_b[3].gen_s1_g[1].u_bf/u_add/raw_sum_carry__0_i_14__42_n_0
    SLICE_X34Y60         CARRY4 (Prop_carry4_CI_O[0])
                                                      0.111    18.832 r  gen_r2intt_r16.u_r2intt16/gen_s1_b[3].gen_s1_g[1].u_bf/u_add/raw_sum_carry__1_i_14__37/O[0]
                         net (fo=1, routed)           0.356    19.188    gen_intt_n2d1[15].u_intt_n2d1/raw_sum_carry__2_i_6__71[0]
    SLICE_X36Y59         LUT6 (Prop_lut6_I5_O)        0.124    19.312 r  gen_intt_n2d1[15].u_intt_n2d1/raw_sum_carry__1_i_10__42/O
                         net (fo=10, routed)          0.504    19.816    gen_intt_n2d1[15].u_intt_n2d1/raw_sum_carry__2_i_26__6_0[6]
    SLICE_X37Y56         LUT6 (Prop_lut6_I4_O)        0.043    19.859 f  gen_intt_n2d1[15].u_intt_n2d1/raw_sum_carry__2_i_26__6/O
                         net (fo=5, routed)           0.452    20.311    gen_intt_n2d1[15].u_intt_n2d1/raw_sum_carry__1_i_11__36_0
    SLICE_X45Y55         LUT6 (Prop_lut6_I0_O)        0.043    20.354 f  gen_intt_n2d1[15].u_intt_n2d1/raw_sum_carry__3_i_2__63/O
                         net (fo=4, routed)           0.689    21.043    gen_intt_n2d1[15].u_intt_n2d1/gen_r2intt_r16.u_r2intt16/s1[13][16]
    SLICE_X51Y53         LUT5 (Prop_lut5_I1_O)        0.043    21.086 r  gen_intt_n2d1[15].u_intt_n2d1/raw_sum_carry_i_5__86/O
                         net (fo=43, routed)          0.487    21.573    gen_intt_n2d1[15].u_intt_n2d1/raw_sum_carry_i_8__100_0
    SLICE_X54Y51         LUT3 (Prop_lut3_I0_O)        0.043    21.616 r  gen_intt_n2d1[15].u_intt_n2d1/raw_sum_carry_i_1__117/O
                         net (fo=1, routed)           0.000    21.616    gen_r2intt_r16.u_r2intt16/gen_s2_b[1].gen_s2_g[1].u_bf/u_sub/add_inst/raw_sum_carry__0_i_14__46_0[3]
    SLICE_X54Y51         CARRY4 (Prop_carry4_S[3]_CO[3])
                                                      0.180    21.796 r  gen_r2intt_r16.u_r2intt16/gen_s2_b[1].gen_s2_g[1].u_bf/u_sub/add_inst/raw_sum_carry/CO[3]
                         net (fo=1, routed)           0.000    21.796    gen_r2intt_r16.u_r2intt16/gen_s2_b[1].gen_s2_g[1].u_bf/u_sub/add_inst/raw_sum_carry_n_0
    SLICE_X54Y52         CARRY4 (Prop_carry4_CI_CO[3])
                                                      0.054    21.850 r  gen_r2intt_r16.u_r2intt16/gen_s2_b[1].gen_s2_g[1].u_bf/u_sub/add_inst/raw_sum_carry__0/CO[3]
                         net (fo=1, routed)           0.000    21.850    gen_r2intt_r16.u_r2intt16/gen_s2_b[1].gen_s2_g[1].u_bf/u_sub/add_inst/raw_sum_carry__0_n_0
    SLICE_X54Y53         CARRY4 (Prop_carry4_CI_CO[3])
                                                      0.054    21.904 r  gen_r2intt_r16.u_r2intt16/gen_s2_b[1].gen_s2_g[1].u_bf/u_sub/add_inst/raw_sum_carry__1/CO[3]
                         net (fo=1, routed)           0.000    21.904    gen_r2intt_r16.u_r2intt16/gen_s2_b[1].gen_s2_g[1].u_bf/u_sub/add_inst/raw_sum_carry__1_n_0
    SLICE_X54Y54         CARRY4 (Prop_carry4_CI_CO[3])
                                                      0.054    21.958 r  gen_r2intt_r16.u_r2intt16/gen_s2_b[1].gen_s2_g[1].u_bf/u_sub/add_inst/raw_sum_carry__2/CO[3]
                         net (fo=1, routed)           0.000    21.958    gen_r2intt_r16.u_r2intt16/gen_s2_b[1].gen_s2_g[1].u_bf/u_sub/add_inst/raw_sum_carry__2_n_0
    SLICE_X54Y55         CARRY4 (Prop_carry4_CI_O[0])
                                                      0.108    22.066 r  gen_r2intt_r16.u_r2intt16/gen_s2_b[1].gen_s2_g[1].u_bf/u_sub/add_inst/raw_sum_carry__3/O[0]
                         net (fo=1, routed)           0.286    22.352    gen_r2intt_r16.u_r2intt16/gen_s2_b[1].gen_s2_g[1].u_bf/u_sub/add_inst/raw_sum_carry__3_n_7
    SLICE_X55Y51         LUT2 (Prop_lut2_I1_O)        0.123    22.475 r  gen_r2intt_r16.u_r2intt16/gen_s2_b[1].gen_s2_g[1].u_bf/u_sub/add_inst/raw_sum_carry__0_i_18__12/O
                         net (fo=1, routed)           0.000    22.475    gen_r2intt_r16.u_r2intt16/gen_s2_b[1].gen_s2_g[1].u_bf/u_sub/add_inst/raw_sum_carry__0_i_18__12_n_0
    SLICE_X55Y51         CARRY4 (Prop_carry4_S[0]_CO[3])
                                                      0.259    22.734 r  gen_r2intt_r16.u_r2intt16/gen_s2_b[1].gen_s2_g[1].u_bf/u_sub/add_inst/raw_sum_carry__0_i_14__46/CO[3]
                         net (fo=1, routed)           0.000    22.734    gen_r2intt_r16.u_r2intt16/gen_s2_b[1].gen_s2_g[1].u_bf/u_sub/add_inst/raw_sum_carry__0_i_14__46_n_0
    SLICE_X55Y52         CARRY4 (Prop_carry4_CI_CO[3])
                                                      0.053    22.787 r  gen_r2intt_r16.u_r2intt16/gen_s2_b[1].gen_s2_g[1].u_bf/u_sub/add_inst/raw_sum_carry__1_i_15__21/CO[3]
                         net (fo=1, routed)           0.000    22.787    gen_r2intt_r16.u_r2intt16/gen_s2_b[1].gen_s2_g[1].u_bf/u_sub/add_inst/raw_sum_carry__1_i_15__21_n_0
    SLICE_X55Y53         CARRY4 (Prop_carry4_CI_O[1])
                                                      0.166    22.953 r  gen_r2intt_r16.u_r2intt16/gen_s2_b[1].gen_s2_g[1].u_bf/u_sub/add_inst/raw_sum_carry_i_24__41/O[1]
                         net (fo=1, routed)           0.461    23.414    gen_intt_n2d1[15].u_intt_n2d1/raw_sum_carry_i_7__100_0[1]
    SLICE_X56Y48         LUT6 (Prop_lut6_I5_O)        0.123    23.537 r  gen_intt_n2d1[15].u_intt_n2d1/raw_sum_carry_i_15__68/O
                         net (fo=13, routed)          0.984    24.521    gen_intt_n2d1[15].u_intt_n2d1/raw_sum_carry_i_15__68_n_0
    SLICE_X71Y35         LUT5 (Prop_lut5_I4_O)        0.043    24.564 r  gen_intt_n2d1[15].u_intt_n2d1/raw_sum_carry__0_i_15__20/O
                         net (fo=8, routed)           0.461    25.025    gen_intt_n2d1[15].u_intt_n2d1/raw_sum_carry__0_i_15__20_n_0
    SLICE_X70Y33         LUT6 (Prop_lut6_I0_O)        0.043    25.068 r  gen_intt_n2d1[15].u_intt_n2d1/raw_sum_carry__0_i_11__46/O
                         net (fo=7, routed)           0.390    25.458    gen_intt_n2d1[15].u_intt_n2d1/raw_sum_carry_i_24__41[1]
    SLICE_X75Y31         LUT4 (Prop_lut4_I3_O)        0.043    25.501 r  gen_intt_n2d1[15].u_intt_n2d1/raw_sum_carry_i_9__86/O
                         net (fo=2, routed)           0.462    25.963    gen_intt_n2d1[15].u_intt_n2d1/raw_sum_carry_i_9__86_n_0
    SLICE_X72Y26         LUT4 (Prop_lut4_I2_O)        0.043    26.006 r  gen_intt_n2d1[15].u_intt_n2d1/raw_sum_carry_i_5__100/O
                         net (fo=47, routed)          0.403    26.409    gen_intt_n2d1[15].u_intt_n2d1/raw_sum_carry_i_10__89_0
    SLICE_X75Y26         LUT4 (Prop_lut4_I0_O)        0.043    26.452 r  gen_intt_n2d1[15].u_intt_n2d1/raw_sum_carry_i_1__124/O
                         net (fo=1, routed)           0.000    26.452    gen_r2intt_r16.u_r2intt16/gen_s3[5].u_bf/u_sub/add_inst/out0_carry_i_6__44_0[3]
    SLICE_X75Y26         CARRY4 (Prop_carry4_S[3]_CO[3])
                                                      0.193    26.645 r  gen_r2intt_r16.u_r2intt16/gen_s3[5].u_bf/u_sub/add_inst/raw_sum_carry/CO[3]
                         net (fo=1, routed)           0.000    26.645    gen_r2intt_r16.u_r2intt16/gen_s3[5].u_bf/u_sub/add_inst/raw_sum_carry_n_0
    SLICE_X75Y27         CARRY4 (Prop_carry4_CI_CO[3])
                                                      0.053    26.698 r  gen_r2intt_r16.u_r2intt16/gen_s3[5].u_bf/u_sub/add_inst/raw_sum_carry__0/CO[3]
                         net (fo=1, routed)           0.000    26.698    gen_r2intt_r16.u_r2intt16/gen_s3[5].u_bf/u_sub/add_inst/raw_sum_carry__0_n_0
    SLICE_X75Y28         CARRY4 (Prop_carry4_CI_CO[3])
                                                      0.053    26.751 r  gen_r2intt_r16.u_r2intt16/gen_s3[5].u_bf/u_sub/add_inst/raw_sum_carry__1/CO[3]
                         net (fo=1, routed)           0.000    26.751    gen_r2intt_r16.u_r2intt16/gen_s3[5].u_bf/u_sub/add_inst/raw_sum_carry__1_n_0
    SLICE_X75Y29         CARRY4 (Prop_carry4_CI_CO[3])
                                                      0.053    26.804 r  gen_r2intt_r16.u_r2intt16/gen_s3[5].u_bf/u_sub/add_inst/raw_sum_carry__2/CO[3]
                         net (fo=1, routed)           0.000    26.804    gen_r2intt_r16.u_r2intt16/gen_s3[5].u_bf/u_sub/add_inst/raw_sum_carry__2_n_0
    SLICE_X75Y30         CARRY4 (Prop_carry4_CI_O[0])
                                                      0.111    26.915 r  gen_r2intt_r16.u_r2intt16/gen_s3[5].u_bf/u_sub/add_inst/raw_sum_carry__3/O[0]
                         net (fo=1, routed)           0.429    27.344    gen_r2intt_r16.u_r2intt16/gen_s3[5].u_bf/u_sub/add_inst/raw_sum_carry__3_n_7
    SLICE_X76Y26         LUT2 (Prop_lut2_I1_O)        0.124    27.468 r  gen_r2intt_r16.u_r2intt16/gen_s3[5].u_bf/u_sub/add_inst/out0_carry_i_8__46/O
                         net (fo=1, routed)           0.000    27.468    gen_r2intt_r16.u_r2intt16/gen_s3[5].u_bf/u_sub/add_inst/out0_carry_i_8__46_n_0
    SLICE_X76Y26         CARRY4 (Prop_carry4_S[0]_O[2])
                                                      0.261    27.729 r  gen_r2intt_r16.u_r2intt16/gen_s3[5].u_bf/u_sub/add_inst/out0_carry_i_6__44/O[2]
                         net (fo=2, routed)           0.419    28.148    gen_intt_n2d1[15].u_intt_n2d1/out0_carry_3[2]
    SLICE_X78Y26         LUT6 (Prop_lut6_I5_O)        0.127    28.275 r  gen_intt_n2d1[15].u_intt_n2d1/out0_carry__2_i_11__10/O
                         net (fo=2, routed)           0.601    28.876    gen_intt_n2d1[15].u_intt_n2d1/intt_d1_out[222]
    SLICE_X76Y31         LUT6 (Prop_lut6_I0_O)        0.043    28.919 f  gen_intt_n2d1[15].u_intt_n2d1/out0_carry__2_i_5__42/O
                         net (fo=4, routed)           0.377    29.296    gen_intt_n2d1[15].u_intt_n2d1/out0_carry__2_i_5__42_n_0
    SLICE_X77Y28         LUT6 (Prop_lut6_I5_O)        0.043    29.339 r  gen_intt_n2d1[15].u_intt_n2d1/out0_carry__2_i_2__41/O
                         net (fo=1, routed)           0.000    29.339    gen_intt_d1n[13].u_id1n/intt_d1_out[2]
    SLICE_X77Y28         CARRY4 (Prop_carry4_S[2]_O[3])
                                                      0.178    29.517 r  gen_intt_d1n[13].u_id1n/out0_carry__2/O[3]
                         net (fo=1, routed)           0.412    29.929    gen_intt_n2d1[15].u_intt_n2d1/product_37[3]
    SLICE_X74Y31         LUT6 (Prop_lut6_I0_O)        0.120    30.049 r  gen_intt_n2d1[15].u_intt_n2d1/product_i_1__27/O
                         net (fo=1, routed)           0.313    30.362    gen_modmul_intt[13].u_mm_intt/product_0[16]
    DSP48_X4Y10          DSP48E1 (Prop_dsp48e1_A[16]_P[17])
                                                      2.737    33.099 r  gen_modmul_intt[13].u_mm_intt/product/P[17]
                         net (fo=4, routed)           0.665    33.764    gen_modmul_intt[13].u_mm_intt/product_n_88
    SLICE_X74Y26         LUT3 (Prop_lut3_I0_O)        0.043    33.807 r  gen_modmul_intt[13].u_mm_intt/t_carry_i_4__28/O
                         net (fo=1, routed)           0.000    33.807    gen_modmul_intt[13].u_mm_intt/t_carry_i_4__28_n_0
    SLICE_X74Y26         CARRY4 (Prop_carry4_S[2]_CO[3])
                                                      0.183    33.990 r  gen_modmul_intt[13].u_mm_intt/t_carry/CO[3]
                         net (fo=1, routed)           0.000    33.990    gen_modmul_intt[13].u_mm_intt/t_carry_n_0
    SLICE_X74Y27         CARRY4 (Prop_carry4_CI_CO[3])
                                                      0.054    34.044 r  gen_modmul_intt[13].u_mm_intt/t_carry__0/CO[3]
                         net (fo=1, routed)           0.000    34.044    gen_modmul_intt[13].u_mm_intt/t_carry__0_n_0
    SLICE_X74Y28         CARRY4 (Prop_carry4_CI_O[1])
                                                      0.165    34.209 r  gen_modmul_intt[13].u_mm_intt/t_carry__1/O[1]
                         net (fo=4, routed)           0.447    34.656    gen_modmul_intt[13].u_mm_intt/t_carry__1_n_6
    SLICE_X72Y28         LUT4 (Prop_lut4_I1_O)        0.125    34.781 r  gen_modmul_intt[13].u_mm_intt/gen_banks[15].mem_reg_0_15_0_5_i_1449/O
                         net (fo=1, routed)           0.642    35.423    gen_modmul_intt[13].u_mm_intt/gen_banks[15].mem_reg_0_15_0_5_i_1449_n_0
    SLICE_X63Y28         LUT6 (Prop_lut6_I4_O)        0.043    35.466 r  gen_modmul_intt[13].u_mm_intt/gen_banks[15].mem_reg_0_15_0_5_i_919/O
                         net (fo=17, routed)          0.445    35.911    gen_modmul_intt[13].u_mm_intt/gen_banks[15].mem_reg_0_15_0_5_i_919_n_0
    SLICE_X56Y27         LUT3 (Prop_lut3_I1_O)        0.043    35.954 r  gen_modmul_intt[13].u_mm_intt/gen_banks[15].mem_reg_0_15_6_11_i_331/O
                         net (fo=1, routed)           0.608    36.562    u_ctrl/mm_intt_out[69]
    SLICE_X42Y27         LUT6 (Prop_lut6_I5_O)        0.043    36.605 r  u_ctrl/gen_banks[15].mem_reg_0_15_6_11_i_203/O
                         net (fo=2, routed)           0.570    37.174    u_ctrl/gen_banks[15].mem_reg_0_15_6_11_i_203_n_0
    SLICE_X28Y28         LUT6 (Prop_lut6_I3_O)        0.043    37.217 r  u_ctrl/gen_banks[15].mem_reg_0_15_24_29_i_57/O
                         net (fo=4, routed)           0.639    37.856    u_ctrl/bfly_data_pre[467]
    SLICE_X26Y34         LUT6 (Prop_lut6_I5_O)        0.043    37.899 r  u_ctrl/gen_banks[13].mem_reg_0_15_24_29_i_22/O
                         net (fo=4, routed)           0.546    38.446    u_ctrl/gen_banks[13].mem_reg_0_15_24_29_i_22_n_0
    SLICE_X40Y32         LUT6 (Prop_lut6_I1_O)        0.043    38.489 r  u_ctrl/gen_banks[5].mem_reg_0_15_24_29_i_7/O
                         net (fo=1, routed)           0.000    38.489    u_ctrl/bfly_data_routed[195]
    SLICE_X40Y32         MUXF7 (Prop_muxf7_I0_O)      0.101    38.590 r  u_ctrl/gen_banks[5].mem_reg_0_15_24_29_i_1/O
                         net (fo=1, routed)           0.730    39.320    u_membanks/gen_banks[5].mem_reg_0_15_24_29/DIA1
    SLICE_X22Y35         RAMD32                                       r  u_membanks/gen_banks[5].mem_reg_0_15_24_29/RAMA_D1/I
  -------------------------------------------------------------------    -------------------

                         (clock clk rise edge)        3.000     3.000 r  
    V20                                               0.000     3.000 r  clk (IN)
                         net (fo=0)                   0.000     3.000    clk
    V20                  IBUF (Prop_ibuf_I_O)         0.676     3.676 r  clk_IBUF_inst/O
                         net (fo=1, routed)           1.834     5.510    clk_IBUF
    BUFGCTRL_X0Y0        BUFG (Prop_bufg_I_O)         0.083     5.593 r  clk_IBUF_BUFG_inst/O
                         net (fo=845, routed)         1.485     7.078    u_membanks/gen_banks[5].mem_reg_0_15_24_29/WCLK
    SLICE_X22Y35         RAMD32                                       r  u_membanks/gen_banks[5].mem_reg_0_15_24_29/RAMA_D1/CLK
                         clock pessimism              0.291     7.369    
                         clock uncertainty           -0.035     7.333    
    SLICE_X22Y35         RAMD32 (Setup_ramd32_CLK_I)
                                                     -0.220     7.113    u_membanks/gen_banks[5].mem_reg_0_15_24_29/RAMA_D1
  -------------------------------------------------------------------
                         required time                          7.113    
                         arrival time                         -39.320    
  -------------------------------------------------------------------
                         slack                                -32.206    

Slack (VIOLATED) :        -32.179ns  (required time - arrival time)
  Source:                 u_ctrl/delta_idx_reg[0]/C
                            (rising edge-triggered cell FDCE clocked by clk  {rise@0.000ns fall@1.500ns period=3.000ns})
  Destination:            u_membanks/gen_banks[3].mem_reg_0_15_30_33/RAMA_D1/I
                            (rising edge-triggered cell RAMD32 clocked by clk  {rise@0.000ns fall@1.500ns period=3.000ns})
  Path Group:             clk
  Path Type:              Setup (Max at Slow Process Corner)
  Requirement:            3.000ns  (clk rise@3.000ns - clk rise@0.000ns)
  Data Path Delay:        34.923ns  (logic 10.374ns (29.705%)  route 24.549ns (70.295%))
  Logic Levels:           76  (CARRY4=32 DSP48E1=1 LUT2=9 LUT4=9 LUT5=8 LUT6=15 MUXF7=1 RAMD32=1)
  Clock Path Skew:        0.001ns (DCD - SCD + CPR)
    Destination Clock Delay (DCD):    4.081ns = ( 7.081 - 3.000 ) 
    Source Clock Delay      (SCD):    4.371ns
    Clock Pessimism Removal (CPR):    0.291ns
  Clock Uncertainty:      0.035ns  ((TSJ^2 + TIJ^2)^1/2 + DJ) / 2 + PE
    Total System Jitter     (TSJ):    0.071ns
    Total Input Jitter      (TIJ):    0.000ns
    Discrete Jitter          (DJ):    0.000ns
    Phase Error              (PE):    0.000ns

    Location             Delay type                Incr(ns)  Path(ns)    Netlist Resource(s)
  -------------------------------------------------------------------    -------------------
                         (clock clk rise edge)        0.000     0.000 r  
    V20                                               0.000     0.000 r  clk (IN)
                         net (fo=0)                   0.000     0.000    clk
    V20                  IBUF (Prop_ibuf_I_O)         0.751     0.751 r  clk_IBUF_inst/O
                         net (fo=1, routed)           1.950     2.701    clk_IBUF
    BUFGCTRL_X0Y0        BUFG (Prop_bufg_I_O)         0.093     2.794 r  clk_IBUF_BUFG_inst/O
                         net (fo=845, routed)         1.577     4.371    u_ctrl/clk_IBUF_BUFG
    SLICE_X30Y38         FDCE                                         r  u_ctrl/delta_idx_reg[0]/C
  -------------------------------------------------------------------    -------------------
    SLICE_X30Y38         FDCE (Prop_fdce_C_Q)         0.223     4.594 r  u_ctrl/delta_idx_reg[0]/Q
                         net (fo=31, routed)          0.205     4.799    u_ctrl/B[4]
    SLICE_X29Y38         LUT2 (Prop_lut2_I1_O)        0.043     4.842 r  u_ctrl/z1_full_i_115/O
                         net (fo=1, routed)           0.000     4.842    u_ctrl/z1_full_i_115_n_0
    SLICE_X29Y38         CARRY4 (Prop_carry4_S[0]_O[1])
                                                      0.218     5.060 r  u_ctrl/z1_full_i_105/O[1]
                         net (fo=1, routed)           0.270     5.330    u_addrgen/z1_full_i_108[0]
    SLICE_X30Y39         CARRY4 (Prop_carry4_S[0]_O[0])
                                                      0.247     5.577 r  u_addrgen/z1_full_i_104/O[0]
                         net (fo=2, routed)           0.187     5.764    u_ctrl/O[0]
    SLICE_X31Y38         LUT2 (Prop_lut2_I0_O)        0.124     5.888 r  u_ctrl/z1_full_i_108/O
                         net (fo=1, routed)           0.000     5.888    u_ctrl/z1_full_i_108_n_0
    SLICE_X31Y38         CARRY4 (Prop_carry4_S[1]_O[1])
                                                      0.109     5.997 r  u_ctrl/z1_full_i_103/O[1]
                         net (fo=53, routed)          0.519     6.516    u_membanks/gen_banks[15].mem_reg_0_15_0_5_i_193[1]
    SLICE_X37Y38         LUT2 (Prop_lut2_I0_O)        0.123     6.639 r  u_membanks/gen_banks[15].mem_reg_0_15_0_5_i_324/O
                         net (fo=1, routed)           0.000     6.639    u_ctrl/gen_banks[13].mem_reg_0_15_0_5_i_67_0[0]
    SLICE_X37Y38         CARRY4 (Prop_carry4_S[0]_O[0])
                                                      0.124     6.763 r  u_ctrl/gen_banks[15].mem_reg_0_15_0_5_i_185/O[0]
                         net (fo=5, routed)           0.671     7.434    u_ctrl/orig_addrs[53]
    SLICE_X38Y34         LUT6 (Prop_lut6_I5_O)        0.124     7.558 r  u_ctrl/gen_banks[14].mem_reg_0_15_0_5_i_66/O
                         net (fo=4, routed)           0.578     8.136    u_ctrl/gen_banks[14].mem_reg_0_15_0_5_i_66_n_0
    SLICE_X37Y42         LUT6 (Prop_lut6_I0_O)        0.043     8.179 r  u_ctrl/gen_banks[2].mem_reg_0_15_0_5_i_30/O
                         net (fo=2, routed)           0.413     8.591    u_ctrl/ntt_waddr[9]
    SLICE_X35Y42         LUT4 (Prop_lut4_I3_O)        0.043     8.634 r  u_ctrl/gen_banks[2].mem_reg_0_15_0_5_i_10/O
                         net (fo=36, routed)          0.937     9.571    u_membanks/gen_banks[2].mem_reg_0_15_12_17/ADDRA1
    SLICE_X38Y44         RAMD32 (Prop_ramd32_RADR1_O)
                                                      0.047     9.618 f  u_membanks/gen_banks[2].mem_reg_0_15_12_17/RAMA/O
                         net (fo=5, routed)           0.888    10.506    u_membanks/bank_dout[80]
    SLICE_X32Y50         LUT6 (Prop_lut6_I3_O)        0.134    10.640 f  u_membanks/z1_full_i_80/O
                         net (fo=4, routed)           0.470    11.110    u_membanks/z1_full_i_80_n_0
    SLICE_X31Y49         LUT6 (Prop_lut6_I0_O)        0.043    11.153 f  u_membanks/z1_full_i_16__4/O
                         net (fo=24, routed)          0.949    12.102    u_membanks/gen_bfly_pack[5].cur_l[12]
    SLICE_X61Y47         LUT4 (Prop_lut4_I2_O)        0.043    12.145 f  u_membanks/raw_sum_carry_i_18__65/O
                         net (fo=1, routed)           0.529    12.674    u_membanks/raw_sum_carry_i_18__65_n_0
    SLICE_X65Y47         LUT5 (Prop_lut5_I3_O)        0.043    12.717 f  u_membanks/raw_sum_carry_i_10__94/O
                         net (fo=79, routed)          0.724    13.441    gen_intt_n2d1[5].u_intt_n2d1/raw_sum_carry_i_39__5_0
    SLICE_X77Y47         LUT6 (Prop_lut6_I3_O)        0.043    13.484 r  gen_intt_n2d1[5].u_intt_n2d1/raw_sum_carry_i_21__25/O
                         net (fo=10, routed)          0.445    13.929    gen_intt_n2d1[5].u_intt_n2d1/raw_sum_carry_i_21__25_n_0
    SLICE_X77Y48         LUT5 (Prop_lut5_I2_O)        0.043    13.972 r  gen_intt_n2d1[5].u_intt_n2d1/raw_sum_carry_i_11__48_rewire/O
                         net (fo=57, routed)          0.452    14.424    gen_intt_n2d1[5].u_intt_n2d1/raw_sum_carry_i_23__23_0
    SLICE_X78Y48         LUT4 (Prop_lut4_I3_O)        0.043    14.467 r  gen_intt_n2d1[5].u_intt_n2d1/raw_sum_carry__0_i_7__44/O
                         net (fo=1, routed)           0.000    14.467    gen_r2intt_r16.u_r2intt16/gen_s0[2].u_bf/u_sub/add_inst/raw_sum_carry__0_i_20__4_0[1]
    SLICE_X78Y48         CARRY4 (Prop_carry4_S[1]_CO[3])
                                                      0.256    14.723 r  gen_r2intt_r16.u_r2intt16/gen_s0[2].u_bf/u_sub/add_inst/raw_sum_carry__0/CO[3]
                         net (fo=1, routed)           0.000    14.723    gen_r2intt_r16.u_r2intt16/gen_s0[2].u_bf/u_sub/add_inst/raw_sum_carry__0_n_0
    SLICE_X78Y49         CARRY4 (Prop_carry4_CI_CO[3])
                                                      0.054    14.777 r  gen_r2intt_r16.u_r2intt16/gen_s0[2].u_bf/u_sub/add_inst/raw_sum_carry__1/CO[3]
                         net (fo=1, routed)           0.001    14.777    gen_r2intt_r16.u_r2intt16/gen_s0[2].u_bf/u_sub/add_inst/raw_sum_carry__1_n_0
    SLICE_X78Y50         CARRY4 (Prop_carry4_CI_CO[3])
                                                      0.054    14.831 r  gen_r2intt_r16.u_r2intt16/gen_s0[2].u_bf/u_sub/add_inst/raw_sum_carry__2/CO[3]
                         net (fo=1, routed)           0.000    14.831    gen_r2intt_r16.u_r2intt16/gen_s0[2].u_bf/u_sub/add_inst/raw_sum_carry__2_n_0
    SLICE_X78Y51         CARRY4 (Prop_carry4_CI_O[0])
                                                      0.108    14.939 r  gen_r2intt_r16.u_r2intt16/gen_s0[2].u_bf/u_sub/add_inst/raw_sum_carry__3/O[0]
                         net (fo=1, routed)           0.286    15.226    gen_r2intt_r16.u_r2intt16/gen_s0[2].u_bf/u_sub/add_inst/raw_sum_carry__3_n_7
    SLICE_X79Y47         LUT2 (Prop_lut2_I1_O)        0.123    15.349 r  gen_r2intt_r16.u_r2intt16/gen_s0[2].u_bf/u_sub/add_inst/raw_sum_carry_i_24__49/O
                         net (fo=1, routed)           0.000    15.349    gen_r2intt_r16.u_r2intt16/gen_s0[2].u_bf/u_sub/add_inst/raw_sum_carry_i_24__49_n_0
    SLICE_X79Y47         CARRY4 (Prop_carry4_S[0]_CO[3])
                                                      0.259    15.608 r  gen_r2intt_r16.u_r2intt16/gen_s0[2].u_bf/u_sub/add_inst/raw_sum_carry_i_19__26/CO[3]
                         net (fo=1, routed)           0.000    15.608    gen_r2intt_r16.u_r2intt16/gen_s0[2].u_bf/u_sub/add_inst/raw_sum_carry_i_19__26_n_0
    SLICE_X79Y48         CARRY4 (Prop_carry4_CI_O[1])
                                                      0.166    15.774 r  gen_r2intt_r16.u_r2intt16/gen_s0[2].u_bf/u_sub/add_inst/raw_sum_carry__0_i_20__4/O[1]
                         net (fo=2, routed)           0.336    16.109    gen_intt_n2d1[5].u_intt_n2d1/reduced[5]
    SLICE_X83Y48         LUT6 (Prop_lut6_I5_O)        0.123    16.232 r  gen_intt_n2d1[5].u_intt_n2d1/raw_sum_carry__0_i_10__29/O
                         net (fo=11, routed)          0.437    16.670    gen_intt_n2d1[5].u_intt_n2d1/raw_sum_carry__0_i_10__29_n_0
    SLICE_X85Y49         LUT4 (Prop_lut4_I2_O)        0.043    16.713 f  gen_intt_n2d1[5].u_intt_n2d1/raw_sum_carry_i_12__43/O
                         net (fo=19, routed)          0.690    17.403    gen_intt_n2d1[5].u_intt_n2d1/raw_sum_carry_i_12__43_n_0
    SLICE_X83Y45         LUT6 (Prop_lut6_I2_O)        0.043    17.446 r  gen_intt_n2d1[5].u_intt_n2d1/raw_sum_carry__0_i_3__65/O
                         net (fo=12, routed)          0.426    17.872    gen_r2intt_r16.u_r2intt16/gen_s1_b[1].gen_s1_g[1].u_bf/u_add/s0[5]_26[5]
    SLICE_X84Y45         CARRY4 (Prop_carry4_DI[1]_CO[3])
                                                      0.250    18.122 r  gen_r2intt_r16.u_r2intt16/gen_s1_b[1].gen_s1_g[1].u_bf/u_add/raw_sum_carry__0/CO[3]
                         net (fo=1, routed)           0.000    18.122    gen_r2intt_r16.u_r2intt16/gen_s1_b[1].gen_s1_g[1].u_bf/u_add/raw_sum_carry__0_n_0
    SLICE_X84Y46         CARRY4 (Prop_carry4_CI_CO[3])
                                                      0.053    18.175 r  gen_r2intt_r16.u_r2intt16/gen_s1_b[1].gen_s1_g[1].u_bf/u_add/raw_sum_carry__1/CO[3]
                         net (fo=1, routed)           0.000    18.175    gen_r2intt_r16.u_r2intt16/gen_s1_b[1].gen_s1_g[1].u_bf/u_add/raw_sum_carry__1_n_0
    SLICE_X84Y47         CARRY4 (Prop_carry4_CI_CO[3])
                                                      0.053    18.228 r  gen_r2intt_r16.u_r2intt16/gen_s1_b[1].gen_s1_g[1].u_bf/u_add/raw_sum_carry__2/CO[3]
                         net (fo=1, routed)           0.000    18.228    gen_r2intt_r16.u_r2intt16/gen_s1_b[1].gen_s1_g[1].u_bf/u_add/raw_sum_carry__2_n_0
    SLICE_X84Y48         CARRY4 (Prop_carry4_CI_O[0])
                                                      0.111    18.339 r  gen_r2intt_r16.u_r2intt16/gen_s1_b[1].gen_s1_g[1].u_bf/u_add/raw_sum_carry__3/O[0]
                         net (fo=1, routed)           0.454    18.793    gen_r2intt_r16.u_r2intt16/gen_s1_b[1].gen_s1_g[1].u_bf/u_add/raw_sum_carry__3_n_7
    SLICE_X85Y44         LUT2 (Prop_lut2_I1_O)        0.124    18.917 r  gen_r2intt_r16.u_r2intt16/gen_s1_b[1].gen_s1_g[1].u_bf/u_add/raw_sum_carry_i_33__22/O
                         net (fo=1, routed)           0.000    18.917    gen_r2intt_r16.u_r2intt16/gen_s1_b[1].gen_s1_g[1].u_bf/u_add/raw_sum_carry_i_33__22_n_0
    SLICE_X85Y44         CARRY4 (Prop_carry4_S[0]_CO[3])
                                                      0.259    19.176 r  gen_r2intt_r16.u_r2intt16/gen_s1_b[1].gen_s1_g[1].u_bf/u_add/raw_sum_carry_i_25__32/CO[3]
                         net (fo=1, routed)           0.000    19.176    gen_r2intt_r16.u_r2intt16/gen_s1_b[1].gen_s1_g[1].u_bf/u_add/raw_sum_carry_i_25__32_n_0
    SLICE_X85Y45         CARRY4 (Prop_carry4_CI_CO[3])
                                                      0.053    19.229 r  gen_r2intt_r16.u_r2intt16/gen_s1_b[1].gen_s1_g[1].u_bf/u_add/raw_sum_carry_i_24__32/CO[3]
                         net (fo=1, routed)           0.000    19.229    gen_r2intt_r16.u_r2intt16/gen_s1_b[1].gen_s1_g[1].u_bf/u_add/raw_sum_carry_i_24__32_n_0
    SLICE_X85Y46         CARRY4 (Prop_carry4_CI_CO[3])
                                                      0.053    19.282 r  gen_r2intt_r16.u_r2intt16/gen_s1_b[1].gen_s1_g[1].u_bf/u_add/raw_sum_carry__0_i_14__37/CO[3]
                         net (fo=1, routed)           0.000    19.282    gen_r2intt_r16.u_r2intt16/gen_s1_b[1].gen_s1_g[1].u_bf/u_add/raw_sum_carry__0_i_14__37_n_0
    SLICE_X85Y47         CARRY4 (Prop_carry4_CI_O[2])
                                                      0.111    19.393 r  gen_r2intt_r16.u_r2intt16/gen_s1_b[1].gen_s1_g[1].u_bf/u_add/raw_sum_carry__1_i_14__33/O[2]
                         net (fo=1, routed)           0.435    19.828    gen_intt_n2d1[5].u_intt_n2d1/reduced_7[3]
    SLICE_X83Y45         LUT6 (Prop_lut6_I5_O)        0.122    19.950 r  gen_intt_n2d1[5].u_intt_n2d1/raw_sum_carry__2_i_17__23/O
                         net (fo=7, routed)           0.484    20.433    gen_intt_n2d1[5].u_intt_n2d1/raw_sum_carry__1_i_14__33[3]
    SLICE_X86Y43         LUT4 (Prop_lut4_I1_O)        0.043    20.476 r  gen_intt_n2d1[5].u_intt_n2d1/raw_sum_carry__2_i_24__8/O
                         net (fo=4, routed)           0.462    20.938    gen_intt_n2d1[7].u_intt_n2d1/raw_sum_carry__2_i_11__41_0
    SLICE_X87Y43         LUT6 (Prop_lut6_I1_O)        0.043    20.981 r  gen_intt_n2d1[7].u_intt_n2d1/raw_sum_carry__2_i_15__27/O
                         net (fo=5, routed)           0.400    21.381    gen_intt_n2d1[3].u_intt_n2d1/s1[5]_14[13]
    SLICE_X78Y41         LUT2 (Prop_lut2_I1_O)        0.043    21.424 r  gen_intt_n2d1[3].u_intt_n2d1/raw_sum_carry__2_i_5__65/O
                         net (fo=1, routed)           0.000    21.424    gen_r2intt_r16.u_r2intt16/gen_s2_b[0].gen_s2_g[1].u_bf/u_add/raw_sum_carry__1_i_9__44_0[3]
    SLICE_X78Y41         CARRY4 (Prop_carry4_S[3]_CO[3])
                                                      0.180    21.604 r  gen_r2intt_r16.u_r2intt16/gen_s2_b[0].gen_s2_g[1].u_bf/u_add/raw_sum_carry__2/CO[3]
                         net (fo=1, routed)           0.000    21.604    gen_r2intt_r16.u_r2intt16/gen_s2_b[0].gen_s2_g[1].u_bf/u_add/raw_sum_carry__2_n_0
    SLICE_X78Y42         CARRY4 (Prop_carry4_CI_O[0])
                                                      0.108    21.712 r  gen_r2intt_r16.u_r2intt16/gen_s2_b[0].gen_s2_g[1].u_bf/u_add/raw_sum_carry__3/O[0]
                         net (fo=1, routed)           0.238    21.950    gen_r2intt_r16.u_r2intt16/gen_s2_b[0].gen_s2_g[1].u_bf/u_add/raw_sum_carry__3_n_7
    SLICE_X77Y42         LUT2 (Prop_lut2_I1_O)        0.123    22.073 r  gen_r2intt_r16.u_r2intt16/gen_s2_b[0].gen_s2_g[1].u_bf/u_add/raw_sum_carry_i_22__58/O
                         net (fo=1, routed)           0.000    22.073    gen_r2intt_r16.u_r2intt16/gen_s2_b[0].gen_s2_g[1].u_bf/u_add/raw_sum_carry_i_22__58_n_0
    SLICE_X77Y42         CARRY4 (Prop_carry4_S[0]_CO[3])
                                                      0.259    22.332 r  gen_r2intt_r16.u_r2intt16/gen_s2_b[0].gen_s2_g[1].u_bf/u_add/raw_sum_carry_i_11__74/CO[3]
                         net (fo=1, routed)           0.000    22.332    gen_r2intt_r16.u_r2intt16/gen_s2_b[0].gen_s2_g[1].u_bf/u_add/raw_sum_carry_i_11__74_n_0
    SLICE_X77Y43         CARRY4 (Prop_carry4_CI_CO[3])
                                                      0.053    22.385 r  gen_r2intt_r16.u_r2intt16/gen_s2_b[0].gen_s2_g[1].u_bf/u_add/raw_sum_carry_i_10__72/CO[3]
                         net (fo=1, routed)           0.000    22.385    gen_r2intt_r16.u_r2intt16/gen_s2_b[0].gen_s2_g[1].u_bf/u_add/raw_sum_carry_i_10__72_n_0
    SLICE_X77Y44         CARRY4 (Prop_carry4_CI_CO[3])
                                                      0.053    22.438 r  gen_r2intt_r16.u_r2intt16/gen_s2_b[0].gen_s2_g[1].u_bf/u_add/raw_sum_carry__0_i_9__46/CO[3]
                         net (fo=1, routed)           0.000    22.438    gen_r2intt_r16.u_r2intt16/gen_s2_b[0].gen_s2_g[1].u_bf/u_add/raw_sum_carry__0_i_9__46_n_0
    SLICE_X77Y45         CARRY4 (Prop_carry4_CI_O[2])
                                                      0.111    22.549 r  gen_r2intt_r16.u_r2intt16/gen_s2_b[0].gen_s2_g[1].u_bf/u_add/raw_sum_carry__1_i_9__44/O[2]
                         net (fo=1, routed)           0.556    23.106    gen_intt_n2d1[3].u_intt_n2d1/reduced_15[3]
    SLICE_X68Y45         LUT5 (Prop_lut5_I4_O)        0.122    23.228 r  gen_intt_n2d1[3].u_intt_n2d1/raw_sum_carry__2_i_3__87/O
                         net (fo=11, routed)          0.388    23.616    gen_intt_n2d1[3].u_intt_n2d1/s2[1]_5[3]
    SLICE_X69Y45         LUT4 (Prop_lut4_I1_O)        0.043    23.659 r  gen_intt_n2d1[3].u_intt_n2d1/raw_sum_carry__2_i_18__29/O
                         net (fo=2, routed)           0.370    24.029    gen_intt_n2d1[7].u_intt_n2d1/out0_carry_i_12__25_1
    SLICE_X68Y45         LUT5 (Prop_lut5_I3_O)        0.043    24.072 r  gen_intt_n2d1[7].u_intt_n2d1/raw_sum_carry__2_i_9__46/O
                         net (fo=2, routed)           0.415    24.487    gen_intt_n2d1[7].u_intt_n2d1/raw_sum_carry__2_i_9__46_n_0
    SLICE_X65Y45         LUT5 (Prop_lut5_I0_O)        0.043    24.530 r  gen_intt_n2d1[7].u_intt_n2d1/raw_sum_carry__2_i_1__87/O
                         net (fo=8, routed)           0.354    24.883    gen_intt_n2d1[7].u_intt_n2d1/s2[1]_5[10]
    SLICE_X67Y45         LUT2 (Prop_lut2_I0_O)        0.043    24.926 r  gen_intt_n2d1[7].u_intt_n2d1/raw_sum_carry__2_i_5__73/O
                         net (fo=1, routed)           0.000    24.926    gen_r2intt_r16.u_r2intt16/gen_s3[1].u_bf/u_add/out0_carry__1_i_5__33_0[3]
    SLICE_X67Y45         CARRY4 (Prop_carry4_S[3]_CO[3])
                                                      0.193    25.119 r  gen_r2intt_r16.u_r2intt16/gen_s3[1].u_bf/u_add/raw_sum_carry__2/CO[3]
                         net (fo=1, routed)           0.000    25.119    gen_r2intt_r16.u_r2intt16/gen_s3[1].u_bf/u_add/raw_sum_carry__2_n_0
    SLICE_X67Y46         CARRY4 (Prop_carry4_CI_O[0])
                                                      0.111    25.230 r  gen_r2intt_r16.u_r2intt16/gen_s3[1].u_bf/u_add/raw_sum_carry__3/O[0]
                         net (fo=1, routed)           0.336    25.566    gen_r2intt_r16.u_r2intt16/gen_s3[1].u_bf/u_add/raw_sum_carry__3_n_7
    SLICE_X66Y44         LUT2 (Prop_lut2_I1_O)        0.124    25.690 r  gen_r2intt_r16.u_r2intt16/gen_s3[1].u_bf/u_add/out0_carry_i_15__20/O
                         net (fo=1, routed)           0.000    25.690    gen_r2intt_r16.u_r2intt16/gen_s3[1].u_bf/u_add/out0_carry_i_15__20_n_0
    SLICE_X66Y44         CARRY4 (Prop_carry4_S[0]_CO[3])
                                                      0.246    25.936 r  gen_r2intt_r16.u_r2intt16/gen_s3[1].u_bf/u_add/out0_carry_i_7__33/CO[3]
                         net (fo=1, routed)           0.000    25.936    gen_r2intt_r16.u_r2intt16/gen_s3[1].u_bf/u_add/out0_carry_i_7__33_n_0
    SLICE_X66Y45         CARRY4 (Prop_carry4_CI_CO[3])
                                                      0.054    25.990 r  gen_r2intt_r16.u_r2intt16/gen_s3[1].u_bf/u_add/out0_carry_i_8__35/CO[3]
                         net (fo=1, routed)           0.000    25.990    gen_r2intt_r16.u_r2intt16/gen_s3[1].u_bf/u_add/out0_carry_i_8__35_n_0
    SLICE_X66Y46         CARRY4 (Prop_carry4_CI_O[2])
                                                      0.112    26.102 r  gen_r2intt_r16.u_r2intt16/gen_s3[1].u_bf/u_add/out0_carry__0_i_5__33/O[2]
                         net (fo=2, routed)           0.464    26.566    gen_intt_n2d1[15].u_intt_n2d1/reduced_11[7]
    SLICE_X64Y45         LUT5 (Prop_lut5_I4_O)        0.127    26.693 r  gen_intt_n2d1[15].u_intt_n2d1/product_i_26__18/O
                         net (fo=3, routed)           0.476    27.168    gen_intt_n2d1[15].u_intt_n2d1/intt_d1_out[26]
    SLICE_X69Y46         LUT6 (Prop_lut6_I4_O)        0.043    27.211 r  gen_intt_n2d1[15].u_intt_n2d1/out0_carry__2_i_5__33/O
                         net (fo=3, routed)           0.757    27.969    gen_intt_n2d1[15].u_intt_n2d1/out0_carry__2_i_5__33_n_0
    SLICE_X71Y38         LUT5 (Prop_lut5_I0_O)        0.043    28.012 f  gen_intt_n2d1[15].u_intt_n2d1/product_i_22__17/O
                         net (fo=17, routed)          0.845    28.857    gen_intt_n2d1[15].u_intt_n2d1/intt_d1_out[33]
    SLICE_X80Y32         LUT6 (Prop_lut6_I5_O)        0.043    28.900 r  gen_intt_n2d1[15].u_intt_n2d1/product_i_11__15/O
                         net (fo=1, routed)           0.837    29.737    gen_modmul_intt[1].u_mm_intt/A[6]
    DSP48_X5Y6           DSP48E1 (Prop_dsp48e1_A[6]_P[19])
                                                      2.737    32.474 r  gen_modmul_intt[1].u_mm_intt/product/P[19]
                         net (fo=3, routed)           0.723    33.197    gen_modmul_intt[1].u_mm_intt/product_n_86
    SLICE_X89Y17         LUT4 (Prop_lut4_I0_O)        0.043    33.240 r  gen_modmul_intt[1].u_mm_intt/t_carry__0_i_8__16/O
                         net (fo=1, routed)           0.000    33.240    gen_modmul_intt[1].u_mm_intt/t_carry__0_i_8__16_n_0
    SLICE_X89Y17         CARRY4 (Prop_carry4_S[0]_CO[3])
                                                      0.259    33.499 r  gen_modmul_intt[1].u_mm_intt/t_carry__0/CO[3]
                         net (fo=1, routed)           0.000    33.499    gen_modmul_intt[1].u_mm_intt/t_carry__0_n_0
    SLICE_X89Y18         CARRY4 (Prop_carry4_CI_CO[3])
                                                      0.053    33.552 r  gen_modmul_intt[1].u_mm_intt/t_carry__1/CO[3]
                         net (fo=1, routed)           0.000    33.552    gen_modmul_intt[1].u_mm_intt/t_carry__1_n_0
    SLICE_X89Y19         CARRY4 (Prop_carry4_CI_O[2])
                                                      0.111    33.663 r  gen_modmul_intt[1].u_mm_intt/t_carry__2/O[2]
                         net (fo=4, routed)           0.881    34.545    gen_modmul_intt[1].u_mm_intt/t_carry__2_n_5
    SLICE_X71Y19         LUT4 (Prop_lut4_I0_O)        0.122    34.667 r  gen_modmul_intt[1].u_mm_intt/gen_banks[15].mem_reg_0_15_0_5_i_1322/O
                         net (fo=1, routed)           0.357    35.024    gen_modmul_intt[1].u_mm_intt/gen_banks[15].mem_reg_0_15_0_5_i_1322_n_0
    SLICE_X70Y18         LUT6 (Prop_lut6_I3_O)        0.043    35.067 r  gen_modmul_intt[1].u_mm_intt/gen_banks[15].mem_reg_0_15_0_5_i_655/O
                         net (fo=17, routed)          0.678    35.745    gen_modmul_intt[1].u_mm_intt/gen_banks[15].mem_reg_0_15_0_5_i_655_n_0
    SLICE_X52Y19         LUT6 (Prop_lut6_I1_O)        0.043    35.788 r  gen_modmul_intt[1].u_mm_intt/gen_banks[15].mem_reg_0_15_12_17_i_303/O
                         net (fo=1, routed)           0.384    36.172    gen_modmul_intt[1].u_mm_intt/gen_banks[15].mem_reg_0_15_12_17_i_303_n_0
    SLICE_X49Y23         LUT5 (Prop_lut5_I0_O)        0.043    36.215 r  gen_modmul_intt[1].u_mm_intt/gen_banks[15].mem_reg_0_15_12_17_i_189/O
                         net (fo=2, routed)           1.043    37.258    u_ctrl/gen_banks[13].mem_reg_0_15_30_33_i_21_1[13]
    SLICE_X21Y48         LUT4 (Prop_lut4_I3_O)        0.043    37.301 r  u_ctrl/gen_banks[15].mem_reg_0_15_30_33_i_31/O
                         net (fo=4, routed)           0.583    37.885    u_ctrl/bfly_data_pre[65]
    SLICE_X23Y53         LUT6 (Prop_lut6_I1_O)        0.043    37.928 r  u_ctrl/gen_banks[15].mem_reg_0_15_30_33_i_14/O
                         net (fo=4, routed)           0.568    38.496    u_ctrl/gen_banks[15].mem_reg_0_15_30_33_i_14_n_0
    SLICE_X21Y52         LUT6 (Prop_lut6_I5_O)        0.043    38.539 r  u_ctrl/gen_banks[3].mem_reg_0_15_30_33_i_5/O
                         net (fo=1, routed)           0.000    38.539    u_ctrl/bfly_data_routed[133]
    SLICE_X21Y52         MUXF7 (Prop_muxf7_I0_O)      0.107    38.646 r  u_ctrl/gen_banks[3].mem_reg_0_15_30_33_i_1/O
                         net (fo=1, routed)           0.648    39.294    u_membanks/gen_banks[3].mem_reg_0_15_30_33/DIA1
    SLICE_X22Y41         RAMD32                                       r  u_membanks/gen_banks[3].mem_reg_0_15_30_33/RAMA_D1/I
  -------------------------------------------------------------------    -------------------

                         (clock clk rise edge)        3.000     3.000 r  
    V20                                               0.000     3.000 r  clk (IN)
                         net (fo=0)                   0.000     3.000    clk
    V20                  IBUF (Prop_ibuf_I_O)         0.676     3.676 r  clk_IBUF_inst/O
                         net (fo=1, routed)           1.834     5.510    clk_IBUF
    BUFGCTRL_X0Y0        BUFG (Prop_bufg_I_O)         0.083     5.593 r  clk_IBUF_BUFG_inst/O
                         net (fo=845, routed)         1.488     7.081    u_membanks/gen_banks[3].mem_reg_0_15_30_33/WCLK
    SLICE_X22Y41         RAMD32                                       r  u_membanks/gen_banks[3].mem_reg_0_15_30_33/RAMA_D1/CLK
                         clock pessimism              0.291     7.372    
                         clock uncertainty           -0.035     7.336    
    SLICE_X22Y41         RAMD32 (Setup_ramd32_CLK_I)
                                                     -0.221     7.115    u_membanks/gen_banks[3].mem_reg_0_15_30_33/RAMA_D1
  -------------------------------------------------------------------
                         required time                          7.115    
                         arrival time                         -39.294    
  -------------------------------------------------------------------
                         slack                                -32.179    

Slack (VIOLATED) :        -32.175ns  (required time - arrival time)
  Source:                 u_ctrl/delta_idx_reg[0]/C
                            (rising edge-triggered cell FDCE clocked by clk  {rise@0.000ns fall@1.500ns period=3.000ns})
  Destination:            u_membanks/gen_banks[12].mem_reg_0_15_12_17/RAMA/I
                            (rising edge-triggered cell RAMD32 clocked by clk  {rise@0.000ns fall@1.500ns period=3.000ns})
  Path Group:             clk
  Path Type:              Setup (Max at Slow Process Corner)
  Requirement:            3.000ns  (clk rise@3.000ns - clk rise@0.000ns)
  Data Path Delay:        34.918ns  (logic 11.759ns (33.676%)  route 23.159ns (66.324%))
  Logic Levels:           88  (CARRY4=44 DSP48E1=1 LUT1=1 LUT2=6 LUT3=4 LUT4=6 LUT5=3 LUT6=21 MUXF7=1 RAMD32=1)
  Clock Path Skew:        -0.044ns (DCD - SCD + CPR)
    Destination Clock Delay (DCD):    4.036ns = ( 7.036 - 3.000 ) 
    Source Clock Delay      (SCD):    4.371ns
    Clock Pessimism Removal (CPR):    0.291ns
  Clock Uncertainty:      0.035ns  ((TSJ^2 + TIJ^2)^1/2 + DJ) / 2 + PE
    Total System Jitter     (TSJ):    0.071ns
    Total Input Jitter      (TIJ):    0.000ns
    Discrete Jitter          (DJ):    0.000ns
    Phase Error              (PE):    0.000ns

    Location             Delay type                Incr(ns)  Path(ns)    Netlist Resource(s)
  -------------------------------------------------------------------    -------------------
                         (clock clk rise edge)        0.000     0.000 r  
    V20                                               0.000     0.000 r  clk (IN)
                         net (fo=0)                   0.000     0.000    clk
    V20                  IBUF (Prop_ibuf_I_O)         0.751     0.751 r  clk_IBUF_inst/O
                         net (fo=1, routed)           1.950     2.701    clk_IBUF
    BUFGCTRL_X0Y0        BUFG (Prop_bufg_I_O)         0.093     2.794 r  clk_IBUF_BUFG_inst/O
                         net (fo=845, routed)         1.577     4.371    u_ctrl/clk_IBUF_BUFG
    SLICE_X30Y38         FDCE                                         r  u_ctrl/delta_idx_reg[0]/C
  -------------------------------------------------------------------    -------------------
    SLICE_X30Y38         FDCE (Prop_fdce_C_Q)         0.223     4.594 r  u_ctrl/delta_idx_reg[0]/Q
                         net (fo=31, routed)          0.205     4.799    u_ctrl/B[4]
    SLICE_X29Y38         LUT2 (Prop_lut2_I1_O)        0.043     4.842 r  u_ctrl/z1_full_i_115/O
                         net (fo=1, routed)           0.000     4.842    u_ctrl/z1_full_i_115_n_0
    SLICE_X29Y38         CARRY4 (Prop_carry4_S[0]_O[1])
                                                      0.218     5.060 r  u_ctrl/z1_full_i_105/O[1]
                         net (fo=1, routed)           0.270     5.330    u_addrgen/z1_full_i_108[0]
    SLICE_X30Y39         CARRY4 (Prop_carry4_S[0]_O[0])
                                                      0.247     5.577 r  u_addrgen/z1_full_i_104/O[0]
                         net (fo=2, routed)           0.298     5.875    u_ctrl/O[0]
    SLICE_X31Y38         CARRY4 (Prop_carry4_DI[1]_O[2])
                                                      0.343     6.218 r  u_ctrl/z1_full_i_103/O[2]
                         net (fo=54, routed)          0.540     6.758    u_ctrl/g_cnt_reg[7]_0[6]
    SLICE_X37Y36         CARRY4 (Prop_carry4_S[2]_O[2])
                                                      0.239     6.997 r  u_ctrl/gen_banks[15].mem_reg_0_15_0_5_i_181/O[2]
                         net (fo=4, routed)           0.721     7.718    u_ctrl/orig_addrs[22]
    SLICE_X34Y39         LUT6 (Prop_lut6_I5_O)        0.122     7.840 r  u_ctrl/gen_banks[14].mem_reg_0_15_0_5_i_61/O
                         net (fo=4, routed)           0.547     8.387    u_ctrl/gen_banks[14].mem_reg_0_15_0_5_i_61_n_0
    SLICE_X36Y40         LUT6 (Prop_lut6_I0_O)        0.043     8.430 r  u_ctrl/gen_banks[14].mem_reg_0_15_0_5_i_30/O
                         net (fo=2, routed)           0.286     8.716    u_ctrl/ntt_waddr[58]
    SLICE_X36Y39         LUT4 (Prop_lut4_I3_O)        0.043     8.759 r  u_ctrl/gen_banks[14].mem_reg_0_15_0_5_i_9/O
                         net (fo=36, routed)          0.871     9.630    u_membanks/gen_banks[14].mem_reg_0_15_0_5/ADDRB2
    SLICE_X46Y38         RAMD32 (Prop_ramd32_RADR2_O)
                                                      0.053     9.683 f  u_membanks/gen_banks[14].mem_reg_0_15_0_5/RAMB/O
                         net (fo=5, routed)           0.689    10.372    u_membanks/bank_dout[478]
    SLICE_X45Y42         LUT6 (Prop_lut6_I3_O)        0.138    10.510 f  u_membanks/z1_full_i_53/O
                         net (fo=4, routed)           0.341    10.850    u_membanks/z1_full_i_53_n_0
    SLICE_X43Y43         LUT6 (Prop_lut6_I5_O)        0.043    10.893 f  u_membanks/z1_full_i_9__12/O
                         net (fo=22, routed)          0.815    11.708    u_membanks/gen_bfly_pack[13].cur_l[2]
    SLICE_X25Y55         LUT1 (Prop_lut1_I0_O)        0.043    11.751 r  u_membanks/out0_carry_i_3__59/O
                         net (fo=1, routed)           0.000    11.751    gen_intt_n2d1[13].u_intt_n2d1/S[1]
    SLICE_X25Y55         CARRY4 (Prop_carry4_S[1]_CO[3])
                                                      0.267    12.018 r  gen_intt_n2d1[13].u_intt_n2d1/out0_carry/CO[3]
                         net (fo=1, routed)           0.000    12.018    gen_intt_n2d1[13].u_intt_n2d1/out0_carry_n_0
    SLICE_X25Y56         CARRY4 (Prop_carry4_CI_CO[3])
                                                      0.053    12.071 r  gen_intt_n2d1[13].u_intt_n2d1/out0_carry__0/CO[3]
                         net (fo=1, routed)           0.000    12.071    gen_intt_n2d1[13].u_intt_n2d1/out0_carry__0_n_0
    SLICE_X25Y57         CARRY4 (Prop_carry4_CI_CO[3])
                                                      0.053    12.124 r  gen_intt_n2d1[13].u_intt_n2d1/out0_carry__1/CO[3]
                         net (fo=1, routed)           0.000    12.124    gen_intt_n2d1[13].u_intt_n2d1/out0_carry__1_n_0
    SLICE_X25Y58         CARRY4 (Prop_carry4_CI_O[3])
                                                      0.149    12.273 f  gen_intt_n2d1[13].u_intt_n2d1/out0_carry__2/O[3]
                         net (fo=5, routed)           0.454    12.727    gen_intt_n2d1[13].u_intt_n2d1/O[1]
    SLICE_X24Y58         LUT5 (Prop_lut5_I2_O)        0.120    12.847 r  gen_intt_n2d1[13].u_intt_n2d1/raw_sum_carry_i_11__56/O
                         net (fo=7, routed)           0.462    13.309    gen_intt_n2d1[13].u_intt_n2d1/raw_sum_carry_i_11__56_n_0
    SLICE_X25Y59         LUT6 (Prop_lut6_I0_O)        0.043    13.352 r  gen_intt_n2d1[13].u_intt_n2d1/raw_sum_carry_i_9__53/O
                         net (fo=34, routed)          0.456    13.808    gen_intt_n2d1[13].u_intt_n2d1/raw_sum_carry_i_15__49_0
    SLICE_X26Y59         LUT4 (Prop_lut4_I3_O)        0.043    13.851 r  gen_intt_n2d1[13].u_intt_n2d1/raw_sum_carry_i_7__60_rewire/O
                         net (fo=1, routed)           0.000    13.851    gen_r2intt_r16.u_r2intt16/gen_s0[6].u_bf/u_sub/add_inst/raw_sum_carry__2_i_9__34_1[1]
    SLICE_X26Y59         CARRY4 (Prop_carry4_S[1]_CO[3])
                                                      0.267    14.118 r  gen_r2intt_r16.u_r2intt16/gen_s0[6].u_bf/u_sub/add_inst/raw_sum_carry/CO[3]
                         net (fo=1, routed)           0.000    14.118    gen_r2intt_r16.u_r2intt16/gen_s0[6].u_bf/u_sub/add_inst/raw_sum_carry_n_0
    SLICE_X26Y60         CARRY4 (Prop_carry4_CI_CO[3])
                                                      0.053    14.171 r  gen_r2intt_r16.u_r2intt16/gen_s0[6].u_bf/u_sub/add_inst/raw_sum_carry__0/CO[3]
                         net (fo=1, routed)           0.000    14.171    gen_r2intt_r16.u_r2intt16/gen_s0[6].u_bf/u_sub/add_inst/raw_sum_carry__0_n_0
    SLICE_X26Y61         CARRY4 (Prop_carry4_CI_CO[3])
                                                      0.053    14.224 r  gen_r2intt_r16.u_r2intt16/gen_s0[6].u_bf/u_sub/add_inst/raw_sum_carry__1/CO[3]
                         net (fo=1, routed)           0.000    14.224    gen_r2intt_r16.u_r2intt16/gen_s0[6].u_bf/u_sub/add_inst/raw_sum_carry__1_n_0
    SLICE_X26Y62         CARRY4 (Prop_carry4_CI_CO[3])
                                                      0.053    14.277 r  gen_r2intt_r16.u_r2intt16/gen_s0[6].u_bf/u_sub/add_inst/raw_sum_carry__2/CO[3]
                         net (fo=1, routed)           0.000    14.277    gen_r2intt_r16.u_r2intt16/gen_s0[6].u_bf/u_sub/add_inst/raw_sum_carry__2_n_0
    SLICE_X26Y63         CARRY4 (Prop_carry4_CI_O[0])
                                                      0.111    14.388 r  gen_r2intt_r16.u_r2intt16/gen_s0[6].u_bf/u_sub/add_inst/raw_sum_carry__3/O[0]
                         net (fo=1, routed)           0.275    14.662    gen_r2intt_r16.u_r2intt16/gen_s0[6].u_bf/u_sub/add_inst/raw_sum_carry__3_n_7
    SLICE_X27Y60         LUT2 (Prop_lut2_I1_O)        0.124    14.786 r  gen_r2intt_r16.u_r2intt16/gen_s0[6].u_bf/u_sub/add_inst/raw_sum_carry__2_i_15__41/O
                         net (fo=1, routed)           0.000    14.786    gen_r2intt_r16.u_r2intt16/gen_s0[6].u_bf/u_sub/add_inst/raw_sum_carry__2_i_15__41_n_0
    SLICE_X27Y60         CARRY4 (Prop_carry4_S[0]_CO[3])
                                                      0.259    15.045 r  gen_r2intt_r16.u_r2intt16/gen_s0[6].u_bf/u_sub/add_inst/raw_sum_carry__2_i_9__34/CO[3]
                         net (fo=1, routed)           0.000    15.045    gen_r2intt_r16.u_r2intt16/gen_s0[6].u_bf/u_sub/add_inst/raw_sum_carry__2_i_9__34_n_0
    SLICE_X27Y61         CARRY4 (Prop_carry4_CI_CO[3])
                                                      0.053    15.098 r  gen_r2intt_r16.u_r2intt16/gen_s0[6].u_bf/u_sub/add_inst/raw_sum_carry_i_25__25/CO[3]
                         net (fo=1, routed)           0.000    15.098    gen_r2intt_r16.u_r2intt16/gen_s0[6].u_bf/u_sub/add_inst/raw_sum_carry_i_25__25_n_0
    SLICE_X27Y62         CARRY4 (Prop_carry4_CI_CO[3])
                                                      0.053    15.151 r  gen_r2intt_r16.u_r2intt16/gen_s0[6].u_bf/u_sub/add_inst/raw_sum_carry__0_i_19__7/CO[3]
                         net (fo=1, routed)           0.000    15.151    gen_r2intt_r16.u_r2intt16/gen_s0[6].u_bf/u_sub/add_inst/raw_sum_carry__0_i_19__7_n_0
    SLICE_X27Y63         CARRY4 (Prop_carry4_CI_O[2])
                                                      0.111    15.262 f  gen_r2intt_r16.u_r2intt16/gen_s0[6].u_bf/u_sub/add_inst/raw_sum_carry__1_i_18__12/O[2]
                         net (fo=1, routed)           0.532    15.794    gen_intt_n2d1[12].u_intt_n2d1/raw_sum_carry__1_i_12__29[0]
    SLICE_X28Y66         LUT6 (Prop_lut6_I2_O)        0.122    15.916 r  gen_intt_n2d1[12].u_intt_n2d1/raw_sum_carry__1_i_9__32/O
                         net (fo=6, routed)           0.220    16.136    gen_intt_n2d1[13].u_intt_n2d1/raw_sum_carry__3_i_2__53_0
    SLICE_X28Y66         LUT2 (Prop_lut2_I1_O)        0.043    16.179 f  gen_intt_n2d1[13].u_intt_n2d1/raw_sum_carry__1_i_12__29/O
                         net (fo=4, routed)           0.576    16.755    gen_intt_n2d1[13].u_intt_n2d1/raw_sum_carry__1_i_12__29_n_0
    SLICE_X30Y62         LUT6 (Prop_lut6_I2_O)        0.043    16.798 r  gen_intt_n2d1[13].u_intt_n2d1/raw_sum_carry_i_22__32/O
                         net (fo=30, routed)          0.539    17.337    gen_intt_n2d1[13].u_intt_n2d1/raw_sum_carry_i_10__52_0
    SLICE_X33Y57         LUT3 (Prop_lut3_I0_O)        0.043    17.380 r  gen_intt_n2d1[13].u_intt_n2d1/raw_sum_carry_i_4__82/O
                         net (fo=1, routed)           0.000    17.380    gen_r2intt_r16.u_r2intt16/gen_s1_b[3].gen_s1_g[1].u_bf/u_add/raw_sum_carry_i_25__39_0[0]
    SLICE_X33Y57         CARRY4 (Prop_carry4_S[0]_CO[3])
                                                      0.259    17.639 r  gen_r2intt_r16.u_r2intt16/gen_s1_b[3].gen_s1_g[1].u_bf/u_add/raw_sum_carry/CO[3]
                         net (fo=1, routed)           0.000    17.639    gen_r2intt_r16.u_r2intt16/gen_s1_b[3].gen_s1_g[1].u_bf/u_add/raw_sum_carry_n_0
    SLICE_X33Y58         CARRY4 (Prop_carry4_CI_CO[3])
                                                      0.053    17.692 r  gen_r2intt_r16.u_r2intt16/gen_s1_b[3].gen_s1_g[1].u_bf/u_add/raw_sum_carry__0/CO[3]
                         net (fo=1, routed)           0.000    17.692    gen_r2intt_r16.u_r2intt16/gen_s1_b[3].gen_s1_g[1].u_bf/u_add/raw_sum_carry__0_n_0
    SLICE_X33Y59         CARRY4 (Prop_carry4_CI_CO[3])
                                                      0.053    17.745 r  gen_r2intt_r16.u_r2intt16/gen_s1_b[3].gen_s1_g[1].u_bf/u_add/raw_sum_carry__1/CO[3]
                         net (fo=1, routed)           0.000    17.745    gen_r2intt_r16.u_r2intt16/gen_s1_b[3].gen_s1_g[1].u_bf/u_add/raw_sum_carry__1_n_0
    SLICE_X33Y60         CARRY4 (Prop_carry4_CI_CO[3])
                                                      0.053    17.798 r  gen_r2intt_r16.u_r2intt16/gen_s1_b[3].gen_s1_g[1].u_bf/u_add/raw_sum_carry__2/CO[3]
                         net (fo=1, routed)           0.000    17.798    gen_r2intt_r16.u_r2intt16/gen_s1_b[3].gen_s1_g[1].u_bf/u_add/raw_sum_carry__2_n_0
    SLICE_X33Y61         CARRY4 (Prop_carry4_CI_O[0])
                                                      0.111    17.909 r  gen_r2intt_r16.u_r2intt16/gen_s1_b[3].gen_s1_g[1].u_bf/u_add/raw_sum_carry__3/O[0]
                         net (fo=1, routed)           0.323    18.232    gen_r2intt_r16.u_r2intt16/gen_s1_b[3].gen_s1_g[1].u_bf/u_add/raw_sum_carry__3_n_7
    SLICE_X34Y57         LUT2 (Prop_lut2_I1_O)        0.124    18.356 r  gen_r2intt_r16.u_r2intt16/gen_s1_b[3].gen_s1_g[1].u_bf/u_add/raw_sum_carry_i_33__23/O
                         net (fo=1, routed)           0.000    18.356    gen_r2intt_r16.u_r2intt16/gen_s1_b[3].gen_s1_g[1].u_bf/u_add/raw_sum_carry_i_33__23_n_0
    SLICE_X34Y57         CARRY4 (Prop_carry4_S[0]_CO[3])
                                                      0.259    18.615 r  gen_r2intt_r16.u_r2intt16/gen_s1_b[3].gen_s1_g[1].u_bf/u_add/raw_sum_carry_i_25__39/CO[3]
                         net (fo=1, routed)           0.000    18.615    gen_r2intt_r16.u_r2intt16/gen_s1_b[3].gen_s1_g[1].u_bf/u_add/raw_sum_carry_i_25__39_n_0
    SLICE_X34Y58         CARRY4 (Prop_carry4_CI_CO[3])
                                                      0.053    18.668 r  gen_r2intt_r16.u_r2intt16/gen_s1_b[3].gen_s1_g[1].u_bf/u_add/raw_sum_carry_i_24__36/CO[3]
                         net (fo=1, routed)           0.000    18.668    gen_r2intt_r16.u_r2intt16/gen_s1_b[3].gen_s1_g[1].u_bf/u_add/raw_sum_carry_i_24__36_n_0
    SLICE_X34Y59         CARRY4 (Prop_carry4_CI_CO[3])
                                                      0.053    18.721 r  gen_r2intt_r16.u_r2intt16/gen_s1_b[3].gen_s1_g[1].u_bf/u_add/raw_sum_carry__0_i_14__42/CO[3]
                         net (fo=1, routed)           0.000    18.721    gen_r2intt_r16.u_r2intt16/gen_s1_b[3].gen_s1_g[1].u_bf/u_add/raw_sum_carry__0_i_14__42_n_0
    SLICE_X34Y60         CARRY4 (Prop_carry4_CI_O[0])
                                                      0.111    18.832 r  gen_r2intt_r16.u_r2intt16/gen_s1_b[3].gen_s1_g[1].u_bf/u_add/raw_sum_carry__1_i_14__37/O[0]
                         net (fo=1, routed)           0.356    19.188    gen_intt_n2d1[15].u_intt_n2d1/raw_sum_carry__2_i_6__71[0]
    SLICE_X36Y59         LUT6 (Prop_lut6_I5_O)        0.124    19.312 r  gen_intt_n2d1[15].u_intt_n2d1/raw_sum_carry__1_i_10__42/O
                         net (fo=10, routed)          0.504    19.816    gen_intt_n2d1[15].u_intt_n2d1/raw_sum_carry__2_i_26__6_0[6]
    SLICE_X37Y56         LUT6 (Prop_lut6_I4_O)        0.043    19.859 f  gen_intt_n2d1[15].u_intt_n2d1/raw_sum_carry__2_i_26__6/O
                         net (fo=5, routed)           0.452    20.311    gen_intt_n2d1[15].u_intt_n2d1/raw_sum_carry__1_i_11__36_0
    SLICE_X45Y55         LUT6 (Prop_lut6_I0_O)        0.043    20.354 f  gen_intt_n2d1[15].u_intt_n2d1/raw_sum_carry__3_i_2__63/O
                         net (fo=4, routed)           0.689    21.043    gen_intt_n2d1[15].u_intt_n2d1/gen_r2intt_r16.u_r2intt16/s1[13][16]
    SLICE_X51Y53         LUT5 (Prop_lut5_I1_O)        0.043    21.086 r  gen_intt_n2d1[15].u_intt_n2d1/raw_sum_carry_i_5__86/O
                         net (fo=43, routed)          0.487    21.573    gen_intt_n2d1[15].u_intt_n2d1/raw_sum_carry_i_8__100_0
    SLICE_X54Y51         LUT3 (Prop_lut3_I0_O)        0.043    21.616 r  gen_intt_n2d1[15].u_intt_n2d1/raw_sum_carry_i_1__117/O
                         net (fo=1, routed)           0.000    21.616    gen_r2intt_r16.u_r2intt16/gen_s2_b[1].gen_s2_g[1].u_bf/u_sub/add_inst/raw_sum_carry__0_i_14__46_0[3]
    SLICE_X54Y51         CARRY4 (Prop_carry4_S[3]_CO[3])
                                                      0.180    21.796 r  gen_r2intt_r16.u_r2intt16/gen_s2_b[1].gen_s2_g[1].u_bf/u_sub/add_inst/raw_sum_carry/CO[3]
                         net (fo=1, routed)           0.000    21.796    gen_r2intt_r16.u_r2intt16/gen_s2_b[1].gen_s2_g[1].u_bf/u_sub/add_inst/raw_sum_carry_n_0
    SLICE_X54Y52         CARRY4 (Prop_carry4_CI_CO[3])
                                                      0.054    21.850 r  gen_r2intt_r16.u_r2intt16/gen_s2_b[1].gen_s2_g[1].u_bf/u_sub/add_inst/raw_sum_carry__0/CO[3]
                         net (fo=1, routed)           0.000    21.850    gen_r2intt_r16.u_r2intt16/gen_s2_b[1].gen_s2_g[1].u_bf/u_sub/add_inst/raw_sum_carry__0_n_0
    SLICE_X54Y53         CARRY4 (Prop_carry4_CI_CO[3])
                                                      0.054    21.904 r  gen_r2intt_r16.u_r2intt16/gen_s2_b[1].gen_s2_g[1].u_bf/u_sub/add_inst/raw_sum_carry__1/CO[3]
                         net (fo=1, routed)           0.000    21.904    gen_r2intt_r16.u_r2intt16/gen_s2_b[1].gen_s2_g[1].u_bf/u_sub/add_inst/raw_sum_carry__1_n_0
    SLICE_X54Y54         CARRY4 (Prop_carry4_CI_CO[3])
                                                      0.054    21.958 r  gen_r2intt_r16.u_r2intt16/gen_s2_b[1].gen_s2_g[1].u_bf/u_sub/add_inst/raw_sum_carry__2/CO[3]
                         net (fo=1, routed)           0.000    21.958    gen_r2intt_r16.u_r2intt16/gen_s2_b[1].gen_s2_g[1].u_bf/u_sub/add_inst/raw_sum_carry__2_n_0
    SLICE_X54Y55         CARRY4 (Prop_carry4_CI_O[0])
                                                      0.108    22.066 r  gen_r2intt_r16.u_r2intt16/gen_s2_b[1].gen_s2_g[1].u_bf/u_sub/add_inst/raw_sum_carry__3/O[0]
                         net (fo=1, routed)           0.286    22.352    gen_r2intt_r16.u_r2intt16/gen_s2_b[1].gen_s2_g[1].u_bf/u_sub/add_inst/raw_sum_carry__3_n_7
    SLICE_X55Y51         LUT2 (Prop_lut2_I1_O)        0.123    22.475 r  gen_r2intt_r16.u_r2intt16/gen_s2_b[1].gen_s2_g[1].u_bf/u_sub/add_inst/raw_sum_carry__0_i_18__12/O
                         net (fo=1, routed)           0.000    22.475    gen_r2intt_r16.u_r2intt16/gen_s2_b[1].gen_s2_g[1].u_bf/u_sub/add_inst/raw_sum_carry__0_i_18__12_n_0
    SLICE_X55Y51         CARRY4 (Prop_carry4_S[0]_CO[3])
                                                      0.259    22.734 r  gen_r2intt_r16.u_r2intt16/gen_s2_b[1].gen_s2_g[1].u_bf/u_sub/add_inst/raw_sum_carry__0_i_14__46/CO[3]
                         net (fo=1, routed)           0.000    22.734    gen_r2intt_r16.u_r2intt16/gen_s2_b[1].gen_s2_g[1].u_bf/u_sub/add_inst/raw_sum_carry__0_i_14__46_n_0
    SLICE_X55Y52         CARRY4 (Prop_carry4_CI_CO[3])
                                                      0.053    22.787 r  gen_r2intt_r16.u_r2intt16/gen_s2_b[1].gen_s2_g[1].u_bf/u_sub/add_inst/raw_sum_carry__1_i_15__21/CO[3]
                         net (fo=1, routed)           0.000    22.787    gen_r2intt_r16.u_r2intt16/gen_s2_b[1].gen_s2_g[1].u_bf/u_sub/add_inst/raw_sum_carry__1_i_15__21_n_0
    SLICE_X55Y53         CARRY4 (Prop_carry4_CI_O[1])
                                                      0.166    22.953 r  gen_r2intt_r16.u_r2intt16/gen_s2_b[1].gen_s2_g[1].u_bf/u_sub/add_inst/raw_sum_carry_i_24__41/O[1]
                         net (fo=1, routed)           0.461    23.414    gen_intt_n2d1[15].u_intt_n2d1/raw_sum_carry_i_7__100_0[1]
    SLICE_X56Y48         LUT6 (Prop_lut6_I5_O)        0.123    23.537 r  gen_intt_n2d1[15].u_intt_n2d1/raw_sum_carry_i_15__68/O
                         net (fo=13, routed)          0.984    24.521    gen_intt_n2d1[15].u_intt_n2d1/raw_sum_carry_i_15__68_n_0
    SLICE_X71Y35         LUT5 (Prop_lut5_I4_O)        0.043    24.564 r  gen_intt_n2d1[15].u_intt_n2d1/raw_sum_carry__0_i_15__20/O
                         net (fo=8, routed)           0.461    25.025    gen_intt_n2d1[15].u_intt_n2d1/raw_sum_carry__0_i_15__20_n_0
    SLICE_X70Y33         LUT6 (Prop_lut6_I0_O)        0.043    25.068 r  gen_intt_n2d1[15].u_intt_n2d1/raw_sum_carry__0_i_11__46/O
                         net (fo=7, routed)           0.390    25.458    gen_intt_n2d1[15].u_intt_n2d1/raw_sum_carry_i_24__41[1]
    SLICE_X75Y31         LUT4 (Prop_lut4_I3_O)        0.043    25.501 r  gen_intt_n2d1[15].u_intt_n2d1/raw_sum_carry_i_9__86/O
                         net (fo=2, routed)           0.462    25.963    gen_intt_n2d1[15].u_intt_n2d1/raw_sum_carry_i_9__86_n_0
    SLICE_X72Y26         LUT4 (Prop_lut4_I2_O)        0.043    26.006 r  gen_intt_n2d1[15].u_intt_n2d1/raw_sum_carry_i_5__100/O
                         net (fo=47, routed)          0.403    26.409    gen_intt_n2d1[15].u_intt_n2d1/raw_sum_carry_i_10__89_0
    SLICE_X75Y26         LUT4 (Prop_lut4_I0_O)        0.043    26.452 r  gen_intt_n2d1[15].u_intt_n2d1/raw_sum_carry_i_1__124/O
                         net (fo=1, routed)           0.000    26.452    gen_r2intt_r16.u_r2intt16/gen_s3[5].u_bf/u_sub/add_inst/out0_carry_i_6__44_0[3]
    SLICE_X75Y26         CARRY4 (Prop_carry4_S[3]_CO[3])
                                                      0.193    26.645 r  gen_r2intt_r16.u_r2intt16/gen_s3[5].u_bf/u_sub/add_inst/raw_sum_carry/CO[3]
                         net (fo=1, routed)           0.000    26.645    gen_r2intt_r16.u_r2intt16/gen_s3[5].u_bf/u_sub/add_inst/raw_sum_carry_n_0
    SLICE_X75Y27         CARRY4 (Prop_carry4_CI_CO[3])
                                                      0.053    26.698 r  gen_r2intt_r16.u_r2intt16/gen_s3[5].u_bf/u_sub/add_inst/raw_sum_carry__0/CO[3]
                         net (fo=1, routed)           0.000    26.698    gen_r2intt_r16.u_r2intt16/gen_s3[5].u_bf/u_sub/add_inst/raw_sum_carry__0_n_0
    SLICE_X75Y28         CARRY4 (Prop_carry4_CI_CO[3])
                                                      0.053    26.751 r  gen_r2intt_r16.u_r2intt16/gen_s3[5].u_bf/u_sub/add_inst/raw_sum_carry__1/CO[3]
                         net (fo=1, routed)           0.000    26.751    gen_r2intt_r16.u_r2intt16/gen_s3[5].u_bf/u_sub/add_inst/raw_sum_carry__1_n_0
    SLICE_X75Y29         CARRY4 (Prop_carry4_CI_CO[3])
                                                      0.053    26.804 r  gen_r2intt_r16.u_r2intt16/gen_s3[5].u_bf/u_sub/add_inst/raw_sum_carry__2/CO[3]
                         net (fo=1, routed)           0.000    26.804    gen_r2intt_r16.u_r2intt16/gen_s3[5].u_bf/u_sub/add_inst/raw_sum_carry__2_n_0
    SLICE_X75Y30         CARRY4 (Prop_carry4_CI_O[0])
                                                      0.111    26.915 r  gen_r2intt_r16.u_r2intt16/gen_s3[5].u_bf/u_sub/add_inst/raw_sum_carry__3/O[0]
                         net (fo=1, routed)           0.429    27.344    gen_r2intt_r16.u_r2intt16/gen_s3[5].u_bf/u_sub/add_inst/raw_sum_carry__3_n_7
    SLICE_X76Y26         LUT2 (Prop_lut2_I1_O)        0.124    27.468 r  gen_r2intt_r16.u_r2intt16/gen_s3[5].u_bf/u_sub/add_inst/out0_carry_i_8__46/O
                         net (fo=1, routed)           0.000    27.468    gen_r2intt_r16.u_r2intt16/gen_s3[5].u_bf/u_sub/add_inst/out0_carry_i_8__46_n_0
    SLICE_X76Y26         CARRY4 (Prop_carry4_S[0]_O[2])
                                                      0.261    27.729 r  gen_r2intt_r16.u_r2intt16/gen_s3[5].u_bf/u_sub/add_inst/out0_carry_i_6__44/O[2]
                         net (fo=2, routed)           0.419    28.148    gen_intt_n2d1[15].u_intt_n2d1/out0_carry_3[2]
    SLICE_X78Y26         LUT6 (Prop_lut6_I5_O)        0.127    28.275 r  gen_intt_n2d1[15].u_intt_n2d1/out0_carry__2_i_11__10/O
                         net (fo=2, routed)           0.601    28.876    gen_intt_n2d1[15].u_intt_n2d1/intt_d1_out[222]
    SLICE_X76Y31         LUT6 (Prop_lut6_I0_O)        0.043    28.919 f  gen_intt_n2d1[15].u_intt_n2d1/out0_carry__2_i_5__42/O
                         net (fo=4, routed)           0.377    29.296    gen_intt_n2d1[15].u_intt_n2d1/out0_carry__2_i_5__42_n_0
    SLICE_X77Y28         LUT6 (Prop_lut6_I5_O)        0.043    29.339 r  gen_intt_n2d1[15].u_intt_n2d1/out0_carry__2_i_2__41/O
                         net (fo=1, routed)           0.000    29.339    gen_intt_d1n[13].u_id1n/intt_d1_out[2]
    SLICE_X77Y28         CARRY4 (Prop_carry4_S[2]_O[3])
                                                      0.178    29.517 r  gen_intt_d1n[13].u_id1n/out0_carry__2/O[3]
                         net (fo=1, routed)           0.412    29.929    gen_intt_n2d1[15].u_intt_n2d1/product_37[3]
    SLICE_X74Y31         LUT6 (Prop_lut6_I0_O)        0.120    30.049 r  gen_intt_n2d1[15].u_intt_n2d1/product_i_1__27/O
                         net (fo=1, routed)           0.313    30.362    gen_modmul_intt[13].u_mm_intt/product_0[16]
    DSP48_X4Y10          DSP48E1 (Prop_dsp48e1_A[16]_P[17])
                                                      2.737    33.099 r  gen_modmul_intt[13].u_mm_intt/product/P[17]
                         net (fo=4, routed)           0.665    33.764    gen_modmul_intt[13].u_mm_intt/product_n_88
    SLICE_X74Y26         LUT3 (Prop_lut3_I0_O)        0.043    33.807 r  gen_modmul_intt[13].u_mm_intt/t_carry_i_4__28/O
                         net (fo=1, routed)           0.000    33.807    gen_modmul_intt[13].u_mm_intt/t_carry_i_4__28_n_0
    SLICE_X74Y26         CARRY4 (Prop_carry4_S[2]_CO[3])
                                                      0.183    33.990 r  gen_modmul_intt[13].u_mm_intt/t_carry/CO[3]
                         net (fo=1, routed)           0.000    33.990    gen_modmul_intt[13].u_mm_intt/t_carry_n_0
    SLICE_X74Y27         CARRY4 (Prop_carry4_CI_CO[3])
                                                      0.054    34.044 r  gen_modmul_intt[13].u_mm_intt/t_carry__0/CO[3]
                         net (fo=1, routed)           0.000    34.044    gen_modmul_intt[13].u_mm_intt/t_carry__0_n_0
    SLICE_X74Y28         CARRY4 (Prop_carry4_CI_O[1])
                                                      0.165    34.209 r  gen_modmul_intt[13].u_mm_intt/t_carry__1/O[1]
                         net (fo=4, routed)           0.447    34.656    gen_modmul_intt[13].u_mm_intt/t_carry__1_n_6
    SLICE_X72Y28         LUT4 (Prop_lut4_I1_O)        0.125    34.781 r  gen_modmul_intt[13].u_mm_intt/gen_banks[15].mem_reg_0_15_0_5_i_1449/O
                         net (fo=1, routed)           0.642    35.423    gen_modmul_intt[13].u_mm_intt/gen_banks[15].mem_reg_0_15_0_5_i_1449_n_0
    SLICE_X63Y28         LUT6 (Prop_lut6_I4_O)        0.043    35.466 r  gen_modmul_intt[13].u_mm_intt/gen_banks[15].mem_reg_0_15_0_5_i_919/O
                         net (fo=17, routed)          0.446    35.912    gen_modmul_intt[13].u_mm_intt/gen_banks[15].mem_reg_0_15_0_5_i_919_n_0
    SLICE_X56Y28         LUT3 (Prop_lut3_I1_O)        0.043    35.955 r  gen_modmul_intt[13].u_mm_intt/gen_banks[15].mem_reg_0_15_12_17_i_283/O
                         net (fo=1, routed)           0.345    36.300    u_ctrl/mm_intt_out[73]
    SLICE_X52Y28         LUT6 (Prop_lut6_I5_O)        0.043    36.343 r  u_ctrl/gen_banks[15].mem_reg_0_15_12_17_i_169/O
                         net (fo=2, routed)           0.745    37.088    u_ctrl/gen_banks[15].mem_reg_0_15_12_17_i_169_n_0
    SLICE_X25Y29         LUT6 (Prop_lut6_I1_O)        0.043    37.131 r  u_ctrl/gen_banks[15].mem_reg_0_15_12_17_i_73/O
                         net (fo=4, routed)           0.662    37.793    u_ctrl/bfly_data_pre[454]
    SLICE_X34Y53         LUT6 (Prop_lut6_I0_O)        0.043    37.836 r  u_ctrl/gen_banks[12].mem_reg_0_15_12_17_i_23/O
                         net (fo=4, routed)           0.498    38.334    u_ctrl/gen_banks[12].mem_reg_0_15_12_17_i_23_n_0
    SLICE_X36Y58         LUT6 (Prop_lut6_I0_O)        0.043    38.377 r  u_ctrl/gen_banks[12].mem_reg_0_15_12_17_i_9/O
                         net (fo=1, routed)           0.000    38.377    u_ctrl/bfly_data_routed[420]
    SLICE_X36Y58         MUXF7 (Prop_muxf7_I0_O)      0.107    38.484 r  u_ctrl/gen_banks[12].mem_reg_0_15_12_17_i_2/O
                         net (fo=1, routed)           0.805    39.289    u_membanks/gen_banks[12].mem_reg_0_15_12_17/DIA0
    SLICE_X38Y43         RAMD32                                       r  u_membanks/gen_banks[12].mem_reg_0_15_12_17/RAMA/I
  -------------------------------------------------------------------    -------------------

                         (clock clk rise edge)        3.000     3.000 r  
    V20                                               0.000     3.000 r  clk (IN)
                         net (fo=0)                   0.000     3.000    clk
    V20                  IBUF (Prop_ibuf_I_O)         0.676     3.676 r  clk_IBUF_inst/O
                         net (fo=1, routed)           1.834     5.510    clk_IBUF
    BUFGCTRL_X0Y0        BUFG (Prop_bufg_I_O)         0.083     5.593 r  clk_IBUF_BUFG_inst/O
                         net (fo=845, routed)         1.443     7.036    u_membanks/gen_banks[12].mem_reg_0_15_12_17/WCLK
    SLICE_X38Y43         RAMD32                                       r  u_membanks/gen_banks[12].mem_reg_0_15_12_17/RAMA/CLK
                         clock pessimism              0.291     7.327    
                         clock uncertainty           -0.035     7.291    
    SLICE_X38Y43         RAMD32 (Setup_ramd32_CLK_I)
                                                     -0.177     7.114    u_membanks/gen_banks[12].mem_reg_0_15_12_17/RAMA
  -------------------------------------------------------------------
                         required time                          7.114    
                         arrival time                         -39.289    
  -------------------------------------------------------------------
                         slack                                -32.175    





Min Delay Paths
--------------------------------------------------------------------------------------
Slack (MET) :             0.156ns  (arrival time - required time)
  Source:                 u_ctrl/b_limit_reg[6]/C
                            (rising edge-triggered cell FDCE clocked by clk  {rise@0.000ns fall@1.500ns period=3.000ns})
  Destination:            u_ctrl/b_limit_reg[2]/D
                            (rising edge-triggered cell FDCE clocked by clk  {rise@0.000ns fall@1.500ns period=3.000ns})
  Path Group:             clk
  Path Type:              Hold (Min at Fast Process Corner)
  Requirement:            0.000ns  (clk rise@0.000ns - clk rise@0.000ns)
  Data Path Delay:        0.216ns  (logic 0.157ns (72.824%)  route 0.059ns (27.176%))
  Logic Levels:           1  (LUT5=1)
  Clock Path Skew:        0.000ns (DCD - SCD - CPR)
    Destination Clock Delay (DCD):    2.176ns
    Source Clock Delay      (SCD):    1.639ns
    Clock Pessimism Removal (CPR):    0.537ns

    Location             Delay type                Incr(ns)  Path(ns)    Netlist Resource(s)
  -------------------------------------------------------------------    -------------------
                         (clock clk rise edge)        0.000     0.000 r  
    V20                                               0.000     0.000 r  clk (IN)
                         net (fo=0)                   0.000     0.000    clk
    V20                  IBUF (Prop_ibuf_I_O)         0.093     0.093 r  clk_IBUF_inst/O
                         net (fo=1, routed)           0.891     0.984    clk_IBUF
    BUFGCTRL_X0Y0        BUFG (Prop_bufg_I_O)         0.026     1.010 r  clk_IBUF_BUFG_inst/O
                         net (fo=845, routed)         0.629     1.639    u_ctrl/clk_IBUF_BUFG
    SLICE_X13Y65         FDCE                                         r  u_ctrl/b_limit_reg[6]/C
  -------------------------------------------------------------------    -------------------
    SLICE_X13Y65         FDCE (Prop_fdce_C_Q)         0.091     1.730 r  u_ctrl/b_limit_reg[6]/Q
                         net (fo=3, routed)           0.059     1.788    u_ctrl/b_limit_reg_n_0_[6]
    SLICE_X13Y65         LUT5 (Prop_lut5_I0_O)        0.066     1.854 r  u_ctrl/b_limit[2]_i_1/O
                         net (fo=1, routed)           0.000     1.854    u_ctrl/b_limit[2]
    SLICE_X13Y65         FDCE                                         r  u_ctrl/b_limit_reg[2]/D
  -------------------------------------------------------------------    -------------------

                         (clock clk rise edge)        0.000     0.000 r  
    V20                                               0.000     0.000 r  clk (IN)
                         net (fo=0)                   0.000     0.000    clk
    V20                  IBUF (Prop_ibuf_I_O)         0.341     0.341 r  clk_IBUF_inst/O
                         net (fo=1, routed)           0.958     1.299    clk_IBUF
    BUFGCTRL_X0Y0        BUFG (Prop_bufg_I_O)         0.030     1.329 r  clk_IBUF_BUFG_inst/O
                         net (fo=845, routed)         0.847     2.176    u_ctrl/clk_IBUF_BUFG
    SLICE_X13Y65         FDCE                                         r  u_ctrl/b_limit_reg[2]/C
                         clock pessimism             -0.537     1.639    
    SLICE_X13Y65         FDCE (Hold_fdce_C_D)         0.060     1.699    u_ctrl/b_limit_reg[2]
  -------------------------------------------------------------------
                         required time                         -1.699    
                         arrival time                           1.854    
  -------------------------------------------------------------------
                         slack                                  0.156    

Slack (MET) :             0.156ns  (arrival time - required time)
  Source:                 u_ctrl/load_cnt_reg[0]/C
                            (rising edge-triggered cell FDCE clocked by clk  {rise@0.000ns fall@1.500ns period=3.000ns})
  Destination:            u_ctrl/load_cnt_reg[2]/D
                            (rising edge-triggered cell FDCE clocked by clk  {rise@0.000ns fall@1.500ns period=3.000ns})
  Path Group:             clk
  Path Type:              Hold (Min at Fast Process Corner)
  Requirement:            0.000ns  (clk rise@0.000ns - clk rise@0.000ns)
  Data Path Delay:        0.254ns  (logic 0.128ns (50.380%)  route 0.126ns (49.620%))
  Logic Levels:           1  (LUT6=1)
  Clock Path Skew:        0.011ns (DCD - SCD - CPR)
    Destination Clock Delay (DCD):    2.170ns
    Source Clock Delay      (SCD):    1.633ns
    Clock Pessimism Removal (CPR):    0.526ns

    Location             Delay type                Incr(ns)  Path(ns)    Netlist Resource(s)
  -------------------------------------------------------------------    -------------------
                         (clock clk rise edge)        0.000     0.000 r  
    V20                                               0.000     0.000 r  clk (IN)
                         net (fo=0)                   0.000     0.000    clk
    V20                  IBUF (Prop_ibuf_I_O)         0.093     0.093 r  clk_IBUF_inst/O
                         net (fo=1, routed)           0.891     0.984    clk_IBUF
    BUFGCTRL_X0Y0        BUFG (Prop_bufg_I_O)         0.026     1.010 r  clk_IBUF_BUFG_inst/O
                         net (fo=845, routed)         0.623     1.633    u_ctrl/clk_IBUF_BUFG
    SLICE_X15Y71         FDCE                                         r  u_ctrl/load_cnt_reg[0]/C
  -------------------------------------------------------------------    -------------------
    SLICE_X15Y71         FDCE (Prop_fdce_C_Q)         0.100     1.733 r  u_ctrl/load_cnt_reg[0]/Q
                         net (fo=8, routed)           0.126     1.859    u_ctrl/load_cnt_reg_n_0_[0]
    SLICE_X14Y71         LUT6 (Prop_lut6_I4_O)        0.028     1.887 r  u_ctrl/load_cnt[2]_i_1/O
                         net (fo=1, routed)           0.000     1.887    u_ctrl/load_cnt[2]_i_1_n_0
    SLICE_X14Y71         FDCE                                         r  u_ctrl/load_cnt_reg[2]/D
  -------------------------------------------------------------------    -------------------

                         (clock clk rise edge)        0.000     0.000 r  
    V20                                               0.000     0.000 r  clk (IN)
                         net (fo=0)                   0.000     0.000    clk
    V20                  IBUF (Prop_ibuf_I_O)         0.341     0.341 r  clk_IBUF_inst/O
                         net (fo=1, routed)           0.958     1.299    clk_IBUF
    BUFGCTRL_X0Y0        BUFG (Prop_bufg_I_O)         0.030     1.329 r  clk_IBUF_BUFG_inst/O
                         net (fo=845, routed)         0.841     2.170    u_ctrl/clk_IBUF_BUFG
    SLICE_X14Y71         FDCE                                         r  u_ctrl/load_cnt_reg[2]/C
                         clock pessimism             -0.526     1.644    
    SLICE_X14Y71         FDCE (Hold_fdce_C_D)         0.087     1.731    u_ctrl/load_cnt_reg[2]
  -------------------------------------------------------------------
                         required time                         -1.731    
                         arrival time                           1.887    
  -------------------------------------------------------------------
                         slack                                  0.156    

Slack (MET) :             0.166ns  (arrival time - required time)
  Source:                 seq_cnt_reg[0]_replica/C
                            (rising edge-triggered cell FDCE clocked by clk  {rise@0.000ns fall@1.500ns period=3.000ns})
  Destination:            u_membanks/gen_banks[7].mem_reg_0_15_30_33/RAMA/I
                            (rising edge-triggered cell RAMD32 clocked by clk  {rise@0.000ns fall@1.500ns period=3.000ns})
  Path Group:             clk
  Path Type:              Hold (Min at Fast Process Corner)
  Requirement:            0.000ns  (clk rise@0.000ns - clk rise@0.000ns)
  Data Path Delay:        0.520ns  (logic 0.182ns (35.026%)  route 0.338ns (64.974%))
  Logic Levels:           2  (LUT6=1 MUXF7=1)
  Clock Path Skew:        0.262ns (DCD - SCD - CPR)
    Destination Clock Delay (DCD):    2.253ns
    Source Clock Delay      (SCD):    1.644ns
    Clock Pessimism Removal (CPR):    0.347ns

    Location             Delay type                Incr(ns)  Path(ns)    Netlist Resource(s)
  -------------------------------------------------------------------    -------------------
                         (clock clk rise edge)        0.000     0.000 r  
    V20                                               0.000     0.000 r  clk (IN)
                         net (fo=0)                   0.000     0.000    clk
    V20                  IBUF (Prop_ibuf_I_O)         0.093     0.093 r  clk_IBUF_inst/O
                         net (fo=1, routed)           0.891     0.984    clk_IBUF
    BUFGCTRL_X0Y0        BUFG (Prop_bufg_I_O)         0.026     1.010 r  clk_IBUF_BUFG_inst/O
                         net (fo=845, routed)         0.634     1.644    clk_IBUF_BUFG
    SLICE_X17Y52         FDCE                                         r  seq_cnt_reg[0]_replica/C
  -------------------------------------------------------------------    -------------------
    SLICE_X17Y52         FDCE (Prop_fdce_C_Q)         0.100     1.744 r  seq_cnt_reg[0]_replica/Q
                         net (fo=320, routed)         0.095     1.839    u_membanks/seq_cnt_reg_n_0_[0]_repN_alias
    SLICE_X16Y52         LUT6 (Prop_lut6_I2_O)        0.028     1.867 r  u_membanks/gen_banks[7].mem_reg_0_15_30_33_i_8/O
                         net (fo=1, routed)           0.000     1.867    u_ctrl/load_data[268]
    SLICE_X16Y52         MUXF7 (Prop_muxf7_I1_O)      0.054     1.921 r  u_ctrl/gen_banks[7].mem_reg_0_15_30_33_i_2/O
                         net (fo=1, routed)           0.243     2.163    u_membanks/gen_banks[7].mem_reg_0_15_30_33/DIA0
    SLICE_X16Y42         RAMD32                                       r  u_membanks/gen_banks[7].mem_reg_0_15_30_33/RAMA/I
  -------------------------------------------------------------------    -------------------

                         (clock clk rise edge)        0.000     0.000 r  
    V20                                               0.000     0.000 r  clk (IN)
                         net (fo=0)                   0.000     0.000    clk
    V20                  IBUF (Prop_ibuf_I_O)         0.341     0.341 r  clk_IBUF_inst/O
                         net (fo=1, routed)           0.958     1.299    clk_IBUF
    BUFGCTRL_X0Y0        BUFG (Prop_bufg_I_O)         0.030     1.329 r  clk_IBUF_BUFG_inst/O
                         net (fo=845, routed)         0.924     2.253    u_membanks/gen_banks[7].mem_reg_0_15_30_33/WCLK
    SLICE_X16Y42         RAMD32                                       r  u_membanks/gen_banks[7].mem_reg_0_15_30_33/RAMA/CLK
                         clock pessimism             -0.347     1.906    
    SLICE_X16Y42         RAMD32 (Hold_ramd32_CLK_I)
                                                      0.092     1.998    u_membanks/gen_banks[7].mem_reg_0_15_30_33/RAMA
  -------------------------------------------------------------------
                         required time                         -1.998    
                         arrival time                           2.163    
  -------------------------------------------------------------------
                         slack                                  0.166    

Slack (MET) :             0.184ns  (arrival time - required time)
  Source:                 u_ctrl/b_cnt_reg[0]/C
                            (rising edge-triggered cell FDCE clocked by clk  {rise@0.000ns fall@1.500ns period=3.000ns})
  Destination:            u_ctrl/b_cnt_reg[3]/D
                            (rising edge-triggered cell FDCE clocked by clk  {rise@0.000ns fall@1.500ns period=3.000ns})
  Path Group:             clk
  Path Type:              Hold (Min at Fast Process Corner)
  Requirement:            0.000ns  (clk rise@0.000ns - clk rise@0.000ns)
  Data Path Delay:        0.273ns  (logic 0.130ns (47.676%)  route 0.143ns (52.324%))
  Logic Levels:           1  (LUT5=1)
  Clock Path Skew:        0.014ns (DCD - SCD - CPR)
    Destination Clock Delay (DCD):    2.224ns
    Source Clock Delay      (SCD):    1.666ns
    Clock Pessimism Removal (CPR):    0.544ns

    Location             Delay type                Incr(ns)  Path(ns)    Netlist Resource(s)
  -------------------------------------------------------------------    -------------------
                         (clock clk rise edge)        0.000     0.000 r  
    V20                                               0.000     0.000 r  clk (IN)
                         net (fo=0)                   0.000     0.000    clk
    V20                  IBUF (Prop_ibuf_I_O)         0.093     0.093 r  clk_IBUF_inst/O
                         net (fo=1, routed)           0.891     0.984    clk_IBUF
    BUFGCTRL_X0Y0        BUFG (Prop_bufg_I_O)         0.026     1.010 r  clk_IBUF_BUFG_inst/O
                         net (fo=845, routed)         0.656     1.666    u_ctrl/clk_IBUF_BUFG
    SLICE_X28Y38         FDCE                                         r  u_ctrl/b_cnt_reg[0]/C
  -------------------------------------------------------------------    -------------------
    SLICE_X28Y38         FDCE (Prop_fdce_C_Q)         0.100     1.766 r  u_ctrl/b_cnt_reg[0]/Q
                         net (fo=10, routed)          0.143     1.909    u_ctrl/b_cnt_reg_n_0_[0]
    SLICE_X29Y39         LUT5 (Prop_lut5_I1_O)        0.030     1.939 r  u_ctrl/b_cnt[3]_i_1/O
                         net (fo=1, routed)           0.000     1.939    u_ctrl/b_cnt[3]
    SLICE_X29Y39         FDCE                                         r  u_ctrl/b_cnt_reg[3]/D
  -------------------------------------------------------------------    -------------------

                         (clock clk rise edge)        0.000     0.000 r  
    V20                                               0.000     0.000 r  clk (IN)
                         net (fo=0)                   0.000     0.000    clk
    V20                  IBUF (Prop_ibuf_I_O)         0.341     0.341 r  clk_IBUF_inst/O
                         net (fo=1, routed)           0.958     1.299    clk_IBUF
    BUFGCTRL_X0Y0        BUFG (Prop_bufg_I_O)         0.030     1.329 r  clk_IBUF_BUFG_inst/O
                         net (fo=845, routed)         0.895     2.224    u_ctrl/clk_IBUF_BUFG
    SLICE_X29Y39         FDCE                                         r  u_ctrl/b_cnt_reg[3]/C
                         clock pessimism             -0.544     1.680    
    SLICE_X29Y39         FDCE (Hold_fdce_C_D)         0.075     1.755    u_ctrl/b_cnt_reg[3]
  -------------------------------------------------------------------
                         required time                         -1.755    
                         arrival time                           1.939    
  -------------------------------------------------------------------
                         slack                                  0.184    

Slack (MET) :             0.188ns  (arrival time - required time)
  Source:                 u_ctrl/b_cnt_reg[6]/C
                            (rising edge-triggered cell FDCE clocked by clk  {rise@0.000ns fall@1.500ns period=3.000ns})
  Destination:            u_ctrl/b_cnt_reg[6]/D
                            (rising edge-triggered cell FDCE clocked by clk  {rise@0.000ns fall@1.500ns period=3.000ns})
  Path Group:             clk
  Path Type:              Hold (Min at Fast Process Corner)
  Requirement:            0.000ns  (clk rise@0.000ns - clk rise@0.000ns)
  Data Path Delay:        0.248ns  (logic 0.128ns (51.601%)  route 0.120ns (48.399%))
  Logic Levels:           1  (LUT6=1)
  Clock Path Skew:        0.000ns (DCD - SCD - CPR)
    Destination Clock Delay (DCD):    2.177ns
    Source Clock Delay      (SCD):    1.639ns
    Clock Pessimism Removal (CPR):    0.538ns

    Location             Delay type                Incr(ns)  Path(ns)    Netlist Resource(s)
  -------------------------------------------------------------------    -------------------
                         (clock clk rise edge)        0.000     0.000 r  
    V20                                               0.000     0.000 r  clk (IN)
                         net (fo=0)                   0.000     0.000    clk
    V20                  IBUF (Prop_ibuf_I_O)         0.093     0.093 r  clk_IBUF_inst/O
                         net (fo=1, routed)           0.891     0.984    clk_IBUF
    BUFGCTRL_X0Y0        BUFG (Prop_bufg_I_O)         0.026     1.010 r  clk_IBUF_BUFG_inst/O
                         net (fo=845, routed)         0.629     1.639    u_ctrl/clk_IBUF_BUFG
    SLICE_X15Y64         FDCE                                         r  u_ctrl/b_cnt_reg[6]/C
  -------------------------------------------------------------------    -------------------
    SLICE_X15Y64         FDCE (Prop_fdce_C_Q)         0.100     1.739 r  u_ctrl/b_cnt_reg[6]/Q
                         net (fo=4, routed)           0.120     1.859    u_ctrl/b_cnt_reg_n_0_[6]
    SLICE_X15Y64         LUT6 (Prop_lut6_I5_O)        0.028     1.887 r  u_ctrl/b_cnt[6]_i_1/O
                         net (fo=1, routed)           0.000     1.887    u_ctrl/b_cnt[6]
    SLICE_X15Y64         FDCE                                         r  u_ctrl/b_cnt_reg[6]/D
  -------------------------------------------------------------------    -------------------

                         (clock clk rise edge)        0.000     0.000 r  
    V20                                               0.000     0.000 r  clk (IN)
                         net (fo=0)                   0.000     0.000    clk
    V20                  IBUF (Prop_ibuf_I_O)         0.341     0.341 r  clk_IBUF_inst/O
                         net (fo=1, routed)           0.958     1.299    clk_IBUF
    BUFGCTRL_X0Y0        BUFG (Prop_bufg_I_O)         0.030     1.329 r  clk_IBUF_BUFG_inst/O
                         net (fo=845, routed)         0.848     2.177    u_ctrl/clk_IBUF_BUFG
    SLICE_X15Y64         FDCE                                         r  u_ctrl/b_cnt_reg[6]/C
                         clock pessimism             -0.538     1.639    
    SLICE_X15Y64         FDCE (Hold_fdce_C_D)         0.060     1.699    u_ctrl/b_cnt_reg[6]
  -------------------------------------------------------------------
                         required time                         -1.699    
                         arrival time                           1.887    
  -------------------------------------------------------------------
                         slack                                  0.188    

Slack (MET) :             0.197ns  (arrival time - required time)
  Source:                 u_ctrl/b_limit_reg[5]/C
                            (rising edge-triggered cell FDCE clocked by clk  {rise@0.000ns fall@1.500ns period=3.000ns})
  Destination:            u_ctrl/b_limit_reg[1]/D
                            (rising edge-triggered cell FDCE clocked by clk  {rise@0.000ns fall@1.500ns period=3.000ns})
  Path Group:             clk
  Path Type:              Hold (Min at Fast Process Corner)
  Requirement:            0.000ns  (clk rise@0.000ns - clk rise@0.000ns)
  Data Path Delay:        0.268ns  (logic 0.146ns (54.451%)  route 0.122ns (45.549%))
  Logic Levels:           1  (LUT5=1)
  Clock Path Skew:        0.011ns (DCD - SCD - CPR)
    Destination Clock Delay (DCD):    2.177ns
    Source Clock Delay      (SCD):    1.639ns
    Clock Pessimism Removal (CPR):    0.527ns

    Location             Delay type                Incr(ns)  Path(ns)    Netlist Resource(s)
  -------------------------------------------------------------------    -------------------
                         (clock clk rise edge)        0.000     0.000 r  
    V20                                               0.000     0.000 r  clk (IN)
                         net (fo=0)                   0.000     0.000    clk
    V20                  IBUF (Prop_ibuf_I_O)         0.093     0.093 r  clk_IBUF_inst/O
                         net (fo=1, routed)           0.891     0.984    clk_IBUF
    BUFGCTRL_X0Y0        BUFG (Prop_bufg_I_O)         0.026     1.010 r  clk_IBUF_BUFG_inst/O
                         net (fo=845, routed)         0.629     1.639    u_ctrl/clk_IBUF_BUFG
    SLICE_X12Y64         FDCE                                         r  u_ctrl/b_limit_reg[5]/C
  -------------------------------------------------------------------    -------------------
    SLICE_X12Y64         FDCE (Prop_fdce_C_Q)         0.118     1.757 r  u_ctrl/b_limit_reg[5]/Q
                         net (fo=3, routed)           0.122     1.879    u_ctrl/b_limit_reg_n_0_[5]
    SLICE_X13Y64         LUT5 (Prop_lut5_I0_O)        0.028     1.907 r  u_ctrl/b_limit[1]_i_1/O
                         net (fo=1, routed)           0.000     1.907    u_ctrl/b_limit[1]
    SLICE_X13Y64         FDCE                                         r  u_ctrl/b_limit_reg[1]/D
  -------------------------------------------------------------------    -------------------

                         (clock clk rise edge)        0.000     0.000 r  
    V20                                               0.000     0.000 r  clk (IN)
                         net (fo=0)                   0.000     0.000    clk
    V20                  IBUF (Prop_ibuf_I_O)         0.341     0.341 r  clk_IBUF_inst/O
                         net (fo=1, routed)           0.958     1.299    clk_IBUF
    BUFGCTRL_X0Y0        BUFG (Prop_bufg_I_O)         0.030     1.329 r  clk_IBUF_BUFG_inst/O
                         net (fo=845, routed)         0.848     2.177    u_ctrl/clk_IBUF_BUFG
    SLICE_X13Y64         FDCE                                         r  u_ctrl/b_limit_reg[1]/C
                         clock pessimism             -0.527     1.650    
    SLICE_X13Y64         FDCE (Hold_fdce_C_D)         0.060     1.710    u_ctrl/b_limit_reg[1]
  -------------------------------------------------------------------
                         required time                         -1.710    
                         arrival time                           1.907    
  -------------------------------------------------------------------
                         slack                                  0.197    

Slack (MET) :             0.205ns  (arrival time - required time)
  Source:                 u_ctrl/g_cnt_reg[7]/C
                            (rising edge-triggered cell FDCE clocked by clk  {rise@0.000ns fall@1.500ns period=3.000ns})
  Destination:            u_ctrl/g_cnt_reg[7]/D
                            (rising edge-triggered cell FDCE clocked by clk  {rise@0.000ns fall@1.500ns period=3.000ns})
  Path Group:             clk
  Path Type:              Hold (Min at Fast Process Corner)
  Requirement:            0.000ns  (clk rise@0.000ns - clk rise@0.000ns)
  Data Path Delay:        0.265ns  (logic 0.128ns (48.358%)  route 0.137ns (51.642%))
  Logic Levels:           1  (LUT6=1)
  Clock Path Skew:        0.000ns (DCD - SCD - CPR)
    Destination Clock Delay (DCD):    2.254ns
    Source Clock Delay      (SCD):    1.695ns
    Clock Pessimism Removal (CPR):    0.559ns

    Location             Delay type                Incr(ns)  Path(ns)    Netlist Resource(s)
  -------------------------------------------------------------------    -------------------
                         (clock clk rise edge)        0.000     0.000 r  
    V20                                               0.000     0.000 r  clk (IN)
                         net (fo=0)                   0.000     0.000    clk
    V20                  IBUF (Prop_ibuf_I_O)         0.093     0.093 r  clk_IBUF_inst/O
                         net (fo=1, routed)           0.891     0.984    clk_IBUF
    BUFGCTRL_X0Y0        BUFG (Prop_bufg_I_O)         0.026     1.010 r  clk_IBUF_BUFG_inst/O
                         net (fo=845, routed)         0.685     1.695    u_ctrl/clk_IBUF_BUFG
    SLICE_X21Y48         FDCE                                         r  u_ctrl/g_cnt_reg[7]/C
  -------------------------------------------------------------------    -------------------
    SLICE_X21Y48         FDCE (Prop_fdce_C_Q)         0.100     1.795 r  u_ctrl/g_cnt_reg[7]/Q
                         net (fo=4, routed)           0.137     1.932    u_ctrl/g_cnt[7]
    SLICE_X21Y48         LUT6 (Prop_lut6_I2_O)        0.028     1.960 r  u_ctrl/g_cnt[7]_i_2/O
                         net (fo=1, routed)           0.000     1.960    u_ctrl/g_cnt0_in[7]
    SLICE_X21Y48         FDCE                                         r  u_ctrl/g_cnt_reg[7]/D
  -------------------------------------------------------------------    -------------------

                         (clock clk rise edge)        0.000     0.000 r  
    V20                                               0.000     0.000 r  clk (IN)
                         net (fo=0)                   0.000     0.000    clk
    V20                  IBUF (Prop_ibuf_I_O)         0.341     0.341 r  clk_IBUF_inst/O
                         net (fo=1, routed)           0.958     1.299    clk_IBUF
    BUFGCTRL_X0Y0        BUFG (Prop_bufg_I_O)         0.030     1.329 r  clk_IBUF_BUFG_inst/O
                         net (fo=845, routed)         0.925     2.254    u_ctrl/clk_IBUF_BUFG
    SLICE_X21Y48         FDCE                                         r  u_ctrl/g_cnt_reg[7]/C
                         clock pessimism             -0.559     1.695    
    SLICE_X21Y48         FDCE (Hold_fdce_C_D)         0.060     1.755    u_ctrl/g_cnt_reg[7]
  -------------------------------------------------------------------
                         required time                         -1.755    
                         arrival time                           1.960    
  -------------------------------------------------------------------
                         slack                                  0.205    

Slack (MET) :             0.208ns  (arrival time - required time)
  Source:                 u_ctrl/FSM_sequential_state_reg[1]/C
                            (rising edge-triggered cell FDCE clocked by clk  {rise@0.000ns fall@1.500ns period=3.000ns})
  Destination:            u_ctrl/FSM_sequential_state_reg[2]/D
                            (rising edge-triggered cell FDCE clocked by clk  {rise@0.000ns fall@1.500ns period=3.000ns})
  Path Group:             clk
  Path Type:              Hold (Min at Fast Process Corner)
  Requirement:            0.000ns  (clk rise@0.000ns - clk rise@0.000ns)
  Data Path Delay:        0.283ns  (logic 0.129ns (45.660%)  route 0.154ns (54.340%))
  Logic Levels:           1  (LUT5=1)
  Clock Path Skew:        0.000ns (DCD - SCD - CPR)
    Destination Clock Delay (DCD):    2.181ns
    Source Clock Delay      (SCD):    1.642ns
    Clock Pessimism Removal (CPR):    0.539ns

    Location             Delay type                Incr(ns)  Path(ns)    Netlist Resource(s)
  -------------------------------------------------------------------    -------------------
                         (clock clk rise edge)        0.000     0.000 r  
    V20                                               0.000     0.000 r  clk (IN)
                         net (fo=0)                   0.000     0.000    clk
    V20                  IBUF (Prop_ibuf_I_O)         0.093     0.093 r  clk_IBUF_inst/O
                         net (fo=1, routed)           0.891     0.984    clk_IBUF
    BUFGCTRL_X0Y0        BUFG (Prop_bufg_I_O)         0.026     1.010 r  clk_IBUF_BUFG_inst/O
                         net (fo=845, routed)         0.632     1.642    u_ctrl/clk_IBUF_BUFG
    SLICE_X9Y60          FDCE                                         r  u_ctrl/FSM_sequential_state_reg[1]/C
  -------------------------------------------------------------------    -------------------
    SLICE_X9Y60          FDCE (Prop_fdce_C_Q)         0.100     1.742 r  u_ctrl/FSM_sequential_state_reg[1]/Q
                         net (fo=60, routed)          0.154     1.895    u_ctrl/FSM_sequential_state_reg_n_0_[1]
    SLICE_X9Y60          LUT5 (Prop_lut5_I4_O)        0.029     1.924 r  u_ctrl/FSM_sequential_state[2]_i_1/O
                         net (fo=1, routed)           0.000     1.924    u_ctrl/FSM_sequential_state[2]_i_1_n_0
    SLICE_X9Y60          FDCE                                         r  u_ctrl/FSM_sequential_state_reg[2]/D
  -------------------------------------------------------------------    -------------------

                         (clock clk rise edge)        0.000     0.000 r  
    V20                                               0.000     0.000 r  clk (IN)
                         net (fo=0)                   0.000     0.000    clk
    V20                  IBUF (Prop_ibuf_I_O)         0.341     0.341 r  clk_IBUF_inst/O
                         net (fo=1, routed)           0.958     1.299    clk_IBUF
    BUFGCTRL_X0Y0        BUFG (Prop_bufg_I_O)         0.030     1.329 r  clk_IBUF_BUFG_inst/O
                         net (fo=845, routed)         0.852     2.181    u_ctrl/clk_IBUF_BUFG
    SLICE_X9Y60          FDCE                                         r  u_ctrl/FSM_sequential_state_reg[2]/C
                         clock pessimism             -0.539     1.642    
    SLICE_X9Y60          FDCE (Hold_fdce_C_D)         0.075     1.717    u_ctrl/FSM_sequential_state_reg[2]
  -------------------------------------------------------------------
                         required time                         -1.717    
                         arrival time                           1.924    
  -------------------------------------------------------------------
                         slack                                  0.208    

Slack (MET) :             0.211ns  (arrival time - required time)
  Source:                 u_ctrl/ntt_mode_reg/C
                            (rising edge-triggered cell FDPE clocked by clk  {rise@0.000ns fall@1.500ns period=3.000ns})
  Destination:            u_ctrl/ntt_mode_reg/D
                            (rising edge-triggered cell FDPE clocked by clk  {rise@0.000ns fall@1.500ns period=3.000ns})
  Path Group:             clk
  Path Type:              Hold (Min at Fast Process Corner)
  Requirement:            0.000ns  (clk rise@0.000ns - clk rise@0.000ns)
  Data Path Delay:        0.271ns  (logic 0.128ns (47.173%)  route 0.143ns (52.827%))
  Logic Levels:           1  (LUT6=1)
  Clock Path Skew:        0.000ns (DCD - SCD - CPR)
    Destination Clock Delay (DCD):    2.173ns
    Source Clock Delay      (SCD):    1.636ns
    Clock Pessimism Removal (CPR):    0.537ns

    Location             Delay type                Incr(ns)  Path(ns)    Netlist Resource(s)
  -------------------------------------------------------------------    -------------------
                         (clock clk rise edge)        0.000     0.000 r  
    V20                                               0.000     0.000 r  clk (IN)
                         net (fo=0)                   0.000     0.000    clk
    V20                  IBUF (Prop_ibuf_I_O)         0.093     0.093 r  clk_IBUF_inst/O
                         net (fo=1, routed)           0.891     0.984    clk_IBUF
    BUFGCTRL_X0Y0        BUFG (Prop_bufg_I_O)         0.026     1.010 r  clk_IBUF_BUFG_inst/O
                         net (fo=845, routed)         0.626     1.636    u_ctrl/clk_IBUF_BUFG
    SLICE_X13Y68         FDPE                                         r  u_ctrl/ntt_mode_reg/C
  -------------------------------------------------------------------    -------------------
    SLICE_X13Y68         FDPE (Prop_fdpe_C_Q)         0.100     1.736 r  u_ctrl/ntt_mode_reg/Q
                         net (fo=98, routed)          0.143     1.879    u_ctrl/ntt_mode
    SLICE_X13Y68         LUT6 (Prop_lut6_I5_O)        0.028     1.907 r  u_ctrl/ntt_mode_i_1/O
                         net (fo=1, routed)           0.000     1.907    u_ctrl/ntt_mode_i_1_n_0
    SLICE_X13Y68         FDPE                                         r  u_ctrl/ntt_mode_reg/D
  -------------------------------------------------------------------    -------------------

                         (clock clk rise edge)        0.000     0.000 r  
    V20                                               0.000     0.000 r  clk (IN)
                         net (fo=0)                   0.000     0.000    clk
    V20                  IBUF (Prop_ibuf_I_O)         0.341     0.341 r  clk_IBUF_inst/O
                         net (fo=1, routed)           0.958     1.299    clk_IBUF
    BUFGCTRL_X0Y0        BUFG (Prop_bufg_I_O)         0.030     1.329 r  clk_IBUF_BUFG_inst/O
                         net (fo=845, routed)         0.844     2.173    u_ctrl/clk_IBUF_BUFG
    SLICE_X13Y68         FDPE                                         r  u_ctrl/ntt_mode_reg/C
                         clock pessimism             -0.537     1.636    
    SLICE_X13Y68         FDPE (Hold_fdpe_C_D)         0.060     1.696    u_ctrl/ntt_mode_reg
  -------------------------------------------------------------------
                         required time                         -1.696    
                         arrival time                           1.907    
  -------------------------------------------------------------------
                         slack                                  0.211    

Slack (MET) :             0.211ns  (arrival time - required time)
  Source:                 u_ctrl/stage_cnt_reg[0]/C
                            (rising edge-triggered cell FDCE clocked by clk  {rise@0.000ns fall@1.500ns period=3.000ns})
  Destination:            u_ctrl/stage_cnt_reg[2]/D
                            (rising edge-triggered cell FDCE clocked by clk  {rise@0.000ns fall@1.500ns period=3.000ns})
  Path Group:             clk
  Path Type:              Hold (Min at Fast Process Corner)
  Requirement:            0.000ns  (clk rise@0.000ns - clk rise@0.000ns)
  Data Path Delay:        0.286ns  (logic 0.130ns (45.393%)  route 0.156ns (54.607%))
  Logic Levels:           1  (LUT4=1)
  Clock Path Skew:        0.000ns (DCD - SCD - CPR)
    Destination Clock Delay (DCD):    2.181ns
    Source Clock Delay      (SCD):    1.642ns
    Clock Pessimism Removal (CPR):    0.539ns

    Location             Delay type                Incr(ns)  Path(ns)    Netlist Resource(s)
  -------------------------------------------------------------------    -------------------
                         (clock clk rise edge)        0.000     0.000 r  
    V20                                               0.000     0.000 r  clk (IN)
                         net (fo=0)                   0.000     0.000    clk
    V20                  IBUF (Prop_ibuf_I_O)         0.093     0.093 r  clk_IBUF_inst/O
                         net (fo=1, routed)           0.891     0.984    clk_IBUF
    BUFGCTRL_X0Y0        BUFG (Prop_bufg_I_O)         0.026     1.010 r  clk_IBUF_BUFG_inst/O
                         net (fo=845, routed)         0.632     1.642    u_ctrl/clk_IBUF_BUFG
    SLICE_X13Y58         FDCE                                         r  u_ctrl/stage_cnt_reg[0]/C
  -------------------------------------------------------------------    -------------------
    SLICE_X13Y58         FDCE (Prop_fdce_C_Q)         0.100     1.742 r  u_ctrl/stage_cnt_reg[0]/Q
                         net (fo=8, routed)           0.156     1.898    u_ctrl/stage_cnt_reg_n_0_[0]
    SLICE_X13Y58         LUT4 (Prop_lut4_I2_O)        0.030     1.928 r  u_ctrl/stage_cnt[2]_i_2/O
                         net (fo=1, routed)           0.000     1.928    u_ctrl/stage_cnt[2]_i_2_n_0
    SLICE_X13Y58         FDCE                                         r  u_ctrl/stage_cnt_reg[2]/D
  -------------------------------------------------------------------    -------------------

                         (clock clk rise edge)        0.000     0.000 r  
    V20                                               0.000     0.000 r  clk (IN)
                         net (fo=0)                   0.000     0.000    clk
    V20                  IBUF (Prop_ibuf_I_O)         0.341     0.341 r  clk_IBUF_inst/O
                         net (fo=1, routed)           0.958     1.299    clk_IBUF
    BUFGCTRL_X0Y0        BUFG (Prop_bufg_I_O)         0.030     1.329 r  clk_IBUF_BUFG_inst/O
                         net (fo=845, routed)         0.852     2.181    u_ctrl/clk_IBUF_BUFG
    SLICE_X13Y58         FDCE                                         r  u_ctrl/stage_cnt_reg[2]/C
                         clock pessimism             -0.539     1.642    
    SLICE_X13Y58         FDCE (Hold_fdce_C_D)         0.075     1.717    u_ctrl/stage_cnt_reg[2]
  -------------------------------------------------------------------
                         required time                         -1.717    
                         arrival time                           1.928    
  -------------------------------------------------------------------
                         slack                                  0.211    





Pulse Width Checks
--------------------------------------------------------------------------------------
Clock Name:         clk
Waveform(ns):       { 0.000 1.500 }
Period(ns):         3.000
Sources:            { clk }

Check Type        Corner  Lib Pin     Reference Pin  Required(ns)  Actual(ns)  Slack(ns)  Location       Pin
Min Period        n/a     BUFG/I      n/a            1.408         3.000       1.592      BUFGCTRL_X0Y0  clk_IBUF_BUFG_inst/I
Min Period        n/a     FDCE/C      n/a            0.750         3.000       2.250      SLICE_X43Y39   seq_cnt_reg[1]_replica_1/C
Min Period        n/a     FDCE/C      n/a            0.750         3.000       2.250      SLICE_X9Y60    u_ctrl/FSM_sequential_state_reg[2]/C
Min Period        n/a     FDCE/C      n/a            0.750         3.000       2.250      SLICE_X29Y39   u_ctrl/b_cnt_reg[3]/C
Min Period        n/a     FDCE/C      n/a            0.750         3.000       2.250      SLICE_X13Y65   u_ctrl/b_limit_reg[6]/C
Min Period        n/a     FDCE/C      n/a            0.750         3.000       2.250      SLICE_X13Y64   u_ctrl/b_limit_reg[7]/C
Min Period        n/a     FDCE/C      n/a            0.750         3.000       2.250      SLICE_X39Y38   u_ctrl/delta_idx_reg[0]_replica_2/C
Min Period        n/a     FDCE/C      n/a            0.750         3.000       2.250      SLICE_X15Y71   u_ctrl/load_cnt_reg[1]/C
Min Period        n/a     FDCE/C      n/a            0.750         3.000       2.250      SLICE_X14Y71   u_ctrl/load_cnt_reg[3]/C
Min Period        n/a     FDCE/C      n/a            0.750         3.000       2.250      SLICE_X13Y58   u_ctrl/stage_cnt_reg[2]/C
Low Pulse Width   Slow    RAMD32/CLK  n/a            0.768         1.500       0.732      SLICE_X46Y41   u_membanks/gen_banks[0].mem_reg_0_15_0_5/RAMA/CLK
Low Pulse Width   Fast    RAMD32/CLK  n/a            0.768         1.500       0.732      SLICE_X46Y41   u_membanks/gen_banks[0].mem_reg_0_15_0_5/RAMA/CLK
Low Pulse Width   Slow    RAMD32/CLK  n/a            0.768         1.500       0.732      SLICE_X46Y41   u_membanks/gen_banks[0].mem_reg_0_15_0_5/RAMA_D1/CLK
Low Pulse Width   Fast    RAMD32/CLK  n/a            0.768         1.500       0.732      SLICE_X46Y41   u_membanks/gen_banks[0].mem_reg_0_15_0_5/RAMA_D1/CLK
Low Pulse Width   Slow    RAMD32/CLK  n/a            0.768         1.500       0.732      SLICE_X46Y41   u_membanks/gen_banks[0].mem_reg_0_15_0_5/RAMB/CLK
Low Pulse Width   Fast    RAMD32/CLK  n/a            0.768         1.500       0.732      SLICE_X46Y41   u_membanks/gen_banks[0].mem_reg_0_15_0_5/RAMB/CLK
Low Pulse Width   Slow    RAMD32/CLK  n/a            0.768         1.500       0.732      SLICE_X46Y41   u_membanks/gen_banks[0].mem_reg_0_15_0_5/RAMB_D1/CLK
Low Pulse Width   Fast    RAMD32/CLK  n/a            0.768         1.500       0.732      SLICE_X46Y41   u_membanks/gen_banks[0].mem_reg_0_15_0_5/RAMB_D1/CLK
Low Pulse Width   Slow    RAMD32/CLK  n/a            0.768         1.500       0.732      SLICE_X46Y41   u_membanks/gen_banks[0].mem_reg_0_15_0_5/RAMC/CLK
Low Pulse Width   Fast    RAMD32/CLK  n/a            0.768         1.500       0.732      SLICE_X46Y41   u_membanks/gen_banks[0].mem_reg_0_15_0_5/RAMC/CLK
High Pulse Width  Slow    RAMD32/CLK  n/a            0.768         1.500       0.732      SLICE_X46Y41   u_membanks/gen_banks[0].mem_reg_0_15_0_5/RAMA/CLK
High Pulse Width  Fast    RAMD32/CLK  n/a            0.768         1.500       0.732      SLICE_X46Y41   u_membanks/gen_banks[0].mem_reg_0_15_0_5/RAMA/CLK
High Pulse Width  Slow    RAMD32/CLK  n/a            0.768         1.500       0.732      SLICE_X46Y41   u_membanks/gen_banks[0].mem_reg_0_15_0_5/RAMA_D1/CLK
High Pulse Width  Fast    RAMD32/CLK  n/a            0.768         1.500       0.732      SLICE_X46Y41   u_membanks/gen_banks[0].mem_reg_0_15_0_5/RAMA_D1/CLK
High Pulse Width  Slow    RAMD32/CLK  n/a            0.768         1.500       0.732      SLICE_X46Y41   u_membanks/gen_banks[0].mem_reg_0_15_0_5/RAMB/CLK
High Pulse Width  Fast    RAMD32/CLK  n/a            0.768         1.500       0.732      SLICE_X46Y41   u_membanks/gen_banks[0].mem_reg_0_15_0_5/RAMB/CLK
High Pulse Width  Slow    RAMD32/CLK  n/a            0.768         1.500       0.732      SLICE_X46Y41   u_membanks/gen_banks[0].mem_reg_0_15_0_5/RAMB_D1/CLK
High Pulse Width  Fast    RAMD32/CLK  n/a            0.768         1.500       0.732      SLICE_X46Y41   u_membanks/gen_banks[0].mem_reg_0_15_0_5/RAMB_D1/CLK
High Pulse Width  Slow    RAMD32/CLK  n/a            0.768         1.500       0.732      SLICE_X46Y41   u_membanks/gen_banks[0].mem_reg_0_15_0_5/RAMC/CLK
High Pulse Width  Fast    RAMD32/CLK  n/a            0.768         1.500       0.732      SLICE_X46Y41   u_membanks/gen_banks[0].mem_reg_0_15_0_5/RAMC/CLK



